timestamp,0
2020-05-31 00:00:00+00:00,0.0
2020-06-01 00:00:00+00:00,0.0
2020-06-02 00:00:00+00:00,0.0
2020-06-03 00:00:00+00:00,0.0
2020-06-04 00:00:00+00:00,0.0
2020-06-05 00:00:00+00:00,0.0
2020-06-06 00:00:00+00:00,0.0
2020-06-07 00:00:00+00:00,0.0
2020-06-08 00:00:00+00:00,0.0
2020-06-09 00:00:00+00:00,0.0
2020-06-10 00:00:00+00:00,0.0
2020-06-11 00:00:00+00:00,0.0
2020-06-12 00:00:00+00:00,0.0
2020-06-13 00:00:00+00:00,0.0
2020-06-14 00:00:00+00:00,0.0
2020-06-15 00:00:00+00:00,0.0
2020-06-16 00:00:00+00:00,0.0
2020-06-17 00:00:00+00:00,0.0
2020-06-18 00:00:00+00:00,0.0
2020-06-19 00:00:00+00:00,0.0
2020-06-20 00:00:00+00:00,0.0
2020-06-21 00:00:00+00:00,0.0
2020-06-22 00:00:00+00:00,0.0
2020-06-23 00:00:00+00:00,0.0
2020-06-24 00:00:00+00:00,0.0
2020-06-25 00:00:00+00:00,0.0
2020-06-26 00:00:00+00:00,0.0
2020-06-27 00:00:00+00:00,0.0
2020-06-28 00:00:00+00:00,0.0
2020-06-29 00:00:00+00:00,0.0
2020-06-30 00:00:00+00:00,0.0
2020-07-01 00:00:00+00:00,0.0
2020-07-02 00:00:00+00:00,0.0
2020-07-03 00:00:00+00:00,0.0
2020-07-04 00:00:00+00:00,0.0
2020-07-05 00:00:00+00:00,0.0
2020-07-06 00:00:00+00:00,0.0
2020-07-07 00:00:00+00:00,0.0
2020-07-08 00:00:00+00:00,0.0
2020-07-09 00:00:00+00:00,0.0
2020-07-10 00:00:00+00:00,0.0
2020-07-11 00:00:00+00:00,0.0
2020-07-12 00:00:00+00:00,0.0
2020-07-13 00:00:00+00:00,0.0
2020-07-14 00:00:00+00:00,0.0
2020-07-15 00:00:00+00:00,0.0
2020-07-16 00:00:00+00:00,0.0
2020-07-17 00:00:00+00:00,0.0
2020-07-18 00:00:00+00:00,0.0
2020-07-19 00:00:00+00:00,0.0
2020-07-20 00:00:00+00:00,0.0
2020-07-21 00:00:00+00:00,0.0
2020-07-22 00:00:00+00:00,0.0
2020-07-23 00:00:00+00:00,0.0
2020-07-24 00:00:00+00:00,0.0
2020-07-25 00:00:00+00:00,0.0
2020-07-26 00:00:00+00:00,0.0
2020-07-27 00:00:00+00:00,0.0
2020-07-28 00:00:00+00:00,0.0
2020-07-29 00:00:00+00:00,0.0
2020-07-30 00:00:00+00:00,0.0
2020-07-31 00:00:00+00:00,0.0
2020-08-01 00:00:00+00:00,0.0
2020-08-02 00:00:00+00:00,0.0
2020-08-03 00:00:00+00:00,0.0
2020-08-04 00:00:00+00:00,0.0
2020-08-05 00:00:00+00:00,0.0
2020-08-06 00:00:00+00:00,0.0
2020-08-07 00:00:00+00:00,0.0
2020-08-08 00:00:00+00:00,0.0
2020-08-09 00:00:00+00:00,0.0
2020-08-10 00:00:00+00:00,0.0
2020-08-11 00:00:00+00:00,0.0
2020-08-12 00:00:00+00:00,0.0
2020-08-13 00:00:00+00:00,0.0
2020-08-14 00:00:00+00:00,0.0
2020-08-15 00:00:00+00:00,0.0
2020-08-16 00:00:00+00:00,0.0
2020-08-17 00:00:00+00:00,0.0
2020-08-18 00:00:00+00:00,0.0
2020-08-19 00:00:00+00:00,0.0
2020-08-20 00:00:00+00:00,0.0
2020-08-21 00:00:00+00:00,0.0
2020-08-22 00:00:00+00:00,0.0
2020-08-23 00:00:00+00:00,0.0
2020-08-24 00:00:00+00:00,0.0
2020-08-25 00:00:00+00:00,0.0
2020-08-26 00:00:00+00:00,0.0
2020-08-27 00:00:00+00:00,0.0
2020-08-28 00:00:00+00:00,0.0
2020-08-29 00:00:00+00:00,0.0
2020-08-30 00:00:00+00:00,0.010683185449503401
2020-08-31 00:00:00+00:00,-0.0019528796890823563
2020-09-01 00:00:00+00:00,0.014047141581810469
2020-09-02 00:00:00+00:00,-0.02902249123284476
2020-09-03 00:00:00+00:00,-0.07755411020500526
2020-09-04 00:00:00+00:00,0.01896530442297022
2020-09-05 00:00:00+00:00,-0.07078958265183251
2020-09-06 00:00:00+00:00,0.04025725875941555
2020-09-07 00:00:00+00:00,0.007964392270543304
2020-09-08 00:00:00+00:00,0.03010560416978287
2020-09-09 00:00:00+00:00,0.003737617851335723
2020-09-10 00:00:00+00:00,-0.026117119922184136
2020-09-11 00:00:00+00:00,0.0019561656707129814
2020-09-12 00:00:00+00:00,0.013512632328261295
2020-09-13 00:00:00+00:00,0.03148268698785022
2020-09-14 00:00:00+00:00,-0.011193439273624189
2020-09-15 00:00:00+00:00,-0.03852268028577436
2020-09-16 00:00:00+00:00,0.010481447823220759
2020-09-17 00:00:00+00:00,-0.014267471614774674
2020-09-18 00:00:00+00:00,0.02971060785889284
2020-09-19 00:00:00+00:00,9.312770718528909e-05
2020-09-20 00:00:00+00:00,0.006831801695691261
2020-09-21 00:00:00+00:00,0.026471890652892297
2020-09-22 00:00:00+00:00,-0.004548312049344957
2020-09-23 00:00:00+00:00,0.02284836746670685
2020-09-24 00:00:00+00:00,-0.04732774346730188
2020-09-25 00:00:00+00:00,-0.04654815713627547
2020-09-26 00:00:00+00:00,-0.020071850161182323
2020-09-27 00:00:00+00:00,0.005089543772029137
2020-09-28 00:00:00+00:00,-0.005381097038131912
2020-09-29 00:00:00+00:00,-0.0016722485778290796
2020-09-30 00:00:00+00:00,0.0016741787617092917
2020-10-01 00:00:00+00:00,-0.010153178927888272
2020-10-02 00:00:00+00:00,0.009991719200978666
2020-10-03 00:00:00+00:00,0.0085088228186304
2020-10-04 00:00:00+00:00,0.000535973609318837
2020-10-05 00:00:00+00:00,0.012332428252951185
2020-10-06 00:00:00+00:00,-0.014870576278666529
2020-10-07 00:00:00+00:00,0.0012257345846614206
2020-10-08 00:00:00+00:00,-0.014046407834815432
2020-10-09 00:00:00+00:00,-0.013883961293208109
2020-10-10 00:00:00+00:00,-0.0026475348042694006
2020-10-11 00:00:00+00:00,-0.0026109365592757224
2020-10-12 00:00:00+00:00,0.013066708948217518
2020-10-13 00:00:00+00:00,0.002802062719412554
2020-10-14 00:00:00+00:00,0.008491388622867057
2020-10-15 00:00:00+00:00,0.015390591077575106
2020-10-16 00:00:00+00:00,-0.03621125913731631
2020-10-17 00:00:00+00:00,-0.019069078419634643
2020-10-18 00:00:00+00:00,0.01979848509097869
2020-10-19 00:00:00+00:00,-0.02073524387885432
2020-10-20 00:00:00+00:00,0.0011314833049359146
2020-10-21 00:00:00+00:00,0.012033870965947291
2020-10-22 00:00:00+00:00,0.009345869923525724
2020-10-23 00:00:00+00:00,0.009863876047455835
2020-10-24 00:00:00+00:00,0.012294352793509605
2020-10-25 00:00:00+00:00,-0.002483650593813334
2020-10-26 00:00:00+00:00,-0.003860436421004122
2020-10-27 00:00:00+00:00,0.033099293157812626
2020-10-28 00:00:00+00:00,-0.01111497792766669
2020-10-29 00:00:00+00:00,0.008574092131715158
2020-10-30 00:00:00+00:00,-0.019638514829432914
2020-10-31 00:00:00+00:00,0.025563455716406072
2020-11-01 00:00:00+00:00,-0.02183611740330006
2020-11-02 00:00:00+00:00,0.0008693277621094285
2020-11-03 00:00:00+00:00,0.023951577539547447
2020-11-04 00:00:00+00:00,0.001134815570533297
2020-11-05 00:00:00+00:00,0.02487196379788347
2020-11-06 00:00:00+00:00,-0.038849536999514586
2020-11-07 00:00:00+00:00,-0.011471908540825377
2020-11-08 00:00:00+00:00,0.009495198091646284
2020-11-09 00:00:00+00:00,0.006514319509763004
2020-11-10 00:00:00+00:00,-0.009149956705898682
2020-11-11 00:00:00+00:00,0.020662792916854078
2020-11-12 00:00:00+00:00,0.004115677465021405
2020-11-13 00:00:00+00:00,0.03513843520308502
2020-11-14 00:00:00+00:00,0.023083015470281146
2020-11-15 00:00:00+00:00,0.02586073776241897
2020-11-16 00:00:00+00:00,0.057422869427951884
2020-11-17 00:00:00+00:00,0.0007895569024534294
2020-11-18 00:00:00+00:00,-0.01085689600893983
2020-11-19 00:00:00+00:00,0.06908211690130946
2020-11-20 00:00:00+00:00,0.057576601477851645
2020-11-21 00:00:00+00:00,0.01034566575321542
2020-11-22 00:00:00+00:00,0.026400631745019255
2020-11-23 00:00:00+00:00,0.10160296887127333
2020-11-24 00:00:00+00:00,0.04322144752024864
2020-11-25 00:00:00+00:00,-0.05812422573696397
2020-11-26 00:00:00+00:00,-0.07276619173483226
2020-11-27 00:00:00+00:00,0.02430240946722267
2020-11-28 00:00:00+00:00,0.0426094202515976
2020-11-29 00:00:00+00:00,0.0019811790046575274
2020-11-30 00:00:00+00:00,0.02982767831736288
2020-12-01 00:00:00+00:00,-0.040775211073779564
2020-12-02 00:00:00+00:00,-0.004032954708695587
2020-12-03 00:00:00+00:00,0.015574000855337987
2020-12-04 00:00:00+00:00,-0.035751952259082315
2020-12-05 00:00:00+00:00,0.03033171503835628
2020-12-06 00:00:00+00:00,0.002674756049278892
2020-12-07 00:00:00+00:00,0.008535003060726005
2020-12-08 00:00:00+00:00,-0.031446391433392715
2020-12-09 00:00:00+00:00,0.010444432337177964
2020-12-10 00:00:00+00:00,-0.008381577912969106
2020-12-11 00:00:00+00:00,-0.00315943485567937
2020-12-12 00:00:00+00:00,0.013929598768971992
2020-12-13 00:00:00+00:00,0.00926244225459164
2020-12-14 00:00:00+00:00,-0.005961762306976825
2020-12-15 00:00:00+00:00,-0.01485813624856527
2020-12-16 00:00:00+00:00,0.03391974647768516
2020-12-17 00:00:00+00:00,0.008481350508308066
2020-12-18 00:00:00+00:00,0.0008669635592411873
2020-12-19 00:00:00+00:00,0.012812297616079977
2020-12-20 00:00:00+00:00,0.01401969747737556
2020-12-21 00:00:00+00:00,-0.01671363529231899
2020-12-22 00:00:00+00:00,0.022017906686289966
2020-12-23 00:00:00+00:00,-0.02605923920911686
2020-12-24 00:00:00+00:00,0.023822672181859544
2020-12-25 00:00:00+00:00,0.01795657968581502
2020-12-26 00:00:00+00:00,0.026632087665655647
2020-12-27 00:00:00+00:00,0.003568659007044794
2020-12-28 00:00:00+00:00,0.026133392894861933
2020-12-29 00:00:00+00:00,0.01087143827635052
2020-12-30 00:00:00+00:00,0.004137066152359772
2020-12-31 00:00:00+00:00,-0.007116667415983085
2021-01-01 00:00:00+00:00,-0.022258739070565487
2021-01-02 00:00:00+00:00,0.07410439376859602
2021-01-03 00:00:00+00:00,0.058299167604835694
2021-01-04 00:00:00+00:00,-0.013712693679382486
2021-01-05 00:00:00+00:00,0.018756396284727066
2021-01-06 00:00:00+00:00,0.02073113297271161
2021-01-07 00:00:00+00:00,-0.01440581969931347
2021-01-08 00:00:00+00:00,0.01144644433356683
2021-01-09 00:00:00+00:00,0.025264044008933277
2021-01-10 00:00:00+00:00,-0.0342092857848326
2021-01-11 00:00:00+00:00,-0.041213857351697095
2021-01-12 00:00:00+00:00,0.014394448361130886
2021-01-13 00:00:00+00:00,0.03066930566830193
2021-01-14 00:00:00+00:00,0.009954166357576275
2021-01-15 00:00:00+00:00,-0.021418580002374527
2021-01-16 00:00:00+00:00,0.039385418587929065
2021-01-17 00:00:00+00:00,0.0009424242109586532
2021-01-18 00:00:00+00:00,-0.001002157465474398
2021-01-19 00:00:00+00:00,-0.023858070537617196
2021-01-20 00:00:00+00:00,0.02153162454309394
2021-01-21 00:00:00+00:00,-0.053411549891215694
2021-01-22 00:00:00+00:00,0.05088942061228698
2021-01-23 00:00:00+00:00,0.01885442392043185
2021-01-24 00:00:00+00:00,0.03483052417809594
2021-01-25 00:00:00+00:00,-0.016781624606404658
2021-01-26 00:00:00+00:00,0.02109588574038213
2021-01-27 00:00:00+00:00,-0.012051727518331643
2021-01-28 00:00:00+00:00,0.07583795996180674
2021-01-29 00:00:00+00:00,0.014635416094607905
2021-01-30 00:00:00+00:00,0.004207140799108863
2021-01-31 00:00:00+00:00,-0.0011693520128494778
2021-02-01 00:00:00+00:00,0.016057902907664276
2021-02-02 00:00:00+00:00,-0.001005490049902843
2021-02-03 00:00:00+00:00,0.023797107886678933
2021-02-04 00:00:00+00:00,0.03572740242223185
2021-02-05 00:00:00+00:00,0.026659795313650123
2021-02-06 00:00:00+00:00,0.004348430893514645
2021-02-07 00:00:00+00:00,0.01509678505278988
2021-02-08 00:00:00+00:00,0.04327828431978879
2021-02-09 00:00:00+00:00,0.025583911801129566
2021-02-10 00:00:00+00:00,0.06231197194005949
2021-02-11 00:00:00+00:00,0.01725704692525778
2021-02-12 00:00:00+00:00,0.015147009449891698
2021-02-13 00:00:00+00:00,0.016927772512765744
2021-02-14 00:00:00+00:00,-0.007304970909343875
2021-02-15 00:00:00+00:00,-0.0034625554322338797
2021-02-16 00:00:00+00:00,-0.0019460578655949453
2021-02-17 00:00:00+00:00,0.021835151060487654
2021-02-18 00:00:00+00:00,-0.0022479595866801328
2021-02-19 00:00:00+00:00,0.03633575994043775
2021-02-20 00:00:00+00:00,-0.013960997622553258
2021-02-21 00:00:00+00:00,0.007825138537232766
2021-02-22 00:00:00+00:00,-0.013692951588585021
2021-02-23 00:00:00+00:00,-0.02699968015564791
2021-02-24 00:00:00+00:00,0.005031338754739534
2021-02-25 00:00:00+00:00,-0.017623851007752708
2021-02-26 00:00:00+00:00,0.005028998673169578
2021-02-27 00:00:00+00:00,0.004430291643794458
2021-02-28 00:00:00+00:00,-0.003956749637816943
2021-03-01 00:00:00+00:00,0.01351533698166661
2021-03-02 00:00:00+00:00,-0.010945154631235585
2021-03-03 00:00:00+00:00,0.010931579615509144
2021-03-04 00:00:00+00:00,-0.013148121760357153
2021-03-05 00:00:00+00:00,-0.0051214532338072155
2021-03-06 00:00:00+00:00,-0.00047972417522076536
2021-03-07 00:00:00+00:00,0.012695516867353648
2021-03-08 00:00:00+00:00,0.006990439384830177
2021-03-09 00:00:00+00:00,0.003145506997782488
2021-03-10 00:00:00+00:00,-0.009564843647767874
2021-03-11 00:00:00+00:00,0.007943609955865636
2021-03-12 00:00:00+00:00,0.0026544317426864606
2021-03-13 00:00:00+00:00,0.02093693715123169
2021-03-14 00:00:00+00:00,-0.017407774232980434
2021-03-15 00:00:00+00:00,-0.030741260029187648
2021-03-16 00:00:00+00:00,0.021401410373896822
2021-03-17 00:00:00+00:00,0.03465345339482005
2021-03-18 00:00:00+00:00,-0.015862528863040546
2021-03-19 00:00:00+00:00,0.019752783574008753
2021-03-20 00:00:00+00:00,-0.007889834515188947
2021-03-21 00:00:00+00:00,-0.004013567171390509
2021-03-22 00:00:00+00:00,-0.018965546117773235
2021-03-23 00:00:00+00:00,0.00014002136197795308
2021-03-24 00:00:00+00:00,-0.030975064116287025
2021-03-25 00:00:00+00:00,-0.006773582884609884
2021-03-26 00:00:00+00:00,0.079095956688834
2021-03-27 00:00:00+00:00,0.016622289513935583
2021-03-28 00:00:00+00:00,-0.0006398908444569395
2021-03-29 00:00:00+00:00,0.019494849949224815
2021-03-30 00:00:00+00:00,0.010968063849685033
2021-03-31 00:00:00+00:00,0.03420894800032351
2021-04-01 00:00:00+00:00,-0.0049356697642920135
2021-04-02 00:00:00+00:00,0.012392392620982651
2021-04-03 00:00:00+00:00,0.004577223471525153
2021-04-04 00:00:00+00:00,0.03259566272528233
2021-04-05 00:00:00+00:00,0.011861722750673423
2021-04-06 00:00:00+00:00,0.008900562151993509
2021-04-07 00:00:00+00:00,-0.018961658751826902
2021-04-08 00:00:00+00:00,0.020318742008369747
2021-04-09 00:00:00+00:00,-0.0017755627883773255
2021-04-10 00:00:00+00:00,0.04340373211647807
2021-04-11 00:00:00+00:00,0.01748419820988414
2021-04-12 00:00:00+00:00,-0.003809591761287937
2021-04-13 00:00:00+00:00,0.027391409044563445
2021-04-14 00:00:00+00:00,-0.0011315740086907992
2021-04-15 00:00:00+00:00,0.0264669395397811
2021-04-16 00:00:00+00:00,0.03984621179938882
2021-04-17 00:00:00+00:00,-0.013346249940112052
2021-04-18 00:00:00+00:00,-0.0013948147665556086
2021-04-19 00:00:00+00:00,0.001534584041188501
2021-04-20 00:00:00+00:00,0.006155211187931649
2021-04-21 00:00:00+00:00,-0.013253746351231272
2021-04-22 00:00:00+00:00,-0.006347152572231384
2021-04-23 00:00:00+00:00,-0.007564160376678833
2021-04-24 00:00:00+00:00,-0.0027079123578825598
2021-04-25 00:00:00+00:00,0.010939951387423725
2021-04-26 00:00:00+00:00,0.023289987242931756
2021-04-27 00:00:00+00:00,0.008087321385992196
2021-04-28 00:00:00+00:00,0.016867739516647943
2021-04-29 00:00:00+00:00,-0.004702027572498291
2021-04-30 00:00:00+00:00,0.0005537433235484519
2021-05-01 00:00:00+00:00,0.022609685767936927
2021-05-02 00:00:00+00:00,-0.00460863245237894
2021-05-03 00:00:00+00:00,0.059708167111511466
2021-05-04 00:00:00+00:00,0.019810412982366517
2021-05-05 00:00:00+00:00,0.057232528098547335
2021-05-06 00:00:00+00:00,0.003768401901834628
2021-05-07 00:00:00+00:00,-0.010056642699297198
2021-05-08 00:00:00+00:00,0.023012061541859235
2021-05-09 00:00:00+00:00,0.006940037260087033
2021-05-10 00:00:00+00:00,-0.03486004348223695
2021-05-11 00:00:00+00:00,0.033974702532969525
2021-05-12 00:00:00+00:00,-0.06582680445669935
2021-05-13 00:00:00+00:00,0.009619080734630572
2021-05-14 00:00:00+00:00,0.020328294855630848
2021-05-15 00:00:00+00:00,-0.02557393226276592
2021-05-16 00:00:00+00:00,0.005193034056876975
2021-05-17 00:00:00+00:00,-0.03169372329560919
2021-05-18 00:00:00+00:00,0.017186976081419947
2021-05-19 00:00:00+00:00,-0.10561674746321258
2021-05-20 00:00:00+00:00,0.05875688626207461
2021-05-21 00:00:00+00:00,-0.01611856122052073
2021-05-22 00:00:00+00:00,-0.016602385173829462
2021-05-23 00:00:00+00:00,-0.01490123526262176
2021-05-24 00:00:00+00:00,-0.011477409243691792
2021-05-25 00:00:00+00:00,-0.0014045675916180666
2021-05-26 00:00:00+00:00,-0.007373227312442072
2021-05-27 00:00:00+00:00,0.0014589254022169605
2021-05-28 00:00:00+00:00,0.008126894439174234
2021-05-29 00:00:00+00:00,-0.0028749415554110177
2021-05-30 00:00:00+00:00,-0.006009577370344508
2021-05-31 00:00:00+00:00,-0.012810354022440887
2021-06-01 00:00:00+00:00,0.003455041698143832
2021-06-02 00:00:00+00:00,-0.015693240229943402
2021-06-03 00:00:00+00:00,-0.01664119892569748
2021-06-04 00:00:00+00:00,0.01812935506212364
2021-06-05 00:00:00+00:00,0.004205490615262315
2021-06-06 00:00:00+00:00,-0.004000951302744572
2021-06-07 00:00:00+00:00,0.010863256244614788
2021-06-08 00:00:00+00:00,0.005784598414435985
2021-06-09 00:00:00+00:00,-0.019238787646183163
2021-06-10 00:00:00+00:00,0.006725292012193009
2021-06-11 00:00:00+00:00,0.0034042466804136196
2021-06-12 00:00:00+00:00,0.005667192682945222
2021-06-13 00:00:00+00:00,-0.020774605250785005
2021-06-14 00:00:00+00:00,-0.013386468905900426
2021-06-15 00:00:00+00:00,0.009488006656472708
2021-06-16 00:00:00+00:00,0.01220294958760052
2021-06-17 00:00:00+00:00,-0.00374419487949493
2021-06-18 00:00:00+00:00,0.016817580008555117
2021-06-19 00:00:00+00:00,0.007272828874107323
2021-06-20 00:00:00+00:00,-0.00693098988512638
2021-06-21 00:00:00+00:00,0.09795948720346834
2021-06-22 00:00:00+00:00,0.004186491893871711
2021-06-23 00:00:00+00:00,-0.04085523456078023
2021-06-24 00:00:00+00:00,-0.01594751607386471
2021-06-25 00:00:00+00:00,0.03761101452136097
2021-06-26 00:00:00+00:00,-0.009152678678700432
2021-06-27 00:00:00+00:00,-0.016434724374328517
2021-06-28 00:00:00+00:00,-0.016120819971681022
2021-06-29 00:00:00+00:00,-0.01951525650702552
2021-06-30 00:00:00+00:00,-0.004184550544070151
2021-07-01 00:00:00+00:00,0.01568367398103012
2021-07-02 00:00:00+00:00,0.002985433454452877
2021-07-03 00:00:00+00:00,-0.008637434729811959
2021-07-04 00:00:00+00:00,-0.010483020799367613
2021-07-05 00:00:00+00:00,0.025088856955889194
2021-07-06 00:00:00+00:00,-0.015519590519352797
2021-07-07 00:00:00+00:00,-0.0009006856519830412
2021-07-08 00:00:00+00:00,0.017593967931166483
2021-07-09 00:00:00+00:00,-0.0049849566238126695
2021-07-10 00:00:00+00:00,0.006237132980150778
2021-07-11 00:00:00+00:00,-0.003905647480482118
2021-07-12 00:00:00+00:00,0.0077299129424864155
2021-07-13 00:00:00+00:00,0.003215610028457928
2021-07-14 00:00:00+00:00,-0.003089518651404687
2021-07-15 00:00:00+00:00,0.014519807340322833
2021-07-16 00:00:00+00:00,0.010389206623952879
2021-07-17 00:00:00+00:00,-0.003350736491367891
2021-07-18 00:00:00+00:00,-0.002692126146399958
2021-07-19 00:00:00+00:00,0.012397329953509312
2021-07-20 00:00:00+00:00,0.016170061456998182
2021-07-21 00:00:00+00:00,-0.04135139791799568
2021-07-22 00:00:00+00:00,-0.015073552842755909
2021-07-23 00:00:00+00:00,-0.010021037492901516
2021-07-24 00:00:00+00:00,-0.011573488980211684
2021-07-25 00:00:00+00:00,-0.004621201547384755
2021-07-26 00:00:00+00:00,-0.014982159025016461
2021-07-27 00:00:00+00:00,-0.02036015417893447
2021-07-28 00:00:00+00:00,-0.017265550154244007
2021-07-29 00:00:00+00:00,-0.014486630066767796
2021-07-30 00:00:00+00:00,-0.008289739892235843
2021-07-31 00:00:00+00:00,-0.012588634071677632
2021-08-01 00:00:00+00:00,-0.008458354537183398
2021-08-02 00:00:00+00:00,-0.00024194319893530342
2021-08-03 00:00:00+00:00,0.007690139168061209
2021-08-04 00:00:00+00:00,-0.008027965386090416
2021-08-05 00:00:00+00:00,-0.011680504557891602
2021-08-06 00:00:00+00:00,-0.02031351009107461
2021-08-07 00:00:00+00:00,-0.06134853410419266
2021-08-08 00:00:00+00:00,0.02535333048867544
2021-08-09 00:00:00+00:00,-0.02031333926945996
2021-08-10 00:00:00+00:00,-0.0124979247735743
2021-08-11 00:00:00+00:00,-0.004792379295080642
2021-08-12 00:00:00+00:00,0.0017890613650472106
2021-08-13 00:00:00+00:00,0.023091989440769456
2021-08-14 00:00:00+00:00,0.021178805349071298
2021-08-15 00:00:00+00:00,-0.016803121520580295
2021-08-16 00:00:00+00:00,-0.027147168031254814
2021-08-17 00:00:00+00:00,-0.027807867032008573
2021-08-18 00:00:00+00:00,0.016282756076434677
2021-08-19 00:00:00+00:00,0.02403623063053714
2021-08-20 00:00:00+00:00,0.026309029518611853
2021-08-21 00:00:00+00:00,0.027007714011666024
2021-08-22 00:00:00+00:00,-0.004257283320378673
2021-08-23 00:00:00+00:00,0.02469320543248547
2021-08-24 00:00:00+00:00,-0.022732821627871675
2021-08-25 00:00:00+00:00,0.014862272668644257
2021-08-26 00:00:00+00:00,-0.050433522631937185
2021-08-27 00:00:00+00:00,0.05816197384991708
2021-08-28 00:00:00+00:00,0.00016191981367354521
2021-08-29 00:00:00+00:00,-0.010053914113169823
2021-08-30 00:00:00+00:00,-0.00974403940975155
2021-08-31 00:00:00+00:00,0.009207114402894399
2021-09-01 00:00:00+00:00,0.031709530575542016
2021-09-02 00:00:00+00:00,0.018774207343336288
2021-09-03 00:00:00+00:00,0.01881057605662435
2021-09-04 00:00:00+00:00,-0.004748526063208347
2021-09-05 00:00:00+00:00,0.004731391423217581
2021-09-06 00:00:00+00:00,0.009692666231752564
2021-09-07 00:00:00+00:00,-0.05936267842867099
2021-09-08 00:00:00+00:00,0.0356314816786608
2021-09-09 00:00:00+00:00,0.01755366653402954
2021-09-10 00:00:00+00:00,-0.02410408806109883
2021-09-11 00:00:00+00:00,0.009526609350883723
2021-09-12 00:00:00+00:00,0.05346486893150515
2021-09-13 00:00:00+00:00,-0.017638445911194862
2021-09-14 00:00:00+00:00,-0.00043482594681567026
2021-09-15 00:00:00+00:00,0.01531313288491669
2021-09-16 00:00:00+00:00,0.0042967887000219685
2021-09-17 00:00:00+00:00,-0.033338003654598984
2021-09-18 00:00:00+00:00,0.01595083274233526
2021-09-19 00:00:00+00:00,-0.003161829661441875
2021-09-20 00:00:00+00:00,-0.06647536047254077
2021-09-21 00:00:00+00:00,-0.02313977704513339
2021-09-22 00:00:00+00:00,0.0659375091890442
2021-09-23 00:00:00+00:00,0.02116977681322075
2021-09-24 00:00:00+00:00,-0.011950209504251609
2021-09-25 00:00:00+00:00,-0.014862067644927639
2021-09-26 00:00:00+00:00,-0.0042691451097429155
2021-09-27 00:00:00+00:00,-0.011593108642503357
2021-09-28 00:00:00+00:00,-0.016482479007038413
2021-09-29 00:00:00+00:00,0.005796469794933663
2021-09-30 00:00:00+00:00,-0.0022762233405115117
2021-10-01 00:00:00+00:00,-0.008810645964843466
2021-10-02 00:00:00+00:00,0.0029320718412206522
2021-10-03 00:00:00+00:00,-0.0016668805666618873
2021-10-04 00:00:00+00:00,-0.0025319952058272224
2021-10-05 00:00:00+00:00,-0.005537908274667673
2021-10-06 00:00:00+00:00,0.017052248966079608
2021-10-07 00:00:00+00:00,-0.007883828374386512
2021-10-08 00:00:00+00:00,0.011374357358320434
2021-10-09 00:00:00+00:00,0.0026089238359475616
2021-10-10 00:00:00+00:00,-0.013566697618480311
2021-10-11 00:00:00+00:00,0.015072069625271415
2021-10-12 00:00:00+00:00,-0.004985990709509214
2021-10-13 00:00:00+00:00,0.016552330047991205
2021-10-14 00:00:00+00:00,-0.003973188893823526
2021-10-15 00:00:00+00:00,0.002595526972124922
2021-10-16 00:00:00+00:00,-0.005183808286212192
2021-10-17 00:00:00+00:00,0.0005490067597061382
2021-10-18 00:00:00+00:00,-0.002329953186696425
2021-10-19 00:00:00+00:00,0.005246794252274354
2021-10-20 00:00:00+00:00,0.020234204957328077
2021-10-21 00:00:00+00:00,-0.013167133848022046
2021-10-22 00:00:00+00:00,-0.0028126984248018363
2021-10-23 00:00:00+00:00,0.012366703672154871
2021-10-24 00:00:00+00:00,-0.005968768667415824
2021-10-25 00:00:00+00:00,0.06701668086061614
2021-10-26 00:00:00+00:00,-0.02114469762165196
2021-10-27 00:00:00+00:00,-0.0065195470235703094
2021-10-28 00:00:00+00:00,0.03221415935554129
2021-10-29 00:00:00+00:00,0.02040318716400323
2021-10-30 00:00:00+00:00,-0.030415877184236016
2021-10-31 00:00:00+00:00,-0.0019442027259279574
2021-11-01 00:00:00+00:00,0.024951861077396713
2021-11-02 00:00:00+00:00,0.025991151756417606
2021-11-03 00:00:00+00:00,-0.0130283878009791
2021-11-04 00:00:00+00:00,-0.013443461301592645
2021-11-05 00:00:00+00:00,-0.007133863354253254
2021-11-06 00:00:00+00:00,0.029244020205193885
2021-11-07 00:00:00+00:00,0.011176073668465163
2021-11-08 00:00:00+00:00,0.018041074285697987
2021-11-09 00:00:00+00:00,-0.013200351681272626
2021-11-10 00:00:00+00:00,-0.01238629550286648
2021-11-11 00:00:00+00:00,0.009205325453212228
2021-11-12 00:00:00+00:00,-0.006311595779929543
2021-11-13 00:00:00+00:00,0.025431773740209482
2021-11-14 00:00:00+00:00,0.014850174839024066
2021-11-15 00:00:00+00:00,-0.013291118801775166
2021-11-16 00:00:00+00:00,-0.03930334316200766
2021-11-17 00:00:00+00:00,0.006871231963466132
2021-11-18 00:00:00+00:00,-0.04571736748610112
2021-11-19 00:00:00+00:00,0.035632748853316125
2021-11-20 00:00:00+00:00,0.009212444705926087
2021-11-21 00:00:00+00:00,-0.0012990002281208482
2021-11-22 00:00:00+00:00,0.018248494253002828
2021-11-23 00:00:00+00:00,-0.0017327642378045759
2021-11-24 00:00:00+00:00,0.0200197732785124
2021-11-25 00:00:00+00:00,-0.0035710100726727484
2021-11-26 00:00:00+00:00,-0.0013723827139274288
2021-11-27 00:00:00+00:00,-0.010057309382750965
2021-11-28 00:00:00+00:00,-0.009255114900537636
2021-11-29 00:00:00+00:00,-0.023575286381183114
2021-11-30 00:00:00+00:00,-0.013194408866702458
2021-12-01 00:00:00+00:00,0.009338451063164933
2021-12-02 00:00:00+00:00,-0.027282950968665252
2021-12-03 00:00:00+00:00,0.01888620769480599
2021-12-04 00:00:00+00:00,0.07565633346966816
2021-12-05 00:00:00+00:00,0.022911929302774997
2021-12-06 00:00:00+00:00,-0.004972478754017021
2021-12-07 00:00:00+00:00,-0.008106611942541525
2021-12-08 00:00:00+00:00,-0.027725894756475997
2021-12-09 00:00:00+00:00,0.06132014360829576
2021-12-10 00:00:00+00:00,0.02408904399944423
2021-12-11 00:00:00+00:00,-0.023361059649420406
2021-12-12 00:00:00+00:00,-0.0073186060119019
2021-12-13 00:00:00+00:00,0.05118439044207936
2021-12-14 00:00:00+00:00,-0.03023336376282638
2021-12-15 00:00:00+00:00,-0.023262779777762026
2021-12-16 00:00:00+00:00,-0.0048936516239276185
2021-12-17 00:00:00+00:00,0.017562584412369478
2021-12-18 00:00:00+00:00,-0.007850227220986241
2021-12-19 00:00:00+00:00,0.004553133162668768
2021-12-20 00:00:00+00:00,0.002185260571924022
2021-12-21 00:00:00+00:00,-0.009649811517270308
2021-12-22 00:00:00+00:00,-0.004757095061027029
2021-12-23 00:00:00+00:00,-0.03351672288262735
2021-12-24 00:00:00+00:00,0.0030498773851324675
2021-12-25 00:00:00+00:00,-0.0021020084285095497
2021-12-26 00:00:00+00:00,0.004970800565198352
2021-12-27 00:00:00+00:00,-0.018620292286805014
2021-12-28 00:00:00+00:00,0.03300416964216135
2021-12-29 00:00:00+00:00,0.01682119012353082
2021-12-30 00:00:00+00:00,0.0010849403908079558
2021-12-31 00:00:00+00:00,0.009040843420867573
2022-01-01 00:00:00+00:00,-0.0016178630287884928
2022-01-02 00:00:00+00:00,-0.01607416875439856
2022-01-03 00:00:00+00:00,0.026165717584720236
2022-01-04 00:00:00+00:00,0.0012866254555945213
2022-01-05 00:00:00+00:00,0.03207403480208459
2022-01-06 00:00:00+00:00,0.006139186513197872
2022-01-07 00:00:00+00:00,0.02048192522660768
2022-01-08 00:00:00+00:00,0.0029414519885564965
2022-01-09 00:00:00+00:00,-0.009123686162147612
2022-01-10 00:00:00+00:00,0.03509833064048458
2022-01-11 00:00:00+00:00,-0.025288550152556388
2022-01-12 00:00:00+00:00,-0.03261264733419724
2022-01-13 00:00:00+00:00,0.022143489084671102
2022-01-14 00:00:00+00:00,-0.015018115174985937
2022-01-15 00:00:00+00:00,-0.01458793795227353
2022-01-16 00:00:00+00:00,-0.0003747777759128282
2022-01-17 00:00:00+00:00,0.01645050599674034
2022-01-18 00:00:00+00:00,-0.0006558646568896047
2022-01-19 00:00:00+00:00,0.012822980590982271
2022-01-20 00:00:00+00:00,0.02341174141371421
2022-01-21 00:00:00+00:00,0.07539025633224387
2022-01-22 00:00:00+00:00,0.056074486203853656
2022-01-23 00:00:00+00:00,-0.013399194378437378
2022-01-24 00:00:00+00:00,0.025773544876773895
2022-01-25 00:00:00+00:00,-0.001487623215129886
2022-01-26 00:00:00+00:00,-0.015014112322884667
2022-01-27 00:00:00+00:00,0.0068598666659730806
2022-01-28 00:00:00+00:00,-0.018093679326975948
2022-01-29 00:00:00+00:00,-0.017173059785474284
2022-01-30 00:00:00+00:00,0.008066652865081509
2022-01-31 00:00:00+00:00,-0.014683785258748269
2022-02-01 00:00:00+00:00,-0.011245651318628381
2022-02-02 00:00:00+00:00,0.017373672566529986
2022-02-03 00:00:00+00:00,-0.014163322467190365
2022-02-04 00:00:00+00:00,-0.03120964908858048
2022-02-05 00:00:00+00:00,-0.004204389538791238
2022-02-06 00:00:00+00:00,-0.016664067496493434
2022-02-07 00:00:00+00:00,-0.03832852135059519
2022-02-08 00:00:00+00:00,0.009705406439682606
2022-02-09 00:00:00+00:00,-0.009100507035282375
2022-02-10 00:00:00+00:00,0.015917917997236502
2022-02-11 00:00:00+00:00,0.029871948939157535
2022-02-12 00:00:00+00:00,0.0015273527668330392
2022-02-13 00:00:00+00:00,0.010467030992110844
2022-02-14 00:00:00+00:00,-0.008397394448070847
2022-02-15 00:00:00+00:00,-0.03464169726441085
2022-02-16 00:00:00+00:00,-0.0001822446589977771
2022-02-17 00:00:00+00:00,0.03483333838833359
2022-02-18 00:00:00+00:00,0.006601394807886578
2022-02-19 00:00:00+00:00,0.00047463137776804253
2022-02-20 00:00:00+00:00,0.017350080328977825
2022-02-21 00:00:00+00:00,0.025966423924291403
2022-02-22 00:00:00+00:00,-0.01605651000450503
2022-02-23 00:00:00+00:00,0.01656671975453451
2022-02-24 00:00:00+00:00,0.001951852114374581
2022-02-25 00:00:00+00:00,-0.026847959763184014
2022-02-26 00:00:00+00:00,0.004649181676432395
2022-02-27 00:00:00+00:00,0.011523588075711789
2022-02-28 00:00:00+00:00,-0.042685934761534594
2022-03-01 00:00:00+00:00,-0.004318531215209784
2022-03-02 00:00:00+00:00,0.013501419658395146
2022-03-03 00:00:00+00:00,0.032025759737070045
2022-03-04 00:00:00+00:00,0.0284906633832417
2022-03-05 00:00:00+00:00,-0.018520922823178906
2022-03-06 00:00:00+00:00,0.014418778516195172
2022-03-07 00:00:00+00:00,0.0300149553654852
2022-03-08 00:00:00+00:00,-0.013072519445539912
2022-03-09 00:00:00+00:00,-0.008473328640801739
2022-03-10 00:00:00+00:00,0.02041378485321554
2022-03-11 00:00:00+00:00,-0.011989395957860383
2022-03-12 00:00:00+00:00,0.005372125596415383
2022-03-13 00:00:00+00:00,0.014664456916195678
2022-03-14 00:00:00+00:00,-0.014316448716031965
2022-03-15 00:00:00+00:00,-0.0042741521871956425
2022-03-16 00:00:00+00:00,-0.018998110421520144
2022-03-17 00:00:00+00:00,-0.0034026504113214054
2022-03-18 00:00:00+00:00,-0.004100888441633518
2022-03-19 00:00:00+00:00,-0.029630269714254982
2022-03-20 00:00:00+00:00,0.012223790536798174
2022-03-21 00:00:00+00:00,-0.01750135782429838
2022-03-22 00:00:00+00:00,-0.013956084717499897
2022-03-23 00:00:00+00:00,-0.026657693130645237
2022-03-24 00:00:00+00:00,-0.0072142267982312665
2022-03-25 00:00:00+00:00,0.008396662763279735
2022-03-26 00:00:00+00:00,-0.0015401912225786315
2022-03-27 00:00:00+00:00,-0.011040785683621874
2022-03-28 00:00:00+00:00,-0.00924887031620782
2022-03-29 00:00:00+00:00,0.009162044611117625
2022-03-30 00:00:00+00:00,0.002455478816341696
2022-03-31 00:00:00+00:00,-0.006544837698631316
2022-04-01 00:00:00+00:00,0.016431337311785886
2022-04-02 00:00:00+00:00,-0.005513172812148986
2022-04-03 00:00:00+00:00,0.001073795525029557
2022-04-04 00:00:00+00:00,-0.017379067828081088
2022-04-05 00:00:00+00:00,-0.028247677322654794
2022-04-06 00:00:00+00:00,-0.04951725903337712
2022-04-07 00:00:00+00:00,0.021878964059190778
2022-04-08 00:00:00+00:00,-0.009592470007733478
2022-04-09 00:00:00+00:00,0.020139216955423252
2022-04-10 00:00:00+00:00,-0.014064687482191498
2022-04-11 00:00:00+00:00,-0.01687218780370536
2022-04-12 00:00:00+00:00,0.020883833406369266
2022-04-13 00:00:00+00:00,-0.009759093508638414
2022-04-14 00:00:00+00:00,-0.0016392026842912118
2022-04-15 00:00:00+00:00,-0.024858033683592493
2022-04-16 00:00:00+00:00,-0.01180261290669252
2022-04-17 00:00:00+00:00,0.029373965856862156
2022-04-18 00:00:00+00:00,0.006570440562198507
2022-04-19 00:00:00+00:00,-0.027617480457422235
2022-04-20 00:00:00+00:00,0.021729371913453355
2022-04-21 00:00:00+00:00,0.031675075386193005
2022-04-22 00:00:00+00:00,-0.016176152214742296
2022-04-23 00:00:00+00:00,0.012734621725645958
2022-04-24 00:00:00+00:00,-0.007245796060303795
2022-04-25 00:00:00+00:00,0.004125122015041051
2022-04-26 00:00:00+00:00,0.03758594180113574
2022-04-27 00:00:00+00:00,-0.01322621352112756
2022-04-28 00:00:00+00:00,-0.001073435201306231
2022-04-29 00:00:00+00:00,0.04109232814621806
2022-04-30 00:00:00+00:00,0.06382373894164321
2022-05-01 00:00:00+00:00,-0.042001730420601485
2022-05-02 00:00:00+00:00,0.008406763544150866
2022-05-03 00:00:00+00:00,-0.00014831094085801
2022-05-04 00:00:00+00:00,-0.07784137004964
2022-05-05 00:00:00+00:00,0.05984261876982659
2022-05-06 00:00:00+00:00,-3.2991108350395316e-05
2022-05-07 00:00:00+00:00,0.022794479599848445
2022-05-08 00:00:00+00:00,0.023842799753420126
2022-05-09 00:00:00+00:00,0.0835206057671698
2022-05-10 00:00:00+00:00,-0.03684922573623744
2022-05-11 00:00:00+00:00,0.0717713431012967
2022-05-12 00:00:00+00:00,0.016352914499547507
2022-05-13 00:00:00+00:00,-0.02187463760782665
2022-05-14 00:00:00+00:00,-0.012163389869391819
2022-05-15 00:00:00+00:00,-0.025883181751977253
2022-05-16 00:00:00+00:00,0.022092731194524408
2022-05-17 00:00:00+00:00,-0.013423653023663653
2022-05-18 00:00:00+00:00,0.026741688716217654
2022-05-19 00:00:00+00:00,-0.007565375109604606
2022-05-20 00:00:00+00:00,0.017097600743257665
2022-05-21 00:00:00+00:00,-0.0064951217783328595
2022-05-22 00:00:00+00:00,-0.009605191139602823
2022-05-23 00:00:00+00:00,0.016577308062607803
2022-05-24 00:00:00+00:00,0.0008809741258004524
2022-05-25 00:00:00+00:00,0.008680575323915135
2022-05-26 00:00:00+00:00,0.021812587320820902
2022-05-27 00:00:00+00:00,0.010389927231653877
2022-05-28 00:00:00+00:00,-0.009955548511473294
2022-05-29 00:00:00+00:00,-0.008403689912406025
2022-05-30 00:00:00+00:00,-0.03981141878058979
2022-05-31 00:00:00+00:00,0.0006918185247629556
2022-06-01 00:00:00+00:00,0.021552863260399784
2022-06-02 00:00:00+00:00,-0.006550201246682649
2022-06-03 00:00:00+00:00,0.01154443068239403
2022-06-04 00:00:00+00:00,-0.007128888424351113
2022-06-05 00:00:00+00:00,-0.0018064072384910812
2022-06-06 00:00:00+00:00,-0.011515899165720229
2022-06-07 00:00:00+00:00,0.010177240598988842
2022-06-08 00:00:00+00:00,0.008694836535791834
2022-06-09 00:00:00+00:00,0.0010322020477712326
2022-06-10 00:00:00+00:00,0.009847434127996503
2022-06-11 00:00:00+00:00,0.019231431877697956
2022-06-12 00:00:00+00:00,0.021202896052535676
2022-06-13 00:00:00+00:00,0.03956225428443415
2022-06-14 00:00:00+00:00,-0.008325041826629513
2022-06-15 00:00:00+00:00,-0.015807484890787617
2022-06-16 00:00:00+00:00,0.04560895281795567
2022-06-17 00:00:00+00:00,-0.016185139287452528
2022-06-18 00:00:00+00:00,0.030240027072828687
2022-06-19 00:00:00+00:00,-0.03434880698354862
2022-06-20 00:00:00+00:00,-0.004208539326586641
2022-06-21 00:00:00+00:00,-0.025657296260321375
2022-06-22 00:00:00+00:00,0.025448497906150936
2022-06-23 00:00:00+00:00,-0.0268010470249308
2022-06-24 00:00:00+00:00,-0.02163538586637341
2022-06-25 00:00:00+00:00,0.0003196068311282776
2022-06-26 00:00:00+00:00,0.01694752070639285
2022-06-27 00:00:00+00:00,-0.005042099640188824
2022-06-28 00:00:00+00:00,0.015112462965243576
2022-06-29 00:00:00+00:00,0.011047487754839543
2022-06-30 00:00:00+00:00,0.0018765932459401894
2022-07-01 00:00:00+00:00,0.00937383244872167
2022-07-02 00:00:00+00:00,-0.008815308589916223
2022-07-03 00:00:00+00:00,0.00016243834086221022
2022-07-04 00:00:00+00:00,-0.01456597546887742
2022-07-05 00:00:00+00:00,0.014406745304713284
2022-07-06 00:00:00+00:00,-0.009612343608988175
2022-07-07 00:00:00+00:00,-0.012011562017175481
2022-07-08 00:00:00+00:00,0.004674516177671779
2022-07-09 00:00:00+00:00,-0.007838021362571364
2022-07-10 00:00:00+00:00,0.020254081015897547
2022-07-11 00:00:00+00:00,0.023334955517035297
2022-07-12 00:00:00+00:00,0.008066151956329893
2022-07-13 00:00:00+00:00,-0.011550994602104795
2022-07-14 00:00:00+00:00,0.00881617975142721
2022-07-15 00:00:00+00:00,-0.009308641771651405
2022-07-16 00:00:00+00:00,-0.017976264941473086
2022-07-17 00:00:00+00:00,-0.011500549920011269
2022-07-18 00:00:00+00:00,-0.03063109438504154
2022-07-19 00:00:00+00:00,-0.032161286131122103
2022-07-20 00:00:00+00:00,0.018955480131443204
2022-07-21 00:00:00+00:00,0.01401154414301077
2022-07-22 00:00:00+00:00,0.005959939478601529
2022-07-23 00:00:00+00:00,-0.0037843936093279232
2022-07-24 00:00:00+00:00,-0.006228887985105999
2022-07-25 00:00:00+00:00,0.03364709149467011
2022-07-26 00:00:00+00:00,-0.0018270151630770054
2022-07-27 00:00:00+00:00,-0.02085009496249528
2022-07-28 00:00:00+00:00,0.009830942802599132
2022-07-29 00:00:00+00:00,-0.004589040053579164
2022-07-30 00:00:00+00:00,-0.0406322562986007
2022-07-31 00:00:00+00:00,-0.0299929226877921
2022-08-01 00:00:00+00:00,-0.001965484732998302
2022-08-02 00:00:00+00:00,-0.009549502535895626
2022-08-03 00:00:00+00:00,0.004285942565985932
2022-08-04 00:00:00+00:00,8.972710003506262e-05
2022-08-05 00:00:00+00:00,-0.011849504984844885
2022-08-06 00:00:00+00:00,0.008284931011849607
2022-08-07 00:00:00+00:00,-0.009009947556002387
2022-08-08 00:00:00+00:00,0.0035909228812055654
2022-08-09 00:00:00+00:00,-0.0021407770363590056
2022-08-10 00:00:00+00:00,0.007831751340463586
2022-08-11 00:00:00+00:00,-0.012692662683540117
2022-08-12 00:00:00+00:00,0.016837612089855084
2022-08-13 00:00:00+00:00,-0.008893955452377351
2022-08-14 00:00:00+00:00,0.02189314872409619
2022-08-15 00:00:00+00:00,-0.010503148744194127
2022-08-16 00:00:00+00:00,0.00696062049458935
2022-08-17 00:00:00+00:00,-0.01634867666163127
2022-08-18 00:00:00+00:00,-0.03541822503397007
2022-08-19 00:00:00+00:00,-0.06472905263734074
2022-08-20 00:00:00+00:00,-0.019319385988746707
2022-08-21 00:00:00+00:00,0.014383286022967672
2022-08-22 00:00:00+00:00,0.03678173995249767
2022-08-23 00:00:00+00:00,0.018413928278427482
2022-08-24 00:00:00+00:00,0.005752931093500479
2022-08-25 00:00:00+00:00,-0.005802974159627341
2022-08-26 00:00:00+00:00,0.006194728022847823
2022-08-27 00:00:00+00:00,-0.004235719880496106
2022-08-28 00:00:00+00:00,-0.0018425887360233768
2022-08-29 00:00:00+00:00,-0.027043525675344352
2022-08-30 00:00:00+00:00,0.002844051540917338
2022-08-31 00:00:00+00:00,0.020890742372754335
2022-09-01 00:00:00+00:00,-0.0011902468628789504
2022-09-02 00:00:00+00:00,0.0038875646948569815
2022-09-03 00:00:00+00:00,-0.008087483643285364
2022-09-04 00:00:00+00:00,-0.014150047863584024
2022-09-05 00:00:00+00:00,0.0013443370772283445
2022-09-06 00:00:00+00:00,0.0362319786104182
2022-09-07 00:00:00+00:00,-0.017520842215607114
2022-09-08 00:00:00+00:00,-0.0014263732877210899
2022-09-09 00:00:00+00:00,-0.04277021745566319
2022-09-10 00:00:00+00:00,-0.015980439336220776
2022-09-11 00:00:00+00:00,0.00013738700130281787
2022-09-12 00:00:00+00:00,-0.023203353920059757
2022-09-13 00:00:00+00:00,-0.015390272374444777
2022-09-14 00:00:00+00:00,0.0006012328222409
2022-09-15 00:00:00+00:00,0.010917905955760346
2022-09-16 00:00:00+00:00,0.010524137733878853
2022-09-17 00:00:00+00:00,-0.013254483686351248
2022-09-18 00:00:00+00:00,0.030554800385273435
2022-09-19 00:00:00+00:00,0.0034041590789435786
2022-09-20 00:00:00+00:00,0.011337251366626628
2022-09-21 00:00:00+00:00,0.003753794245841763
2022-09-22 00:00:00+00:00,0.02701359553277918
2022-09-23 00:00:00+00:00,0.0022072592157714563
2022-09-24 00:00:00+00:00,-0.0007104620782280001
2022-09-25 00:00:00+00:00,0.008220624253828725
2022-09-26 00:00:00+00:00,-0.032739732073608335
2022-09-27 00:00:00+00:00,-0.00042615904049831717
2022-09-28 00:00:00+00:00,-0.0025985593210707124
2022-09-29 00:00:00+00:00,-0.005710501353943396
2022-09-30 00:00:00+00:00,0.002938226611556494
2022-10-01 00:00:00+00:00,0.0004653752550025016
2022-10-02 00:00:00+00:00,0.023183549340279913
2022-10-03 00:00:00+00:00,-0.022681358233321028
2022-10-04 00:00:00+00:00,-0.01944917891634185
2022-10-05 00:00:00+00:00,0.009109094740365446
2022-10-06 00:00:00+00:00,0.009051601119878445
2022-10-07 00:00:00+00:00,0.0014344451505055266
2022-10-08 00:00:00+00:00,0.009206558991091586
2022-10-09 00:00:00+00:00,-0.004911542590860958
2022-10-10 00:00:00+00:00,0.060259572435012836
2022-10-11 00:00:00+00:00,0.012606807202505796
2022-10-12 00:00:00+00:00,0.012983826771320537
2022-10-13 00:00:00+00:00,0.019735483762298257
2022-10-14 00:00:00+00:00,0.02224915826414527
2022-10-15 00:00:00+00:00,0.00791433096001985
2022-10-16 00:00:00+00:00,-0.04062128736485293
2022-10-17 00:00:00+00:00,-0.021697356699441957
2022-10-18 00:00:00+00:00,0.028490953366121372
2022-10-19 00:00:00+00:00,0.059639004463511745
2022-10-20 00:00:00+00:00,-0.00391015111867943
2022-10-21 00:00:00+00:00,-0.012169016986634808
2022-10-22 00:00:00+00:00,-0.007890177493093346
2022-10-23 00:00:00+00:00,-0.013846692548364167
2022-10-24 00:00:00+00:00,0.021073957277559747
2022-10-25 00:00:00+00:00,-0.05132777355287909
2022-10-26 00:00:00+00:00,-0.006942006798163363
2022-10-27 00:00:00+00:00,0.015993993924963715
2022-10-28 00:00:00+00:00,-0.014610653110591742
2022-10-29 00:00:00+00:00,-0.009439906512433056
2022-10-30 00:00:00+00:00,-0.028615597638389313
2022-10-31 00:00:00+00:00,0.0314197129840289
2022-11-01 00:00:00+00:00,0.027845326518969673
2022-11-02 00:00:00+00:00,0.0016146881592747975
2022-11-03 00:00:00+00:00,-0.023580906190858425
2022-11-04 00:00:00+00:00,-0.024647697193465157
2022-11-05 00:00:00+00:00,-0.013087048491065269
2022-11-06 00:00:00+00:00,0.01429932732403976
2022-11-07 00:00:00+00:00,0.009704017471101653
2022-11-08 00:00:00+00:00,0.01669542102440978
2022-11-09 00:00:00+00:00,0.07318553109138581
2022-11-10 00:00:00+00:00,-0.047636480947579336
2022-11-11 00:00:00+00:00,0.024549744147685213
2022-11-12 00:00:00+00:00,0.025828082622310775
2022-11-13 00:00:00+00:00,0.04994725743890792
2022-11-14 00:00:00+00:00,-0.038920161624771986
2022-11-15 00:00:00+00:00,-0.009363851008262033
2022-11-16 00:00:00+00:00,0.00617600427682906
2022-11-17 00:00:00+00:00,0.006873082159651594
2022-11-18 00:00:00+00:00,0.007496020615303094
2022-11-19 00:00:00+00:00,-0.006319958112975514
2022-11-20 00:00:00+00:00,0.026996300024958238
2022-11-21 00:00:00+00:00,0.008787666309770705
2022-11-22 00:00:00+00:00,-0.024872203924021122
2022-11-23 00:00:00+00:00,-0.02354127297261027
2022-11-24 00:00:00+00:00,0.004966159971138729
2022-11-25 00:00:00+00:00,0.0011391058425462694
2022-11-26 00:00:00+00:00,0.006519071262272924
2022-11-27 00:00:00+00:00,-0.008051377703501884
2022-11-28 00:00:00+00:00,0.007027524279651973
2022-11-29 00:00:00+00:00,-0.004162516903444398
2022-11-30 00:00:00+00:00,-0.02426257924766664
2022-12-01 00:00:00+00:00,0.00618663099051904
2022-12-02 00:00:00+00:00,-0.016286342050236127
2022-12-03 00:00:00+00:00,0.011562512388826753
2022-12-04 00:00:00+00:00,-0.008856852062813057
2022-12-05 00:00:00+00:00,0.0012267395848481442
2022-12-06 00:00:00+00:00,-0.008607176691205372
2022-12-07 00:00:00+00:00,0.021837679646944577
2022-12-08 00:00:00+00:00,-0.003034920101483845
2022-12-09 00:00:00+00:00,0.006750547283571122
2022-12-10 00:00:00+00:00,0.0008308238616154201
2022-12-11 00:00:00+00:00,0.012443714804681172
2022-12-12 00:00:00+00:00,0.017761629010292712
2022-12-13 00:00:00+00:00,-0.015223650181767254
2022-12-14 00:00:00+00:00,0.020420600059473933
2022-12-15 00:00:00+00:00,0.00828167303293148
2022-12-16 00:00:00+00:00,0.10037218326863323
2022-12-17 00:00:00+00:00,-0.027167594310839944
2022-12-18 00:00:00+00:00,0.005382670892727999
2022-12-19 00:00:00+00:00,0.04988154104473325
2022-12-20 00:00:00+00:00,-0.03344311570745577
2022-12-21 00:00:00+00:00,0.011667200824143987
2022-12-22 00:00:00+00:00,-0.016404423632833502
2022-12-23 00:00:00+00:00,-0.0034623646347069865
2022-12-24 00:00:00+00:00,0.0014230394260305972
2022-12-25 00:00:00+00:00,0.003634412093094094
2022-12-26 00:00:00+00:00,-0.019741567988366408
2022-12-27 00:00:00+00:00,0.01571826445364167
2022-12-28 00:00:00+00:00,0.02686963860946617
2022-12-29 00:00:00+00:00,0.00298759367882243
2022-12-30 00:00:00+00:00,0.0036688318249595534
2022-12-31 00:00:00+00:00,0.00045258587908008816
2023-01-01 00:00:00+00:00,-0.004776749143675396
2023-01-02 00:00:00+00:00,-0.015839489315576487
2023-01-03 00:00:00+00:00,-0.00020772493602678002
2023-01-04 00:00:00+00:00,-0.014273951266000813
2023-01-05 00:00:00+00:00,-0.005998817791359747
2023-01-06 00:00:00+00:00,-3.219310469652472e-05
2023-01-07 00:00:00+00:00,-0.006687515365629549
2023-01-08 00:00:00+00:00,0.02371897441206603
2023-01-09 00:00:00+00:00,-0.004417384987338746
2023-01-10 00:00:00+00:00,-0.010911108182538078
2023-01-11 00:00:00+00:00,-0.019050131838566246
2023-01-12 00:00:00+00:00,0.013172154290652162
2023-01-13 00:00:00+00:00,0.01594369730989913
2023-01-14 00:00:00+00:00,0.017106134864355454
2023-01-15 00:00:00+00:00,-0.0002678235980487163
2023-01-16 00:00:00+00:00,0.0009647822283310846
2023-01-17 00:00:00+00:00,-0.008480062567463852
2023-01-18 00:00:00+00:00,-0.019377943235447212
2023-01-19 00:00:00+00:00,0.015781404991124685
2023-01-20 00:00:00+00:00,0.11439469936220052
2023-01-21 00:00:00+00:00,-0.014361093118319335
2023-01-22 00:00:00+00:00,0.009854767647152474
2023-01-23 00:00:00+00:00,-0.0032683487824453333
2023-01-24 00:00:00+00:00,-0.036138337588298625
2023-01-25 00:00:00+00:00,0.09032571140346264
2023-01-26 00:00:00+00:00,-0.003442394514083783
2023-01-27 00:00:00+00:00,0.00927434350572554
2023-01-28 00:00:00+00:00,-0.007737790917145345
2023-01-29 00:00:00+00:00,0.016703797282030277
2023-01-30 00:00:00+00:00,-0.017823880875065114
2023-01-31 00:00:00+00:00,0.011861419580334836
2023-02-01 00:00:00+00:00,0.03520132063914362
2023-02-02 00:00:00+00:00,-0.013716746240011181
2023-02-03 00:00:00+00:00,0.0011752244248546026
2023-02-04 00:00:00+00:00,0.004732617916647612
2023-02-05 00:00:00+00:00,-0.01299150796781043
2023-02-06 00:00:00+00:00,-0.005655537599756782
2023-02-07 00:00:00+00:00,0.02679779081765833
2023-02-08 00:00:00+00:00,-0.01962577998304513
2023-02-09 00:00:00+00:00,-0.05685008206908718
2023-02-10 00:00:00+00:00,-0.005145464006182619
2023-02-11 00:00:00+00:00,0.017897720417285785
2023-02-12 00:00:00+00:00,-0.0007154861070680046
2023-02-13 00:00:00+00:00,-0.010521698970663603
2023-02-14 00:00:00+00:00,0.016949028824435695
2023-02-15 00:00:00+00:00,0.03948665978935337
2023-02-16 00:00:00+00:00,-0.02354956272604145
2023-02-17 00:00:00+00:00,0.020459503427377294
2023-02-18 00:00:00+00:00,0.0044035366358552664
2023-02-19 00:00:00+00:00,-0.011181974831534625
2023-02-20 00:00:00+00:00,0.006612279460470582
2023-02-21 00:00:00+00:00,-0.015589473585252587
2023-02-22 00:00:00+00:00,-0.007315001892657505
2023-02-23 00:00:00+00:00,-0.005128780983944161
2023-02-24 00:00:00+00:00,-0.028597828953201763
2023-02-25 00:00:00+00:00,-0.006368652672087179
2023-02-26 00:00:00+00:00,0.022209036333144132
2023-02-27 00:00:00+00:00,-0.004257204744156453
2023-02-28 00:00:00+00:00,-0.01630731846497525
2023-03-01 00:00:00+00:00,0.008669747256167922
2023-03-02 00:00:00+00:00,-0.004284490019396341
2023-03-03 00:00:00+00:00,-0.031162985816748805
2023-03-04 00:00:00+00:00,-0.01642783628973045
2023-03-05 00:00:00+00:00,0.002162407594018651
2023-03-06 00:00:00+00:00,-0.003934793548976099
2023-03-07 00:00:00+00:00,-0.002061076508952874
2023-03-08 00:00:00+00:00,-0.00575719780631186
2023-03-09 00:00:00+00:00,0.011621022535768842
2023-03-10 00:00:00+00:00,0.005280458767071723
2023-03-11 00:00:00+00:00,-0.00037019925861620846
2023-03-12 00:00:00+00:00,-0.025378456299482186
2023-03-13 00:00:00+00:00,-0.020569413513140584
2023-03-14 00:00:00+00:00,-0.004060761927664956
2023-03-15 00:00:00+00:00,0.032988815209152575
2023-03-16 00:00:00+00:00,-0.004590090084671803
2023-03-17 00:00:00+00:00,-0.013498540583353738
2023-03-18 00:00:00+00:00,0.008144934273360166
2023-03-19 00:00:00+00:00,-0.013652720755943896
2023-03-20 00:00:00+00:00,0.02296454910426574
2023-03-21 00:00:00+00:00,-0.009077717447839808
2023-03-22 00:00:00+00:00,-0.011021625237050314
2023-03-23 00:00:00+00:00,-0.0019055337039052826
2023-03-24 00:00:00+00:00,0.003472331721399082
2023-03-25 00:00:00+00:00,0.0021922568581340834
2023-03-26 00:00:00+00:00,0.0031547783606715738
2023-03-27 00:00:00+00:00,-0.008867722340934919
2023-03-28 00:00:00+00:00,0.01104452404826529
2023-03-29 00:00:00+00:00,0.012945248769998734
2023-03-30 00:00:00+00:00,0.01906255603557401
2023-03-31 00:00:00+00:00,0.01247509272458455
2023-04-01 00:00:00+00:00,-0.017063685375610337
2023-04-02 00:00:00+00:00,0.0014855714398465398
2023-04-03 00:00:00+00:00,0.01500650583951234
2023-04-04 00:00:00+00:00,-0.010026261523845947
2023-04-05 00:00:00+00:00,0.00015629260806571715
2023-04-06 00:00:00+00:00,-0.00931944125196965
2023-04-07 00:00:00+00:00,-0.005246234442372991
2023-04-08 00:00:00+00:00,-0.01937718221760073
2023-04-09 00:00:00+00:00,0.014100953475782807
2023-04-10 00:00:00+00:00,0.038337317379207266
2023-04-11 00:00:00+00:00,0.006044776511782428
2023-04-12 00:00:00+00:00,-0.0038799246696851796
2023-04-13 00:00:00+00:00,0.019947939588657072
2023-04-14 00:00:00+00:00,0.022439132789807546
2023-04-15 00:00:00+00:00,0.008138252176489166
2023-04-16 00:00:00+00:00,0.03259220485510432
2023-04-17 00:00:00+00:00,-0.016135577321908384
2023-04-18 00:00:00+00:00,0.017054075811113574
2023-04-19 00:00:00+00:00,-0.07238313589508817
2023-04-20 00:00:00+00:00,-0.026057123312246223
2023-04-21 00:00:00+00:00,-0.042540963516816584
2023-04-22 00:00:00+00:00,0.01828596833996689
2023-04-23 00:00:00+00:00,-0.009321089004078702
2023-04-24 00:00:00+00:00,-0.0034812120342175377
2023-04-25 00:00:00+00:00,0.016436031521303792
2023-04-26 00:00:00+00:00,0.01762741819422492
2023-04-27 00:00:00+00:00,-0.0072788866908253475
2023-04-28 00:00:00+00:00,-0.008686200437474378
2023-04-29 00:00:00+00:00,-0.015815273176714197
2023-04-30 00:00:00+00:00,0.023807819515896177
2023-05-01 00:00:00+00:00,0.004751794809293324
2023-05-02 00:00:00+00:00,-0.011482774536197646
2023-05-03 00:00:00+00:00,-0.014014916207316964
2023-05-04 00:00:00+00:00,0.028654062565303565
2023-05-05 00:00:00+00:00,-0.007390212539947368
2023-05-06 00:00:00+00:00,0.05250925838774768
2023-05-07 00:00:00+00:00,0.00198607655069493
2023-05-08 00:00:00+00:00,0.07099572674964656
2023-05-09 00:00:00+00:00,-0.015352599353500892
2023-05-10 00:00:00+00:00,-0.020030675578592637
2023-05-11 00:00:00+00:00,0.04200083333522776
2023-05-12 00:00:00+00:00,-0.02098719340534798
2023-05-13 00:00:00+00:00,0.01351187244113633
2023-05-14 00:00:00+00:00,-0.004453781769459726
2023-05-15 00:00:00+00:00,-0.005939946610251222
2023-05-16 00:00:00+00:00,-0.0008301036520364053
2023-05-17 00:00:00+00:00,-0.010815671229537093
2023-05-18 00:00:00+00:00,0.001810011496565673
2023-05-19 00:00:00+00:00,-0.004898754249138522
2023-05-20 00:00:00+00:00,0.003278308018016172
2023-05-21 00:00:00+00:00,0.01483980547054942
2023-05-22 00:00:00+00:00,-0.005883575877412792
2023-05-23 00:00:00+00:00,0.004148380913002535
2023-05-24 00:00:00+00:00,0.02424896000854556
2023-05-25 00:00:00+00:00,0.00012749140466260803
2023-05-26 00:00:00+00:00,-0.0043467213832472235
2023-05-27 00:00:00+00:00,-0.006784986811279777
2023-05-28 00:00:00+00:00,-0.020960730110641843
2023-05-29 00:00:00+00:00,0.004303543004738096
2023-05-30 00:00:00+00:00,0.005381180566559457
2023-05-31 00:00:00+00:00,0.00445873769233602
2023-06-01 00:00:00+00:00,-0.0003175546978323736
2023-06-02 00:00:00+00:00,0.011525879296159133
2023-06-03 00:00:00+00:00,-0.006164245661417019
2023-06-04 00:00:00+00:00,-0.030127145832390484
2023-06-05 00:00:00+00:00,0.05619577599157836
2023-06-06 00:00:00+00:00,-0.01826482811652563
2023-06-07 00:00:00+00:00,0.04572945974557691
2023-06-08 00:00:00+00:00,-0.004270576107695733
2023-06-09 00:00:00+00:00,-0.0019361068725180924
2023-06-10 00:00:00+00:00,0.12590078260650367
2023-06-11 00:00:00+00:00,0.009265208767941185
2023-06-12 00:00:00+00:00,-0.016193870178179623
2023-06-13 00:00:00+00:00,-0.004732551429013091
2023-06-14 00:00:00+00:00,0.010781421560816786
2023-06-15 00:00:00+00:00,0.00035864791734352614
2023-06-16 00:00:00+00:00,-0.015878564486930678
2023-06-17 00:00:00+00:00,-0.011218136587515984
2023-06-18 00:00:00+00:00,0.003725640324328182
2023-06-19 00:00:00+00:00,-0.0038817205425266273
2023-06-20 00:00:00+00:00,-0.021253015996879482
2023-06-21 00:00:00+00:00,-0.032070176528282916
2023-06-22 00:00:00+00:00,-0.0029134358261919554
2023-06-23 00:00:00+00:00,-0.020404870999347336
2023-06-24 00:00:00+00:00,-0.006084555194780644
2023-06-25 00:00:00+00:00,-0.032392817450361204
2023-06-26 00:00:00+00:00,0.02568415830515743
2023-06-27 00:00:00+00:00,0.0004681788634658884
2023-06-28 00:00:00+00:00,0.02388005309533078
2023-06-29 00:00:00+00:00,-0.0029577352824314935
2023-06-30 00:00:00+00:00,0.002820834712326326
2023-07-01 00:00:00+00:00,-0.018586533228569516
2023-07-02 00:00:00+00:00,0.006488560310284099
2023-07-03 00:00:00+00:00,-0.01489457219986541
2023-07-04 00:00:00+00:00,0.0006815375545392339
2023-07-05 00:00:00+00:00,0.008544487029694618
2023-07-06 00:00:00+00:00,0.004541531204150069
2023-07-07 00:00:00+00:00,0.0029915377041802647
2023-07-08 00:00:00+00:00,-0.005675169649213335
2023-07-09 00:00:00+00:00,-0.0011709506550239704
2023-07-10 00:00:00+00:00,-0.00262488227232218
2023-07-11 00:00:00+00:00,0.0018374524293660367
2023-07-12 00:00:00+00:00,0.0021831838746153693
2023-07-13 00:00:00+00:00,-0.017644820279761584
2023-07-14 00:00:00+00:00,0.0063802177656259096
2023-07-15 00:00:00+00:00,0.00256177190002894
2023-07-16 00:00:00+00:00,0.0028383445946768442
2023-07-17 00:00:00+00:00,-0.015634517112653703
2023-07-18 00:00:00+00:00,0.01320700751609982
2023-07-19 00:00:00+00:00,0.017146366066545602
2023-07-20 00:00:00+00:00,0.0038569966145848614
2023-07-21 00:00:00+00:00,-0.01663344703837914
2023-07-22 00:00:00+00:00,0.0034241853930817474
2023-07-23 00:00:00+00:00,-0.007898048620560634
2023-07-24 00:00:00+00:00,0.0006937657274094291
2023-07-25 00:00:00+00:00,0.004126515333763645
2023-07-26 00:00:00+00:00,0.0023576422493337577
2023-07-27 00:00:00+00:00,-0.0015640903368561074
2023-07-28 00:00:00+00:00,0.0022154933064660685
2023-07-29 00:00:00+00:00,-0.002433305611195633
2023-07-30 00:00:00+00:00,0.007542781852558387
2023-07-31 00:00:00+00:00,0.0031316394567425672
2023-08-01 00:00:00+00:00,-0.02051671475513695
2023-08-02 00:00:00+00:00,0.0017410078587007953
2023-08-03 00:00:00+00:00,0.015719635779864797
2023-08-04 00:00:00+00:00,0.003414262486683168
2023-08-05 00:00:00+00:00,0.01567658315806073
2023-08-06 00:00:00+00:00,-0.020853856346730912
2023-08-07 00:00:00+00:00,0.013123893188568107
2023-08-08 00:00:00+00:00,-0.027438721780675055
2023-08-09 00:00:00+00:00,-0.022673197923473744
2023-08-10 00:00:00+00:00,0.008114669451166066
2023-08-11 00:00:00+00:00,0.0028167952482283337
2023-08-12 00:00:00+00:00,0.009553164363372708
2023-08-13 00:00:00+00:00,-0.008667993113416761
2023-08-14 00:00:00+00:00,0.0028035566211213336
2023-08-15 00:00:00+00:00,0.05163978606433822
2023-08-16 00:00:00+00:00,0.023531958986812984
2023-08-17 00:00:00+00:00,0.05311854966313017
2023-08-18 00:00:00+00:00,-0.016477594771535334
2023-08-19 00:00:00+00:00,-0.02304513689375868
2023-08-20 00:00:00+00:00,-0.010435256017767104
2023-08-21 00:00:00+00:00,0.02624414738418227
2023-08-22 00:00:00+00:00,0.006106235193825636
2023-08-23 00:00:00+00:00,-0.010433389510015026
2023-08-24 00:00:00+00:00,0.013425728274078473
2023-08-25 00:00:00+00:00,0.005719673855760628
2023-08-26 00:00:00+00:00,-0.0018587897798285635
2023-08-27 00:00:00+00:00,-0.013368590477554947
2023-08-28 00:00:00+00:00,-0.022328603427128155
2023-08-29 00:00:00+00:00,-0.027498535726629282
2023-08-30 00:00:00+00:00,0.026368939684334507
2023-08-31 00:00:00+00:00,0.05209495491031883
2023-09-01 00:00:00+00:00,0.023702528195425565
2023-09-02 00:00:00+00:00,-0.0019017372184534614
2023-09-03 00:00:00+00:00,0.00441301377657466
2023-09-04 00:00:00+00:00,0.006925152515996123
2023-09-05 00:00:00+00:00,-0.014554832573453916
2023-09-06 00:00:00+00:00,0.00702044485302602
2023-09-07 00:00:00+00:00,-0.01043034613943183
2023-09-08 00:00:00+00:00,0.010360072282725367
2023-09-09 00:00:00+00:00,-0.002469209661886813
2023-09-10 00:00:00+00:00,0.04939152995580587
2023-09-11 00:00:00+00:00,0.05300427845089614
2023-09-12 00:00:00+00:00,-0.0228521147413815
2023-09-13 00:00:00+00:00,-0.014154404228150497
2023-09-14 00:00:00+00:00,-0.008695104284414727
2023-09-15 00:00:00+00:00,-0.014179251552014018
2023-09-16 00:00:00+00:00,-0.009183748116812203
2023-09-17 00:00:00+00:00,0.018259856757771174
2023-09-18 00:00:00+00:00,0.00339135852570911
2023-09-19 00:00:00+00:00,-0.0071144868566811684
2023-09-20 00:00:00+00:00,0.010232846901536035
2023-09-21 00:00:00+00:00,0.008071930237955672
2023-09-22 00:00:00+00:00,-0.011098462481480427
2023-09-23 00:00:00+00:00,-0.011379586475547215
2023-09-24 00:00:00+00:00,0.016388078205746615
2023-09-25 00:00:00+00:00,-0.015014349861454418
2023-09-26 00:00:00+00:00,-0.003934321344747791
2023-09-27 00:00:00+00:00,0.017582802953363844
2023-09-28 00:00:00+00:00,-0.03223033422113318
2023-09-29 00:00:00+00:00,-0.0015278679500359237
2023-09-30 00:00:00+00:00,-0.007649418279343853
2023-10-01 00:00:00+00:00,-0.04028894942047516
2023-10-02 00:00:00+00:00,0.00047092590554036423
2023-10-03 00:00:00+00:00,0.0007140575621014587
2023-10-04 00:00:00+00:00,-0.004889581132976051
2023-10-05 00:00:00+00:00,0.0009344430363322413
2023-10-06 00:00:00+00:00,-0.01715333624913754
2023-10-07 00:00:00+00:00,0.007390453567791708
2023-10-08 00:00:00+00:00,0.003140589564273454
2023-10-09 00:00:00+00:00,0.035706912616727246
2023-10-10 00:00:00+00:00,-0.0010857100616527794
2023-10-11 00:00:00+00:00,0.014255512876463892
2023-10-12 00:00:00+00:00,0.0012565504706265412
2023-10-13 00:00:00+00:00,-0.00818227615527085
2023-10-14 00:00:00+00:00,-0.0065341015804083
2023-10-15 00:00:00+00:00,-0.004426954665454133
2023-10-16 00:00:00+00:00,-0.004750668994528363
2023-10-17 00:00:00+00:00,0.026761148329361405
2023-10-18 00:00:00+00:00,0.0029040465389334955
2023-10-19 00:00:00+00:00,-0.0007810691441709371
2023-10-20 00:00:00+00:00,-0.004714400442953779
2023-10-21 00:00:00+00:00,-0.02374502467671004
2023-10-22 00:00:00+00:00,-0.012524172272730302
2023-10-23 00:00:00+00:00,-0.020572872831783495
2023-10-24 00:00:00+00:00,-0.003275484590815447
2023-10-25 00:00:00+00:00,0.011136192018811006
2023-10-26 00:00:00+00:00,-0.01667673933652244
2023-10-27 00:00:00+00:00,0.021791712287155904
2023-10-28 00:00:00+00:00,-0.008186044827338392
2023-10-29 00:00:00+00:00,0.03727267620334072
2023-10-30 00:00:00+00:00,-0.008783932729871371
2023-10-31 00:00:00+00:00,0.014910115649469846
2023-11-01 00:00:00+00:00,0.022533845945525034
2023-11-02 00:00:00+00:00,-0.02253757640733956
2023-11-03 00:00:00+00:00,-0.009729578388195
2023-11-04 00:00:00+00:00,0.009247568621541406
2023-11-05 00:00:00+00:00,0.028289120128776147
2023-11-06 00:00:00+00:00,0.024686459673513777
2023-11-07 00:00:00+00:00,-0.0336734509960273
2023-11-08 00:00:00+00:00,0.016589568057977025
2023-11-09 00:00:00+00:00,0.03663392648247371
2023-11-10 00:00:00+00:00,0.031193986376525477
2023-11-11 00:00:00+00:00,-0.008131903550724622
2023-11-12 00:00:00+00:00,0.004420393195922066
2023-11-13 00:00:00+00:00,-0.07118747071425943
2023-11-14 00:00:00+00:00,-0.009385800544495367
2023-11-15 00:00:00+00:00,0.0639284367176717
2023-11-16 00:00:00+00:00,-0.04570119414625115
2023-11-17 00:00:00+00:00,-0.0074512997821333336
2023-11-18 00:00:00+00:00,-0.0002544498004742611
2023-11-19 00:00:00+00:00,0.025582664757422026
2023-11-20 00:00:00+00:00,-0.007155904486008135
2023-11-21 00:00:00+00:00,-0.0755209875565293
2023-11-22 00:00:00+00:00,0.07792285012536669
2023-11-23 00:00:00+00:00,-0.005502798612921538
2023-11-24 00:00:00+00:00,0.018580880279327864
2023-11-25 00:00:00+00:00,0.006036890552623194
2023-11-26 00:00:00+00:00,-0.009019027132447484
2023-11-27 00:00:00+00:00,-0.020591990236368967
2023-11-28 00:00:00+00:00,0.02321198220355418
2023-11-29 00:00:00+00:00,-0.01753836161284797
2023-11-30 00:00:00+00:00,0.005478448856427345
2023-12-01 00:00:00+00:00,0.01597108387276987
2023-12-02 00:00:00+00:00,0.016989115715696165
2023-12-03 00:00:00+00:00,0.019730755928096942
2023-12-04 00:00:00+00:00,0.029312858157566048
2023-12-05 00:00:00+00:00,0.007698561830055095
2023-12-06 00:00:00+00:00,-0.004729548573323477
2023-12-07 00:00:00+00:00,-0.0038186280384650915
2023-12-08 00:00:00+00:00,0.03300924312629667
2023-12-09 00:00:00+00:00,-0.0018516882501367505
2023-12-10 00:00:00+00:00,0.015517552674363812
2023-12-11 00:00:00+00:00,-0.03645128113779027
2023-12-12 00:00:00+00:00,-0.003240313232848675
2023-12-13 00:00:00+00:00,0.016235160539938936
2023-12-14 00:00:00+00:00,0.006803271876932488
2023-12-15 00:00:00+00:00,-0.01986385382746724
2023-12-16 00:00:00+00:00,0.026730185239797075
2023-12-17 00:00:00+00:00,-0.01483256104089242
2023-12-18 00:00:00+00:00,0.016520739424642498
2023-12-19 00:00:00+00:00,-0.008724144466576846
2023-12-20 00:00:00+00:00,0.021401557966012664
2023-12-21 00:00:00+00:00,0.018284012229944645
2023-12-22 00:00:00+00:00,-0.013141964411317295
2023-12-23 00:00:00+00:00,0.023469301666858983
2023-12-24 00:00:00+00:00,-0.015736290394274512
2023-12-25 00:00:00+00:00,0.018810861570389477
2023-12-26 00:00:00+00:00,0.006163072224500426
2023-12-27 00:00:00+00:00,0.013384063430183406
2023-12-28 00:00:00+00:00,-0.018728329240470104
2023-12-29 00:00:00+00:00,-0.001840894214066817
2023-12-30 00:00:00+00:00,-0.00913858923410054
2023-12-31 00:00:00+00:00,-0.0035364536241154236
2024-01-01 00:00:00+00:00,0.04266280073682453
2024-01-02 00:00:00+00:00,0.0073656278441471485
2024-01-03 00:00:00+00:00,-0.017306057021052573
2024-01-04 00:00:00+00:00,0.010520518046243103
2024-01-05 00:00:00+00:00,-0.01063877542860601
2024-01-06 00:00:00+00:00,-0.04109707328901492
2024-01-07 00:00:00+00:00,-0.017066149185120134
2024-01-08 00:00:00+00:00,0.04406744444085936
2024-01-09 00:00:00+00:00,0.014216256289592454
2024-01-10 00:00:00+00:00,0.027079923829270228
2024-01-11 00:00:00+00:00,0.006802803777696021
2024-01-12 00:00:00+00:00,-0.0166961722240714
2024-01-13 00:00:00+00:00,0.013844359729259173
2024-01-14 00:00:00+00:00,-0.021883557154254014
2024-01-15 00:00:00+00:00,0.01915577913882543
2024-01-16 00:00:00+00:00,0.01988490355698473
2024-01-17 00:00:00+00:00,-0.014905242171808199
2024-01-18 00:00:00+00:00,-0.030068453632183766
2024-01-19 00:00:00+00:00,0.007721846672531361
2024-01-20 00:00:00+00:00,-0.006694080624238741
2024-01-21 00:00:00+00:00,0.0010138312411126784
2024-01-22 00:00:00+00:00,-0.02234894758221891
2024-01-23 00:00:00+00:00,-0.001015267759682325
2024-01-24 00:00:00+00:00,-0.004198329589070961
2024-01-25 00:00:00+00:00,0.010474516878578616
2024-01-26 00:00:00+00:00,-0.0012268105312034912
2024-01-27 00:00:00+00:00,-0.009445879622255512
2024-01-28 00:00:00+00:00,-0.00038312712354713415
2024-01-29 00:00:00+00:00,0.010376094864878376
2024-01-30 00:00:00+00:00,0.004406993334371941
2024-01-31 00:00:00+00:00,0.008274001312053414
2024-02-01 00:00:00+00:00,0.006064514893572402
2024-02-02 00:00:00+00:00,0.0018614673555197327
2024-02-03 00:00:00+00:00,-0.011221336137646594
2024-02-04 00:00:00+00:00,0.028215475089958385
2024-02-05 00:00:00+00:00,-0.009632625006440923
2024-02-06 00:00:00+00:00,0.0019380742703373657
2024-02-07 00:00:00+00:00,-0.00990899375503544
2024-02-08 00:00:00+00:00,-0.0019186268831097109
2024-02-09 00:00:00+00:00,0.0009942031771342733
2024-02-10 00:00:00+00:00,0.0032060489843236555
2024-02-11 00:00:00+00:00,-0.007153411113277418
2024-02-12 00:00:00+00:00,0.005504355842884056
2024-02-13 00:00:00+00:00,0.0027442165308366327
2024-02-14 00:00:00+00:00,0.03603075464359203
2024-02-15 00:00:00+00:00,-0.018022223404432575
2024-02-16 00:00:00+00:00,0.0022262350481236995
2024-02-17 00:00:00+00:00,-0.0031211729421413248
2024-02-18 00:00:00+00:00,0.03407683689782193
2024-02-19 00:00:00+00:00,0.027493250142296626
2024-02-20 00:00:00+00:00,-0.010005379107912007
2024-02-21 00:00:00+00:00,0.01153640977570513
2024-02-22 00:00:00+00:00,0.017238900546032335
2024-02-23 00:00:00+00:00,0.03506556833486672
2024-02-24 00:00:00+00:00,0.006203128593924782
2024-02-25 00:00:00+00:00,0.019234066583458165
2024-02-26 00:00:00+00:00,0.03660169040157232
2024-02-27 00:00:00+00:00,0.037951664904225725
2024-02-28 00:00:00+00:00,0.03902022117021764
2024-02-29 00:00:00+00:00,-0.02473350692202087
2024-03-01 00:00:00+00:00,0.1335764835284253
2024-03-02 00:00:00+00:00,0.13040894357850966
2024-03-03 00:00:00+00:00,0.029622813091362065
2024-03-04 00:00:00+00:00,0.06688880971486186
2024-03-05 00:00:00+00:00,-0.06139872414624778
2024-03-06 00:00:00+00:00,0.04127937352723299
2024-03-07 00:00:00+00:00,-0.010618104681033944
2024-03-08 00:00:00+00:00,0.030469104284771568
2024-03-09 00:00:00+00:00,-0.010777885642696149
2024-03-10 00:00:00+00:00,-0.009543606292417727
2024-03-11 00:00:00+00:00,0.017816019607323465
2024-03-12 00:00:00+00:00,-0.0072625440427579145
2024-03-13 00:00:00+00:00,0.033638809250985564
2024-03-14 00:00:00+00:00,0.00881880422032903
2024-03-15 00:00:00+00:00,-0.00741039974398757
2024-03-16 00:00:00+00:00,-0.02720035586203725
2024-03-17 00:00:00+00:00,0.023391539696893362
2024-03-18 00:00:00+00:00,-0.007127699190244732
2024-03-19 00:00:00+00:00,-0.03560418987794679
2024-03-20 00:00:00+00:00,0.0320819632727486
2024-03-21 00:00:00+00:00,-0.03170863799548805
2024-03-22 00:00:00+00:00,-0.0051001161818426234
2024-03-23 00:00:00+00:00,-0.004346106740288844
2024-03-24 00:00:00+00:00,0.010227801530436627
2024-03-25 00:00:00+00:00,0.010867887551407737
2024-03-26 00:00:00+00:00,0.005722610183432289
2024-03-27 00:00:00+00:00,0.004219553962761225
2024-03-28 00:00:00+00:00,0.0035038133187997615
2024-03-29 00:00:00+00:00,0.006026225790824283
2024-03-30 00:00:00+00:00,-0.006798312399525481
2024-03-31 00:00:00+00:00,0.027183329988954903
2024-04-01 00:00:00+00:00,-0.002422823418532285
2024-04-02 00:00:00+00:00,-0.006068750180033296
2024-04-03 00:00:00+00:00,-0.006724600893096901
2024-04-04 00:00:00+00:00,0.009385694328384164
2024-04-05 00:00:00+00:00,-0.004851704494921881
2024-04-06 00:00:00+00:00,0.003181033705294288
2024-04-07 00:00:00+00:00,-0.00401244921298321
2024-04-08 00:00:00+00:00,-0.006197059504663397
2024-04-09 00:00:00+00:00,0.006478607223195434
2024-04-10 00:00:00+00:00,0.010044413266771976
2024-04-11 00:00:00+00:00,0.0009238697664277814
2024-04-12 00:00:00+00:00,-0.013117672981543359
2024-04-13 00:00:00+00:00,-0.03924985044310365
2024-04-14 00:00:00+00:00,-0.013702420022347693
2024-04-15 00:00:00+00:00,-0.0020252252470268745
2024-04-16 00:00:00+00:00,-0.015750103169946076
2024-04-17 00:00:00+00:00,-0.0032525414920522746
2024-04-18 00:00:00+00:00,-0.015145012708189918
2024-04-19 00:00:00+00:00,-0.009059456479846602
2024-04-20 00:00:00+00:00,-0.026993924285887937
2024-04-21 00:00:00+00:00,0.005575839970035133
2024-04-22 00:00:00+00:00,-0.01823595422029306
2024-04-23 00:00:00+00:00,0.020933325510666186
2024-04-24 00:00:00+00:00,0.014871313530181141
2024-04-25 00:00:00+00:00,0.006354731194839798
2024-04-26 00:00:00+00:00,-0.004938827650848567
2024-04-27 00:00:00+00:00,-0.025602333618923345
2024-04-28 00:00:00+00:00,-0.005991618376103317
2024-04-29 00:00:00+00:00,-0.00979668348030098
2024-04-30 00:00:00+00:00,0.020420938202991495
2024-05-01 00:00:00+00:00,-0.015675071092811767
2024-05-02 00:00:00+00:00,0.025972814101497894
2024-05-03 00:00:00+00:00,-0.01589434004193016
2024-05-04 00:00:00+00:00,0.009260351850612497
2024-05-05 00:00:00+00:00,-0.018436080263613965
2024-05-06 00:00:00+00:00,-0.0025102900390769085
2024-05-07 00:00:00+00:00,0.010808875387933348
2024-05-08 00:00:00+00:00,0.0009081943381337417
2024-05-09 00:00:00+00:00,0.004174712988321091
2024-05-10 00:00:00+00:00,0.030639332477400787
2024-05-11 00:00:00+00:00,0.010855382967039943
2024-05-12 00:00:00+00:00,0.004868322184016765
2024-05-13 00:00:00+00:00,0.022805727000405254
2024-05-14 00:00:00+00:00,0.029950497054320502
2024-05-15 00:00:00+00:00,-0.07996471310105101
2024-05-16 00:00:00+00:00,-0.019400137381988872
2024-05-17 00:00:00+00:00,-0.04796924632829753
2024-05-18 00:00:00+00:00,-0.007323647044340735
2024-05-19 00:00:00+00:00,0.03778742119456068
2024-05-20 00:00:00+00:00,-0.059987884879744824
2024-05-21 00:00:00+00:00,-0.01815005058100534
2024-05-22 00:00:00+00:00,0.0070264606661592476
2024-05-23 00:00:00+00:00,0.018826525279393127
2024-05-24 00:00:00+00:00,0.01069934520140498
2024-05-25 00:00:00+00:00,0.0010729413808165395
2024-05-26 00:00:00+00:00,0.012250295766875021
2024-05-27 00:00:00+00:00,-0.003749092971084831
2024-05-28 00:00:00+00:00,-0.0077131728418270195
2024-05-29 00:00:00+00:00,-0.027596272024235143
2024-05-30 00:00:00+00:00,-0.00044110380805130185
2024-05-31 00:00:00+00:00,0.0176785324259465
2024-06-01 00:00:00+00:00,0.006682092674223144
2024-06-02 00:00:00+00:00,0.01292177345576456
2024-06-03 00:00:00+00:00,-0.004407584358988217
2024-06-04 00:00:00+00:00,0.0006087723208500008
2024-06-05 00:00:00+00:00,0.00013345305306099883
2024-06-06 00:00:00+00:00,0.0245993157543814
2024-06-07 00:00:00+00:00,0.03570918207675595
2024-06-08 00:00:00+00:00,0.031089022002349677
2024-06-09 00:00:00+00:00,-0.0085074034341155
2024-06-10 00:00:00+00:00,0.009582135610965084
2024-06-11 00:00:00+00:00,0.016438341081946032
2024-06-12 00:00:00+00:00,-0.016578235980242745
2024-06-13 00:00:00+00:00,0.025691789116616806
2024-06-14 00:00:00+00:00,0.010493817941350712
2024-06-15 00:00:00+00:00,-0.0053335354942359485
2024-06-16 00:00:00+00:00,-0.015083302908993398
2024-06-17 00:00:00+00:00,0.05439001219877069
2024-06-18 00:00:00+00:00,0.0678030470193517
2024-06-19 00:00:00+00:00,-0.016977419078163823
2024-06-20 00:00:00+00:00,-0.0084565850204287
2024-06-21 00:00:00+00:00,-0.005151453057306369
2024-06-22 00:00:00+00:00,-0.005844755831269003
2024-06-23 00:00:00+00:00,0.009266356622317564
2024-06-24 00:00:00+00:00,0.00420927314710111
2024-06-25 00:00:00+00:00,-0.021872706102247126
2024-06-26 00:00:00+00:00,0.007972232751775069
2024-06-27 00:00:00+00:00,-0.02252283921819726
2024-06-28 00:00:00+00:00,0.0012892478827262592
2024-06-29 00:00:00+00:00,0.004564181301500755
2024-06-30 00:00:00+00:00,-0.008557222285229496
2024-07-01 00:00:00+00:00,0.015222598394366505
2024-07-02 00:00:00+00:00,-0.001299840000326909
2024-07-03 00:00:00+00:00,0.015059103613239961
2024-07-04 00:00:00+00:00,0.037981369369372874
2024-07-05 00:00:00+00:00,0.040421442243216754
2024-07-06 00:00:00+00:00,-0.0353245103285602
2024-07-07 00:00:00+00:00,0.012294361830894905
2024-07-08 00:00:00+00:00,-0.009414788597197863
2024-07-09 00:00:00+00:00,-0.00015348949887211016
2024-07-10 00:00:00+00:00,-0.009043598152144235
2024-07-11 00:00:00+00:00,-0.006028126383904113
2024-07-12 00:00:00+00:00,-0.021003825162925857
2024-07-13 00:00:00+00:00,-0.01522917921784007
2024-07-14 00:00:00+00:00,-0.003722736201695132
2024-07-15 00:00:00+00:00,-0.05008682229745748
2024-07-16 00:00:00+00:00,-0.0036590670563794343
2024-07-17 00:00:00+00:00,0.004007265372437136
2024-07-18 00:00:00+00:00,0.0053565471684393585
2024-07-19 00:00:00+00:00,-0.01709967557082798
2024-07-20 00:00:00+00:00,-0.007552658466377466
2024-07-21 00:00:00+00:00,-0.00856686671213139
2024-07-22 00:00:00+00:00,-0.008941247073902047
2024-07-23 00:00:00+00:00,-0.008245293488741963
2024-07-24 00:00:00+00:00,0.0167333759381199
2024-07-25 00:00:00+00:00,0.0014134384772754394
2024-07-26 00:00:00+00:00,0.015097306780196199
2024-07-27 00:00:00+00:00,-0.015582855194247971
2024-07-28 00:00:00+00:00,0.011489377686358786
2024-07-29 00:00:00+00:00,-0.010195236918158405
2024-07-30 00:00:00+00:00,-0.004290293288354407
2024-07-31 00:00:00+00:00,-0.0004463153235672261
2024-08-01 00:00:00+00:00,-0.003182508133342816
2024-08-02 00:00:00+00:00,-0.0037296247226171926
2024-08-03 00:00:00+00:00,0.004432143610974022
2024-08-04 00:00:00+00:00,0.029095741952588558
2024-08-05 00:00:00+00:00,0.04679759494970767
2024-08-06 00:00:00+00:00,-0.045232827949771945
2024-08-07 00:00:00+00:00,0.011605521492128104
2024-08-08 00:00:00+00:00,-0.08327974161039237
2024-08-09 00:00:00+00:00,0.035122711963269784
2024-08-10 00:00:00+00:00,-0.001913865589873532
2024-08-11 00:00:00+00:00,0.035993398524135224
2024-08-12 00:00:00+00:00,-0.026392510022266676
2024-08-13 00:00:00+00:00,-0.004248142165399357
2024-08-14 00:00:00+00:00,0.01190555388688922
2024-08-15 00:00:00+00:00,0.020554934831816536
2024-08-16 00:00:00+00:00,-0.004764519772181386
2024-08-17 00:00:00+00:00,-0.020188148863354106
2024-08-18 00:00:00+00:00,0.002905611737393877
2024-08-19 00:00:00+00:00,-0.010770981638872135
2024-08-20 00:00:00+00:00,0.004540105830332813
2024-08-21 00:00:00+00:00,-0.03119231809674759
2024-08-22 00:00:00+00:00,-0.006204412936560296
2024-08-23 00:00:00+00:00,-0.06455033941478107
2024-08-24 00:00:00+00:00,-0.0213805070340923
2024-08-25 00:00:00+00:00,0.02216653481352029
2024-08-26 00:00:00+00:00,0.017722534505883226
2024-08-27 00:00:00+00:00,-0.0008397349576170714
2024-08-28 00:00:00+00:00,-0.005425194978737043
2024-08-29 00:00:00+00:00,-0.0002459224433358486
2024-08-30 00:00:00+00:00,-0.004923018446930867
2024-08-31 00:00:00+00:00,0.0003540222596724439
2024-09-01 00:00:00+00:00,0.01828441514378122
2024-09-02 00:00:00+00:00,-0.01845793326120041
2024-09-03 00:00:00+00:00,0.01600340207105581
2024-09-04 00:00:00+00:00,-0.009917975904190057
2024-09-05 00:00:00+00:00,0.01259724758625297
2024-09-06 00:00:00+00:00,0.00897208421877853
2024-09-07 00:00:00+00:00,-0.005339548863540152
2024-09-08 00:00:00+00:00,-0.0052184893970140134
2024-09-09 00:00:00+00:00,-0.023303283736557243
2024-09-10 00:00:00+00:00,-0.0074349054394706226
2024-09-11 00:00:00+00:00,0.005672209328308665
2024-09-12 00:00:00+00:00,-0.006937448569838484
2024-09-13 00:00:00+00:00,-0.019176142787377157
2024-09-14 00:00:00+00:00,0.004190283586980361
2024-09-15 00:00:00+00:00,0.020984118637873313
2024-09-16 00:00:00+00:00,0.005633673751280191
2024-09-17 00:00:00+00:00,0.007115242776601051
2024-09-18 00:00:00+00:00,-0.00863771260405458
2024-09-19 00:00:00+00:00,-0.005424696604750919
2024-09-20 00:00:00+00:00,-0.007253944647668833
2024-09-21 00:00:00+00:00,-0.0017951227299969595
2024-09-22 00:00:00+00:00,0.015159048996863675
2024-09-23 00:00:00+00:00,-0.003915339237557798
2024-09-24 00:00:00+00:00,0.01941568708052326
2024-09-25 00:00:00+00:00,-0.0103813625667869
2024-09-26 00:00:00+00:00,-0.014597328917883417
2024-09-27 00:00:00+00:00,-0.0006705901885007631
2024-09-28 00:00:00+00:00,-0.016239750919232136
2024-09-29 00:00:00+00:00,0.01267206075238486
2024-09-30 00:00:00+00:00,-0.04277598577129982
2024-10-01 00:00:00+00:00,-0.04533399563614962
2024-10-02 00:00:00+00:00,-0.03313307149776296
2024-10-03 00:00:00+00:00,-0.05463233466998563
2024-10-04 00:00:00+00:00,0.05992150902647163
2024-10-05 00:00:00+00:00,-0.028718939198810203
2024-10-06 00:00:00+00:00,0.03524019657766768
2024-10-07 00:00:00+00:00,0.0068095999605233305
2024-10-08 00:00:00+00:00,0.0034295427649542565
2024-10-09 00:00:00+00:00,-0.02977965554730349
2024-10-10 00:00:00+00:00,-0.00863662720213209
2024-10-11 00:00:00+00:00,0.028035541225026755
2024-10-12 00:00:00+00:00,0.028745499522844987
2024-10-13 00:00:00+00:00,0.016269421928868634
2024-10-14 00:00:00+00:00,-0.03165230024115444
2024-10-15 00:00:00+00:00,-0.00858509988355022
2024-10-16 00:00:00+00:00,-0.008559729190588084
2024-10-17 00:00:00+00:00,-0.0074561940109740725
2024-10-18 00:00:00+00:00,0.012023787999106984
2024-10-19 00:00:00+00:00,-0.006054253100931513
2024-10-20 00:00:00+00:00,-0.011397845468757203
2024-10-21 00:00:00+00:00,-0.007679518738935052
2024-10-22 00:00:00+00:00,-0.0011581515162579637
2024-10-23 00:00:00+00:00,-0.019980410957992734
2024-10-24 00:00:00+00:00,0.021869952788970744
2024-10-25 00:00:00+00:00,-0.026767429398474832
2024-10-26 00:00:00+00:00,0.0018796247075909584
2024-10-27 00:00:00+00:00,0.011103928984809313
2024-10-28 00:00:00+00:00,0.010712138457394188
2024-10-29 00:00:00+00:00,-0.000978687555507352
2024-10-30 00:00:00+00:00,-0.0023575646508559775
2024-10-31 00:00:00+00:00,-0.0017286336683388622
2024-11-01 00:00:00+00:00,-0.004597658170233807
2024-11-02 00:00:00+00:00,-0.0048893835706992645
2024-11-03 00:00:00+00:00,-0.009659003144052603
2024-11-04 00:00:00+00:00,-0.005778607297786529
2024-11-05 00:00:00+00:00,-0.003935648806573027
2024-11-06 00:00:00+00:00,0.05235906506912447
2024-11-07 00:00:00+00:00,-0.0015311653779601902
2024-11-08 00:00:00+00:00,0.007223818939848909
2024-11-09 00:00:00+00:00,0.01017033057246537
2024-11-10 00:00:00+00:00,0.04246804834344249
2024-11-11 00:00:00+00:00,0.03679322437502815
2024-11-12 00:00:00+00:00,-0.005559636304674003
2024-11-13 00:00:00+00:00,-0.018046268708769624
2024-11-14 00:00:00+00:00,-0.0016979020446718591
2024-11-15 00:00:00+00:00,0.0964154765481367
2024-11-16 00:00:00+00:00,0.11054700609000076
2024-11-17 00:00:00+00:00,-0.013740339471481098
2024-11-18 00:00:00+00:00,0.035548855731383895
2024-11-19 00:00:00+00:00,0.00014927924534653616
2024-11-20 00:00:00+00:00,-0.008569496267912619
2024-11-21 00:00:00+00:00,0.03591483630479118
2024-11-22 00:00:00+00:00,0.07147803787524966
2024-11-23 00:00:00+00:00,0.04012676056021985
2024-11-24 00:00:00+00:00,-0.014856799940047344
2024-11-25 00:00:00+00:00,-0.040051085549001435
2024-11-26 00:00:00+00:00,-0.0031767094570355715
2024-11-27 00:00:00+00:00,0.03309794789456208
2024-11-28 00:00:00+00:00,-0.009903242519622003
2024-11-29 00:00:00+00:00,0.02060541635572814
2024-11-30 00:00:00+00:00,0.013461058936583758
2024-12-01 00:00:00+00:00,0.014010001484339356
2024-12-02 00:00:00+00:00,0.037168202055820096
2024-12-03 00:00:00+00:00,0.09069266696164921
2024-12-04 00:00:00+00:00,-0.006762339106663394
2024-12-05 00:00:00+00:00,-0.0038432915907271998
2024-12-06 00:00:00+00:00,0.03128363060308079
2024-12-07 00:00:00+00:00,-0.013932454997462634
2024-12-08 00:00:00+00:00,0.0041050000366637885
2024-12-09 00:00:00+00:00,-0.07135246318067094
2024-12-10 00:00:00+00:00,-0.013034293724162194
2024-12-11 00:00:00+00:00,0.035326907376183304
2024-12-12 00:00:00+00:00,0.0036123345536745867
2024-12-13 00:00:00+00:00,0.005211059296576252
2024-12-14 00:00:00+00:00,-0.009268996231425585
2024-12-15 00:00:00+00:00,0.01409445098756938
2024-12-16 00:00:00+00:00,-0.004850046212013092
2024-12-17 00:00:00+00:00,-0.008065121390444163
2024-12-18 00:00:00+00:00,-0.028774250699021453
2024-12-19 00:00:00+00:00,-0.026557252932502395
2024-12-20 00:00:00+00:00,0.019684738813900936
2024-12-21 00:00:00+00:00,-0.019623779672529075
2024-12-22 00:00:00+00:00,-0.0017346154062145734
2024-12-23 00:00:00+00:00,0.020763683931126337
2024-12-24 00:00:00+00:00,0.0063187474495139204
2024-12-25 00:00:00+00:00,-0.005640570935042339
2024-12-26 00:00:00+00:00,-0.027391701182635394
2024-12-27 00:00:00+00:00,-0.010247760908401893
2024-12-28 00:00:00+00:00,0.008465835761507088
2024-12-29 00:00:00+00:00,-0.010079596149732618
2024-12-30 00:00:00+00:00,-0.0027928463121516243
2024-12-31 00:00:00+00:00,-0.0012262925068022609
2025-01-01 00:00:00+00:00,-0.0020989894653194252
2025-01-02 00:00:00+00:00,-0.004486236192596777
2025-01-03 00:00:00+00:00,0.007418770750758673
2025-01-04 00:00:00+00:00,-0.0034994820203262415
2025-01-05 00:00:00+00:00,-0.0011223585266497546
2025-01-06 00:00:00+00:00,0.003180159083104105
2025-01-07 00:00:00+00:00,-0.024687062967844287
2025-01-08 00:00:00+00:00,-0.0015783235934182028
2025-01-09 00:00:00+00:00,-0.005135535235364173
2025-01-10 00:00:00+00:00,0.0064254381250844865
2025-01-11 00:00:00+00:00,0.005926279536405409
2025-01-12 00:00:00+00:00,-0.0003362809084469301
2025-01-13 00:00:00+00:00,0.02063151494129513
2025-01-14 00:00:00+00:00,-0.012207772394271845
2025-01-15 00:00:00+00:00,-0.012231244814804478
2025-01-16 00:00:00+00:00,0.023608035339052515
2025-01-17 00:00:00+00:00,-0.0285664730684071
2025-01-18 00:00:00+00:00,0.019268312626155613
2025-01-19 00:00:00+00:00,0.007638121339165287
2025-01-20 00:00:00+00:00,0.029885088986598873
2025-01-21 00:00:00+00:00,-0.012660417058105137
2025-01-22 00:00:00+00:00,0.009978115031286827
2025-01-23 00:00:00+00:00,0.0011493929343165657
2025-01-24 00:00:00+00:00,0.01932132707938122
2025-01-25 00:00:00+00:00,-0.006323056161910662
2025-01-26 00:00:00+00:00,0.007996610057926578
2025-01-27 00:00:00+00:00,0.009957897625003204
2025-01-28 00:00:00+00:00,0.046731303671344294
2025-01-29 00:00:00+00:00,-0.015268471605515343
2025-01-30 00:00:00+00:00,-0.017084314691216636
2025-01-31 00:00:00+00:00,-0.008954436151224581
2025-02-01 00:00:00+00:00,0.05833668684225961
2025-02-02 00:00:00+00:00,0.08082858552937805
2025-02-03 00:00:00+00:00,-0.006941567222005495
2025-02-04 00:00:00+00:00,0.030883441762039915
2025-02-05 00:00:00+00:00,0.013681086445618463
2025-02-06 00:00:00+00:00,0.0370695477245818
2025-02-07 00:00:00+00:00,-0.00723278511663597
2025-02-08 00:00:00+00:00,-0.03993799931341948
2025-02-09 00:00:00+00:00,0.0081475247025954
2025-02-10 00:00:00+00:00,-0.00991595619706663
2025-02-11 00:00:00+00:00,0.009911826380984291
2025-02-12 00:00:00+00:00,-0.029842682831272598
2025-02-13 00:00:00+00:00,0.010997867462470496
2025-02-14 00:00:00+00:00,-0.032571187316346346
2025-02-15 00:00:00+00:00,0.01543267622600543
2025-02-16 00:00:00+00:00,0.006901611424313996
2025-02-17 00:00:00+00:00,-0.009333648830994065
2025-02-18 00:00:00+00:00,0.02348086592816876
2025-02-19 00:00:00+00:00,-0.006196314230302281
2025-02-20 00:00:00+00:00,-0.015242697252551517
2025-02-21 00:00:00+00:00,0.01058706434521403
2025-02-22 00:00:00+00:00,-0.01662955667952422
2025-02-23 00:00:00+00:00,0.0013982080309514274
2025-02-24 00:00:00+00:00,0.04383864858388285
2025-02-25 00:00:00+00:00,-0.003304698216798999
2025-02-26 00:00:00+00:00,0.02260749170923638
2025-02-27 00:00:00+00:00,-0.008041101751330024
2025-02-28 00:00:00+00:00,0.005166336616024888
2025-03-01 00:00:00+00:00,-0.009926662327470038
2025-03-02 00:00:00+00:00,-0.06657233246902836
2025-03-03 00:00:00+00:00,0.06026476240617493
2025-03-04 00:00:00+00:00,-0.003173442712237454
2025-03-05 00:00:00+00:00,-0.016449362757380317
2025-03-06 00:00:00+00:00,0.0017244086338848842
2025-03-07 00:00:00+00:00,-0.0018609220723507256
2025-03-08 00:00:00+00:00,0.0012672200513833018
2025-03-09 00:00:00+00:00,0.04009355414189202
2025-03-10 00:00:00+00:00,0.02034781691501154
2025-03-11 00:00:00+00:00,-0.02107564412783339
2025-03-12 00:00:00+00:00,-0.009595615437973614
2025-03-13 00:00:00+00:00,0.001761709424880187
2025-03-14 00:00:00+00:00,-0.013348571395586376
2025-03-15 00:00:00+00:00,-0.024717543224437345
2025-03-16 00:00:00+00:00,0.012812451162584483
2025-03-17 00:00:00+00:00,-0.008826486838228478
2025-03-18 00:00:00+00:00,-0.0074934872280556395
2025-03-19 00:00:00+00:00,-0.011878846037282054
2025-03-20 00:00:00+00:00,0.012549666855146836
2025-03-21 00:00:00+00:00,0.015821273271142057
2025-03-22 00:00:00+00:00,-0.0030557649841603716
2025-03-23 00:00:00+00:00,0.00028715993492358326
2025-03-24 00:00:00+00:00,-0.01678027212442927
2025-03-25 00:00:00+00:00,-0.007940860401672406
2025-03-26 00:00:00+00:00,-0.0019090890910853297
2025-03-27 00:00:00+00:00,0.0049935976909731596
2025-03-28 00:00:00+00:00,0.015201718095024007
2025-03-29 00:00:00+00:00,0.010342730815931397
2025-03-30 00:00:00+00:00,0.004581289692768827
2025-03-31 00:00:00+00:00,0.009011077930913398
2025-04-01 00:00:00+00:00,-0.0017964444921644933
2025-04-02 00:00:00+00:00,0.028849149817018006
2025-04-03 00:00:00+00:00,-0.005224228025898918
2025-04-04 00:00:00+00:00,0.008009486117551971
2025-04-05 00:00:00+00:00,0.00046556590189062184
2025-04-06 00:00:00+00:00,0.06338752668768428
2025-04-07 00:00:00+00:00,-0.0035424713331216992
2025-04-08 00:00:00+00:00,0.019460333046099804
2025-04-09 00:00:00+00:00,-0.028088257520907673
2025-04-10 00:00:00+00:00,0.03236575959374111
2025-04-11 00:00:00+00:00,-0.01058579416167578
2025-04-12 00:00:00+00:00,-0.01651625547084741
2025-04-13 00:00:00+00:00,0.008502622367728975
2025-04-14 00:00:00+00:00,0.004246873956234571
2025-04-15 00:00:00+00:00,0.00043203446188323373
2025-04-16 00:00:00+00:00,0.005875170251709231
2025-04-17 00:00:00+00:00,-0.005924435301780234
2025-04-18 00:00:00+00:00,-0.03430869157786899
2025-04-19 00:00:00+00:00,-0.008307151860260127
2025-04-20 00:00:00+00:00,0.0016212494217002595
2025-04-21 00:00:00+00:00,0.0012882751824945977
2025-04-22 00:00:00+00:00,-0.04251918103732448
2025-04-23 00:00:00+00:00,-0.007702649902419059
2025-04-24 00:00:00+00:00,0.004949377294446165
2025-04-25 00:00:00+00:00,0.009739061366655455
2025-04-26 00:00:00+00:00,0.013686300772122118
2025-04-27 00:00:00+00:00,0.008831383536760355
2025-04-28 00:00:00+00:00,0.00834439003016076
2025-04-29 00:00:00+00:00,-0.001082603881460387
2025-04-30 00:00:00+00:00,0.010063106289596816
2025-05-01 00:00:00+00:00,-0.009336564269160637
2025-05-02 00:00:00+00:00,0.016551607940639746
2025-05-03 00:00:00+00:00,-0.026679529712927696
2025-05-04 00:00:00+00:00,-0.0003262638862633819
2025-05-05 00:00:00+00:00,0.006378986514100558
2025-05-06 00:00:00+00:00,-0.0005931990961468541
2025-05-07 00:00:00+00:00,0.00030400002020656544
2025-05-08 00:00:00+00:00,-0.0013061783529661412
2025-05-09 00:00:00+00:00,-0.0129724763518422
2025-05-10 00:00:00+00:00,0.008383588292708308
2025-05-11 00:00:00+00:00,-0.004865068081473397
2025-05-12 00:00:00+00:00,0.003047134107147529
2025-05-13 00:00:00+00:00,0.03889390902053994
2025-05-14 00:00:00+00:00,-0.017622287287884664
2025-05-15 00:00:00+00:00,-0.03590506924684908
2025-05-16 00:00:00+00:00,-0.023244033519842743
2025-05-17 00:00:00+00:00,-0.025058090084930165
2025-05-18 00:00:00+00:00,0.03354242890290024
2025-05-19 00:00:00+00:00,-0.013157150517106848
2025-05-20 00:00:00+00:00,0.015085852091801258
2025-05-21 00:00:00+00:00,0.04458816340365958
2025-05-22 00:00:00+00:00,0.038651824941364245
2025-05-23 00:00:00+00:00,-0.04122119796241212
2025-05-24 00:00:00+00:00,0.017690322783628924
2025-05-25 00:00:00+00:00,0.0176344070087107
2025-05-26 00:00:00+00:00,-0.011061576578534788
2025-05-27 00:00:00+00:00,-0.004367482885765839
2025-05-28 00:00:00+00:00,-0.021046265806494054
2025-05-29 00:00:00+00:00,-0.033878138905447344
2025-05-30 00:00:00+00:00,-0.060496760226351
2025-05-31 00:00:00+00:00,0.011513926010077807
2025-06-01 00:00:00+00:00,0.015363078675076965
2025-06-02 00:00:00+00:00,0.007758730526049488
2025-06-03 00:00:00+00:00,-0.00211298727615882
2025-06-04 00:00:00+00:00,-0.011254184335777928
2025-06-05 00:00:00+00:00,-0.03622252513661882
2025-06-06 00:00:00+00:00,0.0179071105918716
2025-06-07 00:00:00+00:00,0.01894165031060814
2025-06-08 00:00:00+00:00,-0.004578397136541031
2025-06-09 00:00:00+00:00,0.04867413005791987
2025-06-10 00:00:00+00:00,0.02522593381951533
2025-06-11 00:00:00+00:00,-0.003635709896028719
2025-06-12 00:00:00+00:00,-0.013119995220845488
2025-06-13 00:00:00+00:00,0.008393220013236884
2025-06-14 00:00:00+00:00,-0.01935372991717498
2025-06-15 00:00:00+00:00,0.01911048180728815
2025-06-16 00:00:00+00:00,0.003656532359488589
2025-06-17 00:00:00+00:00,-0.0015051968539590791
2025-06-18 00:00:00+00:00,-5.680618242256624e-05
2025-06-19 00:00:00+00:00,0.01016270727709287
2025-06-20 00:00:00+00:00,0.00024318661775640576
2025-06-21 00:00:00+00:00,0.008567631358149598
2025-06-22 00:00:00+00:00,0.0040663631272257065
2025-06-23 00:00:00+00:00,-0.016591311495351407
2025-06-24 00:00:00+00:00,-0.0016730330276499839
2025-06-25 00:00:00+00:00,0.017493751027139078
2025-06-26 00:00:00+00:00,0.003966565742400403
2025-06-27 00:00:00+00:00,0.010803644427236248
2025-06-28 00:00:00+00:00,0.004557847866900215
2025-06-29 00:00:00+00:00,-0.0156546425411517
2025-06-30 00:00:00+00:00,0.016678589729640494
2025-07-01 00:00:00+00:00,0.016265164714802573
2025-07-02 00:00:00+00:00,-0.00800333575246017
2025-07-03 00:00:00+00:00,-0.0015590237515840087
2025-07-04 00:00:00+00:00,0.008768419616983174
2025-07-05 00:00:00+00:00,0.0129296132543335
2025-07-06 00:00:00+00:00,0.011668653116172234
2025-07-07 00:00:00+00:00,-0.01420642124885091
2025-07-08 00:00:00+00:00,-0.007665868286969403
2025-07-09 00:00:00+00:00,0.013491543975596014
2025-07-10 00:00:00+00:00,0.03630081678232268
2025-07-11 00:00:00+00:00,0.04027341675347095
2025-07-12 00:00:00+00:00,0.00913737957785152
2025-07-13 00:00:00+00:00,0.04586992646757765
2025-07-14 00:00:00+00:00,0.008924687153757849
2025-07-15 00:00:00+00:00,0.004622831468872946
2025-07-16 00:00:00+00:00,0.023502636008494903
2025-07-17 00:00:00+00:00,0.05133832740682221
2025-07-18 00:00:00+00:00,-0.011045357924211806
2025-07-19 00:00:00+00:00,-0.003957619541936133
2025-07-20 00:00:00+00:00,0.014582759739127343
2025-07-21 00:00:00+00:00,0.0021060776999545887
2025-07-22 00:00:00+00:00,0.022325480266380374
2025-07-23 00:00:00+00:00,-0.052600180938159824
2025-07-24 00:00:00+00:00,-0.01613790618214162
2025-07-25 00:00:00+00:00,0.03802460632244789
2025-07-26 00:00:00+00:00,0.015773490927896146
2025-07-27 00:00:00+00:00,0.02339805347073873
2025-07-28 00:00:00+00:00,-0.03130556900687008
2025-07-29 00:00:00+00:00,-0.006504205096502183
2025-07-30 00:00:00+00:00,-0.0011257788159411287
2025-07-31 00:00:00+00:00,-0.03033674599049374
2025-08-01 00:00:00+00:00,-0.0299340767521574
2025-08-02 00:00:00+00:00,-0.027726767602196705
2025-08-03 00:00:00+00:00,0.03470223864074794
2025-08-04 00:00:00+00:00,0.006674530341445134
2025-08-05 00:00:00+00:00,-0.01871221130355495
2025-08-06 00:00:00+00:00,0.013108468517950066
2025-08-07 00:00:00+00:00,0.024659194309545097
2025-08-08 00:00:00+00:00,0.0048626503720356614
2025-08-09 00:00:00+00:00,0.005349847364615933
2025-08-10 00:00:00+00:00,0.0036896472336530916
2025-08-11 00:00:00+00:00,0.016726939062556793
2025-08-12 00:00:00+00:00,0.02848033182972137
2025-08-13 00:00:00+00:00,0.006202019244971105
2025-08-14 00:00:00+00:00,-0.022967349922329853
2025-08-15 00:00:00+00:00,-0.003979236647526405
2025-08-16 00:00:00+00:00,-0.01074077238339603
2025-08-17 00:00:00+00:00,0.01037472100618944
2025-08-18 00:00:00+00:00,-0.010816174819756772
2025-08-19 00:00:00+00:00,-0.01916791332846066
2025-08-20 00:00:00+00:00,0.04492031542342858
2025-08-21 00:00:00+00:00,-0.016064158590988628
2025-08-22 00:00:00+00:00,0.0513563246779525
2025-08-23 00:00:00+00:00,-0.0068637836829992796
2025-08-24 00:00:00+00:00,0.011687502061492975
2025-08-25 00:00:00+00:00,-0.045327203026408365
2025-08-26 00:00:00+00:00,0.002855198832269774
2025-08-27 00:00:00+00:00,-0.013477836325432169
2025-08-28 00:00:00+00:00,0.004458881594505754
2025-08-29 00:00:00+00:00,-0.007823778935626179
2025-08-30 00:00:00+00:00,-0.0028033328331570485
2025-08-31 00:00:00+00:00,0.0008539680096187915
2025-09-01 00:00:00+00:00,-0.0021852015120038
2025-09-02 00:00:00+00:00,0.016287593375338815
2025-09-03 00:00:00+00:00,0.0024237118525660094
2025-09-04 00:00:00+00:00,-0.0017920700681451826
2025-09-05 00:00:00+00:00,-0.002831074221059578
2025-09-06 00:00:00+00:00,0.0002342315271078455
2025-09-07 00:00:00+00:00,0.003947564952408673
2025-09-08 00:00:00+00:00,0.020863201852242386
2025-09-09 00:00:00+00:00,0.0004451404261652008
2025-09-10 00:00:00+00:00,-0.004005995662312239
2025-09-11 00:00:00+00:00,-0.0034969650623277947
2025-09-12 00:00:00+00:00,0.02581795650144101
2025-09-13 00:00:00+00:00,0.023153753488220324
2025-09-14 00:00:00+00:00,-0.03321728969897155
2025-09-15 00:00:00+00:00,-0.012122901069486798
2025-09-16 00:00:00+00:00,0.01759705609820468
2025-09-17 00:00:00+00:00,0.023681672415135645
2025-09-18 00:00:00+00:00,0.007074595981834941
2025-09-19 00:00:00+00:00,-0.02235545798427457
2025-09-20 00:00:00+00:00,0.009469052712756514
2025-09-21 00:00:00+00:00,0.0015463506747120566
2025-09-22 00:00:00+00:00,-0.04458059644194387
2025-09-23 00:00:00+00:00,-0.01076124700473498
2025-09-24 00:00:00+00:00,0.006112328406166376
2025-09-25 00:00:00+00:00,-0.048780747818689116
2025-09-26 00:00:00+00:00,0.03638980495997163
2025-09-27 00:00:00+00:00,-0.00980939842174904
2025-09-28 00:00:00+00:00,0.014555378788944617
2025-09-29 00:00:00+00:00,0.025469978106645877
2025-09-30 00:00:00+00:00,-0.0016370706423555082
2025-10-01 00:00:00+00:00,0.027415881766222495
2025-10-02 00:00:00+00:00,0.021955889503402208
2025-10-03 00:00:00+00:00,-0.005358500676558594
2025-10-04 00:00:00+00:00,0.03359345605404953
2025-10-05 00:00:00+00:00,0.016211179562923915
2025-10-06 00:00:00+00:00,-0.016602221896941237
2025-10-07 00:00:00+00:00,0.015467998482807601
2025-10-08 00:00:00+00:00,0.025823276678344307
2025-10-09 00:00:00+00:00,0.016190370500697708
2025-10-10 00:00:00+00:00,0.04191394595156019
2025-10-11 00:00:00+00:00,0.010560849083796241
2025-10-12 00:00:00+00:00,0.012708292178054413
2025-10-13 00:00:00+00:00,0.06386238998465409
2025-10-14 00:00:00+00:00,-0.00023924151952217396
2025-10-15 00:00:00+00:00,-0.005789642927052812
2025-10-16 00:00:00+00:00,0.022950277098097313
2025-10-17 00:00:00+00:00,-0.010490096568270048
2025-10-18 00:00:00+00:00,-0.01036909292904335
2025-10-19 00:00:00+00:00,0.013173917600300986
2025-10-20 00:00:00+00:00,0.009945983791090789
2025-10-21 00:00:00+00:00,-0.018140460921731154
2025-10-22 00:00:00+00:00,0.0027018625814385837
2025-10-23 00:00:00+00:00,-0.00042250320674701433
2025-10-24 00:00:00+00:00,0.10035932796207986
2025-10-25 00:00:00+00:00,-0.000760060053227987
2025-10-26 00:00:00+00:00,-0.01873353220575909
2025-10-27 00:00:00+00:00,0.002208056279482384
2025-10-28 00:00:00+00:00,0.0004255943034032116
2025-10-29 00:00:00+00:00,-0.00020496350599650078
2025-10-30 00:00:00+00:00,0.0025250702749996645
2025-10-31 00:00:00+00:00,0.012637597888030603
2025-11-01 00:00:00+00:00,0.008858296103385087
2025-11-02 00:00:00+00:00,0.00790500970614883
2025-11-03 00:00:00+00:00,0.07516656722546249
2025-11-04 00:00:00+00:00,0.006380889323707791
2025-11-05 00:00:00+00:00,-0.02318988944787364
2025-11-06 00:00:00+00:00,0.02058118820481189
2025-11-07 00:00:00+00:00,-0.011637936965690366
2025-11-08 00:00:00+00:00,-0.007316073011623674
2025-11-09 00:00:00+00:00,0.000391238071310419
2025-11-10 00:00:00+00:00,-0.045006969739540166
2025-11-11 00:00:00+00:00,0.004287807355426717
2025-11-12 00:00:00+00:00,0.016361162908532807
2025-11-13 00:00:00+00:00,0.01729844235118067
2025-11-14 00:00:00+00:00,0.02841509418069761
2025-11-15 00:00:00+00:00,-0.007798410769513196
2025-11-16 00:00:00+00:00,0.007459304067387849
2025-11-17 00:00:00+00:00,0.010468105897992516
2025-11-18 00:00:00+00:00,-0.015227329833812345
2025-11-19 00:00:00+00:00,0.01937381488774152
2025-11-20 00:00:00+00:00,0.0423425626103435
2025-11-21 00:00:00+00:00,0.015411323269510856
2025-11-22 00:00:00+00:00,0.010199708988231715
2025-11-23 00:00:00+00:00,-0.015862981833707684
2025-11-24 00:00:00+00:00,-0.03377582031745926
2025-11-25 00:00:00+00:00,-0.004689627908939255
2025-11-26 00:00:00+00:00,-0.014323932926113288
2025-11-27 00:00:00+00:00,0.005226403441965571
2025-11-28 00:00:00+00:00,0.00850454090013817
2025-11-29 00:00:00+00:00,0.01165992200292429
2025-11-30 00:00:00+00:00,0.010211883836353722
2025-12-01 00:00:00+00:00,0.05168563965598468
2025-12-02 00:00:00+00:00,-0.035307575217488285
2025-12-03 00:00:00+00:00,-0.022842811755472685
2025-12-04 00:00:00+00:00,0.005413201348454598
2025-12-05 00:00:00+00:00,-0.00012239132658012583
2025-12-06 00:00:00+00:00,-0.005217334025838318
2025-12-07 00:00:00+00:00,0.02721551844241834
2025-12-08 00:00:00+00:00,-0.0039704015058240035
2025-12-09 00:00:00+00:00,-0.004985464989316257
2025-12-10 00:00:00+00:00,0.0035717412060498176
2025-12-11 00:00:00+00:00,0.008909739744545907
2025-12-12 00:00:00+00:00,0.005200915117862928
2025-12-13 00:00:00+00:00,-0.010775549061563552
2025-12-14 00:00:00+00:00,-0.005100224032982437
2025-12-15 00:00:00+00:00,0.0026946314132845744
2025-12-16 00:00:00+00:00,0.0003635720178408413
2025-12-17 00:00:00+00:00,0.01333790165234619
2025-12-18 00:00:00+00:00,-0.0025672172859831917
2025-12-19 00:00:00+00:00,0.010049316251089258
2025-12-20 00:00:00+00:00,-0.005983101866503172
2025-12-21 00:00:00+00:00,0.006420442242001632
2025-12-22 00:00:00+00:00,0.027690542944910666
2025-12-23 00:00:00+00:00,-0.012013551765622762
2025-12-24 00:00:00+00:00,-0.014148687927921634
2025-12-25 00:00:00+00:00,0.005625919633987512
2025-12-26 00:00:00+00:00,0.0005100542673854234
2025-12-27 00:00:00+00:00,-0.0027787690713198107
2025-12-28 00:00:00+00:00,0.006420251567479132
2025-12-29 00:00:00+00:00,-0.002118360254137995
2025-12-30 00:00:00+00:00,0.0034871999352024874
2025-12-31 00:00:00+00:00,0.04239462354227955
2026-01-01 00:00:00+00:00,-0.004348480542840963
2026-01-02 00:00:00+00:00,-0.03785008816281083
2026-01-03 00:00:00+00:00,-0.027289790622143636
2026-01-04 00:00:00+00:00,-0.01980043301976646
2026-01-05 00:00:00+00:00,0.014273846619703597
2026-01-06 00:00:00+00:00,0.041891898226879255
2026-01-07 00:00:00+00:00,-0.01903593867070506
2026-01-08 00:00:00+00:00,0.01885750865440648
2026-01-09 00:00:00+00:00,-0.006516409515490958
2026-01-10 00:00:00+00:00,0.026603974814878105
2026-01-11 00:00:00+00:00,0.035688025551966325
2026-01-12 00:00:00+00:00,0.018429687206963634
2026-01-13 00:00:00+00:00,-0.0010518092101325502
2026-01-14 00:00:00+00:00,0.022043666662647156
2026-01-15 00:00:00+00:00,0.019788003788973312
2026-01-16 00:00:00+00:00,-0.015821844948897955
2026-01-17 00:00:00+00:00,-0.01631178154023672
2026-01-18 00:00:00+00:00,0.041847282402614525
2026-01-19 00:00:00+00:00,-0.005212692766525777
2026-01-20 00:00:00+00:00,-0.012243477611598904
2026-01-21 00:00:00+00:00,0.02183006976870616
2026-01-22 00:00:00+00:00,0.05603328928299461
2026-01-23 00:00:00+00:00,-0.020980966338379963
2026-01-24 00:00:00+00:00,0.02209066414973098
2026-01-25 00:00:00+00:00,0.012676496216566179
2026-01-26 00:00:00+00:00,0.003217661903700089
2026-01-27 00:00:00+00:00,0.005117416091901459
2026-01-28 00:00:00+00:00,0.033117744498938756
2026-01-29 00:00:00+00:00,0.017223679348861338
2026-01-30 00:00:00+00:00,-0.039321681825637333
2026-01-31 00:00:00+00:00,0.033272289830772996
2026-02-01 00:00:00+00:00,0.00650947518385558
2026-02-02 00:00:00+00:00,0.0030435763441723105
2026-02-03 00:00:00+00:00,0.02844233269243175
2026-02-04 00:00:00+00:00,0.024522398543132717
2026-02-05 00:00:00+00:00,0.05399106313009559
2026-02-06 00:00:00+00:00,-0.050187643843023114
2026-02-07 00:00:00+00:00,0.011673874701487945
2026-02-08 00:00:00+00:00,-0.002475755748499315
2026-02-09 00:00:00+00:00,0.0005144973240047734
2026-02-10 00:00:00+00:00,0.014710368897994522
2026-02-11 00:00:00+00:00,0.010650088816218822
2026-02-12 00:00:00+00:00,0.003228671572778397
2026-02-13 00:00:00+00:00,-0.0027366943637370856
2026-02-14 00:00:00+00:00,-0.028544610571126137
2026-02-15 00:00:00+00:00,0.028783664149562693
2026-02-16 00:00:00+00:00,-0.006130971589050638
2026-02-17 00:00:00+00:00,0.003474388934998145
2026-02-18 00:00:00+00:00,-0.0006727871787071046
2026-02-19 00:00:00+00:00,0.010349237566653407
2026-02-20 00:00:00+00:00,-0.0157753929083061
2026-02-21 00:00:00+00:00,-0.009356268216742899
2026-02-22 00:00:00+00:00,0.026144003182720577
2026-02-23 00:00:00+00:00,0.019921536964577914
2026-02-24 00:00:00+00:00,-0.006357025919888479
2026-02-25 00:00:00+00:00,-0.0666725062097191
2026-02-26 00:00:00+00:00,0.002707170020696795
2026-02-27 00:00:00+00:00,0.0024169197784909757
2026-02-28 00:00:00+00:00,0.00718197057442554
2026-03-01 00:00:00+00:00,0.013402092403733861
2026-03-02 00:00:00+00:00,-0.007284726351633553
2026-03-03 00:00:00+00:00,-0.005987507912169621
2026-03-04 00:00:00+00:00,-0.019407063017248764
2026-03-05 00:00:00+00:00,0.009218930005001232
2026-03-06 00:00:00+00:00,0.01810390677011915
2026-03-07 00:00:00+00:00,0.01070530311797088
2026-03-08 00:00:00+00:00,0.004790095974316426
2026-03-09 00:00:00+00:00,-0.009999988684647099
2026-03-10 00:00:00+00:00,0.01646909267480346
2026-03-11 00:00:00+00:00,-0.006784911797445441
2026-03-12 00:00:00+00:00,-0.021324442510533895
2026-03-13 00:00:00+00:00,-0.06378917480695065
2026-03-14 00:00:00+00:00,-0.00106926032417415
2026-03-15 00:00:00+00:00,-0.011465894140312958
2026-03-16 00:00:00+00:00,-0.05597347448948648
2026-03-17 00:00:00+00:00,0.028085232380757913
2026-03-18 00:00:00+00:00,0.040646321073364904
2026-03-19 00:00:00+00:00,0.004687963975228502
2026-03-20 00:00:00+00:00,-0.004149270423851279
2026-03-21 00:00:00+00:00,0.025929256159458184
2026-03-22 00:00:00+00:00,0.06972704878837087
2026-03-23 00:00:00+00:00,-0.04734161546470464
2026-03-24 00:00:00+00:00,-0.031218778089521216
2026-03-25 00:00:00+00:00,0.0353139952460812
2026-03-26 00:00:00+00:00,0.005418104756329885
2026-03-27 00:00:00+00:00,-0.009907467082153074
2026-03-28 00:00:00+00:00,0.039078906242166894
2026-03-29 00:00:00+00:00,0.004592517486071817
2026-03-30 00:00:00+00:00,-0.008181772100291754
2026-03-31 00:00:00+00:00,-0.03092267400684261
2026-04-01 00:00:00+00:00,-0.01723869563449078
2026-04-02 00:00:00+00:00,0.013557584496781057
2026-04-03 00:00:00+00:00,-0.009553807686035585
2026-04-04 00:00:00+00:00,-0.03482822107997521
2026-04-05 00:00:00+00:00,0.004359500802580732
2026-04-06 00:00:00+00:00,-0.005592401922574156
2026-04-07 00:00:00+00:00,-0.016282584825249868
2026-04-08 00:00:00+00:00,0.013910471477589979
2026-04-09 00:00:00+00:00,0.005551249951683363
2026-04-10 00:00:00+00:00,0.01676456156348232
2026-04-11 00:00:00+00:00,0.010690483277862988
2026-04-12 00:00:00+00:00,0.022305137784519043
2026-04-13 00:00:00+00:00,-0.0073463322877554485
2026-04-14 00:00:00+00:00,0.027510674393989857
2026-04-15 00:00:00+00:00,-0.0028722542475174357
2026-04-16 00:00:00+00:00,-0.0037883682104132106
2026-04-17 00:00:00+00:00,0.005822569373504833
2026-04-18 00:00:00+00:00,0.023140697311127285
2026-04-19 00:00:00+00:00,-0.006887367433466712
2026-04-20 00:00:00+00:00,-0.0007415718761589706
2026-04-21 00:00:00+00:00,0.01310087849654786
2026-04-22 00:00:00+00:00,-0.02578251708965994
2026-04-23 00:00:00+00:00,0.016721615674585848
2026-04-24 00:00:00+00:00,-0.015091939644271695
2026-04-25 00:00:00+00:00,-0.0006072602403771556
2026-04-26 00:00:00+00:00,0.002912528363943881
2026-04-27 00:00:00+00:00,-0.00039870741251748533
2026-04-28 00:00:00+00:00,-0.0036338227909454806
2026-04-29 00:00:00+00:00,0.018951104452442604
2026-04-30 00:00:00+00:00,0.02119058285184063
2026-05-01 00:00:00+00:00,0.05831122264384888
2026-05-02 00:00:00+00:00,0.04220237561239694
2026-05-03 00:00:00+00:00,0.0027431938290548097
2026-05-04 00:00:00+00:00,0.010023768930451675
2026-05-05 00:00:00+00:00,0.027763865680789528
2026-05-06 00:00:00+00:00,0.004367788891845247
2026-05-07 00:00:00+00:00,-0.03016781671793397
2026-05-08 00:00:00+00:00,0.006162751185003093
2026-05-09 00:00:00+00:00,0.009977205495078047
2026-05-10 00:00:00+00:00,0.0031427835697178377
2026-05-11 00:00:00+00:00,-0.0051673338403914176
2026-05-12 00:00:00+00:00,-0.009268239197460976
2026-05-13 00:00:00+00:00,0.005523132448896039
2026-05-14 00:00:00+00:00,0.014308433385656379
2026-05-15 00:00:00+00:00,-0.024207256495774317
2026-05-16 00:00:00+00:00,-0.012117821843955441
2026-05-17 00:00:00+00:00,-0.0015688775105257564
2026-05-18 00:00:00+00:00,-0.00042468282980229124
2026-05-19 00:00:00+00:00,-0.00407130483267634
2026-05-20 00:00:00+00:00,-0.008929980338457096
2026-05-21 00:00:00+00:00,0.008060542595165069
2026-05-22 00:00:00+00:00,-0.0013687166031955732
2026-05-23 00:00:00+00:00,0.0026612587679708806
2026-05-24 00:00:00+00:00,0.014330123780473592
2026-05-25 00:00:00+00:00,0.0006885850616931828
2026-05-26 00:00:00+00:00,0.012619785211253615
2026-05-27 00:00:00+00:00,0.0025031079517967804
2026-05-28 00:00:00+00:00,-0.03436547346803347
2026-05-29 00:00:00+00:00,0.002828945603164762
2026-05-30 00:00:00+00:00,0.003682766243375042
2026-05-31 00:00:00+00:00,0.01850599033761614
2026-06-01 00:00:00+00:00,-0.0023620999380436322
2026-06-02 00:00:00+00:00,0.05269154912198131
2026-06-03 00:00:00+00:00,-0.03053223282209152
2026-06-04 00:00:00+00:00,0.04624562008821358
2026-06-05 00:00:00+00:00,0.07975309456540038
2026-06-06 00:00:00+00:00,0.0598952995734433
2026-06-07 00:00:00+00:00,-0.021131782622635716
