timestamp,0
2020-05-31 00:00:00+00:00,0.0
2020-06-01 00:00:00+00:00,0.0
2020-06-02 00:00:00+00:00,0.0
2020-06-03 00:00:00+00:00,0.0
2020-06-04 00:00:00+00:00,0.0
2020-06-05 00:00:00+00:00,0.0
2020-06-06 00:00:00+00:00,0.0
2020-06-07 00:00:00+00:00,0.0
2020-06-08 00:00:00+00:00,0.0
2020-06-09 00:00:00+00:00,0.0
2020-06-10 00:00:00+00:00,0.0
2020-06-11 00:00:00+00:00,0.0
2020-06-12 00:00:00+00:00,0.0
2020-06-13 00:00:00+00:00,0.0
2020-06-14 00:00:00+00:00,0.0
2020-06-15 00:00:00+00:00,0.0
2020-06-16 00:00:00+00:00,0.0
2020-06-17 00:00:00+00:00,0.0
2020-06-18 00:00:00+00:00,0.0
2020-06-19 00:00:00+00:00,0.0
2020-06-20 00:00:00+00:00,0.0
2020-06-21 00:00:00+00:00,0.0
2020-06-22 00:00:00+00:00,0.0
2020-06-23 00:00:00+00:00,0.0
2020-06-24 00:00:00+00:00,0.0
2020-06-25 00:00:00+00:00,0.0
2020-06-26 00:00:00+00:00,0.0
2020-06-27 00:00:00+00:00,0.0
2020-06-28 00:00:00+00:00,0.0
2020-06-29 00:00:00+00:00,0.0
2020-06-30 00:00:00+00:00,0.0
2020-07-01 00:00:00+00:00,0.0
2020-07-02 00:00:00+00:00,0.0
2020-07-03 00:00:00+00:00,0.0
2020-07-04 00:00:00+00:00,0.0
2020-07-05 00:00:00+00:00,0.0
2020-07-06 00:00:00+00:00,0.0
2020-07-07 00:00:00+00:00,0.0
2020-07-08 00:00:00+00:00,0.0
2020-07-09 00:00:00+00:00,0.0
2020-07-10 00:00:00+00:00,0.0
2020-07-11 00:00:00+00:00,0.0
2020-07-12 00:00:00+00:00,0.0
2020-07-13 00:00:00+00:00,0.0
2020-07-14 00:00:00+00:00,0.0
2020-07-15 00:00:00+00:00,0.0
2020-07-16 00:00:00+00:00,0.0
2020-07-17 00:00:00+00:00,0.0
2020-07-18 00:00:00+00:00,0.0
2020-07-19 00:00:00+00:00,0.0
2020-07-20 00:00:00+00:00,0.0
2020-07-21 00:00:00+00:00,0.0
2020-07-22 00:00:00+00:00,0.0
2020-07-23 00:00:00+00:00,0.0
2020-07-24 00:00:00+00:00,0.0
2020-07-25 00:00:00+00:00,0.0
2020-07-26 00:00:00+00:00,0.0
2020-07-27 00:00:00+00:00,0.0
2020-07-28 00:00:00+00:00,0.0
2020-07-29 00:00:00+00:00,0.0
2020-07-30 00:00:00+00:00,0.0
2020-07-31 00:00:00+00:00,0.0
2020-08-01 00:00:00+00:00,0.0
2020-08-02 00:00:00+00:00,0.0
2020-08-03 00:00:00+00:00,0.0
2020-08-04 00:00:00+00:00,0.0
2020-08-05 00:00:00+00:00,0.0
2020-08-06 00:00:00+00:00,0.0
2020-08-07 00:00:00+00:00,0.0
2020-08-08 00:00:00+00:00,0.0
2020-08-09 00:00:00+00:00,0.0
2020-08-10 00:00:00+00:00,0.0
2020-08-11 00:00:00+00:00,0.0
2020-08-12 00:00:00+00:00,0.0
2020-08-13 00:00:00+00:00,0.0
2020-08-14 00:00:00+00:00,0.0
2020-08-15 00:00:00+00:00,0.0
2020-08-16 00:00:00+00:00,0.0
2020-08-17 00:00:00+00:00,0.0
2020-08-18 00:00:00+00:00,0.0
2020-08-19 00:00:00+00:00,0.0
2020-08-20 00:00:00+00:00,0.0
2020-08-21 00:00:00+00:00,0.0
2020-08-22 00:00:00+00:00,0.0
2020-08-23 00:00:00+00:00,0.0
2020-08-24 00:00:00+00:00,0.0
2020-08-25 00:00:00+00:00,0.0
2020-08-26 00:00:00+00:00,0.0
2020-08-27 00:00:00+00:00,0.0
2020-08-28 00:00:00+00:00,0.0
2020-08-29 00:00:00+00:00,0.0
2020-08-30 00:00:00+00:00,0.010606367188210813
2020-08-31 00:00:00+00:00,-0.003693280836074546
2020-09-01 00:00:00+00:00,0.03251784250684477
2020-09-02 00:00:00+00:00,-0.028791652748986974
2020-09-03 00:00:00+00:00,-0.08160253867459535
2020-09-04 00:00:00+00:00,-0.06089111535831712
2020-09-05 00:00:00+00:00,-0.070472012138014
2020-09-06 00:00:00+00:00,0.005032458879842625
2020-09-07 00:00:00+00:00,0.0032917622149170145
2020-09-08 00:00:00+00:00,0.02849731602193858
2020-09-09 00:00:00+00:00,-0.0014395620901991423
2020-09-10 00:00:00+00:00,-0.028264287421659984
2020-09-11 00:00:00+00:00,0.001917477047617849
2020-09-12 00:00:00+00:00,0.01534931439000075
2020-09-13 00:00:00+00:00,0.03797264900045144
2020-09-14 00:00:00+00:00,-0.010174130467443648
2020-09-15 00:00:00+00:00,-0.02222158086762016
2020-09-16 00:00:00+00:00,0.00582892845973916
2020-09-17 00:00:00+00:00,-0.013098003158380667
2020-09-18 00:00:00+00:00,0.026621494563333264
2020-09-19 00:00:00+00:00,-0.00047151866502434834
2020-09-20 00:00:00+00:00,0.00674418494535609
2020-09-21 00:00:00+00:00,0.019312843438013285
2020-09-22 00:00:00+00:00,-0.007731249340502594
2020-09-23 00:00:00+00:00,0.022000873729322506
2020-09-24 00:00:00+00:00,-0.05283988151941561
2020-09-25 00:00:00+00:00,-0.05044757064563426
2020-09-26 00:00:00+00:00,-0.018981061470055217
2020-09-27 00:00:00+00:00,0.007380546755667039
2020-09-28 00:00:00+00:00,-0.002701535344818782
2020-09-29 00:00:00+00:00,-0.0012040861278250724
2020-09-30 00:00:00+00:00,0.006212617275682778
2020-10-01 00:00:00+00:00,-0.010503638345875161
2020-10-02 00:00:00+00:00,0.009719335560141594
2020-10-03 00:00:00+00:00,0.00651489162864411
2020-10-04 00:00:00+00:00,-0.002312142559858703
2020-10-05 00:00:00+00:00,0.011845913844645551
2020-10-06 00:00:00+00:00,-0.018616336073755804
2020-10-07 00:00:00+00:00,-0.002463976273232895
2020-10-08 00:00:00+00:00,-0.013207608915519017
2020-10-09 00:00:00+00:00,-0.008586790351950457
2020-10-10 00:00:00+00:00,-0.00787139503783594
2020-10-11 00:00:00+00:00,-0.002105921851815153
2020-10-12 00:00:00+00:00,0.0064150683149115165
2020-10-13 00:00:00+00:00,-0.004478447399150858
2020-10-14 00:00:00+00:00,0.008369998005568265
2020-10-15 00:00:00+00:00,0.01562787240063862
2020-10-16 00:00:00+00:00,-0.03786206950682945
2020-10-17 00:00:00+00:00,-0.01798939366848042
2020-10-18 00:00:00+00:00,0.009234543906666521
2020-10-19 00:00:00+00:00,-0.017585771293631525
2020-10-20 00:00:00+00:00,0.0013147523263047603
2020-10-21 00:00:00+00:00,0.01291083834663394
2020-10-22 00:00:00+00:00,-0.0014948173306567176
2020-10-23 00:00:00+00:00,0.009689260788658883
2020-10-24 00:00:00+00:00,0.01774628980671097
2020-10-25 00:00:00+00:00,-0.00493325484648674
2020-10-26 00:00:00+00:00,-0.0037339547639210417
2020-10-27 00:00:00+00:00,0.0334192598238169
2020-10-28 00:00:00+00:00,-0.015001550455293654
2020-10-29 00:00:00+00:00,0.008795197159554341
2020-10-30 00:00:00+00:00,-0.019899992999806618
2020-10-31 00:00:00+00:00,0.020500512952141933
2020-11-01 00:00:00+00:00,-0.021507310926609083
2020-11-02 00:00:00+00:00,-0.00030858936203759886
2020-11-03 00:00:00+00:00,0.023028024294756148
2020-11-04 00:00:00+00:00,0.0014793485858048494
2020-11-05 00:00:00+00:00,0.02173270351168421
2020-11-06 00:00:00+00:00,-0.03359458891769132
2020-11-07 00:00:00+00:00,-0.011285352648715623
2020-11-08 00:00:00+00:00,0.01054640754167774
2020-11-09 00:00:00+00:00,-0.002113551897930323
2020-11-10 00:00:00+00:00,-0.009037705007388019
2020-11-11 00:00:00+00:00,0.012832155811667044
2020-11-12 00:00:00+00:00,0.004715467538786707
2020-11-13 00:00:00+00:00,0.035531524648709636
2020-11-14 00:00:00+00:00,0.02136408526860953
2020-11-15 00:00:00+00:00,0.01963688916404556
2020-11-16 00:00:00+00:00,0.057754435936664114
2020-11-17 00:00:00+00:00,0.009141306544401916
2020-11-18 00:00:00+00:00,-0.008688630734167311
2020-11-19 00:00:00+00:00,0.06927783291052357
2020-11-20 00:00:00+00:00,0.05928473261980552
2020-11-21 00:00:00+00:00,0.03745704488674371
2020-11-22 00:00:00+00:00,0.02674328388316899
2020-11-23 00:00:00+00:00,0.11840476216076072
2020-11-24 00:00:00+00:00,0.08110934237969403
2020-11-25 00:00:00+00:00,-0.05356344315043295
2020-11-26 00:00:00+00:00,-0.06507906928229869
2020-11-27 00:00:00+00:00,0.024079140410053768
2020-11-28 00:00:00+00:00,0.03867588622359834
2020-11-29 00:00:00+00:00,0.0018202615876736468
2020-11-30 00:00:00+00:00,0.027819995268257187
2020-12-01 00:00:00+00:00,-0.037383066254398294
2020-12-02 00:00:00+00:00,-0.0007881806871259085
2020-12-03 00:00:00+00:00,0.012549465569997163
2020-12-04 00:00:00+00:00,-0.03308290290762676
2020-12-05 00:00:00+00:00,0.0282320684926955
2020-12-06 00:00:00+00:00,-0.0007876396422921776
2020-12-07 00:00:00+00:00,0.008140341442960247
2020-12-08 00:00:00+00:00,-0.028973299188914794
2020-12-09 00:00:00+00:00,0.007075324808201323
2020-12-10 00:00:00+00:00,-0.007756797377145846
2020-12-11 00:00:00+00:00,-0.0022830851877609646
2020-12-12 00:00:00+00:00,0.007574274906679288
2020-12-13 00:00:00+00:00,0.008782257349673661
2020-12-14 00:00:00+00:00,-0.00465740296818845
2020-12-15 00:00:00+00:00,-0.014381795891357293
2020-12-16 00:00:00+00:00,0.03224699117344815
2020-12-17 00:00:00+00:00,0.0101083116220365
2020-12-18 00:00:00+00:00,0.0034038416980650267
2020-12-19 00:00:00+00:00,0.012281280682560996
2020-12-20 00:00:00+00:00,0.014271407779326261
2020-12-21 00:00:00+00:00,-0.01757741606597511
2020-12-22 00:00:00+00:00,0.020862037458190385
2020-12-23 00:00:00+00:00,-0.01302499071951673
2020-12-24 00:00:00+00:00,0.008155902816822536
2020-12-25 00:00:00+00:00,0.017733629042032774
2020-12-26 00:00:00+00:00,0.02762813269253373
2020-12-27 00:00:00+00:00,-0.0017624715481801571
2020-12-28 00:00:00+00:00,0.02754818233026514
2020-12-29 00:00:00+00:00,0.017315080630562335
2020-12-30 00:00:00+00:00,-0.0012236083122345942
2020-12-31 00:00:00+00:00,-0.007357972857187847
2021-01-01 00:00:00+00:00,-0.025450150023306937
2021-01-02 00:00:00+00:00,0.08870171655461388
2021-01-03 00:00:00+00:00,0.06150041641644851
2021-01-04 00:00:00+00:00,-0.009734381415651139
2021-01-05 00:00:00+00:00,0.02622021816971437
2021-01-06 00:00:00+00:00,0.020840343351116345
2021-01-07 00:00:00+00:00,-0.02343627722671991
2021-01-08 00:00:00+00:00,0.005748977477917172
2021-01-09 00:00:00+00:00,0.024597492005407177
2021-01-10 00:00:00+00:00,-0.02395257059159565
2021-01-11 00:00:00+00:00,-0.04587278129278122
2021-01-12 00:00:00+00:00,0.014441698901550976
2021-01-13 00:00:00+00:00,0.03085508016505752
2021-01-14 00:00:00+00:00,0.012378108698746207
2021-01-15 00:00:00+00:00,-0.020852919105973672
2021-01-16 00:00:00+00:00,0.04325062801351844
2021-01-17 00:00:00+00:00,0.02486838174792788
2021-01-18 00:00:00+00:00,-0.0007493502999289456
2021-01-19 00:00:00+00:00,-0.02378694887823268
2021-01-20 00:00:00+00:00,0.02131602479820624
2021-01-21 00:00:00+00:00,-0.05099970019090427
2021-01-22 00:00:00+00:00,0.043562464097075614
2021-01-23 00:00:00+00:00,0.0181491726017348
2021-01-24 00:00:00+00:00,0.033778589505529914
2021-01-25 00:00:00+00:00,-0.015496899004332125
2021-01-26 00:00:00+00:00,0.024780413352617804
2021-01-27 00:00:00+00:00,-0.01162653571192296
2021-01-28 00:00:00+00:00,0.06131144582303607
2021-01-29 00:00:00+00:00,0.015622888825652959
2021-01-30 00:00:00+00:00,0.004323410179753905
2021-01-31 00:00:00+00:00,0.0016327104151801863
2021-02-01 00:00:00+00:00,0.005098115954141398
2021-02-02 00:00:00+00:00,-0.0009228689987946193
2021-02-03 00:00:00+00:00,0.02003975213779576
2021-02-04 00:00:00+00:00,0.019183059390274263
2021-02-05 00:00:00+00:00,0.027972909501611912
2021-02-06 00:00:00+00:00,0.00036454741011407037
2021-02-07 00:00:00+00:00,0.012747837841213253
2021-02-08 00:00:00+00:00,0.046894799866326754
2021-02-09 00:00:00+00:00,0.029332507194926263
2021-02-10 00:00:00+00:00,0.04527919506325107
2021-02-11 00:00:00+00:00,0.018355810809627473
2021-02-12 00:00:00+00:00,0.00751678242561951
2021-02-13 00:00:00+00:00,0.03804934319446226
2021-02-14 00:00:00+00:00,-0.008212781263288935
2021-02-15 00:00:00+00:00,-0.0034242782852936795
2021-02-16 00:00:00+00:00,-0.0017298387391483899
2021-02-17 00:00:00+00:00,0.024442819894911625
2021-02-18 00:00:00+00:00,-0.004803702038352478
2021-02-19 00:00:00+00:00,0.042611321856832994
2021-02-20 00:00:00+00:00,-0.015452540271044481
2021-02-21 00:00:00+00:00,0.007166324694499102
2021-02-22 00:00:00+00:00,-0.019530037793265304
2021-02-23 00:00:00+00:00,-0.029885496735336685
2021-02-24 00:00:00+00:00,0.007866284728825744
2021-02-25 00:00:00+00:00,-0.021299490235257325
2021-02-26 00:00:00+00:00,0.005551466363927758
2021-02-27 00:00:00+00:00,0.005282675325051609
2021-02-28 00:00:00+00:00,-0.005392997864201371
2021-03-01 00:00:00+00:00,0.01459710315555784
2021-03-02 00:00:00+00:00,-0.013913770025350963
2021-03-03 00:00:00+00:00,0.006887485110339836
2021-03-04 00:00:00+00:00,-0.01399367910753556
2021-03-05 00:00:00+00:00,-0.007459652721915813
2021-03-06 00:00:00+00:00,-0.003191653004065139
2021-03-07 00:00:00+00:00,0.013582610286941778
2021-03-08 00:00:00+00:00,0.0020550291065893635
2021-03-09 00:00:00+00:00,0.0071009479404821226
2021-03-10 00:00:00+00:00,-0.00981877418643042
2021-03-11 00:00:00+00:00,0.011342130683208706
2021-03-12 00:00:00+00:00,0.005648926001196615
2021-03-13 00:00:00+00:00,0.022209098488452986
2021-03-14 00:00:00+00:00,-0.013211565292070342
2021-03-15 00:00:00+00:00,-0.027676328941987714
2021-03-16 00:00:00+00:00,0.019133251003908214
2021-03-17 00:00:00+00:00,0.037453673676151496
2021-03-18 00:00:00+00:00,-0.016391586132569098
2021-03-19 00:00:00+00:00,0.019053091058883975
2021-03-20 00:00:00+00:00,-0.009081983364472013
2021-03-21 00:00:00+00:00,-0.0010341794049477345
2021-03-22 00:00:00+00:00,-0.01802248973764481
2021-03-23 00:00:00+00:00,-0.001748473443181364
2021-03-24 00:00:00+00:00,-0.02499377646684969
2021-03-25 00:00:00+00:00,-0.006246660914320268
2021-03-26 00:00:00+00:00,0.07521155815315551
2021-03-27 00:00:00+00:00,0.007479025406527265
2021-03-28 00:00:00+00:00,-0.0006724149140969877
2021-03-29 00:00:00+00:00,0.019544917895319813
2021-03-30 00:00:00+00:00,0.00875736830094837
2021-03-31 00:00:00+00:00,0.0344665027562265
2021-04-01 00:00:00+00:00,-0.005354467979853804
2021-04-02 00:00:00+00:00,0.01417569263339085
2021-04-03 00:00:00+00:00,0.004764133949951731
2021-04-04 00:00:00+00:00,0.028099372272902674
2021-04-05 00:00:00+00:00,0.028503337644754642
2021-04-06 00:00:00+00:00,0.0091885392553168
2021-04-07 00:00:00+00:00,-0.020298441273752885
2021-04-08 00:00:00+00:00,0.022601123673038962
2021-04-09 00:00:00+00:00,-0.0016535327109862604
2021-04-10 00:00:00+00:00,0.035504940285568526
2021-04-11 00:00:00+00:00,0.01878272519665864
2021-04-12 00:00:00+00:00,-0.003769230237233498
2021-04-13 00:00:00+00:00,0.02617220817960287
2021-04-14 00:00:00+00:00,0.007680563941547981
2021-04-15 00:00:00+00:00,0.027088593417048237
2021-04-16 00:00:00+00:00,0.05583746448912582
2021-04-17 00:00:00+00:00,-0.019422828927046956
2021-04-18 00:00:00+00:00,-0.001301431424018496
2021-04-19 00:00:00+00:00,0.0019212178704521817
2021-04-20 00:00:00+00:00,0.010201300510662164
2021-04-21 00:00:00+00:00,-0.012877484124231868
2021-04-22 00:00:00+00:00,-0.004911146356368084
2021-04-23 00:00:00+00:00,-0.0060842485562301795
2021-04-24 00:00:00+00:00,-0.00252492367355095
2021-04-25 00:00:00+00:00,0.010789341047445946
2021-04-26 00:00:00+00:00,0.02260717282310681
2021-04-27 00:00:00+00:00,0.007765863671895617
2021-04-28 00:00:00+00:00,0.012265043291668814
2021-04-29 00:00:00+00:00,-0.002956451420740055
2021-04-30 00:00:00+00:00,0.0006004064157506374
2021-05-01 00:00:00+00:00,0.022756395102264015
2021-05-02 00:00:00+00:00,-0.006781299772449202
2021-05-03 00:00:00+00:00,0.056437436582756684
2021-05-04 00:00:00+00:00,0.027854065103927947
2021-05-05 00:00:00+00:00,0.05399552370937241
2021-05-06 00:00:00+00:00,0.0036513593642509027
2021-05-07 00:00:00+00:00,-0.00820795888959439
2021-05-08 00:00:00+00:00,0.016324734816287
2021-05-09 00:00:00+00:00,0.006839397952726199
2021-05-10 00:00:00+00:00,-0.03226057085376219
2021-05-11 00:00:00+00:00,0.03133873226318882
2021-05-12 00:00:00+00:00,-0.062127136860266136
2021-05-13 00:00:00+00:00,0.005820386453784245
2021-05-14 00:00:00+00:00,0.022143316829683277
2021-05-15 00:00:00+00:00,-0.024325694185572157
2021-05-16 00:00:00+00:00,0.006199259097700306
2021-05-17 00:00:00+00:00,-0.024383991958842097
2021-05-18 00:00:00+00:00,0.017201077184109046
2021-05-19 00:00:00+00:00,-0.10593258501699251
2021-05-20 00:00:00+00:00,0.028396605471939642
2021-05-21 00:00:00+00:00,-0.016339176430072426
2021-05-22 00:00:00+00:00,-0.014720976856450917
2021-05-23 00:00:00+00:00,-0.002419830572442792
2021-05-24 00:00:00+00:00,-0.012188718435678722
2021-05-25 00:00:00+00:00,0.0013374671636803665
2021-05-26 00:00:00+00:00,-0.011776337495735463
2021-05-27 00:00:00+00:00,0.001709915665510127
2021-05-28 00:00:00+00:00,0.011844880530507057
2021-05-29 00:00:00+00:00,-0.0006021279160281554
2021-05-30 00:00:00+00:00,-0.006361626304971337
2021-05-31 00:00:00+00:00,-0.01854419286873509
2021-06-01 00:00:00+00:00,0.0010468011280413444
2021-06-02 00:00:00+00:00,-0.0166586039377986
2021-06-03 00:00:00+00:00,-0.017793491099280592
2021-06-04 00:00:00+00:00,0.01669033639129771
2021-06-05 00:00:00+00:00,0.004681935352388353
2021-06-06 00:00:00+00:00,-0.004071169685955505
2021-06-07 00:00:00+00:00,0.014604009668797466
2021-06-08 00:00:00+00:00,0.006389030434186286
2021-06-09 00:00:00+00:00,-0.024485996845812135
2021-06-10 00:00:00+00:00,0.009508512105634793
2021-06-11 00:00:00+00:00,0.0037620470070480506
2021-06-12 00:00:00+00:00,0.003885851782368941
2021-06-13 00:00:00+00:00,-0.02517286029426788
2021-06-14 00:00:00+00:00,-0.014390181527098762
2021-06-15 00:00:00+00:00,0.0065425661601295195
2021-06-16 00:00:00+00:00,0.014325152219626554
2021-06-17 00:00:00+00:00,-0.003987950832070192
2021-06-18 00:00:00+00:00,0.017555152546323786
2021-06-19 00:00:00+00:00,0.007343089521907083
2021-06-20 00:00:00+00:00,-0.00793509262729338
2021-06-21 00:00:00+00:00,0.09686245294397235
2021-06-22 00:00:00+00:00,-0.0031486983872583093
2021-06-23 00:00:00+00:00,-0.04007552328203556
2021-06-24 00:00:00+00:00,-0.015302933972081033
2021-06-25 00:00:00+00:00,0.03753082290333004
2021-06-26 00:00:00+00:00,-0.008742980282496163
2021-06-27 00:00:00+00:00,-0.017464173126358135
2021-06-28 00:00:00+00:00,-0.01967160707554986
2021-06-29 00:00:00+00:00,-0.019022312973426176
2021-06-30 00:00:00+00:00,-0.004032042654722036
2021-07-01 00:00:00+00:00,0.010381425828457665
2021-07-02 00:00:00+00:00,0.0030929596665088942
2021-07-03 00:00:00+00:00,-0.007891680544426195
2021-07-04 00:00:00+00:00,-0.009103140382140548
2021-07-05 00:00:00+00:00,0.024663202766617497
2021-07-06 00:00:00+00:00,-0.013395596944153843
2021-07-07 00:00:00+00:00,-0.00150278433351748
2021-07-08 00:00:00+00:00,0.017322338272608206
2021-07-09 00:00:00+00:00,-0.005383376095568713
2021-07-10 00:00:00+00:00,0.005848361628186964
2021-07-11 00:00:00+00:00,-0.00377777630123458
2021-07-12 00:00:00+00:00,0.007864887949754946
2021-07-13 00:00:00+00:00,0.0037709035934745186
2021-07-14 00:00:00+00:00,-0.0030426402926438906
2021-07-15 00:00:00+00:00,0.017287354090960143
2021-07-16 00:00:00+00:00,0.014150126409551466
2021-07-17 00:00:00+00:00,-0.003172196236049538
2021-07-18 00:00:00+00:00,-0.003811979481594451
2021-07-19 00:00:00+00:00,0.011973300814945504
2021-07-20 00:00:00+00:00,0.01602308095221035
2021-07-21 00:00:00+00:00,-0.03972899531426484
2021-07-22 00:00:00+00:00,-0.0165433952319412
2021-07-23 00:00:00+00:00,-0.009922746388737955
2021-07-24 00:00:00+00:00,-0.013841455195328084
2021-07-25 00:00:00+00:00,-0.004732515440595226
2021-07-26 00:00:00+00:00,-0.0145678026847279
2021-07-27 00:00:00+00:00,-0.015794545605913535
2021-07-28 00:00:00+00:00,-0.013833032888871293
2021-07-29 00:00:00+00:00,-0.014159382704789171
2021-07-30 00:00:00+00:00,-0.010562196142031372
2021-07-31 00:00:00+00:00,-0.007596470221083683
2021-08-01 00:00:00+00:00,-0.00838720956750605
2021-08-02 00:00:00+00:00,-0.0018642756983415503
2021-08-03 00:00:00+00:00,0.004152717202551738
2021-08-04 00:00:00+00:00,-0.0078359412282651
2021-08-05 00:00:00+00:00,-0.008973438635238905
2021-08-06 00:00:00+00:00,-0.015098633754446778
2021-08-07 00:00:00+00:00,-0.06077307953519318
2021-08-08 00:00:00+00:00,0.009316417214280186
2021-08-09 00:00:00+00:00,0.003213175270533724
2021-08-10 00:00:00+00:00,-0.012452444119371292
2021-08-11 00:00:00+00:00,-0.004534752520609302
2021-08-12 00:00:00+00:00,0.011615840610166326
2021-08-13 00:00:00+00:00,0.0238804507035839
2021-08-14 00:00:00+00:00,0.02745553000700579
2021-08-15 00:00:00+00:00,-0.018467731284262368
2021-08-16 00:00:00+00:00,-0.027244713641393768
2021-08-17 00:00:00+00:00,-0.023484974280470368
2021-08-18 00:00:00+00:00,0.04182637850438401
2021-08-19 00:00:00+00:00,0.02485841798932431
2021-08-20 00:00:00+00:00,0.027329942358997005
2021-08-21 00:00:00+00:00,0.031079675800645693
2021-08-22 00:00:00+00:00,-0.003971076067549817
2021-08-23 00:00:00+00:00,0.023727916284600872
2021-08-24 00:00:00+00:00,-0.023569748885094537
2021-08-25 00:00:00+00:00,0.014365014929939572
2021-08-26 00:00:00+00:00,-0.050747516846151315
2021-08-27 00:00:00+00:00,0.04954045798118983
2021-08-28 00:00:00+00:00,0.00023172946885288885
2021-08-29 00:00:00+00:00,-0.010897534979058725
2021-08-30 00:00:00+00:00,-0.002059576712342977
2021-08-31 00:00:00+00:00,0.009087769527124817
2021-09-01 00:00:00+00:00,0.031940447450916995
2021-09-02 00:00:00+00:00,0.009895010375512292
2021-09-03 00:00:00+00:00,0.018701359855403214
2021-09-04 00:00:00+00:00,-0.0036803778679775426
2021-09-05 00:00:00+00:00,0.005594021743966278
2021-09-06 00:00:00+00:00,0.009843512834301524
2021-09-07 00:00:00+00:00,-0.06650788560202249
2021-09-08 00:00:00+00:00,0.07776161951940806
2021-09-09 00:00:00+00:00,0.016704576337838638
2021-09-10 00:00:00+00:00,-0.01848839453985124
2021-09-11 00:00:00+00:00,0.01108627649780293
2021-09-12 00:00:00+00:00,0.046522010708922444
2021-09-13 00:00:00+00:00,-0.014976624778394058
2021-09-14 00:00:00+00:00,0.0031352082645549634
2021-09-15 00:00:00+00:00,0.013681141796271914
2021-09-16 00:00:00+00:00,0.0011209210342970229
2021-09-17 00:00:00+00:00,-0.029396260406215177
2021-09-18 00:00:00+00:00,0.014150097604926365
2021-09-19 00:00:00+00:00,-0.0003593021667522967
2021-09-20 00:00:00+00:00,-0.06903277319490222
2021-09-21 00:00:00+00:00,-0.020841453819725072
2021-09-22 00:00:00+00:00,0.05013798778305374
2021-09-23 00:00:00+00:00,0.014434599825696812
2021-09-24 00:00:00+00:00,-0.011252130978958837
2021-09-25 00:00:00+00:00,-0.013790207849649941
2021-09-26 00:00:00+00:00,-0.00428161416420733
2021-09-27 00:00:00+00:00,-0.011007533384006533
2021-09-28 00:00:00+00:00,-0.013303250340912152
2021-09-29 00:00:00+00:00,-0.0016408961202226042
2021-09-30 00:00:00+00:00,-0.0019963215302071053
2021-10-01 00:00:00+00:00,-0.008526232625448637
2021-10-02 00:00:00+00:00,0.003128637352745558
2021-10-03 00:00:00+00:00,-0.0014376498934702518
2021-10-04 00:00:00+00:00,0.0013044109550835277
2021-10-05 00:00:00+00:00,0.001530107952446887
2021-10-06 00:00:00+00:00,0.01615331081626833
2021-10-07 00:00:00+00:00,-0.009152355415474819
2021-10-08 00:00:00+00:00,0.006878902127964882
2021-10-09 00:00:00+00:00,0.002678781714340617
2021-10-10 00:00:00+00:00,-0.013771238537506897
2021-10-11 00:00:00+00:00,0.016027034951216
2021-10-12 00:00:00+00:00,-0.004954286068924778
2021-10-13 00:00:00+00:00,0.0193141677572516
2021-10-14 00:00:00+00:00,-0.0063902967906344
2021-10-15 00:00:00+00:00,0.002751089553763833
2021-10-16 00:00:00+00:00,-0.007864941125022586
2021-10-17 00:00:00+00:00,0.0007876622005853194
2021-10-18 00:00:00+00:00,-0.002206516911260718
2021-10-19 00:00:00+00:00,0.005473411107172668
2021-10-20 00:00:00+00:00,0.022375739215120705
2021-10-21 00:00:00+00:00,-0.013344250591876062
2021-10-22 00:00:00+00:00,-0.003414316364199231
2021-10-23 00:00:00+00:00,0.015366248350490745
2021-10-24 00:00:00+00:00,-0.006057782103154938
2021-10-25 00:00:00+00:00,0.0808355125745828
2021-10-26 00:00:00+00:00,-0.0183685676750812
2021-10-27 00:00:00+00:00,-0.006122186034073792
2021-10-28 00:00:00+00:00,0.01985446850456084
2021-10-29 00:00:00+00:00,0.017635157933200783
2021-10-30 00:00:00+00:00,-0.028644640701466006
2021-10-31 00:00:00+00:00,-0.010173514411130104
2021-11-01 00:00:00+00:00,0.02270039383542268
2021-11-02 00:00:00+00:00,0.024867052152825895
2021-11-03 00:00:00+00:00,-0.004162677620703265
2021-11-04 00:00:00+00:00,-0.005127062968395194
2021-11-05 00:00:00+00:00,-0.006568216712941365
2021-11-06 00:00:00+00:00,0.02792439586958483
2021-11-07 00:00:00+00:00,0.01061919004183838
2021-11-08 00:00:00+00:00,0.017391584677198466
2021-11-09 00:00:00+00:00,-0.014732647992540678
2021-11-10 00:00:00+00:00,-0.010571539596641828
2021-11-11 00:00:00+00:00,0.008918157144545016
2021-11-12 00:00:00+00:00,-0.005998000192988207
2021-11-13 00:00:00+00:00,0.009405260820737178
2021-11-14 00:00:00+00:00,0.014416933433631776
2021-11-15 00:00:00+00:00,-0.012911903858862019
2021-11-16 00:00:00+00:00,-0.03110619613296073
2021-11-17 00:00:00+00:00,0.0067932236218721485
2021-11-18 00:00:00+00:00,-0.028647451928378437
2021-11-19 00:00:00+00:00,0.005119891234680554
2021-11-20 00:00:00+00:00,0.010078079688631477
2021-11-21 00:00:00+00:00,0.007249187287036896
2021-11-22 00:00:00+00:00,0.011498991051757616
2021-11-23 00:00:00+00:00,-0.001749162273975979
2021-11-24 00:00:00+00:00,0.04188887136907616
2021-11-25 00:00:00+00:00,0.009211441720154385
2021-11-26 00:00:00+00:00,-0.0014224317066819068
2021-11-27 00:00:00+00:00,-0.012885691425651583
2021-11-28 00:00:00+00:00,-0.019715019175653766
2021-11-29 00:00:00+00:00,-0.026998416577879648
2021-11-30 00:00:00+00:00,-0.010867318396251765
2021-12-01 00:00:00+00:00,0.007870596762659911
2021-12-02 00:00:00+00:00,-0.031058460175267987
2021-12-03 00:00:00+00:00,0.02331003682304371
2021-12-04 00:00:00+00:00,0.09711985726786693
2021-12-05 00:00:00+00:00,0.026425388034889252
2021-12-06 00:00:00+00:00,-0.0072476629578264425
2021-12-07 00:00:00+00:00,-0.010906869457304251
2021-12-08 00:00:00+00:00,-0.02895314830892899
2021-12-09 00:00:00+00:00,0.06206532139025754
2021-12-10 00:00:00+00:00,0.025949294654523315
2021-12-11 00:00:00+00:00,-0.024181929041863198
2021-12-12 00:00:00+00:00,-0.007587235583878187
2021-12-13 00:00:00+00:00,0.048285287599424055
2021-12-14 00:00:00+00:00,-0.03120955498927623
2021-12-15 00:00:00+00:00,-0.024464140002568323
2021-12-16 00:00:00+00:00,-0.0013991286392722162
2021-12-17 00:00:00+00:00,0.01826341616392063
2021-12-18 00:00:00+00:00,-0.0044624129236428365
2021-12-19 00:00:00+00:00,-0.002138826532925431
2021-12-20 00:00:00+00:00,0.002374742243740067
2021-12-21 00:00:00+00:00,-0.010090388002368838
2021-12-22 00:00:00+00:00,-0.0021847696041644954
2021-12-23 00:00:00+00:00,-0.032605850882826054
2021-12-24 00:00:00+00:00,0.005873247966178684
2021-12-25 00:00:00+00:00,-0.0035994429403935777
2021-12-26 00:00:00+00:00,0.005115003174464504
2021-12-27 00:00:00+00:00,-0.017377610605075425
2021-12-28 00:00:00+00:00,0.023026144508935815
2021-12-29 00:00:00+00:00,0.016899364881198767
2021-12-30 00:00:00+00:00,0.0002504024365580097
2021-12-31 00:00:00+00:00,0.005998289824953564
2022-01-01 00:00:00+00:00,-0.0015243285149319729
2022-01-02 00:00:00+00:00,-0.01742178501225042
2022-01-03 00:00:00+00:00,0.02604464734326424
2022-01-04 00:00:00+00:00,0.0014074042666813037
2022-01-05 00:00:00+00:00,0.0344036720780544
2022-01-06 00:00:00+00:00,0.009652484650990127
2022-01-07 00:00:00+00:00,0.02152248210854378
2022-01-08 00:00:00+00:00,0.005810162472031089
2022-01-09 00:00:00+00:00,-0.008525627308149195
2022-01-10 00:00:00+00:00,0.036876212132548894
2022-01-11 00:00:00+00:00,-0.02583985946567551
2022-01-12 00:00:00+00:00,-0.03718411865625856
2022-01-13 00:00:00+00:00,0.023249294013957176
2022-01-14 00:00:00+00:00,-0.01343503747504109
2022-01-15 00:00:00+00:00,-0.01843938150516356
2022-01-16 00:00:00+00:00,-9.991018607992364e-05
2022-01-17 00:00:00+00:00,0.01697007201020433
2022-01-18 00:00:00+00:00,-0.0027126979974578308
2022-01-19 00:00:00+00:00,0.01320985474704574
2022-01-20 00:00:00+00:00,0.02437090859732748
2022-01-21 00:00:00+00:00,0.07779163598930748
2022-01-22 00:00:00+00:00,0.05697242483537356
2022-01-23 00:00:00+00:00,-0.01336634617537752
2022-01-24 00:00:00+00:00,0.026434837828026407
2022-01-25 00:00:00+00:00,-0.0014182359325035664
2022-01-26 00:00:00+00:00,-0.0184912489994952
2022-01-27 00:00:00+00:00,0.0034399246039552374
2022-01-28 00:00:00+00:00,-0.01792023494798735
2022-01-29 00:00:00+00:00,-0.017307010967458385
2022-01-30 00:00:00+00:00,0.01039488986425512
2022-01-31 00:00:00+00:00,-0.0142055149909827
2022-02-01 00:00:00+00:00,-0.009949993363471013
2022-02-02 00:00:00+00:00,0.011780313782450385
2022-02-03 00:00:00+00:00,-0.013691211779659986
2022-02-04 00:00:00+00:00,-0.032012406454100514
2022-02-05 00:00:00+00:00,-0.015160347852559212
2022-02-06 00:00:00+00:00,-0.0163160971196485
2022-02-07 00:00:00+00:00,-0.03367860340149313
2022-02-08 00:00:00+00:00,0.013393598945342703
2022-02-09 00:00:00+00:00,-0.008679286668187399
2022-02-10 00:00:00+00:00,0.015080843079922628
2022-02-11 00:00:00+00:00,0.02824204809046199
2022-02-12 00:00:00+00:00,0.0015444990952632228
2022-02-13 00:00:00+00:00,0.010124737824769532
2022-02-14 00:00:00+00:00,-0.009502628585765017
2022-02-15 00:00:00+00:00,-0.034285315873509
2022-02-16 00:00:00+00:00,-0.000677456390858746
2022-02-17 00:00:00+00:00,0.03317077898063696
2022-02-18 00:00:00+00:00,0.006746606409193267
2022-02-19 00:00:00+00:00,-0.00117404121104683
2022-02-20 00:00:00+00:00,0.017417774521166565
2022-02-21 00:00:00+00:00,0.026138684375911533
2022-02-22 00:00:00+00:00,-0.017770029677099952
2022-02-23 00:00:00+00:00,0.01681278869034525
2022-02-24 00:00:00+00:00,0.002195839849054068
2022-02-25 00:00:00+00:00,-0.038367803832356356
2022-02-26 00:00:00+00:00,0.010458093984746794
2022-02-27 00:00:00+00:00,0.011558640780799403
2022-02-28 00:00:00+00:00,-0.03815567583257402
2022-03-01 00:00:00+00:00,-0.004949089653577382
2022-03-02 00:00:00+00:00,0.0135522311607117
2022-03-03 00:00:00+00:00,0.03170260147195015
2022-03-04 00:00:00+00:00,0.026333793620129588
2022-03-05 00:00:00+00:00,-0.018233056026704785
2022-03-06 00:00:00+00:00,0.012812585092211136
2022-03-07 00:00:00+00:00,0.02796002712878546
2022-03-08 00:00:00+00:00,-0.01294338691033313
2022-03-09 00:00:00+00:00,-0.012784017926553438
2022-03-10 00:00:00+00:00,0.027095218247676238
2022-03-11 00:00:00+00:00,-0.01176366156183678
2022-03-12 00:00:00+00:00,0.0038232990873878583
2022-03-13 00:00:00+00:00,0.01326702860497274
2022-03-14 00:00:00+00:00,-0.013993513169152812
2022-03-15 00:00:00+00:00,-0.0030174472094369074
2022-03-16 00:00:00+00:00,-0.019772516430251092
2022-03-17 00:00:00+00:00,-0.003209686555950495
2022-03-18 00:00:00+00:00,-0.004233972410248733
2022-03-19 00:00:00+00:00,-0.028076827467167158
2022-03-20 00:00:00+00:00,0.01198578464371476
2022-03-21 00:00:00+00:00,-0.015330315198564249
2022-03-22 00:00:00+00:00,-0.00665705383601298
2022-03-23 00:00:00+00:00,-0.025795075776190834
2022-03-24 00:00:00+00:00,-0.0006207555280388023
2022-03-25 00:00:00+00:00,0.0003147257632050993
2022-03-26 00:00:00+00:00,-0.0013491405764123078
2022-03-27 00:00:00+00:00,-0.0016932187942498695
2022-03-28 00:00:00+00:00,-0.012323359413161325
2022-03-29 00:00:00+00:00,0.009596794112991911
2022-03-30 00:00:00+00:00,0.0025387139248375357
2022-03-31 00:00:00+00:00,-0.008553643011121331
2022-04-01 00:00:00+00:00,0.01676642495475088
2022-04-02 00:00:00+00:00,-0.0033779324698506134
2022-04-03 00:00:00+00:00,0.006007341087853887
2022-04-04 00:00:00+00:00,-0.01736823277133815
2022-04-05 00:00:00+00:00,-0.023763609468192778
2022-04-06 00:00:00+00:00,-0.05669104797228318
2022-04-07 00:00:00+00:00,0.02194901718374476
2022-04-08 00:00:00+00:00,-0.004843364612524168
2022-04-09 00:00:00+00:00,0.01753975151659049
2022-04-10 00:00:00+00:00,-0.01309808445549684
2022-04-11 00:00:00+00:00,-0.009883968882735093
2022-04-12 00:00:00+00:00,0.009576691281222788
2022-04-13 00:00:00+00:00,-0.00951275515297503
2022-04-14 00:00:00+00:00,-0.0018548550531133877
2022-04-15 00:00:00+00:00,-0.03105199267183405
2022-04-16 00:00:00+00:00,-0.011819401854382126
2022-04-17 00:00:00+00:00,0.0264566158430993
2022-04-18 00:00:00+00:00,-0.0020178961912014678
2022-04-19 00:00:00+00:00,-0.027999669777656597
2022-04-20 00:00:00+00:00,0.02468163566382036
2022-04-21 00:00:00+00:00,0.03845214137356006
2022-04-22 00:00:00+00:00,-0.01610981068704083
2022-04-23 00:00:00+00:00,0.017484071151370368
2022-04-24 00:00:00+00:00,-0.0054297891590557815
2022-04-25 00:00:00+00:00,0.004248435974738081
2022-04-26 00:00:00+00:00,0.03578137686047195
2022-04-27 00:00:00+00:00,-0.012728810163284952
2022-04-28 00:00:00+00:00,-0.0008310222871924845
2022-04-29 00:00:00+00:00,0.04227940188607209
2022-04-30 00:00:00+00:00,0.07315131913997867
2022-05-01 00:00:00+00:00,-0.04067806776324202
2022-05-02 00:00:00+00:00,0.007427122883735759
2022-05-03 00:00:00+00:00,-0.0007045441169026834
2022-05-04 00:00:00+00:00,-0.0733717736089316
2022-05-05 00:00:00+00:00,0.054172161711477894
2022-05-06 00:00:00+00:00,0.008926230680700949
2022-05-07 00:00:00+00:00,0.022327229688205722
2022-05-08 00:00:00+00:00,0.02265002110199609
2022-05-09 00:00:00+00:00,0.08347280446471973
2022-05-10 00:00:00+00:00,-0.03624182505183524
2022-05-11 00:00:00+00:00,0.06536521154586197
2022-05-12 00:00:00+00:00,0.015046929137886531
2022-05-13 00:00:00+00:00,-0.021904151083500255
2022-05-14 00:00:00+00:00,-0.010952156208921614
2022-05-15 00:00:00+00:00,-0.02132855641975522
2022-05-16 00:00:00+00:00,0.022414967844455236
2022-05-17 00:00:00+00:00,-0.01360170092642786
2022-05-18 00:00:00+00:00,0.025536419351858804
2022-05-19 00:00:00+00:00,-0.007662688767267925
2022-05-20 00:00:00+00:00,0.017429248488126936
2022-05-21 00:00:00+00:00,-0.006566793838506711
2022-05-22 00:00:00+00:00,-0.009734567303913633
2022-05-23 00:00:00+00:00,0.018170808048606837
2022-05-24 00:00:00+00:00,0.0018516789764748045
2022-05-25 00:00:00+00:00,0.008981359973801565
2022-05-26 00:00:00+00:00,0.022349458309294426
2022-05-27 00:00:00+00:00,0.008429942581278072
2022-05-28 00:00:00+00:00,-0.01009010559130912
2022-05-29 00:00:00+00:00,-0.00822344244031387
2022-05-30 00:00:00+00:00,-0.04681869165075515
2022-05-31 00:00:00+00:00,0.00070807530970259
2022-06-01 00:00:00+00:00,0.020916096733655548
2022-06-02 00:00:00+00:00,-0.004492799256051587
2022-06-03 00:00:00+00:00,0.011741304926456994
2022-06-04 00:00:00+00:00,-0.007900681097560477
2022-06-05 00:00:00+00:00,-0.002294888561450262
2022-06-06 00:00:00+00:00,-0.01154971936552067
2022-06-07 00:00:00+00:00,0.008965806952521898
2022-06-08 00:00:00+00:00,0.008383648722339012
2022-06-09 00:00:00+00:00,0.0011757711542320995
2022-06-10 00:00:00+00:00,0.011099889200898529
2022-06-11 00:00:00+00:00,0.019892864846205272
2022-06-12 00:00:00+00:00,0.020968376803791572
2022-06-13 00:00:00+00:00,0.03995641392314547
2022-06-14 00:00:00+00:00,-0.0043192486736454315
2022-06-15 00:00:00+00:00,-0.015405273157054861
2022-06-16 00:00:00+00:00,0.04460334522771265
2022-06-17 00:00:00+00:00,-0.01667454080529664
2022-06-18 00:00:00+00:00,0.02934619672696295
2022-06-19 00:00:00+00:00,-0.03470040946068431
2022-06-20 00:00:00+00:00,-0.008082744359305418
2022-06-21 00:00:00+00:00,-0.024600479683010386
2022-06-22 00:00:00+00:00,0.019883326063364102
2022-06-23 00:00:00+00:00,-0.022686925168184408
2022-06-24 00:00:00+00:00,-0.020807840360995176
2022-06-25 00:00:00+00:00,-0.0007875993319748908
2022-06-26 00:00:00+00:00,0.012355410679898276
2022-06-27 00:00:00+00:00,-0.004871807415472216
2022-06-28 00:00:00+00:00,0.013759907624333398
2022-06-29 00:00:00+00:00,0.008780366081207436
2022-06-30 00:00:00+00:00,0.0018774617721712698
2022-07-01 00:00:00+00:00,0.009007728544419096
2022-07-02 00:00:00+00:00,-0.009979736053642987
2022-07-03 00:00:00+00:00,0.00020646030643884606
2022-07-04 00:00:00+00:00,-0.014674013994912468
2022-07-05 00:00:00+00:00,0.01875647274249214
2022-07-06 00:00:00+00:00,-0.00957716233762348
2022-07-07 00:00:00+00:00,-0.013404880195141284
2022-07-08 00:00:00+00:00,0.007288858517927064
2022-07-09 00:00:00+00:00,-0.007675131026185283
2022-07-10 00:00:00+00:00,0.019921199417723554
2022-07-11 00:00:00+00:00,0.020554300659376714
2022-07-12 00:00:00+00:00,0.008213914880974537
2022-07-13 00:00:00+00:00,-0.012717530686351381
2022-07-14 00:00:00+00:00,0.008485044984870871
2022-07-15 00:00:00+00:00,-0.009390095202200455
2022-07-16 00:00:00+00:00,-0.015161602705459803
2022-07-17 00:00:00+00:00,-0.007490478583350655
2022-07-18 00:00:00+00:00,-0.03155275864197951
2022-07-19 00:00:00+00:00,-0.032020312516509275
2022-07-20 00:00:00+00:00,0.006284985790301509
2022-07-21 00:00:00+00:00,0.015063284721912054
2022-07-22 00:00:00+00:00,0.008101279194800623
2022-07-23 00:00:00+00:00,-0.006012866610069485
2022-07-24 00:00:00+00:00,-0.006532816134042956
2022-07-25 00:00:00+00:00,0.03647212165171846
2022-07-26 00:00:00+00:00,-0.004503361804409612
2022-07-27 00:00:00+00:00,-0.021892838954812255
2022-07-28 00:00:00+00:00,0.012297072034033765
2022-07-29 00:00:00+00:00,-0.00618066857098243
2022-07-30 00:00:00+00:00,-0.041913358684447524
2022-07-31 00:00:00+00:00,-0.020287647285517817
2022-08-01 00:00:00+00:00,-0.005351814297996432
2022-08-02 00:00:00+00:00,-0.009638116600358227
2022-08-03 00:00:00+00:00,0.0017976139909101755
2022-08-04 00:00:00+00:00,-0.001263434807801867
2022-08-05 00:00:00+00:00,-0.01221347957216882
2022-08-06 00:00:00+00:00,0.002717351485513057
2022-08-07 00:00:00+00:00,0.0003696079999233954
2022-08-08 00:00:00+00:00,0.004147792190664371
2022-08-09 00:00:00+00:00,-0.004700969547742493
2022-08-10 00:00:00+00:00,0.015148014164092637
2022-08-11 00:00:00+00:00,-0.01348220665880531
2022-08-12 00:00:00+00:00,0.020709058131082213
2022-08-13 00:00:00+00:00,-0.008316705317171455
2022-08-14 00:00:00+00:00,0.02361414209757415
2022-08-15 00:00:00+00:00,-0.017048450805323637
2022-08-16 00:00:00+00:00,0.017018814252588207
2022-08-17 00:00:00+00:00,-0.017033204754457024
2022-08-18 00:00:00+00:00,-0.036291291230039074
2022-08-19 00:00:00+00:00,-0.06770655645453015
2022-08-20 00:00:00+00:00,-0.019820336337800972
2022-08-21 00:00:00+00:00,0.009390385692031777
2022-08-22 00:00:00+00:00,0.026629801249158928
2022-08-23 00:00:00+00:00,0.01860805871930516
2022-08-24 00:00:00+00:00,0.006320025056715075
2022-08-25 00:00:00+00:00,-0.016196647006176568
2022-08-26 00:00:00+00:00,0.006625132033675107
2022-08-27 00:00:00+00:00,-0.004728598593982016
2022-08-28 00:00:00+00:00,0.00289430245787074
2022-08-29 00:00:00+00:00,-0.02760922007991447
2022-08-30 00:00:00+00:00,0.00038196384100538494
2022-08-31 00:00:00+00:00,0.0076571955773907935
2022-09-01 00:00:00+00:00,-0.0009852774179212893
2022-09-02 00:00:00+00:00,0.004878757632451361
2022-09-03 00:00:00+00:00,-0.007725121859639227
2022-09-04 00:00:00+00:00,-0.014206675334278544
2022-09-05 00:00:00+00:00,-0.0038251568672149814
2022-09-06 00:00:00+00:00,0.03130958358867397
2022-09-07 00:00:00+00:00,-0.01768092717826373
2022-09-08 00:00:00+00:00,-0.001672322775336506
2022-09-09 00:00:00+00:00,-0.04971091312252066
2022-09-10 00:00:00+00:00,-0.016312340306094904
2022-09-11 00:00:00+00:00,0.00111337038893414
2022-09-12 00:00:00+00:00,-0.02013459035495002
2022-09-13 00:00:00+00:00,-0.015454017430307799
2022-09-14 00:00:00+00:00,-0.005540896395872816
2022-09-15 00:00:00+00:00,0.00908261875119327
2022-09-16 00:00:00+00:00,0.011140948160863374
2022-09-17 00:00:00+00:00,-0.015390479618560614
2022-09-18 00:00:00+00:00,0.052451478692960504
2022-09-19 00:00:00+00:00,0.003913684057436507
2022-09-20 00:00:00+00:00,0.013582022428152275
2022-09-21 00:00:00+00:00,0.0036051459627208034
2022-09-22 00:00:00+00:00,0.025827294273649416
2022-09-23 00:00:00+00:00,0.001133783836099917
2022-09-24 00:00:00+00:00,0.003679661674613947
2022-09-25 00:00:00+00:00,0.0076463864703765405
2022-09-26 00:00:00+00:00,-0.029463277840403167
2022-09-27 00:00:00+00:00,0.004236441166056477
2022-09-28 00:00:00+00:00,-0.002217349038655945
2022-09-29 00:00:00+00:00,-0.010192331739778434
2022-09-30 00:00:00+00:00,0.002539651269882975
2022-10-01 00:00:00+00:00,0.0006392493691383358
2022-10-02 00:00:00+00:00,0.02218113550359175
2022-10-03 00:00:00+00:00,-0.02783730793238273
2022-10-04 00:00:00+00:00,-0.017256197546462064
2022-10-05 00:00:00+00:00,0.006531737055777204
2022-10-06 00:00:00+00:00,0.005977707118331326
2022-10-07 00:00:00+00:00,0.0015528343671253456
2022-10-08 00:00:00+00:00,0.009445369995988355
2022-10-09 00:00:00+00:00,-0.006291144139555671
2022-10-10 00:00:00+00:00,0.0520833548418674
2022-10-11 00:00:00+00:00,0.009221524228344694
2022-10-12 00:00:00+00:00,0.012136213753799283
2022-10-13 00:00:00+00:00,0.01766873012275954
2022-10-14 00:00:00+00:00,0.01804125019065577
2022-10-15 00:00:00+00:00,0.0008194859103248249
2022-10-16 00:00:00+00:00,-0.03636910740360468
2022-10-17 00:00:00+00:00,-0.020959726209565755
2022-10-18 00:00:00+00:00,0.03144434304755434
2022-10-19 00:00:00+00:00,0.052661499878521346
2022-10-20 00:00:00+00:00,-0.004194126294976687
2022-10-21 00:00:00+00:00,-0.01468911342584779
2022-10-22 00:00:00+00:00,-0.007354969421088898
2022-10-23 00:00:00+00:00,-0.018987708174155453
2022-10-24 00:00:00+00:00,0.022246891073966362
2022-10-25 00:00:00+00:00,-0.048677083782438665
2022-10-26 00:00:00+00:00,-0.007272905309343773
2022-10-27 00:00:00+00:00,0.014713552543433045
2022-10-28 00:00:00+00:00,-0.01335344790947984
2022-10-29 00:00:00+00:00,0.004414229489049263
2022-10-30 00:00:00+00:00,-0.036191168948425216
2022-10-31 00:00:00+00:00,0.03053279321870525
2022-11-01 00:00:00+00:00,0.02539598403274937
2022-11-02 00:00:00+00:00,-0.004478528023186873
2022-11-03 00:00:00+00:00,-0.0223904521354864
2022-11-04 00:00:00+00:00,-0.013406684271047388
2022-11-05 00:00:00+00:00,-0.01227941973088054
2022-11-06 00:00:00+00:00,0.0143178455179483
2022-11-07 00:00:00+00:00,0.011062705286778472
2022-11-08 00:00:00+00:00,0.018467209826260742
2022-11-09 00:00:00+00:00,0.07165091354691566
2022-11-10 00:00:00+00:00,-0.1386788612615315
2022-11-11 00:00:00+00:00,0.035853693092447896
2022-11-12 00:00:00+00:00,0.018222746405763043
2022-11-13 00:00:00+00:00,0.026452017380002385
2022-11-14 00:00:00+00:00,-0.022504801425066123
2022-11-15 00:00:00+00:00,-0.0068177352468361705
2022-11-16 00:00:00+00:00,0.004801528974013575
2022-11-17 00:00:00+00:00,0.006376675281107134
2022-11-18 00:00:00+00:00,0.005806702369417995
2022-11-19 00:00:00+00:00,-0.004440789199394835
2022-11-20 00:00:00+00:00,0.021370749250563825
2022-11-21 00:00:00+00:00,0.006676975771707352
2022-11-22 00:00:00+00:00,-0.017898908333315082
2022-11-23 00:00:00+00:00,-0.014322214259687759
2022-11-24 00:00:00+00:00,0.003911357195690587
2022-11-25 00:00:00+00:00,0.0004004472967088886
2022-11-26 00:00:00+00:00,0.005025955576387955
2022-11-27 00:00:00+00:00,-0.0060064165193472584
2022-11-28 00:00:00+00:00,0.005495166439177291
2022-11-29 00:00:00+00:00,-0.003460370458284334
2022-11-30 00:00:00+00:00,-0.018401174073593766
2022-12-01 00:00:00+00:00,0.008376254344049195
2022-12-02 00:00:00+00:00,-0.010805978846381955
2022-12-03 00:00:00+00:00,0.009032955364471755
2022-12-04 00:00:00+00:00,-0.007231885421554958
2022-12-05 00:00:00+00:00,-0.0012108419395521165
2022-12-06 00:00:00+00:00,-0.00646041238516253
2022-12-07 00:00:00+00:00,0.01632883748244946
2022-12-08 00:00:00+00:00,-0.005338850168678906
2022-12-09 00:00:00+00:00,0.00529698519795248
2022-12-10 00:00:00+00:00,0.0008231207674029507
2022-12-11 00:00:00+00:00,0.009342202322624383
2022-12-12 00:00:00+00:00,0.01867453349234059
2022-12-13 00:00:00+00:00,-0.01692036388716343
2022-12-14 00:00:00+00:00,0.018363803489183164
2022-12-15 00:00:00+00:00,0.008831198965643257
2022-12-16 00:00:00+00:00,0.11271437509833311
2022-12-17 00:00:00+00:00,-0.03511095385593059
2022-12-18 00:00:00+00:00,0.005061031151063438
2022-12-19 00:00:00+00:00,0.04641306807905414
2022-12-20 00:00:00+00:00,-0.031177045449439077
2022-12-21 00:00:00+00:00,0.011285039630056977
2022-12-22 00:00:00+00:00,-0.015083200845604836
2022-12-23 00:00:00+00:00,-0.005289540793904991
2022-12-24 00:00:00+00:00,0.001440239636050094
2022-12-25 00:00:00+00:00,0.003421571800752443
2022-12-26 00:00:00+00:00,-0.010561155382839844
2022-12-27 00:00:00+00:00,0.015252576442190755
2022-12-28 00:00:00+00:00,0.023608864994882205
2022-12-29 00:00:00+00:00,0.005253317377352685
2022-12-30 00:00:00+00:00,0.0038686262856104095
2022-12-31 00:00:00+00:00,0.00030498450378258504
2023-01-01 00:00:00+00:00,-0.005435874804998946
2023-01-02 00:00:00+00:00,-0.015280879024635818
2023-01-03 00:00:00+00:00,0.004018821378483692
2023-01-04 00:00:00+00:00,-0.015761616235950376
2023-01-05 00:00:00+00:00,-0.005765730698956389
2023-01-06 00:00:00+00:00,0.002861263844161949
2023-01-07 00:00:00+00:00,-0.008724724215177376
2023-01-08 00:00:00+00:00,0.023462704843957932
2023-01-09 00:00:00+00:00,-0.004731943457408743
2023-01-10 00:00:00+00:00,-0.011959943179627735
2023-01-11 00:00:00+00:00,-0.01821828262115722
2023-01-12 00:00:00+00:00,0.013222058516825622
2023-01-13 00:00:00+00:00,0.017507182251824883
2023-01-14 00:00:00+00:00,0.016979730779212426
2023-01-15 00:00:00+00:00,-0.0010779153329263389
2023-01-16 00:00:00+00:00,0.0038455795507146705
2023-01-17 00:00:00+00:00,-0.008325242595314536
2023-01-18 00:00:00+00:00,-0.02447170581262695
2023-01-19 00:00:00+00:00,0.01959905169741541
2023-01-20 00:00:00+00:00,0.11467192109133453
2023-01-21 00:00:00+00:00,-0.012124381343087638
2023-01-22 00:00:00+00:00,0.006271900430672248
2023-01-23 00:00:00+00:00,-0.0031380025858646224
2023-01-24 00:00:00+00:00,-0.03498114691555413
2023-01-25 00:00:00+00:00,0.08308217709459549
2023-01-26 00:00:00+00:00,-0.0031407510102725972
2023-01-27 00:00:00+00:00,0.009317990116483911
2023-01-28 00:00:00+00:00,-0.00768568855887843
2023-01-29 00:00:00+00:00,0.017197493660655445
2023-01-30 00:00:00+00:00,-0.016630953841865696
2023-01-31 00:00:00+00:00,0.011513161527643034
2023-02-01 00:00:00+00:00,0.0361624397480152
2023-02-02 00:00:00+00:00,-0.014248662407590552
2023-02-03 00:00:00+00:00,0.004017437462435194
2023-02-04 00:00:00+00:00,0.00496409438280076
2023-02-05 00:00:00+00:00,-0.013723756755656126
2023-02-06 00:00:00+00:00,-0.007588100578998087
2023-02-07 00:00:00+00:00,0.027528234348903814
2023-02-08 00:00:00+00:00,-0.017986743502216893
2023-02-09 00:00:00+00:00,-0.05388812445792747
2023-02-10 00:00:00+00:00,-0.005137969505323594
2023-02-11 00:00:00+00:00,0.017115158568220573
2023-02-12 00:00:00+00:00,-0.002105379422041333
2023-02-13 00:00:00+00:00,-0.010789732980407892
2023-02-14 00:00:00+00:00,0.016971240752358063
2023-02-15 00:00:00+00:00,0.03864461779719743
2023-02-16 00:00:00+00:00,-0.024241802670395298
2023-02-17 00:00:00+00:00,0.02531698417686118
2023-02-18 00:00:00+00:00,0.002618598119793733
2023-02-19 00:00:00+00:00,-0.011456205624059275
2023-02-20 00:00:00+00:00,0.006161781876018011
2023-02-21 00:00:00+00:00,-0.017384924261929734
2023-02-22 00:00:00+00:00,-0.00746205202374287
2023-02-23 00:00:00+00:00,-0.005577802579621094
2023-02-24 00:00:00+00:00,-0.02370655406677736
2023-02-25 00:00:00+00:00,-0.006496305737706134
2023-02-26 00:00:00+00:00,0.02381670251659274
2023-02-27 00:00:00+00:00,-0.003620931335357559
2023-02-28 00:00:00+00:00,-0.01669311738652677
2023-03-01 00:00:00+00:00,0.009063483307331675
2023-03-02 00:00:00+00:00,-0.006189779150341672
2023-03-03 00:00:00+00:00,-0.03217987143611623
2023-03-04 00:00:00+00:00,-0.01786188662260386
2023-03-05 00:00:00+00:00,0.0012678576756160005
2023-03-06 00:00:00+00:00,-0.003770975930212645
2023-03-07 00:00:00+00:00,-0.00047737995791956057
2023-03-08 00:00:00+00:00,0.007155279816991513
2023-03-09 00:00:00+00:00,0.012245419219546746
2023-03-10 00:00:00+00:00,0.008980395716192791
2023-03-11 00:00:00+00:00,-0.004346092935428934
2023-03-12 00:00:00+00:00,-0.0260081618583518
2023-03-13 00:00:00+00:00,-0.02036466009386088
2023-03-14 00:00:00+00:00,-0.009226819571494283
2023-03-15 00:00:00+00:00,0.03352982796256481
2023-03-16 00:00:00+00:00,-0.0056822128663597616
2023-03-17 00:00:00+00:00,-0.02071095545754138
2023-03-18 00:00:00+00:00,0.008293942305274585
2023-03-19 00:00:00+00:00,-0.012860457230111077
2023-03-20 00:00:00+00:00,0.014866414186580542
2023-03-21 00:00:00+00:00,-0.008930032290446269
2023-03-22 00:00:00+00:00,-0.016730217916981777
2023-03-23 00:00:00+00:00,-0.002583469191622312
2023-03-24 00:00:00+00:00,0.0038139488364772184
2023-03-25 00:00:00+00:00,-0.002723532946336742
2023-03-26 00:00:00+00:00,0.004505626386980546
2023-03-27 00:00:00+00:00,-0.008820414840917442
2023-03-28 00:00:00+00:00,0.015773592020133103
2023-03-29 00:00:00+00:00,0.004420644920810436
2023-03-30 00:00:00+00:00,0.018824073778008373
2023-03-31 00:00:00+00:00,0.02108784585475487
2023-04-01 00:00:00+00:00,-0.017360932007341692
2023-04-02 00:00:00+00:00,0.0017809354330585278
2023-04-03 00:00:00+00:00,0.01756427170222554
2023-04-04 00:00:00+00:00,-0.019778563728321975
2023-04-05 00:00:00+00:00,0.00041319232935037385
2023-04-06 00:00:00+00:00,-0.009240660111339886
2023-04-07 00:00:00+00:00,-0.010541209635622752
2023-04-08 00:00:00+00:00,-0.019114342679458933
2023-04-09 00:00:00+00:00,0.01181216198733938
2023-04-10 00:00:00+00:00,0.03531028583433282
2023-04-11 00:00:00+00:00,0.006532112552752635
2023-04-12 00:00:00+00:00,-0.0012750458505680635
2023-04-13 00:00:00+00:00,0.01773482977663948
2023-04-14 00:00:00+00:00,0.02290629956159292
2023-04-15 00:00:00+00:00,0.005610842852037636
2023-04-16 00:00:00+00:00,0.02911388381987843
2023-04-17 00:00:00+00:00,-0.01586243838608022
2023-04-18 00:00:00+00:00,0.020335273337081752
2023-04-19 00:00:00+00:00,-0.076714308106431
2023-04-20 00:00:00+00:00,-0.025883496220449782
2023-04-21 00:00:00+00:00,-0.03716647854166198
2023-04-22 00:00:00+00:00,0.010070959663839632
2023-04-23 00:00:00+00:00,-0.00875391947332082
2023-04-24 00:00:00+00:00,-0.005580919809618727
2023-04-25 00:00:00+00:00,-0.0001645403886795814
2023-04-26 00:00:00+00:00,0.0176687448608494
2023-04-27 00:00:00+00:00,-0.007105215229947965
2023-04-28 00:00:00+00:00,-0.009617246846027199
2023-04-29 00:00:00+00:00,-0.015535460831315144
2023-04-30 00:00:00+00:00,0.017581854068159108
2023-05-01 00:00:00+00:00,0.0022370483598166
2023-05-02 00:00:00+00:00,-0.011416789608810337
2023-05-03 00:00:00+00:00,-0.017989307988766336
2023-05-04 00:00:00+00:00,0.030085315879392484
2023-05-05 00:00:00+00:00,-0.007075435748299173
2023-05-06 00:00:00+00:00,0.050987055178973714
2023-05-07 00:00:00+00:00,-0.0007000551520707711
2023-05-08 00:00:00+00:00,0.07311937333346262
2023-05-09 00:00:00+00:00,-0.016925039789215154
2023-05-10 00:00:00+00:00,-0.02233923933086518
2023-05-11 00:00:00+00:00,0.042630224675672936
2023-05-12 00:00:00+00:00,-0.016172544553866172
2023-05-13 00:00:00+00:00,0.01238101968600215
2023-05-14 00:00:00+00:00,-0.004265193753524176
2023-05-15 00:00:00+00:00,-0.0027106061445269385
2023-05-16 00:00:00+00:00,0.0020538398659725944
2023-05-17 00:00:00+00:00,-0.01082194332086049
2023-05-18 00:00:00+00:00,0.0003519632484527402
2023-05-19 00:00:00+00:00,-0.0033643591301479488
2023-05-20 00:00:00+00:00,0.0035699391666731933
2023-05-21 00:00:00+00:00,0.015631000594257646
2023-05-22 00:00:00+00:00,-0.0051558514629419655
2023-05-23 00:00:00+00:00,0.004440517113945261
2023-05-24 00:00:00+00:00,0.026677681231686137
2023-05-25 00:00:00+00:00,-0.004074639832388136
2023-05-26 00:00:00+00:00,-0.004143515922494619
2023-05-27 00:00:00+00:00,-0.007406284119735671
2023-05-28 00:00:00+00:00,-0.02366175646847401
2023-05-29 00:00:00+00:00,0.004722923812180985
2023-05-30 00:00:00+00:00,0.007557189801690802
2023-05-31 00:00:00+00:00,0.002699606633816328
2023-06-01 00:00:00+00:00,6.435056872563182e-05
2023-06-02 00:00:00+00:00,0.009289514689197614
2023-06-03 00:00:00+00:00,-0.006420202583132293
2023-06-04 00:00:00+00:00,-0.02995602974079262
2023-06-05 00:00:00+00:00,0.04901076740159488
2023-06-06 00:00:00+00:00,-0.014659241787299913
2023-06-07 00:00:00+00:00,0.047269894959326264
2023-06-08 00:00:00+00:00,-0.004380918249753508
2023-06-09 00:00:00+00:00,0.007197178807504314
2023-06-10 00:00:00+00:00,0.13132924114733033
2023-06-11 00:00:00+00:00,0.006844330879416275
2023-06-12 00:00:00+00:00,-0.015687767322064727
2023-06-13 00:00:00+00:00,-0.004777100068461484
2023-06-14 00:00:00+00:00,0.0135566756660078
2023-06-15 00:00:00+00:00,-0.002941309375475348
2023-06-16 00:00:00+00:00,-0.015938554129957927
2023-06-17 00:00:00+00:00,-0.013235079561648674
2023-06-18 00:00:00+00:00,-0.000606679900052676
2023-06-19 00:00:00+00:00,-0.0037155730278534693
2023-06-20 00:00:00+00:00,-0.02236176424586119
2023-06-21 00:00:00+00:00,-0.02263400462326877
2023-06-22 00:00:00+00:00,-0.0027228296006997542
2023-06-23 00:00:00+00:00,-0.018394867142859483
2023-06-24 00:00:00+00:00,0.0015736206751256372
2023-06-25 00:00:00+00:00,-0.033065509414943135
2023-06-26 00:00:00+00:00,0.020773099359809796
2023-06-27 00:00:00+00:00,0.001796874679976977
2023-06-28 00:00:00+00:00,0.025105142762228458
2023-06-29 00:00:00+00:00,0.0018635138460654896
2023-06-30 00:00:00+00:00,0.007532334786381163
2023-07-01 00:00:00+00:00,-0.019290839319767317
2023-07-02 00:00:00+00:00,0.0066333974789676555
2023-07-03 00:00:00+00:00,-0.014714341492138865
2023-07-04 00:00:00+00:00,0.0007522033472002858
2023-07-05 00:00:00+00:00,0.008697798414364275
2023-07-06 00:00:00+00:00,0.0026833185990142424
2023-07-07 00:00:00+00:00,0.0032187908251084456
2023-07-08 00:00:00+00:00,-0.004529330085630199
2023-07-09 00:00:00+00:00,-0.0031770948336933996
2023-07-10 00:00:00+00:00,-0.002436650192279715
2023-07-11 00:00:00+00:00,0.0003095354804518197
2023-07-12 00:00:00+00:00,-0.0027363265074204384
2023-07-13 00:00:00+00:00,-0.01865279907996176
2023-07-14 00:00:00+00:00,-0.00854481872193346
2023-07-15 00:00:00+00:00,-0.006886944730433755
2023-07-16 00:00:00+00:00,0.0034925258530443663
2023-07-17 00:00:00+00:00,-0.015614553277277165
2023-07-18 00:00:00+00:00,0.011005306694039036
2023-07-19 00:00:00+00:00,0.019243328601330184
2023-07-20 00:00:00+00:00,0.00476224233149747
2023-07-21 00:00:00+00:00,-0.02239097453085067
2023-07-22 00:00:00+00:00,0.003926803575193952
2023-07-23 00:00:00+00:00,-0.008826740128991074
2023-07-24 00:00:00+00:00,-0.004554913897372797
2023-07-25 00:00:00+00:00,0.004676446295832625
2023-07-26 00:00:00+00:00,-0.0030376602169759842
2023-07-27 00:00:00+00:00,-0.002706239357440751
2023-07-28 00:00:00+00:00,0.0026674121432921486
2023-07-29 00:00:00+00:00,-0.003163873707858246
2023-07-30 00:00:00+00:00,0.001996034877146212
2023-07-31 00:00:00+00:00,0.0034308046753311686
2023-08-01 00:00:00+00:00,-0.022942865289071353
2023-08-02 00:00:00+00:00,0.004122155405184355
2023-08-03 00:00:00+00:00,0.01622188045262179
2023-08-04 00:00:00+00:00,0.002778823635037748
2023-08-05 00:00:00+00:00,0.01064918908756827
2023-08-06 00:00:00+00:00,-0.020359796952800272
2023-08-07 00:00:00+00:00,0.012986149234002714
2023-08-08 00:00:00+00:00,-0.02984856075189192
2023-08-09 00:00:00+00:00,-0.022477571233793094
2023-08-10 00:00:00+00:00,0.003432794289012165
2023-08-11 00:00:00+00:00,0.0036145866032518963
2023-08-12 00:00:00+00:00,0.010216573582967537
2023-08-13 00:00:00+00:00,-0.008379423628310314
2023-08-14 00:00:00+00:00,-0.005632747521314078
2023-08-15 00:00:00+00:00,0.05191585850376026
2023-08-16 00:00:00+00:00,0.025222415682825065
2023-08-17 00:00:00+00:00,0.0693621354528874
2023-08-18 00:00:00+00:00,-0.01607720454021462
2023-08-19 00:00:00+00:00,-0.023296259302486026
2023-08-20 00:00:00+00:00,-0.013751359380927954
2023-08-21 00:00:00+00:00,0.02645249172816725
2023-08-22 00:00:00+00:00,0.005758641037301966
2023-08-23 00:00:00+00:00,-0.012851978236990105
2023-08-24 00:00:00+00:00,0.01354792743676612
2023-08-25 00:00:00+00:00,0.0039556008605079
2023-08-26 00:00:00+00:00,-0.0005515434416234737
2023-08-27 00:00:00+00:00,-0.012684939222825223
2023-08-28 00:00:00+00:00,-0.020763851137245715
2023-08-29 00:00:00+00:00,-0.03496965212982146
2023-08-30 00:00:00+00:00,0.0255235495713544
2023-08-31 00:00:00+00:00,0.04441024803481248
2023-09-01 00:00:00+00:00,0.02513227082234635
2023-09-02 00:00:00+00:00,-0.001474499001714296
2023-09-03 00:00:00+00:00,0.006482431611960975
2023-09-04 00:00:00+00:00,0.007206717488474463
2023-09-05 00:00:00+00:00,-0.013072205660789742
2023-09-06 00:00:00+00:00,0.004753260482502797
2023-09-07 00:00:00+00:00,-0.010196491625731068
2023-09-08 00:00:00+00:00,0.009587531783046636
2023-09-09 00:00:00+00:00,-0.000427706897471785
2023-09-10 00:00:00+00:00,0.04544689555829054
2023-09-11 00:00:00+00:00,0.04874121670793937
2023-09-12 00:00:00+00:00,-0.01785943060531388
2023-09-13 00:00:00+00:00,-0.01312166781248205
2023-09-14 00:00:00+00:00,-0.007727555909227641
2023-09-15 00:00:00+00:00,-0.013585780257737854
2023-09-16 00:00:00+00:00,-0.006622963554757117
2023-09-17 00:00:00+00:00,0.017536245018078628
2023-09-18 00:00:00+00:00,0.0023667761752465266
2023-09-19 00:00:00+00:00,-0.007511483761522801
2023-09-20 00:00:00+00:00,0.010422809449931661
2023-09-21 00:00:00+00:00,0.009936251028943213
2023-09-22 00:00:00+00:00,-0.0041268919747781616
2023-09-23 00:00:00+00:00,-0.010842205096620424
2023-09-24 00:00:00+00:00,0.01646919735304681
2023-09-25 00:00:00+00:00,-0.010585234664306241
2023-09-26 00:00:00+00:00,-0.003668485536757634
2023-09-27 00:00:00+00:00,0.02063508901467319
2023-09-28 00:00:00+00:00,-0.03389146700885328
2023-09-29 00:00:00+00:00,-0.001329391695521896
2023-09-30 00:00:00+00:00,-0.00599739718531922
2023-10-01 00:00:00+00:00,-0.030783509842844493
2023-10-02 00:00:00+00:00,0.0008752044660686151
2023-10-03 00:00:00+00:00,-0.0001097699825217071
2023-10-04 00:00:00+00:00,-0.005843495466373052
2023-10-05 00:00:00+00:00,0.0012834435831427329
2023-10-06 00:00:00+00:00,-0.017896763288714503
2023-10-07 00:00:00+00:00,7.512254840107849e-05
2023-10-08 00:00:00+00:00,0.003341900961803241
2023-10-09 00:00:00+00:00,0.0330304570038751
2023-10-10 00:00:00+00:00,-0.008602943653080751
2023-10-11 00:00:00+00:00,0.014804274251843982
2023-10-12 00:00:00+00:00,-0.0025436743403330193
2023-10-13 00:00:00+00:00,-0.007143320759177604
2023-10-14 00:00:00+00:00,-0.006281731671803217
2023-10-15 00:00:00+00:00,-0.0057446697684157555
2023-10-16 00:00:00+00:00,-0.0088980452202537
2023-10-17 00:00:00+00:00,0.026905736253769616
2023-10-18 00:00:00+00:00,0.0018740344912824814
2023-10-19 00:00:00+00:00,0.003391200097819603
2023-10-20 00:00:00+00:00,-0.004374040209463797
2023-10-21 00:00:00+00:00,-0.02666725509478272
2023-10-22 00:00:00+00:00,-0.008323815583375012
2023-10-23 00:00:00+00:00,-0.020343663759067824
2023-10-24 00:00:00+00:00,-0.013797510596851612
2023-10-25 00:00:00+00:00,0.030538303635921485
2023-10-26 00:00:00+00:00,-0.016339522466916622
2023-10-27 00:00:00+00:00,0.02273255396266443
2023-10-28 00:00:00+00:00,0.0004524300903255659
2023-10-29 00:00:00+00:00,0.037562062663019806
2023-10-30 00:00:00+00:00,-0.006039470072679448
2023-10-31 00:00:00+00:00,0.0044234290369404745
2023-11-01 00:00:00+00:00,0.022916696025281846
2023-11-02 00:00:00+00:00,-0.020707052487065336
2023-11-03 00:00:00+00:00,-0.016060219771548458
2023-11-04 00:00:00+00:00,0.009694248035996571
2023-11-05 00:00:00+00:00,0.027876144684652424
2023-11-06 00:00:00+00:00,0.021610131850198035
2023-11-07 00:00:00+00:00,-0.0333461481880025
2023-11-08 00:00:00+00:00,0.018419223557440103
2023-11-09 00:00:00+00:00,0.016860314027478385
2023-11-10 00:00:00+00:00,0.03116635630631795
2023-11-11 00:00:00+00:00,-0.013472350645957865
2023-11-12 00:00:00+00:00,0.004330527351243079
2023-11-13 00:00:00+00:00,-0.070869380973032
2023-11-14 00:00:00+00:00,-0.016100297095622107
2023-11-15 00:00:00+00:00,0.06926311570294341
2023-11-16 00:00:00+00:00,-0.04541799628633002
2023-11-17 00:00:00+00:00,-0.004044276030905255
2023-11-18 00:00:00+00:00,-0.005587514201552661
2023-11-19 00:00:00+00:00,0.025397350064942127
2023-11-20 00:00:00+00:00,-0.009129530330765604
2023-11-21 00:00:00+00:00,-0.07529523593326709
2023-11-22 00:00:00+00:00,0.076771401913739
2023-11-23 00:00:00+00:00,-0.0034685525578494227
2023-11-24 00:00:00+00:00,0.020270402878252696
2023-11-25 00:00:00+00:00,0.006039520560447139
2023-11-26 00:00:00+00:00,-0.008215367753918425
2023-11-27 00:00:00+00:00,-0.02371155842188681
2023-11-28 00:00:00+00:00,0.02320423547414207
2023-11-29 00:00:00+00:00,-0.016647006995068797
2023-11-30 00:00:00+00:00,0.006112640555884603
2023-12-01 00:00:00+00:00,0.016021491407831625
2023-12-02 00:00:00+00:00,0.014762957367520629
2023-12-03 00:00:00+00:00,0.021226964929583696
2023-12-04 00:00:00+00:00,0.029144181078482784
2023-12-05 00:00:00+00:00,0.012103798500986935
2023-12-06 00:00:00+00:00,-0.008920310119108241
2023-12-07 00:00:00+00:00,-0.0035441876307518373
2023-12-08 00:00:00+00:00,0.03171796856687893
2023-12-09 00:00:00+00:00,-0.00040719671913971855
2023-12-10 00:00:00+00:00,0.015392395409048071
2023-12-11 00:00:00+00:00,-0.03182478351019248
2023-12-12 00:00:00+00:00,0.0030445958042269305
2023-12-13 00:00:00+00:00,0.01610775359514152
2023-12-14 00:00:00+00:00,0.008164102276433303
2023-12-15 00:00:00+00:00,-0.015427074319021994
2023-12-16 00:00:00+00:00,0.026643749534564103
2023-12-17 00:00:00+00:00,-0.014132067103192706
2023-12-18 00:00:00+00:00,0.00922009369835716
2023-12-19 00:00:00+00:00,-0.008687010632001748
2023-12-20 00:00:00+00:00,0.027303012071393754
2023-12-21 00:00:00+00:00,0.01631651001662337
2023-12-22 00:00:00+00:00,-0.013019526878706538
2023-12-23 00:00:00+00:00,0.022110549332187316
2023-12-24 00:00:00+00:00,-0.01611109110703821
2023-12-25 00:00:00+00:00,0.019353479367843613
2023-12-26 00:00:00+00:00,0.007267141397618269
2023-12-27 00:00:00+00:00,0.00907265748938111
2023-12-28 00:00:00+00:00,-0.018953238823667194
2023-12-29 00:00:00+00:00,-0.00821367475433124
2023-12-30 00:00:00+00:00,-0.005993055756318668
2023-12-31 00:00:00+00:00,-0.0032815026113071242
2024-01-01 00:00:00+00:00,0.04484475354110629
2024-01-02 00:00:00+00:00,0.004132633637284379
2024-01-03 00:00:00+00:00,-0.017583047885090793
2024-01-04 00:00:00+00:00,0.007897376925808636
2024-01-05 00:00:00+00:00,-0.01144775374460347
2024-01-06 00:00:00+00:00,-0.042268660714931384
2024-01-07 00:00:00+00:00,-0.017021439804514198
2024-01-08 00:00:00+00:00,0.03781090302567086
2024-01-09 00:00:00+00:00,0.014942531041680933
2024-01-10 00:00:00+00:00,0.024367044468512476
2024-01-11 00:00:00+00:00,0.00667089806495628
2024-01-12 00:00:00+00:00,-0.017462501368368823
2024-01-13 00:00:00+00:00,0.011510540521393088
2024-01-14 00:00:00+00:00,-0.024075301775440105
2024-01-15 00:00:00+00:00,0.020395319556801524
2024-01-16 00:00:00+00:00,0.017952015283565534
2024-01-17 00:00:00+00:00,-0.011752487778572542
2024-01-18 00:00:00+00:00,-0.031057076608897134
2024-01-19 00:00:00+00:00,0.00858465727273555
2024-01-20 00:00:00+00:00,-0.004437494315532
2024-01-21 00:00:00+00:00,0.0012613402357908796
2024-01-22 00:00:00+00:00,-0.019407661161718076
2024-01-23 00:00:00+00:00,-0.003613226297259823
2024-01-24 00:00:00+00:00,-0.004370611375395634
2024-01-25 00:00:00+00:00,0.004329472713716878
2024-01-26 00:00:00+00:00,0.0019399185497905366
2024-01-27 00:00:00+00:00,-0.009664986787637844
2024-01-28 00:00:00+00:00,-0.0021201886616675275
2024-01-29 00:00:00+00:00,0.008046077173971766
2024-01-30 00:00:00+00:00,0.0050780403034591534
2024-01-31 00:00:00+00:00,0.007249168420930171
2024-02-01 00:00:00+00:00,0.008071754195875866
2024-02-02 00:00:00+00:00,0.0022986880385044576
2024-02-03 00:00:00+00:00,-0.009867264768432582
2024-02-04 00:00:00+00:00,0.026773261850970807
2024-02-05 00:00:00+00:00,-0.010291855372295497
2024-02-06 00:00:00+00:00,0.004846009380594329
2024-02-07 00:00:00+00:00,-0.015653279279944105
2024-02-08 00:00:00+00:00,-0.0018573887053583106
2024-02-09 00:00:00+00:00,0.007933866786522374
2024-02-10 00:00:00+00:00,0.006054221024193187
2024-02-11 00:00:00+00:00,-0.006977434076595903
2024-02-12 00:00:00+00:00,0.00785788143711121
2024-02-13 00:00:00+00:00,-0.0031305726399128556
2024-02-14 00:00:00+00:00,0.03619846326431477
2024-02-15 00:00:00+00:00,-0.013452319225838394
2024-02-16 00:00:00+00:00,0.012085444140117307
2024-02-17 00:00:00+00:00,-0.002560719802063839
2024-02-18 00:00:00+00:00,0.03205034169078279
2024-02-19 00:00:00+00:00,0.05421785452011463
2024-02-20 00:00:00+00:00,-0.00946327282759149
2024-02-21 00:00:00+00:00,0.010263394188370393
2024-02-22 00:00:00+00:00,0.0240156940542313
2024-02-23 00:00:00+00:00,0.0352334722839582
2024-02-24 00:00:00+00:00,0.005186383578839188
2024-02-25 00:00:00+00:00,0.016350867250299512
2024-02-26 00:00:00+00:00,0.03694491045167111
2024-02-27 00:00:00+00:00,0.05549118437282731
2024-02-28 00:00:00+00:00,0.04317259483585502
2024-02-29 00:00:00+00:00,-0.02455101340544489
2024-03-01 00:00:00+00:00,0.1424717057760751
2024-03-02 00:00:00+00:00,0.12100626677587786
2024-03-03 00:00:00+00:00,0.027351627557021866
2024-03-04 00:00:00+00:00,0.07163476830000341
2024-03-05 00:00:00+00:00,-0.06232665415975476
2024-03-06 00:00:00+00:00,0.03965680394825442
2024-03-07 00:00:00+00:00,-0.007195896126599162
2024-03-08 00:00:00+00:00,0.021509703369010435
2024-03-09 00:00:00+00:00,-0.010185075269937375
2024-03-10 00:00:00+00:00,0.0013919245246997696
2024-03-11 00:00:00+00:00,0.004779284089522098
2024-03-12 00:00:00+00:00,-0.0070311493932106615
2024-03-13 00:00:00+00:00,0.027738714922347835
2024-03-14 00:00:00+00:00,0.003240236247312751
2024-03-15 00:00:00+00:00,-0.007274276981869457
2024-03-16 00:00:00+00:00,-0.030440092472631592
2024-03-17 00:00:00+00:00,0.027445755876445106
2024-03-18 00:00:00+00:00,-0.0068586247073943495
2024-03-19 00:00:00+00:00,-0.03658859902013174
2024-03-20 00:00:00+00:00,0.024924314860896697
2024-03-21 00:00:00+00:00,-0.03084785839027572
2024-03-22 00:00:00+00:00,-0.003831353630786798
2024-03-23 00:00:00+00:00,-0.004812412322269763
2024-03-24 00:00:00+00:00,0.010365071359900033
2024-03-25 00:00:00+00:00,0.011940634759125034
2024-03-26 00:00:00+00:00,0.002799120717951294
2024-03-27 00:00:00+00:00,0.004255862133348602
2024-03-28 00:00:00+00:00,0.003047646485404595
2024-03-29 00:00:00+00:00,0.005089670075877329
2024-03-30 00:00:00+00:00,-0.006722782427101013
2024-03-31 00:00:00+00:00,0.02770658720770628
2024-04-01 00:00:00+00:00,-0.002883592950267558
2024-04-02 00:00:00+00:00,-0.006109956933278915
2024-04-03 00:00:00+00:00,-0.0083962292995576
2024-04-04 00:00:00+00:00,0.008441792153006902
2024-04-05 00:00:00+00:00,-0.00495936081935204
2024-04-06 00:00:00+00:00,0.0008045861725460942
2024-04-07 00:00:00+00:00,-0.009384245807789368
2024-04-08 00:00:00+00:00,-0.0062763262276340215
2024-04-09 00:00:00+00:00,-0.0019435623336406564
2024-04-10 00:00:00+00:00,0.005922800275651649
2024-04-11 00:00:00+00:00,0.001135937816306525
2024-04-12 00:00:00+00:00,0.009885124195030192
2024-04-13 00:00:00+00:00,-0.00618875614010535
2024-04-14 00:00:00+00:00,-0.01349513090704017
2024-04-15 00:00:00+00:00,0.0029951098131091856
2024-04-16 00:00:00+00:00,-0.012960939535812429
2024-04-17 00:00:00+00:00,-0.0032398917183995204
2024-04-18 00:00:00+00:00,-0.019869115688863303
2024-04-19 00:00:00+00:00,-0.007699629852131479
2024-04-20 00:00:00+00:00,-0.030907807865728283
2024-04-21 00:00:00+00:00,0.00814658425598281
2024-04-22 00:00:00+00:00,-0.02391544207918376
2024-04-23 00:00:00+00:00,0.024632300950282883
2024-04-24 00:00:00+00:00,0.015557418103657248
2024-04-25 00:00:00+00:00,0.013245592713315024
2024-04-26 00:00:00+00:00,-0.005383964588776396
2024-04-27 00:00:00+00:00,-0.03313175302455824
2024-04-28 00:00:00+00:00,-0.00380533644348639
2024-04-29 00:00:00+00:00,-0.010826816675519164
2024-04-30 00:00:00+00:00,0.005466015312142485
2024-05-01 00:00:00+00:00,-0.020117712312881453
2024-05-02 00:00:00+00:00,0.029140051826579794
2024-05-03 00:00:00+00:00,-0.027693069244615863
2024-05-04 00:00:00+00:00,0.010491180028600455
2024-05-05 00:00:00+00:00,-0.021187965361296583
2024-05-06 00:00:00+00:00,-0.0005889423927907185
2024-05-07 00:00:00+00:00,0.012766474250486538
2024-05-08 00:00:00+00:00,0.001546637880809487
2024-05-09 00:00:00+00:00,-0.000834225279287196
2024-05-10 00:00:00+00:00,0.04300458661713505
2024-05-11 00:00:00+00:00,0.012658277053407314
2024-05-12 00:00:00+00:00,0.0070723862030260915
2024-05-13 00:00:00+00:00,0.015708968132562628
2024-05-14 00:00:00+00:00,0.034627868537372174
2024-05-15 00:00:00+00:00,-0.09229252580898256
2024-05-16 00:00:00+00:00,-0.01269389848037705
2024-05-17 00:00:00+00:00,-0.04519168851946237
2024-05-18 00:00:00+00:00,-0.0027108995028619835
2024-05-19 00:00:00+00:00,0.02811829574736399
2024-05-20 00:00:00+00:00,-0.05688139495183486
2024-05-21 00:00:00+00:00,-0.011775170109447945
2024-05-22 00:00:00+00:00,-0.013208770972582204
2024-05-23 00:00:00+00:00,0.01891692688110964
2024-05-24 00:00:00+00:00,0.012895007035917817
2024-05-25 00:00:00+00:00,0.0010316220466655718
2024-05-26 00:00:00+00:00,0.012321382401815599
2024-05-27 00:00:00+00:00,-0.0007231998969153593
2024-05-28 00:00:00+00:00,0.0025081323626847153
2024-05-29 00:00:00+00:00,-0.027004906611883442
2024-05-30 00:00:00+00:00,-0.004309655495164526
2024-05-31 00:00:00+00:00,0.011848700467649659
2024-06-01 00:00:00+00:00,0.006687492669941095
2024-06-02 00:00:00+00:00,0.009619873190732417
2024-06-03 00:00:00+00:00,-0.008082863534665927
2024-06-04 00:00:00+00:00,0.0008506780512525253
2024-06-05 00:00:00+00:00,-0.0010103944477386339
2024-06-06 00:00:00+00:00,0.022703454570465017
2024-06-07 00:00:00+00:00,0.03563502157456979
2024-06-08 00:00:00+00:00,0.022561451035116146
2024-06-09 00:00:00+00:00,-0.011222830578434765
2024-06-10 00:00:00+00:00,0.009668091635659808
2024-06-11 00:00:00+00:00,0.020893867689850236
2024-06-12 00:00:00+00:00,-0.018065459614669946
2024-06-13 00:00:00+00:00,0.026070009196299013
2024-06-14 00:00:00+00:00,0.013173994735360217
2024-06-15 00:00:00+00:00,-0.004033841909536867
2024-06-16 00:00:00+00:00,-0.015363454809922435
2024-06-17 00:00:00+00:00,0.053053356131429724
2024-06-18 00:00:00+00:00,0.07229577005750458
2024-06-19 00:00:00+00:00,-0.0174641553798934
2024-06-20 00:00:00+00:00,-0.006367379542055454
2024-06-21 00:00:00+00:00,-0.005172862320093885
2024-06-22 00:00:00+00:00,-0.005639602629262806
2024-06-23 00:00:00+00:00,0.009403673968255087
2024-06-24 00:00:00+00:00,0.0002364833582891133
2024-06-25 00:00:00+00:00,-0.022038002538169087
2024-06-26 00:00:00+00:00,0.007742906370330416
2024-06-27 00:00:00+00:00,-0.02093576118692763
2024-06-28 00:00:00+00:00,0.001583713361517759
2024-06-29 00:00:00+00:00,0.00550413621146321
2024-06-30 00:00:00+00:00,-0.012090453924320713
2024-07-01 00:00:00+00:00,0.015681132948936617
2024-07-02 00:00:00+00:00,-0.0025804539362853525
2024-07-03 00:00:00+00:00,0.016143644772361087
2024-07-04 00:00:00+00:00,0.038205048728535806
2024-07-05 00:00:00+00:00,0.040948238754777155
2024-07-06 00:00:00+00:00,-0.03586738729782315
2024-07-07 00:00:00+00:00,0.012454530465600078
2024-07-08 00:00:00+00:00,-0.007908164201476721
2024-07-09 00:00:00+00:00,0.00542009226811059
2024-07-10 00:00:00+00:00,-0.008820332135668001
2024-07-11 00:00:00+00:00,-0.006403295925013506
2024-07-12 00:00:00+00:00,-0.018940953466246708
2024-07-13 00:00:00+00:00,-0.015026557791388607
2024-07-14 00:00:00+00:00,-0.009653725340659875
2024-07-15 00:00:00+00:00,-0.059996489919710086
2024-07-16 00:00:00+00:00,-0.0035725575461733675
2024-07-17 00:00:00+00:00,0.004114826226653108
2024-07-18 00:00:00+00:00,0.005056588743881747
2024-07-19 00:00:00+00:00,-0.01611488506538468
2024-07-20 00:00:00+00:00,-0.0032060859890339017
2024-07-21 00:00:00+00:00,0.0034321071275759535
2024-07-22 00:00:00+00:00,-0.008193180997172074
2024-07-23 00:00:00+00:00,-0.012639349650171309
2024-07-24 00:00:00+00:00,0.010531632785997414
2024-07-25 00:00:00+00:00,0.0015133687301832456
2024-07-26 00:00:00+00:00,0.011242607779801255
2024-07-27 00:00:00+00:00,-0.01646927703339197
2024-07-28 00:00:00+00:00,0.011014526796583506
2024-07-29 00:00:00+00:00,-0.007608597198153226
2024-07-30 00:00:00+00:00,-0.0051991265601177535
2024-07-31 00:00:00+00:00,-0.0001792026684469846
2024-08-01 00:00:00+00:00,-0.005188457773815767
2024-08-02 00:00:00+00:00,0.030153023241344043
2024-08-03 00:00:00+00:00,0.0045463226359776085
2024-08-04 00:00:00+00:00,0.029314090698390374
2024-08-05 00:00:00+00:00,0.042080353296364996
2024-08-06 00:00:00+00:00,-0.03904797974478353
2024-08-07 00:00:00+00:00,0.012765982197229365
2024-08-08 00:00:00+00:00,-0.08175055172592142
2024-08-09 00:00:00+00:00,0.03128490082717136
2024-08-10 00:00:00+00:00,-0.00036392403731175027
2024-08-11 00:00:00+00:00,0.03289942870179589
2024-08-12 00:00:00+00:00,-0.023407156604583885
2024-08-13 00:00:00+00:00,-0.0035433298874535807
2024-08-14 00:00:00+00:00,0.012530563212197613
2024-08-15 00:00:00+00:00,0.018862803446569307
2024-08-16 00:00:00+00:00,-0.002675105491431704
2024-08-17 00:00:00+00:00,-0.01850848220705989
2024-08-18 00:00:00+00:00,0.002788855754591523
2024-08-19 00:00:00+00:00,-0.010577715493289709
2024-08-20 00:00:00+00:00,0.007874096495505807
2024-08-21 00:00:00+00:00,-0.028767929264702966
2024-08-22 00:00:00+00:00,-0.009586308066408396
2024-08-23 00:00:00+00:00,-0.0595669167658589
2024-08-24 00:00:00+00:00,-0.01974548427261884
2024-08-25 00:00:00+00:00,0.017307353338027017
2024-08-26 00:00:00+00:00,0.005798773384249583
2024-08-27 00:00:00+00:00,-0.0005604896041181681
2024-08-28 00:00:00+00:00,-0.0075684259308055005
2024-08-29 00:00:00+00:00,-0.0029012828091179374
2024-08-30 00:00:00+00:00,-0.004480072248769909
2024-08-31 00:00:00+00:00,0.0011014308271265858
2024-09-01 00:00:00+00:00,0.017059655939035953
2024-09-02 00:00:00+00:00,-0.01746976824667496
2024-09-03 00:00:00+00:00,0.016246814037640354
2024-09-04 00:00:00+00:00,-0.008463903773450196
2024-09-05 00:00:00+00:00,0.012640999399979315
2024-09-06 00:00:00+00:00,0.007887772256135496
2024-09-07 00:00:00+00:00,-0.0034783998558020144
2024-09-08 00:00:00+00:00,-0.005008738058068816
2024-09-09 00:00:00+00:00,-0.026892791245132018
2024-09-10 00:00:00+00:00,-0.003221008173586853
2024-09-11 00:00:00+00:00,0.006058126700810573
2024-09-12 00:00:00+00:00,-0.013933561532009106
2024-09-13 00:00:00+00:00,-0.02110975947347355
2024-09-14 00:00:00+00:00,0.004623492270934525
2024-09-15 00:00:00+00:00,0.020614051055966295
2024-09-16 00:00:00+00:00,0.004586945272205152
2024-09-17 00:00:00+00:00,0.007402006671340531
2024-09-18 00:00:00+00:00,-0.008795126467474478
2024-09-19 00:00:00+00:00,-0.004047636545525591
2024-09-20 00:00:00+00:00,-0.007242356463491353
2024-09-21 00:00:00+00:00,0.003334657183144082
2024-09-22 00:00:00+00:00,0.009588129822267451
2024-09-23 00:00:00+00:00,-0.0036511947825879727
2024-09-24 00:00:00+00:00,0.011846308745842147
2024-09-25 00:00:00+00:00,-0.012078742254960965
2024-09-26 00:00:00+00:00,-0.014294962538832497
2024-09-27 00:00:00+00:00,0.003510354705318358
2024-09-28 00:00:00+00:00,-0.008636417852579084
2024-09-29 00:00:00+00:00,0.013357718907206296
2024-09-30 00:00:00+00:00,-0.04072193865669345
2024-10-01 00:00:00+00:00,-0.047559093948091005
2024-10-02 00:00:00+00:00,-0.03285948529985068
2024-10-03 00:00:00+00:00,-0.050461968211143085
2024-10-04 00:00:00+00:00,0.05185556733551196
2024-10-05 00:00:00+00:00,-0.028441841565840915
2024-10-06 00:00:00+00:00,0.03348379307688583
2024-10-07 00:00:00+00:00,0.0036140258535935
2024-10-08 00:00:00+00:00,0.003752515926171465
2024-10-09 00:00:00+00:00,-0.026129560140204736
2024-10-10 00:00:00+00:00,-0.008385211997213987
2024-10-11 00:00:00+00:00,0.030569608327524717
2024-10-12 00:00:00+00:00,0.02268005003713656
2024-10-13 00:00:00+00:00,0.018687907914939055
2024-10-14 00:00:00+00:00,-0.034264029394557215
2024-10-15 00:00:00+00:00,-0.008884024041138533
2024-10-16 00:00:00+00:00,-0.01746760478427244
2024-10-17 00:00:00+00:00,-0.007556809620028047
2024-10-18 00:00:00+00:00,0.009972070478269087
2024-10-19 00:00:00+00:00,-0.0006602894145831642
2024-10-20 00:00:00+00:00,-0.012139724635981607
2024-10-21 00:00:00+00:00,-0.014065261731075395
2024-10-22 00:00:00+00:00,0.0012310272498097887
2024-10-23 00:00:00+00:00,-0.021191643615356862
2024-10-24 00:00:00+00:00,0.02512706945942002
2024-10-25 00:00:00+00:00,-0.022143877897033475
2024-10-26 00:00:00+00:00,0.002360002562247679
2024-10-27 00:00:00+00:00,0.00935311552060448
2024-10-28 00:00:00+00:00,0.011307915637434225
2024-10-29 00:00:00+00:00,-0.0007799065867677109
2024-10-30 00:00:00+00:00,-0.001354641336558893
2024-10-31 00:00:00+00:00,-0.007499719579868126
2024-11-01 00:00:00+00:00,-0.004736508878452838
2024-11-02 00:00:00+00:00,-0.00955204981928588
2024-11-03 00:00:00+00:00,-0.01066974664968099
2024-11-04 00:00:00+00:00,-0.006090318367403152
2024-11-05 00:00:00+00:00,-0.0048340627730302475
2024-11-06 00:00:00+00:00,0.03739093712236596
2024-11-07 00:00:00+00:00,-0.0014112577270993202
2024-11-08 00:00:00+00:00,0.006983223762030533
2024-11-09 00:00:00+00:00,0.01902565403257823
2024-11-10 00:00:00+00:00,0.042890949489857215
2024-11-11 00:00:00+00:00,0.024245775061468314
2024-11-12 00:00:00+00:00,0.011873838754199879
2024-11-13 00:00:00+00:00,-0.017636123262160287
2024-11-14 00:00:00+00:00,-0.0032717555626213873
2024-11-15 00:00:00+00:00,0.0975935843907806
2024-11-16 00:00:00+00:00,0.11084162583006753
2024-11-17 00:00:00+00:00,-0.016842229581200834
2024-11-18 00:00:00+00:00,0.04063721344033373
2024-11-19 00:00:00+00:00,0.00041132674503834883
2024-11-20 00:00:00+00:00,-0.009028658518017716
2024-11-21 00:00:00+00:00,0.038567285053358595
2024-11-22 00:00:00+00:00,0.07268258532345116
2024-11-23 00:00:00+00:00,0.04120097070137351
2024-11-24 00:00:00+00:00,-0.008474020629462224
2024-11-25 00:00:00+00:00,-0.040234439490283595
2024-11-26 00:00:00+00:00,-0.005238925767611292
2024-11-27 00:00:00+00:00,0.03583868860732619
2024-11-28 00:00:00+00:00,-0.009842757511487346
2024-11-29 00:00:00+00:00,0.018140397556288525
2024-11-30 00:00:00+00:00,0.022824350458625763
2024-12-01 00:00:00+00:00,0.014182489760803801
2024-12-02 00:00:00+00:00,0.0285608055910897
2024-12-03 00:00:00+00:00,0.09908863067539321
2024-12-04 00:00:00+00:00,-0.006732320844161935
2024-12-05 00:00:00+00:00,-0.001184310520374336
2024-12-06 00:00:00+00:00,0.026309906800969916
2024-12-07 00:00:00+00:00,-0.013523864942542197
2024-12-08 00:00:00+00:00,0.004415631646795889
2024-12-09 00:00:00+00:00,-0.0705192535090126
2024-12-10 00:00:00+00:00,-0.012803063896043548
2024-12-11 00:00:00+00:00,0.03639684947012504
2024-12-12 00:00:00+00:00,0.00590867295015708
2024-12-13 00:00:00+00:00,0.00528571043498228
2024-12-14 00:00:00+00:00,-0.01057322750147409
2024-12-15 00:00:00+00:00,0.0154002256887163
2024-12-16 00:00:00+00:00,-0.004631631265344794
2024-12-17 00:00:00+00:00,-0.008434204692451465
2024-12-18 00:00:00+00:00,-0.025189918360270302
2024-12-19 00:00:00+00:00,-0.025879840767779064
2024-12-20 00:00:00+00:00,0.01328310452942631
2024-12-21 00:00:00+00:00,-0.02233626840406514
2024-12-22 00:00:00+00:00,-0.001634098254164623
2024-12-23 00:00:00+00:00,0.022157887152149478
2024-12-24 00:00:00+00:00,0.00837296686482945
2024-12-25 00:00:00+00:00,-0.005438652129583508
2024-12-26 00:00:00+00:00,-0.025220667427351934
2024-12-27 00:00:00+00:00,-0.011940962788652728
2024-12-28 00:00:00+00:00,0.008360270085304404
2024-12-29 00:00:00+00:00,-0.004956984464599182
2024-12-30 00:00:00+00:00,1.3752985978169932e-05
2024-12-31 00:00:00+00:00,-0.0010614986214186224
2025-01-01 00:00:00+00:00,-0.004181834034924826
2025-01-02 00:00:00+00:00,-0.002522625288103631
2025-01-03 00:00:00+00:00,0.00734512121458667
2025-01-04 00:00:00+00:00,-0.002278881899582584
2025-01-05 00:00:00+00:00,-0.0024223927580340546
2025-01-06 00:00:00+00:00,0.0033767072497275542
2025-01-07 00:00:00+00:00,-0.016941519924550813
2025-01-08 00:00:00+00:00,0.008639414185072265
2025-01-09 00:00:00+00:00,-0.004985109424602615
2025-01-10 00:00:00+00:00,0.0019271054897167018
2025-01-11 00:00:00+00:00,0.0038224497921323475
2025-01-12 00:00:00+00:00,-0.00013218816453670803
2025-01-13 00:00:00+00:00,0.02267402139007302
2025-01-14 00:00:00+00:00,-0.01526202232782879
2025-01-15 00:00:00+00:00,-0.012479816393318582
2025-01-16 00:00:00+00:00,0.02600705778942433
2025-01-17 00:00:00+00:00,-0.03204634185227974
2025-01-18 00:00:00+00:00,0.019981599679523145
2025-01-19 00:00:00+00:00,0.009016134684707524
2025-01-20 00:00:00+00:00,0.024435787616733835
2025-01-21 00:00:00+00:00,-0.012242648952556228
2025-01-22 00:00:00+00:00,0.010759763446678951
2025-01-23 00:00:00+00:00,-0.0007822166230160381
2025-01-24 00:00:00+00:00,0.020211381216407497
2025-01-25 00:00:00+00:00,-0.006923740574422659
2025-01-26 00:00:00+00:00,0.009095553833920847
2025-01-27 00:00:00+00:00,0.010506276015515873
2025-01-28 00:00:00+00:00,0.06140901934670999
2025-01-29 00:00:00+00:00,-0.024084365425931134
2025-01-30 00:00:00+00:00,-0.01716524423337155
2025-01-31 00:00:00+00:00,-0.007973348548536907
2025-02-01 00:00:00+00:00,0.05417020864558674
2025-02-02 00:00:00+00:00,0.0804558230449219
2025-02-03 00:00:00+00:00,-0.01695729321662009
2025-02-04 00:00:00+00:00,0.03568452591453344
2025-02-05 00:00:00+00:00,0.013764777339360722
2025-02-06 00:00:00+00:00,0.035411526231179956
2025-02-07 00:00:00+00:00,-0.0076623333518254216
2025-02-08 00:00:00+00:00,-0.03802524920344556
2025-02-09 00:00:00+00:00,0.004822793739639435
2025-02-10 00:00:00+00:00,-0.008350516532267172
2025-02-11 00:00:00+00:00,0.009883473162931871
2025-02-12 00:00:00+00:00,-0.026312611413734657
2025-02-13 00:00:00+00:00,0.005510270300227063
2025-02-14 00:00:00+00:00,-0.03152798711846074
2025-02-15 00:00:00+00:00,0.010790818588930013
2025-02-16 00:00:00+00:00,0.0025833155760925553
2025-02-17 00:00:00+00:00,-0.008959860602086029
2025-02-18 00:00:00+00:00,0.017057786956389168
2025-02-19 00:00:00+00:00,-0.003361193302479872
2025-02-20 00:00:00+00:00,-0.015016332822118679
2025-02-21 00:00:00+00:00,0.010019639439234682
2025-02-22 00:00:00+00:00,-0.015352855440279967
2025-02-23 00:00:00+00:00,0.0016277788170125625
2025-02-24 00:00:00+00:00,0.04259610251518325
2025-02-25 00:00:00+00:00,-0.0013539630583493348
2025-02-26 00:00:00+00:00,0.022676553591436516
2025-02-27 00:00:00+00:00,-0.00946388966496389
2025-02-28 00:00:00+00:00,0.006117199321372749
2025-03-01 00:00:00+00:00,-0.009879654177805133
2025-03-02 00:00:00+00:00,-0.06540739658728556
2025-03-03 00:00:00+00:00,0.052689392467133785
2025-03-04 00:00:00+00:00,-0.003066335091345701
2025-03-05 00:00:00+00:00,-0.017380384657530768
2025-03-06 00:00:00+00:00,0.005066085723567373
2025-03-07 00:00:00+00:00,-0.0016999507009214446
2025-03-08 00:00:00+00:00,0.0005403009974339012
2025-03-09 00:00:00+00:00,0.04279695364030948
2025-03-10 00:00:00+00:00,0.02187724007829642
2025-03-11 00:00:00+00:00,-0.02419267207484899
2025-03-12 00:00:00+00:00,-0.013683534771489404
2025-03-13 00:00:00+00:00,0.0018985928268322756
2025-03-14 00:00:00+00:00,-0.011771845327377054
2025-03-15 00:00:00+00:00,-0.01970068536359885
2025-03-16 00:00:00+00:00,0.013693266393316644
2025-03-17 00:00:00+00:00,-0.01148711029945526
2025-03-18 00:00:00+00:00,-0.009649053232639447
2025-03-19 00:00:00+00:00,-0.012511522831079806
2025-03-20 00:00:00+00:00,0.011371085176000323
2025-03-21 00:00:00+00:00,0.017616147845605425
2025-03-22 00:00:00+00:00,-0.00296876458995037
2025-03-23 00:00:00+00:00,0.0004036516687474527
2025-03-24 00:00:00+00:00,-0.01784617795296522
2025-03-25 00:00:00+00:00,-0.008224671451100094
2025-03-26 00:00:00+00:00,-0.00394737253338441
2025-03-27 00:00:00+00:00,0.0005685199113539567
2025-03-28 00:00:00+00:00,0.016256127448499882
2025-03-29 00:00:00+00:00,0.010096303393293492
2025-03-30 00:00:00+00:00,0.003962218041480733
2025-03-31 00:00:00+00:00,0.009602456437476637
2025-04-01 00:00:00+00:00,-0.004481874195412456
2025-04-02 00:00:00+00:00,0.02879957069027839
2025-04-03 00:00:00+00:00,-0.005472868836204658
2025-04-04 00:00:00+00:00,0.007686086881356817
2025-04-05 00:00:00+00:00,0.0027204716539374965
2025-04-06 00:00:00+00:00,0.06460228550186478
2025-04-07 00:00:00+00:00,-0.004410879529479535
2025-04-08 00:00:00+00:00,0.01809176411474431
2025-04-09 00:00:00+00:00,-0.028169597679244384
2025-04-10 00:00:00+00:00,0.034024078757168494
2025-04-11 00:00:00+00:00,-0.008197960702809724
2025-04-12 00:00:00+00:00,-0.01661909156785887
2025-04-13 00:00:00+00:00,0.008127994922507773
2025-04-14 00:00:00+00:00,0.005891340951290944
2025-04-15 00:00:00+00:00,0.000729312754080702
2025-04-16 00:00:00+00:00,0.005149802432548045
2025-04-17 00:00:00+00:00,-0.007307711003488224
2025-04-18 00:00:00+00:00,-0.034286192182655696
2025-04-19 00:00:00+00:00,-0.01529759484055123
2025-04-20 00:00:00+00:00,0.005104056643433547
2025-04-21 00:00:00+00:00,0.0015989542751809341
2025-04-22 00:00:00+00:00,-0.036181448808837335
2025-04-23 00:00:00+00:00,-0.012570856882007523
2025-04-24 00:00:00+00:00,0.00539759723653615
2025-04-25 00:00:00+00:00,0.018468837259182913
2025-04-26 00:00:00+00:00,0.021742139788679005
2025-04-27 00:00:00+00:00,0.009143527651621016
2025-04-28 00:00:00+00:00,0.007348404483744899
2025-04-29 00:00:00+00:00,-0.000875578001057788
2025-04-30 00:00:00+00:00,0.010352611257753542
2025-05-01 00:00:00+00:00,-0.007700107655186421
2025-05-02 00:00:00+00:00,0.014489359925166936
2025-05-03 00:00:00+00:00,-0.02652367724755127
2025-05-04 00:00:00+00:00,-0.00024925861846627426
2025-05-05 00:00:00+00:00,0.006836038447035849
2025-05-06 00:00:00+00:00,-0.00032560488509534376
2025-05-07 00:00:00+00:00,0.00014570959206698544
2025-05-08 00:00:00+00:00,-0.01637153411399374
2025-05-09 00:00:00+00:00,-0.012781121305126283
2025-05-10 00:00:00+00:00,0.035404553765604946
2025-05-11 00:00:00+00:00,-0.013249720266207698
2025-05-12 00:00:00+00:00,0.0034411676399410647
2025-05-13 00:00:00+00:00,0.03486975697588895
2025-05-14 00:00:00+00:00,-0.022682178729486007
2025-05-15 00:00:00+00:00,-0.03228940406122856
2025-05-16 00:00:00+00:00,-0.024747663630523564
2025-05-17 00:00:00+00:00,-0.01574770478755812
2025-05-18 00:00:00+00:00,0.03030893566284745
2025-05-19 00:00:00+00:00,-0.014738127940946068
2025-05-20 00:00:00+00:00,0.014335146555133294
2025-05-21 00:00:00+00:00,0.04077988813908228
2025-05-22 00:00:00+00:00,0.037639372120901106
2025-05-23 00:00:00+00:00,-0.03718206258915768
2025-05-24 00:00:00+00:00,0.015829428941279148
2025-05-25 00:00:00+00:00,0.014431128401572162
2025-05-26 00:00:00+00:00,-0.008650689924749985
2025-05-27 00:00:00+00:00,-0.003931202195250181
2025-05-28 00:00:00+00:00,-0.018495870879461702
2025-05-29 00:00:00+00:00,-0.03095263678672081
2025-05-30 00:00:00+00:00,-0.05633384619732762
2025-05-31 00:00:00+00:00,0.006877731294739815
2025-06-01 00:00:00+00:00,0.009451750431139262
2025-06-02 00:00:00+00:00,0.007668258838060004
2025-06-03 00:00:00+00:00,-0.0025799282490800756
2025-06-04 00:00:00+00:00,-0.009900302532973429
2025-06-05 00:00:00+00:00,-0.034382894500884435
2025-06-06 00:00:00+00:00,0.013665008403313455
2025-06-07 00:00:00+00:00,0.013108650192204996
2025-06-08 00:00:00+00:00,-0.0042793657882946355
2025-06-09 00:00:00+00:00,0.041933618830929796
2025-06-10 00:00:00+00:00,0.023610159920250017
2025-06-11 00:00:00+00:00,-0.0035568482473194263
2025-06-12 00:00:00+00:00,-0.008757278451054553
2025-06-13 00:00:00+00:00,0.0125619462724562
2025-06-14 00:00:00+00:00,-0.019938448854249932
2025-06-15 00:00:00+00:00,0.01960780020448314
2025-06-16 00:00:00+00:00,0.0011698002372642817
2025-06-17 00:00:00+00:00,-0.001451692709650963
2025-06-18 00:00:00+00:00,-0.0046079596421130225
2025-06-19 00:00:00+00:00,0.01524230448425854
2025-06-20 00:00:00+00:00,0.0005060277808045651
2025-06-21 00:00:00+00:00,0.008558871688475373
2025-06-22 00:00:00+00:00,0.0028030718824373197
2025-06-23 00:00:00+00:00,-0.01719053634919247
2025-06-24 00:00:00+00:00,-0.0025593348067547905
2025-06-25 00:00:00+00:00,0.011026829441325619
2025-06-26 00:00:00+00:00,0.004737719040810816
2025-06-27 00:00:00+00:00,0.006596787582828103
2025-06-28 00:00:00+00:00,0.0005528692175969354
2025-06-29 00:00:00+00:00,-0.01644144438507857
2025-06-30 00:00:00+00:00,0.013819058637667239
2025-07-01 00:00:00+00:00,0.0009537803399597988
2025-07-02 00:00:00+00:00,-0.008336707565925198
2025-07-03 00:00:00+00:00,0.010642934066462285
2025-07-04 00:00:00+00:00,-0.0007310854344132113
2025-07-05 00:00:00+00:00,0.014608103790268067
2025-07-06 00:00:00+00:00,0.013375745661640846
2025-07-07 00:00:00+00:00,-0.011780108144562653
2025-07-08 00:00:00+00:00,-0.00715072180059006
2025-07-09 00:00:00+00:00,0.011626967755011182
2025-07-10 00:00:00+00:00,0.021579632272527627
2025-07-11 00:00:00+00:00,0.04053286492399809
2025-07-12 00:00:00+00:00,0.0030985564868028564
2025-07-13 00:00:00+00:00,0.05568297379489202
2025-07-14 00:00:00+00:00,0.009433297358154043
2025-07-15 00:00:00+00:00,0.0030624810336147236
2025-07-16 00:00:00+00:00,0.01735708002402525
2025-07-17 00:00:00+00:00,0.051476950508689834
2025-07-18 00:00:00+00:00,-0.010151948491062025
2025-07-19 00:00:00+00:00,0.005222260955472031
2025-07-20 00:00:00+00:00,0.014964703428904953
2025-07-21 00:00:00+00:00,0.0038188536541023405
2025-07-22 00:00:00+00:00,0.02650708342608094
2025-07-23 00:00:00+00:00,-0.05230219676248568
2025-07-24 00:00:00+00:00,-0.012196849058697189
2025-07-25 00:00:00+00:00,0.02901809211406003
2025-07-26 00:00:00+00:00,0.016179426705998944
2025-07-27 00:00:00+00:00,0.023978173323331946
2025-07-28 00:00:00+00:00,-0.03641641567605666
2025-07-29 00:00:00+00:00,-0.006562713118834388
2025-07-30 00:00:00+00:00,-0.006317286895218158
2025-07-31 00:00:00+00:00,-0.028965443977514518
2025-08-01 00:00:00+00:00,-0.03006956384169769
2025-08-02 00:00:00+00:00,-0.031143391541236375
2025-08-03 00:00:00+00:00,0.030740406109770566
2025-08-04 00:00:00+00:00,0.006980369323680555
2025-08-05 00:00:00+00:00,-0.023316041851463548
2025-08-06 00:00:00+00:00,0.009863272574155615
2025-08-07 00:00:00+00:00,0.025144109858625068
2025-08-08 00:00:00+00:00,0.007359616069652431
2025-08-09 00:00:00+00:00,0.006450388581634107
2025-08-10 00:00:00+00:00,0.004038193578674907
2025-08-11 00:00:00+00:00,0.01895370625919782
2025-08-12 00:00:00+00:00,0.018569705292700422
2025-08-13 00:00:00+00:00,0.006315071837208926
2025-08-14 00:00:00+00:00,-0.022246472242912246
2025-08-15 00:00:00+00:00,-0.00869799882431397
2025-08-16 00:00:00+00:00,-0.010626227577687948
2025-08-17 00:00:00+00:00,0.003644248911917432
2025-08-18 00:00:00+00:00,-0.006606498843940572
2025-08-19 00:00:00+00:00,-0.01942590057388544
2025-08-20 00:00:00+00:00,0.04337755838501415
2025-08-21 00:00:00+00:00,-0.008892538202871066
2025-08-22 00:00:00+00:00,0.053597932659672845
2025-08-23 00:00:00+00:00,-0.009292391067825995
2025-08-24 00:00:00+00:00,0.005500797350565059
2025-08-25 00:00:00+00:00,-0.04667415946925598
2025-08-26 00:00:00+00:00,0.006401376264198358
2025-08-27 00:00:00+00:00,-0.013397724723712617
2025-08-28 00:00:00+00:00,0.004814327576104457
2025-08-29 00:00:00+00:00,-0.010765153349129471
2025-08-30 00:00:00+00:00,-0.0013053053410272666
2025-08-31 00:00:00+00:00,0.0013742555225968857
2025-09-01 00:00:00+00:00,-0.0001449133067344449
2025-09-02 00:00:00+00:00,0.014637243456208003
2025-09-03 00:00:00+00:00,0.0026433042335558864
2025-09-04 00:00:00+00:00,-0.0033863579506168526
2025-09-05 00:00:00+00:00,-0.0006829632976405826
2025-09-06 00:00:00+00:00,0.00044903148381592343
2025-09-07 00:00:00+00:00,0.0009234364319272214
2025-09-08 00:00:00+00:00,0.03225460811406562
2025-09-09 00:00:00+00:00,0.0006497176527239252
2025-09-10 00:00:00+00:00,-0.007440096803102365
2025-09-11 00:00:00+00:00,0.0019620836812661575
2025-09-12 00:00:00+00:00,0.027046034852662902
2025-09-13 00:00:00+00:00,0.029913506760070506
2025-09-14 00:00:00+00:00,-0.041833111873427475
2025-09-15 00:00:00+00:00,-0.011739963916565848
2025-09-16 00:00:00+00:00,0.012577732520315835
2025-09-17 00:00:00+00:00,0.018828725671121736
2025-09-18 00:00:00+00:00,0.007166414579994005
2025-09-19 00:00:00+00:00,-0.02879532387990704
2025-09-20 00:00:00+00:00,0.009741162768539443
2025-09-21 00:00:00+00:00,0.001797551753859956
2025-09-22 00:00:00+00:00,-0.04488808085879107
2025-09-23 00:00:00+00:00,0.011388267673850466
2025-09-24 00:00:00+00:00,0.00619419456232252
2025-09-25 00:00:00+00:00,-0.04369589897561823
2025-09-26 00:00:00+00:00,0.031440687417787265
2025-09-27 00:00:00+00:00,-0.009552893071568943
2025-09-28 00:00:00+00:00,0.011594819144251797
2025-09-29 00:00:00+00:00,0.025847624261143086
2025-09-30 00:00:00+00:00,-0.0013475032454166509
2025-10-01 00:00:00+00:00,0.02901483355436546
2025-10-02 00:00:00+00:00,0.006158961225267861
2025-10-03 00:00:00+00:00,-0.004863603487914187
2025-10-04 00:00:00+00:00,0.029560654350070454
2025-10-05 00:00:00+00:00,0.009537636194168649
2025-10-06 00:00:00+00:00,-0.01575515860052343
2025-10-07 00:00:00+00:00,0.004992199261912876
2025-10-08 00:00:00+00:00,0.019112738209544396
2025-10-09 00:00:00+00:00,0.01606610454499192
2025-10-10 00:00:00+00:00,0.05474441325624902
2025-10-11 00:00:00+00:00,0.001789385201413095
2025-10-12 00:00:00+00:00,0.012359953977166547
2025-10-13 00:00:00+00:00,0.06329647523762395
2025-10-14 00:00:00+00:00,-0.0016406020080891523
2025-10-15 00:00:00+00:00,-0.005392405537377882
2025-10-16 00:00:00+00:00,0.01025119775785814
2025-10-17 00:00:00+00:00,-0.005192264366334465
2025-10-18 00:00:00+00:00,-0.009863854024333792
2025-10-19 00:00:00+00:00,0.011797378792253437
2025-10-20 00:00:00+00:00,-0.005051702801116872
2025-10-21 00:00:00+00:00,-0.017853046728087473
2025-10-22 00:00:00+00:00,-0.001562845516382086
2025-10-23 00:00:00+00:00,-0.007359545345722241
2025-10-24 00:00:00+00:00,0.10096629283086427
2025-10-25 00:00:00+00:00,0.014566787242416607
2025-10-26 00:00:00+00:00,-0.011243288778833209
2025-10-27 00:00:00+00:00,0.0025046739693523764
2025-10-28 00:00:00+00:00,0.0009121440912442782
2025-10-29 00:00:00+00:00,0.010584647104108695
2025-10-30 00:00:00+00:00,0.0026958945807095003
2025-10-31 00:00:00+00:00,0.010629915394315504
2025-11-01 00:00:00+00:00,0.0021899287924475566
2025-11-02 00:00:00+00:00,0.008003568951952632
2025-11-03 00:00:00+00:00,0.07423650356374024
2025-11-04 00:00:00+00:00,0.018289660479632
2025-11-05 00:00:00+00:00,-0.02272665688826679
2025-11-06 00:00:00+00:00,0.025983613118484995
2025-11-07 00:00:00+00:00,-0.010603206969691137
2025-11-08 00:00:00+00:00,-0.007136500222843888
2025-11-09 00:00:00+00:00,-0.004957579697810197
2025-11-10 00:00:00+00:00,-0.040402262364215215
2025-11-11 00:00:00+00:00,0.0045016884428444965
2025-11-12 00:00:00+00:00,0.012850938332615582
2025-11-13 00:00:00+00:00,0.023780034045672183
2025-11-14 00:00:00+00:00,0.02908457792010121
2025-11-15 00:00:00+00:00,-0.004006330302948243
2025-11-16 00:00:00+00:00,0.013881670478147824
2025-11-17 00:00:00+00:00,0.010776246308991495
2025-11-18 00:00:00+00:00,-0.020181402782261583
2025-11-19 00:00:00+00:00,0.02055355012871955
2025-11-20 00:00:00+00:00,0.042129660318303744
2025-11-21 00:00:00+00:00,0.00906147438236016
2025-11-22 00:00:00+00:00,0.010023680070192928
2025-11-23 00:00:00+00:00,-0.01574850137678044
2025-11-24 00:00:00+00:00,-0.03753285192163392
2025-11-25 00:00:00+00:00,-0.004192805995268486
2025-11-26 00:00:00+00:00,-0.013953058696981229
2025-11-27 00:00:00+00:00,0.0018828077254978788
2025-11-28 00:00:00+00:00,0.005282870324893577
2025-11-29 00:00:00+00:00,0.01163475428102589
2025-11-30 00:00:00+00:00,0.010464791894547971
2025-12-01 00:00:00+00:00,0.05097189746370352
2025-12-02 00:00:00+00:00,-0.03431980525004891
2025-12-03 00:00:00+00:00,-0.0230155383007692
2025-12-04 00:00:00+00:00,0.0036145006892004438
2025-12-05 00:00:00+00:00,9.056554221551397e-05
2025-12-06 00:00:00+00:00,0.0052888940557251985
2025-12-07 00:00:00+00:00,0.004501323142544681
2025-12-08 00:00:00+00:00,-0.0036927683839403616
2025-12-09 00:00:00+00:00,-0.0027119970069086354
2025-12-10 00:00:00+00:00,-0.002194823736577539
2025-12-11 00:00:00+00:00,0.009202402581948854
2025-12-12 00:00:00+00:00,0.006441278539811859
2025-12-13 00:00:00+00:00,-0.003203975420699134
2025-12-14 00:00:00+00:00,-0.0049420105532511915
2025-12-15 00:00:00+00:00,0.005005489387151373
2025-12-16 00:00:00+00:00,-0.004038165507237792
2025-12-17 00:00:00+00:00,0.013666583494049128
2025-12-18 00:00:00+00:00,-0.0007653428324511691
2025-12-19 00:00:00+00:00,0.01002205730890607
2025-12-20 00:00:00+00:00,-0.005986302864264609
2025-12-21 00:00:00+00:00,0.006027043328672123
2025-12-22 00:00:00+00:00,0.0336620662982062
2025-12-23 00:00:00+00:00,-0.012253592652528627
2025-12-24 00:00:00+00:00,-0.019713533031601515
2025-12-25 00:00:00+00:00,0.008072613921031205
2025-12-26 00:00:00+00:00,0.000847177965670391
2025-12-27 00:00:00+00:00,-0.00407233241788939
2025-12-28 00:00:00+00:00,0.0035397398506462055
2025-12-29 00:00:00+00:00,-0.001814187460896438
2025-12-30 00:00:00+00:00,0.004281880051498954
2025-12-31 00:00:00+00:00,0.06177813121199575
2026-01-01 00:00:00+00:00,-0.004426663873771515
2026-01-02 00:00:00+00:00,-0.030348389929580194
2026-01-03 00:00:00+00:00,-0.038270846403953104
2026-01-04 00:00:00+00:00,-0.019401761645526844
2026-01-05 00:00:00+00:00,0.011690948219264342
2026-01-06 00:00:00+00:00,0.028544451717966247
2026-01-07 00:00:00+00:00,-0.01814319661612616
2026-01-08 00:00:00+00:00,0.02343740856409827
2026-01-09 00:00:00+00:00,-0.002040021720459067
2026-01-10 00:00:00+00:00,0.025490647879719865
2026-01-11 00:00:00+00:00,0.02943699311431483
2026-01-12 00:00:00+00:00,0.024077451149087162
2026-01-13 00:00:00+00:00,-0.0006892288871905815
2026-01-14 00:00:00+00:00,0.028375392994032127
2026-01-15 00:00:00+00:00,0.019406399047779615
2026-01-16 00:00:00+00:00,-0.013745286336641096
2026-01-17 00:00:00+00:00,-0.01680012900650758
2026-01-18 00:00:00+00:00,0.03357465511617264
2026-01-19 00:00:00+00:00,-0.0044627539361372
2026-01-20 00:00:00+00:00,-0.0055899529101582765
2026-01-21 00:00:00+00:00,0.018609244119164568
2026-01-22 00:00:00+00:00,0.05215701492605787
2026-01-23 00:00:00+00:00,-0.02189618233988087
2026-01-24 00:00:00+00:00,0.024993442873717377
2026-01-25 00:00:00+00:00,0.012359560355596766
2026-01-26 00:00:00+00:00,0.007128235453092956
2026-01-27 00:00:00+00:00,0.01071824248467602
2026-01-28 00:00:00+00:00,0.03175045681652612
2026-01-29 00:00:00+00:00,0.018266644062540284
2026-01-30 00:00:00+00:00,-0.024852048451070936
2026-01-31 00:00:00+00:00,0.03191904260669487
2026-02-01 00:00:00+00:00,0.008122613548656388
2026-02-02 00:00:00+00:00,0.0007131514176475738
2026-02-03 00:00:00+00:00,0.029772922221619535
2026-02-04 00:00:00+00:00,0.02411423698270557
2026-02-05 00:00:00+00:00,0.0887785880041915
2026-02-06 00:00:00+00:00,-0.054166806791405196
2026-02-07 00:00:00+00:00,0.0107147435146378
2026-02-08 00:00:00+00:00,0.002162032027227393
2026-02-09 00:00:00+00:00,0.000757582985269388
2026-02-10 00:00:00+00:00,0.01833200012054292
2026-02-11 00:00:00+00:00,0.01612378922285579
2026-02-12 00:00:00+00:00,0.003332121163780985
2026-02-13 00:00:00+00:00,-0.0013026228805509998
2026-02-14 00:00:00+00:00,-0.03153677587227153
2026-02-15 00:00:00+00:00,0.027459774456969444
2026-02-16 00:00:00+00:00,-0.007246630441983781
2026-02-17 00:00:00+00:00,0.004176218536777535
2026-02-18 00:00:00+00:00,-0.0003938818553648197
2026-02-19 00:00:00+00:00,0.007151987959034093
2026-02-20 00:00:00+00:00,-0.010296378938875453
2026-02-21 00:00:00+00:00,-0.008518905343881009
2026-02-22 00:00:00+00:00,0.020478675611298326
2026-02-23 00:00:00+00:00,0.020399059806489026
2026-02-24 00:00:00+00:00,-0.005693151802692812
2026-02-25 00:00:00+00:00,-0.06913126746594077
2026-02-26 00:00:00+00:00,0.005063660844013838
2026-02-27 00:00:00+00:00,0.0023844629465477355
2026-02-28 00:00:00+00:00,0.005443497951644932
2026-03-01 00:00:00+00:00,0.017942989511823236
2026-03-02 00:00:00+00:00,-0.006418217632176152
2026-03-03 00:00:00+00:00,-0.009281370391559728
2026-03-04 00:00:00+00:00,-0.020515792407609104
2026-03-05 00:00:00+00:00,0.008066001960311967
2026-03-06 00:00:00+00:00,0.012524093468555349
2026-03-07 00:00:00+00:00,0.013775509097176201
2026-03-08 00:00:00+00:00,0.0042035409627067715
2026-03-09 00:00:00+00:00,-0.010337751601083398
2026-03-10 00:00:00+00:00,-0.008767603548534508
2026-03-11 00:00:00+00:00,-0.005869492955190507
2026-03-12 00:00:00+00:00,-0.01627746788712529
2026-03-13 00:00:00+00:00,-0.058562726640669076
2026-03-14 00:00:00+00:00,-0.000751763154476344
2026-03-15 00:00:00+00:00,-0.013503786191140971
2026-03-16 00:00:00+00:00,-0.05876848027102556
2026-03-17 00:00:00+00:00,0.026918054478520304
2026-03-18 00:00:00+00:00,0.04354460402698312
2026-03-19 00:00:00+00:00,0.008595896622551691
2026-03-20 00:00:00+00:00,-0.0037029583145265776
2026-03-21 00:00:00+00:00,0.022914201465208315
2026-03-22 00:00:00+00:00,0.07463398668266148
2026-03-23 00:00:00+00:00,-0.04420094297966864
2026-03-24 00:00:00+00:00,-0.03213471317854313
2026-03-25 00:00:00+00:00,0.03243364610994213
2026-03-26 00:00:00+00:00,0.005091168781939392
2026-03-27 00:00:00+00:00,-0.01628995571902625
2026-03-28 00:00:00+00:00,0.03196014388582091
2026-03-29 00:00:00+00:00,0.004424586296147428
2026-03-30 00:00:00+00:00,-0.0074859252460088765
2026-03-31 00:00:00+00:00,-0.02953667571100953
2026-04-01 00:00:00+00:00,-0.01612612984972455
2026-04-02 00:00:00+00:00,0.015738919166483605
2026-04-03 00:00:00+00:00,0.0013377460976576345
2026-04-04 00:00:00+00:00,-0.03268084617585527
2026-04-05 00:00:00+00:00,0.005175517234875408
2026-04-06 00:00:00+00:00,0.005419352181838727
2026-04-07 00:00:00+00:00,-0.015258542429605714
2026-04-08 00:00:00+00:00,0.013246913500157302
2026-04-09 00:00:00+00:00,0.0023487534653469956
2026-04-10 00:00:00+00:00,0.016167089384120276
2026-04-11 00:00:00+00:00,0.006662617026476977
2026-04-12 00:00:00+00:00,0.019806810675291196
2026-04-13 00:00:00+00:00,-0.006823107641889011
2026-04-14 00:00:00+00:00,0.027860996220443853
2026-04-15 00:00:00+00:00,0.0020389680816591408
2026-04-16 00:00:00+00:00,-0.0034901977507714806
2026-04-17 00:00:00+00:00,-0.003735652865794192
2026-04-18 00:00:00+00:00,0.020769635285785796
2026-04-19 00:00:00+00:00,-0.006493361650052497
2026-04-20 00:00:00+00:00,0.006298339331748708
2026-04-21 00:00:00+00:00,0.010264233072939338
2026-04-22 00:00:00+00:00,-0.025060936977933865
2026-04-23 00:00:00+00:00,0.017727870425312823
2026-04-24 00:00:00+00:00,-0.006060776319480487
2026-04-25 00:00:00+00:00,-0.00044853404231955053
2026-04-26 00:00:00+00:00,0.000897472631575834
2026-04-27 00:00:00+00:00,-0.004564703332346488
2026-04-28 00:00:00+00:00,-0.003667808270788741
2026-04-29 00:00:00+00:00,0.02339298129271014
2026-04-30 00:00:00+00:00,0.028533323118867776
2026-05-01 00:00:00+00:00,0.059808230126652505
2026-05-02 00:00:00+00:00,0.049471871797732415
2026-05-03 00:00:00+00:00,0.0017803435259203006
2026-05-04 00:00:00+00:00,0.010394990496333602
2026-05-05 00:00:00+00:00,0.023169137055848544
2026-05-06 00:00:00+00:00,0.011979786833858717
2026-05-07 00:00:00+00:00,-0.030359072495369486
2026-05-08 00:00:00+00:00,0.002183902340507984
2026-05-09 00:00:00+00:00,-0.000853581657482367
2026-05-10 00:00:00+00:00,0.0033418083119119055
2026-05-11 00:00:00+00:00,-0.0021516474472058752
2026-05-12 00:00:00+00:00,-0.014652779710150974
2026-05-13 00:00:00+00:00,0.005761628629302337
2026-05-14 00:00:00+00:00,0.006554217489036856
2026-05-15 00:00:00+00:00,-0.015559555767299092
2026-05-16 00:00:00+00:00,-0.011857930167565185
2026-05-17 00:00:00+00:00,0.00028464055352794636
2026-05-18 00:00:00+00:00,0.00442695145453179
2026-05-19 00:00:00+00:00,-0.003862116819628371
2026-05-20 00:00:00+00:00,-0.008896272354206015
2026-05-21 00:00:00+00:00,0.009179266211423408
2026-05-22 00:00:00+00:00,-0.0011013254843698324
2026-05-23 00:00:00+00:00,0.004305343157981826
2026-05-24 00:00:00+00:00,0.012667154291038422
2026-05-25 00:00:00+00:00,0.0009037735729391363
2026-05-26 00:00:00+00:00,0.010231578896263705
2026-05-27 00:00:00+00:00,-0.010040056741473133
2026-05-28 00:00:00+00:00,-0.03341508678299352
2026-05-29 00:00:00+00:00,0.00708390404413251
2026-05-30 00:00:00+00:00,0.004725386304725351
2026-05-31 00:00:00+00:00,0.01828898041995693
2026-06-01 00:00:00+00:00,-0.0034670850304076403
2026-06-02 00:00:00+00:00,0.07151372588986235
2026-06-03 00:00:00+00:00,-0.030071641614860745
2026-06-04 00:00:00+00:00,0.036866468115953836
2026-06-05 00:00:00+00:00,0.08930486828475082
2026-06-06 00:00:00+00:00,0.058035314345049195
2026-06-07 00:00:00+00:00,-0.02879402019068692
