timestamp,0
2020-05-31 00:00:00+00:00,0.0
2020-06-01 00:00:00+00:00,0.0
2020-06-02 00:00:00+00:00,0.0
2020-06-03 00:00:00+00:00,0.0
2020-06-04 00:00:00+00:00,0.0
2020-06-05 00:00:00+00:00,0.0
2020-06-06 00:00:00+00:00,0.0
2020-06-07 00:00:00+00:00,0.0
2020-06-08 00:00:00+00:00,0.0
2020-06-09 00:00:00+00:00,0.0
2020-06-10 00:00:00+00:00,0.0
2020-06-11 00:00:00+00:00,0.0
2020-06-12 00:00:00+00:00,0.0
2020-06-13 00:00:00+00:00,0.0
2020-06-14 00:00:00+00:00,0.0
2020-06-15 00:00:00+00:00,0.0
2020-06-16 00:00:00+00:00,0.0
2020-06-17 00:00:00+00:00,0.0
2020-06-18 00:00:00+00:00,0.0
2020-06-19 00:00:00+00:00,0.0
2020-06-20 00:00:00+00:00,0.0
2020-06-21 00:00:00+00:00,0.0
2020-06-22 00:00:00+00:00,0.0
2020-06-23 00:00:00+00:00,0.0
2020-06-24 00:00:00+00:00,0.0
2020-06-25 00:00:00+00:00,0.0
2020-06-26 00:00:00+00:00,0.0
2020-06-27 00:00:00+00:00,0.0
2020-06-28 00:00:00+00:00,0.0
2020-06-29 00:00:00+00:00,0.0
2020-06-30 00:00:00+00:00,0.0
2020-07-01 00:00:00+00:00,0.0
2020-07-02 00:00:00+00:00,0.0
2020-07-03 00:00:00+00:00,0.0
2020-07-04 00:00:00+00:00,0.0
2020-07-05 00:00:00+00:00,0.0
2020-07-06 00:00:00+00:00,0.0
2020-07-07 00:00:00+00:00,0.0
2020-07-08 00:00:00+00:00,0.0
2020-07-09 00:00:00+00:00,0.0
2020-07-10 00:00:00+00:00,0.0
2020-07-11 00:00:00+00:00,0.0
2020-07-12 00:00:00+00:00,0.0
2020-07-13 00:00:00+00:00,0.0
2020-07-14 00:00:00+00:00,0.0
2020-07-15 00:00:00+00:00,0.0
2020-07-16 00:00:00+00:00,0.0
2020-07-17 00:00:00+00:00,0.0
2020-07-18 00:00:00+00:00,0.0
2020-07-19 00:00:00+00:00,0.0
2020-07-20 00:00:00+00:00,0.0
2020-07-21 00:00:00+00:00,0.0
2020-07-22 00:00:00+00:00,0.0
2020-07-23 00:00:00+00:00,0.0
2020-07-24 00:00:00+00:00,0.0
2020-07-25 00:00:00+00:00,0.0
2020-07-26 00:00:00+00:00,0.0
2020-07-27 00:00:00+00:00,0.0
2020-07-28 00:00:00+00:00,0.0
2020-07-29 00:00:00+00:00,0.0
2020-07-30 00:00:00+00:00,0.0
2020-07-31 00:00:00+00:00,0.0
2020-08-01 00:00:00+00:00,0.0
2020-08-02 00:00:00+00:00,0.0
2020-08-03 00:00:00+00:00,0.0
2020-08-04 00:00:00+00:00,0.0
2020-08-05 00:00:00+00:00,0.0
2020-08-06 00:00:00+00:00,0.0
2020-08-07 00:00:00+00:00,0.0
2020-08-08 00:00:00+00:00,0.0
2020-08-09 00:00:00+00:00,0.0
2020-08-10 00:00:00+00:00,0.0
2020-08-11 00:00:00+00:00,0.0
2020-08-12 00:00:00+00:00,0.0
2020-08-13 00:00:00+00:00,0.0
2020-08-14 00:00:00+00:00,0.0
2020-08-15 00:00:00+00:00,0.0
2020-08-16 00:00:00+00:00,0.0
2020-08-17 00:00:00+00:00,0.0
2020-08-18 00:00:00+00:00,0.0
2020-08-19 00:00:00+00:00,0.0
2020-08-20 00:00:00+00:00,0.0
2020-08-21 00:00:00+00:00,0.0
2020-08-22 00:00:00+00:00,0.0
2020-08-23 00:00:00+00:00,0.0
2020-08-24 00:00:00+00:00,0.0
2020-08-25 00:00:00+00:00,0.0
2020-08-26 00:00:00+00:00,0.0
2020-08-27 00:00:00+00:00,0.0
2020-08-28 00:00:00+00:00,0.0
2020-08-29 00:00:00+00:00,0.0
2020-08-30 00:00:00+00:00,0.010683185449503401
2020-08-31 00:00:00+00:00,-0.0036383430742754587
2020-09-01 00:00:00+00:00,0.03257666740109855
2020-09-02 00:00:00+00:00,-0.028763918558284612
2020-09-03 00:00:00+00:00,-0.08157113094860881
2020-09-04 00:00:00+00:00,-0.0604987191918979
2020-09-05 00:00:00+00:00,-0.07026489083892049
2020-09-06 00:00:00+00:00,0.00530065335251792
2020-09-07 00:00:00+00:00,0.0034948684191912576
2020-09-08 00:00:00+00:00,0.028620469341987347
2020-09-09 00:00:00+00:00,-0.001374168373883614
2020-09-10 00:00:00+00:00,-0.028187925266464478
2020-09-11 00:00:00+00:00,0.002011332192480811
2020-09-12 00:00:00+00:00,0.015475321135687906
2020-09-13 00:00:00+00:00,0.03809972625824834
2020-09-14 00:00:00+00:00,-0.01007428478382014
2020-09-15 00:00:00+00:00,-0.022075941410202797
2020-09-16 00:00:00+00:00,0.0059920362522877385
2020-09-17 00:00:00+00:00,-0.012985032722918618
2020-09-18 00:00:00+00:00,0.026698950789713526
2020-09-19 00:00:00+00:00,-0.00037582302091807035
2020-09-20 00:00:00+00:00,0.006797291251260204
2020-09-21 00:00:00+00:00,0.01939446360594515
2020-09-22 00:00:00+00:00,-0.007636680521313725
2020-09-23 00:00:00+00:00,0.022081621564933474
2020-09-24 00:00:00+00:00,-0.05276632724900187
2020-09-25 00:00:00+00:00,-0.05029844579928756
2020-09-26 00:00:00+00:00,-0.018771447011605612
2020-09-27 00:00:00+00:00,0.007577270967989664
2020-09-28 00:00:00+00:00,-0.0025889641548455695
2020-09-29 00:00:00+00:00,-0.0011195712977323511
2020-09-30 00:00:00+00:00,0.006302846873005255
2020-10-01 00:00:00+00:00,-0.010433442895827994
2020-10-02 00:00:00+00:00,0.009769712652065303
2020-10-03 00:00:00+00:00,0.006577721865823835
2020-10-04 00:00:00+00:00,-0.0022241709016159734
2020-10-05 00:00:00+00:00,0.011926981890958676
2020-10-06 00:00:00+00:00,-0.01855149092246035
2020-10-07 00:00:00+00:00,-0.002350993996085313
2020-10-08 00:00:00+00:00,-0.013079887588614267
2020-10-09 00:00:00+00:00,-0.008444512920455827
2020-10-10 00:00:00+00:00,-0.007716511819984567
2020-10-11 00:00:00+00:00,-0.0019761989766985152
2020-10-12 00:00:00+00:00,0.006565358179160858
2020-10-13 00:00:00+00:00,-0.004365471446132949
2020-10-14 00:00:00+00:00,0.008474711053738005
2020-10-15 00:00:00+00:00,0.015751755354167955
2020-10-16 00:00:00+00:00,-0.03779986587380264
2020-10-17 00:00:00+00:00,-0.017828121848798856
2020-10-18 00:00:00+00:00,0.009407590260420923
2020-10-19 00:00:00+00:00,-0.017507843032388053
2020-10-20 00:00:00+00:00,0.0014411100042014766
2020-10-21 00:00:00+00:00,0.013049793148372986
2020-10-22 00:00:00+00:00,-0.0013559366796125614
2020-10-23 00:00:00+00:00,0.009824817392595601
2020-10-24 00:00:00+00:00,0.017841756825996164
2020-10-25 00:00:00+00:00,-0.0048409757471898525
2020-10-26 00:00:00+00:00,-0.003618957176762523
2020-10-27 00:00:00+00:00,0.033520831992261774
2020-10-28 00:00:00+00:00,-0.014905013531966192
2020-10-29 00:00:00+00:00,0.008886366416642727
2020-10-30 00:00:00+00:00,-0.019785484876043643
2020-10-31 00:00:00+00:00,0.020702080478053237
2020-11-01 00:00:00+00:00,-0.021382005850122673
2020-11-02 00:00:00+00:00,-0.00018808826103313035
2020-11-03 00:00:00+00:00,0.023188421024296944
2020-11-04 00:00:00+00:00,0.0016331769576236363
2020-11-05 00:00:00+00:00,0.02182190407948457
2020-11-06 00:00:00+00:00,-0.033479995289532265
2020-11-07 00:00:00+00:00,-0.011076323014514597
2020-11-08 00:00:00+00:00,0.010637011287580607
2020-11-09 00:00:00+00:00,-0.002000817056036743
2020-11-10 00:00:00+00:00,-0.008921018991296754
2020-11-11 00:00:00+00:00,0.012996414463745854
2020-11-12 00:00:00+00:00,0.004863102507972974
2020-11-13 00:00:00+00:00,0.035676384402493516
2020-11-14 00:00:00+00:00,0.02148131085106477
2020-11-15 00:00:00+00:00,0.019742348090185644
2020-11-16 00:00:00+00:00,0.0578438116249382
2020-11-17 00:00:00+00:00,0.009215136535357948
2020-11-18 00:00:00+00:00,-0.008573358661664173
2020-11-19 00:00:00+00:00,0.06938711049698368
2020-11-20 00:00:00+00:00,0.05937757391645878
2020-11-21 00:00:00+00:00,0.037555354071632234
2020-11-22 00:00:00+00:00,0.02688390770365288
2020-11-23 00:00:00+00:00,0.11851649251969203
2020-11-24 00:00:00+00:00,0.08119985365210122
2020-11-25 00:00:00+00:00,-0.05342822167500834
2020-11-26 00:00:00+00:00,-0.06502577433254739
2020-11-27 00:00:00+00:00,0.024128208754171366
2020-11-28 00:00:00+00:00,0.03875453209968697
2020-11-29 00:00:00+00:00,0.0018512143423804373
2020-11-30 00:00:00+00:00,0.027870045472642456
2020-12-01 00:00:00+00:00,-0.03733032993574285
2020-12-02 00:00:00+00:00,-0.0007291656548025945
2020-12-03 00:00:00+00:00,0.012654115764639649
2020-12-04 00:00:00+00:00,-0.03301548034501568
2020-12-05 00:00:00+00:00,0.0282924533280205
2020-12-06 00:00:00+00:00,-0.0007425940059961944
2020-12-07 00:00:00+00:00,0.008180786835311465
2020-12-08 00:00:00+00:00,-0.028918684162396922
2020-12-09 00:00:00+00:00,0.007141628916826636
2020-12-10 00:00:00+00:00,-0.007691851274699072
2020-12-11 00:00:00+00:00,-0.002225855349073459
2020-12-12 00:00:00+00:00,0.00762632038501366
2020-12-13 00:00:00+00:00,0.008850659298823485
2020-12-14 00:00:00+00:00,-0.004612017506496047
2020-12-15 00:00:00+00:00,-0.014315241537874335
2020-12-16 00:00:00+00:00,0.03230401359043601
2020-12-17 00:00:00+00:00,0.010158371198307953
2020-12-18 00:00:00+00:00,0.0034654127867249553
2020-12-19 00:00:00+00:00,0.012326763957401005
2020-12-20 00:00:00+00:00,0.014309037586919638
2020-12-21 00:00:00+00:00,-0.017547902371947914
2020-12-22 00:00:00+00:00,0.020899478708863124
2020-12-23 00:00:00+00:00,-0.01298868426797646
2020-12-24 00:00:00+00:00,0.008186213006361673
2020-12-25 00:00:00+00:00,0.017778024466247683
2020-12-26 00:00:00+00:00,0.027662561767022618
2020-12-27 00:00:00+00:00,-0.0017231097571791174
2020-12-28 00:00:00+00:00,0.027604601050528414
2020-12-29 00:00:00+00:00,0.01736250607403188
2020-12-30 00:00:00+00:00,-0.0011755708673685218
2020-12-31 00:00:00+00:00,-0.007307446655483065
2021-01-01 00:00:00+00:00,-0.025392458257351425
2021-01-02 00:00:00+00:00,0.08877945961598227
2021-01-03 00:00:00+00:00,0.0615352597408851
2021-01-04 00:00:00+00:00,-0.009651751665592007
2021-01-05 00:00:00+00:00,0.026263645302507677
2021-01-06 00:00:00+00:00,0.020878096301015038
2021-01-07 00:00:00+00:00,-0.023399261394878523
2021-01-08 00:00:00+00:00,0.005810885054597436
2021-01-09 00:00:00+00:00,0.024639126012087145
2021-01-10 00:00:00+00:00,-0.02390804605780632
2021-01-11 00:00:00+00:00,-0.04581281731257781
2021-01-12 00:00:00+00:00,0.014497636190534577
2021-01-13 00:00:00+00:00,0.0308927889584095
2021-01-14 00:00:00+00:00,0.012411132694032826
2021-01-15 00:00:00+00:00,-0.020807539304512006
2021-01-16 00:00:00+00:00,0.043320316837547966
2021-01-17 00:00:00+00:00,0.024909353888523167
2021-01-18 00:00:00+00:00,-0.0007249563465339247
2021-01-19 00:00:00+00:00,-0.023749801166724118
2021-01-20 00:00:00+00:00,0.021342456728039968
2021-01-21 00:00:00+00:00,-0.05095611440436184
2021-01-22 00:00:00+00:00,0.04363350039076312
2021-01-23 00:00:00+00:00,0.018195360275254646
2021-01-24 00:00:00+00:00,0.03380805430149974
2021-01-25 00:00:00+00:00,-0.015462146943683966
2021-01-26 00:00:00+00:00,0.024799755163696313
2021-01-27 00:00:00+00:00,-0.011590272387789915
2021-01-28 00:00:00+00:00,0.061329525565057434
2021-01-29 00:00:00+00:00,0.015667528329317598
2021-01-30 00:00:00+00:00,0.0043542268251513735
2021-01-31 00:00:00+00:00,0.0016747418655977747
2021-02-01 00:00:00+00:00,0.005129366652421234
2021-02-02 00:00:00+00:00,-0.0008996634474768949
2021-02-03 00:00:00+00:00,0.02007846708656839
2021-02-04 00:00:00+00:00,0.019224978032758588
2021-02-05 00:00:00+00:00,0.02800808999821931
2021-02-06 00:00:00+00:00,0.00039510007970199295
2021-02-07 00:00:00+00:00,0.012780429040749802
2021-02-08 00:00:00+00:00,0.04692383965913914
2021-02-09 00:00:00+00:00,0.02936032680751523
2021-02-10 00:00:00+00:00,0.04532305824778151
2021-02-11 00:00:00+00:00,0.018395031151278586
2021-02-12 00:00:00+00:00,0.0075492268862902365
2021-02-13 00:00:00+00:00,0.038100977199731954
2021-02-14 00:00:00+00:00,-0.008172612215021005
2021-02-15 00:00:00+00:00,-0.003398372824273454
2021-02-16 00:00:00+00:00,-0.001700545556471177
2021-02-17 00:00:00+00:00,0.024483968119636327
2021-02-18 00:00:00+00:00,-0.004768641567329363
2021-02-19 00:00:00+00:00,0.042634277926411196
2021-02-20 00:00:00+00:00,-0.01543260086872935
2021-02-21 00:00:00+00:00,0.007202553525930092
2021-02-22 00:00:00+00:00,-0.0194947706797663
2021-02-23 00:00:00+00:00,-0.029853388609055655
2021-02-24 00:00:00+00:00,0.007887856488243488
2021-02-25 00:00:00+00:00,-0.02127420598632972
2021-02-26 00:00:00+00:00,0.005588149070095431
2021-02-27 00:00:00+00:00,0.005302227199735757
2021-02-28 00:00:00+00:00,-0.005352843070129411
2021-03-01 00:00:00+00:00,0.014632052839619434
2021-03-02 00:00:00+00:00,-0.013869396627788109
2021-03-03 00:00:00+00:00,0.006934142885473354
2021-03-04 00:00:00+00:00,-0.013938935537390017
2021-03-05 00:00:00+00:00,-0.007410287500872759
2021-03-06 00:00:00+00:00,-0.0031410734368543646
2021-03-07 00:00:00+00:00,0.013631958319206088
2021-03-08 00:00:00+00:00,0.0021188139024826544
2021-03-09 00:00:00+00:00,0.0071265907576953495
2021-03-10 00:00:00+00:00,-0.009768260822476983
2021-03-11 00:00:00+00:00,0.011409747177015175
2021-03-12 00:00:00+00:00,0.005699198000016529
2021-03-13 00:00:00+00:00,0.022259452713929675
2021-03-14 00:00:00+00:00,-0.013170305985331438
2021-03-15 00:00:00+00:00,-0.027624195587821317
2021-03-16 00:00:00+00:00,0.01919211871367842
2021-03-17 00:00:00+00:00,0.03752219275352784
2021-03-18 00:00:00+00:00,-0.01633142881363874
2021-03-19 00:00:00+00:00,0.0190995720969361
2021-03-20 00:00:00+00:00,-0.009038642677899634
2021-03-21 00:00:00+00:00,-0.0009969181893496174
2021-03-22 00:00:00+00:00,-0.01795260631237795
2021-03-23 00:00:00+00:00,-0.0016841349621184484
2021-03-24 00:00:00+00:00,-0.02491235699842972
2021-03-25 00:00:00+00:00,-0.006186134071753462
2021-03-26 00:00:00+00:00,0.07528785259284218
2021-03-27 00:00:00+00:00,0.007542453385160006
2021-03-28 00:00:00+00:00,-0.0005655468032369124
2021-03-29 00:00:00+00:00,0.01958943971075031
2021-03-30 00:00:00+00:00,0.008795869492968707
2021-03-31 00:00:00+00:00,0.034504059380421545
2021-04-01 00:00:00+00:00,-0.0053134909831965395
2021-04-02 00:00:00+00:00,0.014245054961632088
2021-04-03 00:00:00+00:00,0.004843113770646812
2021-04-04 00:00:00+00:00,0.028159780987539434
2021-04-05 00:00:00+00:00,0.028555824015550776
2021-04-06 00:00:00+00:00,0.009238561914030104
2021-04-07 00:00:00+00:00,-0.020256799152219986
2021-04-08 00:00:00+00:00,0.022639227536086905
2021-04-09 00:00:00+00:00,-0.0016148369347349953
2021-04-10 00:00:00+00:00,0.03556646812526639
2021-04-11 00:00:00+00:00,0.01880698933319394
2021-04-12 00:00:00+00:00,-0.0037401590507204594
2021-04-13 00:00:00+00:00,0.026211913459569008
2021-04-14 00:00:00+00:00,0.007744861417443993
2021-04-15 00:00:00+00:00,0.027134643465266044
2021-04-16 00:00:00+00:00,0.05589743024675156
2021-04-17 00:00:00+00:00,-0.019353336903152336
2021-04-18 00:00:00+00:00,-0.001246558244908487
2021-04-19 00:00:00+00:00,0.0019776581608659054
2021-04-20 00:00:00+00:00,0.010255290249944647
2021-04-21 00:00:00+00:00,-0.012847908806245166
2021-04-22 00:00:00+00:00,-0.004858312682379647
2021-04-23 00:00:00+00:00,-0.006053235253868407
2021-04-24 00:00:00+00:00,-0.0024911998020099796
2021-04-25 00:00:00+00:00,0.010819843927520377
2021-04-26 00:00:00+00:00,0.02265301410174731
2021-04-27 00:00:00+00:00,0.007815186556803091
2021-04-28 00:00:00+00:00,0.012318399320478414
2021-04-29 00:00:00+00:00,-0.0029210386388639365
2021-04-30 00:00:00+00:00,0.0006401562770808336
2021-05-01 00:00:00+00:00,0.022834928028199183
2021-05-02 00:00:00+00:00,-0.006740777902861527
2021-05-03 00:00:00+00:00,0.0564841959615226
2021-05-04 00:00:00+00:00,0.02788433750022378
2021-05-05 00:00:00+00:00,0.05405961801475795
2021-05-06 00:00:00+00:00,0.003688180702685543
2021-05-07 00:00:00+00:00,-0.008144243829068079
2021-05-08 00:00:00+00:00,0.016372332563854793
2021-05-09 00:00:00+00:00,0.006872109983918056
2021-05-10 00:00:00+00:00,-0.03222661999575205
2021-05-11 00:00:00+00:00,0.0313776055204442
2021-05-12 00:00:00+00:00,-0.0620967207088543
2021-05-13 00:00:00+00:00,0.005881185888451927
2021-05-14 00:00:00+00:00,0.022229500130110096
2021-05-15 00:00:00+00:00,-0.02427904354925774
2021-05-16 00:00:00+00:00,0.006241806842954192
2021-05-17 00:00:00+00:00,-0.024339421279275256
2021-05-18 00:00:00+00:00,0.01727066505451979
2021-05-19 00:00:00+00:00,-0.10587991406240077
2021-05-20 00:00:00+00:00,0.02845400195823346
2021-05-21 00:00:00+00:00,-0.016240393919867323
2021-05-22 00:00:00+00:00,-0.014678488333702036
2021-05-23 00:00:00+00:00,-0.002381763551095074
2021-05-24 00:00:00+00:00,-0.01215095998624918
2021-05-25 00:00:00+00:00,0.0013983730382222679
2021-05-26 00:00:00+00:00,-0.011726414925774314
2021-05-27 00:00:00+00:00,0.001757290777209944
2021-05-28 00:00:00+00:00,0.011888288955769486
2021-05-29 00:00:00+00:00,-0.0005664245841582903
2021-05-30 00:00:00+00:00,-0.0063282133756867665
2021-05-31 00:00:00+00:00,-0.018503437662311974
2021-06-01 00:00:00+00:00,0.001099170471620442
2021-06-02 00:00:00+00:00,-0.016626989358477503
2021-06-03 00:00:00+00:00,-0.017747465989428033
2021-06-04 00:00:00+00:00,0.016758400447950312
2021-06-05 00:00:00+00:00,0.004713614191378219
2021-06-06 00:00:00+00:00,-0.0040309722847796
2021-06-07 00:00:00+00:00,0.014623432904669028
2021-06-08 00:00:00+00:00,0.006418608061982633
2021-06-09 00:00:00+00:00,-0.024446672233038712
2021-06-10 00:00:00+00:00,0.00955472340988496
2021-06-11 00:00:00+00:00,0.003801374985884073
2021-06-12 00:00:00+00:00,0.003936062894731979
2021-06-13 00:00:00+00:00,-0.025139490069580696
2021-06-14 00:00:00+00:00,-0.01434840542673463
2021-06-15 00:00:00+00:00,0.006599092138460789
2021-06-16 00:00:00+00:00,0.014374457309609637
2021-06-17 00:00:00+00:00,-0.003940713977140085
2021-06-18 00:00:00+00:00,0.01758398245940436
2021-06-19 00:00:00+00:00,0.007372937114275492
2021-06-20 00:00:00+00:00,-0.0078503908992461
2021-06-21 00:00:00+00:00,0.09695970528244838
2021-06-22 00:00:00+00:00,-0.0030706387579195246
2021-06-23 00:00:00+00:00,-0.039995121525130864
2021-06-24 00:00:00+00:00,-0.01523591741181069
2021-06-25 00:00:00+00:00,0.03759493726821845
2021-06-26 00:00:00+00:00,-0.008681120232566841
2021-06-27 00:00:00+00:00,-0.017407041033510956
2021-06-28 00:00:00+00:00,-0.01962946553995859
2021-06-29 00:00:00+00:00,-0.018969065872384897
2021-06-30 00:00:00+00:00,-0.003957912537613655
2021-07-01 00:00:00+00:00,0.010454169507170645
2021-07-02 00:00:00+00:00,0.00313272761454208
2021-07-03 00:00:00+00:00,-0.007859807747966291
2021-07-04 00:00:00+00:00,-0.009071820795175245
2021-07-05 00:00:00+00:00,0.02470427660042082
2021-07-06 00:00:00+00:00,-0.01336094283671801
2021-07-07 00:00:00+00:00,-0.001468382466668349
2021-07-08 00:00:00+00:00,0.017354518678275532
2021-07-09 00:00:00+00:00,-0.0053473090946207546
2021-07-10 00:00:00+00:00,0.005899514146406854
2021-07-11 00:00:00+00:00,-0.003730223952162572
2021-07-12 00:00:00+00:00,0.007893372710016215
2021-07-13 00:00:00+00:00,0.003805043888107055
2021-07-14 00:00:00+00:00,-0.0029958941531878815
2021-07-15 00:00:00+00:00,0.01734983709125378
2021-07-16 00:00:00+00:00,0.014197551902346487
2021-07-17 00:00:00+00:00,-0.003125067216370273
2021-07-18 00:00:00+00:00,-0.0037790092600627524
2021-07-19 00:00:00+00:00,0.012013563986823104
2021-07-20 00:00:00+00:00,0.016073909563516085
2021-07-21 00:00:00+00:00,-0.03967810061421024
2021-07-22 00:00:00+00:00,-0.01645744198320265
2021-07-23 00:00:00+00:00,-0.009789984197379286
2021-07-24 00:00:00+00:00,-0.01376707201062114
2021-07-25 00:00:00+00:00,-0.004654823454864073
2021-07-26 00:00:00+00:00,-0.014488339742481326
2021-07-27 00:00:00+00:00,-0.015702296532599642
2021-07-28 00:00:00+00:00,-0.01372778558793509
2021-07-29 00:00:00+00:00,-0.014066611087618676
2021-07-30 00:00:00+00:00,-0.010477387654376941
2021-07-31 00:00:00+00:00,-0.007527240784038396
2021-08-01 00:00:00+00:00,-0.008314136222637958
2021-08-02 00:00:00+00:00,-0.0017701969829142558
2021-08-03 00:00:00+00:00,0.004236995137002507
2021-08-04 00:00:00+00:00,-0.007763181994567415
2021-08-05 00:00:00+00:00,-0.008909035234543153
2021-08-06 00:00:00+00:00,-0.01500786071757149
2021-08-07 00:00:00+00:00,-0.060683111914123414
2021-08-08 00:00:00+00:00,0.009490197821591393
2021-08-09 00:00:00+00:00,0.0033167915423188746
2021-08-10 00:00:00+00:00,-0.01235670117928473
2021-08-11 00:00:00+00:00,-0.0044261858519533985
2021-08-12 00:00:00+00:00,0.011707312386533067
2021-08-13 00:00:00+00:00,0.023974099266656543
2021-08-14 00:00:00+00:00,0.02753539486672894
2021-08-15 00:00:00+00:00,-0.018398827951753394
2021-08-16 00:00:00+00:00,-0.027170538916014095
2021-08-17 00:00:00+00:00,-0.023427351450882847
2021-08-18 00:00:00+00:00,0.04192306203985576
2021-08-19 00:00:00+00:00,0.024932920821916827
2021-08-20 00:00:00+00:00,0.027378977084972167
2021-08-21 00:00:00+00:00,0.031120241867844112
2021-08-22 00:00:00+00:00,-0.0038714920525324556
2021-08-23 00:00:00+00:00,0.02377361962952036
2021-08-24 00:00:00+00:00,-0.023505994543166143
2021-08-25 00:00:00+00:00,0.014444465731055529
2021-08-26 00:00:00+00:00,-0.050691057754219546
2021-08-27 00:00:00+00:00,0.049599650125803314
2021-08-28 00:00:00+00:00,0.00028181059458488714
2021-08-29 00:00:00+00:00,-0.010827528021972578
2021-08-30 00:00:00+00:00,-0.002005301736694966
2021-08-31 00:00:00+00:00,0.009184962346221197
2021-09-01 00:00:00+00:00,0.032013766610578746
2021-09-02 00:00:00+00:00,0.00994630598439963
2021-09-03 00:00:00+00:00,0.018773930441809594
2021-09-04 00:00:00+00:00,-0.0036082786928347066
2021-09-05 00:00:00+00:00,0.005663718314764361
2021-09-06 00:00:00+00:00,0.00992107127461139
2021-09-07 00:00:00+00:00,-0.06645682684347333
2021-09-08 00:00:00+00:00,0.07786459522585852
2021-09-09 00:00:00+00:00,0.016817085813778276
2021-09-10 00:00:00+00:00,-0.018441399680965125
2021-09-11 00:00:00+00:00,0.011140008288369826
2021-09-12 00:00:00+00:00,0.04656016824958094
2021-09-13 00:00:00+00:00,-0.014948166618276658
2021-09-14 00:00:00+00:00,0.0031717852889125734
2021-09-15 00:00:00+00:00,0.013725502947114948
2021-09-16 00:00:00+00:00,0.001152485879732893
2021-09-17 00:00:00+00:00,-0.029367492646942783
2021-09-18 00:00:00+00:00,0.014194284845727602
2021-09-19 00:00:00+00:00,-0.0003230857360397495
2021-09-20 00:00:00+00:00,-0.06898509995197644
2021-09-21 00:00:00+00:00,-0.020784253419366527
2021-09-22 00:00:00+00:00,0.05021315300690548
2021-09-23 00:00:00+00:00,0.014481363988599154
2021-09-24 00:00:00+00:00,-0.011211479268356974
2021-09-25 00:00:00+00:00,-0.013748865270743916
2021-09-26 00:00:00+00:00,-0.004260762088410021
2021-09-27 00:00:00+00:00,-0.010970837169621347
2021-09-28 00:00:00+00:00,-0.013258914240041334
2021-09-29 00:00:00+00:00,-0.0015688318294567974
2021-09-30 00:00:00+00:00,-0.0019510088426458615
2021-10-01 00:00:00+00:00,-0.008485836510310344
2021-10-02 00:00:00+00:00,0.003187576530057438
2021-10-03 00:00:00+00:00,-0.0013897333097015946
2021-10-04 00:00:00+00:00,0.0013417136851174081
2021-10-05 00:00:00+00:00,0.0015808473116175762
2021-10-06 00:00:00+00:00,0.016215668561536885
2021-10-07 00:00:00+00:00,-0.00910611648192504
2021-10-08 00:00:00+00:00,0.006948584279436778
2021-10-09 00:00:00+00:00,0.0027078196132538646
2021-10-10 00:00:00+00:00,-0.013711612053327769
2021-10-11 00:00:00+00:00,0.016078227165070517
2021-10-12 00:00:00+00:00,-0.00491265353997105
2021-10-13 00:00:00+00:00,0.019365342484418745
2021-10-14 00:00:00+00:00,-0.006358083524207433
2021-10-15 00:00:00+00:00,0.0027991213405009316
2021-10-16 00:00:00+00:00,-0.007807781229543927
2021-10-17 00:00:00+00:00,0.0008335562652269777
2021-10-18 00:00:00+00:00,-0.0021716443530514673
2021-10-19 00:00:00+00:00,0.005509531435652424
2021-10-20 00:00:00+00:00,0.02243803330560138
2021-10-21 00:00:00+00:00,-0.013302766780551135
2021-10-22 00:00:00+00:00,-0.0033346669776015804
2021-10-23 00:00:00+00:00,0.015459633602402526
2021-10-24 00:00:00+00:00,-0.005940026201337638
2021-10-25 00:00:00+00:00,0.0809093282367183
2021-10-26 00:00:00+00:00,-0.01827189474297253
2021-10-27 00:00:00+00:00,-0.006005373033042478
2021-10-28 00:00:00+00:00,0.01996212234600204
2021-10-29 00:00:00+00:00,0.017705477642209665
2021-10-30 00:00:00+00:00,-0.02859810214318745
2021-10-31 00:00:00+00:00,-0.010093692184831374
2021-11-01 00:00:00+00:00,0.02282069085598552
2021-11-02 00:00:00+00:00,0.02494767609641118
2021-11-03 00:00:00+00:00,-0.004065920486058482
2021-11-04 00:00:00+00:00,-0.00503518247449298
2021-11-05 00:00:00+00:00,-0.006502805291236225
2021-11-06 00:00:00+00:00,0.02799702153797216
2021-11-07 00:00:00+00:00,0.010675201213729316
2021-11-08 00:00:00+00:00,0.017437987834623147
2021-11-09 00:00:00+00:00,-0.014644144623594507
2021-11-10 00:00:00+00:00,-0.01048339463177845
2021-11-11 00:00:00+00:00,0.008998618791906445
2021-11-12 00:00:00+00:00,-0.005929320287827452
2021-11-13 00:00:00+00:00,0.009493043734565448
2021-11-14 00:00:00+00:00,0.01445782902521434
2021-11-15 00:00:00+00:00,-0.012870609363066682
2021-11-16 00:00:00+00:00,-0.031035211193831708
2021-11-17 00:00:00+00:00,0.006868639552090977
2021-11-18 00:00:00+00:00,-0.02850309641827527
2021-11-19 00:00:00+00:00,0.005258430048972404
2021-11-20 00:00:00+00:00,0.010173402002369634
2021-11-21 00:00:00+00:00,0.007334043402871806
2021-11-22 00:00:00+00:00,0.011599209386435402
2021-11-23 00:00:00+00:00,-0.001662984045403753
2021-11-24 00:00:00+00:00,0.0419491262975751
2021-11-25 00:00:00+00:00,0.009310413523043194
2021-11-26 00:00:00+00:00,-0.001329294168343779
2021-11-27 00:00:00+00:00,-0.012785495573551922
2021-11-28 00:00:00+00:00,-0.01961324030478806
2021-11-29 00:00:00+00:00,-0.026916544210434726
2021-11-30 00:00:00+00:00,-0.010753922957237153
2021-12-01 00:00:00+00:00,0.007996677757141746
2021-12-02 00:00:00+00:00,-0.030972427984306494
2021-12-03 00:00:00+00:00,0.023514774051789023
2021-12-04 00:00:00+00:00,0.09725112555996032
2021-12-05 00:00:00+00:00,0.02656982103159338
2021-12-06 00:00:00+00:00,-0.007155870127827009
2021-12-07 00:00:00+00:00,-0.010852174967731902
2021-12-08 00:00:00+00:00,-0.02886371119754895
2021-12-09 00:00:00+00:00,0.062150699826195734
2021-12-10 00:00:00+00:00,0.026046746795061512
2021-12-11 00:00:00+00:00,-0.024105757937738073
2021-12-12 00:00:00+00:00,-0.007498769803906707
2021-12-13 00:00:00+00:00,0.048346386273614435
2021-12-14 00:00:00+00:00,-0.031153886850819518
2021-12-15 00:00:00+00:00,-0.024363555385267424
2021-12-16 00:00:00+00:00,-0.0013097313841198609
2021-12-17 00:00:00+00:00,0.018357556511145023
2021-12-18 00:00:00+00:00,-0.004364844294671817
2021-12-19 00:00:00+00:00,-0.0020934614327016727
2021-12-20 00:00:00+00:00,0.0024277997072001114
2021-12-21 00:00:00+00:00,-0.010038419877682442
2021-12-22 00:00:00+00:00,-0.0021115179283735562
2021-12-23 00:00:00+00:00,-0.032532393272489094
2021-12-24 00:00:00+00:00,0.005970204438899903
2021-12-25 00:00:00+00:00,-0.0035271316108981877
2021-12-26 00:00:00+00:00,0.0051821849956724285
2021-12-27 00:00:00+00:00,-0.01733018365144264
2021-12-28 00:00:00+00:00,0.023096544311333067
2021-12-29 00:00:00+00:00,0.01695068206551319
2021-12-30 00:00:00+00:00,0.0003074048826721469
2021-12-31 00:00:00+00:00,0.006066124635646058
2022-01-01 00:00:00+00:00,-0.0014728591368411835
2022-01-02 00:00:00+00:00,-0.017385617524014383
2022-01-03 00:00:00+00:00,0.026093495688194034
2022-01-04 00:00:00+00:00,0.0014396021768941383
2022-01-05 00:00:00+00:00,0.034472819250588115
2022-01-06 00:00:00+00:00,0.009699970517019362
2022-01-07 00:00:00+00:00,0.021570689392548335
2022-01-08 00:00:00+00:00,0.005865391399139062
2022-01-09 00:00:00+00:00,-0.00847991592594585
2022-01-10 00:00:00+00:00,0.03692555418241611
2022-01-11 00:00:00+00:00,-0.025780504808109964
2022-01-12 00:00:00+00:00,-0.03713944954706808
2022-01-13 00:00:00+00:00,0.023321288649008138
2022-01-14 00:00:00+00:00,-0.013347394472729165
2022-01-15 00:00:00+00:00,-0.018340596190577825
2022-01-16 00:00:00+00:00,-2.7656440249281618e-05
2022-01-17 00:00:00+00:00,0.017046685410167295
2022-01-18 00:00:00+00:00,-0.0026585877843757722
2022-01-19 00:00:00+00:00,0.013300703389616211
2022-01-20 00:00:00+00:00,0.024442751232600906
2022-01-21 00:00:00+00:00,0.07784379358825323
2022-01-22 00:00:00+00:00,0.05704068266779539
2022-01-23 00:00:00+00:00,-0.013304782344248742
2022-01-24 00:00:00+00:00,0.0264760980075802
2022-01-25 00:00:00+00:00,-0.0013660811612960552
2022-01-26 00:00:00+00:00,-0.01844738987616863
2022-01-27 00:00:00+00:00,0.0034880234619089254
2022-01-28 00:00:00+00:00,-0.01785848831306494
2022-01-29 00:00:00+00:00,-0.017249407954923843
2022-01-30 00:00:00+00:00,0.010489830534147948
2022-01-31 00:00:00+00:00,-0.014142224219408554
2022-02-01 00:00:00+00:00,-0.009824866866432126
2022-02-02 00:00:00+00:00,0.011841046935933054
2022-02-03 00:00:00+00:00,-0.013641507082837486
2022-02-04 00:00:00+00:00,-0.03195841621412298
2022-02-05 00:00:00+00:00,-0.015064314080421833
2022-02-06 00:00:00+00:00,-0.016210199629509408
2022-02-07 00:00:00+00:00,-0.03358345547467411
2022-02-08 00:00:00+00:00,0.013525670454047243
2022-02-09 00:00:00+00:00,-0.008623138281851234
2022-02-10 00:00:00+00:00,0.015113089244276255
2022-02-11 00:00:00+00:00,0.02827103079783125
2022-02-12 00:00:00+00:00,0.0015845293960469059
2022-02-13 00:00:00+00:00,0.010148767075925064
2022-02-14 00:00:00+00:00,-0.009452187266423771
2022-02-15 00:00:00+00:00,-0.03424876873224782
2022-02-16 00:00:00+00:00,-0.0006154405277430949
2022-02-17 00:00:00+00:00,0.033270713465986375
2022-02-18 00:00:00+00:00,0.006813134040926923
2022-02-19 00:00:00+00:00,-0.001108811140731716
2022-02-20 00:00:00+00:00,0.017481455262798814
2022-02-21 00:00:00+00:00,0.026185585784341957
2022-02-22 00:00:00+00:00,-0.017675884494719678
2022-02-23 00:00:00+00:00,0.016894460453344674
2022-02-24 00:00:00+00:00,0.0022492766534226083
2022-02-25 00:00:00+00:00,-0.03824006666736079
2022-02-26 00:00:00+00:00,0.010527819807348092
2022-02-27 00:00:00+00:00,0.011641628237999354
2022-02-28 00:00:00+00:00,-0.03808781452929392
2022-03-01 00:00:00+00:00,-0.004846925793177661
2022-03-02 00:00:00+00:00,0.013651894162315915
2022-03-03 00:00:00+00:00,0.03177770449279436
2022-03-04 00:00:00+00:00,0.026376257464880936
2022-03-05 00:00:00+00:00,-0.018192306991335415
2022-03-06 00:00:00+00:00,0.012901826354676883
2022-03-07 00:00:00+00:00,0.02800499357897863
2022-03-08 00:00:00+00:00,-0.012880056693608949
2022-03-09 00:00:00+00:00,-0.012736685496753778
2022-03-10 00:00:00+00:00,0.02717149644437575
2022-03-11 00:00:00+00:00,-0.011691940661124535
2022-03-12 00:00:00+00:00,0.003878983348083218
2022-03-13 00:00:00+00:00,0.013292711626797326
2022-03-14 00:00:00+00:00,-0.013942170883188852
2022-03-15 00:00:00+00:00,-0.0029568341315534927
2022-03-16 00:00:00+00:00,-0.019716478954974668
2022-03-17 00:00:00+00:00,-0.0031208172568656773
2022-03-18 00:00:00+00:00,-0.004147943498485681
2022-03-19 00:00:00+00:00,-0.028021193185005892
2022-03-20 00:00:00+00:00,0.012074730783203971
2022-03-21 00:00:00+00:00,-0.01527191565847422
2022-03-22 00:00:00+00:00,-0.006591667751599526
2022-03-23 00:00:00+00:00,-0.025711054913858864
2022-03-24 00:00:00+00:00,-0.0005064944101640277
2022-03-25 00:00:00+00:00,0.0003641784537685966
2022-03-26 00:00:00+00:00,-0.0012466149856911173
2022-03-27 00:00:00+00:00,-0.001619458448502777
2022-03-28 00:00:00+00:00,-0.0122297916613569
2022-03-29 00:00:00+00:00,0.009686245940783812
2022-03-30 00:00:00+00:00,0.0026130885243553434
2022-03-31 00:00:00+00:00,-0.008497604223436728
2022-04-01 00:00:00+00:00,0.01683867741766002
2022-04-02 00:00:00+00:00,-0.0033121534475886423
2022-04-03 00:00:00+00:00,0.006079017577295058
2022-04-04 00:00:00+00:00,-0.017305469230803415
2022-04-05 00:00:00+00:00,-0.023644260307884257
2022-04-06 00:00:00+00:00,-0.0566056827855569
2022-04-07 00:00:00+00:00,0.022090430550201864
2022-04-08 00:00:00+00:00,-0.004717682850632431
2022-04-09 00:00:00+00:00,0.01765660435940763
2022-04-10 00:00:00+00:00,-0.01302348561247164
2022-04-11 00:00:00+00:00,-0.009807102040003712
2022-04-12 00:00:00+00:00,0.00969264097936168
2022-04-13 00:00:00+00:00,-0.009413638224729046
2022-04-14 00:00:00+00:00,-0.001745667902438396
2022-04-15 00:00:00+00:00,-0.030939783052052215
2022-04-16 00:00:00+00:00,-0.01169053968811081
2022-04-17 00:00:00+00:00,0.026584442860331493
2022-04-18 00:00:00+00:00,-0.0019047477613666883
2022-04-19 00:00:00+00:00,-0.027880241375914324
2022-04-20 00:00:00+00:00,0.024825376012138602
2022-04-21 00:00:00+00:00,0.03858476882525912
2022-04-22 00:00:00+00:00,-0.016023223110348237
2022-04-23 00:00:00+00:00,0.017580441918537602
2022-04-24 00:00:00+00:00,-0.005330088200586311
2022-04-25 00:00:00+00:00,0.004317192004957236
2022-04-26 00:00:00+00:00,0.03586529192787209
2022-04-27 00:00:00+00:00,-0.01262761444772307
2022-04-28 00:00:00+00:00,-0.0007477531416292444
2022-04-29 00:00:00+00:00,0.04235839405577601
2022-04-30 00:00:00+00:00,0.0732616163469423
2022-05-01 00:00:00+00:00,-0.04061004409209089
2022-05-02 00:00:00+00:00,0.007543627879144641
2022-05-03 00:00:00+00:00,-0.0005086686715399417
2022-05-04 00:00:00+00:00,-0.07331709557013466
2022-05-05 00:00:00+00:00,0.05429811787025972
2022-05-06 00:00:00+00:00,0.008997752532498505
2022-05-07 00:00:00+00:00,0.022431641628442647
2022-05-08 00:00:00+00:00,0.022696192859135877
2022-05-09 00:00:00+00:00,0.08353333470758756
2022-05-10 00:00:00+00:00,-0.036150173379980846
2022-05-11 00:00:00+00:00,0.0654518719348571
2022-05-12 00:00:00+00:00,0.01512820569377388
2022-05-13 00:00:00+00:00,-0.02185319220841853
2022-05-14 00:00:00+00:00,-0.010879828344655338
2022-05-15 00:00:00+00:00,-0.021280091807804304
2022-05-16 00:00:00+00:00,0.022457828061796484
2022-05-17 00:00:00+00:00,-0.01356747553925172
2022-05-18 00:00:00+00:00,0.02557119568843276
2022-05-19 00:00:00+00:00,-0.007627447821856944
2022-05-20 00:00:00+00:00,0.01745930696829219
2022-05-21 00:00:00+00:00,-0.0065279084236384115
2022-05-22 00:00:00+00:00,-0.009713740104196511
2022-05-23 00:00:00+00:00,0.018201562294464443
2022-05-24 00:00:00+00:00,0.0018979604371037653
2022-05-25 00:00:00+00:00,0.009000436133059658
2022-05-26 00:00:00+00:00,0.022379148949049025
2022-05-27 00:00:00+00:00,0.00846805856376242
2022-05-28 00:00:00+00:00,-0.010051879334970149
2022-05-29 00:00:00+00:00,-0.008162133805827634
2022-05-30 00:00:00+00:00,-0.04676441478255795
2022-05-31 00:00:00+00:00,0.000779712434195662
2022-06-01 00:00:00+00:00,0.02097743885920773
2022-06-02 00:00:00+00:00,-0.004458744959634361
2022-06-03 00:00:00+00:00,0.011773874414745485
2022-06-04 00:00:00+00:00,-0.007875583143628172
2022-06-05 00:00:00+00:00,-0.002260582686616102
2022-06-06 00:00:00+00:00,-0.011497997598048601
2022-06-07 00:00:00+00:00,0.009032225200243445
2022-06-08 00:00:00+00:00,0.008433250364842295
2022-06-09 00:00:00+00:00,0.0012193792966804782
2022-06-10 00:00:00+00:00,0.011136782475362076
2022-06-11 00:00:00+00:00,0.01993135941846554
2022-06-12 00:00:00+00:00,0.021025529541893934
2022-06-13 00:00:00+00:00,0.04001978892802153
2022-06-14 00:00:00+00:00,-0.004233327501537367
2022-06-15 00:00:00+00:00,-0.015362498704942811
2022-06-16 00:00:00+00:00,0.04463464121894815
2022-06-17 00:00:00+00:00,-0.016608402721410728
2022-06-18 00:00:00+00:00,0.029412689505179664
2022-06-19 00:00:00+00:00,-0.03466140278597286
2022-06-20 00:00:00+00:00,-0.00800532641686262
2022-06-21 00:00:00+00:00,-0.024549480927584136
2022-06-22 00:00:00+00:00,0.0199493842615351
2022-06-23 00:00:00+00:00,-0.022627285290091722
2022-06-24 00:00:00+00:00,-0.020755694050724985
2022-06-25 00:00:00+00:00,-0.0007282814743559484
2022-06-26 00:00:00+00:00,0.012394274913926072
2022-06-27 00:00:00+00:00,-0.004829318611524778
2022-06-28 00:00:00+00:00,0.013816085096827722
2022-06-29 00:00:00+00:00,0.008851457213215784
2022-06-30 00:00:00+00:00,0.0019398909827144392
2022-07-01 00:00:00+00:00,0.00906708680685608
2022-07-02 00:00:00+00:00,-0.009914837044680283
2022-07-03 00:00:00+00:00,0.00030166067662878494
2022-07-04 00:00:00+00:00,-0.01459663757721502
2022-07-05 00:00:00+00:00,0.018817792485649243
2022-07-06 00:00:00+00:00,-0.009523919808261448
2022-07-07 00:00:00+00:00,-0.013334573471402437
2022-07-08 00:00:00+00:00,0.007352953785015607
2022-07-09 00:00:00+00:00,-0.0076442196809848395
2022-07-10 00:00:00+00:00,0.019992949749396898
2022-07-11 00:00:00+00:00,0.020629145726575298
2022-07-12 00:00:00+00:00,0.008290642873894624
2022-07-13 00:00:00+00:00,-0.012646492671090914
2022-07-14 00:00:00+00:00,0.00858128691947292
2022-07-15 00:00:00+00:00,-0.00935289668112679
2022-07-16 00:00:00+00:00,-0.015103778988246611
2022-07-17 00:00:00+00:00,-0.0073962885218958035
2022-07-18 00:00:00+00:00,-0.03147433906597628
2022-07-19 00:00:00+00:00,-0.031927318866970214
2022-07-20 00:00:00+00:00,0.006422332969260166
2022-07-21 00:00:00+00:00,0.01515285892759006
2022-07-22 00:00:00+00:00,0.008183178525930786
2022-07-23 00:00:00+00:00,-0.005942541401294833
2022-07-24 00:00:00+00:00,-0.006457439719042358
2022-07-25 00:00:00+00:00,0.03656100314406422
2022-07-26 00:00:00+00:00,-0.004405770556747662
2022-07-27 00:00:00+00:00,-0.021787448140440865
2022-07-28 00:00:00+00:00,0.01242197186155163
2022-07-29 00:00:00+00:00,-0.006074058153269016
2022-07-30 00:00:00+00:00,-0.041792289977987
2022-07-31 00:00:00+00:00,-0.020162602973263406
2022-08-01 00:00:00+00:00,-0.0052289232312495
2022-08-02 00:00:00+00:00,-0.00952447950958069
2022-08-03 00:00:00+00:00,0.001921378202958978
2022-08-04 00:00:00+00:00,-0.001177442342752047
2022-08-05 00:00:00+00:00,-0.012092186842360542
2022-08-06 00:00:00+00:00,0.00286008648075495
2022-08-07 00:00:00+00:00,0.0004520312957561597
2022-08-08 00:00:00+00:00,0.004236839111406356
2022-08-09 00:00:00+00:00,-0.004607324024162852
2022-08-10 00:00:00+00:00,0.015257814951440254
2022-08-11 00:00:00+00:00,-0.013391642631410496
2022-08-12 00:00:00+00:00,0.020807359338422614
2022-08-13 00:00:00+00:00,-0.008230872882464827
2022-08-14 00:00:00+00:00,0.023706588025733426
2022-08-15 00:00:00+00:00,-0.01694959521164923
2022-08-16 00:00:00+00:00,0.017133623165893157
2022-08-17 00:00:00+00:00,-0.01692612607314634
2022-08-18 00:00:00+00:00,-0.03617270723808906
2022-08-19 00:00:00+00:00,-0.06760174364626137
2022-08-20 00:00:00+00:00,-0.019631818147015034
2022-08-21 00:00:00+00:00,0.009536877271962802
2022-08-22 00:00:00+00:00,0.026771006291839688
2022-08-23 00:00:00+00:00,0.01873128421736837
2022-08-24 00:00:00+00:00,0.00644182935615601
2022-08-25 00:00:00+00:00,-0.016090942249785273
2022-08-26 00:00:00+00:00,0.006736141486128523
2022-08-27 00:00:00+00:00,-0.004604759478919559
2022-08-28 00:00:00+00:00,0.0030006292092595514
2022-08-29 00:00:00+00:00,-0.02747945315755008
2022-08-30 00:00:00+00:00,0.0005067973853876296
2022-08-31 00:00:00+00:00,0.007804755811092755
2022-09-01 00:00:00+00:00,-0.000871970784477294
2022-09-02 00:00:00+00:00,0.0049927479134580545
2022-09-03 00:00:00+00:00,-0.007644633453154662
2022-09-04 00:00:00+00:00,-0.014107706464957154
2022-09-05 00:00:00+00:00,-0.0036383334307065534
2022-09-06 00:00:00+00:00,0.03141029994092703
2022-09-07 00:00:00+00:00,-0.017534019332835698
2022-09-08 00:00:00+00:00,-0.0015581570939526704
2022-09-09 00:00:00+00:00,-0.04959335259211448
2022-09-10 00:00:00+00:00,-0.01614975459562037
2022-09-11 00:00:00+00:00,0.001297338408311574
2022-09-12 00:00:00+00:00,-0.02000737677967339
2022-09-13 00:00:00+00:00,-0.015256667206447694
2022-09-14 00:00:00+00:00,-0.005405338255396241
2022-09-15 00:00:00+00:00,0.009246453747539905
2022-09-16 00:00:00+00:00,0.011319999046694458
2022-09-17 00:00:00+00:00,-0.015232308182639808
2022-09-18 00:00:00+00:00,0.0525870268019535
2022-09-19 00:00:00+00:00,0.00402532264021073
2022-09-20 00:00:00+00:00,0.013691751297403841
2022-09-21 00:00:00+00:00,0.003714890248752934
2022-09-22 00:00:00+00:00,0.025917347608621195
2022-09-23 00:00:00+00:00,0.0012285588650700434
2022-09-24 00:00:00+00:00,0.00378594114087322
2022-09-25 00:00:00+00:00,0.007736344879920338
2022-09-26 00:00:00+00:00,-0.029393742316271274
2022-09-27 00:00:00+00:00,0.004343151057974103
2022-09-28 00:00:00+00:00,-0.0020914131526525376
2022-09-29 00:00:00+00:00,-0.010081072440664493
2022-09-30 00:00:00+00:00,0.0026604179167496757
2022-10-01 00:00:00+00:00,0.0007697210356391797
2022-10-02 00:00:00+00:00,0.02229421858493963
2022-10-03 00:00:00+00:00,-0.027727364876106022
2022-10-04 00:00:00+00:00,-0.017142417870117575
2022-10-05 00:00:00+00:00,0.006639129558973727
2022-10-06 00:00:00+00:00,0.006095107043334358
2022-10-07 00:00:00+00:00,0.0016757365012035252
2022-10-08 00:00:00+00:00,0.009601145474058924
2022-10-09 00:00:00+00:00,-0.006149948856951758
2022-10-10 00:00:00+00:00,0.052183837905640594
2022-10-11 00:00:00+00:00,0.00939423694011877
2022-10-12 00:00:00+00:00,0.01223502544112797
2022-10-13 00:00:00+00:00,0.017735374096898942
2022-10-14 00:00:00+00:00,0.018150249173558643
2022-10-15 00:00:00+00:00,0.0009691185508470853
2022-10-16 00:00:00+00:00,-0.03624791097607845
2022-10-17 00:00:00+00:00,-0.020859406199273966
2022-10-18 00:00:00+00:00,0.03163208519283907
2022-10-19 00:00:00+00:00,0.052786472655493556
2022-10-20 00:00:00+00:00,-0.003999197852317583
2022-10-21 00:00:00+00:00,-0.014578530014303835
2022-10-22 00:00:00+00:00,-0.0072434743160538955
2022-10-23 00:00:00+00:00,-0.018769565949730484
2022-10-24 00:00:00+00:00,0.022402173475394613
2022-10-25 00:00:00+00:00,-0.04853849251341748
2022-10-26 00:00:00+00:00,-0.006952343278431482
2022-10-27 00:00:00+00:00,0.014866178771878086
2022-10-28 00:00:00+00:00,-0.013221123624840077
2022-10-29 00:00:00+00:00,0.004533960609765068
2022-10-30 00:00:00+00:00,-0.03604168106731209
2022-10-31 00:00:00+00:00,0.03069394447241933
2022-11-01 00:00:00+00:00,0.0254967575487098
2022-11-02 00:00:00+00:00,-0.004369504635771554
2022-11-03 00:00:00+00:00,-0.022270649678311067
2022-11-04 00:00:00+00:00,-0.01323665127796405
2022-11-05 00:00:00+00:00,-0.012106441566175144
2022-11-06 00:00:00+00:00,0.014457839021575764
2022-11-07 00:00:00+00:00,0.011160997108110852
2022-11-08 00:00:00+00:00,0.01856584810503622
2022-11-09 00:00:00+00:00,0.07180694392392782
2022-11-10 00:00:00+00:00,-0.1384870401462973
2022-11-11 00:00:00+00:00,0.03612990907309963
2022-11-12 00:00:00+00:00,0.018338027637784995
2022-11-13 00:00:00+00:00,0.026522865836935656
2022-11-14 00:00:00+00:00,-0.022431966113413075
2022-11-15 00:00:00+00:00,-0.006738037839429609
2022-11-16 00:00:00+00:00,0.004848755463072049
2022-11-17 00:00:00+00:00,0.006427877409989271
2022-11-18 00:00:00+00:00,0.0058561357225858654
2022-11-19 00:00:00+00:00,-0.004396956522254805
2022-11-20 00:00:00+00:00,0.0214039876153842
2022-11-21 00:00:00+00:00,0.006747781004542044
2022-11-22 00:00:00+00:00,-0.01785089210225752
2022-11-23 00:00:00+00:00,-0.0142747793744509
2022-11-24 00:00:00+00:00,0.003972196167147822
2022-11-25 00:00:00+00:00,0.00046504052674788636
2022-11-26 00:00:00+00:00,0.005070041188713752
2022-11-27 00:00:00+00:00,-0.005949711421471876
2022-11-28 00:00:00+00:00,0.005555891172656078
2022-11-29 00:00:00+00:00,-0.003408630645071942
2022-11-30 00:00:00+00:00,-0.01832770353769679
2022-12-01 00:00:00+00:00,0.008465172960659928
2022-12-02 00:00:00+00:00,-0.010728388426050645
2022-12-03 00:00:00+00:00,0.009091955943808667
2022-12-04 00:00:00+00:00,-0.007184221070932005
2022-12-05 00:00:00+00:00,-0.0011422889229788136
2022-12-06 00:00:00+00:00,-0.0063929172525339795
2022-12-07 00:00:00+00:00,0.01640367528016365
2022-12-08 00:00:00+00:00,-0.005258666184170676
2022-12-09 00:00:00+00:00,0.005350469277590116
2022-12-10 00:00:00+00:00,0.0008868305905046416
2022-12-11 00:00:00+00:00,0.009405141612834516
2022-12-12 00:00:00+00:00,0.018882742217175064
2022-12-13 00:00:00+00:00,-0.016829608753307405
2022-12-14 00:00:00+00:00,0.018529239995930646
2022-12-15 00:00:00+00:00,0.008973916159069423
2022-12-16 00:00:00+00:00,0.11295325442921308
2022-12-17 00:00:00+00:00,-0.034913724457262964
2022-12-18 00:00:00+00:00,0.005316464616931002
2022-12-19 00:00:00+00:00,0.04647379793642556
2022-12-20 00:00:00+00:00,-0.031062844682316612
2022-12-21 00:00:00+00:00,0.011440961217857036
2022-12-22 00:00:00+00:00,-0.015020670135035373
2022-12-23 00:00:00+00:00,-0.005221465065754826
2022-12-24 00:00:00+00:00,0.001551348324569897
2022-12-25 00:00:00+00:00,0.003505858616509577
2022-12-26 00:00:00+00:00,-0.010479398661268282
2022-12-27 00:00:00+00:00,0.01533037940486938
2022-12-28 00:00:00+00:00,0.02376159268543112
2022-12-29 00:00:00+00:00,0.005313924391797795
2022-12-30 00:00:00+00:00,0.00394229830114272
2022-12-31 00:00:00+00:00,0.00037432505681446015
2023-01-01 00:00:00+00:00,-0.00534688244554376
2023-01-02 00:00:00+00:00,-0.015183341329867907
2023-01-03 00:00:00+00:00,0.004099766268334424
2023-01-04 00:00:00+00:00,-0.015681509016397546
2023-01-05 00:00:00+00:00,-0.005621533017729508
2023-01-06 00:00:00+00:00,0.0029910884503021803
2023-01-07 00:00:00+00:00,-0.008586617283767339
2023-01-08 00:00:00+00:00,0.023532728473860447
2023-01-09 00:00:00+00:00,-0.004618125616555286
2023-01-10 00:00:00+00:00,-0.01183670223818103
2023-01-11 00:00:00+00:00,-0.018078229430600046
2023-01-12 00:00:00+00:00,0.013382173865313913
2023-01-13 00:00:00+00:00,0.01763863077246346
2023-01-14 00:00:00+00:00,0.01709943457229635
2023-01-15 00:00:00+00:00,-0.0009676771113985004
2023-01-16 00:00:00+00:00,0.003962759752951044
2023-01-17 00:00:00+00:00,-0.008193287023014981
2023-01-18 00:00:00+00:00,-0.024389076445505392
2023-01-19 00:00:00+00:00,0.019704188014824823
2023-01-20 00:00:00+00:00,0.11482636380416425
2023-01-21 00:00:00+00:00,-0.012016340786493258
2023-01-22 00:00:00+00:00,0.006466120660318349
2023-01-23 00:00:00+00:00,-0.0030447892654738057
2023-01-24 00:00:00+00:00,-0.03487842880081543
2023-01-25 00:00:00+00:00,0.08319894301184842
2023-01-26 00:00:00+00:00,-0.003038335533968365
2023-01-27 00:00:00+00:00,0.009421293893492682
2023-01-28 00:00:00+00:00,-0.007617129755748572
2023-01-29 00:00:00+00:00,0.017272857730065216
2023-01-30 00:00:00+00:00,-0.01655312608012056
2023-01-31 00:00:00+00:00,0.011588394264564983
2023-02-01 00:00:00+00:00,0.036234604941988276
2023-02-02 00:00:00+00:00,-0.014181882917981486
2023-02-03 00:00:00+00:00,0.004084553874402543
2023-02-04 00:00:00+00:00,0.005039786002496854
2023-02-05 00:00:00+00:00,-0.01365220244141075
2023-02-06 00:00:00+00:00,-0.007542412386815723
2023-02-07 00:00:00+00:00,0.027587717221464882
2023-02-08 00:00:00+00:00,-0.017931353318827593
2023-02-09 00:00:00+00:00,-0.05379723565815243
2023-02-10 00:00:00+00:00,-0.005043161143632427
2023-02-11 00:00:00+00:00,0.017200612909424526
2023-02-12 00:00:00+00:00,-0.0020173631525941763
2023-02-13 00:00:00+00:00,-0.010716996884966764
2023-02-14 00:00:00+00:00,0.017059475835773864
2023-02-15 00:00:00+00:00,0.038744561124221435
2023-02-16 00:00:00+00:00,-0.024173454614110346
2023-02-17 00:00:00+00:00,0.02537202046039495
2023-02-18 00:00:00+00:00,0.002667170261750401
2023-02-19 00:00:00+00:00,-0.011414936477291929
2023-02-20 00:00:00+00:00,0.0062300779625248295
2023-02-21 00:00:00+00:00,-0.017327956589441047
2023-02-22 00:00:00+00:00,-0.00737931336434387
2023-02-23 00:00:00+00:00,-0.005503273424842416
2023-02-24 00:00:00+00:00,-0.02362696607058739
2023-02-25 00:00:00+00:00,-0.006412566268002008
2023-02-26 00:00:00+00:00,0.023933959161240758
2023-02-27 00:00:00+00:00,-0.0035529456790205534
2023-02-28 00:00:00+00:00,-0.016621043020606505
2023-03-01 00:00:00+00:00,0.009128761897335884
2023-03-02 00:00:00+00:00,-0.006076228848389156
2023-03-03 00:00:00+00:00,-0.032091465311908825
2023-03-04 00:00:00+00:00,-0.017722151986649618
2023-03-05 00:00:00+00:00,0.0013799949199130798
2023-03-06 00:00:00+00:00,-0.0036497311606239514
2023-03-07 00:00:00+00:00,-0.0003615636594411516
2023-03-08 00:00:00+00:00,0.007221586040241003
2023-03-09 00:00:00+00:00,0.012378571532875488
2023-03-10 00:00:00+00:00,0.009073579150317814
2023-03-11 00:00:00+00:00,-0.004241497956380441
2023-03-12 00:00:00+00:00,-0.025895219230716145
2023-03-13 00:00:00+00:00,-0.020279476291807586
2023-03-14 00:00:00+00:00,-0.009070832028923951
2023-03-15 00:00:00+00:00,0.03369347902751398
2023-03-16 00:00:00+00:00,-0.005594089475476611
2023-03-17 00:00:00+00:00,-0.020650300817659336
2023-03-18 00:00:00+00:00,0.008416857755838445
2023-03-19 00:00:00+00:00,-0.012743724236924579
2023-03-20 00:00:00+00:00,0.01500203955031672
2023-03-21 00:00:00+00:00,-0.008796042227103458
2023-03-22 00:00:00+00:00,-0.01659941393484283
2023-03-23 00:00:00+00:00,-0.0024384357612736345
2023-03-24 00:00:00+00:00,0.003941083063643088
2023-03-25 00:00:00+00:00,-0.0025967660247550434
2023-03-26 00:00:00+00:00,0.0045864239336128815
2023-03-27 00:00:00+00:00,-0.008711559587598484
2023-03-28 00:00:00+00:00,0.015894423676410464
2023-03-29 00:00:00+00:00,0.004583916350708363
2023-03-30 00:00:00+00:00,0.018966778326503245
2023-03-31 00:00:00+00:00,0.021229722885027672
2023-04-01 00:00:00+00:00,-0.01725346437550039
2023-04-02 00:00:00+00:00,0.0018674508091575449
2023-04-03 00:00:00+00:00,0.017679973904739698
2023-04-04 00:00:00+00:00,-0.019642151361769337
2023-04-05 00:00:00+00:00,0.0005508573659911549
2023-04-06 00:00:00+00:00,-0.009119858751949787
2023-04-07 00:00:00+00:00,-0.01035340508199907
2023-04-08 00:00:00+00:00,-0.018959066144349498
2023-04-09 00:00:00+00:00,0.011986765356860217
2023-04-10 00:00:00+00:00,0.035483600592016364
2023-04-11 00:00:00+00:00,0.006639470827644711
2023-04-12 00:00:00+00:00,-0.0010870053310142469
2023-04-13 00:00:00+00:00,0.017860054665992938
2023-04-14 00:00:00+00:00,0.023040406580637843
2023-04-15 00:00:00+00:00,0.0057817767332052974
2023-04-16 00:00:00+00:00,0.029245496543825654
2023-04-17 00:00:00+00:00,-0.015701205447195
2023-04-18 00:00:00+00:00,0.02044161801527828
2023-04-19 00:00:00+00:00,-0.07660924511505945
2023-04-20 00:00:00+00:00,-0.025723005856072914
2023-04-21 00:00:00+00:00,-0.036969819771207356
2023-04-22 00:00:00+00:00,0.010261715335468997
2023-04-23 00:00:00+00:00,-0.00851855612399705
2023-04-24 00:00:00+00:00,-0.005429529167689829
2023-04-25 00:00:00+00:00,1.4503401670206749e-05
2023-04-26 00:00:00+00:00,0.0178438383101817
2023-04-27 00:00:00+00:00,-0.006984027158124405
2023-04-28 00:00:00+00:00,-0.009496724852319711
2023-04-29 00:00:00+00:00,-0.015374792892581198
2023-04-30 00:00:00+00:00,0.017761055776093302
2023-05-01 00:00:00+00:00,0.00240769646563794
2023-05-02 00:00:00+00:00,-0.011244558559399018
2023-05-03 00:00:00+00:00,-0.01781268055753275
2023-05-04 00:00:00+00:00,0.03032692346780454
2023-05-05 00:00:00+00:00,-0.006948235170494539
2023-05-06 00:00:00+00:00,0.051120877576179904
2023-05-07 00:00:00+00:00,-0.0005631387794791842
2023-05-08 00:00:00+00:00,0.07320940680640141
2023-05-09 00:00:00+00:00,-0.01679199599827236
2023-05-10 00:00:00+00:00,-0.022154546281335907
2023-05-11 00:00:00+00:00,0.042747011385187834
2023-05-12 00:00:00+00:00,-0.016064960651158897
2023-05-13 00:00:00+00:00,0.012474014531900201
2023-05-14 00:00:00+00:00,-0.0041701793005425635
2023-05-15 00:00:00+00:00,-0.002596852607208893
2023-05-16 00:00:00+00:00,0.002143608362809622
2023-05-17 00:00:00+00:00,-0.010683911923297991
2023-05-18 00:00:00+00:00,0.0004767112175834198
2023-05-19 00:00:00+00:00,-0.0032446549595815254
2023-05-20 00:00:00+00:00,0.003734801732035127
2023-05-21 00:00:00+00:00,0.01573979590151291
2023-05-22 00:00:00+00:00,-0.0050593251406906925
2023-05-23 00:00:00+00:00,0.004563512428305448
2023-05-24 00:00:00+00:00,0.02680503507097311
2023-05-25 00:00:00+00:00,-0.003921070301839573
2023-05-26 00:00:00+00:00,-0.004023127677374391
2023-05-27 00:00:00+00:00,-0.0072835560335520735
2023-05-28 00:00:00+00:00,-0.023502066991675147
2023-05-29 00:00:00+00:00,0.004835865687445391
2023-05-30 00:00:00+00:00,0.007704732985721165
2023-05-31 00:00:00+00:00,0.0028352751557964196
2023-06-01 00:00:00+00:00,0.00017262594781473195
2023-06-02 00:00:00+00:00,0.009438169552861333
2023-06-03 00:00:00+00:00,-0.006286224858242414
2023-06-04 00:00:00+00:00,-0.029822599404496233
2023-06-05 00:00:00+00:00,0.04917131481502918
2023-06-06 00:00:00+00:00,-0.014522615981404046
2023-06-07 00:00:00+00:00,0.047370085907700386
2023-06-08 00:00:00+00:00,-0.004244696694543931
2023-06-09 00:00:00+00:00,0.007316371549202008
2023-06-10 00:00:00+00:00,0.1314650810330692
2023-06-11 00:00:00+00:00,0.007053116009513745
2023-06-12 00:00:00+00:00,-0.015459127605002343
2023-06-13 00:00:00+00:00,-0.004658166813798632
2023-06-14 00:00:00+00:00,0.013660700218798182
2023-06-15 00:00:00+00:00,-0.002825462459035665
2023-06-16 00:00:00+00:00,-0.015836032428684716
2023-06-17 00:00:00+00:00,-0.013126047013969883
2023-06-18 00:00:00+00:00,-0.0005166571405120295
2023-06-19 00:00:00+00:00,-0.0036360328025827
2023-06-20 00:00:00+00:00,-0.022236924489736527
2023-06-21 00:00:00+00:00,-0.022460330861583465
2023-06-22 00:00:00+00:00,-0.002581002585956605
2023-06-23 00:00:00+00:00,-0.018246849748371388
2023-06-24 00:00:00+00:00,0.0017603337743912477
2023-06-25 00:00:00+00:00,-0.03292803698719945
2023-06-26 00:00:00+00:00,0.02088483982521623
2023-06-27 00:00:00+00:00,0.0018875598214532809
2023-06-28 00:00:00+00:00,0.025191259775644403
2023-06-29 00:00:00+00:00,0.0019698314345267236
2023-06-30 00:00:00+00:00,0.007612017503608261
2023-07-01 00:00:00+00:00,-0.019223067333029142
2023-07-02 00:00:00+00:00,0.006687735186292954
2023-07-03 00:00:00+00:00,-0.014682007081328084
2023-07-04 00:00:00+00:00,0.0008422592579802837
2023-07-05 00:00:00+00:00,0.008773452339551301
2023-07-06 00:00:00+00:00,0.002778899692676374
2023-07-07 00:00:00+00:00,0.003314009742040963
2023-07-08 00:00:00+00:00,-0.004433453178348472
2023-07-09 00:00:00+00:00,-0.003084022867034178
2023-07-10 00:00:00+00:00,-0.002367612003341884
2023-07-11 00:00:00+00:00,0.00038095361768823824
2023-07-12 00:00:00+00:00,-0.0024581246371109897
2023-07-13 00:00:00+00:00,-0.01853743756034922
2023-07-14 00:00:00+00:00,-0.008339260093864745
2023-07-15 00:00:00+00:00,-0.0067418485848213154
2023-07-16 00:00:00+00:00,0.003603740685148586
2023-07-17 00:00:00+00:00,-0.015469131355402408
2023-07-18 00:00:00+00:00,0.011181124918901058
2023-07-19 00:00:00+00:00,0.019381097462006062
2023-07-20 00:00:00+00:00,0.004840750912451515
2023-07-21 00:00:00+00:00,-0.022288929524845427
2023-07-22 00:00:00+00:00,0.0040407531445795074
2023-07-23 00:00:00+00:00,-0.008711125064403689
2023-07-24 00:00:00+00:00,-0.004371322676230975
2023-07-25 00:00:00+00:00,0.004815457198589994
2023-07-26 00:00:00+00:00,-0.002823491933519161
2023-07-27 00:00:00+00:00,-0.002549698198929326
2023-07-28 00:00:00+00:00,0.0028020088509547103
2023-07-29 00:00:00+00:00,-0.003027137432039642
2023-07-30 00:00:00+00:00,0.002144436906633806
2023-07-31 00:00:00+00:00,0.003553849404866148
2023-08-01 00:00:00+00:00,-0.02275119386477582
2023-08-02 00:00:00+00:00,0.004321508722187995
2023-08-03 00:00:00+00:00,0.016390873459825175
2023-08-04 00:00:00+00:00,0.0030224463723066614
2023-08-05 00:00:00+00:00,0.010817472352321526
2023-08-06 00:00:00+00:00,-0.020244309778839186
2023-08-07 00:00:00+00:00,0.01312434421470622
2023-08-08 00:00:00+00:00,-0.029740230764786206
2023-08-09 00:00:00+00:00,-0.022282449053794423
2023-08-10 00:00:00+00:00,0.003630520964201015
2023-08-11 00:00:00+00:00,0.003841150204696806
2023-08-12 00:00:00+00:00,0.01038089450852166
2023-08-13 00:00:00+00:00,-0.00821784101680793
2023-08-14 00:00:00+00:00,-0.0054954601883238155
2023-08-15 00:00:00+00:00,0.05211184887329341
2023-08-16 00:00:00+00:00,0.025411795186670652
2023-08-17 00:00:00+00:00,0.06956348326945413
2023-08-18 00:00:00+00:00,-0.015911013881887082
2023-08-19 00:00:00+00:00,-0.023151969615735846
2023-08-20 00:00:00+00:00,-0.013531208833881347
2023-08-21 00:00:00+00:00,0.02664062651699277
2023-08-22 00:00:00+00:00,0.005893597892319339
2023-08-23 00:00:00+00:00,-0.012715987411869844
2023-08-24 00:00:00+00:00,0.013729728784541862
2023-08-25 00:00:00+00:00,0.004123920911076497
2023-08-26 00:00:00+00:00,-0.00043150712204235715
2023-08-27 00:00:00+00:00,-0.012593470857130262
2023-08-28 00:00:00+00:00,-0.020580436537093492
2023-08-29 00:00:00+00:00,-0.034800998410636066
2023-08-30 00:00:00+00:00,0.025699854377899272
2023-08-31 00:00:00+00:00,0.044606904365804965
2023-09-01 00:00:00+00:00,0.025327119387402796
2023-09-02 00:00:00+00:00,-0.0013053388212380932
2023-09-03 00:00:00+00:00,0.006573868583675874
2023-09-04 00:00:00+00:00,0.007332326759368552
2023-09-05 00:00:00+00:00,-0.012995967272889078
2023-09-06 00:00:00+00:00,0.00484581298274784
2023-09-07 00:00:00+00:00,-0.010084938225965907
2023-09-08 00:00:00+00:00,0.009753553028294037
2023-09-09 00:00:00+00:00,-0.00032080538983064955
2023-09-10 00:00:00+00:00,0.045627071566170706
2023-09-11 00:00:00+00:00,0.048858004930642296
2023-09-12 00:00:00+00:00,-0.017716441529086954
2023-09-13 00:00:00+00:00,-0.012963592597856856
2023-09-14 00:00:00+00:00,-0.007637662774610469
2023-09-15 00:00:00+00:00,-0.013496714218680567
2023-09-16 00:00:00+00:00,-0.006441835943333518
2023-09-17 00:00:00+00:00,0.017681128991433197
2023-09-18 00:00:00+00:00,0.0024946653398405954
2023-09-19 00:00:00+00:00,-0.007367989504482261
2023-09-20 00:00:00+00:00,0.01050001548699513
2023-09-21 00:00:00+00:00,0.010093910813720727
2023-09-22 00:00:00+00:00,-0.003932826986249544
2023-09-23 00:00:00+00:00,-0.010660506268812193
2023-09-24 00:00:00+00:00,0.016623567978176886
2023-09-25 00:00:00+00:00,-0.010474935288339243
2023-09-26 00:00:00+00:00,-0.003472533055275396
2023-09-27 00:00:00+00:00,0.020776472868690027
2023-09-28 00:00:00+00:00,-0.03377945079802075
2023-09-29 00:00:00+00:00,-0.001169469885301533
2023-09-30 00:00:00+00:00,-0.005840264946947903
2023-10-01 00:00:00+00:00,-0.030589747175223392
2023-10-02 00:00:00+00:00,0.0011123239990966692
2023-10-03 00:00:00+00:00,2.3835996592195586e-05
2023-10-04 00:00:00+00:00,-0.005668430464332201
2023-10-05 00:00:00+00:00,0.0014534504123872613
2023-10-06 00:00:00+00:00,-0.017747288913390887
2023-10-07 00:00:00+00:00,0.0002804524147061189
2023-10-08 00:00:00+00:00,0.003506642438744878
2023-10-09 00:00:00+00:00,0.03322110542426056
2023-10-10 00:00:00+00:00,-0.008409480724449024
2023-10-11 00:00:00+00:00,0.0150136001159679
2023-10-12 00:00:00+00:00,-0.002371239159537877
2023-10-13 00:00:00+00:00,-0.007007958805797312
2023-10-14 00:00:00+00:00,-0.006096682515245621
2023-10-15 00:00:00+00:00,-0.005633284010622009
2023-10-16 00:00:00+00:00,-0.008696725609408061
2023-10-17 00:00:00+00:00,0.02708721077133899
2023-10-18 00:00:00+00:00,0.002057950163533136
2023-10-19 00:00:00+00:00,0.0035120443883134276
2023-10-20 00:00:00+00:00,-0.004236448728301553
2023-10-21 00:00:00+00:00,-0.02655460356006282
2023-10-22 00:00:00+00:00,-0.008133771525574313
2023-10-23 00:00:00+00:00,-0.02015608745960758
2023-10-24 00:00:00+00:00,-0.013490713435003214
2023-10-25 00:00:00+00:00,0.030731679839373825
2023-10-26 00:00:00+00:00,-0.016139688478608916
2023-10-27 00:00:00+00:00,0.022898682366924078
2023-10-28 00:00:00+00:00,0.0005550570896885349
2023-10-29 00:00:00+00:00,0.037736142146915
2023-10-30 00:00:00+00:00,-0.005925065197461692
2023-10-31 00:00:00+00:00,0.004585836329441566
2023-11-01 00:00:00+00:00,0.02305930789627912
2023-11-02 00:00:00+00:00,-0.02051052244915673
2023-11-03 00:00:00+00:00,-0.015892370453185055
2023-11-04 00:00:00+00:00,0.009884505204717096
2023-11-05 00:00:00+00:00,0.028056072760071462
2023-11-06 00:00:00+00:00,0.021777188054347845
2023-11-07 00:00:00+00:00,-0.03317303909293016
2023-11-08 00:00:00+00:00,0.018565203194710604
2023-11-09 00:00:00+00:00,0.016986561515214455
2023-11-10 00:00:00+00:00,0.031381580166872404
2023-11-11 00:00:00+00:00,-0.013278261772411896
2023-11-12 00:00:00+00:00,0.0044785495020970975
2023-11-13 00:00:00+00:00,-0.07067459354511399
2023-11-14 00:00:00+00:00,-0.01589195356012
2023-11-15 00:00:00+00:00,0.06939303067254038
2023-11-16 00:00:00+00:00,-0.04527878726401582
2023-11-17 00:00:00+00:00,-0.003918052292524258
2023-11-18 00:00:00+00:00,-0.005478518979022391
2023-11-19 00:00:00+00:00,0.025525387793548973
2023-11-20 00:00:00+00:00,-0.009055090580835415
2023-11-21 00:00:00+00:00,-0.07522782470598857
2023-11-22 00:00:00+00:00,0.07691253543900266
2023-11-23 00:00:00+00:00,-0.0033585868565405358
2023-11-24 00:00:00+00:00,0.020382006632888926
2023-11-25 00:00:00+00:00,0.006148990614005943
2023-11-26 00:00:00+00:00,-0.008129712499329353
2023-11-27 00:00:00+00:00,-0.023619445423826362
2023-11-28 00:00:00+00:00,0.023303136028454473
2023-11-29 00:00:00+00:00,-0.01657051264644699
2023-11-30 00:00:00+00:00,0.006194914396078197
2023-12-01 00:00:00+00:00,0.016109491580362626
2023-12-02 00:00:00+00:00,0.014829748693161443
2023-12-03 00:00:00+00:00,0.021321254734218087
2023-12-04 00:00:00+00:00,0.029233194326963013
2023-12-05 00:00:00+00:00,0.012209279823001448
2023-12-06 00:00:00+00:00,-0.008861327582756828
2023-12-07 00:00:00+00:00,-0.003491364350802666
2023-12-08 00:00:00+00:00,0.03178242968680514
2023-12-09 00:00:00+00:00,-0.0003222796781914277
2023-12-10 00:00:00+00:00,0.015472942904230154
2023-12-11 00:00:00+00:00,-0.03177770887677396
2023-12-12 00:00:00+00:00,0.003130303369281042
2023-12-13 00:00:00+00:00,0.016227510725218688
2023-12-14 00:00:00+00:00,0.008219579066095186
2023-12-15 00:00:00+00:00,-0.015382401181177731
2023-12-16 00:00:00+00:00,0.02668667883661672
2023-12-17 00:00:00+00:00,-0.014080474915436228
2023-12-18 00:00:00+00:00,0.009287288535310733
2023-12-19 00:00:00+00:00,-0.008616691399693198
2023-12-20 00:00:00+00:00,0.027405936785257788
2023-12-21 00:00:00+00:00,0.016388129274619825
2023-12-22 00:00:00+00:00,-0.012974677874013076
2023-12-23 00:00:00+00:00,0.02222559230281434
2023-12-24 00:00:00+00:00,-0.016038804934172052
2023-12-25 00:00:00+00:00,0.019451773228800102
2023-12-26 00:00:00+00:00,0.0073889005558381345
2023-12-27 00:00:00+00:00,0.009167161021603558
2023-12-28 00:00:00+00:00,-0.01884484695520327
2023-12-29 00:00:00+00:00,-0.008083396135227391
2023-12-30 00:00:00+00:00,-0.005872085286767885
2023-12-31 00:00:00+00:00,-0.0032063284119355846
2024-01-01 00:00:00+00:00,0.044980404965388306
2024-01-02 00:00:00+00:00,0.004236639217029077
2024-01-03 00:00:00+00:00,-0.01749771600632287
2024-01-04 00:00:00+00:00,0.007971765335056903
2024-01-05 00:00:00+00:00,-0.0113505487699003
2024-01-06 00:00:00+00:00,-0.04215441765935427
2024-01-07 00:00:00+00:00,-0.016926943492798156
2024-01-08 00:00:00+00:00,0.037974427063031266
2024-01-09 00:00:00+00:00,0.015077920219894243
2024-01-10 00:00:00+00:00,0.024462676494501845
2024-01-11 00:00:00+00:00,0.006755890934218961
2024-01-12 00:00:00+00:00,-0.017364233504825497
2024-01-13 00:00:00+00:00,0.011622930375013827
2024-01-14 00:00:00+00:00,-0.023987421031072875
2024-01-15 00:00:00+00:00,0.020472206180360955
2024-01-16 00:00:00+00:00,0.018030866787670293
2024-01-17 00:00:00+00:00,-0.011666683319242581
2024-01-18 00:00:00+00:00,-0.03097704917072108
2024-01-19 00:00:00+00:00,0.008689030853233866
2024-01-20 00:00:00+00:00,-0.004364743171026126
2024-01-21 00:00:00+00:00,0.0013662264244678557
2024-01-22 00:00:00+00:00,-0.01928964971775574
2024-01-23 00:00:00+00:00,-0.0035355017285799268
2024-01-24 00:00:00+00:00,-0.004248441830163572
2024-01-25 00:00:00+00:00,0.004474578207431941
2024-01-26 00:00:00+00:00,0.002091273621299611
2024-01-27 00:00:00+00:00,-0.009573316638674974
2024-01-28 00:00:00+00:00,-0.002010007515661293
2024-01-29 00:00:00+00:00,0.008191513437072018
2024-01-30 00:00:00+00:00,0.005155961377966031
2024-01-31 00:00:00+00:00,0.007384733204573229
2024-02-01 00:00:00+00:00,0.008218260666556313
2024-02-02 00:00:00+00:00,0.0023934508460938843
2024-02-03 00:00:00+00:00,-0.009777358585857864
2024-02-04 00:00:00+00:00,0.02688982019509937
2024-02-05 00:00:00+00:00,-0.010189369105730326
2024-02-06 00:00:00+00:00,0.0049345310407605475
2024-02-07 00:00:00+00:00,-0.015507653857416474
2024-02-08 00:00:00+00:00,-0.0017490946991909084
2024-02-09 00:00:00+00:00,0.00811214344735025
2024-02-10 00:00:00+00:00,0.0062338855161644955
2024-02-11 00:00:00+00:00,-0.0068492359593465375
2024-02-12 00:00:00+00:00,0.008033858695934417
2024-02-13 00:00:00+00:00,-0.0029944329816647404
2024-02-14 00:00:00+00:00,0.036374224255257125
2024-02-15 00:00:00+00:00,-0.013323393687512152
2024-02-16 00:00:00+00:00,0.012343239116631396
2024-02-17 00:00:00+00:00,-0.002418502747579807
2024-02-18 00:00:00+00:00,0.03221509667581465
2024-02-19 00:00:00+00:00,0.054411931504163444
2024-02-20 00:00:00+00:00,-0.009368860943510934
2024-02-21 00:00:00+00:00,0.010364497059538617
2024-02-22 00:00:00+00:00,0.02408775975686234
2024-02-23 00:00:00+00:00,0.03532093730337177
2024-02-24 00:00:00+00:00,0.005342817212756599
2024-02-25 00:00:00+00:00,0.016464698472329724
2024-02-26 00:00:00+00:00,0.03703151839176396
2024-02-27 00:00:00+00:00,0.055582600263809206
2024-02-28 00:00:00+00:00,0.04330275132384802
2024-02-29 00:00:00+00:00,-0.024374766575574306
2024-03-01 00:00:00+00:00,0.1425892449424202
2024-03-02 00:00:00+00:00,0.12110574282117319
2024-03-03 00:00:00+00:00,0.02757255214752863
2024-03-04 00:00:00+00:00,0.07173668520930042
2024-03-05 00:00:00+00:00,-0.06225117665486736
2024-03-06 00:00:00+00:00,0.03973366893281228
2024-03-07 00:00:00+00:00,-0.00709183009992071
2024-03-08 00:00:00+00:00,0.021608621401429988
2024-03-09 00:00:00+00:00,-0.010137984919136242
2024-03-10 00:00:00+00:00,0.001475502634242702
2024-03-11 00:00:00+00:00,0.004846230148031435
2024-03-12 00:00:00+00:00,-0.006963327791751297
2024-03-13 00:00:00+00:00,0.027824291805453448
2024-03-14 00:00:00+00:00,0.0033119085837120003
2024-03-15 00:00:00+00:00,-0.007203740292880508
2024-03-16 00:00:00+00:00,-0.030365870366425404
2024-03-17 00:00:00+00:00,0.027529862031610883
2024-03-18 00:00:00+00:00,-0.006795779508823917
2024-03-19 00:00:00+00:00,-0.03652080052730784
2024-03-20 00:00:00+00:00,0.024994112646210622
2024-03-21 00:00:00+00:00,-0.030779236265785485
2024-03-22 00:00:00+00:00,-0.0037586145961658866
2024-03-23 00:00:00+00:00,-0.004736174037639925
2024-03-24 00:00:00+00:00,0.010429721546459906
2024-03-25 00:00:00+00:00,0.01198728699172674
2024-03-26 00:00:00+00:00,0.0028375381459605606
2024-03-27 00:00:00+00:00,0.0043055427219092475
2024-03-28 00:00:00+00:00,0.0030820645425139698
2024-03-29 00:00:00+00:00,0.005126002465217112
2024-03-30 00:00:00+00:00,-0.006663183605108045
2024-03-31 00:00:00+00:00,0.027744668042656576
2024-04-01 00:00:00+00:00,-0.002849036525025833
2024-04-02 00:00:00+00:00,-0.006048506480996246
2024-04-03 00:00:00+00:00,-0.008350546420495831
2024-04-04 00:00:00+00:00,0.008488022929632667
2024-04-05 00:00:00+00:00,-0.004887565876028434
2024-04-06 00:00:00+00:00,0.0009008966220749537
2024-04-07 00:00:00+00:00,-0.00931311000868946
2024-04-08 00:00:00+00:00,-0.006202203481749055
2024-04-09 00:00:00+00:00,-0.0018657277475311285
2024-04-10 00:00:00+00:00,0.0060345725644879835
2024-04-11 00:00:00+00:00,0.001191060318675102
2024-04-12 00:00:00+00:00,0.009986391583193118
2024-04-13 00:00:00+00:00,-0.006092719622953544
2024-04-14 00:00:00+00:00,-0.013400814526994374
2024-04-15 00:00:00+00:00,0.003086177588162213
2024-04-16 00:00:00+00:00,-0.012877241355321723
2024-04-17 00:00:00+00:00,-0.0031705355097324515
2024-04-18 00:00:00+00:00,-0.01975830253054098
2024-04-19 00:00:00+00:00,-0.007565636168438099
2024-04-20 00:00:00+00:00,-0.03070794556471529
2024-04-21 00:00:00+00:00,0.00833452410729479
2024-04-22 00:00:00+00:00,-0.023741900541727295
2024-04-23 00:00:00+00:00,0.024813999961016776
2024-04-24 00:00:00+00:00,0.01565497920790973
2024-04-25 00:00:00+00:00,0.01340876303205821
2024-04-26 00:00:00+00:00,-0.005266053374365098
2024-04-27 00:00:00+00:00,-0.033021264786924756
2024-04-28 00:00:00+00:00,-0.0036401064063563975
2024-04-29 00:00:00+00:00,-0.010653829930982125
2024-04-30 00:00:00+00:00,0.005628794233366452
2024-05-01 00:00:00+00:00,-0.019918507873851115
2024-05-02 00:00:00+00:00,0.029346408670291993
2024-05-03 00:00:00+00:00,-0.027516268501510153
2024-05-04 00:00:00+00:00,0.010614699618668738
2024-05-05 00:00:00+00:00,-0.02103739288426137
2024-05-06 00:00:00+00:00,-0.00037835428671152867
2024-05-07 00:00:00+00:00,0.012934019803820505
2024-05-08 00:00:00+00:00,0.0016916984559011165
2024-05-09 00:00:00+00:00,-0.0006909852500125788
2024-05-10 00:00:00+00:00,0.04312350312099504
2024-05-11 00:00:00+00:00,0.01276724030139531
2024-05-12 00:00:00+00:00,0.007217572029986833
2024-05-13 00:00:00+00:00,0.01582629549769864
2024-05-14 00:00:00+00:00,0.03479373837435272
2024-05-15 00:00:00+00:00,-0.09209788122501195
2024-05-16 00:00:00+00:00,-0.012404916345390267
2024-05-17 00:00:00+00:00,-0.04492645121700837
2024-05-18 00:00:00+00:00,-0.0025556475400135246
2024-05-19 00:00:00+00:00,0.028260556733795853
2024-05-20 00:00:00+00:00,-0.056743029210014596
2024-05-21 00:00:00+00:00,-0.011497266892025468
2024-05-22 00:00:00+00:00,-0.01302666857425748
2024-05-23 00:00:00+00:00,0.01909140041935049
2024-05-24 00:00:00+00:00,0.013018005420722803
2024-05-25 00:00:00+00:00,0.0011471107113186455
2024-05-26 00:00:00+00:00,0.012442759672124533
2024-05-27 00:00:00+00:00,-0.0006536332587668017
2024-05-28 00:00:00+00:00,0.002623645234236665
2024-05-29 00:00:00+00:00,-0.02689064750552889
2024-05-30 00:00:00+00:00,-0.0041990793993828355
2024-05-31 00:00:00+00:00,0.011975576228277674
2024-06-01 00:00:00+00:00,0.006801460297781829
2024-06-02 00:00:00+00:00,0.009705257298856435
2024-06-03 00:00:00+00:00,-0.007958304409917237
2024-06-04 00:00:00+00:00,0.0009348841363418115
2024-06-05 00:00:00+00:00,-0.0009110226465545728
2024-06-06 00:00:00+00:00,0.02280797919519048
2024-06-07 00:00:00+00:00,0.035710922507332946
2024-06-08 00:00:00+00:00,0.022643338582602226
2024-06-09 00:00:00+00:00,-0.01113425777951225
2024-06-10 00:00:00+00:00,0.009790429073724809
2024-06-11 00:00:00+00:00,0.0209921458994798
2024-06-12 00:00:00+00:00,-0.017942765524106202
2024-06-13 00:00:00+00:00,0.0261692174505723
2024-06-14 00:00:00+00:00,0.013251474801169415
2024-06-15 00:00:00+00:00,-0.0038996595577154656
2024-06-16 00:00:00+00:00,-0.015259646815159468
2024-06-17 00:00:00+00:00,0.053148970407233945
2024-06-18 00:00:00+00:00,0.07241057724364262
2024-06-19 00:00:00+00:00,-0.01735319388823123
2024-06-20 00:00:00+00:00,-0.006270849886822378
2024-06-21 00:00:00+00:00,-0.005029652368719687
2024-06-22 00:00:00+00:00,-0.0055019421598210645
2024-06-23 00:00:00+00:00,0.009484438152481749
2024-06-24 00:00:00+00:00,0.00039370858339597204
2024-06-25 00:00:00+00:00,-0.021888446049412712
2024-06-26 00:00:00+00:00,0.00785183086151923
2024-06-27 00:00:00+00:00,-0.020797970262480293
2024-06-28 00:00:00+00:00,0.0016913840622913923
2024-06-29 00:00:00+00:00,0.0055982241560625845
2024-06-30 00:00:00+00:00,-0.01201006187485565
2024-07-01 00:00:00+00:00,0.01576374827489701
2024-07-02 00:00:00+00:00,-0.0025084672237369503
2024-07-03 00:00:00+00:00,0.016250349212182786
2024-07-04 00:00:00+00:00,0.038311614873449334
2024-07-05 00:00:00+00:00,0.04104662381252675
2024-07-06 00:00:00+00:00,-0.03578395316380643
2024-07-07 00:00:00+00:00,0.012542731818305144
2024-07-08 00:00:00+00:00,-0.007825100563695885
2024-07-09 00:00:00+00:00,0.005506917226480095
2024-07-10 00:00:00+00:00,-0.008716857254340706
2024-07-11 00:00:00+00:00,-0.006309961634711712
2024-07-12 00:00:00+00:00,-0.018853984030865124
2024-07-13 00:00:00+00:00,-0.01492334719182798
2024-07-14 00:00:00+00:00,-0.009505236222812522
2024-07-15 00:00:00+00:00,-0.0599259496800951
2024-07-16 00:00:00+00:00,-0.0033662224044047526
2024-07-17 00:00:00+00:00,0.004255860116274531
2024-07-18 00:00:00+00:00,0.005155704653704678
2024-07-19 00:00:00+00:00,-0.015994561020426887
2024-07-20 00:00:00+00:00,-0.0030924217912858256
2024-07-21 00:00:00+00:00,0.003536707834522217
2024-07-22 00:00:00+00:00,-0.008073727224989157
2024-07-23 00:00:00+00:00,-0.01253325754265619
2024-07-24 00:00:00+00:00,0.010643421643480663
2024-07-25 00:00:00+00:00,0.001617844389115393
2024-07-26 00:00:00+00:00,0.011337041574243974
2024-07-27 00:00:00+00:00,-0.016392724466430336
2024-07-28 00:00:00+00:00,0.011144532680573931
2024-07-29 00:00:00+00:00,-0.007512609991372133
2024-07-30 00:00:00+00:00,-0.005102126222807274
2024-07-31 00:00:00+00:00,-8.801511442055019e-05
2024-08-01 00:00:00+00:00,-0.005051634008502465
2024-08-02 00:00:00+00:00,0.030357942605165597
2024-08-03 00:00:00+00:00,0.004686483028906891
2024-08-04 00:00:00+00:00,0.02945475387900592
2024-08-05 00:00:00+00:00,0.042188401290250394
2024-08-06 00:00:00+00:00,-0.03892174940843266
2024-08-07 00:00:00+00:00,0.012939331626900164
2024-08-08 00:00:00+00:00,-0.08159430953369723
2024-08-09 00:00:00+00:00,0.03147565939511199
2024-08-10 00:00:00+00:00,-0.00022289002430201694
2024-08-11 00:00:00+00:00,0.032980420173404336
2024-08-12 00:00:00+00:00,-0.023331608725266826
2024-08-13 00:00:00+00:00,-0.003426223918020023
2024-08-14 00:00:00+00:00,0.01259619229342707
2024-08-15 00:00:00+00:00,0.018928470530197996
2024-08-16 00:00:00+00:00,-0.0025803168488317987
2024-08-17 00:00:00+00:00,-0.018444272194893144
2024-08-18 00:00:00+00:00,0.002921999812130136
2024-08-19 00:00:00+00:00,-0.010471741877000599
2024-08-20 00:00:00+00:00,0.007967682898305625
2024-08-21 00:00:00+00:00,-0.028680344035615528
2024-08-22 00:00:00+00:00,-0.009464332831143833
2024-08-23 00:00:00+00:00,-0.05945395498508444
2024-08-24 00:00:00+00:00,-0.019602054124449424
2024-08-25 00:00:00+00:00,0.017449354460180897
2024-08-26 00:00:00+00:00,0.005895222502649811
2024-08-27 00:00:00+00:00,-0.0004570400228780606
2024-08-28 00:00:00+00:00,-0.007492309720181557
2024-08-29 00:00:00+00:00,-0.0027697571069599
2024-08-30 00:00:00+00:00,-0.00437493889341339
2024-08-31 00:00:00+00:00,0.0011840247503393385
2024-09-01 00:00:00+00:00,0.01715577630142684
2024-09-02 00:00:00+00:00,-0.017406130881563654
2024-09-03 00:00:00+00:00,0.016362640745713836
2024-09-04 00:00:00+00:00,-0.008390122240705742
2024-09-05 00:00:00+00:00,0.012720561860543753
2024-09-06 00:00:00+00:00,0.007961414902322876
2024-09-07 00:00:00+00:00,-0.0034056732910777445
2024-09-08 00:00:00+00:00,-0.0049340072548099655
2024-09-09 00:00:00+00:00,-0.02675303725882009
2024-09-10 00:00:00+00:00,-0.003065299990209085
2024-09-11 00:00:00+00:00,0.0061762907157094935
2024-09-12 00:00:00+00:00,-0.013766539418711615
2024-09-13 00:00:00+00:00,-0.020969110775354093
2024-09-14 00:00:00+00:00,0.004727507767114449
2024-09-15 00:00:00+00:00,0.020751753981370396
2024-09-16 00:00:00+00:00,0.004688812030122036
2024-09-17 00:00:00+00:00,0.007534618298516257
2024-09-18 00:00:00+00:00,-0.00863462045724291
2024-09-19 00:00:00+00:00,-0.0038882632951088396
2024-09-20 00:00:00+00:00,-0.007086323733681561
2024-09-21 00:00:00+00:00,0.0035161850104928143
2024-09-22 00:00:00+00:00,0.00975304289128553
2024-09-23 00:00:00+00:00,-0.0035143333252871376
2024-09-24 00:00:00+00:00,0.012032295372144675
2024-09-25 00:00:00+00:00,-0.011898952985687414
2024-09-26 00:00:00+00:00,-0.014121371861526214
2024-09-27 00:00:00+00:00,0.0037306872075983308
2024-09-28 00:00:00+00:00,-0.008392016094833527
2024-09-29 00:00:00+00:00,0.013539135961303303
2024-09-30 00:00:00+00:00,-0.04059203354189783
2024-10-01 00:00:00+00:00,-0.047431289865049166
2024-10-02 00:00:00+00:00,-0.032683125742742264
2024-10-03 00:00:00+00:00,-0.05028734529570674
2024-10-04 00:00:00+00:00,0.052063191557498396
2024-10-05 00:00:00+00:00,-0.028234711212031516
2024-10-06 00:00:00+00:00,0.03364976795184976
2024-10-07 00:00:00+00:00,0.0037533309180776595
2024-10-08 00:00:00+00:00,0.003912922556737093
2024-10-09 00:00:00+00:00,-0.02601443008833781
2024-10-10 00:00:00+00:00,-0.008241440021454478
2024-10-11 00:00:00+00:00,0.030714838215431355
2024-10-12 00:00:00+00:00,0.022822250637033855
2024-10-13 00:00:00+00:00,0.018821458672285817
2024-10-14 00:00:00+00:00,-0.034096816622683414
2024-10-15 00:00:00+00:00,-0.008661722314213617
2024-10-16 00:00:00+00:00,-0.01730289936867371
2024-10-17 00:00:00+00:00,-0.007392913918700756
2024-10-18 00:00:00+00:00,0.010064249057628621
2024-10-19 00:00:00+00:00,-0.0005321567295971816
2024-10-20 00:00:00+00:00,-0.01197265273600607
2024-10-21 00:00:00+00:00,-0.013893601887609922
2024-10-22 00:00:00+00:00,0.0013756096152674072
2024-10-23 00:00:00+00:00,-0.02104277765132602
2024-10-24 00:00:00+00:00,0.025285639019204293
2024-10-25 00:00:00+00:00,-0.022004152551752743
2024-10-26 00:00:00+00:00,0.002478364562581201
2024-10-27 00:00:00+00:00,0.009506026011129366
2024-10-28 00:00:00+00:00,0.011427869593612324
2024-10-29 00:00:00+00:00,-0.0006681311903863784
2024-10-30 00:00:00+00:00,-0.0012589478157937792
2024-10-31 00:00:00+00:00,-0.007400363539163685
2024-11-01 00:00:00+00:00,-0.0045977008056497515
2024-11-02 00:00:00+00:00,-0.009422367564985192
2024-11-03 00:00:00+00:00,-0.01057315995255704
2024-11-04 00:00:00+00:00,-0.005914426429862796
2024-11-05 00:00:00+00:00,-0.00467731473710138
2024-11-06 00:00:00+00:00,0.03755428732607797
2024-11-07 00:00:00+00:00,-0.0011863495115761041
2024-11-08 00:00:00+00:00,0.007157222861289863
2024-11-09 00:00:00+00:00,0.01921083046039946
2024-11-10 00:00:00+00:00,0.04304519036873875
2024-11-11 00:00:00+00:00,0.024413365375751533
2024-11-12 00:00:00+00:00,0.012045488027217926
2024-11-13 00:00:00+00:00,-0.017446413808833324
2024-11-14 00:00:00+00:00,-0.003132144126354955
2024-11-15 00:00:00+00:00,0.09770620253971596
2024-11-16 00:00:00+00:00,0.11095919298046905
2024-11-17 00:00:00+00:00,-0.01669235777480808
2024-11-18 00:00:00+00:00,0.04078886166665095
2024-11-19 00:00:00+00:00,0.00047978471660103987
2024-11-20 00:00:00+00:00,-0.00897455513490892
2024-11-21 00:00:00+00:00,0.038615117700163425
2024-11-22 00:00:00+00:00,0.072754692149161
2024-11-23 00:00:00+00:00,0.04126766229002005
2024-11-24 00:00:00+00:00,-0.008371926511576708
2024-11-25 00:00:00+00:00,-0.040136227654550855
2024-11-26 00:00:00+00:00,-0.005178756592631118
2024-11-27 00:00:00+00:00,0.035906242292135515
2024-11-28 00:00:00+00:00,-0.00975515710836798
2024-11-29 00:00:00+00:00,0.018208663131637375
2024-11-30 00:00:00+00:00,0.022922621005147456
2024-12-01 00:00:00+00:00,0.01426660421518274
2024-12-02 00:00:00+00:00,0.028647335976109255
2024-12-03 00:00:00+00:00,0.09916994341563228
2024-12-04 00:00:00+00:00,-0.006651582197180501
2024-12-05 00:00:00+00:00,-0.0010839260049947922
2024-12-06 00:00:00+00:00,0.02636617744302753
2024-12-07 00:00:00+00:00,-0.013467872290743314
2024-12-08 00:00:00+00:00,0.004486690426105449
2024-12-09 00:00:00+00:00,-0.07045558710167674
2024-12-10 00:00:00+00:00,-0.01270358140444787
2024-12-11 00:00:00+00:00,0.03648778195950052
2024-12-12 00:00:00+00:00,0.005978194757580264
2024-12-13 00:00:00+00:00,0.005333956090055139
2024-12-14 00:00:00+00:00,-0.010531739012826396
2024-12-15 00:00:00+00:00,0.01545117267904346
2024-12-16 00:00:00+00:00,-0.004608634844294633
2024-12-17 00:00:00+00:00,-0.008393034203989494
2024-12-18 00:00:00+00:00,-0.02514357915854243
2024-12-19 00:00:00+00:00,-0.025830305511829688
2024-12-20 00:00:00+00:00,0.013327477304087976
2024-12-21 00:00:00+00:00,-0.02228056120393772
2024-12-22 00:00:00+00:00,-0.001580778157567853
2024-12-23 00:00:00+00:00,0.022204669870118893
2024-12-24 00:00:00+00:00,0.008426233563557366
2024-12-25 00:00:00+00:00,-0.005389318958456261
2024-12-26 00:00:00+00:00,-0.02517352474991575
2024-12-27 00:00:00+00:00,-0.011900642053078192
2024-12-28 00:00:00+00:00,0.008437547215260698
2024-12-29 00:00:00+00:00,-0.004883027250450765
2024-12-30 00:00:00+00:00,4.577041690007107e-05
2024-12-31 00:00:00+00:00,-0.001012033011468066
2025-01-01 00:00:00+00:00,-0.004141885312208629
2025-01-02 00:00:00+00:00,-0.002428503610387597
2025-01-03 00:00:00+00:00,0.007430567933461146
2025-01-04 00:00:00+00:00,-0.002199897125030208
2025-01-05 00:00:00+00:00,-0.002358232067048477
2025-01-06 00:00:00+00:00,0.0034326482232611595
2025-01-07 00:00:00+00:00,-0.016869649294040896
2025-01-08 00:00:00+00:00,0.008712247712789433
2025-01-09 00:00:00+00:00,-0.004925074166005878
2025-01-10 00:00:00+00:00,0.002044323303357267
2025-01-11 00:00:00+00:00,0.003895691204487511
2025-01-12 00:00:00+00:00,-3.634053442738236e-05
2025-01-13 00:00:00+00:00,0.02272169582130254
2025-01-14 00:00:00+00:00,-0.015170027257561237
2025-01-15 00:00:00+00:00,-0.012412018821456854
2025-01-16 00:00:00+00:00,0.026083732680546694
2025-01-17 00:00:00+00:00,-0.0319672116946678
2025-01-18 00:00:00+00:00,0.02010701433085742
2025-01-19 00:00:00+00:00,0.009091936062898596
2025-01-20 00:00:00+00:00,0.024559880888260464
2025-01-21 00:00:00+00:00,-0.012180928048695484
2025-01-22 00:00:00+00:00,0.010823325613489032
2025-01-23 00:00:00+00:00,-0.0007149461399400536
2025-01-24 00:00:00+00:00,0.02033828818025882
2025-01-25 00:00:00+00:00,-0.006847737183775691
2025-01-26 00:00:00+00:00,0.009194196732265233
2025-01-27 00:00:00+00:00,0.010681153234596065
2025-01-28 00:00:00+00:00,0.06155662371629489
2025-01-29 00:00:00+00:00,-0.023957607292151992
2025-01-30 00:00:00+00:00,-0.01698273136037212
2025-01-31 00:00:00+00:00,-0.007879107085847749
2025-02-01 00:00:00+00:00,0.05430506870624052
2025-02-02 00:00:00+00:00,0.08057744178058489
2025-02-03 00:00:00+00:00,-0.016835124443140895
2025-02-04 00:00:00+00:00,0.03581837652850926
2025-02-05 00:00:00+00:00,0.013836000470606645
2025-02-06 00:00:00+00:00,0.03547723650178715
2025-02-07 00:00:00+00:00,-0.007577293803111073
2025-02-08 00:00:00+00:00,-0.03796644825330338
2025-02-09 00:00:00+00:00,0.004989693998757702
2025-02-10 00:00:00+00:00,-0.008243465211478675
2025-02-11 00:00:00+00:00,0.009948463197937114
2025-02-12 00:00:00+00:00,-0.02623217497523621
2025-02-13 00:00:00+00:00,0.005613103588327987
2025-02-14 00:00:00+00:00,-0.031445867738707056
2025-02-15 00:00:00+00:00,0.010929981473606683
2025-02-16 00:00:00+00:00,0.002644695812421683
2025-02-17 00:00:00+00:00,-0.008866274531831355
2025-02-18 00:00:00+00:00,0.017161534280659523
2025-02-19 00:00:00+00:00,-0.0032961772483056616
2025-02-20 00:00:00+00:00,-0.01492015075191197
2025-02-21 00:00:00+00:00,0.010092857797224027
2025-02-22 00:00:00+00:00,-0.0152442974797804
2025-02-23 00:00:00+00:00,0.001714267700830789
2025-02-24 00:00:00+00:00,0.0426799109304299
2025-02-25 00:00:00+00:00,-0.0012557209236975756
2025-02-26 00:00:00+00:00,0.022751841685522026
2025-02-27 00:00:00+00:00,-0.00939897464698051
2025-02-28 00:00:00+00:00,0.006187945510956191
2025-03-01 00:00:00+00:00,-0.009825561246925492
2025-03-02 00:00:00+00:00,-0.06531840265351445
2025-03-03 00:00:00+00:00,0.052841227997437394
2025-03-04 00:00:00+00:00,-0.0029835503913636496
2025-03-05 00:00:00+00:00,-0.017321563890644254
2025-03-06 00:00:00+00:00,0.005175367335857022
2025-03-07 00:00:00+00:00,-0.0016591958752452656
2025-03-08 00:00:00+00:00,0.0005966715211500236
2025-03-09 00:00:00+00:00,0.04284304215048087
2025-03-10 00:00:00+00:00,0.021949084425433765
2025-03-11 00:00:00+00:00,-0.024111832255995686
2025-03-12 00:00:00+00:00,-0.013625769901093245
2025-03-13 00:00:00+00:00,0.0019991466959554346
2025-03-14 00:00:00+00:00,-0.011690128557930854
2025-03-15 00:00:00+00:00,-0.019638624654682274
2025-03-16 00:00:00+00:00,0.01376778823914216
2025-03-17 00:00:00+00:00,-0.01139497093828486
2025-03-18 00:00:00+00:00,-0.009581493447392252
2025-03-19 00:00:00+00:00,-0.012425383681836485
2025-03-20 00:00:00+00:00,0.011462048727581452
2025-03-21 00:00:00+00:00,0.01772053843895415
2025-03-22 00:00:00+00:00,-0.0029233384702947673
2025-03-23 00:00:00+00:00,0.0004460622092279529
2025-03-24 00:00:00+00:00,-0.017746017036219423
2025-03-25 00:00:00+00:00,-0.008137824987760287
2025-03-26 00:00:00+00:00,-0.003819077565738849
2025-03-27 00:00:00+00:00,0.0007222349596072756
2025-03-28 00:00:00+00:00,0.01634240756735795
2025-03-29 00:00:00+00:00,0.010176689601673115
2025-03-30 00:00:00+00:00,0.004025907123718181
2025-03-31 00:00:00+00:00,0.009684844306061929
2025-04-01 00:00:00+00:00,-0.0044007859190805815
2025-04-02 00:00:00+00:00,0.028837296043433516
2025-04-03 00:00:00+00:00,-0.005350668990619553
2025-04-04 00:00:00+00:00,0.007776417678138682
2025-04-05 00:00:00+00:00,0.002805703992468502
2025-04-06 00:00:00+00:00,0.06466414227847334
2025-04-07 00:00:00+00:00,-0.004311688833692469
2025-04-08 00:00:00+00:00,0.01821433166465389
2025-04-09 00:00:00+00:00,-0.028099384760900178
2025-04-10 00:00:00+00:00,0.034096202249586344
2025-04-11 00:00:00+00:00,-0.008106236006511572
2025-04-12 00:00:00+00:00,-0.016553809151144083
2025-04-13 00:00:00+00:00,0.008231496626567678
2025-04-14 00:00:00+00:00,0.0060205597202023465
2025-04-15 00:00:00+00:00,0.000827109475335662
2025-04-16 00:00:00+00:00,0.005218817167158379
2025-04-17 00:00:00+00:00,-0.007246162315868115
2025-04-18 00:00:00+00:00,-0.03417229894250784
2025-04-19 00:00:00+00:00,-0.01515846644259962
2025-04-20 00:00:00+00:00,0.0052471915922704514
2025-04-21 00:00:00+00:00,0.001733526810342979
2025-04-22 00:00:00+00:00,-0.03602667667924113
2025-04-23 00:00:00+00:00,-0.01240985934746647
2025-04-24 00:00:00+00:00,0.005522911920088702
2025-04-25 00:00:00+00:00,0.018554368809833525
2025-04-26 00:00:00+00:00,0.02185532938778659
2025-04-27 00:00:00+00:00,0.009259681653631075
2025-04-28 00:00:00+00:00,0.00744266199216035
2025-04-29 00:00:00+00:00,-0.0007149672185946784
2025-04-30 00:00:00+00:00,0.010460873016714589
2025-05-01 00:00:00+00:00,-0.007615724030149705
2025-05-02 00:00:00+00:00,0.014611374789299657
2025-05-03 00:00:00+00:00,-0.026384532557221094
2025-05-04 00:00:00+00:00,-0.000139988046450222
2025-05-05 00:00:00+00:00,0.006934089187276543
2025-05-06 00:00:00+00:00,-0.00023975927488100482
2025-05-07 00:00:00+00:00,0.00026288282166002407
2025-05-08 00:00:00+00:00,-0.016228522895368705
2025-05-09 00:00:00+00:00,-0.012518318548585409
2025-05-10 00:00:00+00:00,0.03560371973170182
2025-05-11 00:00:00+00:00,-0.013066131465554368
2025-05-12 00:00:00+00:00,0.0035433399167047915
2025-05-13 00:00:00+00:00,0.03495397364633118
2025-05-14 00:00:00+00:00,-0.02255588571129058
2025-05-15 00:00:00+00:00,-0.03217872656852924
2025-05-16 00:00:00+00:00,-0.02464397881690977
2025-05-17 00:00:00+00:00,-0.015631394742254005
2025-05-18 00:00:00+00:00,0.03043086306090389
2025-05-19 00:00:00+00:00,-0.014641831788906164
2025-05-20 00:00:00+00:00,0.014403277870329512
2025-05-21 00:00:00+00:00,0.040859283527257276
2025-05-22 00:00:00+00:00,0.03774290456366667
2025-05-23 00:00:00+00:00,-0.0370694046304394
2025-05-24 00:00:00+00:00,0.015941176313804012
2025-05-25 00:00:00+00:00,0.014516995291247786
2025-05-26 00:00:00+00:00,-0.008565336903748676
2025-05-27 00:00:00+00:00,-0.003837040827288865
2025-05-28 00:00:00+00:00,-0.018371528922779965
2025-05-29 00:00:00+00:00,-0.030815426004978476
2025-05-30 00:00:00+00:00,-0.05621568408345835
2025-05-31 00:00:00+00:00,0.0069865618943124735
2025-06-01 00:00:00+00:00,0.00957400443473333
2025-06-02 00:00:00+00:00,0.007752859541477671
2025-06-03 00:00:00+00:00,-0.002487311708467848
2025-06-04 00:00:00+00:00,-0.009810859669323456
2025-06-05 00:00:00+00:00,-0.034292417238550144
2025-06-06 00:00:00+00:00,0.013746156190904194
2025-06-07 00:00:00+00:00,0.01322955184502897
2025-06-08 00:00:00+00:00,-0.004170383192951584
2025-06-09 00:00:00+00:00,0.04203970559038284
2025-06-10 00:00:00+00:00,0.023721241690336743
2025-06-11 00:00:00+00:00,-0.00345386771896943
2025-06-12 00:00:00+00:00,-0.00865433266514145
2025-06-13 00:00:00+00:00,0.012654077828688182
2025-06-14 00:00:00+00:00,-0.019836242022784487
2025-06-15 00:00:00+00:00,0.019684246472613895
2025-06-16 00:00:00+00:00,0.0012419414112856692
2025-06-17 00:00:00+00:00,-0.0013663271567490613
2025-06-18 00:00:00+00:00,-0.004503675017907099
2025-06-19 00:00:00+00:00,0.015360999256866691
2025-06-20 00:00:00+00:00,0.0006119701984184874
2025-06-21 00:00:00+00:00,0.008660730735419068
2025-06-22 00:00:00+00:00,0.002920580337722189
2025-06-23 00:00:00+00:00,-0.017096250925965555
2025-06-24 00:00:00+00:00,-0.002367383624526728
2025-06-25 00:00:00+00:00,0.011258505582534517
2025-06-26 00:00:00+00:00,0.00487216450331473
2025-06-27 00:00:00+00:00,0.006746646752044782
2025-06-28 00:00:00+00:00,0.0006829928700559384
2025-06-29 00:00:00+00:00,-0.01624868315115511
2025-06-30 00:00:00+00:00,0.014003220435125734
2025-07-01 00:00:00+00:00,0.0011703595382155372
2025-07-02 00:00:00+00:00,-0.008198263477873786
2025-07-03 00:00:00+00:00,0.010869078801842739
2025-07-04 00:00:00+00:00,-0.0005757475962990835
2025-07-05 00:00:00+00:00,0.014732255494128528
2025-07-06 00:00:00+00:00,0.0135253577299916
2025-07-07 00:00:00+00:00,-0.011584193580129406
2025-07-08 00:00:00+00:00,-0.007003549496097955
2025-07-09 00:00:00+00:00,0.011810294271453171
2025-07-10 00:00:00+00:00,0.02174901277853176
2025-07-11 00:00:00+00:00,0.04073453501837277
2025-07-12 00:00:00+00:00,0.003260027603559771
2025-07-13 00:00:00+00:00,0.055808013411163114
2025-07-14 00:00:00+00:00,0.00951727276653467
2025-07-15 00:00:00+00:00,0.0031697452494876778
2025-07-16 00:00:00+00:00,0.017447937581150604
2025-07-17 00:00:00+00:00,0.0515904941203609
2025-07-18 00:00:00+00:00,-0.010008805158240762
2025-07-19 00:00:00+00:00,0.005375167216952215
2025-07-20 00:00:00+00:00,0.01506376484236835
2025-07-21 00:00:00+00:00,0.004000483968942685
2025-07-22 00:00:00+00:00,0.02667418425088684
2025-07-23 00:00:00+00:00,-0.05210715795160981
2025-07-24 00:00:00+00:00,-0.012041615178364565
2025-07-25 00:00:00+00:00,0.029125331726198928
2025-07-26 00:00:00+00:00,0.01634124335300328
2025-07-27 00:00:00+00:00,0.024115794755971722
2025-07-28 00:00:00+00:00,-0.03629791628212833
2025-07-29 00:00:00+00:00,-0.006414792054663552
2025-07-30 00:00:00+00:00,-0.006187052852294665
2025-07-31 00:00:00+00:00,-0.028854949371079852
2025-08-01 00:00:00+00:00,-0.029925425202662483
2025-08-02 00:00:00+00:00,-0.03098985638029101
2025-08-03 00:00:00+00:00,0.030890341129260184
2025-08-04 00:00:00+00:00,0.007134020397431875
2025-08-05 00:00:00+00:00,-0.02315915190176517
2025-08-06 00:00:00+00:00,0.010004012377976332
2025-08-07 00:00:00+00:00,0.02528313996642279
2025-08-08 00:00:00+00:00,0.0074892811130004185
2025-08-09 00:00:00+00:00,0.006568766458758172
2025-08-10 00:00:00+00:00,0.004151745705692951
2025-08-11 00:00:00+00:00,0.019078217328788113
2025-08-12 00:00:00+00:00,0.018658250480217305
2025-08-13 00:00:00+00:00,0.006413609696487044
2025-08-14 00:00:00+00:00,-0.02209422600371801
2025-08-15 00:00:00+00:00,-0.00857301000273638
2025-08-16 00:00:00+00:00,-0.010520349746115397
2025-08-17 00:00:00+00:00,0.0038258222878916363
2025-08-18 00:00:00+00:00,-0.006495115859934231
2025-08-19 00:00:00+00:00,-0.019265641208637635
2025-08-20 00:00:00+00:00,0.043563168511848493
2025-08-21 00:00:00+00:00,-0.00873480426692422
2025-08-22 00:00:00+00:00,0.0537508298395151
2025-08-23 00:00:00+00:00,-0.009148831177130097
2025-08-24 00:00:00+00:00,0.00559900909418499
2025-08-25 00:00:00+00:00,-0.04653540182461707
2025-08-26 00:00:00+00:00,0.006541136326690776
2025-08-27 00:00:00+00:00,-0.013223066254992645
2025-08-28 00:00:00+00:00,0.005011154863671419
2025-08-29 00:00:00+00:00,-0.010592010979036046
2025-08-30 00:00:00+00:00,-0.001163780543917547
2025-08-31 00:00:00+00:00,0.0014818997535720384
2025-09-01 00:00:00+00:00,-3.249178290108776e-05
2025-09-02 00:00:00+00:00,0.014771212654610727
2025-09-03 00:00:00+00:00,0.002798237203265854
2025-09-04 00:00:00+00:00,-0.0032409689398177456
2025-09-05 00:00:00+00:00,-0.000597184501518706
2025-09-06 00:00:00+00:00,0.0006110187118171348
2025-09-07 00:00:00+00:00,0.001051029159543106
2025-09-08 00:00:00+00:00,0.03237348530694729
2025-09-09 00:00:00+00:00,0.0008131434245695347
2025-09-10 00:00:00+00:00,-0.007293361323131849
2025-09-11 00:00:00+00:00,0.0021245418554361527
2025-09-12 00:00:00+00:00,0.02717252964177981
2025-09-13 00:00:00+00:00,0.030097106605598792
2025-09-14 00:00:00+00:00,-0.04171907932390619
2025-09-15 00:00:00+00:00,-0.011593586717821935
2025-09-16 00:00:00+00:00,0.012724129530523839
2025-09-17 00:00:00+00:00,0.018951447386635935
2025-09-18 00:00:00+00:00,0.007299195061201873
2025-09-19 00:00:00+00:00,-0.028646841054662885
2025-09-20 00:00:00+00:00,0.009875733879729292
2025-09-21 00:00:00+00:00,0.0019360542770000375
2025-09-22 00:00:00+00:00,-0.044753127367953054
2025-09-23 00:00:00+00:00,0.011570364237431033
2025-09-24 00:00:00+00:00,0.0063752652829759315
2025-09-25 00:00:00+00:00,-0.04357475247520545
2025-09-26 00:00:00+00:00,0.03159869637288757
2025-09-27 00:00:00+00:00,-0.009382339764016699
2025-09-28 00:00:00+00:00,0.011745693723081957
2025-09-29 00:00:00+00:00,0.026002531493754224
2025-09-30 00:00:00+00:00,-0.0012062433897408766
2025-10-01 00:00:00+00:00,0.029133834769842402
2025-10-02 00:00:00+00:00,0.006308104071993636
2025-10-03 00:00:00+00:00,-0.004680127173509838
2025-10-04 00:00:00+00:00,0.029673512968701153
2025-10-05 00:00:00+00:00,0.009671406558129425
2025-10-06 00:00:00+00:00,-0.015627939084319222
2025-10-07 00:00:00+00:00,0.005155196267494132
2025-10-08 00:00:00+00:00,0.019267015164259226
2025-10-09 00:00:00+00:00,0.016231867519446833
2025-10-10 00:00:00+00:00,0.05485780415365288
2025-10-11 00:00:00+00:00,0.001991581647038324
2025-10-12 00:00:00+00:00,0.012551254628708295
2025-10-13 00:00:00+00:00,0.06343809027587864
2025-10-14 00:00:00+00:00,-0.0015030341168428495
2025-10-15 00:00:00+00:00,-0.005280152391129453
2025-10-16 00:00:00+00:00,0.010396466117902521
2025-10-17 00:00:00+00:00,-0.005077738314538354
2025-10-18 00:00:00+00:00,-0.009749214105952496
2025-10-19 00:00:00+00:00,0.011979536101302252
2025-10-20 00:00:00+00:00,-0.004924160222204872
2025-10-21 00:00:00+00:00,-0.01771941327178765
2025-10-22 00:00:00+00:00,-0.0014462965926379063
2025-10-23 00:00:00+00:00,-0.007240811232828018
2025-10-24 00:00:00+00:00,0.10111295177003377
2025-10-25 00:00:00+00:00,0.014701439919416035
2025-10-26 00:00:00+00:00,-0.011019294409988315
2025-10-27 00:00:00+00:00,0.0026687454805093477
2025-10-28 00:00:00+00:00,0.001025538644356556
2025-10-29 00:00:00+00:00,0.010671430165360136
2025-10-30 00:00:00+00:00,0.002818833734065939
2025-10-31 00:00:00+00:00,0.010807951135403877
2025-11-01 00:00:00+00:00,0.002312382074639411
2025-11-02 00:00:00+00:00,0.008137011222995117
2025-11-03 00:00:00+00:00,0.07435371925057697
2025-11-04 00:00:00+00:00,0.018414405105697914
2025-11-05 00:00:00+00:00,-0.022628418277988824
2025-11-06 00:00:00+00:00,0.02611367518213185
2025-11-07 00:00:00+00:00,-0.010523091026735295
2025-11-08 00:00:00+00:00,-0.00694693701026015
2025-11-09 00:00:00+00:00,-0.004829378195463845
2025-11-10 00:00:00+00:00,-0.04027804232329702
2025-11-11 00:00:00+00:00,0.004630384497835426
2025-11-12 00:00:00+00:00,0.012964700531139252
2025-11-13 00:00:00+00:00,0.023903055242149265
2025-11-14 00:00:00+00:00,0.029207947322388912
2025-11-15 00:00:00+00:00,-0.003912814781060627
2025-11-16 00:00:00+00:00,0.013976270772127597
2025-11-17 00:00:00+00:00,0.010847792236067345
2025-11-18 00:00:00+00:00,-0.02011078807776292
2025-11-19 00:00:00+00:00,0.020668016744074487
2025-11-20 00:00:00+00:00,0.04222462903877343
2025-11-21 00:00:00+00:00,0.00914060106072496
2025-11-22 00:00:00+00:00,0.01012869451625076
2025-11-23 00:00:00+00:00,-0.015645271563168216
2025-11-24 00:00:00+00:00,-0.03744606561105532
2025-11-25 00:00:00+00:00,-0.0040928039732417544
2025-11-26 00:00:00+00:00,-0.013818071850913471
2025-11-27 00:00:00+00:00,0.0019772761081072905
2025-11-28 00:00:00+00:00,0.005389547555559671
2025-11-29 00:00:00+00:00,0.011709282417340398
2025-11-30 00:00:00+00:00,0.010598704675308365
2025-12-01 00:00:00+00:00,0.0510418536131922
2025-12-02 00:00:00+00:00,-0.03422955566960966
2025-12-03 00:00:00+00:00,-0.02288461255845972
2025-12-04 00:00:00+00:00,0.0037140168836622403
2025-12-05 00:00:00+00:00,0.00019062980331332712
2025-12-06 00:00:00+00:00,0.005424794075039525
2025-12-07 00:00:00+00:00,0.004589062171129369
2025-12-08 00:00:00+00:00,-0.0036060732386782243
2025-12-09 00:00:00+00:00,-0.0026391386353427585
2025-12-10 00:00:00+00:00,-0.002111138181260093
2025-12-11 00:00:00+00:00,0.009296042309674962
2025-12-12 00:00:00+00:00,0.006525968993558738
2025-12-13 00:00:00+00:00,-0.0031279867541699107
2025-12-14 00:00:00+00:00,-0.004851789503366374
2025-12-15 00:00:00+00:00,0.005103935404192587
2025-12-16 00:00:00+00:00,-0.003949983808514806
2025-12-17 00:00:00+00:00,0.013777686019372643
2025-12-18 00:00:00+00:00,-0.0006961035963056221
2025-12-19 00:00:00+00:00,0.01011528487736572
2025-12-20 00:00:00+00:00,-0.005870033546703979
2025-12-21 00:00:00+00:00,0.006132077069841506
2025-12-22 00:00:00+00:00,0.03379030983086934
2025-12-23 00:00:00+00:00,-0.012125218972610555
2025-12-24 00:00:00+00:00,-0.019575659066619032
2025-12-25 00:00:00+00:00,0.008217937448651555
2025-12-26 00:00:00+00:00,0.000982915298954135
2025-12-27 00:00:00+00:00,-0.0039277867791978095
2025-12-28 00:00:00+00:00,0.003689494526977618
2025-12-29 00:00:00+00:00,-0.0017232738608785434
2025-12-30 00:00:00+00:00,0.004386609253302437
2025-12-31 00:00:00+00:00,0.06188645245279063
2026-01-01 00:00:00+00:00,-0.004269441565981941
2026-01-02 00:00:00+00:00,-0.030182969574958675
2026-01-03 00:00:00+00:00,-0.0381131982800132
2026-01-04 00:00:00+00:00,-0.01921456074155118
2026-01-05 00:00:00+00:00,0.011979774688825965
2026-01-06 00:00:00+00:00,0.02885293511787759
2026-01-07 00:00:00+00:00,-0.017961903873397137
2026-01-08 00:00:00+00:00,0.0235534999999216
2026-01-09 00:00:00+00:00,-0.0019379088452551759
2026-01-10 00:00:00+00:00,0.025608047884840085
2026-01-11 00:00:00+00:00,0.02958424926664811
2026-01-12 00:00:00+00:00,0.02423624610579037
2026-01-13 00:00:00+00:00,-0.0005819336388628798
2026-01-14 00:00:00+00:00,0.02861226324318226
2026-01-15 00:00:00+00:00,0.01952485002100361
2026-01-16 00:00:00+00:00,-0.013643804834893533
2026-01-17 00:00:00+00:00,-0.0167057800146765
2026-01-18 00:00:00+00:00,0.03370041077552492
2026-01-19 00:00:00+00:00,-0.004370266291564013
2026-01-20 00:00:00+00:00,-0.005497765261561984
2026-01-21 00:00:00+00:00,0.018768960428607005
2026-01-22 00:00:00+00:00,0.052296605549484766
2026-01-23 00:00:00+00:00,-0.02176026877286042
2026-01-24 00:00:00+00:00,0.025140239157063447
2026-01-25 00:00:00+00:00,0.012489958126146923
2026-01-26 00:00:00+00:00,0.007254764954961599
2026-01-27 00:00:00+00:00,0.010849124562061692
2026-01-28 00:00:00+00:00,0.03184320568517729
2026-01-29 00:00:00+00:00,0.018394097532756153
2026-01-30 00:00:00+00:00,-0.02472279717526807
2026-01-31 00:00:00+00:00,0.03205312447673398
2026-02-01 00:00:00+00:00,0.00827774951741392
2026-02-02 00:00:00+00:00,0.0008610689118974771
2026-02-03 00:00:00+00:00,0.029860042298566307
2026-02-04 00:00:00+00:00,0.024290570219119723
2026-02-05 00:00:00+00:00,0.08892676764834109
2026-02-06 00:00:00+00:00,-0.05395013023201722
2026-02-07 00:00:00+00:00,0.010976113919948256
2026-02-08 00:00:00+00:00,0.002294596501137735
2026-02-09 00:00:00+00:00,0.0008416369810341013
2026-02-10 00:00:00+00:00,0.018467663772914686
2026-02-11 00:00:00+00:00,0.0162189216582933
2026-02-12 00:00:00+00:00,0.0034573984689989473
2026-02-13 00:00:00+00:00,-0.0012193440952437023
2026-02-14 00:00:00+00:00,-0.03135479215011058
2026-02-15 00:00:00+00:00,0.02757331323276629
2026-02-16 00:00:00+00:00,-0.007175889861027563
2026-02-17 00:00:00+00:00,0.00429187218921181
2026-02-18 00:00:00+00:00,-0.00032578710688185207
2026-02-19 00:00:00+00:00,0.007237397414733554
2026-02-20 00:00:00+00:00,-0.010171237148947502
2026-02-21 00:00:00+00:00,-0.008307625561772945
2026-02-22 00:00:00+00:00,0.02056082167985504
2026-02-23 00:00:00+00:00,0.020516936221390728
2026-02-24 00:00:00+00:00,-0.005589768691039589
2026-02-25 00:00:00+00:00,-0.06895723410710898
2026-02-26 00:00:00+00:00,0.005353872330413695
2026-02-27 00:00:00+00:00,0.002552669100073129
2026-02-28 00:00:00+00:00,0.005564791794890814
2026-03-01 00:00:00+00:00,0.01806041823214232
2026-03-02 00:00:00+00:00,-0.006282665903489842
2026-03-03 00:00:00+00:00,-0.009201472706076222
2026-03-04 00:00:00+00:00,-0.020397212526544476
2026-03-05 00:00:00+00:00,0.00818584160623412
2026-03-06 00:00:00+00:00,0.012639992812149899
2026-03-07 00:00:00+00:00,0.013898877811440702
2026-03-08 00:00:00+00:00,0.004385604876743672
2026-03-09 00:00:00+00:00,-0.010129990276804769
2026-03-10 00:00:00+00:00,-0.008598663781255903
2026-03-11 00:00:00+00:00,-0.005713364752930685
2026-03-12 00:00:00+00:00,-0.016136117952612977
2026-03-13 00:00:00+00:00,-0.058364383630081396
2026-03-14 00:00:00+00:00,-0.0005539591967074005
2026-03-15 00:00:00+00:00,-0.013281232313781362
2026-03-16 00:00:00+00:00,-0.0586176906882429
2026-03-17 00:00:00+00:00,0.02716612959567073
2026-03-18 00:00:00+00:00,0.04368593675447587
2026-03-19 00:00:00+00:00,0.008692399732797932
2026-03-20 00:00:00+00:00,-0.0035703097985853357
2026-03-21 00:00:00+00:00,0.02299498949006183
2026-03-22 00:00:00+00:00,0.07474137099305911
2026-03-23 00:00:00+00:00,-0.044087956980946794
2026-03-24 00:00:00+00:00,-0.03197513052363538
2026-03-25 00:00:00+00:00,0.03255958177684624
2026-03-26 00:00:00+00:00,0.005222659670117421
2026-03-27 00:00:00+00:00,-0.016174762948666658
2026-03-28 00:00:00+00:00,0.032032717355265965
2026-03-29 00:00:00+00:00,0.004525148973456431
2026-03-30 00:00:00+00:00,-0.007428397905913689
2026-03-31 00:00:00+00:00,-0.029481410212655833
2026-04-01 00:00:00+00:00,-0.016027271850202602
2026-04-02 00:00:00+00:00,0.015855523135579908
2026-04-03 00:00:00+00:00,0.0014196605567561007
2026-04-04 00:00:00+00:00,-0.03260608385294427
2026-04-05 00:00:00+00:00,0.005269652283216452
2026-04-06 00:00:00+00:00,0.005519158849334985
2026-04-07 00:00:00+00:00,-0.015192909162591452
2026-04-08 00:00:00+00:00,0.013337853478003123
2026-04-09 00:00:00+00:00,0.002404079696441246
2026-04-10 00:00:00+00:00,0.016249665974337524
2026-04-11 00:00:00+00:00,0.006743490256837505
2026-04-12 00:00:00+00:00,0.019875551946863974
2026-04-13 00:00:00+00:00,-0.006784057021254861
2026-04-14 00:00:00+00:00,0.02793031315875488
2026-04-15 00:00:00+00:00,0.0021072122870672747
2026-04-16 00:00:00+00:00,-0.0034089415917313492
2026-04-17 00:00:00+00:00,-0.0036640655752601383
2026-04-18 00:00:00+00:00,0.020847380743666776
2026-04-19 00:00:00+00:00,-0.006442757485749268
2026-04-20 00:00:00+00:00,0.006357954141627069
2026-04-21 00:00:00+00:00,0.010331925169752622
2026-04-22 00:00:00+00:00,-0.024981031847630522
2026-04-23 00:00:00+00:00,0.01779800151403942
2026-04-24 00:00:00+00:00,-0.0059874385574976196
2026-04-25 00:00:00+00:00,-0.0003786394730072115
2026-04-26 00:00:00+00:00,0.0009644926235923158
2026-04-27 00:00:00+00:00,-0.004480744611231489
2026-04-28 00:00:00+00:00,-0.00356865588253195
2026-04-29 00:00:00+00:00,0.0235194189254403
2026-04-30 00:00:00+00:00,0.028656939165697694
2026-05-01 00:00:00+00:00,0.059903735227858454
2026-05-02 00:00:00+00:00,0.04958831200750494
2026-05-03 00:00:00+00:00,0.0019042948579988033
2026-05-04 00:00:00+00:00,0.010470428706520327
2026-05-05 00:00:00+00:00,0.023247360000991566
2026-05-06 00:00:00+00:00,0.012108972973357666
2026-05-07 00:00:00+00:00,-0.03021472435237934
2026-05-08 00:00:00+00:00,0.0022867569154094215
2026-05-09 00:00:00+00:00,-0.0007454133207472507
2026-05-10 00:00:00+00:00,0.0034521132909251574
2026-05-11 00:00:00+00:00,-0.0020646839978622974
2026-05-12 00:00:00+00:00,-0.01452427491085901
2026-05-13 00:00:00+00:00,0.005875001682969361
2026-05-14 00:00:00+00:00,0.006663122035214092
2026-05-15 00:00:00+00:00,-0.015484324768965186
2026-05-16 00:00:00+00:00,-0.01169374432448266
2026-05-17 00:00:00+00:00,0.0004028384631930783
2026-05-18 00:00:00+00:00,0.004502416870769008
2026-05-19 00:00:00+00:00,-0.003779194307967701
2026-05-20 00:00:00+00:00,-0.008786120002846266
2026-05-21 00:00:00+00:00,0.009295624339683596
2026-05-22 00:00:00+00:00,-0.0010002799579206863
2026-05-23 00:00:00+00:00,0.004413541030856304
2026-05-24 00:00:00+00:00,0.012768719505969374
2026-05-25 00:00:00+00:00,0.0010133218523831864
2026-05-26 00:00:00+00:00,0.01036739646246392
2026-05-27 00:00:00+00:00,-0.009912509344425337
2026-05-28 00:00:00+00:00,-0.03328056439033041
2026-05-29 00:00:00+00:00,0.007236924305765741
2026-05-30 00:00:00+00:00,0.004824867029906094
2026-05-31 00:00:00+00:00,0.018546806368746668
2026-06-01 00:00:00+00:00,-0.003302023586791403
2026-06-02 00:00:00+00:00,0.07172672182661238
2026-06-03 00:00:00+00:00,-0.02986502336519445
2026-06-04 00:00:00+00:00,0.037026350430134594
2026-06-05 00:00:00+00:00,0.08949464601519519
2026-06-06 00:00:00+00:00,0.05819792456712247
2026-06-07 00:00:00+00:00,-0.028602302052025564
