date,oi,oi_value,toptrader_acc_ls,toptrader_pos_ls,global_acc_ls,taker_ls
2023-05-05,6708575344.64045,22747875.865049064,1.313565842542973,0.9608771171426967,1.4513883318624416,1.0187257306696629
2023-05-06,12986792191.600695,37523458.52984035,1.5631342986264485,1.0525132070055556,1.4971837784514128,1.0098469895468751
2023-05-07,16738121111.54861,45391793.777721144,1.3163733250815604,0.9494994522604165,1.3806620112760422,1.0370496471746526
2023-05-08,21393539498.40972,46077915.1889575,1.9574394067680834,0.9587775221361111,1.7969523236481697,1.0111916444565974
2023-05-09,24040704797.24653,46275811.873552114,1.4960494388109151,0.9276985119822917,1.5298722661634345,1.0510891585694444
2023-05-10,23377803652.09375,44867763.021445036,1.617387329114977,0.968441835015625,1.6992193079098883,1.043639458264236
2023-05-11,32453474988.25347,51200926.5784985,2.1451906441229536,0.9598223031892361,1.968003402196833,1.0163284516125
2023-05-12,40375443123.451385,52339340.118766755,1.4377964242371843,0.9836751202913194,1.3920400921824223,1.0270525957166667
2023-05-13,35417139166.0625,63041099.82687744,0.9527161379714061,1.0003054857277778,1.0129135990880564,1.0363056402722224
2023-05-14,40212265729.861115,73656857.60479972,0.8794009384400054,0.9817176440746527,0.9143120205056512,1.034452547273611
2023-05-15,38354018037.78472,64964103.68700867,1.2695082547827348,0.9674003585586806,1.3116195616190878,1.0290623434097224
2023-05-16,39286840077.36806,66512612.937934436,1.395758537354425,0.9268396163434028,1.5442219362997402,1.0165393226819444
2023-05-17,43612125369.263885,69241996.28166443,1.8043137374319573,0.9331640849145832,1.8960417936150984,1.0138348451746528
2023-05-18,39213602814.81944,61661272.829694934,1.7741918686666303,0.934750872178125,1.8363284031098703,1.0185771044114584
2023-05-19,43982014872.197914,67027431.591907315,2.141254784605361,0.924364792565625,2.2543298937444125,1.0062674205947917
2023-05-20,46690235362.15278,75026245.71977648,1.630521953520759,0.9407325389836806,1.7804020480009615,1.03522030129375
2023-05-21,42610177832.135414,71255569.17860074,1.4137880759223922,0.9822202319815972,1.4386028036765452,1.0319346903152777
2023-05-22,43549833245.010414,67610002.8704221,2.26448366591638,0.9669111775416668,2.4243629084362497,1.0182998755072916
2023-05-23,41561576066.645836,65939712.896488875,2.0290599942594496,0.9488989102357639,2.360697119168732,1.024716007017361
2023-05-24,40289548719.520836,59575235.709301,2.64343506198835,0.9776512680850694,2.70544711428441,1.004371514585764
2023-05-25,34681765395.642365,49291675.47973698,2.622458150564984,0.9744931054659722,2.751509086915608,1.0393673926819444
2023-05-26,37443651572.520836,54087751.06819849,2.3136826556654015,0.9358498388048611,2.4464379943533907,1.0455258426121528
2023-05-27,39192134204.99653,58322209.15400335,2.015253797064739,0.9567163106256944,2.170189766018196,1.0360783713989583
2023-05-28,38221448517.375,56465858.65736874,2.42825603733895,0.9535991347666667,2.5291835788993025,1.0662154645395834
2023-05-29,37938076416.677086,55070858.07519126,2.836408986384855,0.9559798115027777,3.009309043384434,1.026661492195139
2023-05-30,38162490590.41319,52159063.91637656,3.2511100455290034,0.9199009648631945,3.3825547926787185,1.0433770240267362
2023-05-31,37318341639.86806,46726859.96853438,3.1302509704768653,0.9196945239447918,3.1245334127509734,1.0488315259670138
2023-06-01,36299980282.673615,45939207.99490301,3.1149249564756336,0.9170222700461805,3.4055539790449694,1.0351600424350693
2023-06-02,36408496439.076385,45972749.36258416,3.3123880848620235,0.9090013092697917,3.6924981837951205,1.0624210921302084
2023-06-03,36847100701.541664,47786183.63683767,3.275091381065183,0.9273836038743055,3.508685928428788,1.054338356484375
2023-06-04,37074811619.97569,46988282.98148041,3.3834891758439007,0.93117964936875,3.5896786607103035,1.0595529437173612
2023-06-05,38137455487.60069,43250814.327639215,3.4750663887895263,0.9700440339600694,3.5918506823139373,1.0379609818565971
2023-06-06,40173380104.44444,43658444.00683293,2.7566760652109927,1.0575471537704861,3.0280752614765993,1.057708621751389
2023-06-07,42573127564.72222,47796712.77149429,2.107549370011512,1.162138094945139,1.9675661371092674,1.032230549001389
2023-06-08,40054758312.34722,43380495.492229514,2.3465419343632727,1.0903501530364583,2.5522359380816564,1.056612117667361
2023-06-09,43903595103.201385,49633071.580478944,1.9578391158561546,1.0934109693041667,2.08899051239705,1.0442955180524305
2023-06-10,33324973141.81597,32077565.388267603,2.3832855122873067,1.0715772762114584,2.480692397280583,1.0254855237576388
2023-06-11,33051944479.03125,30541161.06357948,2.5257833226622983,1.069516748739236,2.9071933076970513,1.0393561245614584
2023-06-12,33994375996.09722,30627054.38665202,2.4724495373649438,1.1067930061086804,2.7376409049650965,1.019362344825
2023-06-13,36822596298.076385,33881351.32783287,2.5113184282227836,1.097240608737153,2.878777365845144,1.0521631009253474
2023-06-14,38472221134.93056,35423004.957662754,2.528274221317,1.0938285789128472,2.9207460789845707,1.0028058469375
2023-06-15,39407297679.99306,34280159.34348628,2.6917717241505823,1.1035491608881944,3.020874024202967,1.0301393747864585
2023-06-16,44190773308.951385,41248691.531265214,1.9102795268636532,1.0909035413444446,2.087435606133688,1.0425761245493055
2023-06-17,46185755941.892365,45843850.670923255,1.6195470062561526,1.0976176921732639,1.7460417571648443,1.0368490483663195
2023-06-18,44517537550.14931,43358565.989311114,1.8894296374680184,1.1045923856340278,1.9813565699165874,1.0314292352149306
2023-06-19,40941568230.427086,38267036.89927658,2.224311759778161,1.09420222523125,2.4706818336905365,1.0598653671319445
2023-06-20,37156643578.88194,35151860.13835489,2.2597346898518405,1.1198816057652778,2.469891346381191,1.0466502596694445
2023-06-21,46285651055.8125,54804706.87075006,1.4345324198162215,1.113964809795139,1.4669271578168879,1.0206703691545138
2023-06-22,55736476154.138885,85288107.52362753,0.7897983873993335,1.0979371289819444,0.7656321631154309,1.0124684742840278
2023-06-23,54357053132.80903,86128163.21910167,0.7000240074609017,1.0705047983298612,0.705390681923288,1.011528306651389
2023-06-24,47311352498.329865,76205728.46089809,0.8423445099349496,1.0410452817239584,0.8406733894402643,1.0254042215277779
2023-06-25,45721501330.12847,72923227.20337258,0.8802700568229525,1.0291851816152777,0.94099609877614,1.0407112116256945
2023-06-26,47929196282.701385,73998048.63607651,0.9494878310907571,1.0176234972173612,1.0157780088853083,1.032060713223264
2023-06-27,49438449118.68403,78688734.45908865,0.9048279141861187,1.0368755617270833,1.039483533176564,1.0288165548885417
2023-06-28,42502965075.40278,64262065.09422823,1.0762160406330041,1.0462698494847222,1.1949634700645932,1.0549758095548611
2023-06-29,46475658660.05556,69665694.20566928,0.9441187765261362,1.0501140511559026,1.1426627245403076,1.0501285107315974
2023-06-30,46099572223.65278,74240735.51179178,0.8925503302233486,1.070807153515625,1.035677665839239,1.0277521133524306
2023-07-01,39951508819.583336,62574550.52749034,1.2316925224440272,1.0598070502027777,1.347260200757816,1.0557236026170138
2023-07-02,38572427527.732635,59637445.38814444,1.2765311241792698,1.0813810344024306,1.4488529232016263,1.0246582394604167
2023-07-03,46835246888.87847,81434686.35469675,0.905216727681124,1.0608930137409722,0.9989995626905814,1.0200383959663195
2023-07-04,44042830352.3125,77194009.09706813,0.9717575229182768,1.018198789604514,1.0268877458498582,1.0159816742322918
2023-07-05,38654460400.43403,64957177.83621875,1.1618847215477013,0.9910020024652777,1.3193992355098358,1.0257903041836807
2023-07-06,36694688439.395836,60585662.30699629,1.2094054814207105,0.9627233810822917,1.4347596624443244,1.0344181554618055
2023-07-07,34127226283.71875,53135232.970490985,1.3807698907937729,0.9682147088458333,1.7778458475155499,1.040149782334375
2023-07-08,34937965770.770836,54291854.529926196,1.4353145171889758,0.9777223351940972,1.8601976170553687,1.0299283769020835
2023-07-09,35204390685.37847,54842003.852169305,1.3555957486207018,0.9841862876951389,1.7117805072604115,0.9917944561850695
2023-07-10,34841365027.6875,52023702.85323236,1.5022640941666667,1.0337626619444444,1.8503773772222223,1.0209913913541666
2023-07-11,33190873669.979168,49984700.83973037,1.4062192069444446,1.0493461120833334,1.7659177087152778,1.0632634784027777
2023-07-12,33474866704.802082,50982612.705350585,1.3669750302430554,1.0342245282291667,1.7180757782291667,1.0514221796527776
2023-07-13,35262206063.93403,54681477.010018036,1.383267417986111,1.0758779525347224,1.7321759205902778,1.0195780627430555
2023-07-14,43941184629.3125,75823502.56588891,0.9833990434722222,1.1346147683333332,1.0180443453819443,1.0365140465972222
2023-07-15,37537896340.10069,62066043.042275175,1.1525359237500001,1.1456472987847224,1.307858327048611,1.0251493503125
2023-07-16,34744698151.44097,56195811.93866499,1.3054769502777779,1.1539434265972224,1.5167216994444446,1.0048542069791668
2023-07-17,32537762587.072918,50608333.656471595,1.5344544780555556,1.1065182671527778,1.8699494522916664,0.9948641193055556
2023-07-18,33286397876.024307,50986287.284418456,1.5231089809722222,1.0827457912847223,1.7983365997916667,1.0092548348958335
2023-07-19,32727911146.28472,50512686.189518504,1.4280490655902778,1.0290633809027776,1.7451006297222222,1.025447585763889
2023-07-20,33583475804.944443,51404673.73303612,1.6136465894791667,1.063944085486111,2.0184378202083333,1.0501197046180557
2023-07-21,34092562874.854168,51597441.04224201,1.7614184201736112,1.0782427734722222,2.1926145252430556,1.0273475405208332
2023-07-22,33510861209.0,51021946.570121646,1.6996029729513888,1.0944271223263888,2.0490343158680555,1.0097262901388888
2023-07-23,34269934636.333332,51391868.034230016,1.9256502955208334,1.0828726771875,2.3819578510069443,1.0654612838194444
2023-07-24,31965706622.010418,44883447.89335851,1.9755653166666667,1.0694293459027777,2.2929858420833336,1.0262926225694444
2023-07-25,30706734571.243057,40569190.32057692,1.9197104377777778,1.0372823043750001,2.3335170722222225,1.053216150173611
2023-07-26,31804796032.65972,40760368.595087744,1.9090255979513888,1.0958440887847223,2.3056624679166666,1.0447304679166667
2023-07-27,31796383677.71528,43279183.25121175,1.5321009778125,1.0435471225694444,1.7852875140625,1.0360632126041667
2023-07-28,31648775551.59028,42309486.11931447,1.6625617921180555,1.0187512257638889,1.9406374686458332,1.0448123506944444
2023-07-29,30616746306.28125,41007398.444136254,1.8729625302430557,0.9929890440972221,2.2346862915625,1.0333689233680556
2023-07-30,31099805277.09028,41104981.25557789,2.172430297708333,0.9884132966666667,2.5247329018749998,1.0586893786805556
2023-07-31,32620262227.625,41587256.32522001,2.3046414395833335,1.0245281259374999,2.7155257048958337,1.0548813195138889
2023-08-01,33478678440.413193,41293002.37400641,2.444144091111111,1.0374298019444443,2.9348730146180557,1.0315986509722221
2023-08-02,32602508026.927082,40866552.398705825,2.394246492048611,1.067323432013889,2.6493967379861108,1.0027536064583333
2023-08-03,33820912402.32639,41089348.77747284,2.6169584768055554,1.032318736215278,3.1427170155555557,0.9995764516319444
2023-08-04,35351265353.142365,42332090.233506,2.717894176701389,1.0407277782638888,3.4526455622916665,1.0104737837847222
2023-08-05,36692939038.81597,41961257.23093107,2.9126028374305557,1.0624076334027779,3.5966500642361114,1.0577983696180555
2023-08-06,36546331322.68056,42258512.29811139,2.8907851306597223,1.073175049375,3.5001151921875,1.050088301875
2023-08-07,35344179938.24653,40309633.31702617,3.1637192856944445,1.087727152013889,3.8018369477430554,1.0177779586458333
2023-08-08,35414923048.15278,40366339.5777916,2.8633026540277777,1.0896591691319444,3.4206747439930556,1.0412377412152778
2023-08-09,41379016483.423615,50803854.4227851,1.9338736119163762,1.0764187255400697,2.097899181567944,1.024030843576389
2023-08-10,38632487078.37153,47778399.747202456,1.898450012465278,1.091080935486111,2.043899535,1.0124242733680555
2023-08-11,36860846390.270836,45868023.40301515,1.9206067649999998,1.0641874295833333,2.0482364352777775,1.0332107896875
2023-08-12,40449171603.94444,53502493.93772079,1.4865685629861112,1.0479658877430555,1.5701887023958332,1.0369413837500001
2023-08-13,44351007797.739586,60997662.528190084,1.3029729817708333,1.0529742469444445,1.3361869313194445,1.0540907459027777
2023-08-14,43786883199.94097,60963193.83949745,1.2459079974305556,1.0730102818055556,1.3099952772916668,1.0666093589236112
2023-08-15,39835029875.62153,53828206.88683696,1.4868575149305556,1.0663875437847221,1.5958883986805557,1.0484570685416665
2023-08-16,33650140150.819443,41492218.29766003,1.8801418823958334,1.0917595470833334,2.124211654305556,1.0659721414583334
2023-08-17,31514003684.475693,37038618.11260334,2.0509222580555555,1.0709027901736112,2.397402195972222,1.030637949201389
2023-08-18,28384917753.65972,30845292.995582514,1.9202753961458332,1.0462689473263889,2.3040260849305554,1.0025271045833335
2023-08-19,29010422986.024307,32181799.240449682,2.0115075835069445,1.0744569909027777,2.433168629513889,1.0505638617361113
2023-08-20,29114430250.256943,32716531.429287717,2.0345677174652774,1.0634670927083334,2.4502110260069445,1.0599205921180554
2023-08-21,27746621871.53472,30483316.137625292,1.9720823090625,1.059332390763889,2.2951715393055556,1.0533731709722223
2023-08-22,26679960072.65625,28446014.395899273,2.0594714615625,1.0575310469791668,2.3303024813194444,1.0398673552083333
2023-08-23,27056436962.79514,29228588.903273266,2.0948710140625,1.0865100459027779,2.405807335625,1.0468489096527778
2023-08-24,28858798433.322918,30531509.147748265,2.183840368715278,1.1507991358680556,2.521544326076389,1.0970226519444444
2023-08-25,48612091498.767365,43064727.86498082,2.2285900247916666,0.9901891050347221,2.6321719955555554,1.0159420276041666
2023-08-26,55697711252.59375,49266375.72531072,2.0758098635416666,0.9513559595138888,2.472598594722222,1.0452635552430556
2023-08-27,56916274710.81944,50760368.253567494,1.9439612135069444,0.9502347290277778,2.392815100902778,1.0321328271527779
2023-08-28,49318738569.58681,43084194.000021726,2.1870545416319445,1.0114989458333334,2.644536372222222,1.0496774240277778
2023-08-29,46810084458.888885,40208243.54170254,2.1887902396180556,1.0202408738194444,2.6092787057291664,1.0273150493055556
2023-08-30,39725834316.326385,34830637.6952327,2.1191641978819447,1.064814750763889,2.3653856781944445,1.0526022377430555
2023-08-31,38740497026.77431,32585025.549644735,2.3407909406250003,1.0648672116666666,2.7509372005902777,1.0692583951041668
2023-09-01,39841003564.60069,31898982.466359273,2.443451187986111,1.019135282326389,3.030832961215278,1.035280660451389
2023-09-02,39718371332.958336,31162480.457066894,2.5205047861805556,0.9971255321875001,3.1587799762152775,1.0888299352083335
2023-09-03,38112267199.81597,29974436.11746686,2.602833712951389,1.0088120575694444,3.2100192195486112,1.1150466441666667
2023-09-04,34035086852.12153,27297110.857040446,2.5932801909375,1.0382926041319445,3.2486808763194444,1.0406211469791666
2023-09-05,33574689973.03125,26801514.896654796,2.6554595677777777,1.0345470797222223,3.2918872754861113,1.0543663042013889
2023-09-06,34145342839.708332,27074167.290917374,2.8441713410416667,1.053268998923611,3.4995448977777777,1.0496070406944444
2023-09-07,34900162468.68403,27823487.75946922,2.811705685798611,1.057513285173611,3.3940265696180556,1.0276906187152777
2023-09-08,35614550878.135414,28330168.79499831,2.8543352627430556,1.0665336494791666,3.4628893388541666,1.12280535375
2023-09-09,36084319302.87847,28407194.795088667,2.963136335034722,1.0587618154166667,3.6706316851736114,1.1514179790277776
2023-09-10,35082815093.0,25537705.448617674,2.7705553878124998,1.0610899334027777,3.2588215966666665,1.0428217252430556
2023-09-11,36677890397.923615,24931913.782257125,2.439150283888889,1.0731156605902779,2.8733750141319443,1.0387466836111112
2023-09-12,34076650782.835087,23175600.871330395,2.401839094245614,1.0669656724912282,2.8929098892982457,1.048135238877193
2023-09-13,34507010918.635414,23191808.43657437,2.4765809022222225,1.0793489001041667,3.0278981888541665,1.0625219578819445
2023-09-14,34527433950.170135,23515272.897190664,2.5735530060416667,1.0811133019444443,3.0927291639583334,1.0310754927777779
2023-09-15,34751891719.704865,23378587.71672137,2.7986103188541667,1.076870503298611,3.306045023368055,1.0498408986458334
2023-09-16,35685995757.84028,24272416.722187676,3.1110970525,1.1049015152430557,3.577825561875,1.0510105164583332
2023-09-17,35742500839.90972,23392581.142232582,3.0256613838194446,1.1047181082638888,3.5430200689930555,1.0695477808333334
2023-09-18,35335400378.96875,22417731.034269955,2.5377466942708335,1.0692947883333332,3.018814695416667,1.0067551660069443
2023-09-19,34872524158.197914,22251024.669085424,2.583705384548611,1.0823532021180555,3.0198638312152775,1.0928531796180556
2023-09-20,36557936467.13194,23015151.951819126,2.8266647914930556,1.0948459066666667,3.2493043561458332,1.0628458863541668
2023-09-21,37801938138.170135,23443224.31659629,2.824080335659722,1.1087553859722223,3.3111925568055556,1.0407503261805555
2023-09-22,43884444543.677086,28917762.356243156,2.434468086875,1.073702232534722,2.8598280441319446,1.123258072638889
2023-09-23,50518106939.28819,34729555.156749144,1.8632339089930556,1.0861451215972222,1.7774849359722222,1.0681747229166667
2023-09-24,47424328817.05903,32075918.28045161,2.0885202950694444,1.0785518163541665,2.100033713611111,1.0792999671180556
2023-09-25,48751159579.94097,33891413.4735996,2.1160457039930556,1.0850416547916666,2.2895869171875,1.0821068379166665
2023-09-26,50083515958.22569,35230727.824388325,2.367458244340278,1.1325715473263889,2.4278979279166664,1.0165154934374998
2023-09-27,47366685544.642365,34130329.9430903,2.1778053769791668,1.1275039818055557,2.3101701429861112,1.0940875272916668
2023-09-28,46219090633.08681,33691933.88706644,2.258428939722222,1.125346048611111,2.408555930659722,1.0438777943055557
2023-09-29,46225533562.454865,36100279.050280586,1.8683218927430556,1.1252195849305555,1.8533194894097222,1.043551191111111
2023-09-30,44657752625.90625,35213060.31435796,1.94897869375,1.1434504232291667,1.99661077125,1.0304979983333333
2023-10-01,43599692741.00347,34562682.841827855,2.118092674826389,1.1512351216319443,2.172024224548611,1.0805698960416668
2023-10-02,39837770346.96875,31694908.656771973,2.2256335293055556,1.1452758815625002,2.256071822465278,1.04643133625
2023-10-03,36731396437.88194,27023708.614150982,2.313247245034722,1.0916662894444444,2.414742059201389,1.0174287326041667
2023-10-04,34582690129.739586,24687268.75699474,2.3552228077777775,1.0630493621180555,2.622625448402778,1.1262296922569446
2023-10-05,35186158906.71528,25072948.92675437,2.4227944960416665,1.0980710521180557,2.707140355104167,1.0308585257638887
2023-10-06,34454540623.201385,24494240.06504757,2.4047454309375,1.0781984705208334,2.8121729166666665,1.0709380604166665
2023-10-07,33375698332.14236,23801475.718501102,2.6260650777777776,1.1144824738194443,2.8766307906249997,1.0779052384027779
2023-10-08,33761076673.333332,23798079.249724567,2.5824620796875,1.1042529279513889,2.974093093368056,1.0548218369097222
2023-10-09,31994941519.291668,21759194.860853005,2.7248341742361113,1.1061662556944443,3.087819587291667,1.1031338625694445
2023-10-10,31405998119.413193,20672453.071647074,2.6867253856944444,1.075073786736111,3.111871855590278,1.1297719763888887
2023-10-11,32703169150.69097,20920523.35359106,2.7523513924305556,1.067960656423611,3.243651066527778,1.092288494236111
2023-10-12,34014664943.85764,21386703.8923345,2.834021091736111,1.0780051151388887,3.3320318986111115,1.1482615431597223
2023-10-13,35115979041.90278,22337432.815166786,2.7597119913541666,1.1040026105208334,3.3077384384375,1.0714132853472222
2023-10-14,34745251584.46181,22433762.60857418,2.8396615785763886,1.1294591162499998,3.3311264883333336,1.1912661470486112
2023-10-15,33919586237.239582,22442775.162307516,2.757622468576389,1.1196720708333334,3.184286325451389,1.0281354012500001
2023-10-16,34253540609.65625,23187895.08809276,2.750552836076389,1.1300701427430555,3.163641247534722,1.0258096315624998
2023-10-17,32402252198.177082,21271550.463332135,2.945024513263889,1.1400077338194443,3.3476096865277776,1.0068783574652778
2023-10-18,33047504191.56597,20944299.153238516,2.702774445173611,1.1103246643055555,3.0394772499305556,1.0719127995138888
2023-10-19,32054088399.96875,20140062.83519109,2.7928131869791666,1.0811622967361112,3.362439248611111,1.13683568625
2023-10-20,32571341155.20486,21059199.242656723,2.6761704942013886,1.087499299201389,3.366381428854167,1.120617825763889
2023-10-21,34999891215.951385,23839503.90049233,2.604768291458333,1.1159322568402779,3.219171778611111,1.0776571195138889
2023-10-22,36046122543.34722,25793148.253116492,2.3750566108333335,1.1259652200347223,2.704212624965278,1.0300599025694444
2023-10-23,35249509678.045135,26706385.5170864,2.2646423877430557,1.1577301235069444,2.5187181014930555,1.0169228818055556
2023-10-24,35770630162.5,34175788.640455455,1.8173332503472222,1.1665902427083334,1.6186880344097223,1.0043161778472223
2023-10-25,38569813455.979164,41496502.205204,1.4629965593055556,1.0674374414583334,1.4058901229861112,1.0347309927083335
2023-10-26,41160248425.15972,50141857.557697676,1.260458363263889,1.0825365343402777,1.1492859149305557,1.0039085027083334
2023-10-27,38985545817.125,46524075.51516015,1.5248979605555555,1.114519775625,1.3895826944097223,1.0174834003819444
2023-10-28,37909052988.90278,44981643.49615809,1.440854053125,1.0854604633680556,1.4246087458680554,1.021219761597222
2023-10-29,37208923772.982635,42461300.84089121,1.5397812836458333,1.0830754787499999,1.6796576470833333,1.0715054850694445
2023-10-30,39167427550.704865,46058825.580705,1.6976670059027779,1.0861628560416667,1.9226611920833332,1.0005962670486113
2023-10-31,37357423466.03472,43451686.59438418,1.725476897638889,1.1286024319444445,1.8461792531597223,0.9810626054513888
2023-11-01,36051987681.71875,41198203.06575485,1.6077535287152778,1.136558553125,1.7589503648611111,1.0066553339930555
2023-11-02,37085872732.479164,42172746.97289857,1.7095746932291667,1.1550363335416667,1.9479586778472222,1.0260189502083332
2023-11-03,36518944762.77431,38975545.97658748,1.686806063298611,1.08866719125,1.969905756423611,1.0197010619097222
2023-11-04,36139010109.204865,39648365.863576256,1.6074462329513888,1.1024176172916667,1.8611385428125,1.0160990006250001
2023-11-05,34702825207.520836,38849227.5293067,1.608826958611111,1.1447537116319444,1.819553903402778,1.020963974513889
2023-11-06,36305440984.22222,42271866.348418355,1.6231237678125001,1.1778523395833334,1.868168068125,1.0336534730902778
2023-11-07,35733131564.47222,41304245.60407291,1.9685207381944443,1.2096392522222221,2.213331204409722,0.9876943351736112
2023-11-08,33538208775.899307,39127664.115925595,1.8744020519791667,1.182199167986111,2.0994935844444442,1.0737731807291668
2023-11-09,34937526013.31944,45095124.14012951,1.8324566825,1.1865055260416666,1.9878597479513889,1.0127186090277778
2023-11-10,31082465442.69097,40622149.77725044,2.0089896587847225,1.2970144035763889,2.0304892780555557,1.0042436047222223
2023-11-11,29570251949.89236,38465584.92460067,2.3124693009059234,1.306078329512195,2.2155512314634147,1.0079370660069444
2023-11-12,30514036784.65972,37883902.808927625,2.437667271979167,1.329220627048611,2.865395217291667,1.021894473923611
2023-11-13,29524590455.38889,35580760.847043276,2.472973975520833,1.225248228125,3.056334437569445,1.0048788828819444
2023-11-14,27396488900.12847,31856700.687318206,2.2687155095138887,1.182998825798611,2.945345022013889,0.9957676476388888
2023-11-15,27126019378.96528,32478544.974669397,2.1314000963541666,1.1534723952430557,2.6156541717361113,1.0316508945833334
2023-11-16,29470152827.114582,35450990.30334501,2.2557977985069444,1.2463410216666668,2.625547396388889,1.253567763554007
2023-11-17,29172769174.055557,33439464.23489386,2.2817809262499997,1.184641670763889,3.064005930763889,0.9911777512847222
2023-11-18,28862192911.243057,32666109.52932677,2.337595829548611,1.190418055798611,2.95357164375,1.0216579848958334
2023-11-19,29146045263.649307,33227647.909026165,2.3563306377430555,1.1827348908333333,2.9186500463194442,1.0396702358333334
2023-11-20,28649804369.23611,34016754.77531825,2.2717740270212765,1.298231695070922,2.560164050602837,0.9958378688541667
2023-11-21,27659884984.975693,30642812.93814259,2.4812886475,1.2093214824652778,3.142938160347222,1.0189226252430557
2023-11-22,26559870097.92014,28814235.287221663,2.248201251215278,1.0882476020833334,3.023938997013889,1.0812792543055556
2023-11-23,26562502460.51389,29238875.843155086,2.481935141508772,1.1181955625614035,3.1128922754385964,1.0177289081944445
2023-11-24,28421933420.510418,31346309.52201946,2.4906571688194443,1.1298039415277779,3.116929477847222,1.0930061398263888
2023-11-25,29847578249.802082,33946095.824394315,2.552970395625,1.1482955957291667,3.0727600290625,1.0724057316666666
2023-11-26,30237010383.99653,34628391.80251544,2.735811145874126,1.2464507305244756,3.2121706257692306,1.031660760173611
2023-11-27,30152935853.68403,32545575.468711615,2.9390173306944445,1.1997776710416668,3.7310466176388886,1.0599791917013888
2023-11-28,30573380492.899307,33091415.21766003,2.750147037361111,1.1845273521180557,3.5717501905902775,0.9801542830208333
2023-11-29,30779481303.868057,33284257.860497866,2.915774035625,1.1919245541319445,3.666613584375,1.022028098125
2023-11-30,31215012797.430557,33406748.297830865,3.154545222326389,1.152616315173611,4.1215317350694445,1.1381238196874999
2023-12-01,30055284750.493057,33072462.418814447,3.0025797204513887,1.15529366125,3.7642408756944445,1.0308310069444444
2023-12-02,30749693211.961807,34910910.4801467,2.9816868768055556,1.181174077673611,3.5152742595833333,1.0905941140625002
2023-12-03,34886019460.62847,41749169.9206025,2.755513077222222,1.2539359156597223,3.123620449375,1.0338975406597222
2023-12-04,34805063875.9375,45796944.99551867,2.745941690277778,1.236791328611111,3.179847413958333,1.016149135451389
2023-12-05,35179395613.24653,52344866.26844035,2.725401547638889,1.2259065729861112,2.894619999583333,0.9802588789236112
2023-12-06,32495356211.53125,50900359.021692425,2.957427749270833,1.3247658461805556,3.0818231498958335,0.9913996682986111
2023-12-07,29668648298.02778,44477040.67584716,3.0241387042708334,1.2882787295486111,3.247362050243056,1.0560177877430557
2023-12-08,30096285435.76736,46332153.194243714,2.9503453989583335,1.2323591959722222,3.1751286159375,0.9874921978472222
2023-12-09,31973055860.260418,51679763.29890334,2.8157984173958335,1.2300867310416668,2.7538231329513887,1.0174280643055555
2023-12-10,28829555847.52778,44819472.58917722,2.964523993715278,1.216610087326389,3.1115262077777777,1.0428315642013888
2023-12-11,23729086098.61111,34247528.77070902,3.2394384915972223,1.2860756472569443,3.3996928447222223,1.034543575486111
2023-12-12,22861119665.65625,32163993.790508542,2.931006055277778,1.1493478415277778,3.2845230144444444,1.0270927451736112
2023-12-13,22214751962.70139,30333129.865768068,3.1139122362152776,1.123047936875,3.409998057673611,1.0401368870833334
2023-12-14,22489374171.54514,32137898.700307403,3.055733515,1.1438005455208333,3.2608703890625,0.9871280781944445
2023-12-15,22372025631.135418,31306448.40856929,3.3337044290277777,1.1981870021180556,3.6551137751736116,1.0728910279166666
2023-12-16,21790938657.90972,30546144.981967058,3.2958126190625,1.1152244601041668,3.681008542395833,1.0090219280555557
2023-12-17,21237687777.76389,29306865.39624382,3.681928879166667,1.1384442250347222,4.027175269375,1.0295280488541667
2023-12-18,20695602357.288193,26577909.709389314,3.878677305798611,1.1047264109027777,4.414176104166667,1.0629921016666666
2023-12-19,21401288692.71875,27664567.020336792,3.795298367986111,1.1243689121527778,4.271681226111111,0.9970318684027778
2023-12-20,22057892360.399307,28128058.14802995,3.929637473055555,1.126440132673611,4.5464171972916665,1.0592795561458332
2023-12-21,24087312366.791668,30551374.388561387,4.042656129965278,1.1637138507291667,4.708837333368056,1.0189076444444445
2023-12-22,31285756739.694443,44975425.09302983,3.153017794791667,1.3198838474305556,3.3958450507291666,1.0087374019791666
2023-12-23,33763436774.98611,49869397.53467557,2.9150938404166666,1.4220212698263888,2.8048506370833333,1.0452740898263888
2023-12-24,28965110241.947918,41167109.10285488,3.540704984340278,1.3136129362847222,3.8375969246180555,1.0251546299305554
2023-12-25,26793584365.10764,37518752.33070712,3.8115072245833335,1.264805665625,4.4151856658333335,0.9860943718055556
2023-12-26,24496340169.17361,33638002.528385825,4.307704499513889,1.3018871960069445,4.934119458541667,0.999872223888889
2023-12-27,24634719232.04514,34086647.82091676,3.993567538993056,1.256634328125,4.407017536805555,0.9989308100694445
2023-12-28,24904168363.135418,34908428.029597946,3.855546395416667,1.1960387687152778,4.116500669201389,1.0484565983680556
2023-12-29,24134225366.28125,32901079.604378197,4.011935111006945,1.2000512884722223,4.537430572152777,1.0180633062847222
2023-12-30,23972322904.489582,32065415.174452323,4.7358700187847225,1.1853430491319445,5.383764180833333,1.0282747034027777
2023-12-31,23594748093.14236,31381980.800994422,4.737847386944444,1.1630399748263889,5.4862581814930556,0.9938389690972222
2024-01-01,23785573388.21875,31543563.671293005,4.5107501298958335,1.1635403559375002,5.025810369999999,1.0617268366319446
2024-01-02,24447531690.083332,33936797.13663171,4.670336740868056,1.1734450478472223,4.658901645416666,1.0392179888194444
2024-01-03,23643859601.833332,30701363.021650594,4.545356867465277,1.1681333861805556,4.808923019652777,1.0037948165625
2024-01-04,22259516095.45486,27412157.352319323,4.363705322638889,1.1549098285763888,4.637325647222222,1.0082662566666667
2024-01-05,21554152830.87847,25985865.57516787,4.374026440381944,1.1507500006944444,4.540211237604167,1.0495949884375
2024-01-06,20566759400.45486,23750714.29635889,4.535048082743056,1.1368416412847222,4.898164305,1.0595546553819444
2024-01-07,20302487916.961807,23561298.79837343,4.3395610667361115,1.1373862639930554,4.761258310277778,1.0410128224305555
2024-01-08,19138897304.45486,21582294.453426946,3.710420825520833,1.1177400624305556,4.1736895659027775,1.022563800798611
2024-01-09,18789820967.916668,21821739.59724393,3.226928707881944,1.1184947001041667,3.473182970972222,1.060927445798611
2024-01-10,21707559481.48264,26519088.13019184,2.8990961046180552,1.055259401076389,3.2471333541666665,0.9939184803819443
2024-01-11,23488351696.274307,32470687.15158419,2.8838330607291667,1.1560296703819446,2.7735048605555557,1.0232638024999998
2024-01-12,22922638677.03125,30568464.778189316,3.4964980298263892,1.2143829739930556,3.486483115347222,1.016003796423611
2024-01-13,19281824868.104168,23786990.036335327,3.4575536144444445,1.2849070988541667,3.829363061736111,1.0615389408333333
2024-01-14,18584623881.21528,22964158.35539546,3.7094653307291665,1.2549461795486112,4.235044952430555,1.036865309375
2024-01-15,18686949056.083332,22856836.320657507,3.2797795052083334,1.259225536909722,3.9529807451388894,1.0362669362152779
2024-01-16,19278038299.024307,23580497.846650984,3.4022720558333335,1.2436825867708334,3.9659415062847225,1.0279873477430557
2024-01-17,19658330787.15972,24011838.860697817,3.6164867011458335,1.2045949038888888,3.999194629618055,1.0885659941319445
2024-01-18,19808807399.59722,23361216.973081287,3.471026193958333,1.1706195537152777,4.094617556111111,1.0224164578819446
2024-01-19,19097877099.48611,21504311.25071266,3.4087903280208334,1.1596550927777778,3.9221903641319447,1.0862202890277777
2024-01-20,18986845811.135418,21411503.780586757,3.5877913173611113,1.1648132278125,4.026807231875,1.0696866293402776
2024-01-21,19862465136.93403,22909619.988849152,3.7697103621875,1.1464196738194445,4.059294537118055,0.9872347658680556
2024-01-22,19472251878.38889,21247604.67855618,3.9529116215625004,1.1465513689930555,4.5155578034375,1.065588379201389
2024-01-23,19144332871.90625,19755446.34980076,3.7450994448958332,1.086016301736111,4.345514588472223,1.069697201736111
2024-01-24,18785435453.461807,19518477.599319298,3.5483740257291667,1.0263965560416668,3.807650778263889,1.0403771735416667
2024-01-25,18941628852.854168,19401538.189965982,3.6949652947222225,1.0271885976041668,3.902527067326389,1.0541709223263889
2024-01-26,18936446684.083332,20064143.295965556,3.571537876076389,1.0437331775694443,3.797173191736111,1.0560475960763889
2024-01-27,19857771291.336807,21621109.586862847,3.5609345059375,1.0764698859722222,3.746335146041667,1.0551283412499999
2024-01-28,19742275297.520832,21440540.079083733,3.696410998611111,1.0808829072222224,3.8423488588541668,1.0659941275694444
2024-01-29,19208811201.458332,20430356.309354253,3.833516698159722,1.0759311783680556,4.1770138893402775,1.1638071515625001
2024-01-30,21932386811.020832,23020872.677570686,4.281134204409722,1.1562269981597222,4.827652873611111,1.1785333087847223
2024-01-31,27810233279.555557,26493228.224057868,4.033012484583334,1.0761107582291667,4.656270053229167,1.0160601505555555
2024-02-01,29365950293.65278,26911013.07273682,3.797757355590278,1.1315735928472224,4.501868309236111,1.1368811767013889
2024-02-02,30025532076.89236,27883471.765220948,3.8305777231250002,1.1517178255902778,4.565964369583333,1.0494525817013889
2024-02-03,29926188353.53125,27912904.768510237,4.110647595173611,1.1729555979166666,4.8135749711805556,1.0726853527083333
2024-02-04,29018814590.85764,26256847.752345115,4.348936966631944,1.181495530486111,5.212387242777777,1.133119258125
2024-02-05,27964523051.92014,25562138.392523084,4.183297818333333,1.2140578627083334,4.882206468229167,1.06292845875
2024-02-06,27978230342.461807,25247263.50061393,4.333328150138889,1.2394521744097222,5.1742935021875,1.1247245412152778
2024-02-07,27726587820.114582,26097462.174996626,4.074727817743056,1.208819709340278,4.579086583680556,1.0123121415972223
2024-02-08,26941040112.229168,25980391.762997303,4.171708130868056,1.2925702735416666,4.280355528645833,1.1464699927083333
2024-02-09,26140771272.54514,25985945.01228481,3.9486109304166663,1.2148543047916667,4.230700049618055,1.047906543923611
2024-02-10,24834245973.493057,25408753.867517497,4.043716856215278,1.2453116568402778,4.0114560055208335,1.0754470702083332
2024-02-11,25092718984.49653,25428166.91035264,4.284393340069444,1.2264064041666667,4.366145614652778,1.1712602176388889
2024-02-12,25920591443.260418,26545929.29610826,4.265598279131945,1.2147540882291665,4.339925095173611,1.0570220544444444
2024-02-13,26776585909.82986,29246374.503392417,4.157543058680556,1.2417307276736111,4.032333265659722,1.061486738090278
2024-02-14,28604631904.899307,32876491.724442158,3.804740918888889,1.1835946897916667,3.8518511304513887,1.1085086509722222
2024-02-15,32083992629.87153,39951946.64317255,2.959911747326389,1.3213944494444445,3.1234425793055554,1.0567085526388889
2024-02-16,30720210415.41718,37647553.1153675,3.2568787411656444,1.3723090387730061,3.361865089570552,1.0679871715337423
2024-02-17,28509970588.68403,33181196.66115798,3.358718101111111,1.2709806812152777,3.696971338298611,1.061326583263889
2024-02-18,28358462107.211807,34027418.89216895,3.178849063645833,1.267420321423611,3.275056359166667,1.1040712900347223
2024-02-19,27928220225.444443,34088365.981794864,3.356112993368056,1.3958404705555556,3.304071525798611,0.9867856105208332
2024-02-20,27171774861.135418,32372387.54788941,3.6947966310069447,1.450639690138889,3.853357005625,1.062676623263889
2024-02-21,25800200360.42014,29529766.408240564,3.491549944652778,1.3173296140625002,3.662461183402778,1.0387627314583332
2024-02-22,26763390090.47222,31438024.94044578,3.2965703951388887,1.314314681111111,3.4577938076388888,1.0628863039236112
2024-02-23,29949604116.82986,37012512.14827261,3.0926645340625,1.2722052672569444,3.259341656388889,1.0527267760069445
2024-02-24,29387742865.288193,35882002.20487109,2.981991167048611,1.2597988000694444,3.3797060519097224,1.0657005925347223
2024-02-25,30839517570.56597,41002964.25482071,2.6008815567013888,1.3390753803472224,2.5378094022916664,1.037367110486111
2024-02-26,33627799378.944443,50677427.85392622,2.4879414353819445,1.255447262673611,2.244930759861111,1.0448096615972222
2024-02-27,42705792160.53472,95583454.62958309,1.5854561269444443,1.4616041424652777,1.332763779722222,1.0080683697222221
2024-02-28,43511902734.60069,129564134.81066526,1.2019361823611112,1.5708837938888889,1.0318841408333332,1.0220995143055556
2024-02-29,38904778757.614586,116147722.58728495,1.8002920964930555,1.8096080286805554,1.612005098125,0.9927853022222222
2024-03-01,39106087683.80903,132309909.26496305,1.4670326041319446,1.7253899686111112,1.4068968610069446,1.0180002280555556
2024-03-02,37161340340.97222,158350063.3631515,1.4678818352430556,1.9038823226388888,1.3388282706944445,1.0060258266666666
2024-03-03,34310530692.274307,171230186.5934154,1.4511096078125,2.0047045260069445,1.2721795953819446,0.9950942117708332
2024-03-04,32709691152.37282,229713863.67327327,1.2516848489198604,1.8164541463414636,1.1563655309407666,1.0195682020905925
2024-03-05,28763998530.510418,204811868.37078428,1.788749390138889,1.7702203506944445,1.7053920497916666,0.9854240590277777
2024-03-06,27854030372.26736,202993120.64401892,1.6276803662152777,1.7888876319444447,1.6170740882638888,1.0165185243055557
2024-03-07,25545421935.229168,174083855.41018695,2.2833493578472224,1.9810897986111111,2.2957591210069443,1.0203986909722222
2024-03-08,27162407418.96528,227245453.1293235,1.6364304326041668,1.9305736597222223,1.567875889375,1.003063451388889
2024-03-09,27121951918.392857,244849114.48117164,1.8163058014642857,1.963786667857143,1.689404870464286,1.0062210785714285
2024-03-10,26253453004.519165,228894636.4876457,1.9988741934494774,1.9365663867595817,1.9996574999303138,0.9996399094076656
2024-03-11,24529811017.600693,213769624.89960733,2.091253974583333,2.037515798611111,2.144667025763889,0.9996567812500001
2024-03-12,24154770382.34028,201364116.45094526,2.4403839654166664,2.1160258125,2.6218907622222223,1.0037929131944443
2024-03-13,25303259487.375,222460086.0962657,2.2029432504861113,2.1607272291666666,2.2219912996527778,0.98054278125
2024-03-14,28758578694.37857,286071151.4258382,1.6608540613928573,2.238822557142857,1.5366806051071429,1.0017514642857144
2024-03-15,26095589811.961674,237882959.04399595,2.290746086585366,2.4302226898954706,2.299722333379791,1.0154615331010453
2024-03-16,26375929874.57639,210331945.60564217,2.493480826354167,2.153408673611111,2.8829740527430556,0.9833870798611112
2024-03-17,26130075117.336807,200254237.1685124,2.2377598090625,2.1938914583333333,2.772393142361111,1.020333503472222
2024-03-18,25116429760.993057,183551611.64815545,2.337474748090278,2.2664527395833334,2.8785740623611114,1.0343524895833331
2024-03-19,26315952417.34375,173107403.27743804,2.0573032424305553,2.1564629583333335,2.344911563958333,0.9908852743055555
2024-03-20,25868324578.63889,189227789.691961,1.7219777197222221,2.277325673611111,1.962981523472222,1.033026277777778
2024-03-21,25211950890.649307,204662740.21012655,1.7619588721527777,2.492579225694444,1.78406580125,1.0267719548611112
2024-03-22,24591609978.93403,187838719.06712598,2.0499648482291666,2.4347026527777778,2.312776599097222,1.01915378125
2024-03-23,24601337080.649307,184985451.99183428,2.360131122881944,2.3086314479166665,2.7271868143402775,1.0242209583333333
2024-03-24,24448996998.791668,181512131.57117638,2.207374496354167,2.3583713541666667,2.7349625088541667,1.039379125
2024-03-25,24437955723.34722,193123544.34777954,2.0860625777430553,2.5045596979166667,2.301594457013889,1.0160524201388887
2024-03-26,25202483624.84375,206302673.4822586,2.5720268900694445,2.6809301180555556,2.5310678412152776,1.0278794548611112
2024-03-27,24035352809.0,189815899.05165756,3.250077368472222,2.665574236111111,3.280291034340278,1.0132391284722222
2024-03-28,24739942737.60764,195096666.88358387,3.0865801074999997,2.563291486111111,3.304861185625,1.0168322152777778
2024-03-29,24995814922.61111,195452910.06837302,3.3912602941666665,2.8162155208333335,3.533137044791667,1.0089323298611113
2024-03-30,26419535756.96875,217261471.5718474,2.3399106460069445,2.743135361111111,2.3967974599305553,1.0355042256944444
2024-03-31,27832008971.26736,241872470.25427225,1.9330426144097221,2.6639839652777777,1.8823526510069444,1.0652303055555556
2024-04-01,25289312645.993057,205977443.0294426,2.9080244828819444,3.156883440972222,2.8765021094444445,1.0219715833333334
2024-04-02,23243829685.461807,168963244.0620237,2.8094184346180553,3.1542221388888887,3.1993272130555557,1.0091793229166666
2024-04-03,22298722598.475693,158485824.39302087,2.501668565,2.680876013888889,3.144588090347222,1.0091701770833332
2024-04-04,21916554327.03472,152237596.03379664,2.4082496015625,2.6011180451388887,3.190811696215278,1.0213753680555557
2024-04-05,22260388554.375,148337735.73242778,2.5237129917708336,2.576405940972222,3.3386869809027777,1.0314537708333333
2024-04-06,22418960116.40972,150959346.32800788,2.448475550104167,2.419631618055556,3.2357270671180554,1.0482787534722222
2024-04-07,22029323703.69097,158184290.27901638,2.0907319123958334,2.4589206944444446,2.7036307070138887,1.0028414583333332
2024-04-08,22026204548.0625,167749116.9216094,2.012917679027778,2.440150006944444,2.3340090656597225,1.02550753125
2024-04-09,22280460767.84028,163243047.73071876,3.080192895659722,2.615409802083333,3.313416213263889,1.05733840625
2024-04-10,22196367411.23611,155025182.36280543,3.1413501525000003,2.5693768993055555,3.6319259790972223,1.0201734652777779
2024-04-11,22015160311.00347,157629765.09378007,2.338436257222222,2.507329972222222,2.93071873,1.0547062395833333
2024-04-12,21816165964.583332,150369972.21163383,2.504795098402778,2.405788753472222,2.8959013030208336,1.0058155833333333
2024-04-13,17093519870.020834,95460177.30050525,1.7776243353124999,2.3964148541666663,2.259134459375,1.0000427187499998
2024-04-14,15461107205.739584,81381786.03151983,1.0859488569444444,2.0722978263888887,1.4521965847222222,1.0214009618055555
2024-04-15,14551809229.180555,76949201.69124782,1.1497435090972223,2.0889973333333334,1.6355635113194444,1.0209892743055555
2024-04-16,14105239803.104166,72541412.87948717,1.2187228561111112,2.0404282604166664,1.6880865865624999,1.0387193645833335
2024-04-17,14489352512.95139,74585758.74849479,1.313867623125,1.85879059375,1.7995557556597221,1.0283595555555556
2024-04-18,14009961793.291666,69641444.66101533,1.2654744696527778,1.8586874652777778,1.882458218263889,1.0328748472222222
2024-04-19,13978474527.98264,71310513.9017654,1.3663540770486111,1.8781064965277778,1.833044683576389,1.0424414687499999
2024-04-20,14518884015.503471,77587133.01507324,1.9624361270138888,1.9033171458333333,2.338226319756944,1.0221244895833332
2024-04-21,15210387925.840279,89832144.0252124,2.010578541284722,1.9477237708333333,2.213565486215278,1.0462017152777776
2024-04-22,15477941163.444445,100450507.8561833,1.5613097505902778,1.8088796249999999,1.7039024453819445,1.0196953125000001
2024-04-23,18088652351.79514,130744236.40163273,1.1798650453472221,1.7011396354166668,1.2197026651388887,1.025506545138889
2024-04-24,18664865874.28125,144149513.4799471,1.1850784910069445,1.778894611111111,1.3020338738541666,1.0247092118055554
2024-04-25,18635278391.822918,140521554.12636426,1.3901990945833334,1.9499279097222224,1.5089990706597223,1.018261263888889
2024-04-26,17280864990.86111,129726009.4904511,1.531695768298611,1.976099548611111,1.7744858159722223,1.0523719062499999
2024-04-27,16362635809.26736,115499851.45772895,1.9280886597916667,1.9928374097222223,2.2409562615972223,1.0424177951388889
2024-04-28,16146842950.197916,120053212.9924421,1.3933807990625,1.9596049444444443,1.687202013611111,1.0347075590277777
2024-04-29,15968479062.628471,112608685.6705516,1.8376237888194444,2.070985197916667,2.2000246444791665,1.0357027118055555
2024-04-30,17004998150.4375,117844485.76003642,1.8474143802777776,1.912179923611111,2.208240782326389,1.04311925
2024-05-01,16070180007.621529,104098583.85999008,1.581125391076389,1.728229892361111,2.1002708717708334,1.014919565972222
2024-05-02,16985735779.055555,124064523.8203533,1.1960291514583334,1.6363399374999998,1.3631922754166665,1.0451981909722223
2024-05-03,18903278258.055557,149020899.21879122,0.9838173000694445,1.6882255833333335,1.039982348402778,1.04806315625
2024-05-04,19625397687.39236,169660540.06242445,0.8810908915277778,1.7687098020833334,0.9342929749652777,1.032459954861111
2024-05-05,19080166823.76389,162040996.7055012,0.9920621247222221,1.8009499722222222,1.0222232692013888,1.0286869756944443
2024-05-06,18881071269.77778,162756312.17442536,1.0066494283333334,1.8520217083333332,1.0823289827777778,1.011181125
2024-05-07,17995206453.90625,148829929.551085,1.1411316550694446,1.9455789409722222,1.3307727538194445,1.031320267361111
2024-05-08,17406559657.36111,137816798.5293814,1.6507253842708334,1.9752736145833332,1.790414058263889,1.0330956041666668
2024-05-09,18453159056.618057,153132832.51272446,1.2245410667708334,1.951376545138889,1.3920204540625,1.0547944479166667
2024-05-10,19843132954.01389,169150842.06807458,1.0521814153819444,2.1630974722222223,1.1162834435069444,1.0382073055555556
2024-05-11,21087275562.43403,181678396.89052904,1.0737878818055555,2.3414679479166667,1.1453305837847223,1.0811833333333334
2024-05-12,21683264367.881943,188812852.02668342,0.9362887224652778,2.2129088055555552,0.9748910759374999,1.0896309895833332
2024-05-13,23792656510.97222,223041563.2216637,0.9718508074305555,2.1770549930555556,0.919565580763889,1.0505957916666668
2024-05-14,27233148655.083332,284933334.8521473,0.6962425036111112,2.074184465277778,0.6729587282986111,1.03920484375
2024-05-15,26304600356.07639,284575260.84025836,0.7398328627777777,2.0607516666666665,0.7646533929166667,1.0204084375
2024-05-16,23492318138.461807,240569726.3101695,1.1359061975347222,2.2847045555555554,1.1684680415972222,1.0325834687500002
2024-05-17,23335975080.35764,236322792.49971357,1.3568911351041666,2.234675166666667,1.3649942747222221,1.0748419027777778
2024-05-18,23493897627.399307,230196549.94141087,1.5995892960069444,2.187701857638889,1.701351475138889,1.08345484375
2024-05-19,23184178609.663193,214870513.8108636,1.8594782141319444,2.181804267361111,2.0116903369791665,1.0607065555555557
2024-05-20,22939851894.993057,221108465.3992902,1.5639996607291666,2.113291628472222,1.7929759365625,1.0274761319444443
2024-05-21,26407751931.07639,314863567.18298143,0.8394032318055555,2.2277964826388885,0.7913112690277777,1.0182519965277779
2024-05-22,28725900991.47222,389538864.09535563,0.8072798937152778,2.4829279791666665,0.6919282685763889,1.0243305277777777
2024-05-23,28069882122.51736,395082801.5548804,0.8617675686458334,2.492910357638889,0.7727096220486112,1.0408089756944445
2024-05-24,26435078415.989582,374715374.30157363,1.1460609126388888,2.5759714305555557,0.9978035699305556,1.01776284375
2024-05-25,26814025608.77778,403258297.55485344,0.8949448940972222,2.4183095208333336,0.8163948660069444,1.017659326388889
2024-05-26,27239049697.444443,423176890.1564699,0.8697732731944444,2.3367327395833333,0.7863926296180556,1.0420385104166667
2024-05-27,27394434422.46528,457452972.94138,0.6771050022916667,2.2101328472222224,0.7104952899305556,1.0311076423611112
2024-05-28,25762455948.98264,417595511.31126994,1.0926645689583332,2.325403597222222,1.0916576273611112,1.0195048958333333
2024-05-29,25244867253.70486,388221031.9015182,1.3993737089583334,2.4496348472222222,1.4680249884027778,1.0190748576388888
2024-05-30,24493474031.694443,351817008.2889632,1.5125589296180555,2.5986658090277777,1.694134411840278,1.0329943090277778
2024-05-31,24025381790.479168,359446050.9216107,1.21478994125,2.52599021875,1.4033146196875002,1.0227856493055556
2024-06-01,24497229496.118057,374150426.65340877,1.1402224839583335,2.462328923611111,1.2851880010416667,1.0562273472222221
2024-06-02,24272842602.572918,354692097.6992211,1.3145007155555557,2.6347721284722225,1.5600907077430555,1.0205484305555557
2024-06-03,23964807845.09375,358240155.33852625,1.269174631736111,2.792336954861111,1.4992677852777776,1.0287354166666667
2024-06-04,23860556851.3125,342960574.73114693,1.4926907413541666,2.816097142361111,1.9318598252430554,1.0479460069444444
2024-06-05,23060602109.166668,334707385.317127,1.7452015125,2.866023090277778,2.1588400969791666,1.0190425972222221
2024-06-06,22975094360.055557,336213637.57169586,1.9480716555208335,2.884504204861111,2.2151232786111112,1.0225581562500001
2024-06-07,22774064127.07639,316609517.60107416,1.9795559499305557,2.76719715625,2.3645432134375,0.9850528576388888
2024-06-08,21416116797.55903,271557808.65685636,1.601511525138889,2.670685878472222,2.094983637465278,1.030790638888889
2024-06-09,21994473564.21875,273493066.63236624,1.7325782003819445,2.578442284722222,2.288993615625,1.0524603194444444
2024-06-10,21284111298.43403,267416975.34287146,1.6130278811805556,2.60239028125,2.1336201347569443,1.006239670138889
2024-06-11,22173529942.743057,271111388.8800119,1.6904694121527777,2.387212336805556,2.1763639324652777,1.0390874201388889
2024-06-12,22185002639.052082,290790317.4039376,1.5643658913937284,2.4092295958188155,1.9033676628222995,1.0454516145833332
2024-06-13,22102592409.09028,274575589.75839216,2.0411358624652776,2.6084593368055553,2.4867703942708332,1.0133506250000002
2024-06-14,22200846569.510418,259048348.5559012,1.9847390318402778,2.5738660208333335,2.7077691971180555,1.0331609340277776
2024-06-15,22679689039.725693,269353342.84949756,1.71217972625,2.531496732638889,2.2515690824999997,1.0716270833333335
2024-06-16,22682065813.25347,271644491.89528584,2.210870013819444,2.666190315972222,2.557134806388889,1.0323805694444443
2024-06-17,22024366165.17014,256418435.97895563,2.38943354875,2.7139716006944443,2.7526759362152777,1.0077593472222222
2024-06-18,21526436713.614582,227174402.29828835,1.9919890597916665,2.4986194826388886,2.4374352369791668,1.0309477569444445
2024-06-19,21268950124.305557,244099601.41021448,1.5782224543055556,2.4271913159722223,1.9193301373263887,1.019462125
2024-06-20,20318955296.131943,232386740.579142,2.0333088902083336,2.410638847222222,2.3674130978125003,1.0844654652777779
2024-06-21,19555876158.86111,219075957.71031407,2.060973035520833,2.320622692857143,2.4673503998958335,1.0495000555555556
2024-06-22,19542749379.32639,223235387.79079902,1.8215270480208332,2.3256391944444443,2.2089459092708332,1.0461056493055556
2024-06-23,19880392653.67361,227620594.5909227,2.0152568790625,2.2678422222222223,2.489741968784722,1.1033030729166666
2024-06-24,19405387180.805557,209071280.49519324,2.2021898622916667,2.156931010416667,2.6890536220833337,1.0260720902777778
2024-06-25,21025855726.993057,255780955.5210754,1.5900193255902777,2.0714732951388886,1.7571576097916666,1.01247909375
2024-06-26,22215975842.791668,280018510.72099113,1.6600399998958333,2.327650388888889,1.7192525204513889,1.0594967708333334
2024-06-27,21866620948.20139,270773002.8234089,2.0219458880555554,2.4216002256944447,2.3228064437847222,1.0662651423611111
2024-06-28,21115189870.163193,256614076.65418163,2.1959385718055557,2.5594577326388888,2.5753614454166667,1.0364503819444444
2024-06-29,20831947763.03472,242602762.86290863,2.345282255625,2.6385679930555557,2.9260019523958336,1.0617239340277778
2024-06-30,21272937346.569443,240519134.20199168,2.2521462361805558,2.7693224895833333,2.8446503408333332,1.0599164618055557
2024-07-01,21077043272.833332,246134951.71375105,2.1398605191319446,2.560330340277778,2.602897515,1.0572072465277778
2024-07-02,21380655380.84375,242912426.41444275,2.1691710241319444,2.511215347222222,2.8232119509375,1.0279646493055554
2024-07-03,21775223635.895832,229590644.89810577,2.8232862443402778,2.2855703784722223,3.7268367298611107,1.0361924756944445
2024-07-04,21862755806.975693,208883081.78040156,2.853024727048611,2.0629561041666666,3.7001660609722222,1.0055964340277777
2024-07-05,19240807784.95139,162757562.26495492,2.2654253159027777,1.899988079861111,2.8476965160416667,1.0132760833333334
2024-07-06,17374679291.79861,160844230.66965887,2.0329038801041666,1.8228832083333333,2.6872806104166664,0.9980826909722222
2024-07-07,17808114360.36111,162248837.22076923,2.399181881423611,1.8582684375000003,2.7698235317708333,1.048429892361111
2024-07-08,18330011653.64236,161266337.56703243,1.9545186894444444,1.6462178993055554,2.5803224894444443,1.0030285972222222
2024-07-09,17950680482.041668,164440351.90908077,2.078009676041667,1.501641013888889,2.4842601116319445,1.0614817256944444
2024-07-10,17704726715.48611,162325797.22650728,2.4084096744791665,1.4278913715277777,2.8099850125694443,1.0452011631944444
2024-07-11,17610615216.694443,162176240.9392512,2.059730318923611,1.4617725104166666,2.5005236993055555,1.043508138888889
2024-07-12,18131248622.06597,157375979.3635278,2.395803048020833,1.4082721145833335,2.96732460125,1.1231126319444444
2024-07-13,18582468831.993057,162106836.20401865,2.605085165451389,1.3670598576388888,3.191204385173611,1.0549971076388889
2024-07-14,18863735086.125,168126686.1693917,2.5255905503472222,1.3324903368055556,3.0676314297569447,1.03738790625
2024-07-15,18968013707.79514,188776591.6002763,2.0503047588194447,1.2687142881944444,2.2777976603125,1.05454590625
2024-07-16,19838912169.86111,239675865.14154938,1.6522633910069446,1.6256343368055555,1.5592354249652778,1.0231547083333334
2024-07-17,19869959012.760418,240459381.2001308,1.9689612586805556,1.933997784722222,1.7320915152430556,1.0313770104166666
2024-07-18,20134898686.97222,236787191.18456993,2.003416324791667,2.0242724340277776,1.967046592013889,1.0341007361111112
2024-07-19,19404541838.461807,231015093.99784312,2.001893501597222,2.0786311979166667,2.026298694027778,0.9946282569444445
2024-07-20,19298386014.475693,235806802.80791643,2.1321889039930557,2.1706463055555556,2.0154688480208334,1.0279223159722222
2024-07-21,18676486420.61111,227571679.73795435,1.9157536142361111,2.1056515694444444,1.9845244183333333,1.0233582326388888
2024-07-22,18257950791.57639,222399918.0536899,2.0566617322569445,2.204823017361111,2.0789686227430555,1.0626722152777779
2024-07-23,18647163877.96875,225100623.94940376,1.7064172761111112,2.0756214305555556,1.8837633772222222,1.0359915902777779
2024-07-24,21024689311.993057,261101566.36720127,1.7360061927083335,2.100964916666667,1.7192388795833333,1.1012550104166667
2024-07-25,19983942566.5,233438672.03145638,2.1221251468402778,2.0481115347222225,2.3691245257291667,1.0392985972222222
2024-07-26,19550085927.51736,232282209.76078737,1.8330706227777778,2.006873673611111,2.1992635183680553,1.022750875
2024-07-27,19507803742.14236,234853246.44857913,1.7165279366319444,2.2370211875,1.9041143879166667,1.0472577083333334
2024-07-28,19587825604.49653,230269706.80651653,1.7244915527777778,2.157771892361111,2.066501920590278,1.0988000173611112
2024-07-29,20042776124.024307,241438355.3206954,1.7399398833333333,2.0962891631944442,1.9363523335763888,1.0088646770833334
2024-07-30,19704392702.76736,228901412.64296988,2.180616192013889,2.0626458680555557,2.5480601829166667,1.0850463090277778
2024-07-31,19676632320.06597,222893835.25194642,2.363492857465278,1.9914552951388889,2.852894247708333,1.0205578402777777
2024-08-01,19172672556.87153,201118918.92966,2.529592985381944,2.12798278125,3.053293066840278,1.084347597222222
2024-08-02,18344989713.197918,183360840.9358061,2.618359979270833,2.196451795138889,3.138805963576389,0.9969575486111112
2024-08-03,18600503439.305557,168727068.47318065,2.6406406188541665,2.1905350416666667,3.270507811701389,1.0753054236111113
2024-08-04,18803070708.805557,157960054.31625727,2.6093567744791666,2.029616520833333,3.2266612932291667,1.0120425451388888
2024-08-05,17866648498.10764,123573277.7251323,2.4092440105208333,1.963784420138889,2.8215286552777776,1.0122566909722222
2024-08-06,16331754464.65625,127485784.03033826,1.8720581318402776,1.7570729340277778,2.4846164330208333,1.0131428368055557
2024-08-07,16171012032.277779,127008622.85930225,1.9094573504513888,1.7879848055555554,2.349374453576389,1.0070025034722223
2024-08-08,15769197651.208334,126352475.06352083,1.7293345764930554,1.755273232638889,2.1802399946527777,1.0512151875
2024-08-09,16522170936.59375,141576919.55030593,1.61263887,2.0153041805555554,1.8562646264583331,1.0525117430555555
2024-08-10,16251684497.128471,136934082.58574793,1.676128321875,1.9445530972222222,2.0622459688194446,1.0645916527777777
2024-08-11,16404603984.166666,136391697.62683782,1.869538449409722,1.9020082465277777,2.1812002985416665,1.0555636006944444
2024-08-12,15217853091.302084,122739775.54438435,2.3369261979715303,1.8438987722419926,2.7505626164285712,1.0227478333333333
2024-08-13,15622851165.1875,126667299.75616847,2.453222527847222,1.9272278576388888,2.7752829944097224,1.0558319201388888
2024-08-14,16555664765.65625,134510337.71741006,2.438495863993056,1.8865697187500001,2.758436788229167,1.0448290208333333
2024-08-15,16955469155.90625,132487716.79228367,2.2489293333680553,1.8461316770833334,2.7880970043055555,1.023395628472222
2024-08-16,17104613840.89236,125094173.17677492,2.4670413316666666,1.75345621875,3.122568073125,1.0257042916666665
2024-08-17,17115850303.229166,125011362.27242607,2.1901672413194446,1.7532439027777778,2.7524512564583334,1.05793021875
2024-08-18,17254045339.23264,129012420.45384505,2.134226726597222,1.7429838958333332,2.645641983402778,1.0489882152777779
2024-08-19,17860019310.32986,131937488.11417559,2.2924323130208335,1.7866120520833333,2.7197489036458333,1.0453781388888888
2024-08-20,18872642952.87847,148270327.34533766,2.4324045413194444,1.8274906250000003,2.605861307361111,1.0126720659722224
2024-08-21,18056791404.00347,140540846.35084644,2.7366618349305556,1.865460763888889,2.9645586247916667,1.04795334375
2024-08-22,17868876698.23264,141659354.3244762,2.7082196167013888,1.8686196493055556,2.7017586046180555,1.0357294791666667
2024-08-23,17982427150.631943,148689590.44681942,2.641680743125,1.8654906180555555,2.650932755,1.0600248506944443
2024-08-24,18498790004.03125,170943490.42929614,2.575606773576389,2.0390626944444445,2.373605978472222,1.0404049791666667
2024-08-25,17766292224.98264,162134449.16975453,2.722405825520833,2.231520357638889,2.4687681846875,1.0240705590277779
2024-08-26,17101552013.20486,152204135.76843792,2.680670665138889,2.2184386979166666,2.592460937048611,1.0327168541666667
2024-08-27,16939053186.104166,141745816.4186955,2.4323701911805555,2.1824344131944446,2.6646937330555556,1.0584240451388889
2024-08-28,16640807772.510416,128590055.21970624,2.339371609652778,2.054403784722222,2.8979094198958335,1.074066142361111
2024-08-29,16747991980.989584,131026952.3622924,2.2055084805208334,2.0056941041666665,2.827491544270833,1.0859391527777777
2024-08-30,16551540431.42014,127292381.22054471,2.1800541219444445,1.9128848645833334,2.846041268263889,1.0347108993055556
2024-08-31,16247546403.8125,124993738.25787926,2.0316832527083335,2.0772528472222223,2.591951574895833,1.101556892361111
2024-09-01,16195162466.434029,120938137.26277685,2.2227616944444444,2.075941857638889,2.851176783472222,1.069517454861111
2024-09-02,16427015855.340279,121413859.24843638,2.093221846284722,1.9898490972222223,2.6899031050694444,1.0580724548611111
2024-09-03,16504635609.899305,123678771.54441243,2.539037257361111,2.0586154583333336,3.0242365019791664,1.03305609375
2024-09-04,16289743797.684029,117579450.69504723,2.5967540108333336,2.006485107638889,3.200927571805556,1.059662451388889
2024-09-05,16220078684.9375,116935725.12052059,2.6757532122569447,2.0622987881944446,3.133983050694445,1.0777727847222223
2024-09-06,16744206565.677084,116527692.42340732,2.9174390478819445,2.0001214270833336,3.6315576841319444,1.0134194409722221
2024-09-07,16647221840.458334,113227010.76623152,2.822688649097222,1.9509592604166666,3.5942265687500004,1.0570419444444445
2024-09-08,16804526788.881945,115757807.15393665,2.7893923773263887,2.0102684340277777,3.323443651076389,1.0641937256944445
2024-09-09,16909707186.930555,120986029.27308379,2.8570657501041667,2.198148732638889,3.2956956729166667,1.0286225763888888
2024-09-10,17098506304.618055,126813970.19717352,2.6481201683333335,2.335311295138889,2.6523035664930554,1.0462060868055554
2024-09-11,17148983175.916666,123647074.21921833,2.994537982222222,2.3316039340277777,3.090361431979167,1.0963770208333332
2024-09-12,16947656059.100695,124573150.24757512,2.900469756319444,2.297297798611111,3.073481840034722,1.0899886180555556
2024-09-13,17384242181.59028,131306953.69783674,2.7025776222222224,2.3261337013888888,2.7359664174305554,1.0343553645833332
2024-09-14,18168681676.333332,141635081.44449833,2.7041373629166667,2.299774673611111,2.4441294385416668,1.125773142361111
2024-09-15,17642834440.774307,135235939.85407814,2.8721336329166665,2.300027690972222,2.840006395,1.0976424513888887
2024-09-16,16713005035.135416,120456269.78344631,2.601724218541667,2.3747254270833333,2.936148311284722,1.0534154097222224
2024-09-17,16847983253.239584,123305388.78080887,2.3543112442708334,2.177722458333333,2.8182605292708334,1.1227233854166667
2024-09-18,16527787312.395834,119914704.32960153,2.4447716348958335,2.2377461006944444,2.9629748826041666,1.11740809375
2024-09-19,17689386609.194443,139873010.19450668,2.4028833652430555,2.179845357638889,2.4813959896875,1.04915003125
2024-09-20,18721769651.475693,152778788.16800135,2.517679844895833,2.0482674444444444,2.3413784760416667,1.0655675
2024-09-21,18807538275.479168,154209291.41264093,2.597507124548611,2.0370526527777777,2.351232646215278,1.0952736319444445
2024-09-22,18542608855.489582,150294703.9959122,2.788884611388889,2.0894580868055552,2.4529729489930556,1.0556228263888887
2024-09-23,18167271247.8125,147233366.08490193,2.7870973954166667,2.0971369895833334,2.70420170375,1.0557362118055555
2024-09-24,18794863924.53125,156047180.9038141,2.8498642338194444,2.102368486111111,2.628706364548611,1.056317125
2024-09-25,19249102027.01389,164104665.72920564,2.710870203611111,2.272298413194444,2.5302109228125,1.067148420138889
2024-09-26,20830608438.94097,188583296.1799018,2.280206960486111,2.2129550104166666,2.099036655138889,1.0772963333333334
2024-09-27,22539126323.475693,233292998.8139642,1.8313331960416666,2.279659802083333,1.6388621771875,1.0030251111111113
2024-09-28,24033211541.930557,266512818.55957407,1.6954708820486113,2.3171836458333335,1.4634192225347222,1.0423175694444444
2024-09-29,24420560839.78472,275993849.45017946,1.727919455034722,2.257567892361111,1.5217816894444445,1.0282914305555557
2024-09-30,24058601548.40972,263644323.17513025,1.7006365500694445,2.310602017361111,1.5745666392708335,1.0108263368055554
2024-10-01,23951415957.086807,255418174.91309112,1.7367270364583334,2.4253587395833334,1.651802365659722,1.001553232638889
2024-10-02,23223123938.524307,225474402.95177248,1.958282518159722,2.489208652777778,1.9868514007638889,1.0127853854166666
2024-10-03,22519224912.19097,201062160.62678882,2.508890864027778,2.5150742187499997,2.5251739738194443,1.0253649444444444
2024-10-04,20708432924.57986,188002052.5578968,2.269619466145833,2.2571965937500003,2.4950496465625003,1.023041826388889
2024-10-05,20280171387.95486,190334902.27195904,1.801912056875,2.2634804548611114,1.9244278622569446,1.0094108715277779
2024-10-06,20733430049.72222,200063975.51335955,1.5799473068402776,2.0935076979166665,1.7333286629513889,1.05872103125
2024-10-07,20781311294.69097,216450656.84727588,1.6335655872222223,2.3571703541666666,1.6788889822222222,1.00482528125
2024-10-08,19512163960.96875,188261769.14500803,2.1845758903125,2.5137033993055558,2.325527446805556,1.0761204895833334
2024-10-09,19441701950.76389,183529194.51012346,2.298656604444444,2.315878378472222,2.562638739479167,1.0434417395833333
2024-10-10,19228962292.04514,177010222.17764914,2.311403224930556,2.3356596840277777,2.5741482989236113,1.0176747118055556
2024-10-11,19317659289.00347,184785189.28221935,2.3050154357291666,2.3528727361111113,2.4228723975347224,1.0155790243055556
2024-10-12,19450078623.93403,193029549.4187361,2.3693499236805557,2.4469179513888886,2.434223820451389,1.0264783368055557
2024-10-13,19319997203.041668,187365009.12183478,2.6785456516666666,2.6683292777777776,2.653279295486111,1.0785363090277778
2024-10-14,20941740036.28472,217269537.5599754,2.2127907492361114,2.5632022847222222,2.1110365142708334,1.0153200208333333
2024-10-15,21031653953.39236,220990569.2549561,2.4225332946180553,2.7164381944444447,2.140286739236111,1.0398753611111111
2024-10-16,21285331435.010418,221745509.37247506,2.304651230451389,2.626834753472222,2.2346582755555553,1.00982190625
2024-10-17,21281425936.30903,215156723.33449352,2.485134367048611,2.5624529166666665,2.4214370719791667,1.0258883576388889
2024-10-18,20914315652.541668,217726597.42521164,2.3478427791319443,2.68524571875,2.3188665222569447,1.100732638888889
2024-10-19,21618930738.75347,228080775.70585006,2.427263240347222,2.6690056770833333,2.275013750208333,1.0875327465277778
2024-10-20,20597972165.76389,214384686.42873493,2.7049626767708332,2.683657545138889,2.6224385487847224,1.0628181215277777
2024-10-21,20737171815.774307,216083337.81141213,2.7654842742708334,2.766410121527778,2.6187408636458334,1.0433654965277777
2024-10-22,20453566651.46528,207465852.22440368,2.6783547887152777,2.5899534756944447,2.799059285347222,0.9986262152777778
2024-10-23,20313385012.416668,199979926.30715415,2.7766359333680555,2.4645776805555553,2.926078972152778,1.052597267361111
2024-10-24,19596495892.63889,194122242.57425666,2.665963757256945,2.6514963472222224,2.8614105977430553,1.0697521215277779
2024-10-25,19302493048.600693,184660121.19612038,2.994981374340278,2.618788364583333,3.2433477934375,1.0285519791666666
2024-10-26,17557822456.739582,157666469.65602082,2.6567668036805556,2.1315238888888888,3.105876801770833,1.0368856701388889
2024-10-27,17785415087.95486,161375583.14008325,2.4802664784027777,2.120436972222222,2.8559980781597223,1.0641632534722223
2024-10-28,17584117412.545456,157383215.7664848,2.810206852692308,2.20399629020979,3.224466787237762,1.048731611888112
2024-10-29,17567195666.05903,168264692.27564803,2.567125720381944,2.173384940972222,2.7051938010763887,1.1011039131944445
2024-10-30,17797795646.95486,170983782.0901734,3.0055565336805556,2.3731980659722223,2.942378623159722,1.0715753159722223
2024-10-31,16940935193.868055,159095310.79686138,3.2041130738194443,2.2371719097222225,3.2792932423263887,1.0719481840277778
2024-11-01,16365964086.809029,147649133.9042787,3.2135039194097224,2.1229020798611113,3.528180619583333,1.0864439791666667
2024-11-02,16392695807.145834,144341268.71784493,3.4763645756597223,1.9872983437499998,3.9468302452777775,1.0898630729166667
2024-11-03,16018564409.42014,132521622.72472996,3.526265821493056,1.913599375,3.866836469375,1.05868065625
2024-11-04,15540083605.479166,126423900.15905707,3.187522377534722,1.8261263125000002,3.6428982580208333,1.056461763888889
2024-11-05,14724930227.42014,122315797.64359784,2.980456157951389,1.80511540625,3.4535623069444443,1.0832001944444445
2024-11-06,14450635110.916666,135623466.69821668,2.6762429934374996,1.9254672569444446,2.8447790206944443,1.057302434027778
2024-11-07,16420010173.79514,171622472.4868151,2.6841850857638887,1.9701983819444446,2.451364238263889,1.0821378263888888
2024-11-08,17727427796.06597,191823334.4022094,2.689105047986111,1.9871001111111113,2.2934196490277774,1.0563430208333333
2024-11-09,17635429854.524307,191925942.84583414,2.6939392383333334,2.1947032256944445,2.3207877123263887,1.087749107638889
2024-11-10,18373631562.288193,218942538.02640083,2.6434695590625,2.490825777777778,2.3061028464236113,1.018901388888889
2024-11-11,18934800669.40278,237696762.8731724,2.847442713611111,2.9812093715277777,2.450346032673611,1.017216309027778
2024-11-12,19524148409.833332,260766247.1101147,3.1470241982986114,3.564952822916667,2.660604969131944,0.9897513819444446
2024-11-13,21470921467.53125,346423782.93064755,2.5302067744444443,3.2547284166666666,2.0885697302777775,1.0081728645833334
2024-11-14,21742443619.770832,485265944.7919381,1.7921169107291668,2.711953572916667,1.5760171872916666,1.0216512534722222
2024-11-15,21114464860.552082,447765089.210749,2.117529611076389,2.9553764166666667,1.9218590084722225,1.0302459583333332
2024-11-16,20757035139.89236,454369151.04542834,2.5692577390972224,3.125700534722222,2.308685259652778,1.02518753125
2024-11-17,20251776869.614582,428953114.6982404,2.748585739375,3.3635654166666664,2.567503419513889,1.0327599236111111
2024-11-18,20068728802.274307,422144582.40944475,2.864752484097222,3.1508087604166666,2.862067999965278,1.023101454861111
2024-11-19,19185666335.34028,388533044.02266294,3.3013015550347222,2.9922333194444444,3.2669745477430556,0.9945635486111111
2024-11-20,18208702814.04861,357267002.7308108,3.300448158298611,3.157393284722222,3.1411607882986115,1.0093175034722224
2024-11-21,18331817745.04861,366171132.24718004,2.8958638862847224,3.0227930104166667,2.8015954323958336,1.0282951145833334
2024-11-22,19892616075.302082,410974865.13298553,3.140756519270833,2.7127622847222224,2.9861359453819443,1.0644317187499999
2024-11-23,20303664379.131943,428310675.8984711,3.569815340486111,3.2316075277777774,3.3528411336805553,1.0060001631944444
2024-11-24,19273573901.92361,389586460.14726555,3.951779949375,3.24077665625,3.8379873364583332,0.9969905486111111
2024-11-25,19020977137.54861,375682721.1703386,4.176068717361111,3.5120995694444446,3.979877321145833,0.9983479791666667
2024-11-26,18692034440.947918,345792362.1764231,4.054677135902778,3.5098758645833334,4.001482799270834,0.9906330347222223
2024-11-27,18126342955.37847,341861998.87723905,3.7169189140972225,3.3989483923611115,3.5136054456944446,1.0292879826388888
2024-11-28,18461875645.59722,361930950.388898,3.8902098777430556,3.0776586944444446,3.4253801376736113,0.9978136493055556
2024-11-29,19397659559.84028,393492615.00437343,3.717552266770833,3.306739996527778,3.128929774375,1.0487063472222222
2024-11-30,20323373560.791668,417192626.5649692,4.188571354583334,3.2742970104166664,3.6694833786805554,1.0159254583333333
2024-12-01,20654779306.77778,444598420.90642494,3.6966498570833335,3.3748482604166665,3.1015543688194445,1.0118861527777776
2024-12-02,19699183240.07986,407643693.5176854,5.263239194131945,3.395968628472222,4.664742803298611,0.9822621493055556
2024-12-03,18909669150.243057,381797093.4437674,5.243458442083334,3.220946986111111,4.895304277118055,1.0250749513888888
2024-12-04,19402855601.677082,406386171.57876784,4.971504972708334,3.7985520069444445,4.271043577361111,0.9979685555555555
2024-12-05,20771219954.5625,449266257.31814814,5.186314728229167,4.046625385416666,4.315227052708334,0.9969472881944443
2024-12-06,20829580300.00347,449569160.4419197,4.932369622847222,4.450599055555555,4.325946007222222,0.9961463472222223
2024-12-07,22249945378.71875,511096983.65213966,4.335077577395833,4.3512494791666665,3.5542054501041664,1.0517059791666667
2024-12-08,23599503579.29514,604246295.5698647,3.036895468611111,3.626630690972222,2.382820994305556,1.0386806805555555
2024-12-09,23391427671.12153,613658452.97047,3.1143562908333333,3.5959009583333335,2.4212476205902775,0.9988938263888889
2024-12-10,20209242951.67014,489680531.8141575,3.9244211272569447,4.127588888888889,3.449683135590278,0.9866950243055554
2024-12-11,19225599304.364582,456610541.11776054,3.827507783472222,3.8120311979166663,3.629712904930555,1.000098222222222
2024-12-12,20127767303.81597,494247766.83908325,3.6720627207291665,3.758859291666667,3.4254384027430556,1.0648477013888888
2024-12-13,20475959020.49653,491009020.6363869,3.7182205764236107,3.7935671458333338,3.5651067790625004,1.0487862604166667
2024-12-14,20593775044.84722,490339329.8773526,3.8429191083680556,3.9992156840277775,3.622359388125,1.0729711701388889
2024-12-15,20199946432.59028,473744977.5095771,3.5730522525,4.023882857638889,3.5841474167361107,1.023896954861111
2024-12-16,20052810535.03125,475310805.7990452,3.8584352775694444,4.654432458333334,3.6788439122222223,1.0370808472222222
2024-12-17,19823222899.899307,458556492.01037186,4.000384727881944,3.8924777916666664,4.360105789895833,1.0065497881944445
2024-12-18,19810166106.77778,423514433.5715401,4.594306812013889,3.8397747291666664,4.901105947430556,1.0248789479166667
2024-12-19,17525644109.86111,327438031.3620902,4.168251923854167,3.5237786180555557,4.433224549548611,1.0436809305555554
2024-12-20,15812776915.51389,262745713.28740755,3.7854356471527777,2.885912701388889,4.125851122673612,1.0392386006944445
2024-12-21,14072706734.972221,255251535.49318048,3.349554284513889,2.4641416944444448,3.4815133628819446,1.005808017361111
2024-12-22,13505954016.586805,238386457.11957586,3.235540476076389,2.545354107638889,3.335831626909722,1.0144959444444444
2024-12-23,13251672586.57986,237509047.15319085,3.0342512796527776,2.5721537083333335,3.1343199913194444,1.0544748333333334
2024-12-24,12844189159.836805,239342964.97021613,3.3520532231597224,2.5101158680555553,3.2985819820833333,1.0547742708333334
2024-12-25,12770303516.520834,239420021.70492533,3.662337537222222,2.402502211805556,3.6261825424652776,1.0726217569444445
2024-12-26,12941132245.020834,228283620.87079448,3.909187095138889,2.3418139166666667,4.151291334722222,1.0466026180555557
2024-12-27,12613726908.555555,224324223.35396025,3.157505604548611,2.213279447916667,3.543718747361111,1.0515174930555555
2024-12-28,12979582431.381945,238396019.0876644,2.9890665940625,2.2312240173611113,3.0544215233680556,1.1031448958333334
2024-12-29,13323802471.927084,245762399.7798927,3.2176496893055555,2.3760846180555557,3.182024385625,1.1205516319444444
2024-12-30,13366045282.59375,243440858.3661555,3.2370261788888888,2.3952901458333336,3.327142574791667,1.0425291875
2024-12-31,14937749020.149305,294666850.2916789,2.8106512879166665,2.1315541388888892,2.6454239378819446,1.0496496527777779
2025-01-01,15108446008.059029,297871584.99308497,3.319928433888889,2.0775445243055555,3.182292333611111,1.0930869270833332
2025-01-02,14014595240.63889,284728371.80384785,3.2398418216319445,2.262963555555556,3.130679285173611,1.0232362326388889
2025-01-03,13911614087.17014,290199178.6392798,3.0912051128819447,2.388068534722222,2.789300864965278,1.0509907083333332
2025-01-04,14517412462.145834,306685937.8298936,3.369804492291667,2.469774923611111,2.8926502417708333,1.0493153784722222
2025-01-05,14238772225.708334,296138297.51238805,3.389952075138889,2.4603255729166666,3.033154995381944,1.0657050555555554
2025-01-06,13837545860.756945,287470334.04168296,3.2739235851041664,2.5815387361111113,3.089279101666667,1.07736303125
2025-01-07,13737529167.784721,273328125.3302858,3.9125114618055554,2.54602934375,3.936287435034722,1.0902480381944446
2025-01-08,12572171281.309029,228072606.81508553,4.070447998263889,2.5828004791666666,4.488768828680556,1.0901209236111111
2025-01-09,12158170643.399305,212590485.16706473,4.107956447499999,2.4289086631944445,4.512985076041667,1.0650601180555557
2025-01-10,12056738272.114584,211017788.2713008,4.046528469479167,2.365486434027778,4.538005020937501,1.0305581631944445
2025-01-11,12225336487.89236,218246635.17996126,3.3572118846527776,2.312905045138889,3.748472825451389,1.0911077361111112
2025-01-12,12531239510.684029,222993001.5337337,3.555441033923611,2.2549442256944445,4.055426975972222,1.1102046458333334
2025-01-13,12894377264.274305,216077213.37057182,3.8310391842361113,2.2996915416666663,4.261904552604167,1.0180340243055557
2025-01-14,12608525216.197916,217566913.38901332,3.3142981544097223,2.36377025,3.6522618389930557,1.0536020277777778
2025-01-15,12603614649.274305,224266668.31238616,3.8917544528125,2.8292280451388887,3.9063405969444442,1.0247160937500002
2025-01-16,12767325412.180555,235301198.37618247,4.498100719548611,3.137027986111111,4.0233302371874995,1.12365528125
2025-01-17,13072544793.315971,254853878.51600042,3.7612607987847224,3.1371573229166665,3.549970539201389,1.109051357638889
2025-01-18,13507873639.972221,255891120.0264827,5.234071334305556,3.5341223368055554,4.663023716423611,1.0454186597222224
2025-01-19,14040828631.677084,244192354.68309355,5.222645727673611,3.003467822916667,5.237305671423611,1.0311348854166666
2025-01-20,13317797410.777779,215350650.5400106,4.694852280972222,2.629677496527778,5.070684435381945,1.0483763541666666
2025-01-21,13510405000.145834,210098764.31999525,4.472650909618056,2.6552940034722226,4.989467843194444,1.0044450555555555
2025-01-22,14215389614.368055,222634473.4549431,3.8213408189930553,3.118500451388889,4.378795023645833,1.062351972222222
2025-01-23,14891758819.652779,221786962.51399913,4.488557877935943,2.994310975694445,5.118803756875,1.0300174791666667
2025-01-24,15381852442.010416,237232305.046496,4.206968042465278,2.821167815972222,4.442932087777778,1.0987343298611112
2025-01-25,15753266758.663195,237687990.9999354,3.815358813576389,2.868218010416667,4.4825834440625005,1.0805399270833334
2025-01-26,16205517325.621529,241696377.16464165,4.515376722326389,2.915331333333333,5.135485825104166,1.1615177847222222
2025-01-27,15565617009.375,199509698.71339437,4.811549385833334,2.8382009166666666,5.187951409166667,1.0471686388888888
2025-01-28,14525661547.538195,184491333.64343083,4.388385614791667,2.6909074583333332,4.707481071111111,1.0455769618055557
2025-01-29,14889296318.57639,185094724.89684775,4.085330070555555,2.8195870625,4.366954082777777,1.0151005590277777
2025-01-30,14427441161.447916,186705488.8235684,3.6165949255902774,2.8531513368055554,3.8697334596875,1.0871622743055556
2025-01-31,14503088560.913195,196225301.94966343,3.7655642853125,2.8110451111111114,3.726903776527778,1.0352590972222222
2025-02-01,14561860148.586805,193604940.6700714,4.7927560532986115,2.76772790625,4.5148949259375,1.06694184375
2025-02-02,14480827917.958334,170111271.79734188,4.567972895034722,2.6025564375,4.706805762777778,1.0675617083333333
2025-02-03,12395985560.305555,121716529.75434552,3.416988420138889,1.744931170138889,3.5995093256643353,1.00272775
2025-02-04,10852199556.649305,111362929.21768266,3.527567006875,1.6821252569444445,3.518129789722222,1.0229124930555555
2025-02-05,11201221585.836805,113547349.9033634,3.482323283923611,1.7634588298611111,3.5156610368055556,1.0106973506944443
2025-02-06,11640099829.17361,114348476.09770769,3.371489701597222,1.5748178819444445,3.484077117118056,1.0200631875
2025-02-07,11628971225.336805,108216603.53127837,3.4199969466666666,1.3713563090277778,3.678197468125,1.027504625
2025-02-08,11155337844.82986,103561766.84125724,2.4860031977430554,1.593932045138889,2.7560905981944446,1.0184327395833332
2025-02-09,11296624208.371529,107619844.30062428,2.660572834722222,1.6712040104166668,2.7703036733333333,1.0449824409722224
2025-02-10,11414453490.614584,109378413.2235576,3.330205164166667,1.8393892743055555,3.301076486736111,1.0619372881944444
2025-02-11,11411400329.100695,113511837.38615459,3.2004609106597224,1.8261448819444444,3.1997322497569445,1.0775279965277778
2025-02-12,11437162460.447916,109698119.8931461,3.7298875768402775,1.6067637048611112,3.8373644817013886,1.089928204861111
2025-02-13,11416299305.5625,111862506.37264329,3.3528682989930556,1.7970486631944445,3.3541475196875,1.042542798611111
2025-02-14,12079991447.23264,122648227.4872852,2.5456389727083337,1.8241319722222222,2.6909435638541668,1.0747313298611112
2025-02-15,12028278175.89236,121203877.9705391,3.2665353706249998,1.8857875069444445,3.1833127936805554,1.0925664166666667
2025-02-16,12146504889.934029,119701837.37163827,2.7757038094791664,1.7896215694444446,3.0406912684027776,1.0220435520833333
2025-02-17,12351989627.777779,122294465.91491625,3.1047697144444446,1.65940678125,3.306830617986111,1.0363298194444444
2025-02-18,12554654338.23264,118988080.56538542,3.488682881354167,1.5746943159722222,3.733549391631944,1.055396045138889
2025-02-19,12262224422.402779,114520764.54514654,2.6172522821180557,1.5678999166666667,3.1153646363194443,1.0324989027777778
2025-02-20,12458506491.975695,118334388.68903476,2.327321412951389,1.6365524583333333,2.7110284103124997,1.0556726319444445
2025-02-21,12102347531.284721,116464835.93459718,3.267689479340278,1.7788075555555554,3.340539016076389,1.0516494652777777
2025-02-22,12229990949.39236,115356094.70802909,2.6020661400347223,1.6261839479166667,3.144483445798611,1.0700063784722222
2025-02-23,12558625012.569445,118458746.5829356,3.4663901101388888,1.9521546319444445,3.5365196570833337,1.115288375
2025-02-24,13211805487.041666,116374355.2378931,3.57504533875,1.7138427847222222,4.023323277777778,1.0168875173611112
2025-02-25,12506198336.065971,98970179.82306872,3.1022594755555555,1.638278232638889,3.5448076084375,1.05009175
2025-02-26,12456083641.690971,102456568.0773765,2.7176044980902776,1.5784271979166666,3.0826153380902777,1.0822387152777777
2025-02-27,12828759365.23264,107411064.26935405,2.7441791884027777,1.7901246979166667,2.9507586155555554,1.1177403194444446
2025-02-28,13509514632.23264,104203042.3002279,3.2483697025694442,1.7737793715277776,3.560374080798611,1.0564563784722223
2025-03-01,14290381377.57986,109588688.28417952,3.243939819513889,1.8642517986111113,3.5193410812847223,1.0694956805555556
2025-03-02,14276486164.0,114491879.0586838,2.812765962465278,1.9032500104166665,3.1516513914930555,1.0651098611111112
2025-03-03,14333349386.86111,116031454.59473604,4.624622598506944,2.307021746527778,4.102121803541667,1.0613092430555555
2025-03-04,14167188007.01389,97424723.41912435,4.297451925277778,1.71886478125,4.443181825381945,1.032075017361111
2025-03-05,13377932898.743055,94215309.64876217,2.972349255451389,1.6256316458333333,3.260773065520833,1.051252045138889
2025-03-06,13345255991.600695,94032832.02733967,3.1793069386458335,1.8454923506944445,3.3763101256597223,1.0196658680555555
2025-03-07,13133097113.649305,91666884.30365652,3.268169716666667,1.7803259583333333,3.363901225416667,1.0778415729166666
2025-03-08,13601535916.565971,92336981.19805714,3.465112454340278,1.8705203611111112,3.633539176805556,1.0893006493055557
2025-03-09,14506921218.38889,90692418.08729054,3.4272436827083332,1.7994159375,3.7445970158333335,1.0431489895833335
2025-03-10,14534554031.427084,88346074.6810447,2.922412375,1.5812323333333334,3.272170430034722,1.079406027777778
2025-03-11,13031161485.628471,77981953.283013,2.8233097743402777,1.5682496840277778,3.005180096423611,1.0482031493055555
2025-03-12,13359341998.76736,86906592.70987967,2.470870152048611,1.5200385208333334,2.4837560988541667,1.0819895520833334
2025-03-13,14302058673.961805,99281050.77898315,2.5148947385416665,1.5033760694444445,2.4359686886805556,1.0942978159722223
2025-03-14,13582135746.125,95346391.40598089,2.2286209511805555,1.3060125104166667,2.3849707413541665,1.064151809027778
2025-03-15,13776402620.541666,97929483.6298613,1.9267128965625,1.3440626493055554,2.0798115959027776,1.1042171284722222
2025-03-16,13842301162.88889,94833123.97847241,2.173572153506944,1.295977267361111,2.3513290039236114,1.0887301111111112
2025-03-17,13523010020.163195,95194677.9511052,1.9236918831944445,1.4622861180555555,2.1060836748958334,1.07279084375
2025-03-18,14116616128.3125,98619708.72731361,2.6022079390277777,1.5649903993055556,2.512543008715278,1.0759171423611111
2025-03-19,13396962331.225695,97949266.47771694,2.0557339755902775,1.545255732638889,2.034712880625,1.0255637430555555
2025-03-20,13565176487.20486,102200782.47050631,1.738455383263889,1.4408293194444444,1.7567914201041668,1.0563128888888889
2025-03-21,13573159050.354166,100211524.55714418,2.0658111447222223,1.3873670729166667,2.1601384432638886,1.0875440833333334
2025-03-22,13386338823.944445,97225262.25054115,1.8876109134722223,1.3453648645833334,2.2026783869097226,1.0705752083333335
2025-03-23,13066171778.395834,94587998.90959598,1.9095143082986112,1.419287625,2.177320393923611,1.0754852569444444
2025-03-24,13645569731.725695,105102145.9076369,1.8494666709375,1.476242482638889,1.9056952023263891,1.0513032777777778
2025-03-25,15376238200.243055,122813435.10617582,1.693710731875,1.4764026770833334,1.5655857598611111,1.0578564583333334
2025-03-26,16444660562.208334,140745435.70255843,1.6123987918055556,1.423900079861111,1.5339252372916665,1.056146048611111
2025-03-27,15276882792.052084,130106661.68790081,1.7447315278125002,1.4596812986111112,1.734514120138889,1.04412859375
2025-03-28,14566603390.072916,115507501.05171369,2.368395467951389,1.5732734548611111,2.310880311284722,1.0936738715277778
2025-03-29,14754402671.256945,109890120.95208633,2.619921242152778,1.57709209375,2.6440763625,1.100079625
2025-03-30,14816042215.159721,105219318.35008651,2.549506330798611,1.4919949930555556,2.7649309852083332,1.0355456284722222
2025-03-31,15385165052.25,108668939.02474585,2.2763546454166668,1.450856402777778,2.4814194252777777,1.085639986111111
2025-04-01,15455521181.868055,116288882.76853567,1.7403640619791667,1.3597480451388888,1.9106689363194442,1.0985407881944445
2025-04-02,15167316471.840279,113448571.87107742,1.8775430096180554,1.5062318854166667,1.9748749696180556,1.0656616979166667
2025-04-03,15413244563.197916,105812980.23167925,2.149175477326389,1.557696142361111,2.416345314236111,1.0190598229166667
2025-04-04,15815276623.305555,110239788.65915914,1.672465497013889,1.52352959375,1.934462816736111,1.0486301805555556
2025-04-05,16122522227.635416,114857462.10167944,1.5263166552083334,1.3973926041666667,1.5739775919444443,1.1735451319444445
2025-04-06,15734260652.59375,107007116.1269317,1.9577949695138888,1.4699453229166666,2.0505826175,1.078372465277778
2025-04-07,14260047446.95486,89477008.03969188,2.2329666666319445,1.4902171319444444,2.5283431248958332,1.0399767291666668
2025-04-08,14126608163.67014,88100912.93251279,2.3307538723263885,1.4401144722222223,2.514648306215278,1.0051359895833334
2025-04-09,14740491744.475695,95099617.0349997,1.972115830763889,1.3866234236111112,2.151356424236111,1.0648097222222224
2025-04-10,14580370492.913195,97888066.52744633,1.9016314098958336,1.4476688958333335,1.9051908987847221,1.1148530659722222
2025-04-11,14494550984.534721,99407866.02114092,1.7317542171875,1.35198390625,1.8122684421875002,1.0573155694444445
2025-04-12,15578473519.927084,111323757.03156538,1.6287174430208333,1.367414576388889,1.64905109125,1.0943180451388888
2025-04-13,15193873143.35764,111129410.59927781,1.7666633303472221,1.4855155034722223,1.6629140660763888,1.1003425486111111
2025-04-14,14872317229.975695,110903247.05352588,1.6072218284375,1.5730832291666668,1.6361983378472222,1.0475738784722222
2025-04-15,14368630064.340279,104027333.22099715,1.7131880056183746,1.5148453780918727,1.8619597285865723,1.0019188055555555
2025-04-16,14618519613.98264,104133365.19857877,1.4431241991666668,1.5415450833333333,1.665656840798611,1.035658625
2025-04-17,14793145251.524305,107202740.09832492,1.2731867782291666,1.5793009131944444,1.4405086969791665,1.0389424201388888
2025-04-18,15314182427.159721,109785733.28871042,1.2772202437847222,1.5346382152777778,1.4950142975347223,1.0675764375
2025-04-19,16021483872.802084,117302209.74399795,1.2717707998611112,1.5661877187500002,1.4057313785416667,1.0996547777777779
2025-04-20,16341567837.59375,122350332.13386655,1.4285848207291667,1.5091444756944443,1.410765067847222,1.1355870034722222
2025-04-21,16795546683.059029,131397095.66186765,1.2664548132638889,1.4403019826388888,1.2444341000347223,1.0638320902777778
2025-04-22,16539353812.652779,136018867.59466738,1.1570568241319446,1.4008597222222223,1.1659093925694444,1.0457717847222223
2025-04-23,14807792023.46875,133376786.94136474,1.5882725496527776,1.586020142361111,1.4665022859722223,0.9913998368055554
2025-04-24,15476187331.76389,133075907.15204835,1.8399309911458335,1.8139460902777778,1.6129922925,1.0483896006944444
2025-04-25,15370821880.534721,135835765.4122231,1.90604878625,1.8693425625000002,1.7941098650000002,1.0368245486111112
2025-04-26,15788978459.628471,146697837.75716555,1.9332626722916666,2.045403663194444,1.819152655763889,1.049956576388889
2025-04-27,15606895862.618055,139484898.40862706,1.9567575447916665,2.210318791666667,1.8497914853472222,1.0663867395833333
2025-04-28,15630567240.402779,138899125.07099023,1.8279176054861113,2.0012382986111112,1.8948855449305553,1.0696452777777778
2025-04-29,15243828819.520834,136634683.89500844,1.9182452740277778,2.005388003472222,1.8891428889236108,1.0591782604166666
2025-04-30,15758310572.29861,139535660.93014765,2.1117269110069445,2.1155370034722223,2.1522775408333334,1.0028484548611112
2025-05-01,15944588339.121529,141738946.24950036,1.923898509409722,2.200148138888889,1.9280571435069445,1.0754306006944445
2025-05-02,16410838162.85764,143370929.01504198,1.9135879477083333,2.1825537881944443,2.0045829031249998,1.0571872708333334
2025-05-03,16997155233.01736,142832633.6435071,1.917746424409722,2.2043640590277778,2.0837427602430556,1.0844892847222223
2025-05-04,17081406125.864584,139138242.7450349,2.0620590316666667,2.2176606006944444,2.2254284752430555,1.0478586284722222
2025-05-05,17877140101.95486,144396061.3401989,2.0104240411458334,2.107475951388889,2.3075656524305557,1.0251187430555555
2025-05-06,18555543706.916668,145596041.98360804,2.2229379820486113,2.21673675,2.434594374652778,1.0689130347222222
2025-05-07,18081255026.479168,146936745.2284586,1.891217317638889,2.151467704861111,2.016259970694444,1.1014237361111112
2025-05-08,19085303418.493057,182302803.06122667,1.6758411820833332,1.8734653958333334,1.7309324209722223,1.086727201388889
2025-05-09,19607003960.71875,236285277.43302646,2.366450289409722,2.377313611111111,2.0040711246875,1.0123498055555555
2025-05-10,19780890609.59722,256994480.4495679,2.2781018853125,2.4978290520833335,2.065852023541667,1.0103328055555556
2025-05-11,19571418065.375,260373468.28989685,2.594021292222222,3.236805208333333,2.169695390277778,1.0302428194444444
2025-05-12,20135573567.163193,284208607.8983212,2.589174109861111,3.0079399305555556,2.1967836615972223,1.0444991770833334
2025-05-13,20797337830.5,289785738.469452,2.4458892047222225,3.1882413506944447,2.1435477175694446,1.0562786180555555
2025-05-14,20957024607.21875,293700721.59645754,2.9781916564583333,3.289373,2.453191192673611,1.039342107638889
2025-05-15,21770524722.680557,293806155.3864204,2.867904484375,3.1973325347222223,2.4806551109374997,1.0267051909722222
2025-05-16,21512912686.9375,287416439.4946775,2.6410405479166665,3.155069611111111,2.3754092696180553,1.0291266805555557
2025-05-17,21600497162.913193,266719528.12547386,2.6878373652430554,2.918585142361111,2.4540221726041667,1.0461051111111113
2025-05-18,21710913190.444443,283607529.20904607,2.53063918625,2.7179837430555556,2.36025395125,1.08311853125
2025-05-19,20942378452.774307,272740014.7692146,3.002419129375,2.873468295138889,2.603189243159722,1.0359023576388888
2025-05-20,20510302052.239582,267618250.4166026,2.4888955894444447,2.8499572743055555,2.4317204913541666,1.0244283576388888
2025-05-21,21863072125.75,296585446.7785605,2.4184849797569448,2.7759597118055557,2.168808515208333,1.029970982638889
2025-05-22,22233841022.739582,318163918.3444493,2.273932216770833,2.86919721875,1.9246437514930557,1.0429350972222222
2025-05-23,24349828214.770832,370644732.94104767,2.525174728611111,3.18684496875,1.9960321582986111,1.0202429791666665
2025-05-24,23754724587.30903,330054693.89019984,2.8430221262152777,3.1022760173611115,2.6920779758680555,1.0267887291666666
2025-05-25,24111743668.26389,319876061.88327444,2.876796227638889,3.3196204444444444,2.7527462344444444,1.058704142361111
2025-05-26,24169823228.802082,335910732.1006353,2.261667440451389,3.099300875,2.3046318480902777,1.0494734027777777
2025-05-27,24068861822.979168,335490601.2757122,2.493953938680556,3.212847159722222,2.3021537930555556,1.051766861111111
2025-05-28,24167524050.711807,332657673.37905,2.3910654771527775,3.2450626770833333,2.3614221486458336,1.0128796180555557
2025-05-29,25251878305.36111,357278743.7083945,2.67070983,3.4127959166666666,2.4302120718749998,1.0611461666666666
2025-05-30,24529481519.29861,314925724.10655856,3.245260021423611,2.962243729166667,3.227263439861111,1.027789920138889
2025-05-31,22902466459.44097,262627719.88550535,2.3300542613541664,2.686387517361111,2.69874087875,1.0552351979166668
2025-06-01,21837117941.88889,254064632.9795345,1.9567895903124999,2.514229263888889,2.3972478678819447,1.080872704861111
2025-06-02,21283551369.864582,249585495.98803535,1.991008666979167,2.4079478923611113,2.3680988863541668,1.1151813784722222
2025-06-03,21005353765.59375,264328030.63829195,2.0415701447569443,2.4787146805555555,2.123259590798611,1.0450381006944445
2025-06-04,20185446852.62153,248307391.92729738,2.12010131,2.4576368125,2.2815927177430555,1.0215942708333334
2025-06-05,20442007653.180557,235591268.2691798,2.433543919965278,2.5521632604166666,2.7491259208680554,1.04188903125
2025-06-06,19501752199.20139,215212410.70524535,1.894532612013889,2.1472639583333333,2.405606297048611,1.0057851631944446
2025-06-07,18983693689.197918,216955542.27682158,1.7273603682986112,2.1197736944444445,2.0320840442708334,1.0838351909722224
2025-06-08,18969739573.95139,219906353.79397395,1.9469093518402778,2.1212893576388887,2.0376574254166666,1.0823028680555555
2025-06-09,19036736945.29514,225258089.17318565,1.9822189456597223,2.3741854930555553,2.0824731083680557,1.08821640625
2025-06-10,20442994543.475693,261498189.43085337,2.084707709895833,2.6295591805555554,1.9440297193402776,1.0596297881944445
2025-06-11,20654082344.899307,265261010.39676946,2.155091737465278,2.6249209305555556,2.0409727822916666,0.9932784305555555
2025-06-12,20039129350.09375,244188344.32956192,2.7664678588194445,2.690782527777778,2.686111805729167,1.0419524375
2025-06-13,20183678315.0625,217917413.06695297,2.383696893263889,2.2874726597222224,2.839548873715278,1.0504147430555557
2025-06-14,19651912368.78472,217101069.4686465,2.084852514027778,2.46581009375,2.3839446718055557,1.0601910416666667
2025-06-15,19156291039.631943,212519358.63130435,1.9907769425694444,2.4596304305555554,2.3461868787499998,1.0767980729166666
2025-06-16,18680649804.11111,210290325.87739152,1.8368565513541668,2.506817986111111,2.2327731394791663,1.0494026562499998
2025-06-17,20005474711.208332,206623957.4540878,2.305182803541667,2.345821048611111,2.788714863611111,1.0367079756944444
2025-06-18,20106364853.006943,204173354.72086552,2.1202698994791667,2.1161120972222225,2.5629304660416667,1.1018912916666668
2025-06-19,19376387482.98611,200241400.30146742,2.171460330138889,2.0308008715277777,2.473816662777778,1.0618378958333332
2025-06-20,20002847044.020832,201875871.5806028,2.288791212534722,2.0137118437500003,2.7080357896875,1.0736898055555555
2025-06-21,19998044610.68403,195758888.84380242,2.124776045138889,2.08906665625,2.6322310014583334,1.0131140208333334
2025-06-22,20244375872.586807,181523543.68246046,2.144083193333333,2.178056326388889,2.499757812361111,1.0381674618055556
2025-06-23,20419151731.04514,185193709.52325645,1.9602746882291666,1.9317191319444444,2.2893689513541666,1.0293068472222222
2025-06-24,19289568334.927082,192003990.35873199,1.8242300419791668,1.8561183958333334,2.0832642257291667,1.0463162152777779
2025-06-25,19291324434.12847,190315032.36443865,2.276483773472222,2.017304701388889,2.4263658676736113,0.9903445868055556
2025-06-26,20807203317.54861,195167096.34687865,2.7747806500347223,2.0467871840277776,2.9653632256597224,1.0529462743055555
2025-06-27,20583179639.00347,189201189.81517124,2.701969948125,2.278523173611111,2.995081874965278,1.0669793854166665
2025-06-28,20634446110.6875,193047539.0956335,2.402769342013889,2.151869145833333,2.6348200704513887,1.0976710972222223
2025-06-29,20367888645.743057,195946355.65501177,2.0253580793055557,2.050412402777778,2.2949084971875,1.0994583055555556
2025-06-30,20682043111.70139,204753990.3017485,2.2140413468402778,2.2820828020833335,2.352583507465278,1.0748858090277777
2025-07-01,21108791576.03472,199618719.55565733,2.0729019821527777,2.2555350902777778,2.407146271076389,1.0908874201388887
2025-07-02,21720557624.09028,210526672.66863975,1.8343381431249999,2.136295795138889,2.29765790375,1.0796495833333333
2025-07-03,22287578029.552082,229335072.25783578,2.2459118238194447,2.353896107638889,2.108712953888889,1.1093336076388889
2025-07-04,22095879039.975693,215582242.11764416,2.7787023133333335,2.4265570243055556,2.637008191944444,1.0930580798611111
2025-07-05,21482075731.32986,208629724.12289268,1.956903446111111,2.3516909583333336,2.4065355695833333,1.1185979513888888
2025-07-06,21435550544.78125,211033060.18441552,2.097026340208333,2.2798978090277777,2.44851894875,1.090180315972222
2025-07-07,21288043915.819443,212932591.04216096,2.4830997374305555,2.4477060416666667,2.4751042727777777,1.0921696631944444
2025-07-08,21426832349.79861,214353314.33753926,2.264044129236111,2.436400513888889,2.358909892465278,1.0909811840277779
2025-07-09,21611044200.88889,224325519.33762127,2.372428059652778,2.5387999930555556,2.19256187625,1.0846265729166666
2025-07-10,22594470434.895832,255552573.00186953,2.3126907449305554,2.792797826388889,1.9468864693055556,1.057369722222222
2025-07-11,23120674186.31597,293942682.3269692,2.348057792534722,3.328767559027778,1.97554931375,1.0338887430555554
2025-07-12,22813124913.01389,280201788.79262996,2.944727196458333,3.689679006944444,2.1596219507291665,1.091242375
2025-07-13,22312983659.538193,274952422.19188,2.6459701251041667,3.639376871527778,2.1291087399652775,1.0784052916666667
2025-07-14,22705523935.930557,283709370.3793602,2.43853868125,4.017971840277777,2.2120329844097224,1.0385681493055554
2025-07-15,23247366266.774307,284608307.0431517,2.5473248144444445,4.323927513888889,2.1754345423611112,1.027534482638889
2025-07-16,24650033220.788193,325137227.2522538,2.1097162944791665,3.6460315833333334,1.8449377495833335,1.0745619513888889
2025-07-17,23832769548.20139,320551678.18263155,2.6672507561111107,3.6077511458333333,2.202382714652778,1.0585824756944444
2025-07-18,23615344816.75,319519861.1170485,3.0003810927777774,3.5377397604166667,2.5714249163888887,1.0530047430555554
2025-07-19,23719388986.26736,312451311.8938067,2.9640634620486113,4.019112361111111,2.6294628446180557,1.065086375
2025-07-20,24846964741.506943,344915654.7541606,2.6410842990625003,3.6427533055555554,2.287313652395833,1.0790440069444445
2025-07-21,23873207461.118057,337338366.41961914,2.500554177636364,3.7253031527272724,2.2741800763636366,1.041908357638889
2025-07-22,24387923589.979168,338948613.7437088,2.8043749112015504,3.699622722222222,2.5134021115625003,0.9842215902777779
2025-07-23,24814643127.23264,333273139.6392128,3.416569327013889,4.0693635,2.8839987728472223,1.0301287152777778
2025-07-24,24701667264.854168,312110751.87959766,3.0747470709374998,4.092294125,2.7846735261805557,1.0613215833333334
2025-07-25,23622995246.40972,287264459.5625027,3.099683008784722,3.831200663194444,3.0014616059722226,1.04555015625
2025-07-26,23440240402.54514,295129453.72765636,2.943296324027778,4.190043909722222,2.6052408908333335,1.0529757534722224
2025-07-27,23339582881.09722,294806332.7939091,2.4402882513541666,4.359102809027778,2.3794462529861113,1.0998702430555556
2025-07-28,23729445721.100693,298378127.2224123,2.7884359966319447,4.197861875,2.6826628311805556,1.0181701423611111
2025-07-29,23219592379.743057,272003332.35290104,2.8862774597569447,3.3611383854166665,3.067855467673611,1.1421932083333333
2025-07-30,22742427969.975693,258751395.85845116,2.769045703159722,2.782604170138889,2.930865329618056,1.0618766458333333
2025-07-31,22479463125.02778,254395525.65457407,2.613141805277778,2.9189474479166666,2.7943547859374998,1.0613547291666667
2025-08-01,22385286886.586807,236512645.65613726,2.7202369723263886,2.8809757222222223,2.979354264513889,1.075264204861111
2025-08-02,21937469453.8125,226574094.94491646,2.8492742591666667,3.0546064722222224,2.9814805491319443,1.0435484270833333
2025-08-03,22137369099.27778,230041271.25387073,2.671236523298611,2.792570559027778,2.8911842748263887,1.1130170972222222
2025-08-04,22564896914.67014,238218179.67962444,2.643721831284722,2.7845597604166668,2.929929258229167,1.0807230034722222
2025-08-05,22474272053.48264,233267228.81099033,2.430848210486111,2.8934931944444444,2.748262137222222,1.114568888888889
2025-08-06,22313451978.395832,229968120.7111334,2.4172841658333333,2.7118288819444443,2.787121170972222,1.0960546805555555
2025-08-07,22230026441.333332,238402708.3361804,2.387595292013889,2.8154872013888887,2.548804727222222,1.0888751666666667
2025-08-08,22438831828.87153,254312309.6996177,2.2556888344097223,2.8463592534722224,2.3519579710416667,1.0582429409722223
2025-08-09,23987864304.59722,293298337.7468406,2.384504019861111,2.6819394340277776,2.3166889236458332,1.13968675
2025-08-10,23347736660.979168,283684246.05816793,3.409312777708333,3.3366766354166666,2.888858106111111,1.0741055069444443
2025-08-11,22426087298.49653,265236443.80967256,3.1931125425,4.023690145833333,2.9437569129513887,1.0216306875
2025-08-12,21773341480.305557,252528218.19042608,2.792625276145833,3.717047951388889,2.7825255629166668,1.1400281041666667
2025-08-13,22331472558.756943,273347647.294509,3.2565199885069442,3.697166402777778,2.8861554696875,1.0830620833333333
2025-08-14,22483833368.895832,262300096.25403726,3.8375299554861106,3.685459770833333,3.454747641284722,1.0520873541666667
2025-08-15,23013803582.9375,252364214.27375448,3.207260457673611,2.757468777777778,3.4533119068055553,1.146423954861111
2025-08-16,23366440595.90972,255409983.79552305,3.039034138506944,2.50515184375,3.302406220868056,1.0899024166666667
2025-08-17,22909285066.79514,256790750.36956152,2.875813713888889,2.459342416666667,3.118270139097222,1.08833621875
2025-08-18,21449776988.333332,230783242.76937184,3.1617385360763888,2.8700507916666664,3.358357072777778,1.0816746215277777
2025-08-19,21200923747.81597,222880393.8279641,3.1873781068750002,2.9074731701388887,3.4412690761458333,1.0588556875000001
2025-08-20,21331161094.645832,222474984.76564103,2.9604150819791664,2.861508375,3.3518133129513887,1.1041383784722223
2025-08-21,21302386374.37153,222936051.22607148,3.0637864571527778,2.7672336076388886,3.317437180798611,1.1106572465277778
2025-08-22,20880714736.694443,223425554.46913525,2.816350741388889,2.7535463541666667,3.1266870959027777,1.0358494340277777
2025-08-23,21234289896.541668,240129516.13042673,3.256981418402778,2.956838277777778,2.881376920173611,1.0750148784722222
2025-08-24,21775553123.60764,239404583.75998905,3.4983913438541667,2.912792065972222,3.2031183762152775,1.0767757013888888
2025-08-25,21695007185.010418,223097924.67995098,3.54915492625,2.8128903090277775,3.663906769652778,1.036001954861111
2025-08-26,22048383515.20139,219527496.0495405,3.0277525506944443,2.202878815972222,3.5505733788194447,1.0725039097222222
2025-08-27,20896604513.260418,211439491.78227755,2.7523655416319444,2.520357920138889,3.061844112951389,0.9837340972222223
2025-08-28,20669757628.21528,209342205.6272582,2.84354623375,2.8040577222222223,3.054325357951389,1.1099859652777777
2025-08-29,21139873504.94035,208181174.91639152,3.059734702666667,2.7312621368421053,3.184692822,1.0564305649122807
2025-08-30,21297597485.73611,210336705.43675297,2.8921253789930557,2.8733243333333336,3.1197433953472222,1.1795608159722222
2025-08-31,21575059051.819443,213024808.76167122,2.9877514865625,2.709851371527778,3.2320613348958336,1.1382240868055555
2025-09-01,21777025271.572918,207800704.7121867,2.989054702708333,2.4704768506944443,3.2945954759375002,1.1289659791666666
2025-09-02,21122357394.350693,203452742.1060152,2.7881201918055556,2.6155475,2.972520611076389,1.1414975277777777
2025-09-03,20782425565.46875,204328567.9888736,2.8117870169444448,2.564163704861111,2.7934956324305555,1.1469064097222224
2025-09-04,21043294166.072918,201895741.0602444,3.206781995798611,2.763941576388889,3.2378354308333335,1.1208322569444444
2025-09-05,21129256397.819443,203553896.15451038,3.0270390145833335,2.871046840277778,3.2951601342013888,1.1742369027777777
2025-09-06,20804463684.45486,200960557.3887191,3.091660812708333,3.0808364305555553,3.201399568715278,1.3059866875
2025-09-07,20993338875.385418,205807832.73360685,3.236274484236111,2.8598295937500002,3.2344033053125,1.2761508159722221
2025-09-08,20844106899.52778,211140247.57979843,3.3742863484722223,2.882890128472222,3.2318129058333334,1.176427829861111
2025-09-09,21283318734.19097,221498322.02121168,3.683631022986111,3.2151734722222223,3.3578196917708336,1.1057399930555556
2025-09-10,21568207878.038193,225482712.54619524,3.526196452013889,3.3583221631944444,3.203604911701389,1.1494947916666667
2025-09-11,21159185966.256943,223262665.6102084,3.4884848402430553,3.431577,3.015922647673611,1.1453329097222222
2025-09-12,21955626054.850693,238079863.3079772,3.4913921139930557,3.571560909722222,2.9735964622569444,1.1192376805555557
2025-09-13,24378343092.524307,294150440.6354386,3.5284609333680557,3.5520564097222223,2.854879805729167,1.1400597395833332
2025-09-14,23998966625.26736,278526416.327366,4.389327397152778,4.053254590277778,3.3964997439930555,1.131924170138889
2025-09-15,24574876439.34722,269872699.73110896,4.688433865868055,4.688624909722222,4.038126947743056,1.0178461215277776
2025-09-16,25446749356.166668,275731249.5886516,4.166777369826389,3.8444929444444447,4.015199764375001,1.05379009375
2025-09-17,24335266482.461807,267273461.81678593,4.123198853194444,4.131051482638889,3.941203278125,1.021008767361111
2025-09-18,23264952857.020832,266037386.72831166,3.973405789305555,4.2124830937499995,3.4774744653125,1.1297053055555555
2025-09-19,22899687739.100693,251819528.73903382,4.1406121838541665,4.377365347222222,3.5929045204861114,1.2053448715277777
2025-09-20,23871006070.385418,255716939.23190275,3.7920601193055554,3.431631684027778,3.7322445780208335,1.120423375
2025-09-21,23954677010.069443,253942624.33118036,3.5909609934375,3.3353218368055555,3.6460501718055554,1.1851804895833333
2025-09-22,21854431117.23611,213740195.3727446,3.7615606087152775,2.9744802465277775,3.7635958131944443,1.0801887152777778
2025-09-23,21165847065.25,204210469.87410843,3.504876290555556,2.4388495555555556,3.7656920725694443,1.0501015625
2025-09-24,20918884210.94097,201989232.7444093,3.507702381597222,2.455320704861111,3.770542545173611,1.0529730243055555
2025-09-25,21088716160.850693,197042043.56461138,3.6432913143055554,2.62499821875,3.740180230902778,1.0444381979166666
2025-09-26,21266064991.26736,196543053.24908406,3.494422756458333,2.7153387847222223,3.595626233125,1.0142135729166666
2025-09-27,21083176553.493057,196242051.5729089,3.634171994340278,2.7488493229166666,3.6164882188194443,1.1362800520833334
2025-09-28,21198851525.791668,194932582.8052211,3.5336004655902777,2.701415704861111,3.6004603790625,1.14956284375
2025-09-29,21302697119.79514,198805682.42117172,3.8151707354861113,2.7571063645833336,3.8935404299652783,1.0684097569444444
2025-09-30,21291515850.375,196005249.97133777,3.6233765029166665,2.573832871527778,3.775084428263889,1.0957906006944444
2025-10-01,21695138200.614582,207209626.29392797,3.6584452854513887,2.6564325069444443,3.6158972918055556,1.1044537812500002
2025-10-02,21813764684.461807,219052113.9059772,3.7404574301041666,2.5694725798611113,3.532389045173611,1.0935853715277777
2025-10-03,21430235378.03125,215329871.3648602,4.065347011076389,2.7106516631944446,3.6106004463888888,1.1616865729166668
2025-10-04,22224789763.180557,219298045.79076844,3.9250889994791667,2.4550621840277778,3.6066893161805558,1.1126727951388888
2025-10-05,22315969495.84375,221555521.4434027,3.5901524329166667,2.2883514618055556,3.396687123645833,1.0594629930555555
2025-10-06,22224735237.604168,222945477.22626212,3.4023595933680557,2.2477564583333334,3.262862315277778,1.0767735902777777
2025-10-07,22421448613.32986,221235622.7120739,3.9630850569097222,2.337268659722222,3.5508973866666667,1.1062649131944444
2025-10-08,23167585293.572918,218524608.00533321,3.472252768125,2.0549141180555552,3.6403740795486113,1.0622031840277777
2025-10-09,22491251247.9375,207851509.62378728,3.3094036900347223,2.286998982638889,3.4233348191666666,1.082381173611111
2025-10-10,22755160590.805557,200138713.01175243,3.2944353534027777,2.1579612083333335,3.4262822763541667,1.0216603715277777
2025-10-11,16912944365.89236,117640229.41912818,1.910937135173611,1.1469735034722222,2.162356311388889,0.9601392326388889
2025-10-12,14506473700.75,101496188.05151767,2.1601435113541667,1.2501966388888888,2.496077846631944,1.018593826388889
2025-10-13,13364195857.586805,102463881.19806035,2.142056611875,1.1980870798611112,2.2730837347569444,1.0431196944444445
2025-10-14,13084415418.60764,97423469.9848349,2.3270123287847224,1.2856680833333334,2.3347302076041667,1.1280289583333334
2025-10-15,12702673115.052084,93442064.71982588,2.3185501509722224,1.2274278402777776,2.430962753263889,1.072077236111111
2025-10-16,12603736427.697916,89404131.26227808,2.336459323159722,1.1436960902777777,2.562131256111111,1.0382732256944445
2025-10-17,11969009826.67361,79891519.49662691,2.4154545543402777,1.0619240104166667,2.598689666701389,1.078778545138889
2025-10-18,12067902032.64236,81292770.99673945,2.476448121215278,1.0600081597222222,2.6503820830208333,1.0786306631944445
2025-10-19,11982981280.32986,82680859.66580498,2.3278791589930554,1.0785365694444444,2.548709104583333,1.0945094375000002
2025-10-20,12090274530.104166,86338581.27989097,2.2849781411458334,1.09954178125,2.4695249800694445,1.1004509618055556
2025-10-21,12519669476.059029,88164111.7772587,2.3000379715277774,1.176280892361111,2.4229895616319443,1.0902822430555554
2025-10-22,11951614304.177084,81368891.46643694,2.322428398125,1.074518486111111,2.572095357048611,1.138379454861111
2025-10-23,12210360055.88889,83677176.84688129,2.321012235486111,1.0527220625,2.5988536912152775,1.0497173993055555
2025-10-24,13000830840.01736,92146620.70397466,2.301469071701389,1.1096466493055557,2.407809985208333,1.147669170138889
2025-10-25,13664224110.840279,97773015.25932555,2.4294165683680555,1.1048058020833333,2.373997896944444,1.175258232638889
2025-10-26,13716819998.385416,99057268.2875231,2.4642981296527777,1.0567144409722222,2.4317389788888892,1.2250572326388889
2025-10-27,14052604781.711805,101971004.26824066,2.2583061086458334,0.9815657534722223,2.3116648918055556,1.0937510798611112
2025-10-28,14173792203.35764,101194212.2542822,2.125756860243056,1.0111031840277778,2.2572101215972222,1.0999952534722222
2025-10-29,14149055099.76736,99275140.67229253,2.1099715360069444,1.0100704513888887,2.3258535223263888,1.1305427118055555
2025-10-30,14564530532.666666,97267059.04471436,2.1780476994444444,0.9072445625,2.373004802638889,1.063628
2025-10-31,15204400203.947916,99570714.98994793,1.9957397080902777,0.8208365798611111,2.364456439652778,1.0767450347222223
2025-11-01,15132455701.270834,100481676.16074331,2.040583820277778,0.8425957777777778,2.3458279559374997,1.1514679756944444
2025-11-02,15362457799.48264,102073753.41081145,2.0918912519444444,0.7883569236111111,2.362082536979167,1.1172130104166667
2025-11-03,15655517872.319445,95210792.8470331,2.0360122550694446,0.8627174722222222,2.230511130902778,1.03914590625
2025-11-04,14742593132.54861,83097045.65691727,1.8245506609027775,0.8633728472222222,2.0048806475694447,1.1298580972222223
2025-11-05,15042689352.652779,85305875.41226198,1.919457452326389,0.8506272777777778,2.0667888865625,1.1406463159722222
2025-11-06,14802014299.729166,82696240.31510606,1.873138697152778,0.8487896319444445,1.9847125056944444,1.0119522395833334
2025-11-07,15379580021.40625,89725228.0726766,1.8693659853819444,0.9447843888888889,1.9838119303472221,1.189306170138889
2025-11-08,15222087478.354166,93100157.23813573,2.1857609944791667,1.0117363333333333,2.1060406302777777,1.114287625
2025-11-09,15493895578.32639,93288745.06659265,2.128388992916667,1.040396736111111,2.1542123702777776,1.126756079861111
2025-11-10,16123758787.975695,99333359.03358386,2.131826867534722,0.9596484618055556,2.1875583480208336,1.150874045138889
2025-11-11,16422751722.934029,99042026.46167533,2.110118144826389,0.8889115243055556,2.1687647231944442,1.0879080416666667
2025-11-12,16323222184.53125,95638879.82803518,1.9261685494097225,0.9038748923611111,2.095632439548611,1.0272997152777779
2025-11-13,16352963664.402779,93663642.65272179,1.9008588775000002,0.8861965729166666,2.0507750619444445,1.0387317638888889
2025-11-14,15857598575.416666,82772195.46184409,1.9441182388194445,0.9692177430555555,2.0960282948263886,0.9774953958333332
2025-11-15,15670293299.54861,78876531.72714621,1.8892845420486113,0.9327867430555555,2.070532955902778,1.1069913194444443
2025-11-16,15864848756.96875,77734537.72331963,1.9175934763888887,0.8892464166666666,2.0568024878472224,1.0684514791666666
2025-11-17,14999600790.29861,73084818.02353677,1.9854965454861113,0.9010721284722223,2.081243557048611,1.1721895902777777
2025-11-18,15496339458.190971,74803321.33124563,2.0359442233333334,0.97050559375,2.1615087657291667,1.090579420138889
2025-11-19,16696247173.61111,79050279.6719467,2.2059328257291666,1.001397201388889,2.2688403830208332,1.0518157118055556
2025-11-20,17419266200.604168,82800956.92091617,2.260539412361111,0.9681701736111111,2.223553105763889,1.113530388888889
2025-11-21,17838167936.274307,76240212.92684266,2.1892204153819446,1.0806911701388888,2.274405240625,1.0303192256944445
2025-11-22,18447776344.70486,75143936.99200486,1.9979213503472222,0.9026000902777778,2.1194184508680554,1.09172521875
2025-11-23,18463011941.39236,77131682.36015143,2.138647202986111,0.778232454861111,2.281694444583333,1.1357679965277778
2025-11-24,17959773092.131943,77862536.21386634,2.138987414722222,0.7671667361111111,2.2862599508680557,1.028117611111111
2025-11-25,18491432124.31597,83082034.01605318,2.3336688921875,0.7876290833333334,2.422565804340278,1.1925408680555556
2025-11-26,19854434066.76736,90952101.64374144,2.4401577071875002,0.8764102743055555,2.4893003060069443,1.1291427847222222
2025-11-27,20604764064.17361,96663079.63964623,2.604918857604167,0.8523297986111111,2.6457941440625,1.1516602777777778
2025-11-28,21010935072.34375,98195983.8945696,2.6111473269791663,0.7756285034722222,2.6985674607638885,1.1215083020833334
2025-11-29,21387019762.23264,97848264.72988892,2.5215951207291667,0.7129051458333333,2.678968179479167,1.1262957708333332
2025-11-30,21325724286.305557,98221749.51671366,2.48838512375,0.7315547430555556,2.683700301979167,1.1233357118055556
2025-12-01,20632931594.739582,85150140.942408,2.3075519558333335,0.7600096875,2.533834781388889,1.0153106319444445
2025-12-02,20133517401.645832,84844012.26540333,1.868032637638889,0.7804926215277779,2.1383217984375,1.008872527777778
2025-12-03,21485353906.27778,101379396.23664758,2.0608660275694444,0.7765960868055556,2.091707655,1.1769920972222223
2025-12-04,22330317041.62847,107610063.32843238,2.3359072702777777,0.7646891840277777,2.2898714023958333,1.0587085833333334
2025-12-05,22079479947.444443,101277137.02776659,2.1998857809027776,0.8329207569444445,2.2424428370833334,1.0763523368055554
2025-12-06,21659117962.95486,95599240.70673808,2.141287599652778,0.7446989236111111,2.3701563784375,1.2052735034722222
2025-12-07,21726512844.35764,97571104.33998245,2.2761124088194444,0.7523319618055555,2.4925966969791666,1.0825756493055556
2025-12-08,22153502067.680557,104177656.39759842,2.293426874791667,0.7290551145833333,2.460858903125,1.1037316840277778
2025-12-09,22358734492.82986,106121234.99413916,2.537190020902778,0.7718739722222222,2.602422898611111,1.0624488055555554
2025-12-10,22083326702.3125,105340600.20017922,2.6809078947222225,0.7899907881944445,2.7350924374305556,1.0533994930555555
2025-12-11,22125047106.614582,99196087.05835532,2.3626580182291668,0.7287099548611111,2.6323844488541663,1.0876430833333335
2025-12-12,21350162785.88889,95539979.28121123,2.219772039826389,0.747174375,2.4554273894097225,1.0803189305555554
2025-12-13,20674641258.677082,90670366.3243564,1.9515802954861112,0.7660284722222221,2.164266637430556,1.0981707812500001
2025-12-14,20806017057.47222,88984702.39859885,1.813414274548611,0.7920859687499999,1.9868780948263887,1.0671177951388888
2025-12-15,21593525436.916668,90586308.76530774,1.732966853576389,0.7539692986111111,1.989732288715278,1.136567840277778
2025-12-16,20978806391.75347,84977541.60016018,1.7835728593402775,0.8439690833333333,2.109596507986111,1.0147459270833332
2025-12-17,19470707166.336807,78257391.34053282,1.7861792622569443,0.9174892361111111,2.0593223587500002,1.078934736111111
2025-12-18,18914815855.631943,72706466.04744406,1.6799132103819445,0.9274795104166667,1.9563921468749998,1.01856434375
2025-12-19,16752570491.28125,65788293.5964554,1.5709035377083334,0.9239265520833333,1.777311855763889,1.1700772152777779
2025-12-20,16864331893.663195,68933355.62013376,1.7644588882291667,0.9750865451388889,1.8286139654166667,1.208145295138889
2025-12-21,17003491326.993055,68804105.19907758,1.8008565907986112,0.9865093229166667,1.9009295445138887,1.1529392013888888
2025-12-22,17194348964.07986,68959589.15859182,1.726891713298611,1.0506400625,1.9249207189236113,1.0398319965277778
2025-12-23,17182625173.881943,68184686.1480731,1.7263175693055555,1.1619103472222223,1.8772608095833334,1.0703392847222224
2025-12-24,17237355910.760418,67525531.74138282,1.7181272708333333,1.225918704861111,1.8999833685416665,1.0971733506944445
2025-12-25,17190238212.243057,68684998.1068848,1.7704505471875,1.2268860208333332,1.9392429346180553,1.0815692951388889
2025-12-26,17593434096.73264,70530029.29535852,1.8282263697569445,1.171276263888889,2.016186250798611,1.123941826388889
2025-12-27,18646400030.34722,75912852.72867994,1.9069548727777779,1.1977047986111111,2.0482817008680554,1.1892346666666667
2025-12-28,19240046100.239582,80215897.93441932,2.0464448321180555,1.200075861111111,2.1128346943055556,1.2258996770833333
2025-12-29,19412508448.26736,80626418.1178799,2.239766398888889,1.0692603159722223,2.3862248291666663,1.1078559895833333
2025-12-30,19185317284.243057,78852339.98955482,2.2417063209375,1.0770910208333335,2.4358444575,1.21219609375
2025-12-31,19796167371.024307,80954476.33092865,2.471408829375,1.0140423715277778,2.680865683159722,1.17428184375
2026-01-01,20656631700.25347,88733197.21564612,2.162286294965278,1.0387624930555555,2.353293379375,1.1226149479166667
2026-01-02,25326957504.430557,138081199.3852982,1.2015797091319445,1.3243926944444444,1.236301117013889,1.038006690972222
2026-01-03,27677172315.90625,168216969.33335572,1.0775042787152778,1.417348375,1.0696334707638888,1.0924500937500001
2026-01-04,29663092949.836807,201051120.09175998,1.0321538825347223,1.498762763888889,1.129337489097222,1.0573863645833332
2026-01-05,28278466224.57986,195174981.2736249,1.0480974463888888,1.394839388888889,1.054133730763889,1.0881066215277777
2026-01-06,26462951349.524307,179494177.58453903,1.1458554376736112,1.442360826388889,1.1582780472569445,1.1130569548611111
2026-01-07,26124769300.444443,174051650.53637207,1.2173591067361111,1.5964356215277777,1.2453907044444443,1.0891162395833334
2026-01-08,24729170088.76389,155665262.13682562,1.3573451892013888,1.5717222569444445,1.385176465,1.130798826388889
2026-01-09,24610430895.256943,150755673.6509702,1.4114503460069445,1.4697234270833333,1.4940511483333332,1.1279692187500001
2026-01-10,24446412952.19097,146337306.2807925,1.4759961244444444,1.36720290625,1.5716725734027779,1.0837926111111111
2026-01-11,24489033689.993057,145180582.56026945,1.5083465603472221,1.3818501458333334,1.6390829850347222,1.1350025972222222
2026-01-12,25006799757.87153,146434970.7066128,1.5269681034027778,1.3262512534722222,1.646915043298611,1.1145101597222222
2026-01-13,24697659358.40278,147363354.93334192,1.5099577630902778,1.2908479861111113,1.6471522421875,1.0517001666666668
2026-01-14,23406303483.618057,152993031.83594114,1.546920859548611,1.8338611979166666,1.5354231862152778,1.056799097222222
2026-01-15,22580672105.399307,135853962.95465487,1.6266111072916667,2.0223838958333333,1.6483902079166668,1.173521184027778
2026-01-16,21577509705.54514,126980767.67277008,1.6656879525,1.7073510694444445,1.7602755622569444,1.1523963333333334
2026-01-17,21126447634.87153,123789878.81878342,1.765006238888889,1.671823548611111,1.829050563576389,1.2134690590277777
2026-01-18,21292112508.11111,122543062.63566126,1.8146430883680555,1.5153037743055555,1.8977797724305556,1.161769375
2026-01-19,19363382243.84375,101106403.17635389,1.7566929529166666,1.7031614618055555,1.7221078477083334,1.1912436493055556
2026-01-20,19763431720.416668,101285480.47775346,1.725274359375,1.5554589027777779,1.7103524219097224,1.1217590381944444
2026-01-21,21088998231.381943,106420236.05540186,1.7349617666666668,1.6192070694444445,1.7910891505208335,1.1811889687500001
2026-01-22,21190062516.37847,107185577.28388579,1.8572044587152778,1.5377663055555555,1.8704617765624998,1.1017428645833334
2026-01-23,21731635205.15625,109005799.02188188,1.7681934527777778,1.44035634375,1.8165722921180556,1.0972330069444445
2026-01-24,21642915338.135418,108735642.19066161,1.8172148519444444,1.3026406701388888,1.8849396422222222,1.2044573576388888
2026-01-25,22221637419.23264,108636907.50645506,1.8268694127777776,1.5003285694444444,1.8959635424652777,1.3338827534722222
2026-01-26,22632796300.166668,110796622.8897757,1.8219751763194445,1.4627924756944444,1.9000487429166668,1.10096440625
2026-01-27,21015455240.59722,105520999.26752049,2.167857791354167,1.5234218194444444,2.160996479375,0.9952165555555555
2026-01-28,19739195846.34375,98873769.97113197,2.2042016175347223,1.6581363541666667,2.1419234474305555,1.0653699340277778
2026-01-29,20020958473.663193,95764467.16173202,2.0404083909722224,1.7358999409722222,2.0288104956944446,1.1200372847222222
2026-01-30,22570495816.90972,104347897.80508813,1.8988212189930556,1.5626971354166668,1.9646849503125,1.1148487847222224
2026-01-31,23350987388.375,101564560.95031492,1.9214629553125002,1.3785528784722223,1.9307929006249998,1.0923999965277778
2026-02-01,21664295789.586807,91288009.19649804,1.817828685625,1.401938642361111,1.7698918011805556,1.0650143993055556
2026-02-02,21178516519.75347,88926599.81188366,2.0808244029861114,1.4560361840277778,2.029530264201389,1.0263731631944444
2026-02-03,20326277017.350693,85709353.69460271,2.0726760554513888,1.5425581597222222,2.027787423715278,1.0658522222222222
2026-02-04,19808076754.45486,83066125.75622617,2.0695456680555555,1.6039053020833334,2.0441734076041667,1.0454983854166668
2026-02-05,20534663719.02778,79776199.97500585,2.086386338472222,1.4755405243055555,2.0468326952430558,0.99593365625
2026-02-06,19277024312.180557,71182158.48279057,1.7706887720833333,1.1960465347222222,1.6805510949305555,1.1172813229166667
2026-02-07,17767336457.5,68379208.40839417,1.9681509597569447,1.2087113333333332,1.736053394826389,1.090728763888889
2026-02-08,16912099056.038195,64536043.61864939,1.9503732936805553,1.3081659409722224,1.7729765532986113,1.038946170138889
2026-02-09,16766415295.04514,63079676.83334509,1.898323774826389,1.3063543194444445,1.7348591014236112,1.0642289166666667
2026-02-10,16803368531.777779,62070249.59017123,1.9290291120833334,1.4119341319444443,1.776712071701389,0.9634442395833334
2026-02-11,16213124020.288195,58146828.76429981,1.7631608389583333,1.4865520277777777,1.6756791300694445,1.0553356770833333
2026-02-12,16182024153.194445,59335809.07643166,1.7397139797222223,1.5878324652777778,1.6269264650347222,1.0687499027777778
2026-02-13,16893798970.42014,62944588.47862714,1.9716730363541666,1.7420755625,1.7811974096527778,1.1274112916666668
2026-02-14,17867888291.520832,74165469.1085657,1.9868147011111112,1.7905895868055555,1.8667285513194445,1.1161211597222223
2026-02-15,21589287990.76389,100956408.98556533,1.9825265759375001,1.8845056006944445,1.6163993998958333,1.1016020416666668
2026-02-16,19545083343.9375,87382957.08829182,2.266689766875,1.5856406215277776,2.0593193623263892,1.1572939375
2026-02-17,18248437796.100693,80456753.47538947,2.2132824457291664,1.4615307430555555,2.0067392603125,1.0315389340277779
2026-02-18,17735066499.90278,76935418.46826904,2.2496361865972223,1.4703163055555555,2.062812752326389,1.0507480590277778
2026-02-19,17718602828.4375,74563927.21137926,2.2114952171527777,1.4157268020833333,2.0565723482291665,1.0851577569444446
2026-02-20,17093456371.996529,72160776.06672616,2.126660496215278,1.352260263888889,2.058728955416667,1.1054373680555556
2026-02-21,16404688817.600695,69802227.99580774,2.0992032609374998,1.2639566736111112,2.0251303026736114,1.093428388888889
2026-02-22,16162120927.15625,65874001.3872709,1.8381804167708333,1.358853923611111,1.7805320252083332,1.1623022291666667
2026-02-23,16992598887.71875,68168733.13250561,1.8274610620833331,1.2357938888888889,1.7195199648263888,1.09634259375
2026-02-24,17896282750.29514,70223581.1560226,1.8602512816666668,1.2530183125,1.8130001036111112,1.1246567847222222
2026-02-25,17682020969.84722,72654961.77666503,1.7811969492708333,1.289457746527778,1.7482976232291667,0.9838165520833333
2026-02-26,16826251152.777779,66720055.017809376,1.9150309204861111,1.503154378472222,1.7834169309375,1.0676151458333334
2026-02-27,18937031688.850693,71244272.79650572,1.6972610970138888,1.2958390381944445,1.6902197773958332,1.0668803194444445
2026-02-28,20105026072.864582,71744694.15633345,1.6330021069791667,1.3926672604166666,1.5934740512499999,1.0918247604166667
2026-03-01,21142949763.59375,75096605.31128472,1.6524123226041665,1.3429446041666668,1.5631211645833334,1.025975454861111
2026-03-02,22918141442.961807,80333596.92952015,1.5964217490972221,1.2332085868055556,1.5577805864236112,1.131714329861111
2026-03-03,23345446035.90972,80661119.53525671,1.6487236888541665,1.2852307743055555,1.5850834350694445,1.103040878472222
2026-03-04,23907438973.25,85451239.8785701,1.6673052834722222,1.2935060381944445,1.5839483172222222,1.0585868194444443
2026-03-05,22963317352.288193,81328403.89113307,1.8436374843055556,1.5269274513888889,1.7106458147569445,1.0263687291666668
2026-03-06,23915868953.552082,81986150.23852266,1.843383148263889,1.3750351458333334,1.7755656792361112,1.139177826388889
2026-03-07,24686786781.270832,81893558.47533734,1.853663926076389,1.2442402743055556,1.7765377755555556,1.0346125520833334
2026-03-08,26478492798.90625,84787557.63369967,1.843503638263889,1.0986191631944444,1.8178074052430557,1.1035168854166666
2026-03-09,26865139279.118057,87993356.2669658,1.8029070419444446,1.1130008229166668,1.8018933186458332,1.1572609062499999
2026-03-10,26817069646.069443,89786702.85982135,1.8457322853819444,1.0996316979166667,1.7853928803819445,1.0553848854166668
2026-03-11,25865840748.743057,85702542.45594454,1.8936246947222222,1.113451579861111,1.7968796042708333,1.00091390625
2026-03-12,25782117889.78125,85349347.85687727,1.9306750809027777,1.1546603368055555,1.8467385609375002,1.019793392361111
2026-03-13,25612369319.26736,88629803.69442669,1.9208688205902777,1.3175471041666666,1.8131863119097222,1.0681241180555556
2026-03-14,24480039413.45486,82075499.24296054,2.0064956390625,1.2596250763888888,1.9191665517708334,1.139988361111111
2026-03-15,25498934254.78125,85762250.92683896,1.9890129113194444,1.1862512118055557,1.9621858122569447,1.1041027395833334
2026-03-16,25853334000.87847,100164783.7117846,1.4998858531597223,1.3281470277777778,1.4043850968055556,1.04911665625
2026-03-17,24551912773.086807,92552680.00171405,1.8106218609027778,1.56565709375,1.5932140763541667,1.089396454861111
2026-03-18,23207589345.229168,83386359.46431543,1.953556516076389,1.6024088333333333,1.8762518223958335,1.1044195243055555
2026-03-19,22411020442.43403,77028527.70623563,1.950822638923611,1.5352956319444444,1.92468225375,1.15952490625
2026-03-20,23263269384.61111,79732191.43771645,1.959263490486111,1.3865733020833333,2.0059360428819444,1.1241088229166667
2026-03-21,24002450224.395832,82163251.99906737,2.071540816875,1.3174317777777778,2.109558548576389,1.1252268298611112
2026-03-22,24037827013.11111,79514268.52860314,1.910838511736111,1.2172356215277778,1.9572572965625001,1.0552630208333333
2026-03-23,24004657742.9375,81343818.3169448,1.8434230022222222,1.2159503333333332,1.888806159826389,1.1843243888888888
2026-03-24,24076288266.600693,82695267.59107868,2.0428023471875,1.1280191145833334,1.9945346260416668,1.1379798402777779
2026-03-25,23445312827.024307,83048914.779369,2.074158827048611,1.1662804826388888,2.0057046707638886,1.0964886840277779
2026-03-26,22260412443.03472,76401912.6265209,2.187328815972222,1.3000488020833334,2.0878798050694445,1.06050034375
2026-03-27,21929293028.052082,73039155.13095906,2.160289877673611,1.3763792604166667,2.1662634414583333,1.0991177152777778
2026-03-28,22485364942.36111,74566945.66362074,2.001778738611111,1.40343403125,2.0620426854166665,1.19273265625
2026-03-29,22921936079.63889,75238791.26982783,2.0508125530555557,1.3443564131944443,2.095724192465278,1.060733659722222
2026-03-30,22034217979.430557,73781842.31652746,2.0869913039930554,1.4081026354166668,2.045142885451389,1.11169546875
2026-03-31,20761008813.40625,69783540.36345188,2.208429467673611,1.7241286145833332,2.12755938875,1.1721308055555555
2026-04-01,21006026140.54514,72103264.77645946,2.3795548077777777,1.8267492222222224,2.1956837725694442,1.1712685868055557
2026-04-02,20214866010.38889,67153292.19654302,2.3176099108333332,1.7604005520833335,2.186757472152778,1.10871096875
2026-04-03,20448519360.9375,70096516.93651277,2.1959977897569445,1.7693665277777777,2.0601478918055554,1.1777743958333333
2026-04-04,21077035318.89236,71323985.74208266,2.5854734638541665,1.8640141666666667,2.4056047777430556,1.17764159375
2026-04-05,20689062185.84375,69199668.78597565,2.4069199722569445,1.6902906944444445,2.269371668715278,1.0769560624999999
2026-04-06,21796503169.711807,76165944.41843969,2.213461449513889,2.009400826388889,1.9304577732986112,1.0529541284722221
2026-04-07,21351870255.725693,72670383.17749006,2.2050001822222223,1.5513443263888889,2.0736649978472226,1.1815847395833332
2026-04-08,23606140410.77778,85914614.90560117,2.1841736396527778,1.561745253472222,1.8845825921875,1.1890843645833333
2026-04-09,22268353841.28125,77992351.02015437,2.485969605173611,1.6481131354166667,2.3099132089930556,0.9778952534722222
2026-04-10,23067162642.555557,81931361.76839715,2.4215544021180557,1.5453822986111112,2.2853780117708333,1.1160937222222223
2026-04-11,23753341647.19097,85933996.28378013,2.5577129163194443,1.5969836180555557,2.3035175944791666,1.1542289652777777
2026-04-12,24046288356.21875,84156705.32575032,2.6820599214930554,1.5109292291666667,2.521393003263889,1.0282052430555555
2026-04-13,24403282537.979168,85940707.8540742,2.355894743090278,1.4705627569444444,2.251410094409722,1.2093418055555556
2026-04-14,24790158955.006943,90972133.83984384,2.476085207152778,1.5865117083333333,2.1343824885069447,1.0419887465277777
2026-04-15,23383171638.461807,85008508.4791581,2.617747293888889,1.6418316145833334,2.360734592152778,1.1328854236111112
2026-04-16,26066474134.80903,101009300.78568864,2.6619692484375,1.7275663020833332,2.3702428376041667,1.0354098020833333
2026-04-17,25453460483.211807,101105108.52322096,2.822437311111111,1.9884683611111111,2.4277764127430554,1.0627394131944445
2026-04-18,24590306020.024307,94993003.54704146,2.802328062361111,2.011511388888889,2.4542971098958333,1.1393539131944443
2026-04-19,24071608569.697918,90114040.4613376,2.7111362684027775,2.1244190104166667,2.4950138885416666,1.0432357673611112
2026-04-20,23413408599.927082,87779987.34740634,2.682466897083333,2.089444246527778,2.520815625277778,1.1540505416666667
2026-04-21,23253959880.770832,87695408.55254589,2.8162834421875,2.0213777743055554,2.5258184013194445,1.0886251770833333
2026-04-22,23838278953.614582,92600015.84348118,2.6233409990277776,2.0520103993055554,2.3406210387152777,1.1235273472222223
2026-04-23,22641746061.86111,85688846.12510034,2.6618185691319445,1.976565559027778,2.4533171184375,1.0762086180555555
2026-04-24,22580239025.30903,86957491.0046262,2.5172336751736113,1.9037914687499997,2.2310138055555555,1.1618649409722221
2026-04-25,22656013745.399307,87233281.4147643,2.5864922505902777,2.03851196875,2.2696698759375002,1.1143837534722223
2026-04-26,22754342885.93403,88439728.3476386,2.461254738958333,1.9715540277777777,2.1638901691319443,1.2855520729166665
2026-04-27,22534054828.149307,87068933.86357869,2.541694166458333,1.767279545138889,2.3294074105555556,1.1225390347222222
2026-04-28,21707203067.697918,83939533.05864654,2.374044905972222,1.8968831388888887,2.1173860180555555,1.1456467395833334
2026-04-29,23423632730.74653,91498045.96321395,2.526482190034722,2.1400342083333332,2.3015685924305553,1.1523101319444444
2026-04-30,22776349888.694443,88355898.44304715,2.4450954269444445,1.84428896875,2.321281334895833,1.1535351805555556
2026-05-01,22786238305.114582,89995478.54294685,2.345089648194444,1.9663404930555555,2.1347616915972223,1.0859519826388888
2026-05-02,23112893126.229168,91217988.39612773,2.2991072043055554,2.065791375,2.0888255764583334,1.27742546875
2026-05-03,23869546468.743057,94250060.26868097,2.348657199375,2.1499653125,2.1315758297916667,1.2043393784722223
2026-05-04,23920844302.26736,96104642.50562821,2.275477033125,2.0423138854166667,2.079804610625,1.085321982638889
2026-05-05,24431306177.868057,99707355.34199344,2.330663016631944,1.894776371527778,2.177234700138889,1.1201075208333333
2026-05-06,24487135236.93403,102490764.03920196,2.655130935659722,1.9587214513888886,2.4473180832291668,1.0799616215277779
2026-05-07,23069459341.0625,95867638.84879695,2.6502340611805555,2.0981070625,2.3861105536805556,1.0579308506944445
2026-05-08,23342171813.96528,98365302.69432989,2.588448863159722,1.9278104027777776,2.3134503642708335,1.1219974340277779
2026-05-09,24209999461.12847,104037936.20409888,2.6809123158333334,1.9465018680555555,2.334122294583333,1.1885630555555555
2026-05-10,22699940225.07986,97706413.15118046,2.6556906152430555,1.999193253472222,2.329839033854167,1.2283302673611112
2026-05-11,22196877709.62847,96209782.9826739,2.705890210208333,2.002110923611111,2.467877972256945,1.0943972743055557
2026-05-12,21996507422.53472,92572619.14114259,2.5880638603819444,1.9352232222222223,2.317889995173611,1.040560152777778
2026-05-13,21165961340.038193,87455766.73461255,2.1760357619444446,2.0480923020833335,1.9456670794444446,1.0868727083333334
2026-05-14,20944729464.072918,85518174.86317168,2.029012692708333,2.1879395208333334,1.7678415663541667,1.1121032534722222
2026-05-15,20657211320.06597,82302780.647219,2.090226998888889,2.5958773125,1.7621609607638888,1.1370320659722222
2026-05-16,20319107953.00347,77117422.30855285,2.0026421433333335,2.222110923611111,1.7077545310416666,1.0855229236111112
2026-05-17,20178972927.010418,75723229.51656924,2.0092034084375,2.277744548611111,1.7423463857291666,1.206182892361111
2026-05-18,18393547902.645832,67163705.37277144,1.8763999263888889,2.48218371875,1.6129557735069444,1.2378935243055555
2026-05-19,18006603139.666668,66061274.82051478,1.9670839105555555,2.569449996527778,1.6869612900000002,1.1905417708333335
2026-05-20,18100917940.51389,66815856.12338968,2.0402138419097224,2.3865145868055553,1.8183875031597223,1.1451259791666668
2026-05-21,18405967532.989582,69364794.0587428,2.1239356762152775,2.2841475069444446,1.8481896237152777,1.1386941319444446
2026-05-22,18501867268.12153,69579889.59471942,2.1584980880555555,2.227485777777778,1.8607351117708335,1.1509819270833335
2026-05-23,18640510255.583332,66604825.5591898,2.0245135295833334,2.1780998437499997,1.7588253632291666,1.1885200972222223
2026-05-24,17604761766.354168,63417545.13143476,1.9995712327430555,2.259285232638889,1.6900462710416668,1.1588058229166667
2026-05-25,17940737669.51736,64657906.48584839,2.107211772673611,2.1968395729166668,1.8013972059027776,1.2136969756944445
2026-05-26,18192334161.743057,64701105.95114288,2.1309947108333334,1.911123041666667,1.8578765432986113,1.1893916944444445
2026-05-27,18532089122.427082,65250956.61173521,2.140982525902778,1.75404171875,1.8706347688888887,1.114599079861111
2026-05-28,18231591581.881943,61539915.10736312,2.0885174530555557,1.6493398715277778,1.8139444549652777,1.0371518750000002
2026-05-29,17051202697.496529,57803622.47768435,2.1424826214930555,1.8641410347222223,1.839514685277778,1.09014803125
2026-05-30,17050750973.472221,58392847.31081045,2.2011554416666663,2.0482392881944445,1.8953460531944444,1.2098812291666665
2026-05-31,18084566396.552082,61756431.30761974,2.2674889814583334,1.9580986666666667,1.94736180625,1.1334515034722221
2026-06-01,18153347901.368057,61477943.60842177,2.2927943532638886,1.9776923333333332,1.9547381025347224,1.0799248750000001
2026-06-02,18469003824.350693,60672092.67805285,2.2750767068055553,1.9040986145833334,1.9305899869791665,1.0665629895833333
2026-06-03,17417038049.541668,55196592.54243325,2.1499899089930556,2.069350673611111,1.852974803125,1.0451884722222222
2026-06-04,17041913639.010416,51083343.24238155,2.1136796643055558,2.11200659375,1.7970813333680558,1.0259335625
2026-06-05,17088243646.368055,47545349.45053748,2.1236134144791667,1.9594356215277777,1.824104030138889,1.0363926145833333
2026-06-06,16963628360.291666,45236315.596036315,2.0812392603472225,1.933857861111111,1.843884165763889,1.0654715381944444
2026-06-07,17112006793.006945,47069860.98871736,2.1011398530555554,1.8986245451388888,1.9018258580208334,1.0630000833333333
2026-06-08,17028088104.430555,47890079.02195361,2.1865314171527777,1.9011242291666666,1.8767604698958331,1.1097184756944445
2026-06-09,16875881579.729166,46983638.453095965,2.1880702055208334,1.7196132465277776,1.8825957137500002,1.0404659201388888
2026-06-10,17425196887.97222,47492851.21376774,2.1603339743055554,1.6212135555555556,1.900262647152778,1.0497889375
2026-06-11,17407083951.975693,48137333.24668452,2.1676569280555555,1.6935068506944444,1.9389632474652778,1.2237602777777776
2026-06-12,17438678967.895832,48999786.79192807,2.2599630186458333,1.791693482638889,1.9920868074652778,1.0923547152777777
2026-06-13,18221919399.42014,51701871.56766911,2.346067000381945,1.6678369548611112,2.0906493292361112,1.084808892361111
2026-06-14,18494098966.899307,52184773.341953956,2.34642211375,1.702204111111111,2.0558570488541665,1.19008975
2026-06-15,17888495666.822918,52913714.943857364,2.283974909861111,1.8510126180555555,1.9679374839236112,1.1906860243055555
2026-06-16,17969246935.114582,53112594.233289436,2.3339670371875,1.8119458159722224,2.1138937205208332,1.113553420138889
2026-06-17,18095082602.583332,53546848.87248227,2.3488085139583337,1.8939015937500001,2.144074794513889,1.0688675520833333
2026-06-18,17729716269.19097,50909313.715866186,2.398279055451389,1.8364939375,2.2349013073958335,1.07941828125
2026-06-19,16935129153.746529,47626502.90165975,2.138858399791667,1.73248465625,1.9638552011111112,1.0500721944444444
2026-06-20,16740752012.88889,47398853.55049387,2.076177357291667,1.7701821944444445,1.898147402847222,1.1727649166666667
2026-06-21,16498756004.909721,46684576.46367289,2.0558181912499998,1.7288148437500002,1.8574835280555557,1.1710766736111111
2026-06-22,16128945763.371529,45797308.536975995,2.127278103125,1.8634852395833335,1.8704201261458333,1.1372902500000002
2026-06-23,16784667061.01736,45839180.94741957,2.107876814965278,1.82206421875,1.8124960224652777,1.0816227430555554
2026-06-24,18789488249.38889,48899929.31342253,1.8871359620138888,1.652995201388889,1.6087707179513888,1.0440537430555556
2026-06-25,19810890362.055557,48378827.80461327,1.7967123174652775,1.67756965625,1.5419838048958332,1.1066857118055555
2026-06-26,20753690502.600693,48892892.964565724,1.7100075200694445,1.9631438993055557,1.471677188923611,1.1611640694444445
2026-06-27,20566256337.0,49069030.994448304,1.69176136,2.225031,1.46514315,0.852038
