date,oi,oi_value,toptrader_acc_ls,toptrader_pos_ls,global_acc_ls,taker_ls
2022-09-09,7751858.984732824,3338782.6587039256,,,1.6237892807480623,0.9910148457290077
2022-09-10,16852071.274305556,7449197.011751049,,,2.0861696134284182,0.9718263515399305
2022-09-11,31996183.427083332,13571287.557533465,,,2.345433856583835,1.0078547763038195
2022-09-12,47821504.222222224,17613141.001106452,,,2.232061134378478,1.034004411709028
2022-09-13,59411998.791666664,20662661.76011443,,,1.7375861849024459,1.0043748510274306
2022-09-14,75841350.3298611,23286635.760202363,,,1.2963369214398655,1.0475220101376308
2022-09-15,75578066.62152778,20272201.11617497,,,1.4244144396871286,1.0857514547347222
2022-09-16,86562825.08680555,25407079.7411291,,,1.2074597980726611,1.0567316874774306
2022-09-17,96448064.16666667,29705990.22365792,,,1.1788678134974027,1.0711862692430556
2022-09-18,105053672.4236111,31090121.372091193,,,1.4990974042198661,1.050129510284375
2022-09-19,107455203.1388889,31571280.149451844,,,1.548071213263889,1.0655963679166667
2022-09-20,105629309.76041667,31345487.972972885,,,1.681245034861111,1.0466526605555557
2022-09-21,114086195.36805555,32652410.70745637,,,2.1953076852430558,1.037930763263889
2022-09-22,124562921.37847222,34569186.91829756,,,2.768286514638457,1.0536414324197918
2022-09-23,124046908.15972222,32437070.52511795,,,3.0572278509455266,1.0406044998072916
2022-09-24,123020672.81944445,30059808.12050061,,,2.672682814233353,1.056527444160764
2022-09-25,133528820.5625,29925817.260542043,,,2.86733291958592,1.0503226476284722
2022-09-26,178102634.94791666,48503103.400412664,,,1.076419826608076,1.042564830857639
2022-09-27,187830912.46875,53834392.55733425,,,0.6102445957535669,1.041798016517014
2022-09-28,153227608.96875,42025998.69123736,,,1.0184145022456919,1.0259454077246528
2022-09-29,156623038.0659722,43382479.41759734,,,1.2554277608239455,1.065951652279861
2022-09-30,167285602.8784722,49167450.94233152,,,0.9472889877410408,1.0708341656392362
2022-10-01,168818558.28125,50594590.627355985,,,0.8958846250625742,1.0389367415777777
2022-10-02,187146215.3159722,63530934.318699256,,,0.7988005887747575,1.0318954781958334
2022-10-03,191187342.07291666,61417957.76717325,,,1.285710392917222,1.0214893485229168
2022-10-04,208840300.64583334,64759523.25541295,,,2.01027280629741,1.0125266326381945
2022-10-05,220205022.9375,66765280.59625815,,,2.3165564882108756,0.9866332210059028
2022-10-06,222857720.4513889,65728520.76269894,,,2.644459807558546,1.021272116170486
2022-10-07,218364378.23958334,63380519.30361536,,,2.809961079704911,1.0256781800555557
2022-10-08,219743380.2847222,63837881.374255486,,,3.104825696193915,1.0240247728156249
2022-10-09,228839271.2222222,67791410.63424592,,,2.5169396154539254,1.006711040854514
2022-10-10,231945852.3125,69720919.54297034,,,2.229635812413228,1.0065041660350693
2022-10-11,219129995.8263889,61615955.929964155,,,2.531292054975362,1.0469943518333333
2022-10-12,217237860.74305555,62258474.31550857,,,2.477191670052775,1.0405439383204862
2022-10-13,204941182.1111111,56670327.3226045,,,2.6303963081794604,1.0451585491395834
2022-10-14,189061910.46875,52793333.58188248,,,2.436384868742199,1.033432410259375
2022-10-15,194533325.09375,52544038.98225454,,,3.2362156235738833,1.0606917389475694
2022-10-16,198639242.8472222,52373421.489105895,,,3.9622041138778377,1.0772068522486111
2022-10-17,199889962.9201389,52886871.20170459,,,4.228886828939307,1.1142678012003473
2022-10-18,191923477.4965278,50097645.22297917,,,3.817805313045748,1.1380986435746527
2022-10-19,190588894.00694445,47391494.874341644,,,3.4882755961147995,1.0860160713989584
2022-10-20,191142010.01041666,47315062.02909259,,,3.726292019090322,1.0783774008069444
2022-10-21,187042595.91319445,43990968.024838805,,,3.575143291213552,1.0443872372850693
2022-10-22,180163468.25694445,42041408.32147959,,,3.54734076969035,1.135035956857639
2022-10-23,179391264.91319445,41917354.44998858,,,3.5502098239696367,1.1035744836635417
2022-10-24,174517274.58333334,40700197.480302565,,,3.625682525528523,1.1109585095104166
2022-10-25,172668740.3888889,40370958.6343049,,,3.9329853022845946,1.0948908508128472
2022-10-26,160205269.4236111,39098390.75974192,,,3.3267903859647516,1.0578644632652778
2022-10-27,155713095.75,38022685.9456297,,,3.742697013507283,1.0664157776163194
2022-10-28,155094798.39930555,37847607.19321391,,,3.9041524773181564,1.0560051026520834
2022-10-29,149367374.7951389,36248379.974100016,,,4.748477036146978,1.055243187451736
2022-10-30,153922318.71875,37643546.15746975,,,5.016731767988878,1.0405414915819444
2022-10-31,154108177.26041666,37733303.47619069,,,4.933523731424613,1.0022317427149305
2022-11-01,153856619.53819445,36660241.68911963,,,5.796661928165807,1.0552698174263888
2022-11-02,143320684.9375,31433276.72874725,,,4.688622127165751,1.0849272293399306
2022-11-03,145460915.2048611,32138743.266448796,,,5.278573126224761,1.0612175303493057
2022-11-04,138658955.76041666,31660299.769577995,,,4.9616353139579745,1.0581279795944445
2022-11-05,113899279.79166667,28816538.869583692,,,2.976720666950844,1.0714318870965278
2022-11-06,108357934.4861111,26666697.20741932,,,3.621999870114268,1.050613321207986
2022-11-07,94949002.19791667,22160254.06553432,,,4.441092791795888,1.0201083767600696
2022-11-08,92486524.60416667,19877369.08503049,,,4.5210065668981505,0.9672049654697916
2022-11-09,86070266.8888889,15351567.99756513,,,3.105142425136891,0.9990437407826389
2022-11-10,71238744.09027778,13792955.488837415,,,2.4901607621987236,1.0240129872399306
2022-11-11,63827951.60069445,12284684.075134678,,,2.6899145031797227,1.0183157665003473
2022-11-12,61206753.371527776,11228864.182902988,,,3.0579361278564803,1.1365861901854166
2022-11-13,61099842.95486111,10946375.254484367,,,3.1713018775779798,1.0567308672479168
2022-11-14,61026771.77430555,10320009.135096913,,,3.012294414428855,1.0448197643833332
2022-11-15,55500441.70486111,9830370.582815688,,,2.986389000494856,1.093805254367361
2022-11-16,53525805.17013889,9692202.876325361,,,2.8215635554247207,1.1107525327645833
2022-11-17,58783976.10763889,10226499.341215445,,,3.5898991669657923,1.2238211503822916
2022-11-18,63218896.854166664,11114837.164797839,,,3.557673242177927,1.1653814376611111
2022-11-19,62384204.003472224,10852552.142617207,,,3.891150947736798,1.234898834045139
2022-11-20,61512049.70138889,10418844.277395599,,,4.223478144303153,1.5683039756063606
2022-11-21,63933849.32986111,9846361.647393463,,,3.824110490309911,1.108099501244097
2022-11-22,58632463.79861111,9032636.570758305,,,3.8041932157738194,1.0704032656982638
2022-11-23,57111948.333333336,9330339.509450568,,,3.3895945102149887,1.1239807512815974
2022-11-24,57655065.041666664,9380172.006320478,,,3.6206898206581277,1.1970867885666667
2022-11-25,55499995.22569445,8784344.399599694,,,3.892903031377625,1.1167439422284722
2022-11-26,57122891.77430555,9210819.134473372,,,4.067394518403763,1.1964289383434028
2022-11-27,60719486.125,9857938.628408173,,,4.1378687213703875,1.2416960376052082
2022-11-28,59893074.10069445,9426470.05324669,,,4.3186893534804645,1.128424784045139
2022-11-29,64186311.097222224,10278967.565982066,,,4.108561576317122,1.269178261303125
2022-11-30,65626304.159722224,10661032.727494434,,,4.098100462812087,1.2024597395052083
2022-12-01,65659488.95138889,10761129.21476998,,,3.971449351892823,1.3253799598381943
2022-12-02,107348033.2986111,19446607.549737584,,,1.943846777573694,1.0117308863270833
2022-12-03,107950524.59722222,19356036.76886876,,,2.430925449506282,1.1195379400253471
2022-12-04,97882563.2986111,17088044.704601984,,,3.187111765148001,1.0985669087447918
2022-12-05,94635184.52430555,16615634.33649225,,,3.465518692797927,1.1143104061402778
2022-12-06,90702644.03819445,15654693.917621357,,,3.7679999512994757,1.2430707141069446
2022-12-07,90057559.18055555,14976280.2041315,,,4.209012806179169,1.1302078273975695
2022-12-08,94227944.22569445,15970221.070684783,,,3.2461797984629843,1.1365203667420138
2022-12-09,98462508.03125,16979376.259253573,,,2.6781528908346526,1.1562802406840278
2022-12-10,97289909.48958333,16668601.79118351,,,3.290317347976699,1.2393105614604165
2022-12-11,98138699.50694445,16696236.690922827,,,3.8153817915752595,1.2150477330607639
2022-12-12,98120397.42708333,16350485.949687488,,,3.9321532099561427,1.180894683988889
2022-12-13,97751976.14930555,16348849.680782745,,,4.126123347591764,1.1781350518003473
2022-12-14,93107277.91319445,15609950.596495943,3.2913309638622286,1.1187890141107844,4.343802255448986,1.2546225572371528
2022-12-15,92179129.38541667,15047822.866887024,3.489990532179065,1.0257463199069443,4.886850911589665,1.184825372134375
2022-12-16,89112243.61458333,13975856.299982894,3.7477923661589188,0.9925811352708332,5.123427375890299,1.2133917420625
2022-12-17,78652937.10069445,11048894.521053625,2.6901061262207646,0.9816785451215279,3.602057481949618,1.1204865038083334
2022-12-18,75889197.78125,10736251.934739443,2.4947901495130664,1.0066376196923612,3.423350726028799,1.3990605064409722
2022-12-19,75761006.63541667,10414103.128310772,2.6561370588022895,1.0248430624774305,3.661572563776351,1.2431462111517362
2022-12-20,79284194.79166667,10597649.49946518,2.671664594630674,1.0698165104260415,3.6442820409848227,1.198968434459028
2022-12-21,81974131.875,10630229.115305627,2.9277117188596824,1.0801763945809029,3.728551790209111,1.0982897805711807
2022-12-22,98748328.1875,13237060.97297328,2.481152115256441,1.018170601082986,3.0379013032447575,1.097902237415625
2022-12-23,110070936.20833333,15346643.549263068,1.8342510001458368,0.9412678055986111,2.066784122731281,1.1003551723774305
2022-12-24,130072731.57291667,18796925.313237958,1.2081578797136825,0.939408678742014,1.2267724251411092,1.2065810600524305
2022-12-25,119459951.84375,17223635.465972275,1.2289222711630725,0.9624436541430555,1.237562248367255,1.2304149609048611
2022-12-26,138487798.7048611,21283167.794083443,0.9245313586140959,0.9749840337736111,1.046399634446276,1.1294976501979166
2022-12-27,187295446.4722222,32222550.83818543,0.6746245816976729,1.017777548889236,0.732373083587183,1.0704860243291667
2022-12-28,177328822.8125,28419789.43044865,0.900744453686925,1.0547706034704862,0.8770846063194839,1.0560151458180556
2022-12-29,152690833.3125,22662954.05066438,1.3854384890091123,1.047088104409375,1.6726839422068895,1.0642941759184028
2022-12-30,136607016.7222222,19926913.369964574,1.555737643894852,1.032760254205903,1.853924572842841,1.0666631569458334
2022-12-31,131179701.84722222,18934559.487552155,1.6362461042923186,1.0330602548989585,1.9503888634335427,1.091018566326389
2023-01-01,138942588.9097222,20556704.443906803,1.5679353988307223,1.01411739291875,1.8886109965722053,1.1646158586895834
2023-01-02,134126147.7048611,20543420.803211205,1.4648969096645101,1.0266618034645834,1.9101210023749964,1.094191275585764
2023-01-03,137231167.8402778,21774530.81753896,1.3468496181105558,1.0629634538211805,1.5711953938267338,1.1055726308006946
2023-01-04,129292258.14930555,20385580.232571572,1.4576588250220794,1.0607436556489585,1.965471713260863,1.0262647690739584
2023-01-05,123643853.0138889,19188705.73404087,1.7225810221894953,1.0696054994413193,2.192142770933321,1.1115762059572918
2023-01-06,118655902.80208333,18052422.472042654,1.7853901121903577,1.0474164996663196,2.287105698231897,1.0983776352204861
2023-01-07,114483500.31597222,17626028.64554306,1.8902659761744194,1.0589277282406249,2.284147486511764,1.0886866231927081
2023-01-08,114606055.22569445,17671972.30868112,1.941247660449069,1.0514268890635416,2.500678266168234,1.1626025593059028
2023-01-09,110418025.77777778,18071410.78003161,2.0452577769082776,1.1312233146232638,2.646617446100615,1.09603723288125
2023-01-10,110371000.3888889,18418981.270472787,2.072880928663225,1.172526333451736,2.6977951092872994,1.0126870439291666
2023-01-11,98926292.7013889,16169988.03559661,2.274859225270371,1.1503610453378472,2.925077825672946,1.0400229866423611
2023-01-12,97443313.33333333,16181598.558952745,2.2841774759368807,1.1656343241104166,2.9913866758328163,1.0734807650111111
2023-01-13,105227788.33333333,18091384.25624751,2.2760329389426532,1.1628789685406251,2.894817062761936,1.0688902736614585
2023-01-14,100869282.9513889,18166162.854460992,2.54521558176919,1.2008890992034722,3.0749832592388167,1.0307239111809028
2023-01-15,92271116.74305555,16504008.317763379,2.6512306506648198,1.1771447346559027,3.212318026534232,1.0799765811913196
2023-01-16,88647884.93402778,15903523.543316878,3.0194653460406347,1.1515172346434026,3.6359308292182075,1.0021921663649307
2023-01-17,81706173.5798611,14455166.803455107,3.2497252214122665,1.1166240177565971,3.906551962332214,1.0931453664138888
2023-01-18,79756378.19444445,13767888.729074467,3.32002058294542,1.0924599392590277,4.125976557686261,1.0834850914684029
2023-01-19,84232604.06597222,14119584.295466281,2.557891028804534,1.0739716957079861,3.141076368013554,1.0785185833822917
2023-01-20,99784015.18402778,17238756.448357742,1.9744306747357048,1.1064091527975695,2.2287778761891417,1.1018117647347223
2023-01-21,109258241.31944445,19832872.020773795,2.3584195634621974,1.1759930891395833,2.648230738282955,1.038707252648264
2023-01-22,121795155.6701389,22184146.542853836,2.637746210119756,1.1564940945260416,2.9883283646527237,1.112274129617361
2023-01-23,120583699.72569445,21759854.43090623,2.959564295359528,1.1950843238215278,3.3901445738559803,1.4785340413730497
2023-01-24,112727671.76041667,20090709.685311712,3.3696772717345973,1.2229011244020833,4.175583637431992,1.0753769691628472
2023-01-25,100630534.16666667,17183073.276486777,3.2880081786690933,1.2654950345659721,4.256617474884999,1.07816842855625
2023-01-26,103697179.63541667,17929475.120482482,3.64325812125058,1.280538830045486,4.56513203813192,1.1737253805697916
2023-01-27,106460985.19097222,18241248.819098897,3.759504119633815,1.2696549480461805,4.781512196651054,1.1925663993270834
2023-01-28,112101805.69791667,19636428.49984539,3.47784795304977,1.247323456915625,4.284180738497032,1.2249645809572918
2023-01-29,112593564.06944445,19657676.96174837,3.6178992600107813,1.233266189920486,4.732354519665986,1.2598352924520835
2023-01-30,106093962.0,18094277.119740076,3.6949473782978064,1.288458955457986,4.790949726902778,1.1079519823347224
2023-01-31,102770339.71527778,17363328.76515199,3.1867692183499425,1.236129626214236,4.178629909444249,1.1345850627631944
2023-02-01,101535222.61805555,17182736.450823314,3.3532352814627764,1.272805156838676,4.185067701569723,1.1989213089916666
2023-02-02,106394060.27083333,18388674.72835521,3.7209153522061182,1.2759603683243055,4.554385781380375,1.0948462097496527
2023-02-03,161012399.1875,31396641.71839908,2.1744250424326435,1.126750323532986,2.2815809917442356,1.0373017385788195
2023-02-04,155161467.3611111,30525510.968694672,2.597606865508378,1.1132513894100695,2.569679291731285,1.0514895527975694
2023-02-05,128377753.1111111,24043983.245676287,3.4321242461850816,1.1141438372243055,3.8474864819167234,1.0817654104958332
2023-02-06,107027988.61805555,19791629.69777562,3.7117169676441555,1.0793371104815972,4.6165353125459525,1.0497528542572916
2023-02-07,103566406.83743842,18969785.44162661,4.040321238439324,0.9963200968773399,5.356142418908889,1.1054565980610838
2023-02-08,106757295.0798611,19472726.561771244,4.592477336581653,1.006550530071875,5.815598415139491,1.1236127118395833
2023-02-09,94849103.14930555,16412829.390139053,4.4977386294396355,1.04426726230625,5.79323496323402,1.048254299578125
2023-02-10,74977530.7326389,12176924.658071583,3.5319177927944554,1.016403880507639,4.709771759248029,1.0747443892593749
2023-02-11,80957795.90972222,13520306.266470997,3.2962113702816063,1.0404836534864583,4.559412139891472,1.0992414420694443
2023-02-12,79978494.63541667,13436554.404587276,3.5615195526314727,1.1109581887680555,4.618813961886215,1.1521419593090279
2023-02-13,83795506.5763889,13965950.597343504,3.2225769253731467,1.1522309005815972,4.213774732805655,1.1723795514638888
2023-02-14,85864843.3888889,14489490.015766365,3.4051312024725857,1.170123534262847,4.309517474209231,1.029764439538889
2023-02-15,86226358.21180555,14694560.098441623,3.802034619013168,1.2148890817673612,4.704086757337782,1.1745211237173612
2023-02-16,94838974.2986111,16541463.926996777,4.1476911571055375,1.240307355870486,5.138793416863864,1.0903025456805555
2023-02-17,87881162.60069445,14782894.927961282,3.807683727338853,1.1367753595583334,5.242877298488471,1.1687951663774305
2023-02-18,91214081.1388889,15618147.372527488,3.845469374679616,1.1442216748607639,5.029165583900236,1.0672585032750002
2023-02-19,90280569.11458333,15427911.84358768,4.039989243663727,1.134901191120486,5.21266713329831,1.1318383851288194
2023-02-20,90157054.1388889,15282925.125158701,4.2429589559701855,1.1152480921451389,5.689843541196859,1.126003100478125
2023-02-21,90179747.10416667,15140793.610569652,4.650827326655036,1.1251385193871526,6.205951536614476,1.0582756089989547
2023-02-22,90192199.08333333,14633099.86701055,4.530799486276514,1.1045280087684028,6.310283398481186,1.05019780076875
2023-02-23,92432445.3888889,15095186.68749564,4.658726462466852,1.0916036569059027,6.3837152455700785,1.1252318839729165
2023-02-24,98511663.74652778,16122314.974024512,4.029806181075035,1.0554590532756944,5.485259541184435,1.0768059854374998
2023-02-25,110097436.8125,17988524.93754044,3.5481653979729564,1.068940025484375,4.874742189229611,1.0801878244756944
2023-02-26,102975960.35416667,16667740.199663617,3.9833214268571524,1.0430724035840278,5.586724132069411,1.2056263342027778
2023-02-27,104511948.08680555,16919961.421462208,3.9435558359106775,1.0462688327555556,5.3985268539879385,1.214197608017361
2023-02-28,103402109.25,16791448.82206653,3.6936729963872645,1.0123065362979167,5.023267514418184,1.1346826584114582
2023-03-01,102305970.1736111,16825482.98581378,3.484016777849062,1.0329778463364585,4.504946317146815,1.2563737139913194
2023-03-02,136968699.88194445,23052889.328978375,3.0837344293202524,0.8473454143413195,3.8145896421924883,1.1808681116208333
2023-03-03,98471427.0763889,14980149.73581369,3.5991600728240476,0.9599499569555555,4.244707867602833,1.0213314958253472
2023-03-04,84338811.90625,12590896.152303232,3.2875819086102887,0.969197624034375,4.065265199497837,1.104649356270139
2023-03-05,84249931.25694445,12374203.89611552,3.2063219855679668,0.9783101536732638,4.1216746966642654,1.2232762038121527
2023-03-06,83332741.8263889,12081066.438728051,3.4288979074367614,1.001215478259375,4.3958333180393,1.1844265172472221
2023-03-07,81369441.2361111,11700399.189537652,3.472657347898169,1.0195512140527778,4.445224624816996,1.3215145422288195
2023-03-08,82748605.65277778,11340650.483641854,3.653511704363388,0.9858539193111111,4.767693069770517,1.412819023485764
2023-03-09,88565435.5625,11796574.763524644,3.327718389285738,0.8977912756312499,4.539014241915628,1.0915092908343749
2023-03-10,84819634.24652778,10462704.563728344,3.4200629915649907,0.8003023833559028,4.556690362630558,1.0851159715211807
2023-03-11,84134486.14930555,10151500.335048044,3.5027296581238647,0.7918177086399305,4.655088443418607,1.1291441142614582
2023-03-12,79739795.92708333,9696934.853264015,3.4979956101048977,0.8049836304243055,4.64774066673224,1.1902037390114584
2023-03-13,77838387.8125,10168829.846410269,3.6604660753472222,0.9301397628472221,4.421301741250001,1.0618109698958333
2023-03-14,80567723.71875,10770428.600823468,3.7679512958319332,0.9695905041479167,4.520118299338006,1.0478655472565972
2023-03-15,82389983.5625,10698574.050491553,3.621928221970287,1.0027029964215277,4.438341421564329,1.0422927477649306
2023-03-16,84171299.2013889,10476342.127235234,3.459213347451718,0.9348578915690973,4.613695005207923,1.0469294602180554
2023-03-17,90445634.0486111,11525852.844591253,3.788165175965977,0.9410509756993055,5.012492028077195,1.0799268090385417
2023-03-18,106472180.7326389,14284644.395669596,3.3128593762248633,1.03611865703125,4.192543983669057,1.0779369011791666
2023-03-19,119828311.2638889,16144689.333340827,2.928277341961045,1.0654611998993055,3.901102098191226,1.0273139661958333
2023-03-20,90434744.46527778,11703308.468247194,3.7193835595997577,0.9888358931506944,4.875712890724963,1.0219321106277777
2023-03-21,91306239.22916667,11534457.199410288,4.047005814728359,1.0294884493121528,5.362913135044549,1.145667867967361
2023-03-22,99405763.92708333,12629464.997970834,4.156782379698683,1.1013692090104168,5.154173109055172,1.0818066595850695
2023-03-23,108732256.7673611,13601401.701966772,3.4044224183422545,1.180124047957639,4.363968826340626,1.194737224913889
2023-03-24,112642189.25,13933349.906159522,3.6961848797587433,1.2827934605086806,4.585255111768289,1.3240473868378473
2023-03-25,116529782.68055555,14285418.068315946,3.706593529232545,1.275093121421875,4.767206013642358,1.223916821667361
2023-03-26,125252067.47916667,15701076.442984173,3.1658210674570784,1.23190150823125,3.905387249720576,1.2565462231239584
2023-03-27,121957890.72222222,14916952.091060141,3.58770852833891,1.2350290512836806,4.725272255278912,1.243600300750347
2023-03-28,123566933.60069445,14866087.885966294,3.7619495262920393,1.2856979617902777,4.979616566539127,1.2937606553618055
2023-03-29,125989411.58333333,15576982.825862238,3.9517190142644787,1.3325879000052083,4.996456261487067,1.299837861332639
2023-03-30,123762362.15277778,15172822.003903883,4.205937246617794,1.3639813792274305,5.1651128476917485,1.3179125979333335
2023-03-31,128065255.10416667,15812507.653408041,4.08962950357239,1.3554798832621529,5.220969767998676,1.6511240140295138
2023-04-01,132141970.9826389,16586539.719157381,4.375774165352474,1.3857092874159722,5.202852220496469,1.4333710815611111
2023-04-02,130990226.16319445,16321909.60305617,4.834823689995099,1.4030700537607639,5.732690152099896,1.2733373369847223
2023-04-03,126947133.35069445,15465962.871972058,5.076188928466306,1.3513708750069444,6.526331658823441,1.4479310218416668
2023-04-04,128625066.7638889,15736738.923881928,4.772443796104365,1.3529215046996528,6.2200852003077065,1.472300834401736
2023-04-05,130710281.56597222,16147916.955192354,5.1000004351076225,1.2924863473704862,6.38331480514903,1.3822979958635415
2023-04-06,135784711.11458334,16653297.009325186,4.549884422020079,1.2574464840319444,6.150064672570072,1.4222859767069445
2023-04-07,141325697.78819445,17789934.73221697,3.9115829498963177,1.2043535780024306,4.942890646407356,1.1752559873458333
2023-04-08,140668925.31944445,17477179.77917427,4.493529025375782,1.2078151416989584,6.120703064751087,1.3243578005895833
2023-04-09,144460876.2951389,18087224.697930414,4.010744323104528,1.2112308887545138,5.487586938318865,1.143163531932986
2023-04-10,144535302.7951389,17251992.39699759,4.902192038297241,1.2518527174743055,6.824608499878256,1.4395331445048611
2023-04-11,147869910.25694445,18526293.55147482,4.93870577648804,1.2628951887125,6.647282120177968,1.1968930648381944
2023-04-12,144157722.83680555,17823299.302193686,4.443498005881727,1.3275968161381944,6.077452832290253,1.205447801376736
2023-04-13,142564454.9409722,18052823.01588897,4.165796775083255,1.3246698293493055,5.278339723345779,1.2532311004541665
2023-04-14,153625334.89930555,19799098.722640235,4.4485456404833155,1.3886683459100695,5.367868415708603,1.17019551220625
2023-04-15,156601667.77083334,19971092.77812633,5.127820206042277,1.4303105507020832,6.253183057801118,1.2404148528322918
2023-04-16,159773483.03125,20373042.204209358,5.408552598962095,1.4370141180760418,6.602024521245066,1.3298272758986112
2023-04-17,153339935.3298611,19193378.113477174,5.892115343669915,1.4560259993125,7.424218203350217,1.3106540882993056
2023-04-18,151182637.9652778,19086117.571544204,5.350105074098516,1.406020393911111,7.05293374774165,1.4784621209118056
2023-04-19,144969104.89930555,17643137.377829917,5.288664169253891,1.406815628765625,6.801204886071134,1.2585221048722222
2023-04-20,134330658.53819445,15487747.773511197,4.9756612878104205,1.373074012220139,6.508439283593589,1.208598242117361
2023-04-21,134728978.09375,15148198.678090623,4.836144937536237,1.326293229275,6.32827373652176,1.501757096954514
2023-04-22,133914251.25347222,14607721.546514317,4.337267090522232,1.2192386706822917,5.848196374484903,1.493531352095486
2023-04-23,134547496.1527778,14974439.514114955,4.194330568290446,1.1711537594864583,5.425875267679365,1.2384419146631944
2023-04-24,134097306.16666667,14768129.668408206,4.490927801715312,1.0988768729541667,5.950850745757969,1.2814334284760416
2023-04-25,137689405.4340278,15107530.602781972,4.754238477245786,1.1054693619798612,6.2997350951689235,1.4830671445138888
2023-04-26,139746930.2777778,15589309.258568816,4.663345014901552,1.1715970596385417,5.797091554329338,1.4673736044239583
2023-04-27,131694251.21875,14291955.314822232,4.174600249226935,1.0876800390850694,5.580308062492033,1.1140086691329862
2023-04-28,136058643.02083334,14886850.192288464,3.8246577374765605,1.0630160770135417,5.00044912190247,1.4282821748100694
2023-04-29,137085681.3263889,15287417.511825409,3.9201393756169995,1.0482953777590278,4.863826109287697,1.1415075378069444
2023-04-30,134046636.9375,14881588.297923844,4.060806310565977,1.0569001963333333,5.034208887696587,1.8158628220913196
2023-05-01,137778602.40625,14754447.35225115,4.600713987393018,1.0084876922114583,6.023979806748126,1.262682704309375
2023-05-02,142069532.7326389,14974883.072719716,4.728731098716551,0.9725706701871528,6.458943872366845,1.5147898145336807
2023-05-03,145385827.52430555,15248979.552758476,4.853215316706096,0.9891201922003473,6.549527809391105,1.1850912347788194
2023-05-04,150383270.4513889,15757509.102292486,4.673112101009416,0.9718399579652777,6.151773977941653,1.4290499015038194
2023-05-05,158259504.58333334,16331964.534223609,4.623924037511853,0.9644623263927082,6.400606394469105,1.188273652849653
2023-05-06,160488011.96180555,15887532.84777131,4.270723053110863,0.9514180777416666,5.701355534453775,1.3239308591381944
2023-05-07,160805229.3888889,15249598.547198504,4.185476339600665,0.9274926803607639,5.5284127215614305,1.4321044631128472
2023-05-08,149962443.86458334,13233470.806775145,4.347161123496152,0.8862949057864583,5.293335288346624,1.1673301967111112
2023-05-09,139223958.3298611,11796925.076232865,3.5231100748615365,0.787274790509375,4.3525721140539835,1.3844375852788195
2023-05-10,195364347.46875,18063061.341319945,2.1068065704253254,0.7461665726694444,2.332056915548308,1.0533384688097223
2023-05-11,170008669.58333334,15083256.2488869,2.6098005803378648,0.7235329553211806,3.0081213499522175,1.294927395123611
2023-05-12,153942578.72569445,13398689.157738028,2.78368574406444,0.7743519531694445,3.4035776796056916,1.0133433928743054
2023-05-13,158769698.2534722,14163934.326386334,2.8589969048437816,0.840706271525,3.2234944799288763,1.3269340042569444
2023-05-14,148007832.9548611,13186652.234413233,2.92122894185629,0.8227512415059028,3.4072344396205105,1.590767500623264
2023-05-15,132706305.40972222,11981296.422784561,3.2393971422421717,0.8288930507020833,3.7524009600466934,1.420424701564236
2023-05-16,132994897.34027778,11948446.144408602,3.308733910934653,0.8404738166659722,3.8305053242711247,1.6290442902513889
2023-05-17,132885387.56944445,12182204.141346985,3.170298215755606,0.8622422151260417,3.7147321138845064,1.2682113332656249
2023-05-18,139151829.7465278,12680760.510354895,3.506229970747095,0.9041947296996528,4.062217636893164,1.3126289512899305
2023-05-19,138349355.27430555,12496691.472372148,3.445878627128661,0.884105625554861,4.019789504037468,1.4913240998986113
2023-05-20,133941916.8923611,12022944.271918181,3.5594770184596416,0.8659808768624999,4.309904266515673,1.687180658832986
2023-05-21,132398456.61458333,11842752.636011131,3.5569879590742723,0.8600917508461806,4.337379456864867,1.363332367340278
2023-05-22,132514727.4236111,11580171.628534712,3.7276253528949814,0.8863900859357638,4.599110473241998,1.5824201217114584
2023-05-23,130361686.59027778,11615655.484054394,3.684381460861348,0.910853229723611,4.521356237319984,1.4162562075947918
2023-05-24,126340540.35416667,10977380.936330099,4.208342517603041,0.9191061582819445,4.964983558479035,1.2419473007572917
2023-05-25,122223796.44097222,10329954.82093557,4.319412266142155,0.9387344683263888,5.233802794480025,1.5216670258975695
2023-05-26,124941280.02777778,10700351.346781602,3.8280689445718363,0.8882973533013889,4.819236939938828,1.4844985120680556
2023-05-27,128619089.60416667,11133523.109691702,3.7217258623515104,0.9016029969319445,4.314808526665724,1.4701998539875
2023-05-28,132433658.41666667,11566912.625157032,4.069833701568024,0.9550303623947917,4.376954456379435,2.1045827102229167
2023-05-29,126630825.03125,11099332.820353398,4.325081162628284,0.8906835740163195,4.8507626582555465,1.6274821237305557
2023-05-30,130917535.34375,11311668.154966883,4.382739451348726,0.8719330179652778,5.02551087581784,1.3593114581854167
2023-05-31,133263319.0173611,11290420.535125518,4.03757874154073,0.8530533682100694,4.850228334445632,1.7948399761982639
2023-06-01,134044839.3125,11300050.712155113,4.021168667666356,0.8575403595805555,4.8947873224481775,1.8090683483225694
2023-06-02,136944795.78819445,11644627.583636085,4.142507525283104,0.8644670335270833,5.051940917197516,1.8699965186270835
2023-06-03,137245513.8402778,11622826.496583732,4.089850734277077,0.8593307545666666,5.084613927845883,3.7865872652190973
2023-06-04,284407260.8472222,28778154.896254823,1.4087704460759254,0.9168685552663194,1.4695907116588538,1.1639783595184028
2023-06-05,342003480.25,34459420.8798887,1.05897357691773,1.0273308831270833,0.9044774838338088,1.0588467160190973
2023-06-06,213675850.94444445,19665331.859956786,1.9127425793353163,1.0128540693961805,2.0610675514423953,1.0396877759569445
2023-06-07,195634517.67708334,18788251.58015214,1.9890542706320293,1.0844146255673612,2.0592006583971454,1.0454652016753472
2023-06-08,196421397.32291666,19108412.379754413,1.8470706525560996,1.0400131800579862,2.05478595405881,1.0389675891149306
2023-06-09,201942698.9652778,19896526.23586926,1.8023825897197046,1.0327350937003472,1.9484796942393403,1.0468370230336805
2023-06-10,157312174.53125,13990746.831223696,2.215366290258511,1.099790610857986,2.391846250051808,1.0084736239295138
2023-06-11,158499163.30208334,14145902.598377554,2.2599203966900197,1.1526801597857639,2.567597483919142,1.046626882425
2023-06-12,144214776.08333334,12572910.820389764,2.327368689761307,1.0475298767194445,2.691526238442795,1.0822488993107637
2023-06-13,149815431.5763889,14068946.027225165,1.773065406027702,0.9527045269638889,2.0809374508536163,1.069369353575
2023-06-14,162299717.59375,15693680.264599638,1.6111808810508064,1.008072483301389,1.8581849583094936,1.0406566064607639
2023-06-15,156654724.2361111,14951041.117158515,1.7285710500205738,1.0124166859215278,1.9450803394418352,1.0457947876541667
2023-06-16,154633449.8611111,14392310.304822829,2.0259549031211073,0.9545586128989583,2.4180401999923102,1.0607353998263889
2023-06-17,161422712.3888889,14950692.687279863,2.36629896562992,0.9951602061874999,2.880633392199128,1.1693006195899305
2023-06-18,160091147.86458334,14398695.372922314,2.494870151181757,0.978183467301736,3.114963099616957,1.1073010123697917
2023-06-19,149373773.1909722,13379043.79934303,2.2460197868597405,0.9691337951781249,2.9441275620315115,1.0613768818927083
2023-06-20,142297710.4722222,12764210.299300328,2.502234399866899,0.9988734850736112,3.1763725986363465,1.0285133143854166
2023-06-21,147281193.7986111,13583853.713030994,2.6893097831217,1.0411514838319444,3.2941859672675813,1.0736162422930555
2023-06-22,154079259.7048611,14280162.907929957,2.4634008272071877,1.1386803423215277,2.9604212139284654,1.080237066559028
2023-06-23,154331884.22916666,14186569.432285272,2.2752005217624296,1.1143371182163195,2.827055327558599,1.0001696908684028
2023-06-24,173800501.7986111,16046425.906890959,2.335835557004647,1.2016246273239584,2.8342379201810606,1.0691075077315972
2023-06-25,175062644.5034722,16071217.833537124,2.7180298308816844,1.2144812001743057,3.280963856117974,1.0773654939100696
2023-06-26,176512879.55555555,16106625.294273632,2.7240206542957996,1.3035887891440971,3.377221579248802,1.0025609085951388
2023-06-27,179171016.47916666,16406816.146887772,2.7078578879218846,1.3259751522666667,3.4845050096750505,1.0197684834506946
2023-06-28,160541872.41666666,14142395.039733876,3.031942585645648,1.3434727259708332,3.798341955642097,1.04981233015
2023-06-29,138453584.79166666,11954558.70108883,2.5260096278492745,1.2019851691069445,3.2657008811560235,1.1827351783128472
2023-06-30,137755898.5,12048366.098340778,2.7063736029129988,1.1966250702885417,3.3945954672713436,1.0235647999319444
2023-07-01,140320395.4097222,12227491.857020907,2.94236247637609,1.2519075474430557,3.5977823847650754,1.0507608996875
2023-07-02,143126075.78125,12417061.040538188,3.188497150953854,1.2591965711222222,3.801445651367339,1.0204337671128474
2023-07-03,141711401.38541666,12341289.777601259,3.3500093730648883,1.2005586151743055,3.91664279010647,1.0603651152489584
2023-07-04,142656835.1875,12417752.419131983,3.302786472742904,1.1695714718572916,3.999571006692182,1.0087029061881945
2023-07-05,159810640.7847222,13407612.81115238,3.601193214692329,1.0968054357722223,4.580051411519291,0.9530996707729167
2023-07-06,175300863.8472222,14522765.10390067,3.404808589711429,1.0109205693940972,4.440728476469953,1.0273538002274305
2023-07-07,165873920.3090278,13383480.488795212,3.6167736981240757,0.96675535235,4.744097749730814,1.185034017790625
2023-07-08,161954169.35416666,13434404.677844767,2.7583813956416483,0.9193462568572917,3.6265092830148933,1.1971457482659722
2023-07-09,157147925.44791666,12949511.938907454,3.1371855361449636,0.9659485273809028,3.9787286634795516,1.1879514299479166
2023-07-10,152455809.57291666,12501633.299144842,3.171460636979167,0.9829967862847222,4.046850049756944,1.1300556445486112
2023-07-11,153767105.89583334,12763482.311373062,3.1826176173263887,1.088822186736111,4.0177648087152775,1.03988559125
2023-07-12,151205720.9722222,12602583.900457956,3.28941328375,1.1714889755902778,4.120348198506944,1.1228010863541666
2023-07-13,152631428.2152778,12940114.93565046,3.0987370429166665,1.2367030376388888,3.8603517614583334,1.1095290196180556
2023-07-14,166875668.0347222,14579516.536498671,3.0957984005555557,1.2939277702083334,3.5448832918402777,1.0021629043055555
2023-07-15,174372071.3402778,15227703.595749442,2.9746924521180556,1.3127212046180556,3.4790334261805556,1.1856524829861113
2023-07-16,239630008.88541666,21804452.88049648,2.135446106423611,1.1280825265972223,2.4633440203125,0.96947214
2023-07-17,234848709.5138889,21675738.55768854,2.265483688715278,1.1329470976041667,2.7776082066666667,0.9837385410763889
2023-07-18,192753965.6527778,17097071.689329576,2.8026002360763886,1.203987414513889,3.408002027916667,0.9787497853125
2023-07-19,180209516.03125,15910949.082668701,2.812211966944444,1.2356789160416666,3.5439558402430555,1.0444116153472223
2023-07-20,170117400.1701389,14739552.59046393,3.202001830729167,1.367974935277778,4.178017621909722,1.0367912863541666
2023-07-21,173345061.53125,15125241.449455967,2.930471772048611,1.3937906299305556,3.821935798472222,1.0818376669444445
2023-07-22,183754170.55555555,16269696.174997402,2.790641966875,1.4622821736458333,3.612079307777778,0.9809333998958333
2023-07-23,174552696.79166666,15131623.419331623,3.3364781526041667,1.5207351084027776,4.277047452638889,1.0480468311458333
2023-07-24,155253989.4548611,12882256.165787393,3.288331288715278,1.5466211040972222,4.1856870369444446,1.0501315088194445
2023-07-25,151065214.0347222,12468188.241459277,2.9321798639930554,1.4731682354166666,3.7232768949652777,0.9540310901041666
2023-07-26,155231312.72569445,12638367.898023354,3.3149610693055553,1.3695877328125001,4.218129231840278,1.0981941547569445
2023-07-27,158820055.55208334,12936194.649977826,3.1466436861458336,1.2523032270833334,3.9977480887152783,0.990867096701389
2023-07-28,161564227.8888889,13167128.599990908,3.0166758478819444,1.1701018844444446,3.8252035572569443,1.18518957875
2023-07-29,159330402.3715278,13039226.04352219,3.2723408835763887,1.1656322017361112,4.029083573055555,1.0947016123263889
2023-07-30,161093357.11805555,13165136.536572145,3.1593694556944443,1.1570106230208335,3.996440834270833,1.1868273734722221
2023-07-31,163581454.7465278,13230560.494108295,3.3113534211111113,1.1564250842013888,4.287261242916667,1.125450760625
2023-08-01,161947175.6909722,12895121.84588788,3.402398484097222,1.1739008878125,4.384754861319444,1.1199301449652779
2023-08-02,164206887.49305555,13238396.837778054,3.1025065789930557,1.1733123259722222,3.8820156114236113,1.1079148203472222
2023-08-03,172789907.02430555,13748878.94518776,3.322776583090278,1.1667105387847223,4.343798015520833,1.1520318614930556
2023-08-04,176797990.71875,13917302.762201939,3.4735234787847222,1.1470709275,4.599435138020834,1.0756249002083333
2023-08-05,182142350.99305555,14177851.844820354,3.4760336041666666,1.123717942986111,4.6310667719097225,1.1504462653819445
2023-08-06,179693622.55555555,14106712.69285127,3.3472965627083333,1.1146944369444443,4.368519702291667,1.211925735486111
2023-08-07,178986212.0138889,13978909.550817275,3.8070626628125,1.1380395922916666,4.782677552361111,1.0929953389583333
2023-08-08,175379987.19791666,13655119.253615705,3.561131315347222,1.157299628611111,4.513056495104166,1.1993613444097222
2023-08-09,176164769.57291666,13752446.972480461,3.7617866854006965,1.1867372989198606,4.576100115644599,1.2569084285069445
2023-08-10,180188650.42708334,13960071.217930436,3.2688325779166667,1.1653399364930557,3.7364068084374997,1.2315526319097223
2023-08-11,186735809.7222222,14465501.25563224,3.1017081317708333,1.1603275544097222,3.633205736076389,1.2038797360416666
2023-08-12,187661746.7534722,14656427.304815283,3.182601792986111,1.1651753907638889,3.8099598715625,1.2895100271527777
2023-08-13,188203431.8263889,14654841.954294719,3.420249032013889,1.1672433644791667,4.094067771597222,1.2184177116319443
2023-08-14,187836595.47916666,14703008.542556062,3.4704719522569447,1.1828275782986113,4.163646656041667,1.2568618655555557
2023-08-15,182908947.5277778,14018682.957423907,3.5106428391319446,1.1880143084722221,4.138014168715277,1.0529024451388889
2023-08-16,148432541.2222222,10155279.422837146,2.6586329620486113,0.9696806071875,3.1869890201041664,1.0290215204513888
2023-08-17,139553241.39930555,9231338.106324205,2.628878432638889,0.8509259519791667,3.2378250861805555,1.0445867476041668
2023-08-18,129896625.8923611,8071802.528770138,2.1286959935069443,0.7974382453125001,2.4882075547916664,1.0794753658333334
2023-08-19,135223509.15625,8755386.841820216,2.0500096830555554,0.7886331803472222,2.4328516597569445,1.0723668733680556
2023-08-20,145870420.86458334,9725724.864830727,1.9715342322916665,0.7788306578819444,2.287778384826389,1.0337602388194445
2023-08-21,133529692.99652778,8804822.125210904,2.0888939669444446,0.7824691776388888,2.3644018911458335,1.1164859914930556
2023-08-22,125289049.69791667,8099692.378359686,2.1753651950347224,0.8192827661111112,2.460667090729167,1.1979865254513888
2023-08-23,124365705.47569445,8018179.422092978,2.468548627326389,0.8690631435416667,2.743194614409722,1.1670372633333335
2023-08-24,119797130.53125,7671762.781411967,2.9208937019444448,0.8801983764583333,3.1756016511805556,1.1157265577430555
2023-08-25,117961475.40972222,7388852.953604518,2.8814542005555555,0.8680858398611111,3.2230494862847223,1.2212721045833335
2023-08-26,120280586.35416667,7563342.976379277,2.5514049578124998,0.8664162336111111,2.9474786875347223,1.2933536967247385
2023-08-27,121556506.96875,7572043.053785075,2.7742957980208334,0.8626137345833333,3.2228594158333332,1.70630467375
2023-08-28,120503796.0763889,7463556.349472422,2.769884568402778,0.8503219676736111,3.1707197189236114,1.2381838795138889
2023-08-29,116051646.0798611,7317802.504365666,2.624887135347222,0.8357437738194444,2.9870037474999998,1.1374860781249998
2023-08-30,112737764.4826389,7248347.5994716585,2.491846467673611,0.9280113447569445,2.6746650413541664,1.2585465209375
2023-08-31,117750962.93055555,7441500.796099369,2.573883927951389,0.9792868984374999,2.851546342083333,1.2110276430555555
2023-09-01,112546230.53819445,6896403.062884288,2.80694165375,0.9752815136458334,3.190770769097222,1.201776224548611
2023-09-02,113271714.37847222,6829376.7867519,2.700449821354167,0.9653347764583332,3.1204810167013886,1.2898263135416665
2023-09-03,115794595.22916667,6918833.733823142,2.936543275625,0.9712643531944445,3.3432532089930556,1.3933005284722222
2023-09-04,129821589.21180555,7894978.831357393,2.705037017638889,0.9293487467708333,3.0658745632986113,1.0446907003472221
2023-09-05,138928264.61805555,8432853.060908824,2.4038221982638888,0.8717475824652777,2.8099910204166667,1.1494850449305556
2023-09-06,127370242.40277778,7705266.3252852755,2.562709746979167,0.8209128608680555,2.996799771909722,1.2820166137152778
2023-09-07,125221032.88541667,7589845.822207462,2.6549256299652777,0.8300837948611111,3.0490537370833333,1.4088597423263889
2023-09-08,128628580.52083333,7811654.621211976,2.5974324234027777,0.8423785878819445,3.072540168263889,1.3876005635416666
2023-09-09,130984985.70833333,7994805.50445926,2.6056947995833335,0.8648014378472222,3.086922970625,1.5530643170833334
2023-09-10,127652040.4861111,7677543.301813682,2.2266953571875003,0.8648493977083334,2.674670214826389,1.0125121200694442
2023-09-11,119185519.0798611,6877119.831841301,2.4523486088194444,0.8504327644097223,2.944554826180555,1.1254988638194443
2023-09-12,113058192.70877193,6522242.333342447,2.5232778625964913,0.811408484631579,3.0994308527017544,1.2025582320701755
2023-09-13,112418165.19791667,6499268.296481192,2.7833441265972225,0.8264945539583333,3.384595915138889,1.4490388850347222
2023-09-14,115060985.625,6657097.460219349,3.1847750928472225,0.8432010173958333,3.803911455381945,1.2930345878125
2023-09-15,118137389.51041667,6871305.978597685,3.124705910208333,0.8471466385763889,3.7348643063541664,1.0593128587847223
2023-09-16,114532041.22916667,6752990.444061496,3.3713453428472224,0.8844672826736111,3.757856473159722,1.2862382037847224
2023-09-17,114603743.87847222,6606008.587339599,3.4416696786111114,0.8756916735763889,3.9355641446180556,1.366211331875
2023-09-18,116658771.52777778,6750725.499033763,3.0397748512847222,0.8593125788541667,3.6145969392708333,1.1353320434722223
2023-09-19,121866797.50694445,7013553.817822388,3.1466792622569444,0.8581361744791667,3.770176443472222,1.3518468203819445
2023-09-20,122859330.19097222,7042889.438993466,3.2474193946180554,0.8530304161111111,3.832339465555555,1.357885316423611
2023-09-21,132462923.5798611,7708958.272407252,2.9955633478819443,0.8655022405208332,3.451771225659722,1.2218747152083334
2023-09-22,181827660.66666666,11187820.027788274,1.952524017951389,0.8889656561805555,2.049017209826389,1.1199348274652778
2023-09-23,161613144.02430555,9689406.846009996,2.4716637204166667,0.8973069431597221,2.7158612738194443,1.3535247385763889
2023-09-24,156620046.125,9598631.974126214,2.2964318990624997,0.8827942336111111,2.6689409972222222,1.0764983523958334
2023-09-25,141471001.6284722,8615427.828959947,2.4009640592708332,0.9191717909375,2.7317426429513887,1.2854891286111112
2023-09-26,138831765.92708334,8443377.117092274,2.653944055902778,0.9298758606944444,3.0864554487152778,1.2988418305555556
2023-09-27,152670147.1527778,9658346.461430367,2.2585346905208334,0.9724836030208333,2.5590272939930556,1.1224284158680555
2023-09-28,157439579.9826389,10182835.114713587,2.072903929965278,1.0516787386805555,2.3357277415277777,1.117545871875
2023-09-29,143012684.61805555,8981616.671957565,2.5898601668750003,1.0450104633680555,2.872043767118056,1.2334808912847222
2023-09-30,136784258.36458334,8587721.447279569,2.6195985142708333,1.040902243090278,2.946502981979167,1.0525395587152777
2023-10-01,134345150.53125,8524094.831090868,2.7305563465972225,1.0586252996874999,3.039327671284722,1.1402872386458334
2023-10-02,133529770.75,8458029.693201689,2.9529632971875,1.0917682958333335,3.184876120173611,1.218835403298611
2023-10-03,129335323.1875,7872271.646669825,2.9967949235416667,1.0903998343402777,3.416848138923611,1.26053039875
2023-10-04,121635206.36805555,7146146.809040826,2.780312852708333,1.0594471032291668,3.1965315851388887,1.4535022714236112
2023-10-05,126216560.5625,7377333.2476677075,2.853147344201389,1.0196837835416668,3.2206159240972223,1.2237071766666667
2023-10-06,130284864.52430555,7607353.827632796,2.9156332144444446,0.9904655148263889,3.375616466076389,1.2630096292361113
2023-10-07,131769910.2638889,7713805.319538928,2.9941222736458335,0.9982554726041667,3.448195020486111,1.6459314363541666
2023-10-08,130020582.4375,7565904.095281373,3.1492345843055554,1.0022034664930555,3.587984217916667,1.5073248036805555
2023-10-09,126269255.37152778,7164724.826024679,3.212706836284722,0.9905624947916666,3.697810988263889,1.3471102553819445
2023-10-10,135090755.3923611,7655291.218852227,2.7199683967361112,0.9159992563194445,3.2883672423958337,1.2334640616666668
2023-10-11,146348029.86805555,8269777.519685296,2.614837120625,0.9397587179513889,3.0830405862152777,1.23080113125
2023-10-12,142695253.66666666,8049018.627246212,2.6280324439583334,0.9772585018750001,3.2037475321527777,1.4232917568055554
2023-10-13,137626785.45833334,7851250.502242318,2.659302117048611,1.0056295818749998,3.1290298886805554,1.311398320798611
2023-10-14,137131536.8576389,7888182.022278036,2.742692780520833,1.0198765555555556,3.088882645,1.6298732260763888
2023-10-15,139758646.6423611,8057402.275299304,2.750214606076389,0.9467783745138889,3.1944956911111113,1.8497749237847225
2023-10-16,137193647.3263889,7935377.582786565,2.883177038472222,0.9262187203472223,3.419668586041667,1.3540449557638887
2023-10-17,132528749.63541667,7528417.797077954,3.0244543780555557,0.9252565325000001,3.4888625656597223,1.3669865773611112
2023-10-18,131827413.0763889,7362794.817920788,2.9529865597569445,0.984454556111111,3.4961839784375,1.2965110653472223
2023-10-19,130022432.53819445,7175484.553552532,2.8113743404166667,0.9764767517013888,3.429532885,1.4403171092361111
2023-10-20,126184470.65277778,7101338.271083152,2.711503174861111,0.9551621506597221,3.3398152649305555,1.5715807140277778
2023-10-21,125788633.02777778,7255361.346325966,2.7062233034375,0.9405425527430555,3.181472690798611,1.6159413599999999
2023-10-22,122731587.68055555,7090445.999261916,2.8781773842708334,0.9954454384722222,3.1468564800347223,1.2971726189583332
2023-10-23,124296615.80902778,7289122.013117745,3.0503822044097224,1.0688255119444445,3.2923018611111114,1.1290017862847224
2023-10-24,126486236.03125,7699543.884819767,3.163183397916667,1.0401641237500001,3.5961017947916667,1.0366161452777778
2023-10-25,141807454.39583334,8819591.97968436,2.774844838090278,1.0319847589583333,3.2836902890625,0.9825456002430557
2023-10-26,141839758.13194445,9050000.588085914,2.552077871423611,1.0216051154166665,3.0881534458680555,0.940026082048611
2023-10-27,135937463.125,8626229.14420723,2.445936958055556,1.0586877268055557,2.8444747421875,1.0334981554861111
2023-10-28,140814660.0,9131738.82228888,2.354796942048611,1.0172707669791667,2.9483762708680556,1.0885709458333332
2023-10-29,137032964.2048611,8846091.749841364,2.787055230902778,1.0537293759722222,3.3319432484375,1.1424403161111112
2023-10-30,144127772.71875,9441523.258119741,2.8239074222222222,1.0144485021180556,3.3843835709374996,1.0946602922916666
2023-10-31,138299589.74305555,8916765.119898919,3.0438946829166666,1.0046962964930557,3.6048551040624996,1.0647352415277778
2023-11-01,136440313.9375,8609552.537442945,3.1528357684375,1.0185207150000002,3.8003562396875004,1.0393002965972222
2023-11-02,137791311.2152778,8902092.89300958,2.9881366573958332,1.0322248527083333,3.3591818725694447,1.0453724934722224
2023-11-03,134381886.8263889,8481821.408517875,3.125067299479167,1.0579227749305555,3.515863112638889,1.1022242385069445
2023-11-04,145174183.86458334,9344047.746728122,3.095942759375,1.042449335,3.415124416597222,1.2105225204166665
2023-11-05,149054181.3263889,9712313.909369208,3.2339773409027774,1.0542795944791665,3.437460437361111,1.141812937361111
2023-11-06,152574417.39583334,10154174.746715454,3.312494006111111,1.0789918956944444,3.4848857972222222,1.1349318460416666
2023-11-07,156864452.97916666,10468710.938542353,3.414704396388889,1.0958432337847224,3.4998669869097223,1.088296999201389
2023-11-08,159308510.85069445,10714058.187979624,3.4168969129166666,1.078582715659722,3.5296465522916667,1.0832739115277779
2023-11-09,156144408.3784722,10870855.594386654,2.943260729340278,1.0821247627083332,3.3027900850694447,0.9380603184375
2023-11-10,141862029.13194445,11068500.699944146,2.158870599583333,1.1058755168402776,2.5611754548263885,0.9541164967708333
2023-11-11,148317940.4652778,12486898.484896343,2.0201692243554006,1.067412828292683,2.0941950061672476,0.9890004430902777
2023-11-12,134950636.1527778,11238509.89172595,1.9436218563194443,1.0716596747569445,2.1881655265277775,1.0622131556597223
2023-11-13,130480510.6423611,10817282.697773527,2.0464211453472223,1.0833174122222222,2.382553355138889,0.9844812091666666
2023-11-14,115376497.76041667,9048002.917061217,2.1281168735069445,1.0168598077430557,2.604696044340278,1.0359583052083332
2023-11-15,121574649.18402778,9865973.53683964,2.031888534791667,1.0774938729166665,2.5496122857638888,1.027381106388889
2023-11-16,124951704.71180555,10124627.479527893,2.279775676840278,1.3319243988541667,2.7230848130555554,1.0174125397202798
2023-11-17,120374447.61805555,9448096.298196726,2.1012098998958333,1.3067325196527777,2.646107698125,0.9917857669791668
2023-11-18,119923790.68055555,9179785.91286128,2.1895520015972223,1.3350339746527777,2.6814483599305556,1.0095077205902778
2023-11-19,120350045.30555555,9222489.944833966,2.3517505936805554,1.3298138663888888,2.9421589186111112,1.0258299726388889
2023-11-20,119159799.28125,9177255.816520698,2.4865980672340426,1.3827771608865247,3.089932649113475,1.0442493947569444
2023-11-21,116547067.12152778,8660417.38472995,2.5781389963194443,1.3024896495833334,3.1406614627777776,1.0157685513541665
2023-11-22,113558602.43055555,8221780.201808821,2.261948481875,1.2681022941319444,2.8648352975694444,0.9951815034375
2023-11-23,114073911.625,8433422.67944927,2.307713144947368,1.3819153560350876,2.6188419913986016,1.0717875135416666
2023-11-24,120529733.88194445,8969080.137080364,2.396702310798611,1.3235741506597223,2.6421040399305555,1.1818775594791666
2023-11-25,124309753.0138889,9398112.71451147,2.34521044875,1.3605310824652779,2.5835848608680556,1.1867003688194444
2023-11-26,178920877.1423611,16032060.861864597,1.7785664521678322,1.1830921372727272,2.015311916118881,1.0190700042361112
2023-11-27,331650664.5729167,35559339.5070854,1.0066307080902779,1.0445388216319444,0.9011175506597221,1.0237581611458333
2023-11-28,273113728.1979167,28027358.780297007,1.3097670294791668,1.0478012791666667,1.2268949902430557,1.0429091930555556
2023-11-29,268113926.1527778,31700336.45243521,0.9210628718055555,1.0686856946180556,0.7728516761458333,1.037633376597222
2023-11-30,246123644.8263889,29040283.782864057,0.8210643294097222,1.0535777310763887,0.6936985612152777,1.090909781111111
2023-12-01,254433698.7326389,32517795.278920814,0.7979386169444445,1.0406169928125,0.7432422373958334,1.0588036258333333
2023-12-02,260899271.875,37195164.756736875,0.7292338539236112,1.047529507638889,0.7068007477777778,1.0530817229861111
2023-12-03,249260768.04166666,43635875.08229676,0.7451591415277777,1.086194381736111,0.7265955167013889,1.0181605447916668
2023-12-04,245404172.0451389,59020045.83915287,0.8146195677777778,1.0730780822222221,0.8093496867361112,1.0106005900694446
2023-12-05,200783282.28819445,46818346.034726545,1.1674793062847222,1.1028200213541668,1.1433721264236112,1.0056979458680555
2023-12-06,209956075.02083334,45757414.05475003,1.3468809621180555,1.162811882951389,1.4890617572569445,0.978166818263889
2023-12-07,202871394.41319445,42725659.762703665,1.4387119971527778,1.0634932102777777,1.8308361005555556,0.9967168028125
2023-12-08,205162766.6736111,41576392.00001759,1.590607565138889,1.1470202447569444,2.254674203020833,0.957216186875
2023-12-09,216819291.3090278,42630949.12121625,1.7496259949305555,1.2156988285763888,2.4067562425694446,0.9398125490972222
2023-12-10,221718527.6111111,42604351.27717704,1.5570902075,1.1130344980902778,2.183051937013889,0.9960379096875001
2023-12-11,172849057.21180555,31386745.7700354,1.593949491076389,1.1827178667361111,1.9979122217361112,1.0075994878124999
2023-12-12,153555145.13194445,27498026.593904182,1.5199008272569445,1.2381032159722223,2.143763912673611,1.0035575902777778
2023-12-13,157248686.7986111,27100187.44296369,1.6729148075,1.3269881080902777,2.2352460076041667,0.9993481090624999
2023-12-14,150050923.42708334,26824070.71628392,1.6893429843055554,1.3710714102083332,2.214261307534722,0.9809819275
2023-12-15,152226379.97569445,26806312.514166303,1.9180125521180555,1.3911735377777776,2.5748679560069445,0.9641370821874999
2023-12-16,152037221.9097222,25575228.36209211,1.8926489542013887,1.3380142044791665,2.7772058413541667,0.9747176327430557
2023-12-17,155947370.0173611,25739011.311682083,1.9875089532986112,1.3967564629513889,2.8273359852430553,0.9688654487152779
2023-12-18,155778321.5902778,23431538.143329155,2.053981121527778,1.410745393888889,2.763467238368056,1.002716908923611
2023-12-19,146397427.7534722,23115613.113624047,1.922630594895833,1.2851634935416667,2.611361157048611,1.0076488972916666
2023-12-20,143803714.3125,22688123.763742432,1.9300342340972223,1.1714125369791666,2.726510077326389,1.0328181027083334
2023-12-21,135847960.84375,21460111.36932077,2.0389744215625,1.2114514486458332,2.9305967881597224,0.9387531481944446
2023-12-22,135929690.60069445,21851295.87609386,2.1369698042013887,1.2522593437847223,3.0410149732291667,0.9691803146875001
2023-12-23,144435337.03125,23508590.83072581,2.291882542361111,1.2691466356944445,3.0721421674305556,0.9891025137152778
2023-12-24,148171005.86458334,23904178.413839873,2.427784049861111,1.3085057979166668,3.3082998443055556,0.9405734243750001
2023-12-25,148581841.61458334,23540213.83367676,2.6300480000694444,1.3532870290277779,3.673987362986111,0.9600052321180557
2023-12-26,148570361.11458334,23008333.989059124,3.0352365956597223,1.4635796047916667,4.018745339131944,0.9420025157638889
2023-12-27,140838923.86805555,20724323.284662407,2.8725931811805556,1.4953542073263888,3.746742984097222,0.9876259217708334
2023-12-28,146772221.4513889,21791582.59741052,2.817480225798611,1.3676241861805556,3.7192035601041664,0.9867792195486111
2023-12-29,145270201.38194445,20709641.24580075,2.8924799021180556,1.3401602947222222,3.972001613333333,0.9690424559722223
2023-12-30,145967340.63194445,20726553.836136505,3.0744162318055555,1.3855646344097223,4.115652391423612,1.0020911782638888
2023-12-31,148433322.95833334,21420524.15171622,2.9459544305208336,1.342846842673611,4.017860991041667,0.9926530673611111
2024-01-01,143256666.8888889,20068334.099642232,2.8935541547569446,1.3265060951041667,4.068070779166667,0.9716511239930556
2024-01-02,143910446.80208334,20558638.06505242,3.2877001247222224,1.4261532170833333,4.017394475590278,0.9670514196527777
2024-01-03,128225551.3923611,16735801.61876544,3.4068103122916664,1.4352182805555556,4.278366193472222,0.9989294150347222
2024-01-04,113343280.2638889,13815111.962017944,2.926313580138889,1.2741787982986112,3.8416818962152774,1.0781579641666665
2024-01-05,120376030.05902778,15430284.652720558,2.611919543229167,1.1616959074652777,3.0206836093750002,1.0138433937847222
2024-01-06,107966535.78819445,13008935.310815336,2.8457114566319444,1.270424255451389,3.5599061032638892,1.0454155242708334
2024-01-07,101494097.10069445,12108287.202798162,2.8801157608680557,1.25397184625,3.729427643159722,0.9873266411805557
2024-01-08,95525354.6875,11034330.317827115,2.4688459194444445,1.1584653352777776,3.2995146334027776,0.970671102986111
2024-01-09,90938325.33680555,10765999.062515777,2.51941590875,1.1686660710763888,3.0374744346180558,1.0594246996180554
2024-01-10,85849424.33333333,10257383.204981396,2.613362995659722,1.1374029360069444,3.2278656471527776,1.012230775590278
2024-01-11,93413114.0451389,11888287.8126492,2.8750575084722225,1.1935634936805557,3.2282416400694443,0.969702288888889
2024-01-12,103092726.21180555,13204178.086193291,2.8804928161805554,1.2321676089930556,3.4124308592708332,0.9821875925347222
2024-01-13,91991239.52083333,11218502.137051608,3.0694177340277777,1.259208133576389,3.772418423923611,1.0724936752430556
2024-01-14,93205551.44097222,11432225.01343608,2.8871741871180556,1.2954235290277778,3.3781335415625,1.0144783237847221
2024-01-15,84452705.62152778,10300473.861051904,2.892837944270833,1.2704329117013888,3.5668204691666667,0.9980682144791666
2024-01-16,90572056.1736111,11275462.148150269,2.8461270230902778,1.1646257937847222,3.4429220098611113,1.0145724931597222
2024-01-17,91980683.6875,11424182.329890529,2.951925128159722,1.1826897064930555,3.4634070861805553,1.0051147354166667
2024-01-18,96433106.1423611,11662925.524340589,3.1308660443055554,1.1464898702430555,3.818090599652778,1.0346664459375001
2024-01-19,93956961.32291667,10479452.943673085,3.2054301193750003,1.1076404925694443,4.116106024131945,1.0297974157638887
2024-01-20,88101195.90625,9736212.782382198,3.1276869674305554,1.114124303611111,4.000962268576389,1.0111626716666668
2024-01-21,91119886.22222222,10085571.296028573,3.291884344791667,1.1088669315277777,4.194142037465278,1.1201549435069444
2024-01-22,100191862.98958333,10185466.2857963,3.407627947604167,1.1082821412152777,4.235550839722222,1.0313390738888888
2024-01-23,109236108.625,10199590.258006213,3.064728653125,1.1228225591319445,3.7704411875,1.0545595323611112
2024-01-24,105713933.15625,10040214.56634648,2.7907748889583335,1.113247257013889,3.2647221862499998,1.0427944956944444
2024-01-25,103318782.81597222,9668247.237828908,3.0778883290625,1.1067232346875,3.4881234973958333,1.0386249288194445
2024-01-26,102408495.14583333,9749796.04953222,3.0363941783680555,1.094789117951389,3.5307485178472224,1.0896544462847222
2024-01-27,117671719.50694445,11764950.541577568,2.8187787605555554,1.0321589755902778,3.2779102053819447,1.0181072190277778
2024-01-28,112789949.1076389,11350319.778586665,2.6471077005555554,1.0468654629513887,3.0729029516319444,1.0145886719791666
2024-01-29,105766503.72916667,10567767.817863772,2.669152273506944,1.0509939923958334,3.031083028333333,1.0368787585416668
2024-01-30,106491348.8923611,10681245.756341912,2.835193787013889,1.083826952986111,3.0626646009375,1.0768479932291666
2024-01-31,104320778.2986111,10065680.352639666,2.918153260347222,1.0578519434027778,3.374643314236111,1.051058226527778
2024-02-01,103857818.99652778,9764848.566901468,3.115069946805556,1.0890691869097222,3.5489511594097225,1.032542288611111
2024-02-02,106505536.40625,10155282.63902847,3.147350014826389,1.1042641851041666,3.650801694409722,1.0836090547222221
2024-02-03,117310895.74652778,11659656.43791996,2.8418606578819445,1.098897252534722,3.2043632894444443,1.1908494108333334
2024-02-04,206611947.0347222,22114184.339764625,1.7420758775694445,1.0061183972916667,1.614184759826389,1.067095196111111
2024-02-05,199653069.7013889,21841559.729109406,1.990443090902778,0.9918008700694444,2.29257739625,1.0644357394791666
2024-02-06,185596371.1076389,19854757.190680876,2.4010495739236113,0.968324799236111,2.9237091481944444,1.0297186388541666
2024-02-07,159459751.0972222,17206134.454533562,2.2831937539583333,0.9607351257638889,2.9808097821527775,1.0268460175
2024-02-08,153481109.0347222,16688923.799429417,2.1789137430208334,0.9859066763194444,2.8058194325694448,1.0258943410069445
2024-02-09,140959078.56944445,15487789.494027972,2.1277015783680557,0.9952375300347222,2.5936192295833336,1.0029387492708333
2024-02-10,155491833.47916666,18349540.157528706,1.8582157588194446,1.0681119329513888,2.010865411284722,1.0225321792013888
2024-02-11,155746108.5173611,18181091.552045885,1.9438246165625002,1.0812413033333332,2.322547367847222,1.1100735427083332
2024-02-12,140302957.61805555,16160106.448233737,1.960448130347222,1.1383347704513889,2.329467470798611,1.030772391423611
2024-02-13,133314610.7986111,15400833.83318054,2.2917355876041667,1.2514211973611111,2.5401355584027776,1.1058121163541665
2024-02-14,136423326.18055555,15756558.428197324,2.4260162250694446,1.2599703813888887,2.879632010659722,1.044672278298611
2024-02-15,155380134.19791666,19695443.19482197,2.271818607152778,1.2853203467708334,2.477367339444444,1.0147899639930555
2024-02-16,166000050.5398773,21588228.922704704,2.3598687024539875,1.2541906665030673,2.690274550613497,1.0586003387116563
2024-02-17,158099109.9201389,20113742.640075285,2.548873579340278,1.3082700198611112,3.029126009305555,1.0145917859722222
2024-02-18,156111985.3715278,20047388.160348386,2.6205367207291665,1.3505042572916668,3.0500565971180555,1.089976105
2024-02-19,154429434.91319445,20215952.187101092,2.7031407549652777,1.464979178611111,3.1540587418749997,0.9820289019444446
2024-02-20,146222067.74305555,18446648.608822476,2.9453730035069445,1.533318929375,3.3648075431944444,1.038120356527778
2024-02-21,137662797.5034722,16692179.347933093,2.6590689056250003,1.541674475625,2.9586059523958337,1.025679741597222
2024-02-22,135237754.6423611,16557088.333657708,2.4885826527083332,1.5372712262847221,2.832382799236111,1.088956304236111
2024-02-23,137183523.54166666,16718201.487342559,2.6675223513194446,1.5133199966319444,3.06972429625,1.073828031875
2024-02-24,140642753.80208334,17334423.444261223,2.7504067337152778,1.6065785396874999,3.209308752951389,1.095587506597222
2024-02-25,146615670.6111111,18357811.91262348,2.963453844861111,1.7460931396180555,3.388491787638889,1.0610365628819443
2024-02-26,154355178.32291666,19685369.597319737,3.051343697152778,1.6215187046180555,3.585103069722222,1.0226823456597223
2024-02-27,155509981.6388889,20403956.642447002,2.8323861754166666,1.865058318090278,3.2412591940624997,0.9667605926388888
2024-02-28,150901790.58333334,19710780.136328734,3.2927763046527776,2.0110479553472222,3.7335754348263888,0.9948044861805556
2024-02-29,176275632.27430555,25572119.115680236,2.5667932842013887,1.619669149861111,3.1480661363194447,1.0143331380555556
2024-03-01,169105509.5590278,24383668.350735106,2.709392320625,1.791141172986111,3.192390762361111,1.005354896076389
2024-03-02,214290013.4722222,38055361.95280377,2.6156726191319444,1.6542696310069445,3.0813828653819444,0.9805258015625
2024-03-03,211293342.5034722,38079821.50314071,3.0341609260416664,1.9501441340624999,3.3429531220833333,1.0194596280902777
2024-03-04,201728395.4878049,37284821.12340543,3.1323440783275265,2.0225672543554007,3.6172405912195122,0.9988507038327525
2024-03-05,191719488.5763889,38235600.95447248,3.0974654972916666,1.8776345694444443,3.425403368645833,0.9781613333333333
2024-03-06,177578895.3090278,36013522.97323419,2.799219490625,1.6615020208333333,3.251818586423611,1.008461013888889
2024-03-07,190229744.98958334,36375115.33659844,2.9056463653819447,1.6746947430555557,3.6545795015277776,1.0315416701388889
2024-03-08,192719426.8125,37246152.6717327,2.967544746388889,1.765783857638889,3.8035930182638893,0.9494963402777779
2024-03-09,184641759.06785715,35833925.87102404,3.088738258892857,1.9840916285714285,3.6923356273214285,1.0202047642857142
2024-03-10,195212418.82229966,37702329.67369231,3.0579583739721254,2.0402302787456446,3.4519728470383275,1.003733599303136
2024-03-11,195074725.2986111,36754808.2870416,2.8602476276041666,2.011078652777778,3.3136017592013887,1.0049035381944444
2024-03-12,197844113.5173611,36905514.82940432,3.3442507786805553,2.02339209375,3.7235858603472227,0.9851993854166666
2024-03-13,202040968.0347222,37317676.73635068,3.7309381733680556,2.0897184027777778,4.133451274722223,1.0488262708333334
2024-03-14,204882012.12857142,36612258.782125615,4.075247165071429,2.1956392964285714,4.5546280716071434,0.9810592535714286
2024-03-15,188535329.79094076,30181249.685716562,3.916884610452962,2.36997456445993,4.14288485348432,0.9632482055749128
2024-03-16,191981589.19444445,29466322.818371218,3.6163585209027778,2.279641138888889,3.898453185347222,1.0020818090277777
2024-03-17,195071658.4548611,28551779.12779385,3.2715871171875,2.005576496527778,3.7460992783333333,1.0167702430555556
2024-03-18,199176378.10069445,28754554.418546483,3.2686721596874997,2.0468901631944445,3.7094821847569444,1.0301732222222222
2024-03-19,182203321.7777778,23773906.593922146,3.162192052361111,1.7503174652777778,3.644401574027778,1.011856545138889
2024-03-20,174511473.4861111,23117405.579538558,2.9311210237847223,1.65001059375,3.4182526514236113,1.034662503472222
2024-03-21,179751087.0,25402775.68856337,2.970084128888889,1.7301663541666668,3.3047499105555556,1.0104635347222222
2024-03-22,179190627.27430555,25681005.371987816,3.2397682006944444,1.7884725243055557,3.604570778368055,1.0453529583333332
2024-03-23,205730584.8402778,31760877.254154522,2.7780809164930553,1.575407013888889,3.200629347465278,1.0764828680555556
2024-03-24,180496427.5625,27964602.672777656,2.784843402673611,1.5846393506944443,3.4107581764236112,1.102209763888889
2024-03-25,182203099.1701389,30047830.690179512,2.9088658110763888,1.6069891284722222,3.2857920928125,1.0356488923611111
2024-03-26,181630202.86458334,30057619.085642286,3.394351730763889,1.7827778611111111,3.605731268368056,1.0277910208333332
2024-03-27,163766372.1215278,25726072.780504428,3.906598792013889,1.9672734479166667,4.1815451034375,1.1431674548611113
2024-03-28,159224103.41319445,24762454.539085206,3.8102117886458333,2.0214397500000003,4.238651927256944,1.0168968229166666
2024-03-29,155855176.25,24255425.355222583,3.813385669548611,2.1484871180555554,4.156278701111111,1.0368163645833333
2024-03-30,155650652.3298611,23960243.918566544,3.8937567347222224,2.1475320659722223,4.329364857083333,1.0842746979166666
2024-03-31,169355580.5902778,26411829.792122062,3.4232313064930557,2.060672840277778,3.9184203728472218,1.0597597916666668
2024-04-01,179408115.97569445,27352198.428984858,3.470678303923611,2.111973079861111,3.803434177743055,0.9985896736111111
2024-04-02,172770292.4513889,24161526.40176151,3.592377242604167,2.1966937916666667,3.8159413526388892,0.9831080243055556
2024-04-03,168980433.83333334,23407305.089560553,3.4236143591319443,2.220569888888889,3.665017039965278,0.97668915625
2024-04-04,171073150.9861111,23687739.876740307,3.4874185066666668,2.081955315972222,3.753242769270833,1.1403740416666668
2024-04-05,172251604.4861111,23316876.405710097,3.7474916431597225,2.108430201388889,3.857303787986111,1.0632928854166666
2024-04-06,180293198.35416666,24124488.919138867,3.6613565061805553,2.0694825069444445,4.068042640624999,1.1674750659722222
2024-04-07,180273507.30208334,24338607.19173826,3.7987264655555557,2.115019513888889,4.191993407361111,1.0798735729166666
2024-04-08,181835885.6840278,24862776.405788027,4.0697919414236114,2.1351088541666665,4.3117863305208335,1.1184678368055556
2024-04-09,191337770.0451389,26240929.51236326,4.404908368333333,2.161376541666667,4.5689228510763895,1.138666236111111
2024-04-10,183881165.80555555,23909771.081818152,4.300846402187499,2.219853763888889,4.69472224,1.1698906111111111
2024-04-11,181460256.8159722,23576621.541822158,4.277805009305556,2.268848333333333,4.632023710034722,1.0413523229166666
2024-04-12,173070000.58333334,21413834.0997037,4.231910234861111,2.38192196875,4.434002103784723,1.1448521805555556
2024-04-13,129466768.5173611,13267188.00318975,3.279565553298611,2.2307702395833333,3.3309708201041666,1.0097953229166667
2024-04-14,104858768.09375,10215292.376676619,2.3711300079861113,1.5419341076388888,2.3743123584027774,1.0422371493055556
2024-04-15,115407588.82291667,11882770.081204338,2.0975845028819444,1.5061987222222222,2.1319950492013886,1.059523125
2024-04-16,128108648.2048611,12781647.923231961,2.0691743903819444,1.5285459340277778,2.1636923927430556,1.1043992083333334
2024-04-17,127123702.8923611,12725551.881622426,2.234932912673611,1.6048953125,2.3028820981944444,1.106048152777778
2024-04-18,126325290.21875,12540688.922328059,2.4247878966319445,1.6539850416666666,2.5288765615972224,1.1008503472222222
2024-04-19,126848755.8125,12740186.671207163,2.4959295495833334,1.7439768819444443,2.516402350138889,1.0543964826388887
2024-04-20,130595492.59722222,13650706.028375784,2.553392244965278,1.7362498159722222,2.5662889019444446,1.0764955694444445
2024-04-21,132019223.70833333,14396203.965491733,2.7636005495833333,1.85164725,2.636841629722222,1.0438488541666666
2024-04-22,131744648.375,14538285.453491176,2.7188083028819445,1.8178443541666667,2.640586905451389,1.0667561944444444
2024-04-23,135298046.5763889,15146682.85417232,2.5735760647569443,1.6576488194444443,2.633467832847222,1.0462061458333334
2024-04-24,133124429.5138889,14625645.643654449,2.7559118312152777,1.6190609027777778,2.8416688679513893,1.0571650104166668
2024-04-25,130046801.44097222,13682061.96616158,2.7181149550347223,1.7039061631944443,2.7550434125347225,1.086409548611111
2024-04-26,142809800.9340278,15440085.77273655,1.5943777159375,1.5558848020833334,1.8463662886805556,1.0446504826388887
2024-04-27,136909129.94444445,14368190.259740226,1.4583919230208333,1.5640368090277779,1.768735758576389,1.0805812465277778
2024-04-28,133542127.18402778,14384786.557391457,1.3702119166666666,1.6580679583333333,1.6717284332638889,1.066041138888889
2024-04-29,132876418.18402778,13748594.544113284,1.4132033186458335,1.7861350798611109,1.7552888448958333,1.1112205
2024-04-30,130808749.15972222,13212881.018184803,1.4802113363541667,1.9241291180555555,1.7892889994791668,1.0490983402777778
2024-05-01,128521417.5763889,12531260.774567645,1.8624817271874998,1.9422450000000002,2.0982687787847225,1.0359402500000001
2024-05-02,131573616.47222222,13313172.60283614,1.7300359900694444,1.8571224131944446,1.9932631315624998,1.0968987708333333
2024-05-03,133516141.7673611,13949906.075405873,1.4020798422222223,1.9156532256944443,1.7210560490277778,1.0379915034722222
2024-05-04,139148107.5763889,15049129.61786699,2.509871940520833,1.95821928125,2.4465787486458335,1.0319053298611112
2024-05-05,143003021.5034722,15473671.802837214,2.9970127698958335,1.9816766875,2.742578525659722,1.1650477118055556
2024-05-06,158572769.10416666,17929760.44848148,2.8753675239930554,1.8316046666666668,2.857221413854167,1.0330020347222222
2024-05-07,151696927.3125,16094830.712296821,3.2229653636458333,1.7849996666666668,3.31888846125,1.0806926527777778
2024-05-08,153622627.2222222,16179695.345240034,2.664842003125,1.6424332430555557,3.008395921388889,1.0573464166666666
2024-05-09,153609963.41319445,16169218.843611995,2.614630589236111,1.6081814791666666,3.0584298963888887,1.0479687847222223
2024-05-10,148415288.0451389,15662245.013588538,2.6739010572569444,1.661401642361111,3.0370768303819444,1.0726896458333333
2024-05-11,149453470.6875,15580245.95064142,2.3788069175,1.5744988159722224,2.908675112951389,1.154862892361111
2024-05-12,154236536.60416666,16084171.763801826,2.388375832638889,1.5496341770833333,2.976023733888889,1.0992988333333333
2024-05-13,147236809.1111111,15336481.932111701,2.3597458485069445,1.7165375416666668,2.838888063194444,1.049338378472222
2024-05-14,145811676.19444445,15169287.751848834,2.656764167256944,1.9069784652777777,3.0167684153125,1.111712357638889
2024-05-15,146492123.95833334,15390652.25953168,2.4618440159722224,2.0010837291666665,2.8085956134375,1.0962001631944445
2024-05-16,152231101.11805555,16498898.473382153,2.6959972297569443,2.4324117395833333,2.6562099859374997,1.2211544131944445
2024-05-17,153404692.4826389,16591641.04747862,2.7799585227777777,2.608932097222222,2.7312001035416666,1.1791368750000002
2024-05-18,157787031.21180555,17147723.82919336,2.9795178268055555,2.5569622604166664,2.9250536981944446,1.2917854270833333
2024-05-19,157165887.94444445,16699747.92678681,3.1135927334375,2.51646784375,3.2272438003125,1.2746536909722221
2024-05-20,152961090.7777778,16156601.988629809,2.9354467830902777,2.530494604166667,3.027161432465278,1.2154912881944444
2024-05-21,155570164.14583334,17190536.904697143,3.1999384123958334,2.673302482638889,3.080935250763889,1.0664752430555557
2024-05-22,172708166.6111111,20020437.334455237,2.8415107466319447,2.07783403125,2.767350871388889,1.0386693194444443
2024-05-23,172546362.0798611,19682127.928466443,2.697003442847222,1.8985346562499998,2.854107837048611,1.0590754375
2024-05-24,163369527.80208334,18510219.200166915,2.2566916170833333,2.137736951388889,2.3774265947569444,1.0312660659722224
2024-05-25,165370458.42708334,18902626.395107724,2.4779402230555556,2.2452450486111113,2.5476530694097224,1.1705087951388888
2024-05-26,165971551.19791666,18670535.14918364,2.5742655866319444,2.264527666666667,2.6658308396874997,1.2778172013888889
2024-05-27,166355495.4201389,19036205.12051569,2.4337374607291666,2.278993013888889,2.5663190689583333,1.0905131076388888
2024-05-28,165528866.98958334,18841992.916074917,3.5322136160416666,2.4955679652777776,3.2317839180555556,1.0321550000000002
2024-05-29,167931817.73958334,19534136.43069056,3.351660502673611,2.4438330416666667,3.1119722871527777,1.0862449722222223
2024-05-30,176586931.7534722,20549659.319153756,3.288568588993056,2.356832201388889,3.244349229236111,1.1677290347222222
2024-05-31,187453694.00694445,22592296.420013007,3.1965526866319447,2.2002061180555557,3.1701213694444443,1.101646826388889
2024-06-01,181240997.3923611,21575642.439480413,3.114352886076389,2.4909102777777776,3.1184431243055553,1.0651074965277778
2024-06-02,171869649.64930555,20327560.61068909,3.0010407804513886,2.816488864583333,2.964107097604167,1.2392089513888889
2024-06-03,167761627.5625,19867808.866792463,2.4085241287500003,2.8735569131944443,2.6542868133680555,1.067360298611111
2024-06-04,168644851.61458334,19916681.079876374,2.7335474484375,2.8744799097222224,2.977726580833333,1.1681350868055556
2024-06-05,169789788.32291666,20285289.373875827,3.018370353020833,2.935306159722222,3.1563962084027777,1.2913871840277777
2024-06-06,170887036.5347222,20417545.65068217,3.2409280275,2.955816545138889,3.208823995520833,1.1707841770833332
2024-06-07,169332943.96180555,20106116.172377586,2.8694565599305557,2.876409048611111,2.9297264620833334,1.0565505520833334
2024-06-08,153043252.3576389,16456376.688999835,2.978145330486111,2.872507465277778,3.118784544375,1.1523875381944444
2024-06-09,151616319.6076389,16195141.554989683,3.0742785478472223,2.6293227743055554,3.2281864208333335,1.119638576388889
2024-06-10,153087815.7673611,16412116.960061682,2.9657261657986114,2.55482659375,3.051443538645833,1.0847430729166667
2024-06-11,153030844.625,15762535.086084105,3.2224720291319446,2.5011755555555557,3.2936683542708334,1.1882514548611112
2024-06-12,152767899.7465278,15758857.393530898,3.436639785400697,2.4582536341463412,3.5046483959930312,1.120979076388889
2024-06-13,159188806.5138889,16157548.757767936,3.4803011764930556,2.4596249930555554,3.381266152395833,0.9998521319444443
2024-06-14,158153990.35416666,15312361.724093325,3.4020718423611114,2.5261715104166664,3.3655094439930555,1.115288388888889
2024-06-15,152711411.2986111,14581537.69858893,3.287898822291667,2.5902156458333336,3.0173820482986113,1.331321986111111
2024-06-16,167355375.2152778,16917641.60729004,2.575150136423611,2.019542423611111,2.4447552420833336,1.0478021319444446
2024-06-17,167216017.16319445,16474101.618775615,2.7526841944444445,1.8711100208333333,2.586982561423611,1.0505170000000001
2024-06-18,145996389.1111111,13108685.651696086,1.9908082964236111,1.9529155868055557,2.1049529158680556,1.05719084375
2024-06-19,144421762.69444445,13200441.18768655,1.9424942080208334,1.8411691840277777,2.061910188923611,1.0207877708333333
2024-06-20,143132880.02430555,13187655.232369028,1.8763879038541669,1.9142156180555554,2.002121303159722,1.056765267361111
2024-06-21,144995536.28819445,13206407.22588923,1.9817626532291668,2.010798612099644,1.9948318665972222,1.1663251944444444
2024-06-22,237705532.53125,18686344.85742065,1.5304587197916666,1.8849899375,1.8975764181944446,1.0359656944444444
2024-06-23,273330340.6875,20762348.88384369,1.2593733802777778,1.495347090277778,1.8745611837847223,1.136737951388889
2024-06-24,233238954.21875,18114142.414253503,1.245267112986111,1.644384375,1.6629921319791667,1.0090392743055556
2024-06-25,214639671.1597222,17463699.454834905,1.2627764672569444,1.5654602013888888,1.4225870497916668,1.1401607083333334
2024-06-26,192787910.7465278,15754319.472773049,1.430746947013889,1.7599918680555555,1.5338949660069445,1.0588002256944444
2024-06-27,182374643.4027778,15007977.065471964,1.5134223059375,1.9991807326388888,1.5371641369097222,1.10887684375
2024-06-28,176263459.0972222,14546588.780051202,1.6539047065277779,2.1408141527777778,1.614068142013889,1.2003323090277778
2024-06-29,173996362.28125,14242631.608016517,1.7365144510416668,2.249136861111111,1.722213210763889,1.2247330243055556
2024-06-30,170966476.7951389,13817008.876770645,1.9978221734375,2.318758545138889,2.0392831263194444,1.2366336145833334
2024-07-01,171789166.5277778,14056084.061164029,2.2155486733680556,2.3869648576388887,2.0991375396875,1.240406045138889
2024-07-02,171414518.92708334,13917028.68450388,1.9402350223611111,2.322105777777778,1.978300703611111,1.131624875
2024-07-03,168189662.8923611,13262250.644654207,1.931038605590278,2.4207511631944443,2.0266611394097223,1.2288207569444445
2024-07-04,159470802.6875,11573682.628387654,1.9780190304513887,2.2816348055555555,2.275433626979167,1.0870949618055556
2024-07-05,131950000.6111111,8549919.632006632,1.6064767670833333,1.9111084513888887,1.8350623040277776,1.0771271979166666
2024-07-06,122691076.77430555,8518536.814014548,1.7017285560069444,1.8897400520833334,1.9424834362499999,1.152503295138889
2024-07-07,118701945.2986111,8363065.573108773,1.8737873455208331,1.9799549583333333,1.9993290994444446,1.0138716284722222
2024-07-08,117766300.69791667,8129257.03838289,1.822469889791667,1.7953470381944443,1.9570345305208332,1.087600045138889
2024-07-09,120165910.28472222,8444658.908460142,1.9221088688541665,1.8833529062499998,2.0395153546180556,1.13520103125
2024-07-10,119518562.14930555,8488325.491457053,2.0878442407986113,1.9318645034722222,2.1719005547916668,1.1666993055555557
2024-07-11,117216793.5173611,8343435.690335903,2.1300785416666668,1.9185245729166667,2.1854204861458335,1.1477351354166665
2024-07-12,117115438.14930555,8271949.900982602,1.948198407951389,1.765433798611111,2.0941802947222223,1.1917771354166666
2024-07-13,124246620.93055555,9003450.886494009,1.996695308263889,1.8146237048611111,2.0994667577430555,1.212162152777778
2024-07-14,128301377.9236111,9497569.089081587,2.0021080805208333,1.6752897916666667,2.1891162100347223,1.0886385729166668
2024-07-15,125641157.00694445,9804892.889352938,2.034126784166667,1.7425694583333333,2.1120207831249997,1.0911297881944444
2024-07-16,126898361.9826389,10644058.293680228,2.0067432903819444,1.7214603993055555,1.9848284266666667,1.0254998090277778
2024-07-17,143555184.7534722,13149969.338121338,1.8950644260416665,1.5556243854166665,1.8154718679166666,1.0192739479166668
2024-07-18,133392927.94791667,11845170.870049002,2.199492485590278,1.9197364131944445,2.1007531767013887,1.0909642361111112
2024-07-19,130617044.2951389,11543824.694610065,2.125704900347222,1.9933744131944442,2.1202451847569446,1.0684934409722222
2024-07-20,132787133.18402778,12047797.843421347,2.033092674548611,2.143667246527778,1.9729435747222221,1.1640164270833333
2024-07-21,132196625.64583333,11900699.985582074,1.977278064097222,2.1355747708333332,1.9592311539583334,1.0196201875000002
2024-07-22,132829037.6736111,11942212.394152965,1.9987116017361108,2.0981834930555556,1.9802276277777777,1.0935113645833332
2024-07-23,125857008.58680555,10813096.544002784,1.8512432531597223,2.0443090590277775,2.020921699513889,1.0191480034722222
2024-07-24,123823470.9861111,10673635.706606094,1.6941009760416668,2.048589993055556,1.9245135455555555,1.106728392361111
2024-07-25,116790040.9375,9472534.161687754,1.7243976760763888,2.254149076388889,1.914182672361111,1.10920553125
2024-07-26,117003122.94097222,9775570.565204686,1.7222955480902777,2.3106816493055558,1.9159014299305557,1.2301037986111112
2024-07-27,118046835.87152778,10069639.159078805,1.9021101902430557,2.3470543229166667,2.0593723378125,1.1230484097222222
2024-07-28,117351149.29166667,9845951.169630885,2.0214030709375,2.4790615243055556,2.1017511934375,1.1622650694444445
2024-07-29,116563236.5138889,9828341.688760828,2.045812913888889,2.3829277743055552,2.185539416111111,1.100802829861111
2024-07-30,116434479.8611111,9581445.056597553,2.0778228603124997,2.2554328506944445,2.250426413645833,1.234668298611111
2024-07-31,114440722.83333333,9184005.065201595,2.060141552326389,2.243418621527778,2.3148510186458333,1.2498871076388889
2024-08-01,112558958.47569445,8654501.577691212,1.9952837989583334,2.286294,2.1960342250694445,1.1457859618055555
2024-08-02,110889557.4513889,8416386.14065659,2.083744557673611,2.1612100694444445,2.1969527825694444,1.1928185625
2024-08-03,111451571.99305555,8093288.613793043,1.9561799036458334,1.965374263888889,2.180933480451389,1.1727653263888889
2024-08-04,113001430.9548611,7845389.0191682,1.9716022715972221,1.8313142256944444,2.2541969085416667,1.3034748125000002
2024-08-05,93691267.58680555,5779889.39151363,1.9281260602430557,1.17000421875,2.1276793879861113,0.9830810034722222
2024-08-06,95308846.86458333,6355857.451977323,1.9431906646875001,0.9714097395833333,2.1686794669444445,1.0898863298611112
2024-08-07,95190764.48958333,6397850.34158476,1.994477946458333,0.9620521041666668,2.171259636979167,1.119601628472222
2024-08-08,94481873.52777778,6428909.987297016,2.009741474166667,1.0099890381944445,2.183575399097222,1.2537398368055555
2024-08-09,93231413.09027778,6558992.394525105,2.2307170923263886,1.1326637118055556,2.2509622152777777,1.2470853055555555
2024-08-10,114101602.39930555,8618152.97847955,1.9995697143402777,1.0644980277777778,2.0750634494791664,1.2089077152777776
2024-08-11,198652982.3402778,16296821.59466912,1.3826413962847222,1.0737424618055555,1.1310606264236112,1.0684735902777778
2024-08-12,162343260.53125,12729169.326208416,1.8184589537234042,1.182621964539007,1.7987527587588652,1.1294514895833334
2024-08-13,151702225.84375,11909748.588577911,2.011287978888889,1.2881381701388888,2.0664462921875,1.1557348055555556
2024-08-14,149037141.24305555,11781673.774648566,1.912185578715278,1.292658388888889,2.0357393028472224,1.0924590243055556
2024-08-15,149339590.71875,11630459.127036385,1.8579255706597222,1.167551861111111,1.9572834027430557,1.05692471875
2024-08-16,139370978.3888889,10690663.872990206,1.7336462649305555,1.2620547708333332,1.8779421060069446,1.0761117916666665
2024-08-17,137540080.85069445,10605827.813616924,1.7266105109375,1.3495790659722222,1.8009693471180555,1.2541988194444444
2024-08-18,137068226.0763889,10711830.676286295,1.5878429819791666,1.3740948090277778,1.7149259257291667,1.115020517361111
2024-08-19,134298104.49305555,10368871.816213323,1.7764800379166668,1.4041177604166668,1.858648339548611,1.1736685034722223
2024-08-20,136319958.41319445,10747005.320943762,1.8786264950347222,1.463192486111111,1.9144382109722224,1.140012267361111
2024-08-21,136030145.86805555,11043906.21969098,1.8145154091666664,1.4213730347222222,1.8271440921875,1.0822207777777777
2024-08-22,133570809.08333333,11263529.015188674,1.9122812414236112,1.4570310520833332,1.7952584103125,1.1088129930555555
2024-08-23,131753027.9548611,11500681.826596804,1.8581136704166665,1.5208090347222223,1.7215467315625002,1.1262548298611113
2024-08-24,129702983.4826389,11801731.544360904,1.864332628402778,1.6653365590277778,1.6723607075,1.1186692465277777
2024-08-25,137451723.61458334,12505565.635005703,1.8085278271180556,1.5486471145833334,1.6646503992708332,1.0269659583333333
2024-08-26,138080867.6423611,12270567.348540733,1.6319868906597224,1.514469986111111,1.585121644513889,1.092848829861111
2024-08-27,128985988.3125,10929627.88450795,1.6245591547569445,1.6452749930555557,1.7210074553472223,1.1081508333333334
2024-08-28,121351986.30208333,10022651.036259556,1.5578518680555555,1.6641285104166665,1.703136432638889,1.0638574479166667
2024-08-29,119007740.3263889,9893314.747969065,1.5788629682638888,1.7108334895833335,1.7553109566319445,1.164820138888889
2024-08-30,118128177.7048611,9595247.205652041,1.6447745060069443,1.862853659722222,1.8472428484027779,1.1481197951388888
2024-08-31,117722738.93055555,9328875.287424646,1.697676238611111,1.9396483854166666,1.8463118268749998,1.4248581006944443
2024-09-01,118733173.04166667,9114473.193517549,1.7705367353124999,1.9107991041666668,1.932294993125,1.1589868472222222
2024-09-02,116771418.81944445,8873424.227761589,1.6797299865277777,1.7238076458333333,1.8883314059722223,1.1710394201388887
2024-09-03,118057375.28819445,9152294.064362044,1.7941183080555554,1.707100013888889,1.9647788821527779,1.1813136354166667
2024-09-04,117131565.75694445,8863646.501354108,1.7532093021180557,1.67550621875,1.9411049190972223,1.1079023229166667
2024-09-05,116602356.2638889,8891727.265700432,1.835604101215278,1.634887673611111,1.9709644570833333,1.1254031875
2024-09-06,117556513.50347222,8834291.976975545,1.7918013170833333,1.593703215277778,1.9726127839930554,1.1634310104166667
2024-09-07,117257018.1701389,8790470.346740993,1.7666934580555556,1.6321504861111111,1.9911492505902777,1.2526654131944444
2024-09-08,118094288.2986111,9015475.531159546,1.828337977013889,1.6926779965277778,1.983031217604167,1.3176233194444444
2024-09-09,119463037.3125,9452405.561343696,1.8356690044097224,1.7224068958333332,1.8525731160069445,1.2325065451388888
2024-09-10,125429141.1875,10467447.840354633,1.7862319345833333,1.635806142361111,1.7188858281597221,1.14038034375
2024-09-11,127728857.50347222,10604738.492872141,1.8707912765972223,1.6363994097222223,1.7657901035416668,1.0687042500000001
2024-09-12,127925048.84375,10658419.223302424,1.751780367222222,1.6430338819444446,1.7506772751388888,1.2680466979166667
2024-09-13,130346744.69444445,10996798.223907927,1.7542978053472222,1.6820002708333335,1.6985713109722222,1.1238487291666666
2024-09-14,136934091.2465278,11901157.612309966,1.7162706478125,1.6511523368055556,1.6315619946875,1.2655053055555556
2024-09-15,138765413.4513889,11997664.310112225,1.759506935486111,1.5095603993055555,1.8105928132638889,1.07770628125
2024-09-16,123045443.37847222,10029304.353460282,1.6739958615625001,1.5813346944444444,1.789112959548611,1.1717017291666667
2024-09-17,118492486.61805555,9662418.656284265,1.6131496619444445,1.598786534722222,1.8056448442708333,1.3178074791666665
2024-09-18,116564665.4548611,9447601.7946615,1.7114303670138888,1.606934361111111,1.8666476997569446,1.1312998680555557
2024-09-19,120379126.0486111,10297434.989978014,1.8780006672916667,1.6728929965277777,1.9546771387847224,1.14838153125
2024-09-20,119402573.65277778,10281217.55702448,2.0780376690625,1.897966454861111,2.049957732638889,1.2070822430555554
2024-09-21,119378768.06597222,10153602.70392578,2.174829622951389,2.01843075,2.1426700248958337,1.3208653611111112
2024-09-22,118813787.15277778,9991449.095323939,2.156020266145833,2.036679315972222,2.093299043020833,1.2546582152777779
2024-09-23,117687845.12152778,10039490.858577946,2.0721993934722223,2.146877076388889,2.0467873273958332,1.4811268194444445
2024-09-24,120690029.3923611,10388351.01591709,2.3861451519791665,2.2632296249999997,2.2621536512847222,1.3145913819444446
2024-09-25,126459293.10069445,11117009.248736965,2.390492489375,2.1022306944444447,2.314355427465278,1.2452191527777776
2024-09-26,127653078.08680555,11312637.966472851,2.2517262408333334,2.277250927083333,2.254538134652778,1.2243323958333334
2024-09-27,130526573.00694445,12035651.470541663,2.2161567676041667,2.3222542777777777,2.134345765659722,1.1696381458333334
2024-09-28,134822318.73958334,12506701.835014852,2.2471445220138886,2.2281741250000002,2.210323080451389,1.2503705694444445
2024-09-29,154543333.7847222,15052782.935311334,1.9217989838541665,1.8167797916666666,1.9419205656597223,1.1022523368055555
2024-09-30,158660838.2013889,15156371.90321555,1.9911127741319445,1.9031169652777775,2.1117826910416664,1.1112038923611112
2024-10-01,144923929.61458334,13472372.862112023,1.820143803611111,2.143125986111111,2.033911958125,1.0662917847222222
2024-10-02,132089970.2013889,11677643.079694495,1.7680248163194445,2.2654703541666668,1.9552377054166667,1.0935820694444445
2024-10-03,128312397.86458333,10721622.313149417,1.777829650972222,2.193170607638889,1.9762107108333333,1.0139314722222224
2024-10-04,128289167.27777778,11008439.954794444,1.6957539751041668,2.016061701388889,1.9154897761805556,1.1100099513888888
2024-10-05,125898449.87152778,11128200.587334732,1.8013195095833332,2.003106972222222,1.9240655331597223,1.0990852708333334
2024-10-06,129315127.8576389,11540214.726114344,1.8155385735416667,1.8195284027777778,1.9954070992708333,1.0130098541666668
2024-10-07,127878351.81597222,11502637.264750704,1.874903162361111,1.8150064062500002,1.9980454301041668,1.001631
2024-10-08,125319644.97569445,10901902.82715559,1.8602302681944447,1.8980531875,2.093231116388889,1.1387572361111111
2024-10-09,125010667.28472222,10643034.173855282,1.8370009910069445,2.0154963993055555,2.124816902673611,1.125085736111111
2024-10-10,122879134.625,10209103.59843881,1.8846447849305556,1.9361764548611111,2.251131185173611,1.186989375
2024-10-11,120125125.7986111,10346111.036563955,1.9561311318402776,1.7838496215277777,2.145838774236111,1.178762361111111
2024-10-12,122343694.80208333,10885271.467823617,2.0286639656944443,1.8340987986111112,2.0331867286805556,1.2581554895833333
2024-10-13,125339582.55208333,11009551.790252067,2.1060040279166667,1.9471004201388888,2.1053379203819444,1.3200335555555556
2024-10-14,123261766.74305555,11089674.750267364,2.102303189826389,2.057930684027778,2.0337497846180557,1.1852037881944444
2024-10-15,124320612.1111111,11219749.583068622,2.2605733876736114,2.1173176180555555,2.1780563188194444,1.12792846875
2024-10-16,123997406.06597222,11163748.735439258,2.0575735529513888,1.9718115,2.0581087881249998,1.1072461215277778
2024-10-17,124321637.64583333,11120695.844900317,1.9342766254166668,1.8503148854166664,1.9925637209375,1.1069587152777778
2024-10-18,123525698.9826389,11150402.326379832,1.896530975277778,1.8732065034722223,1.956404404548611,1.33689384375
2024-10-19,125290125.74305555,11399092.703503532,2.0177024766319445,1.9669751215277778,2.045625373125,1.212330611111111
2024-10-20,124052377.1875,11311217.038987027,2.0795580923263888,1.9111079548611112,2.0438462204861114,1.1647367708333334
2024-10-21,124180032.76041667,11506389.86035896,2.1632255709375,2.079756447916667,2.0752674406944447,1.052819142361111
2024-10-22,128342890.47222222,12019634.668981886,1.9443723135416668,1.6101169548611112,2.1090345231944445,1.0603273645833333
2024-10-23,122077704.6875,11066826.271578515,1.915015399409722,1.9019971111111111,2.1371969336805554,1.1566015972222223
2024-10-24,114704900.64930555,10297961.762010332,1.85626797,1.7734576979166665,2.1366472452777776,1.19911465625
2024-10-25,121495814.84027778,11100810.437400063,1.8661228103125,1.6763556701388889,1.9978271582291667,1.0529096180555557
2024-10-26,112410620.3923611,9831506.832105981,1.753734619965278,1.6358609583333332,1.9229265946527778,1.0448044027777776
2024-10-27,117778936.66666667,10595604.24942217,1.7531977943055557,1.6382325694444444,1.8549453096180555,1.284020625
2024-10-28,116992202.06643356,10612703.564825205,1.884003117237762,1.6870001258741258,1.9152322613636361,1.170613590909091
2024-10-29,116643594.6111111,10820447.43216044,1.9595841320833334,1.721509517361111,1.8916692368402777,1.2404396909722222
2024-10-30,121186221.89583333,11318557.619822526,1.9958198895138888,1.789989375,1.9006065494791666,1.2682565451388887
2024-10-31,139444606.5138889,13337302.051658325,1.8177905569791666,1.5578855451388889,1.7963132245833333,0.9521960277777778
2024-11-01,125672547.48958333,11309447.188642187,1.8180392444097224,1.7017252152777778,1.9367710048958335,1.0752789062499999
2024-11-02,120356538.69097222,10629849.83413575,1.7811095920138886,1.8430745868055556,1.949333221041667,1.2312153333333333
2024-11-03,114892998.61458333,9585028.966310043,1.8038523497569443,1.8879076284722223,1.9558454033680555,1.06642584375
2024-11-04,113996737.25347222,9558943.698661802,1.7947671186458334,1.7230809027777778,1.9555284231944445,1.1121770590277777
2024-11-05,111853452.43402778,9499510.245218964,1.7514953014583332,1.582512388888889,1.9614825285763888,1.18513390625
2024-11-06,109978885.74652778,9985014.96099897,1.8776709281944446,1.8715711388888887,1.9848674892708336,1.07714478125
2024-11-07,114749352.74652778,10705223.02928162,2.0938307500694444,1.8551427743055555,2.070995946319444,1.0588366006944445
2024-11-08,119497237.1875,10954703.849360796,2.240908399513889,1.9694456249999999,2.139291833541667,1.2752975243055555
2024-11-09,125722477.8611111,11752954.672379235,2.2535477093750003,2.026237184027778,2.1117291001041667,1.1563370277777778
2024-11-10,146072694.86458334,14733177.983172564,2.1711478428125,2.107796704861111,2.033090946805556,1.116033545138889
2024-11-11,156651583.25,16010947.649599705,2.2983835915277777,2.4539254895833333,2.1046817868402776,1.0475168576388887
2024-11-12,153171147.8888889,15897942.588834502,2.359492661215278,2.5886227152777774,2.024170879826389,1.0324540277777778
2024-11-13,156476171.7986111,15574229.426645914,2.243679151979167,2.8363166770833335,2.0412110297569446,1.0445809583333334
2024-11-14,163691026.47569445,16381195.725499094,2.1735527550694447,3.0508083368055554,1.9746090465277777,1.1010771875
2024-11-15,161857027.1284722,16089655.167392671,2.107783121076389,3.0147914375,1.9370663752083332,1.0378162361111112
2024-11-16,187047139.2847222,20853833.7162576,2.101522689340278,2.791857788194444,1.8398710906597222,1.04441159375
2024-11-17,193962074.40625,21531919.40865894,2.229095252048611,3.1505362847222225,1.8571728455208334,1.053947795138889
2024-11-18,192093136.1597222,21202689.906760246,2.1444408245138886,3.582188010416667,1.9749965988888887,1.087080892361111
2024-11-19,188596748.8611111,20600313.63832405,2.335495978611111,3.965818013888889,2.0551026736805555,1.0831847777777779
2024-11-20,185048264.36458334,19652077.524280276,2.184135765798611,3.693443118055556,1.9978908063194443,1.05990965625
2024-11-21,181657114.02430555,19479826.03858115,2.1541707169444444,3.4016498541666667,1.9673114667708331,1.0093429131944445
2024-11-22,181492347.1736111,20565059.531721096,2.1281710899305555,3.3361996111111107,1.9289876790277778,0.9993421145833332
2024-11-23,180231582.35416666,21492366.168221407,2.221044548888889,3.3682057569444446,1.9945158865625001,0.9850584826388888
2024-11-24,188563449.5451389,23152343.927477237,2.5239659393055556,3.9149596874999997,2.1771591256597222,0.9961927118055556
2024-11-25,188966640.33680555,23182156.117541805,2.702169722847222,4.3035631145833335,2.1655376496875,1.0962425069444446
2024-11-26,184856120.3715278,21504722.734846804,2.5267830758680554,4.753993822916667,2.120305963576389,0.9941010763888889
2024-11-27,182394910.13541666,21560421.74937662,2.4894735158680557,4.48690490625,2.0829323778819444,1.0358279895833333
2024-11-28,183748438.3472222,21957213.11578579,2.8281443994444446,4.808790388888889,2.185713979548611,1.1050568020833333
2024-11-29,192638015.18055555,23558549.73661875,2.6339628858333333,4.6674584687500005,2.117266966979167,1.0124013194444443
2024-11-30,203562219.17708334,26028643.08303036,2.7524720045486113,4.673318399305555,2.138971051354167,1.0776281562499999
2024-12-01,193517288.80208334,25802646.998467557,2.8072350349652777,4.745071388888889,2.2164978835069444,1.0746661145833334
2024-12-02,178742726.1388889,23761737.56348868,2.8833109177083336,5.12433228125,2.3271753077430555,1.0072680277777777
2024-12-03,178090210.26041666,27034629.425988812,2.6528414488541667,4.150537302083333,2.1211428182291665,1.0767686701388888
2024-12-04,179879813.1423611,29790943.193308625,2.863902074479167,3.7136573715277783,2.321385662743056,0.9994603124999999
2024-12-05,174140015.98958334,28630157.450395342,3.126531573541667,4.180982920138889,2.4715666348958334,1.0361363958333334
2024-12-06,170139838.10416666,28154683.17010932,3.1615138628125,4.29428065625,2.5611447624652777,1.0717950590277778
2024-12-07,171946761.13541666,28656152.4960811,3.1596100039930555,4.520057708333334,2.5315070080555557,1.1549991041666667
2024-12-08,170415958.9201389,27641952.76652466,3.442097174409722,4.962712506944444,2.9709284374305556,1.0261294375
2024-12-09,161098208.9652778,23885165.69748224,3.4214015677777776,4.845400423611111,2.7230331454513887,1.0026873715277778
2024-12-10,156313643.82291666,19516652.207240295,2.5253579628819445,3.9021385000000004,2.1683800589930557,1.0750249479166667
2024-12-11,158320702.7951389,20427008.17686055,2.4103943596875,3.811615927083333,2.0742455984722223,1.105547371527778
2024-12-12,159687475.27430555,21813468.781455383,2.547832106493056,3.7746594583333337,2.155461132638889,1.0339657222222223
2024-12-13,156819267.38541666,20767439.512456134,2.6495224261458334,3.9060064305555553,2.139909223263889,1.0816761597222222
2024-12-14,156804729.69444445,20509226.401944414,2.5014603055208333,3.574529993055555,2.060213220277778,1.2130505138888887
2024-12-15,165406629.22569445,21750294.620366447,2.244022434513889,2.6857555381944445,1.9369139924305554,1.1204468229166666
2024-12-16,163521666.76041666,21608974.17825936,2.3348013444444446,2.743694472222222,1.9741560339583333,1.0295931909722222
2024-12-17,168824928.3472222,21854990.22666777,2.3774644390277775,3.022660850694445,2.0394879641666663,1.1463907118055556
2024-12-18,170644434.23958334,20760126.83436662,2.4957545803819445,3.158265184027778,2.114675348402778,1.1135994895833334
2024-12-19,166887936.74305555,18384158.140035823,2.5734582861805553,3.497871579861111,2.1620069919444442,1.0874143333333333
2024-12-20,165521172.97916666,17168301.77995055,2.415693282986111,3.461597368055555,1.9803698865625,1.0700715069444444
2024-12-21,160611682.92708334,17975875.185770486,2.324423102986111,2.841334097222222,1.776930351527778,1.1125520520833332
2024-12-22,157397510.375,17026682.241545,2.2762012400000002,2.6895822534722225,1.8073060555902778,1.0940718298611112
2024-12-23,161251470.4027778,18133951.510335617,2.2070350217708334,2.51058878125,1.812926369201389,1.0592422604166667
2024-12-24,161453385.21875,19012416.749405812,2.3199227116666665,2.7414564618055555,1.8679542564930556,1.1078390520833332
2024-12-25,162717292.1527778,19200580.258742444,2.4668437096875,2.721842236111111,1.9583994172916666,1.2278152777777778
2024-12-26,162173562.96180555,18083856.51834657,2.535173671041667,2.8017492986111114,1.9741254211458334,1.2056514305555557
2024-12-27,165418519.6076389,18993856.97829598,2.3960202821527776,2.6004560277777777,1.9746642518402777,1.0839622604166665
2024-12-28,163440867.21180555,18514165.955205552,2.4932881760416667,2.7848478819444447,2.0157684139583334,1.214904138888889
2024-12-29,159782484.78125,18043352.39581664,2.6382049384722226,2.896346548611111,2.0746500966666668,1.3024160277777779
2024-12-30,159483198.5590278,17597364.87558624,2.5151580133680556,2.863470486111111,2.052206678125,1.1805637152777777
2024-12-31,158069368.35069445,17145781.17436101,2.402770387534722,2.896690607638889,2.0312633137847222,1.2499375138888889
2025-01-01,157817633.48958334,17322309.34660742,2.398666317638889,2.8085159305555556,2.000300845902778,1.1152717743055556
2025-01-02,160359461.80555555,18319496.416569516,2.545951348125,2.950682479166667,2.0438046342361114,1.1443784375
2025-01-03,168030716.6597222,19543890.981498487,2.6904187275694444,3.0041645034722224,2.0725504454166668,1.0553012361111112
2025-01-04,172094273.53819445,20334111.208980482,2.765415812361111,3.00120221875,2.064759486041667,1.19840534375
2025-01-05,162543365.6076389,19138006.504992202,2.7142347196180556,2.804433107638889,2.027604761944444,1.3500100902777779
2025-01-06,177854161.00694445,21289901.15777352,2.455265963923611,2.468790125,2.007776138923611,1.1645696423611112
2025-01-07,175835390.7534722,20386129.504117414,2.4580315601041667,2.78519003125,1.9929443788888888,1.1693958368055555
2025-01-08,166726290.41666666,17685106.595361046,2.1376804603819446,3.0449473194444447,1.8228134330555557,1.1471357291666666
2025-01-09,173238006.3784722,17763853.80936063,2.1284180116666667,3.0536726319444445,1.75011359875,1.1331246770833332
2025-01-10,172159701.28125,17735944.752689376,2.140729115,2.9590846770833337,1.7987356628472222,1.1377480208333333
2025-01-11,172128828.40625,17734299.131975994,2.2546325155208335,2.92796965625,1.8847497665625,1.2979813576388888
2025-01-12,175754322.0277778,17970142.58953102,2.364398115208333,3.0114277013888886,2.043569271840278,1.3695416666666667
2025-01-13,175618376.38541666,17182647.10148059,2.3175817810069446,2.823964111111111,1.990672808576389,1.1357578645833335
2025-01-14,175815673.63541666,17789629.260843232,2.2099512819444445,2.724380378472222,1.7839708252777777,1.1785033159722222
2025-01-15,168037529.375,17196481.37170917,2.519096205277778,3.0077370243055555,1.971939403125,1.292106170138889
2025-01-16,179446605.9722222,18654873.646750137,2.6998206169097223,3.605618465277778,2.0854233565972224,1.2158267430555556
2025-01-17,180030630.51041666,19056886.53913262,2.7310206308680556,3.7744965104166663,2.0974839600347224,1.2867821909722224
2025-01-18,161540924.5798611,16038368.226692073,3.0387233798263886,3.6033116250000004,2.3461031771874996,1.2070992430555556
2025-01-19,156144780.7951389,14476394.124464594,2.8302984253472223,2.9076114756944444,2.2895224675,0.9914654131944444
2025-01-20,145633635.38194445,12676869.042461563,2.6766820275347225,2.32410409375,2.2261239946874998,1.0401727465277777
2025-01-21,143511568.0451389,12489110.456411846,2.693947144201389,2.3285625381944444,2.340031913576389,1.0887232638888888
2025-01-22,148629882.03125,12990229.590000534,2.696705976284722,2.457430722222222,2.2928272657638886,1.2462094722222221
2025-01-23,163344170.39583334,13470775.859248362,2.8476548083450703,2.7618067743055557,2.4970481051041666,1.1680583263888888
2025-01-24,159884719.3611111,13210705.944403207,2.879345867708333,2.7705093888888888,2.488655019305556,1.1450537326388888
2025-01-25,161772072.0972222,13059088.82261765,2.799674112777778,2.6130550208333334,2.4524004737847225,1.5107237118055556
2025-01-26,161756594.50694445,13233912.43206955,2.946550130138889,2.6086515173611113,2.562143444548611,1.2827599930555555
2025-01-27,157149015.7534722,11764443.219521543,2.7696216243402776,2.506512861111111,2.3540452233333333,1.129757402777778
2025-01-28,153579006.97916666,11724994.702065282,2.9171013974305553,2.5642277430555556,2.260459956979167,1.284153482638889
2025-01-29,154139804.7951389,11553328.358453052,2.6950352773958333,2.513923520833333,2.278804682951389,1.1777929201388888
2025-01-30,156593598.14583334,12096857.283709347,2.890839754201389,2.527706888888889,2.3877531643750003,1.25980803125
2025-01-31,157848484.66666666,12365634.883242216,3.1030597788541665,2.620334829861111,2.4032891980208335,1.217961486111111
2025-02-01,161565505.00694445,12259005.06922423,2.9955223130555555,2.5712823368055555,2.3593994150694444,1.2471631944444443
2025-02-02,156051182.11458334,10823271.848764623,2.712777237743056,2.508283111111111,2.29913461875,1.005068815972222
2025-02-03,135201291.7222222,8129024.25416328,2.1980291193055557,1.7678325104166666,1.983458519230769,1.1112372708333333
2025-02-04,137735410.2986111,8814733.111041944,2.0820276765972223,1.4148131493055556,1.8411512589583334,1.1393693194444445
2025-02-05,144410564.69791666,9464195.307771405,1.973684276875,1.288153451388889,1.800295878263889,1.1488924999999999
2025-02-06,155131955.20833334,9883173.295176411,1.9148620356250001,1.0568400555555555,1.8165260555902778,1.1282235868055555
2025-02-07,149807204.52430555,9575647.823396932,1.8027260146527777,1.1554136041666667,1.7310200114930554,1.202099423611111
2025-02-08,149351342.4027778,9782136.769767106,1.8788129283333335,1.1363386354166667,1.7640733114930556,1.2759209583333333
2025-02-09,150413152.46875,10366152.570853598,2.010023705173611,1.068582934027778,1.8251337162152776,1.2055198680555557
2025-02-10,146093031.03819445,10313417.363999402,2.095015795972222,1.1299691111111112,1.8675011452430554,1.1151736145833333
2025-02-11,146208360.5902778,10842010.856390469,2.1372615470486114,1.0863562916666667,1.8725089469444443,1.1491277083333333
2025-02-12,145787808.93055555,11299288.89838206,1.9926009488194447,1.116573326388889,1.8672657975,1.0983959131944445
2025-02-13,139235718.48958334,11080803.508135207,1.8280098935069442,1.3081544305555555,1.717676278611111,1.1447295381944445
2025-02-14,131426894.3576389,10354238.809242776,1.7907048719444445,1.3498602361111112,1.6980637736111113,1.2742775208333332
2025-02-15,123099861.6875,9683788.649246212,1.815771690486111,1.4237396006944445,1.6756811243402778,1.1504508055555556
2025-02-16,118927905.74305555,9147778.96822046,1.8568440530902777,1.5373896111111112,1.7585547293055557,1.2961903541666666
2025-02-17,115315859.32291667,8916993.85378672,1.9540688259375,1.5576907222222223,1.7773145168402777,1.155350472222222
2025-02-18,108944977.58333333,8022858.39449713,1.9512141228472224,1.6342489930555555,1.7664557875347222,1.2487803020833335
2025-02-19,107643846.9826389,7943802.540273415,1.9067374757291669,1.5855048715277777,1.7440063314583334,1.3709810868055556
2025-02-20,102635254.16666667,7728053.56675356,1.9649001639930554,1.5965752118055556,1.781793346527778,1.2503957673611112
2025-02-21,99555615.7013889,7534916.058490326,2.302904246701389,1.69104971875,1.9061939844097222,1.2261486909722223
2025-02-22,99432828.39583333,7318919.000026148,2.134400033263889,1.6671773368055556,1.8760920684027778,1.4515094895833334
2025-02-23,101253804.28125,7386472.405146851,2.1468959220138886,1.6796957083333333,1.845685102013889,1.49703428125
2025-02-24,97816139.90277778,6746937.739372327,2.132311880520833,1.8354095624999998,1.8101121032986112,1.3612014895833333
2025-02-25,97553794.64930555,6440158.619206738,2.049861189930555,1.9219745833333333,1.7957474571875,1.1676301249999999
2025-02-26,96026352.7951389,6502574.386361622,2.103273858402778,1.802570170138889,1.8316844733333335,1.20433025
2025-02-27,96927225.36805555,6596271.354057878,2.3412303669444445,1.848518826388889,1.9544347995486109,1.4411787465277779
2025-02-28,94862956.90277778,6231688.001323286,2.4921372746875,1.7079513368055557,2.159248418055556,1.129415013888889
2025-03-01,93817935.3611111,6275628.148972846,2.0811876829166667,1.74480496875,1.8763261696875,1.4373100729166666
2025-03-02,95784565.46527778,6580714.404217046,1.7552356284375,1.7754173159722222,1.649752548125,1.2831457986111112
2025-03-03,99367668.5763889,6818234.576722977,2.061577555763889,1.9053883506944445,1.7424286738194443,1.1605221006944444
2025-03-04,93149619.33333333,5824317.396309861,2.343682683263889,1.7272438437500002,2.1680063533333334,1.0676346979166667
2025-03-05,88645284.38541667,5700089.861011697,1.7127153782638889,1.6659943923611111,1.648670103611111,1.2069278368055556
2025-03-06,82296891.74652778,5373537.834523951,1.6309338781944445,1.7150816840277778,1.5325611435069444,1.222552204861111
2025-03-07,91084208.08333333,5898371.06137312,1.5864004242361112,1.761347875,1.5458024383680555,1.455438715277778
2025-03-08,92988002.71527778,5908644.123998262,1.85597945125,1.7237339375,1.7897393686805556,1.3371490868055556
2025-03-09,94171133.85416667,5701251.086595549,2.0912019563194444,1.5454709930555555,2.0623074111805555,1.0550506597222222
2025-03-10,100966468.38541667,5995986.846674637,1.9250167315277775,1.3371871701388889,1.9182207817708334,1.1804892638888889
2025-03-11,97452261.6875,5812218.970418852,1.8400649955555555,1.436616121527778,1.798483354826389,1.20776815625
2025-03-12,96945420.19444445,5934892.82586064,1.9346732381944445,1.5255233020833332,1.8002828842708334,1.1617267847222221
2025-03-13,95191732.5173611,5797819.971901703,2.071795590590278,1.5949791805555555,1.892171000486111,1.2645634027777777
2025-03-14,91256515.83680555,5636602.456276183,2.1192122233333333,1.6353371805555554,1.9257354170486112,1.2455773958333334
2025-03-15,90244740.72222222,5702823.756938227,2.2784216789236114,1.7040261180555556,1.9794033828472222,1.3983392638888887
2025-03-16,85733636.79166667,5421053.604551832,2.6163386406944444,1.5430496041666666,2.196587445763889,1.2282548090277778
2025-03-17,85352990.87152778,5406870.949981095,2.4707972602430552,1.5175545277777778,2.1076021293402776,1.3512949479166667
2025-03-18,87945553.73958333,5555294.404122097,2.1829039987152776,1.3735824756944444,1.9320072709027778,1.1624896736111112
2025-03-19,87355840.4513889,5596441.326889528,2.186835451840278,1.3604810416666666,1.9542658258680556,1.3673827951388888
2025-03-20,88316592.49305555,5738469.7487872895,2.3638239805902774,1.4449764131944445,1.9386623797916667,1.5555846770833335
2025-03-21,91391724.4375,5883849.525687498,2.6256496489583334,1.468201392361111,2.178566675659722,1.4075253194444446
2025-03-22,91151073.1111111,5873176.727895085,2.807601479375,1.4436971527777778,2.3524797896180556,1.7371938159722222
2025-03-23,92269448.23958333,5883856.854162669,2.868766634513889,1.4786784513888889,2.3372005470486115,2.082002743055556
2025-03-24,93160035.39583333,6040182.110582297,2.74497786875,1.4413993229166666,2.2819515974305555,1.6800539340277778
2025-03-25,92434823.54166667,6042221.657274208,2.8987993178472222,1.4514656458333333,2.3097660525694446,1.5285059131944445
2025-03-26,95165376.0,6336150.64955513,2.9674176793055556,1.5102943506944444,2.33112354875,1.7274657881944444
2025-03-27,93853595.1701389,6215253.801274782,2.907797806493056,1.4675554270833333,2.2853972341666666,1.575563267361111
2025-03-28,89735010.5,5629580.222081089,2.5294734609027776,1.4670819583333334,2.0542232760763888,1.378020888888889
2025-03-29,90752434.9201389,5444172.404495671,2.3693993601041665,1.4342696597222222,2.0107591055902776,1.4983949479166665
2025-03-30,93183933.64583333,5595918.802355068,2.250973100347222,1.3268611145833333,2.012532396284722,1.3687224930555555
2025-03-31,95005524.125,5706907.798002787,2.2801667276041666,1.3499979930555555,2.026568072361111,1.4214469270833332
2025-04-01,93244373.52777778,5638878.724707493,2.160865285972222,1.4110166284722223,1.976065116736111,1.5680823229166667
2025-04-02,95003501.87152778,5637248.2664541025,2.151137170277778,1.377142642361111,1.956061095,1.293084236111111
2025-04-03,96247556.02083333,5614882.911688181,1.9707763276736112,1.2639920555555557,1.8438531624305554,1.3739703472222222
2025-04-04,98101110.3125,5767650.228242928,2.0014901543750003,1.2031729270833333,1.9249007863541665,1.2496614409722222
2025-04-05,99139004.5798611,5792893.242139652,1.9346575224305558,1.209847326388889,1.7797904060416667,1.3905921840277777
2025-04-06,100343378.95833333,5719512.85153387,2.0831079747569445,1.164586829861111,1.9753986195138888,1.284806142361111
2025-04-07,97114086.08680555,5345581.399565085,1.8743230737152778,1.0450125416666667,1.8032269830902778,1.2960078958333332
2025-04-08,97435695.25,5398635.648043661,1.9714468611805556,1.0193014305555554,1.8243065166666668,1.38299259375
2025-04-09,95653800.7013889,5291029.094393557,1.8532980114583333,1.05132584375,1.7920558257291666,1.3197006145833334
2025-04-10,94005320.71527778,5409842.0838461695,2.1946069033333333,1.1151660902777776,1.9640696713541668,1.3615961597222224
2025-04-11,89046803.35416667,5211942.064176284,2.1810457692361114,1.1631083819444443,2.04098435625,1.5261457673611112
2025-04-12,86778541.52777778,5153066.219057004,2.3546529594444445,1.1820268402777776,2.1684072652777777,1.3584951423611111
2025-04-13,85702608.40277778,5097689.054625398,2.367407265486111,1.1768612743055555,2.063767773715278,1.8317663298611113
2025-04-14,85888371.36805555,5072752.058511065,2.1993123673611112,1.1931247604166666,2.0326294604166666,1.327203101045296
2025-04-15,85674992.13194445,4990321.071463681,2.0181559582624113,1.1759818581560284,1.9869111489716311,1.491127746527778
2025-04-16,88167699.02430555,5050677.665057609,2.0250542849305555,1.1627443958333332,1.999238715763889,1.7351074097222223
2025-04-17,86367749.12847222,4996909.9606471425,1.9853742693402776,1.1701289965277777,1.9770058310069443,1.8439813055555554
2025-04-18,87303060.47222222,5141228.686999058,2.1051940046527777,1.1494211840277777,2.0425943828819446,1.6370312847222221
2025-04-19,90316849.12152778,5393919.828658005,2.2385705352083334,1.1396224375,2.1686056538541667,1.5969702430555557
2025-04-20,91274957.77430555,5529068.732460572,2.4023456047569445,1.196000263888889,2.2768194094791667,1.7429832708333333
2025-04-21,89434498.28472222,5534046.416654531,2.480393802152778,1.240085954861111,2.2833040811805554,1.5376287465277778
2025-04-22,90927990.18402778,5573101.5480784215,2.5574033334027777,1.266450642361111,2.3311371618402776,1.4856847256944445
2025-04-23,92787737.22916667,5931426.879194165,2.827100587986111,1.3023349583333335,2.4455393224652777,1.3371872291666667
2025-04-24,90348513.87152778,5765544.327781924,3.1389930492361113,1.3824217951388889,2.511568928125,1.420279107638889
2025-04-25,89092898.65972222,5750074.237639257,3.2380888067708335,1.3720960624999998,2.4877763519791665,1.4101060937499998
2025-04-26,90896068.37847222,5924736.893734638,3.1061290378819444,1.33441271875,2.4966689864236113,1.6048736354166666
2025-04-27,91479233.5486111,5821068.22919101,2.800886698576389,1.3202624583333333,2.3351579569097223,1.7029211770833335
2025-04-28,88692610.51041667,5587160.924569286,2.6167809355555556,1.2093078888888888,2.3286013303472224,1.3797731111111111
2025-04-29,89154538.40972222,5526542.593845506,2.7757143696180555,1.1852809270833333,2.51506503125,1.47106125
2025-04-30,88310656.31944445,5329237.505992932,2.595926802916667,1.1623962986111112,2.4023066765625,1.7124309479166666
2025-05-01,85958495.46180555,5267773.182229204,2.6495574705555556,1.3156446215277777,2.337383344375,2.1088862743055556
2025-05-02,90165769.0173611,5692494.728224621,2.7010345014236115,1.2221150902777778,2.3500002994097224,1.273506388888889
2025-05-03,88972548.88194445,5452246.190333284,2.6262143187499998,1.1741660381944445,2.388929711875,1.6505986909722221
2025-05-04,87473167.18402778,5153267.469619502,2.0846858632291667,1.0466770659722222,2.0555411183680556,1.3870786458333333
2025-05-05,90254092.02430555,5359348.514358309,2.003957562673611,0.9972159861111111,2.0096631886805554,1.5446768888888889
2025-05-06,89304875.52430555,5211975.082927326,2.1010631386111114,0.9705223715277778,2.126522347083333,1.3236620729166666
2025-05-07,86413594.07291667,5061817.644614643,2.1397646347916663,1.0026644930555557,2.086391541215278,1.324498767361111
2025-05-08,89071792.4201389,5469586.274900033,2.3195747788194443,1.0912879652777778,2.230292895243055,1.2693966631944444
2025-05-09,91011337.02430555,5985360.18609723,2.906522217465278,1.2636604722222222,2.4877261753819444,1.2237577083333333
2025-05-10,94758185.1701389,6599983.970956922,3.0549777010416665,1.2440185833333333,2.5555627587152774,1.2102938715277778
2025-05-11,93345746.50694445,6460755.112322957,3.2186632695486113,1.3551833263888888,2.5360921490277777,1.4226716944444444
2025-05-12,92553738.0763889,6439906.179267774,3.147590783229167,1.3538337534722222,2.4725157813888887,1.3372728402777776
2025-05-13,91016560.03125,6195450.451604197,2.9049311687847226,1.3075520208333333,2.3717103341666665,1.2142886145833334
2025-05-14,98649285.90972222,6899748.587103446,3.383980636076389,1.3377216631944444,2.6964070696527775,1.2578621423611112
2025-05-15,90448162.1388889,5913931.68332233,3.161980934201389,1.1747756770833333,2.706137881423611,1.18072996875
2025-05-16,86225286.03472222,5530182.624144401,2.839074672986111,1.1212237256944446,2.6111376962152777,1.34190565625
2025-05-17,84368058.17708333,5179804.266651518,2.7179349071180554,1.0799988368055555,2.5601799050694445,1.3782137395833334
2025-05-18,83952997.71875,5219300.3956145225,2.8180851093402777,1.0440856631944444,2.8096731578472225,1.2403100208333333
2025-05-19,81739007.09722222,5008341.494540011,2.8889029056944446,1.0920872326388888,2.689630220277778,1.3981719756944444
2025-05-20,81698665.61805555,5057700.572371033,3.1053594027083333,1.1637636979166668,2.8227382452430554,1.4192929305555557
2025-05-21,81542807.49305555,5124685.139312576,3.0370539338541667,1.1968732777777777,2.7626612130902775,1.2968743958333333
2025-05-22,84608966.9201389,5548423.826616086,3.299094190763889,1.2218883368055555,2.8664787593055556,1.3763966666666667
2025-05-23,84508539.3888889,5490447.734725436,3.4282360646180554,1.1925701145833334,2.8989693302083333,1.217878201388889
2025-05-24,85121744.35069445,5250286.582395796,2.9529249341319446,1.0807910034722221,2.830430945833333,1.5482361249999999
2025-05-25,90662884.8888889,5482268.331419753,2.638691569513889,1.0709888993055554,2.546755906388889,1.3816375520833333
2025-05-26,88798838.91666667,5541372.380862641,2.476611635868055,1.0661750208333334,2.377336076284722,1.38866028125
2025-05-27,84937188.04166667,5355669.825931165,2.737771106701389,1.1449552152777778,2.554939939583333,1.45950115625
2025-05-28,82616387.78819445,5173619.119733885,3.0488133914583333,1.2284170243055557,2.7606541430555556,1.3154845138888889
2025-05-29,82341530.2951389,5125573.052441735,2.9854608830555556,1.3262984756944443,2.663364527673611,1.372576440972222
2025-05-30,80347124.28819445,4717099.307899156,2.581542287986111,1.2602751319444445,2.4376647169791665,1.1951297083333334
2025-05-31,89663590.58333333,5120892.318225566,1.873827618888889,0.8956328055555556,2.2134816393055554,1.3716986180555555
2025-06-01,89585829.85416667,5238398.994425285,1.9427245036805556,0.8821741979166666,2.240536846215278,1.72163028125
2025-06-02,88767450.7048611,5214428.482895768,2.1254170596527775,0.9161679548611112,2.37670316625,1.6953931354166665
2025-06-03,85679061.83680555,5204072.770589861,2.354589311840278,1.0357849479166665,2.4044856462500004,1.6148466006944444
2025-06-04,83029778.10416667,4976582.945194895,2.5943275321527777,1.0515977847222222,2.5786657609375,1.6492576006944446
2025-06-05,82000621.88541667,4795735.68306845,2.3082077159722223,0.9594944375000001,2.487282278854167,1.4582486840277777
2025-06-06,82654459.41666667,4794426.119084288,2.035118235451389,0.9034398888888889,2.2361498611805555,1.6703836944444443
2025-06-07,81117123.1076389,4822565.158973582,2.3634858011805555,1.015361329861111,2.4693447637152777,3.1916494131944444
2025-06-08,77736556.92708333,4606192.303551741,2.4392135953472223,1.0870006284722222,2.5505702772222225,2.1021361840277777
2025-06-09,75026550.2326389,4473649.326401604,2.406833139375,1.1201742256944445,2.5522441734375,1.9200387361111109
2025-06-10,71977520.9548611,4427859.696934378,2.6582853868055554,1.263439527777778,2.552173196597222,1.4209644756944444
2025-06-11,70115612.09027778,4337747.223494686,2.6643113333680555,1.3040483333333333,2.4195333873263887,1.698949295138889
2025-06-12,71708680.9513889,4253268.73493446,2.4015403027083333,1.2553583055555555,2.391965811111111,1.3248159236111112
2025-06-13,75061483.61458333,4244161.649717258,2.0756281929166667,1.0039817569444445,2.272891571701389,1.3206995277777778
2025-06-14,92721345.86458333,5606227.709998703,1.7628228815972222,1.0851449444444445,1.974197601076389,1.246796295138889
2025-06-15,86282611.4236111,5163601.107172438,1.905832383923611,1.0964618229166667,2.1599358046875,1.6608094583333335
2025-06-16,80478282.45833333,4923525.188650376,2.0303040630208335,1.169249951388889,2.2335220657986112,1.6564563449477352
2025-06-17,72941658.75347222,4302183.650348541,2.1814800818749998,1.216193920138889,2.2815133490277777,1.5747073229166668
2025-06-18,71899415.24652778,4136401.409528216,2.0310581835069446,1.2508495347222222,2.228965563923611,1.5866485138888888
2025-06-19,72338345.22222222,4154490.1123879533,1.9866312881944443,1.245624375,2.2257280251041665,1.767200826388889
2025-06-20,73067695.50347222,4179169.3438121537,1.8273512260069442,1.2270876736111112,2.092495827152778,1.5812134444444446
2025-06-21,75546874.02430555,4284119.488234242,1.7534010931250001,1.2002167604166667,2.0191220264930556,1.5418756840277779
2025-06-22,75119484.86805555,3976417.7289373386,1.548878089722222,1.0608968958333334,1.8066691830208335,1.261250236111111
2025-06-23,74659050.37847222,3971527.0438415078,1.5904676984375,1.037263184027778,1.838520386076389,1.6487522708333333
2025-06-24,77773888.74305555,4315193.398300983,2.0338421994444444,1.2470087986111111,2.157249395763889,1.5686698645833335
2025-06-25,72551573.37152778,4041857.136301126,2.1818465255555552,1.276886951388889,2.2529902075347223,1.2226156909722221
2025-06-26,69960660.1423611,3879410.0374194733,2.0703082795138887,1.180445920138889,2.2663990099999998,1.366633798611111
2025-06-27,68734342.7951389,3780250.70025559,1.9013770486805557,1.0605503055555556,2.1285227194444447,1.5115423888888888
2025-06-28,69993679.2638889,3876347.616178721,1.937370510451389,1.1356355243055556,2.147635699340278,1.6771403368055555
2025-06-29,70509234.5486111,3939120.7612306615,2.1332506247222223,1.2175046631944444,2.3265749475694446,2.366573465277778
2025-06-30,71100416.0173611,4001514.031186108,2.143190595208333,1.2368602708333334,2.2433102331944443,1.697135486111111
2025-07-01,70421606.78819445,3880185.279043982,1.9350050947916668,1.1896000555555555,2.0550023597569447,1.78514496875
2025-07-02,68864187.95833333,3856512.2003045976,1.825443008333333,1.1888526527777779,2.0235444000694445,1.6994631076388889
2025-07-03,66968122.302083336,3875112.130995264,2.356204962986111,1.459969138888889,2.2540313523958333,1.8266057222222223
2025-07-04,66442568.70138889,3739593.4106764323,2.4080623005555553,1.4116636631944446,2.356438304791667,1.4735131145833333
2025-07-05,66819678.291666664,3726312.9978707167,2.061236981909722,1.2576461805555554,2.257191317465278,2.121280784722222
2025-07-06,66764047.90625,3755744.6360492525,2.068347778298611,1.2454156284722222,2.2557145030555557,2.585848875
2025-07-07,65176951.246527776,3676150.566064302,2.243223558611111,1.2987553020833333,2.3270865770138887,1.8078807881944445
2025-07-08,64767446.14930555,3640966.042911343,2.089674948923611,1.325872579861111,2.2095271407291666,2.1396434756944442
2025-07-09,64818376.253472224,3761384.9429961476,2.2981616755208334,1.3360519548611112,2.2985434289930553,1.8356301493055556
2025-07-10,67025145.625,4065491.2427280685,2.319855163715278,1.4080551284722223,2.2076603909722223,1.5476838333333331
2025-07-11,76435915.4236111,4906725.693070517,2.8332651144791665,1.608151763888889,2.5069032861805556,1.3984238854166666
2025-07-12,80003977.57291667,5002045.223307012,2.9946652321180554,1.8579737986111111,2.50143309,1.3777201666666667
2025-07-13,78605270.31944445,4942006.5360115925,2.9891647820833334,1.8530228055555555,2.6019451796180553,1.5488767395833334
2025-07-14,80327699.00694445,5092320.03753434,3.0350623211458334,1.8734677638888888,2.636071373020833,1.3265898055555556
2025-07-15,79972302.09722222,4967811.459622168,2.8507216842708334,1.8274116458333332,2.595475869722222,1.2816616770833333
2025-07-16,81034345.75,5142016.920042981,3.3820604302430555,1.742379326388889,2.875674128645833,1.4179012291666666
2025-07-17,81388581.3125,5196936.89900587,3.6272580034375,1.7440760833333333,2.9103546771180557,1.5063106527777779
2025-07-18,89358043.0138889,5974946.225427512,3.4245885329166668,1.7094531458333333,2.8788460034375003,1.2919688020833333
2025-07-19,94173433.4861111,6200815.543926481,2.908804533784722,1.7266300347222223,2.605665878611111,1.5358036006944444
2025-07-20,93099960.95833333,6380036.17093928,3.026883520173611,1.8203994270833332,2.6564037409375003,1.3532317951388888
2025-07-21,92690709.1423611,6510815.7527512405,3.451117055323741,1.6828192769784172,2.884617935108696,1.8511028333333333
2025-07-22,95734109.49652778,6546592.891475769,3.398601711969112,1.585660236111111,3.1310398828472223,1.2748071944444446
2025-07-23,93173128.22569445,6164858.024410471,3.3286013854861114,1.567372423611111,3.131519971840278,1.3226406284722223
2025-07-24,83766505.10416667,5211607.935052908,2.9401065811458333,1.5738890034722222,2.513238396180556,1.3141196631944443
2025-07-25,80807295.00347222,4992472.75661402,2.6481839843402777,1.6858006944444446,2.3761965190972223,1.4379218229166666
2025-07-26,80637589.69097222,5099107.367918509,3.036983286736111,1.76839765625,2.546623693541667,1.5318071631944443
2025-07-27,78926382.27430555,5011533.761113461,3.4291479624652776,1.6561180555555555,2.8133186061805557,1.5710476076388888
2025-07-28,80576963.4861111,5069837.223671049,3.4827020147222223,1.5352171180555556,2.784251174652778,1.392135923611111
2025-07-29,81640404.6423611,4945208.048372868,2.7149757368055556,1.4744872673611111,2.45478560875,1.4767064756944446
2025-07-30,79204637.28819445,4721913.784805693,2.5811519084374996,1.686996173611111,2.3575045552777776,1.61095134375
2025-07-31,78903708.47916667,4770160.471001788,2.6400853423263886,1.8989515902777778,2.3154100525000003,1.680758170138889
2025-08-01,81400325.4861111,4711265.602714229,2.3313943937152777,1.7530224374999999,2.2815202240625,1.2123561909722222
2025-08-02,81008993.55208333,4649138.921386849,2.305778231701389,1.6954114201388888,2.3600304476041667,1.2441037534722221
2025-08-03,82298963.2361111,4770816.797349255,2.323473493611111,1.42518759375,2.422298264166667,1.5096126597222221
2025-08-04,81161968.36458333,4826702.061362896,2.4727222920833336,1.351568482638889,2.444759476701389,1.4331711388888888
2025-08-05,82167698.50694445,4820732.478757585,2.682483760902778,1.4205861284722223,2.455411011701389,1.2195016875
2025-08-06,82376027.09722222,4777375.720541896,2.428076118472222,1.4303732604166666,2.3768701780208334,1.283409982638889
2025-08-07,84082709.38541667,5023311.641171608,2.512441379826389,1.4762526493055554,2.360013982881944,1.848964875
2025-08-08,83272808.52430555,5115789.963858504,2.8487244569791668,1.7422794375,2.479663241076389,1.36569309375
2025-08-09,85757707.2986111,5413530.375672083,3.0675723159722224,1.6987009513888889,2.561877441909722,1.5280179756944443
2025-08-10,85979833.80555555,5388386.212976845,3.2429867188888886,1.7383635729166667,2.579602147326389,1.4994797638888888
2025-08-11,85792960.60069445,5305105.832306321,3.169768263888889,1.6476232638888888,2.5082767434375004,1.3204483298611112
2025-08-12,87912654.2673611,5396499.677898062,2.8469482106944444,1.6183874965277778,2.541061653576389,1.2772347256944443
2025-08-13,92373694.96180555,5726091.863242882,3.668756737465278,1.8545128368055555,2.8750526365624998,1.4443397673611111
2025-08-14,87991283.7326389,5295932.529158627,3.3223523051736112,1.7358410868055556,2.6906830597916667,1.0840093680555556
2025-08-15,83777600.35416667,4890012.605573309,2.7634076024305556,1.3673484409722223,2.4973640344444443,1.37102646875
2025-08-16,94504229.05555555,5784219.8478899775,2.2958928646875,1.2695727291666667,2.2577086933680555,1.2914489409722223
2025-08-17,93127063.94444445,5757018.473820282,2.414038928298611,1.4142568125000001,2.286906489722222,1.343372888888889
2025-08-18,86027242.04166667,5100321.03386108,2.2688389499305557,1.3808170625,2.192376324444444,1.1887081666666668
2025-08-19,83851234.4375,4926635.694367519,2.085166571180556,1.4434158159722221,2.1001537303125,1.3546710416666667
2025-08-20,83330641.97222222,4904659.355901468,1.9134101282986111,1.5228921909722224,1.9875354327777777,1.5082694131944445
2025-08-21,80798390.30902778,4811504.095297025,2.2634927628125,1.6627245694444444,2.0776719389583334,1.4034962916666667
2025-08-22,82079150.31597222,4956233.710784332,2.3108064402083333,1.6949916527777777,2.1877265622569446,1.4264473541666667
2025-08-23,93193807.6423611,5807118.490900047,3.0660626736111114,1.9905847118055557,2.457766755798611,1.6599695208333332
2025-08-24,91546630.09375,5589432.811446809,3.252709833263889,1.9770109791666666,2.6647458088194447,1.4792781597222222
2025-08-25,85758524.19791667,5045575.719390041,2.795487541354167,1.7978739583333332,2.462242513402778,1.303998423611111
2025-08-26,88060448.27083333,5146214.147708248,2.099863564826389,1.7902438784722223,2.172560584236111,1.4671214409722222
2025-08-27,85355070.6111111,5058113.952317378,2.630209254270833,1.944645409722222,2.447323065625,1.7328780069444445
2025-08-28,84319202.2951389,5072651.470125073,2.508893005104167,1.8879056631944442,2.353634908263889,2.1470202708333335
2025-08-29,85066755.02807018,5012771.8167645885,2.533235428561403,2.1066433333333334,2.373331021333333,1.2320760912280702
2025-08-30,91284422.84722222,5342823.948956094,2.2626841421180557,2.138554427083333,2.3219902464930557,3.5015864722222223
2025-08-31,91033125.16319445,5402646.925130589,2.50180602375,2.1622461145833336,2.4289646445138886,1.67428065625
2025-09-01,91282189.7326389,5314925.173641531,2.2940361277430554,2.154181083333333,2.331156858298611,1.2750434791666665
2025-09-02,90530364.02777778,5307102.44947767,2.2431926730208334,2.1538952430555556,2.251029433611111,1.5401431875
2025-09-03,91319577.84375,5386242.230213497,2.481274330034722,2.1444315694444445,2.3615858886805556,1.454460763888889
2025-09-04,93275362.375,5449439.785674894,2.252160015590278,2.008946739583333,2.2179688186805553,3.1429921041666664
2025-09-05,90326483.47916667,5324099.122440721,2.1685852258680556,1.8981008298611113,2.143540965208333,2.219970503472222
2025-09-06,88392406.60069445,5218059.042021381,2.293689405486111,1.8639698090277779,2.241791419861111,3.669184442508711
2025-09-07,88377669.23958333,5247220.5366641125,2.3432770592708336,1.9175462222222224,2.2113877210069446,6.9136531328671325
2025-09-08,87604001.09375,5245760.556901328,2.569282819826389,2.221767409722222,2.2714719909027776,2.0691372986111114
2025-09-09,87858964.14930555,5288102.252402667,2.8183277013541663,2.4110824409722222,2.3375053010069444,1.7204128506944445
2025-09-10,90600537.31597222,5479158.039532674,2.8123891833333334,2.51132409375,2.382294567083333,4.0876291006944445
2025-09-11,90114903.19791667,5451711.000683058,2.8794482427083334,2.619493763888889,2.376993604236111,4.281310052083334
2025-09-12,93737907.7048611,5694977.928369767,2.9823065016666668,2.637827295138889,2.4322259235069446,1.8875148541666666
2025-09-13,100969029.21180555,6228128.496777914,3.290056633819445,2.3591731597222223,2.603409649375,1.8768190277777776
2025-09-14,100548313.18055555,6107530.697887603,3.181235818923611,2.1891846631944443,2.5759386171180556,1.7763575868055554
2025-09-15,97065546.1111111,5722278.528120884,2.5443268402430554,2.219956961805556,2.1789923847222226,1.4966215347222223
2025-09-16,97250873.9513889,5770558.977303881,2.124151204756944,2.02925115625,1.9067707513194445,1.50852259375
2025-09-17,92285791.5486111,5524382.533359092,2.624734260381944,2.0915670104166666,2.268758885104167,2.0048414722222225
2025-09-18,94164851.31597222,5779461.595513451,3.048435678819444,2.3112641979166666,2.491097391111111,1.5391418020833332
2025-09-19,96081922.4513889,5811751.664527731,3.0057241315625003,2.2569128159722225,2.4360320776041666,1.6360747118055556
2025-09-20,95450167.89930555,5696221.686810269,2.850916061111111,2.0702870937499998,2.5513135414930557,1.7366354895833334
2025-09-21,97428093.43402778,5806159.060834554,2.918765984201389,2.0950534965277776,2.5444928521875,2.1042810138888886
2025-09-22,90523688.03819445,5090527.543816719,2.308443867326389,2.300929236111111,1.9535809877777777,1.0295557604166667
2025-09-23,89901486.29166667,4977542.79276981,1.9231635861111112,2.228549315972222,1.6959557477083333,1.1976580243055555
2025-09-24,96237923.48958333,5367577.796389935,1.9663876487847223,2.025783954861111,1.888806727951389,1.6488328958333334
2025-09-25,97051922.52777778,5241118.297736027,2.020444922951389,1.8415347986111112,1.9423380327083335,1.5613076458333335
2025-09-26,91478847.44444445,4880851.951516289,1.8415290527430557,1.6875692847222221,1.8900308865277777,1.5815913194444446
2025-09-27,91501450.68402778,4968029.035059761,2.0463269307638887,1.6844031805555555,1.9931868928819445,1.554475798611111
2025-09-28,90057854.02777778,4848710.810130798,2.1083521029513888,1.7411193055555556,2.001230512361111,1.8080195625000002
2025-09-29,92318877.5,5029917.645537968,2.129834708923611,1.74214421875,2.105059455,1.334678545138889
2025-09-30,95227413.48958333,5114261.470307567,2.209373129722222,1.7872711284722225,2.222101611840278,2.04421865625
2025-10-01,91516153.75694445,5025052.840987354,2.169379289826389,1.9492225,2.181132771388889,2.144305746527778
2025-10-02,93443557.7673611,5336146.620699258,2.7316449303125,2.069409152777778,2.428953748576389,1.6704633854166666
2025-10-03,95556020.61805555,5417957.057505016,3.2639155268055555,2.203760454861111,2.6760716349305556,2.882901565972222
2025-10-04,97994331.36805555,5500026.370467771,3.2645111761805556,2.2077280138888886,2.6128962652777776,6.423093114583334
2025-10-05,98275149.70833333,5520031.592025174,3.086217643611111,2.261933454861111,2.515317920763889,1.9941315277777778
2025-10-06,94953652.35416667,5302527.302674968,2.9760716140277776,2.141754173611111,2.504978389652778,1.6793474305555556
2025-10-07,94544332.44444445,5204531.1635247255,3.268188078020833,2.124555722222222,2.6286352507291664,1.49907071875
2025-10-08,94582274.65277778,5110643.319375999,2.6444474602430557,2.0716659374999997,2.320298972465278,1.7067423784722222
2025-10-09,92620576.72916667,4966616.3135902295,2.899895499340278,2.172870225694444,2.4721547823263887,1.5681575590277776
2025-10-10,97974716.74652778,4915193.736521499,3.0092109995486114,2.040181847222222,2.615646133090278,1.3922264131944444
2025-10-11,88890008.7951389,3287716.785646761,1.7931058228472223,0.6429381770833333,1.7960169655902776,0.9251873715277777
2025-10-12,92532450.96180555,3687697.888053939,1.6144748196527778,0.5450361284722223,1.7617252461805555,1.187397375
2025-10-13,87038570.3888889,3690060.183149511,1.696788044861111,0.6215569513888889,1.7795568119444445,1.2046749652777777
2025-10-14,82922826.59027778,3454291.0412230752,1.7739283316319445,0.6520507013888889,1.826455016875,1.2159500069444444
2025-10-15,84462868.15277778,3540582.3643971547,1.801772525798611,0.6535278263888888,1.8863607064930557,1.2172571284722222
2025-10-16,95582533.85416667,4005753.6558193024,1.7601680081597222,0.6070405381944445,2.0060030652083336,1.1812473368055556
2025-10-17,100259966.7673611,3935088.6316765673,1.653827975763889,0.59571928125,1.8466084189583336,1.3142024305555555
2025-10-18,109442699.82291667,4494953.124489892,1.62407281125,0.6949856006944445,1.8113356172222221,1.5165468854166668
2025-10-19,110844285.19444445,4579036.671106882,1.6495499160416667,0.7057686597222221,1.8500797174652779,1.4420713506944445
2025-10-20,103337749.8611111,4414474.057134968,1.6617600393055556,0.7382399166666667,1.7712196891666665,1.3531211770833333
2025-10-21,102232891.47222222,4488668.105119738,1.6436467623263888,0.7808353923611111,1.7745908575694445,1.4233065451388889
2025-10-22,106154877.04166667,4773445.687844809,1.5989612781597222,0.6296450486111111,1.7281409034027777,1.1421346319444445
2025-10-23,95899985.75694445,4233329.419876681,1.568886819861111,0.6109954166666667,1.7272462429166666,1.3117361284722222
2025-10-24,92591597.90972222,4189728.6076613194,1.6621335925347223,0.6605368541666666,1.7380876390625,1.4915036493055556
2025-10-25,90123956.98958333,4148776.66648821,1.7314435857638888,0.7155970277777778,1.7169384630208333,1.7140635243055555
2025-10-26,88680586.47222222,4153707.53574949,1.8280707434027776,0.6866046631944445,1.8152945112152779,1.697153236111111
2025-10-27,85845757.10069445,3994889.4715414247,1.7408710414930555,0.6575478229166667,1.7383944980208335,1.862015607638889
2025-10-28,76985684.21180555,3493078.1113125472,1.6877050652083332,0.6472823958333334,1.6914487266666667,1.9935995104166666
2025-10-29,74230003.11805555,3328953.07195084,1.7554121242708334,0.6581981458333334,1.7270214470833334,1.9144769131944446
2025-10-30,76286890.90972222,3269810.135045057,1.8062535300694447,0.6196276145833334,1.7937979278125,1.3062160347222223
2025-10-31,77384876.80555555,3287659.675114831,1.7865828318402777,0.5768139548611111,1.8164182197569447,1.8925709131944446
2025-11-01,73726365.41666667,3210875.5382203357,1.8665673800000002,0.5983656180555555,1.8477643636805554,2.101390041666667
2025-11-02,74739290.27083333,3225439.7570752003,1.8451638943055555,0.6302644236111111,1.9597452757291667,2.0155143090277776
2025-11-03,78251487.65277778,3145318.9373395834,1.685700245763889,0.6019508784722222,1.8283053487152776,1.390238013888889
2025-11-04,79039238.41319445,3030230.9335954105,1.4100650145833333,0.5275448472222223,1.4893865919097222,1.2491887152777776
2025-11-05,80411879.69444445,2981460.186569476,1.2515238374652777,0.5429622986111111,1.2807896385069446,1.3164784409722223
2025-11-06,76760395.6875,2779143.4495624374,1.1987464276388888,0.5765194027777778,1.280752881701389,1.3106364375000001
2025-11-07,78032557.2048611,2857775.0378877823,1.5664928526388888,0.6494751770833334,1.5684805338888888,1.4950105868055554
2025-11-08,80392799.20833333,3033120.9518057383,1.7850825747569443,0.7061590104166666,1.6419037677083332,1.9875845104166667
2025-11-09,78735565.90972222,2938535.473309908,1.7408254712152778,0.7400478194444444,1.634350444409722,1.8634869305555557
2025-11-10,80582692.3298611,3025395.580140271,1.7899744001736113,0.7209090694444444,1.7360440021180557,1.8224466562500001
2025-11-11,78347339.97222222,2865214.3113334184,1.861713696736111,0.7139466666666666,1.8505196168055553,1.540053045138889
2025-11-12,79138088.14583333,2794246.507779534,1.7049638065625001,0.6760446701388889,1.8632485370833334,1.5130538333333332
2025-11-13,81338907.44097222,2777983.2188566118,1.484057215763889,0.5854335590277777,1.6111587002430554,1.3284033124999999
2025-11-14,80913182.38541667,2646228.4173552087,1.354750855625,0.6334888958333333,1.3981141396180556,1.2389128437499999
2025-11-15,83790317.00694445,2741754.9520901795,1.4789140589930556,0.6930118854166667,1.4340682405902778,1.6986971770833332
2025-11-16,85816156.2673611,2727050.437846663,1.7992146694444446,0.69920340625,1.6812917749652778,1.491135701388889
2025-11-17,96125088.20833333,3075820.6609026543,1.7951090096527775,0.6961723715277778,1.711863985,1.2372186145833333
2025-11-18,90571613.84027778,2866552.772067207,1.6312495448958333,0.6609755243055555,1.6591923619791666,1.7871824479166665
2025-11-19,88301170.67708333,2722674.6604178655,1.711483877326389,0.7026144756944445,1.615282573263889,1.5794947361111111
2025-11-20,91589018.22222222,2709472.0274095424,1.657322499826389,0.6910364479166666,1.6316834960763889,1.4575314618055557
2025-11-21,86987718.2673611,2416955.689051179,1.7670598877083334,0.5460318368055556,1.7964257432638888,1.1873928645833334
2025-11-22,96042755.2361111,2584979.9619971947,1.989359922638889,0.4920948680555555,1.9546034028125001,1.4647382708333334
2025-11-23,98213623.69791667,2664369.3466311265,1.8226243238541666,0.5334706458333334,1.8778839292361111,1.4664517604166667
2025-11-24,102438297.64583333,2776989.2759873853,1.9426968694791666,0.5967645590277777,1.9051286988888887,1.5552950555555556
2025-11-25,100834414.41666667,2777328.637841517,2.2042692103125,0.5992724340277777,1.9974819528472223,1.9768357708333335
2025-11-26,101063239.64583333,2782627.708239136,2.1948032763541665,0.6331145451388889,2.057712172986111,5.680091006944445
2025-11-27,98709312.35416667,2772572.161696971,2.2934945563888887,0.663333875,2.138180400729167,3.4992586145833333
2025-11-28,96471642.77430555,2695099.468279009,2.440791353298611,0.6749625243055556,2.272384979131944,4.553705618055556
2025-11-29,98336109.41666667,2724181.4478007467,2.2935823367708332,0.6836668680555555,2.233812204201389,1.9577221041666668
2025-11-30,98601678.13541667,2717602.1102101547,1.965837235034722,0.6809547048611111,2.062415345347222,2.241816798611111
2025-12-01,100175615.9513889,2548501.2016562247,1.9922140896527776,0.5397947361111111,2.0667722872916667,1.6583411493055555
2025-12-02,104440879.21527778,2837704.0803140462,2.001404935208333,0.6041682118055556,1.993995089722222,1.83533759375
2025-12-03,103159938.52430555,2898529.015800394,2.1599468283333336,0.6098101979166667,2.0681223727777778,1.7496192256944445
2025-12-04,102986977.5451389,2956106.814922777,2.1541417487847223,0.5776564027777779,2.0613682818749997,1.6085837222222221
2025-12-05,346408607.9027778,16305685.653921923,0.9695702836111111,0.7927849618055556,1.0382237481249998,1.0407139131944445
2025-12-06,526848252.9895833,34736614.65689232,0.5378498404513888,0.8721446076388889,0.5601631806944445,1.0313698020833333
2025-12-07,453203833.5729167,25362778.343759093,0.6903664729861112,1.0311524479166667,0.6711881334027778,1.0407478368055554
2025-12-08,408567895.4305556,21114661.29944157,0.8475696680555556,0.9793448194444445,0.9396172187847223,1.0429552083333333
2025-12-09,427848648.40625,25524462.489474963,0.8425991725347222,0.8230039166666666,0.9625078303819444,1.0044448159722221
2025-12-10,403982769.46875,25489758.752555195,0.7667135256597223,0.8968057777777777,0.8668840965972222,1.0215228125
2025-12-11,384949863.6076389,22022719.83523222,0.8565307174305556,0.9317076215277778,0.9410962033680556,1.0391483819444445
2025-12-12,393067241.0277778,18538716.941551547,0.959783910138889,1.0892064513888888,1.0124263118055556,1.0213806631944444
2025-12-13,378945741.78125,17106960.251507316,0.9619207480555555,1.198409361111111,1.0514220614583332,1.0837567361111111
2025-12-14,381087379.6006944,16368800.063370874,0.8730405078819445,1.1737820833333332,0.9701746252083334,1.0376693715277776
2025-12-15,356777133.2881944,14601663.952193638,0.9254449094791668,1.0817713194444445,1.014436367048611,1.040921454861111
2025-12-16,315829260.0381944,12597129.265951132,0.9181780942708334,1.0439395243055556,0.9659919093749999,1.11503921875
2025-12-17,303594340.0972222,12111909.658491394,0.9375805875694445,1.029289986111111,0.9890619342361112,1.0658317187500002
2025-12-18,293465636.8159722,11267699.958050765,0.8853829032638889,0.8656455486111111,0.9721850584375,1.08997865625
2025-12-19,290796549.2222222,11386411.892346982,0.8403449443402777,0.8346821006944444,0.8698755294097222,1.1449921006944443
2025-12-20,277358060.4201389,11163354.103423437,0.7919667533333333,0.8123217951388889,0.8315497862847222,1.0393022395833333
2025-12-21,269204766.7604167,10819322.451208672,0.7591916852083334,0.7995795173611111,0.8087800055208334,1.1767376458333334
2025-12-22,284527664.8923611,11399846.693269162,0.8166515852430556,0.7439577534722221,0.8976940942708332,1.0347596388888889
2025-12-23,291135834.4791667,11296369.530523255,0.6885831563541667,0.78183978125,0.7611754342361111,1.2626127534722222
2025-12-24,281481341.6041667,11010325.307008304,0.7183375738194444,0.8318920069444444,0.8045934322916666,1.1921767083333334
2025-12-25,277467644.5520833,11003395.978679605,0.7201587211111111,0.8634801562500001,0.7876749853472222,1.2672819097222223
2025-12-26,263435888.23958334,10601047.696648024,0.6979731462500001,0.8812845173611111,0.7564673278125,1.1429884444444445
2025-12-27,260019155.32291666,10538235.832617763,0.7282453189930556,0.9090839826388889,0.8048934654166666,1.276864340277778
2025-12-28,263276633.3611111,10713585.801456086,0.7012030848958334,0.9060739409722223,0.7401486150694444,1.2251836215277778
2025-12-29,264962630.25,10465507.432268094,0.672880542048611,1.000704732638889,0.6916129906597223,1.00572121875
2025-12-30,272817172.0,10245823.7463958,0.6231641402430556,1.0521089548611111,0.6470945967361111,1.1466068645833334
2025-12-31,291334794.3263889,11658223.8780436,0.5790500639583334,0.9685162430555556,0.6289757827083333,1.1876868125
2026-01-01,289298391.9166667,11812710.987569112,0.7883590631944445,0.84277825,0.8503441752083334,1.0677730104166665
2026-01-02,292817369.3993056,11837017.02426984,0.9604105615624999,1.1510898993055556,0.9289284568749999,1.1382861944444445
2026-01-03,296980194.6041667,12519798.206222892,0.7131751781250001,1.2422986249999999,0.7318327423958333,1.1135807465277778
2026-01-04,299034076.6041667,13107998.400183233,0.7868215513194445,1.1995623055555555,0.8008126072569444,1.165506329861111
2026-01-05,285527550.1597222,12740210.792021364,0.8245538956944444,1.2026645347222222,0.8463762228472222,1.17752134375
2026-01-06,277890414.6631944,12620481.491327956,0.8596316203472223,1.2482244270833334,0.8407080980902778,1.1774398194444444
2026-01-07,262828159.11805555,11699335.35629335,0.9148349247569444,1.270528173611111,0.9087572808680555,1.2700766215277777
2026-01-08,258024762.46180555,11104141.48376017,0.7396744775694445,1.2144166979166666,0.7688849327083334,1.346576638888889
2026-01-09,251404879.2013889,10829936.377145477,0.6323385477430556,1.2335066041666667,0.6994510414236111,1.4211553784722222
2026-01-10,255227057.05208334,11131040.705918085,0.7359253027777778,1.2418158506944446,0.8167875172569444,1.4819916006944445
2026-01-11,250334198.8159722,10883288.995337218,0.824815280625,1.2008003159722223,0.9406009347222223,1.5435958055555554
2026-01-12,243049192.5138889,10358063.861691149,0.912178665173611,1.1437012395833335,0.9904709851041668,1.5573608888888888
2026-01-13,238270427.27430555,10193198.65727273,0.8925523152777779,1.1775043194444443,0.9753726264930555,1.5574385659722223
2026-01-14,231949844.0347222,10175803.178464353,0.9306636329166668,1.2154997986111111,0.9634967984375,1.602402128472222
2026-01-15,224183530.6423611,9592865.351519495,1.0375940085416666,1.2190246944444445,1.0450171920833333,1.286716076388889
2026-01-16,227176181.55208334,9414406.00202059,0.8388697449305555,1.161184673611111,0.8729481823263889,1.4583725416666669
2026-01-17,225182102.8784722,9627794.805467762,0.9735750505555555,1.1894712013888888,0.9592226852777777,1.4920991180555554
2026-01-18,219949282.43055555,9117717.063391522,1.0876040580208333,1.2254689097222222,1.0984020611111112,1.1795371284722223
2026-01-19,217053298.25,8463346.29419063,0.7981124213194444,1.0878163784722221,0.8239201300694444,1.3600272847222223
2026-01-20,205063337.0486111,7841934.131396656,0.9168123978125,1.190631638888889,0.9454514990972223,1.796292003472222
2026-01-21,198079692.1076389,7576178.353177478,0.9852908403125,1.173306170138889,1.0205654495833334,1.42953759375
2026-01-22,196155603.60069445,7504710.578132127,1.0656405383680554,1.175008736111111,1.1048934920138889,1.6786852673611112
2026-01-23,195185132.77083334,7423670.870463585,1.0704618901736112,1.2094893854166666,1.0957874937152778,1.8682433472222222
2026-01-24,196612852.8611111,7494566.688013434,1.0448327209722224,1.2321027395833335,1.0872150037500001,2.382150420138889
2026-01-25,199943429.2986111,7448905.83116025,1.0582247792708332,1.2916654236111111,1.1031916619097222,1.7219251215277778
2026-01-26,200000135.22569445,7512049.335955758,1.0402531584027779,1.156961763888889,1.1067174178472223,1.8699854062499999
2026-01-27,196362130.7951389,7391234.359382998,1.291502430451389,1.2662043680555555,1.3159523888888889,1.481780732638889
2026-01-28,192126754.71875,7242406.122939717,1.3738043502083332,1.2293861875,1.3607316848958333,1.9449416840277776
2026-01-29,188511698.125,6967417.806295146,1.2639862187152777,1.2679243645833334,1.2768587768402777,1.7119172743055555
2026-01-30,187847375.2777778,6947094.924100459,1.2339381671527778,1.183912482638889,1.3005952439930555,1.2997507465277778
2026-01-31,186134922.4548611,6682323.582077298,1.3421864911805554,1.061998090277778,1.3776624195833334,1.3696838680555556
2026-02-01,189364782.19791666,6892275.773757131,1.1461670528125,0.7996814305555556,1.2495996148958333,1.1404892430555555
2026-02-02,197907649.5034722,7338592.523880892,1.3994891733680557,0.82991678125,1.4866998200347221,1.3368262743055555
2026-02-03,187325064.9375,6904563.694924679,1.4943007686458332,0.9254944687500001,1.5821243653819446,1.4005558472222221
2026-02-04,180494104.97916666,6716041.477688857,1.6168538837152777,0.9345185729166666,1.664177236909722,1.494171482638889
2026-02-05,175611343.94444445,6160941.686081206,1.3030253768402777,0.9708608819444444,1.3914795764930554,1.2193708680555555
2026-02-06,169671936.18055555,5934612.768654108,1.1438272052777778,0.9365265729166666,1.2471994184375,1.2346253368055555
2026-02-07,164770087.27430555,5901087.828167174,1.3043607587152777,1.1126955,1.4108123386805556,1.6667028993055557
2026-02-08,161846266.72916666,5746292.287063543,1.3596474598958332,1.1302343888888888,1.4426732394097224,1.4965794027777777
2026-02-09,160470662.9652778,5590994.437101615,1.1353429363888887,1.145310013888889,1.2098931551041667,1.4601369583333335
2026-02-10,165401858.44444445,5668232.046577939,1.0054330663194444,1.1854458576388889,1.0617631264583334,1.5219794652777778
2026-02-11,164531542.61805555,5557046.980725252,0.974961103263889,1.197310579861111,1.0347680282986111,1.4308742118055555
2026-02-12,161816425.0972222,5442231.012558999,0.9900664286458333,1.2102215381944446,1.0381287097569443,1.3609369861111111
2026-02-13,162853685.58680555,5412225.359692842,0.9384437729166666,1.2722188506944443,0.9663687947222223,1.6889299027777778
2026-02-14,162378813.5277778,5528194.978412225,0.9635897977083333,1.3616100243055556,0.9651789893055555,2.052029090277778
2026-02-15,173030874.63541666,6019007.027441421,1.0601073162499999,1.2973804618055556,1.049032354236111,1.5123827361111113
2026-02-16,183520477.01041666,6379948.174502444,1.1847493496527777,1.1381951805555555,1.201824795347222,1.2375408125
2026-02-17,172997691.2638889,5915453.6599438945,1.2662126334375001,1.217559902777778,1.2755128622569445,1.4501891944444445
2026-02-18,168874429.1736111,5774732.80399585,1.06801545875,1.1538659201388888,1.0282778181597223,1.50984759375
2026-02-19,155825170.25,5416730.2818577625,1.2300200728819446,1.0325036527777778,1.2066102951388888,1.282339392361111
2026-02-20,139141434.58680555,5093832.619630206,1.4317696285069443,1.0491573125,1.4056774619791665,1.188182722222222
2026-02-21,129649169.85416667,4781448.8223124035,1.712180485173611,1.116444454861111,1.6191252645833334,1.6574270729166667
2026-02-22,124087406.87152778,4435935.955436919,1.5750064130208332,1.1539028333333332,1.5578960040625,1.9449191736111109
2026-02-23,122180308.89930555,4240043.177502054,1.4759957161458332,1.154336013888889,1.4541594855208333,1.693715486111111
2026-02-24,119804153.89930555,4173536.268566752,1.5454237280208334,1.1842793715277777,1.519228863125,1.7727118888888889
2026-02-25,119994907.36805555,4316735.9156774515,1.6542634310763888,1.2179915,1.5960276601041667,1.5358919826388888
2026-02-26,117375520.59027778,4259891.936299141,1.8362920333333332,1.3166003020833332,1.7024231713888889,2.013982892361111
2026-02-27,173401476.0,7226657.234083692,1.7852304415972222,0.9677307743055555,1.7496813003125,1.0336835277777778
2026-02-28,170106114.7673611,7182741.150154888,1.7971922810416667,0.9947997083333333,1.7636855284375,1.0673257604166666
2026-03-01,149221366.0659722,6593020.1473759385,1.6863204780902779,1.175036982638889,1.6056222030902778,1.260708875
2026-03-02,136117918.8611111,5827071.913809028,1.667443872048611,1.211208625,1.6334704271180556,1.226312375
2026-03-03,129939488.52083333,5652440.602052551,1.6282327409722221,1.14444846875,1.5684608775,1.22800915625
2026-03-04,124818964.5763889,5445751.818810479,1.6894021219791666,1.1267192118055556,1.5750066627083334,1.3305212395833332
2026-03-05,120855724.04166667,5273221.668771989,1.6990494542361112,1.140992732638889,1.4931296144791668,1.381840173611111
2026-03-06,117848877.0625,5036981.553963353,1.2993948242013889,1.0280615173611112,1.1730911056597222,1.5403603958333332
2026-03-07,115389271.72569445,4765467.240035225,1.2131632302083333,1.0041819166666666,1.1116712144444445,1.582094736111111
2026-03-08,116147499.62152778,4768089.832384981,1.1235277250694446,1.0467324791666668,1.025789739027778,1.7912320312499999
2026-03-09,115630463.31944445,4877788.229908075,1.3678013100347224,1.0231013888888887,1.2217992816319443,1.4170122152777778
2026-03-10,110623545.89930555,4676813.806611346,1.2181519584027778,1.1233024583333333,1.0967231505555555,1.4469404513888888
2026-03-11,109984984.9236111,4581611.362278204,1.038937616875,1.189154267361111,0.9857453365625,1.6408401284722223
2026-03-12,112173754.5798611,4656421.425533481,0.9888561665972221,1.2035115138888888,0.9469268427777777,1.52968275
2026-03-13,113524116.77083333,4749530.038685862,0.9556666029861111,1.1962983506944445,0.9168643595833333,1.659899548611111
2026-03-14,112230901.28125,4659041.794161718,1.0095370406597222,1.2533321875,0.9695024123263889,1.8632559375
2026-03-15,113595961.3298611,4712070.377789202,1.0149718180208334,1.2206665347222223,0.9978815805555556,2.0600180694444443
2026-03-16,113524488.22222222,4786217.951971796,1.0537935512152776,1.3230058958333333,0.9857477638541666,1.6691230104166666
2026-03-17,112007114.10069445,4760486.83563281,1.1558025433680554,1.4114427395833333,1.059952884965278,1.716179670138889
2026-03-18,109198723.78472222,4556571.425930563,1.167383454097222,1.3945208229166668,1.0941070581944445,1.706569013888889
2026-03-19,106635545.16666667,4279307.294186746,0.9498300520486112,1.303913017361111,0.8905475334722222,1.3564494166666665
2026-03-20,105873443.10069445,4203867.357248593,0.8290724303819444,1.3212114513888888,0.7846295016666667,2.2474991631944445
2026-03-21,108787887.4375,4296756.809764245,0.7648480223611112,1.4160819097222221,0.7233885714583334,2.139185375
2026-03-22,103380261.11805555,3925025.7043691594,0.7534441454166667,1.3619721666666667,0.7281306021527778,1.5640480138888888
2026-03-23,101311440.19791667,3804648.538133728,0.7506117435763888,1.3921529618055555,0.7137988258680555,1.8174527152777777
2026-03-24,101197466.2951389,3933172.728065296,1.0091834720833335,1.3801333298611111,0.9100661171180556,1.8551534027777778
2026-03-25,100123019.84722222,3876451.6075990777,1.1735157111805554,1.470974107638889,1.0445965502083334,2.0489190520833334
2026-03-26,98421922.39583333,3727666.6196360164,1.0600017392013887,1.3436532881944445,0.9735171917708334,2.0072887743055556
2026-03-27,97290183.5763889,3621745.6975821382,1.2869478468402777,1.2469907083333334,1.2236545735763888,3.0261142465277775
2026-03-28,97628513.46527778,3581491.7452854174,1.4413618789583333,1.2522269097222223,1.3610395467361112,2.29914328125
2026-03-29,99792823.12847222,3625543.286648089,1.3472059648958334,1.1809337256944443,1.2798259533333334,2.872195427083333
2026-03-30,97774715.2013889,3568174.4321988393,1.2620769209375,1.2122473993055556,1.2275297570486112,2.600979920138889
2026-03-31,96598630.77083333,3527488.168905744,1.399539698263889,1.2367435520833334,1.3842566177777778,2.2672310557491286
2026-04-01,96533603.99305555,3556742.892432225,1.563571014201389,1.2346784722222222,1.476603377847222,2.774322527777778
2026-04-02,97037805.8125,3493079.1184526635,1.4794539489583334,1.1311436944444444,1.4524927934722223,1.8765314513888889
2026-04-03,99961914.21180555,3615032.0328029436,1.5179998779513888,1.189795017361111,1.5065421955902778,1.725666298611111
2026-04-04,105730570.60416667,3848179.729462879,1.5510443738194446,1.2904521805555556,1.5609409018402778,1.7726777743055555
2026-04-05,107471116.77777778,3901740.623856882,1.5428733336805556,1.2931881527777778,1.482081626388889,1.878046902777778
2026-04-06,109033513.53472222,4021048.4417693485,1.6717454916666667,1.4194023333333332,1.5079909049652778,1.4333785972222222
2026-04-07,106158796.6111111,3831749.3647725903,1.6590481973263889,1.42320984375,1.5430156627083333,1.5987794513888889
2026-04-08,104257767.20833333,3854566.3184322417,1.7678534725347221,1.3746588125,1.5615238696527778,2.3662281215277776
2026-04-09,101890802.63541667,3736886.0034570023,1.6662751625,1.304823236111111,1.5317958606944444,2.163357378472222
2026-04-10,106929894.35416667,4215343.835964552,1.7865164920833334,1.3061442951388889,1.5135523743750001,1.2930742291666666
2026-04-11,115488318.25694445,4803518.016792412,2.004809010798611,1.1888138055555555,1.7347078590277778,1.3763766180555554
2026-04-12,106865536.875,4352393.032973052,1.9894567109722223,1.1323105624999998,1.8222626514236113,2.0462450000000003
2026-04-13,103006688.53819445,4268744.159898899,1.9049508995833335,1.1092149201388888,1.6852493138194444,2.4105698749999998
2026-04-14,100877362.36458333,4185688.541256927,2.265081344097222,1.1768474097222221,1.8384012492708333,1.6726580520833334
2026-04-15,98761228.80555555,4111355.151752905,2.291478759965278,1.2869506736111112,1.8279845041319445,1.9672021874999999
2026-04-16,98612367.71875,4272384.575982846,2.3494918283680555,1.3095654166666666,1.8722321964583333,2.13888240625
2026-04-17,99945747.82291667,4631102.259464366,2.307690011909722,1.5094153125,1.856424024548611,1.4444685555555554
2026-04-18,90352585.30902778,4053516.6943664337,2.3101056591666667,1.5128793402777778,1.9161786759027777,1.4358868263888889
2026-04-19,82811832.21527778,3491990.240818048,2.3104264536458334,1.4881043402777778,1.8802023444791667,1.7819310104166668
2026-04-20,82979506.65625,3497658.012474765,2.217447028576389,1.4443569375,1.8777944887152778,2.8045008715277775
2026-04-21,88866197.50694445,3883303.3076484436,2.2724453996875003,1.4190335763888888,1.8472810375694442,2.0670322361111113
2026-04-22,94812998.81944445,4327565.952810174,2.343061090659722,1.5421705069444445,1.926502166423611,1.7024864479166668
2026-04-23,89360776.75694445,4086066.574109696,2.3126761062152776,1.6010397881944445,1.9041414132291667,2.0291552118055556
2026-04-24,105716800.2048611,5494994.624470288,2.2315006701736113,1.745931263888889,1.9268211125347223,1.1984088194444444
2026-04-25,95834673.7951389,4878422.380373553,2.380177309965278,1.7755631250000001,2.0116684852777778,1.3760937118055556
2026-04-26,97392243.08680555,5191347.1764266165,2.26146235375,1.6395937326388887,1.944748382847222,1.6684954166666666
2026-04-27,137369551.53819445,8521054.817603853,1.5185768021875,1.328416875,1.4150277187152778,1.0872178611111112
2026-04-28,142850135.9236111,9408715.805333197,1.3586457744097222,1.1936449131944444,1.3447739097916667,1.1238264618055556
2026-04-29,131235445.38194445,8843230.774312085,1.4129011668055556,1.1419494236111112,1.391565840625,1.10685409375
2026-04-30,145573879.0277778,10556087.525603132,1.2252428192708333,1.0110112500000001,1.2595028222222222,1.1426474444444445
2026-05-01,140884284.85069445,10275648.110884864,1.234821712326389,0.9235984166666668,1.270690904375,1.0927873541666666
2026-05-02,144880536.7361111,11151395.22097953,1.3109094418402778,0.948519,1.361858054722222,1.1625578506944445
2026-05-03,149803589.1215278,12719682.41063375,1.4594848449652778,1.1402318263888889,1.5001512105208332,1.0734713298611112
2026-05-04,145065027.8888889,13528789.677802697,1.4254730340625,1.0865963506944445,1.5352129274305557,1.0864730902777777
2026-05-05,145587039.22916666,15347107.034030566,1.4502013953472224,1.2326482430555556,1.5757718202430555,1.0736087534722223
2026-05-06,143029394.55555555,15368491.841252051,1.4346246085069445,1.2346798541666668,1.5134203511458333,1.02268953125
2026-05-07,144975825.9340278,13353601.370012097,1.018484904548611,1.2617013645833335,0.9819622847569445,1.0519560347222223
2026-05-08,141405515.9965278,13260968.975500945,0.9263058477430555,1.3372726874999998,0.9397065040625,1.1158047708333332
2026-05-09,147489433.9965278,13657550.717451954,0.8253444305902778,1.3673012638888888,0.7956072179861111,1.1101360590277778
2026-05-10,152632923.6284722,14946815.97024307,0.8805728347569445,1.264101576388889,0.872281510798611,1.1299454895833334
2026-05-11,156498462.90625,15634121.549756428,1.0025709822569444,1.1985469618055555,0.9975713427430555,1.0876448854166667
2026-05-12,150527651.83680555,14874045.231829226,1.009785019826389,1.2093473402777777,0.97198636875,1.0611062118055556
2026-05-13,165953939.52083334,14618864.231496409,0.7249277032986111,1.130770642361111,0.6831951241319445,1.0370937881944444
2026-05-14,176727541.69791666,14102031.716149911,0.6120833128125001,1.2556135416666665,0.5396585894791667,1.1549482361111112
2026-05-15,179921078.9027778,13781165.950945064,0.6064708078472223,1.2513371805555555,0.5129889389236112,1.2844812291666665
2026-05-16,164255359.2986111,12953714.22107958,0.6633280823958333,1.2180332708333335,0.6017244620138889,1.2423734756944445
2026-05-17,172049464.25694445,13984943.484983912,0.8417724399652777,1.1234705277777777,0.7903575930902778,1.1447277638888889
2026-05-18,161480608.3888889,12497732.730535664,0.7339730058333334,1.201021503472222,0.6648482649652778,1.2403326909722223
2026-05-19,152931321.5763889,11921192.939568188,0.7880160092361111,1.217597875,0.6999283525000001,1.3015945625
2026-05-20,153816155.625,11706541.28699542,0.6921335511111111,1.2661074201388889,0.6048028350347222,1.1346379618055555
2026-05-21,153389081.7777778,11876059.7156754,0.6644445999652777,1.3622998125,0.57163893375,1.2534608159722223
2026-05-22,146530928.5,11872774.950092563,0.7233377359375,1.3403558715277777,0.6287429129166667,1.1583197083333332
2026-05-23,139578530.88194445,11288911.98409233,0.97176968125,1.2219056458333333,0.8361020559375,1.1966015381944444
2026-05-24,136483482.625,11003271.204366487,0.9076723823263888,1.2324109861111112,0.7978159608333333,1.1620854652777777
2026-05-25,134698329.20833334,11026477.983543407,0.8590112109375,1.2896524722222222,0.7643955466319444,1.2589008333333334
2026-05-26,132713747.88541667,10880659.325295733,0.8604731174652778,1.2912540243055557,0.7454965166319445,1.1242981944444446
2026-05-27,145096106.4652778,13121982.287197005,1.052206611111111,1.2770461597222222,0.9741446299652777,1.102347611111111
2026-05-28,130566876.21527778,10971604.701459788,1.3242597746875,1.3968175937499998,1.1202649039583334,1.1515640486111112
2026-05-29,124055115.14583333,10075671.086405003,1.0630142353819445,1.4928789375,0.9300131146875,1.12036690625
2026-05-30,125293242.375,10077569.677483968,0.8597173251388889,1.5460967118055555,0.770107626875,1.2795715625000001
2026-05-31,130882212.5625,10746587.425438594,0.8265011608680556,1.453656829861111,0.7462124947916666,1.1395780208333333
2026-06-01,128815658.59027778,10646153.540070986,1.0560869532291666,1.415030607638889,0.9343376761458333,1.1290332326388888
2026-06-02,128112757.9826389,9757612.103004083,0.7428493229166667,1.5943838194444444,0.6280922864930556,1.0752011493055555
2026-06-03,128196020.34027778,9089880.540974693,0.5589405156944445,1.4614995347222222,0.4910830330208333,1.1416588055555554
2026-06-04,122684989.4201389,8245191.273142399,0.5294391232638889,1.4044298368055557,0.4545191543402778,1.3164281805555555
2026-06-05,114157289.1076389,7189811.85577656,0.5414566432291666,1.379029357638889,0.4552635636805556,1.1654341284722223
2026-06-06,112241766.86458333,6670950.852823046,0.5482820550694444,1.3160292291666666,0.4528913796527778,1.3137331909722223
2026-06-07,104671834.93402778,6947609.126671775,0.6601038485416667,1.331605392361111,0.5828064302777778,1.204269465277778
2026-06-08,99243094.7361111,7032041.823278678,0.8750311220486111,1.3128273020833334,0.7679615859375,1.1725753194444444
2026-06-09,93112572.62847222,6582177.875172936,1.1954219248263889,1.1259960381944445,1.0995827195833334,1.3335563020833332
2026-06-10,90177128.94097222,6223103.853936884,1.2354199527777778,1.0628742777777778,1.1454367035069444,1.2445100381944443
2026-06-11,88328243.95833333,6204822.7390192235,1.1362036810416667,1.1030118472222223,1.0490839593402779,1.252999454861111
2026-06-12,82041696.60416667,5921416.385983447,1.3476584165277776,1.160428888888889,1.2518755217013888,1.262135767361111
2026-06-13,78947608.8125,5827034.150829557,1.4451980037152776,1.1621095416666667,1.3556763292708334,1.4318490972222222
2026-06-14,76710329.8923611,5484616.4871799415,1.397902027638889,1.2438516944444444,1.2661038784027778,1.5794055347222222
2026-06-15,75405153.75,5453013.73113107,1.2626309290625,1.2767845555555555,1.1067758352777777,1.2413766319444446
2026-06-16,77323206.11458333,5520473.301144379,1.1859728921527777,1.3194039479166666,1.0014533278819444,1.2990673125
2026-06-17,70181615.5625,5205417.301889681,1.3188344889583332,1.4962630868055555,1.0934472768402776,1.32934334375
2026-06-18,68291500.96180555,4858679.192373933,1.3515395462152777,1.4774562777777778,1.187949951736111,1.3910978715277778
2026-06-19,72127931.875,4958303.384214901,1.1110529411805556,1.3892817743055557,0.9536988090277778,1.30260809375
2026-06-20,72242541.38194445,4932433.563196486,0.917971690625,1.3495407743055554,0.779155216111111,1.4781722743055556
2026-06-21,72924853.50347222,4957689.187884062,0.9379309887499999,1.3520180000000002,0.7956182755902778,1.5732835729166665
2026-06-22,75496438.30902778,5035349.330158758,0.8505401233680555,1.4285026979166666,0.729882720625,1.1695656423611112
2026-06-23,75974302.34027778,4886045.603534463,0.7838394532291667,1.5696065347222221,0.6535408423611111,1.2917382222222222
2026-06-24,75330535.1423611,4673241.705502232,0.7839777000347222,1.5828474722222223,0.6483243486458333,1.1888857222222222
2026-06-25,74267915.80902778,4526009.980177899,0.7263422051736111,1.3851427118055557,0.6344807607986112,1.4660072361111112
2026-06-26,75135499.80208333,4796583.296870314,0.8365894389930556,1.4532318229166665,0.7380763741319445,1.2551575833333333
2026-06-27,72739853.0,4648804.00523,0.91632373,1.641791,0.81583933,5.236
