date,oi,oi_value,toptrader_acc_ls,toptrader_pos_ls,global_acc_ls,taker_ls
2021-12-01,165950.5378472222,43489392.41199138,3.488561584256644,1.0104376185097221,3.9352430176481974,1.0839768842447917
2021-12-02,168711.75624999998,41354964.44426386,4.295411941368184,1.0037138246524304,4.852387402641194,1.0677611326704861
2021-12-03,178088.28125,42438626.75780676,4.4196236470780645,1.0115930599861112,5.166836660005361,1.106285129090972
2021-12-04,136319.14385964914,27277407.344266143,3.605855857343069,1.002171641485965,4.060253816570097,1.018090115313684
2021-12-05,116294.25104166666,22844950.49304236,3.2879411741671136,0.9738475442006944,3.4832785110511693,1.0581856276805555
2021-12-06,125697.09444444446,22515037.04205303,3.2256032625379465,0.9751345050402779,3.4168930342041555,1.1355149950746528
2021-12-07,132832.93541666667,24967673.943337187,2.9811414778256053,0.9412950541809028,3.3505919215682076,1.040030658209722
2021-12-08,130001.97013888888,24429343.639995143,2.8189179459663185,0.9476093802315972,3.0938124329236607,1.0544177816614584
2021-12-09,129763.77708333332,24571565.65280554,2.919043008701245,0.9631633441086804,3.1519243707879756,1.0679918779392361
2021-12-10,139068.1670138889,24334833.97547203,3.09257830895849,0.9594057111829861,3.5639277530201423,1.0306029821930556
2021-12-11,135465.91215277778,23599512.808492854,2.963863011775277,0.9777492400406249,3.4096053994093967,1.1498405043770834
2021-12-12,137550.29618055554,24714079.015003033,2.836878224751804,0.9779022983927084,3.1014881428454313,1.151083024773264
2021-12-13,135350.20277777777,22914059.242797483,3.072578778568609,0.9717917959010417,3.3811180489461097,1.087319071359375
2021-12-14,133094.97395833334,21848503.843929447,3.087330448201876,0.9848742906871527,3.5056881073540844,1.0445510264899305
2021-12-15,132199.62996515678,22167120.943407744,3.0620180523820024,0.9825035152930314,3.4754878422316153,1.0539187575825784
2021-12-16,130329.06805555556,22989901.75751881,2.621780711442216,0.9818300751618055,2.8906503905505914,1.0604983220784723
2021-12-17,132418.30729166666,22683130.83040556,2.839008209415669,0.9803812190965276,3.0977374921529157,1.1062976200739583
2021-12-18,161415.621875,31290107.764613852,1.8950271711869324,0.9769299485347221,1.873697700286503,1.0521589234475694
2021-12-19,150607.9753472222,28183157.196985107,2.4348145892494983,0.9717009288013888,2.4539507108721312,1.2019047146940973
2021-12-20,142370.215625,25048767.07305559,3.256584177953466,0.9864968780625001,3.6756474870551625,1.1155736384885417
2021-12-21,141184.57986111112,25771352.817467228,2.664860556481593,1.0210586149809027,2.9750431223553044,1.100410576517361
2021-12-22,152291.48854166668,30782754.485353097,1.9575486242906064,1.0404407209020834,2.148055777378779,1.0516359842906249
2021-12-23,185304.88472222222,42926619.22029531,1.2947592177324792,1.024790940454861,1.332661462320673,1.0533655777458335
2021-12-24,209299.21463414634,54372485.92893095,0.9759795849473745,1.0325298658202091,0.9592812399888027,1.0838421207327527
2021-12-25,218326.35520833332,58160297.74885784,1.028919184369933,1.0406165658430555,1.0372160388391243,1.0252277520260415
2021-12-26,200186.17465277776,52617822.54298606,1.2117601164172838,1.0201948148979167,1.2733102507256577,1.1533522622402779
2021-12-27,211749.62256944444,59886960.26542253,1.1667050869428133,1.0249030754350694,1.2454978113606674,1.0351725312743056
2021-12-28,222143.23715277776,61153971.01884655,1.329012788497229,1.020000480073611,1.4087005640712151,1.0510541457993055
2021-12-29,209377.93414634146,52097106.83830647,1.6676812003757253,1.0479592622947735,1.8222961984107697,1.0151535289860627
2021-12-30,207220.05381944444,50987685.85375847,1.9684906173891126,1.036584750444,2.178889563308505,1.124884850972
2021-12-31,209861.2156794425,55307303.1484279,,,,
2022-01-01,205007.70277777777,52864930.61387166,,,,
2022-01-02,221186.64513888888,57267777.629739545,,,,
2022-01-03,242184.6486111111,66025703.86455938,,,,
2022-01-04,231575.49270833333,60254199.87913556,,,,
2022-01-05,229672.41875,57736974.19254225,,,,
2022-01-06,202748.36145833333,45486350.72871261,,,,
2022-01-07,211881.10659722224,44738690.07059466,,,,
2022-01-08,213390.87152777778,46519173.71488086,,,,
2022-01-09,212651.8954861111,45502574.78178679,,,,
2022-01-10,208045.58680555556,42326575.39908679,,,,
2022-01-11,203278.684375,42055686.979235925,,,,
2022-01-12,200554.93125000002,43594508.092754744,,,,
2022-01-13,199286.06319444446,42779076.492598996,,,,
2022-01-14,197466.54062500002,42347241.945315324,,,,
2022-01-15,211183.95555555556,49426220.12594683,,,,
2022-01-16,198618.56423611112,47007426.40869004,,,,
2022-01-17,192621.47986111112,44474962.10892803,,,,
2022-01-18,210169.58506944444,48544862.57566858,,,,
2022-01-19,211883.5090277778,46557053.775184564,,,3.0034537633948513,
2022-01-20,206591.2434027778,44117995.365170285,,,3.073857518641703,
2022-01-21,200691.77152777778,37318305.033721216,,,3.253781198929425,
2022-01-22,185970.24618055555,28614321.460631616,,,2.821588599073785,
2022-01-23,186810.16319444444,28543279.476569396,,,2.470579278396003,
2022-01-24,170941.39583333334,24874996.852043875,,,2.408282577345628,
2022-01-25,171365.74930555554,25795754.45534484,,,2.4378981799244848,
2022-01-26,176971.40590277777,27179887.6101588,,,2.5716734498859393,
2022-01-27,168800.57187500002,24384814.778350703,,,2.353440303849862,
2022-01-28,168348.53090277777,24434198.795651816,,,2.2510435343702415,
2022-01-29,167936.38437500002,25582585.77859953,,,2.075458964278873,
2022-01-30,169987.41076388888,25825792.201451782,2.096945454513889,0.9910925454166666,2.1415842382291665,1.1032726053819444
2022-01-31,175831.3204861111,26303486.675930828,,,2.2405824238762686,
2022-02-01,179159.54930555556,29257163.814231783,,,1.8768544948926527,
2022-02-02,168241.44166666668,26672452.181439824,,,2.1256110665568455,
2022-02-03,167430.5986111111,25035308.717658415,,,2.536189701791688,
2022-02-04,171650.2097222222,27133486.070291456,,,2.1105068477816267,
2022-02-05,160923.93194444443,27163327.00292819,,,1.74334776193442,
2022-02-06,155886.7045138889,26397067.750524227,,,1.8964536556308138,
2022-02-07,156933.64618055557,28041033.09372035,,,1.7960815486646848,
2022-02-08,151392.26354166667,27523904.240237575,,,1.6587971579332397,
2022-02-09,145724.42916666667,26833992.33175794,,,1.7336850018892858,
2022-02-10,144770.68576388888,26402932.280300446,,,1.741379854150065,
2022-02-11,143692.10659722224,25115452.85958555,,,1.9569566309668451,
2022-02-12,141227.47291666668,23219230.165388953,,,2.6064142067997254,
2022-02-13,138147.41319444444,22318167.756307986,,,2.904636189503682,
2022-02-14,137828.43541666667,21605745.900642585,,,2.5153704103087886,
2022-02-15,138509.2253472222,22914891.255981676,,,2.5521673864831875,
2022-02-16,135893.8045138889,23002146.657671172,,,2.29460941619502,
2022-02-17,130078.00208333334,21206833.163969953,,,2.6576151000229506,
2022-02-18,135981.48506944446,20378273.094891038,,,2.9457651601141106,
2022-02-19,138325.92881944444,20181318.434825055,,,3.0522605099309223,
2022-02-20,133565.25520833334,18580835.825613976,,,3.006981642055881,
2022-02-21,137236.84131944444,19075037.886911083,,,2.861020801506131,
2022-02-22,138786.18541666667,18232952.410022482,,,2.691287382542308,
2022-02-23,137530.82847222223,18887316.14781104,,,2.554403432407358,
2022-02-24,144027.01527777777,17394896.20984607,,,2.517666130116776,
2022-02-25,156205.90277777778,20525753.677561074,,,2.195697204405958,
2022-02-26,154244.2409722222,21447364.715815466,,,1.9179708726026965,
2022-02-27,166319.4482638889,22602304.67784556,,,1.969514762268216,
2022-02-28,172455.31006944444,23415539.854503807,,,2.0177822866248643,
2022-03-01,153473.31770833334,22060337.74233501,,,2.0241061087749896,
2022-03-02,163753.54791666666,23036104.725570608,,,2.051061927166873,
2022-03-03,180711.82881944446,23843350.31140343,,,2.5467718687741785,
2022-03-04,187287.12708333333,23935333.383489612,,,2.726818471326143,
2022-03-05,182059.6784722222,22642273.487935442,,,2.8745608103861944,
2022-03-06,188769.29722222223,22787110.669260018,,,3.080118809839858,
2022-03-07,122900.5076388889,14327181.283036847,,,2.9333163265465627,
2022-03-08,170523.51111111112,20670298.396284107,,,2.6113031414861094,
2022-03-09,178451.51111111112,22717380.988091063,,,2.4460627455514965,
2022-03-10,174348.81666666668,21044933.597468153,,,2.9049126025471637,
2022-03-11,174164.72847222222,20410818.906626537,,,3.3282756473884594,
2022-03-12,177060.55694444443,21208522.91294345,,,3.176014227869452,
2022-03-13,183033.95243055554,21782794.609818764,,,3.1651073868593023,
2022-03-14,192663.81666666668,22639132.790167175,,,3.052942017574671,
2022-03-15,189173.7,22265173.878373757,,,2.9121348672139327,
2022-03-16,205281.89444444445,26283244.989449967,,,2.0223029028511434,
2022-03-17,255832.17083333334,36801452.15919253,,,0.9970714047404756,
2022-03-18,285775.4201388889,44310128.371602036,,,0.8442729134241682,
2022-03-19,267272.49895833334,42926193.50867758,,,0.9917421046461627,
2022-03-20,243417.7340277778,37456099.319153324,,,1.2326417919938075,
2022-03-21,232715.52118055557,35805807.32605675,,,1.4437031238730773,
2022-03-22,228687.65277777778,35857651.08804957,,,1.4658922956639762,
2022-03-23,224332.49618055555,34333353.32764953,,,1.7968374081299625,
2022-03-24,224530.39791666667,36268795.97221835,,,1.7319534702976784,
2022-03-25,228543.49930555554,38195424.426948525,,,1.676061211697047,
2022-03-26,214031.17534722222,35066938.7614965,,,1.9358513743244505,
2022-03-27,215865.01909722222,35306844.00501242,,,2.299574746080293,
2022-03-28,202159.1548611111,34789653.429828435,,,1.895318027082743,
2022-03-29,230767.90729166666,45147906.45037878,,,1.4202128996162127,
2022-03-30,291516.2520833333,66353608.9120263,,,1.2196904638168409,
2022-03-31,258561.79583333334,56494743.3071489,,,1.6175841401535658,
2022-04-01,263642.00694444444,61596684.170439154,,,1.4849149021529997,
2022-04-02,265756.0760416667,64807900.401125684,,,1.6351682658121536,
2022-04-03,250126.10034722224,60695687.77549742,,,1.7337978748508667,
2022-04-04,241411.06597222222,57192159.77185473,,,1.633833990035126,
2022-04-05,229811.65798611112,53066525.93509809,,,1.6965086009109887,
2022-04-06,208107.58958333332,43025120.985473245,,,1.8057101890834544,
2022-04-07,204035.840625,40979441.30913048,,,1.7397343300510975,
2022-04-08,216261.94618055556,41962475.85671326,,,1.833837060358909,
2022-04-09,221711.04375,40296015.70057109,,,2.095632008117171,
2022-04-10,219364.77916666667,39845751.157313764,,,2.417644969506008,
2022-04-11,212070.0013888889,35279684.18413194,,,2.5820637081392057,
2022-04-12,222694.38368055556,36587206.95476198,,,2.7654060005132184,
2022-04-13,228126.13611111112,38746958.57938431,,,2.749743570555649,
2022-04-14,229247.66979166667,39857366.83350557,,,2.671734616534784,
2022-04-15,226457.90833333333,39240707.602071635,,,2.406098368753407,
2022-04-16,225190.27708333332,38998190.68090819,,,2.2351656678714966,
2022-04-17,228840.48784722222,39600138.09634799,,,2.2986939615572304,
2022-04-18,225081.80729166666,36894470.023511834,,,2.465265000366075,
2022-04-19,230637.86770833333,40033419.165651426,,,2.359056286412184,
2022-04-20,240366.0152777778,44936699.62218581,,,2.030703454189659,
2022-04-21,233393.48090277778,43442491.14903274,,,2.1337940114334755,
2022-04-22,219785.6652777778,38777381.86479574,,,2.346257190220432,
2022-04-23,231524.94965277778,40756015.31700603,,,2.0388175792540832,
2022-04-24,229956.0517361111,39251538.086715594,,,2.3146948817151562,
2022-04-25,234076.65416666667,37975913.43365069,,,2.5237993485174357,
2022-04-26,250444.37812500002,42123905.95404245,,,2.074574408915846,
2022-04-27,260255.23993055554,43811281.892571196,,,1.933359193904315,
2022-04-28,259014.30104166668,44113034.290976115,,,1.8599577326095305,
2022-04-29,251337.90694444446,40191499.0674852,,,2.3219076862224175,
2022-04-30,249527.67881944444,38867805.608392395,,,2.338490927163915,
2022-05-01,213988.1298611111,30733866.0380152,2.344967121901872,0.9054600848,2.3627525717282127,
2022-05-02,216733.8059027778,31353515.92631403,,,2.1021427806156074,
2022-05-03,215431.3527777778,30874805.620043926,,,2.170891014959019,
2022-05-04,214403.0732638889,31654018.523954317,,,2.203889538897373,
2022-05-05,215104.80902777778,32776992.40259601,,,1.9407219723997633,
2022-05-06,208430.0861111111,28918940.87785259,,,2.4682510485190803,
2022-05-07,212786.32395833332,29010346.87199212,,,2.371626845739309,
2022-05-08,220173.84409722223,28583737.89417304,,,2.458484111159974,
2022-05-09,230376.19687500002,26669346.713674933,,,2.420661700246207,1.0035887943632744
2022-05-10,202617.753125,22112532.37342522,,,2.0043692840689173,1.009786471908642
2022-05-11,189906.72256944445,18239453.04381596,,,2.0133112755844165,1.039193325157619
2022-05-12,171423.67777777778,13046320.391539123,,,1.6065379719727735,1.0490806591795139
2022-05-13,174329.43194444443,14984037.689271858,,,1.490392973215454,1.0713997787850693
2022-05-14,185967.16805555555,15263150.78295236,,,1.3465158383698146,1.1419976955354167
2022-05-15,196806.6954861111,17155541.860565614,,,1.3680812696951112,1.1583508723097222
2022-05-16,189730.77291666667,16088807.1986891,,,1.4434588895716949,1.1108004621395835
2022-05-17,196316.31215277777,17573460.957696978,,,1.2585764614726243,1.1653862899451388
2022-05-18,208896.60347222222,18391209.192879595,,,1.2453017951327854,1.1106385326559027
2022-05-19,210289.10069444444,17987956.343111515,,,1.185313301957066,1.1557504098965277
2022-05-20,219658.95659722222,20090319.2861024,,,1.0199800850802012,1.1204181991263888
2022-05-21,214129.95590277776,19497287.2618203,,,1.168774683609829,1.0592522588541666
2022-05-22,198282.98020833332,18420031.00368868,,,1.214989291109724,1.1568539356197918
2022-05-23,230206.64166666666,23201750.649606824,,,0.897214548040265,1.0879998420506944
2022-05-24,227153.2329861111,22707204.360392045,,,1.1130044465272348,1.073579951198611
2022-05-25,234031.80138888888,24017532.010896664,,,0.999125803703872,1.0966060273972222
2022-05-26,241711.90868055556,24456091.017504726,,,0.8424761234499815,1.1132696062149305
2022-05-27,244593.63333333336,23051089.43680257,0.825747816789677,0.9472533908062499,0.7993373259265781,1.0569610382402779
2022-05-28,249395.8597222222,23378191.107930798,0.7711058657095567,0.9711601570277778,0.8025298772569632,1.1351225151462634
2022-05-29,237602.49444444446,22435124.30887155,0.8263537862966267,0.9780800344920139,0.8372851680927109,1.1939443512944445
2022-05-30,246218.49756944444,26165182.158876825,0.8588144750418496,0.9665375973697916,0.8815736820578978,1.0822834216864583
2022-05-31,257434.8670138889,30033027.87826837,0.9088085363026399,1.0426945431010415,0.9219972119844216,1.0775533851600694
2022-06-01,252092.61111111112,28424159.14889955,1.0057782434622775,0.9804812600881944,1.0258941999503857,1.1097712730111111
2022-06-02,248746.8670138889,26520685.625007633,1.0664571028262477,0.9622901705798612,1.1036247358138525,1.1191091994326388
2022-06-03,247245.91527777776,26680487.540387824,1.0019969404400868,0.9851033995076389,1.0311176636583947,1.1199422304996527
2022-06-04,246511.16111111114,25958670.995923005,1.052575678582308,0.9945466790027778,1.0917654655673974,1.1832109629847223
2022-06-05,245941.90625,25934759.9185399,1.067642330798588,0.9990273116899306,1.1456156675688836,1.1201650684607638
2022-06-06,245749.89409722222,26504836.06178877,1.1795237062788355,0.9952928837697917,1.3062996925340515,1.042250636151736
2022-06-07,235607.2576388889,23430331.154792435,1.2631848372458356,0.9918524242552083,1.3457524352549615,1.0833619487329862
2022-06-08,215849.32743055554,21166864.961664684,1.2160903319702339,1.0131871772413195,1.3269323540741136,1.0997391069597222
2022-06-09,218237.07083333333,21125961.22735907,1.2716826413763571,1.01375372609375,1.4522588213842076,1.0644162246631945
2022-06-10,226223.54062500002,20753147.473106567,1.347011168393574,1.0131972172583332,1.4639461656353445,1.0873606608475694
2022-06-11,239312.36423611114,19767227.06667255,1.5266395746228048,1.012915675520139,1.6208434241628054,1.1088457984309028
2022-06-12,266679.4038194444,19602819.747541867,1.460524508489371,1.0032314706038195,1.4548880827537745,1.131525508732986
2022-06-13,300514.5805555556,18340871.367161825,1.529772682352577,0.9427137313444445,1.5031180413835878,1.0933592072152778
2022-06-14,307701.4711805556,18457651.715299595,1.5406594060841565,0.9210661052968749,1.5104851319079902,1.071722613270486
2022-06-15,313954.5017361111,18470613.140167903,1.4360080850459171,0.91991931056875,1.4093264979347915,1.0694295355538195
2022-06-16,301347.8340277778,18248237.41998841,1.5705850116918258,0.9133926710965279,1.5605768572452996,1.0860471722381946
2022-06-17,298448.025,17265898.70203815,1.5236092202139087,0.8977482941704861,1.6621349021519896,1.1795655518215278
2022-06-18,317613.5760416667,16547976.02899212,1.4881600321368178,0.9675382985204861,1.5443860132336458,1.0916912114163193
2022-06-19,342672.42916666664,17106098.70483129,1.3471485864067987,0.9975330197979166,1.4280276305803803,1.0970953700815973
2022-06-20,340772.6954861111,19648941.552121237,1.210679100425932,0.992557845603125,1.2019871483662639,1.0874669076243055
2022-06-21,308486.2329861111,20784145.36867894,1.0583408643711172,1.0021261969319444,1.0366911097063538,1.1095779539684028
2022-06-22,287568.94930555555,18336913.343276296,1.3418893223673338,0.9758657763239582,1.3673120982848985,1.098696638739236
2022-06-23,277781.0486111111,18327166.860189784,1.2198265881857628,0.9409582836770833,1.3325105006021518,1.0612820921756945
2022-06-24,260388.25138888892,17669284.516380467,1.3606662522407793,0.941290024584456,1.45335592493615,1.1236861426003473
2022-06-25,248055.95486111112,17580283.15529964,,,1.5082137333213013,1.0931555798381944
2022-06-26,237097.18541666667,16567272.038171168,,,1.5891371004088997,1.0763270332548611
2022-06-27,235471.78055555554,15488635.80024864,1.405832709068991,0.9206974793833332,1.5945716025204628,1.0933059046885416
2022-06-28,255155.96875,16615976.377610885,,,1.5076276535403095,1.0417721369239583
2022-06-29,256795.50972222222,15474949.410804145,,,1.6346306145672194,1.1142339143194446
2022-06-30,260826.0232638889,14486517.94649141,,,1.6050114900652765,1.1037897211197916
2022-07-01,246314.1722222222,13990880.893776922,,,1.6640733786664739,1.0604166271534723
2022-07-02,244453.75729166664,13828768.36159531,,,1.5820566141350618,1.1090966469947918
2022-07-03,249344.11631944444,14100990.868389864,,,1.5580548744764238,1.1490245902940972
2022-07-04,249612.98506944446,14727798.829197556,,,1.58099892472731,1.1028548676493055
2022-07-05,240637.64548611114,14728278.792508926,,,1.545299970279216,1.135548645360764
2022-07-06,240067.44687500002,14812623.145510724,,,1.445536633320661,1.1656513857461805
2022-07-07,265942.46770833334,17625632.837335706,,,1.1558989345092299,1.1438663578871529
2022-07-08,287914.6246527778,20548575.144087363,,,0.9083503548690887,1.0792678452225695
2022-07-09,300659.73506944446,22640818.426903527,,,0.915728636905336,1.110650081746875
2022-07-10,358043.6850694444,28113068.269660458,,,0.826677922329544,1.1303126359767361
2022-07-11,357379.20243055554,27113406.44264757,,,0.8758875690616053,1.1049595234496528
2022-07-12,315590.85486111115,21732943.6185395,,,1.1381154503368716,1.1269356956086805
2022-07-13,360590.8572916667,26355833.89827819,,,0.9051154803084486,1.1038635928729166
2022-07-14,422202.1246527778,34765851.64742512,,,0.5284672946796903,1.1075311556618057
2022-07-15,412996.03819444444,37745008.39584906,,,0.47992435415477935,1.1169637387156248
2022-07-16,394047.21527777775,35629891.18514672,,,0.5409176539581225,1.1369230427125
2022-07-17,353272.46875,31738743.587591574,,,0.6473436457883077,1.1122395291659721
2022-07-18,319468.3434027778,30053235.30248864,,,0.7025146014993185,1.0883943158850693
2022-07-19,286676.19166666665,27832292.101124126,,,0.7952650083188453,1.0739855841315973
2022-07-20,290814.4506944444,27763627.22375796,,,0.9568416612509181,1.0487496995444445
2022-07-21,285036.0100694445,26340340.051386654,,,0.828239216538168,1.0767233210993057
2022-07-22,277760.1267361111,25798150.531205405,,,0.943329675342974,1.086793881467014
2022-07-23,275970.8284722222,24592879.42544701,,,0.9507951748383119,1.1767806960486111
2022-07-24,272068.7399305555,24692924.294340298,,,0.8344653413056273,1.1343865863934028
2022-07-25,257829.44895833332,22030580.88196268,,,1.0648096485033287,1.088242217861111
2022-07-26,254755.21180555556,20287692.034548625,,,1.2362473813478971,1.1254959001697917
2022-07-27,264134.9902777778,22358493.18681154,,,1.1524826308653484,1.0884011824555555
2022-07-28,269914.37048611115,25812380.321731597,,,0.8925361533990063,1.0756039125118055
2022-07-29,238222.39618055554,23400033.491304524,,,1.0315071765209838,1.0950728948277777
2022-07-30,223908.79652777777,21629223.86308618,,,1.2217144997811227,1.0864413891715279
2022-07-31,249731.59722222222,25086875.70019706,,,1.199871385819671,1.0445227397590278
2022-08-01,244285.95520833333,23783874.72076181,,,1.5313879096174328,1.0691801731875001
2022-08-02,226843.30868055555,21101000.331195805,,,1.5502340504124985,1.0639277025222222
2022-08-03,227958.72083333333,22026698.41255819,,,1.3054573589561982,1.0975495370413195
2022-08-04,229301.70069444444,22026769.344685733,,,1.5223960643975127,1.0253239150541666
2022-08-05,244411.26736111112,24634476.694682945,,,1.17472265621177,1.1460008967225694
2022-08-06,232002.74756944444,23412204.396177426,,,1.2779509604101684,1.1618545356993055
2022-08-07,228646.921875,23015827.785081994,,,1.3842811631914287,1.1182957196125
2022-08-08,229635.22395833334,23813447.819553263,,,1.4239361224327935,1.1306417068576389
2022-08-09,222689.4795138889,22233700.772366356,,,1.709557922528253,1.1007712048416667
2022-08-10,258004.57743055554,26965585.347243942,,,1.2669423184650577,1.1143524635972222
2022-08-11,277477.8440972222,30430412.739131942,,,0.7470214969622904,1.136798813379861
2022-08-12,251284.07499999998,27715723.837307505,,,0.9216200396601373,1.1734613046822917
2022-08-13,250988.9215277778,28156747.34150873,,,0.8635696413530366,1.1054389067597221
2022-08-14,238718.26319444444,26200418.968970966,,,1.0448482135550938,1.1173695591541666
2022-08-15,230522.10972222223,24883945.463605788,,,1.1798888015144315,1.043546169765972
2022-08-16,230084.528125,24853409.938715234,,,1.2277296304458503,1.0347598825472222
2022-08-17,226321.21284722222,24139286.912000127,,,1.2322312355865686,1.0288381736170138
2022-08-18,220059.02847222224,21923187.183939923,,,1.630982367127712,1.0357516844118055
2022-08-19,209391.55138888888,18396480.798649147,,,1.6265045545645291,1.0142840947902778
2022-08-20,206697.84409722223,17417096.87746985,,,1.8362272376816042,1.0653228449951389
2022-08-21,201175.49756944444,16974889.638982885,,,1.8358971311726198,1.121686735628125
2022-08-22,211779.60520833332,17978415.945178933,,,1.7890927250249713,1.0595775154618055
2022-08-23,213915.90694444446,18918116.005239695,,,1.5215958345079805,1.0615649015371527
2022-08-24,197998.99722222224,17613912.502324823,,,1.483352573664705,1.083620094179514
2022-08-25,198193.28472222222,18023697.83105624,,,1.3787886022057676,1.117261694261111
2022-08-26,207786.20902777778,18582346.676391646,,,1.3220638064123809,1.059471965982986
2022-08-27,205680.3138888889,16883405.700860724,,,1.476257838042221,1.0686721798631944
2022-08-28,200826.6767361111,16425039.358330868,,,1.6118252016444121,1.0714430237871528
2022-08-29,196746.30520833333,16145276.985891035,,,1.4069898561082925,1.0574496456777778
2022-08-30,196931.27673611112,16836932.27886167,,,1.4095576296491785,1.1040565568802083
2022-08-31,187078.4923611111,16166972.334762892,,,1.482771175246908,1.1210754267236112
2022-09-01,179269.3815972222,15136250.383284453,,,1.7306691765239286,1.044819597865278
2022-09-02,190795.13958333334,16694963.074973954,,,1.4384470026181801,1.103343407023611
2022-09-03,183423.31805555557,15957557.627904437,1.4080106581527272,1.023396322585,1.434115213307769,1.112992253145486
2022-09-04,179303.70590277776,15708825.08676821,,,1.5013933569030522,1.12444956094375
2022-09-05,181780.20138888888,16138175.650124691,,,1.362652358663955,1.1778219584649305
2022-09-06,187853.5392361111,16897676.880424444,,,1.1334757902376311,1.101718195514236
2022-09-07,180214.31840277778,15172652.386593422,,,1.4448766688760577,1.1851273219729166
2022-09-08,178494.64305555556,15678730.447872682,,,1.3149811651545682,1.097968665879861
2022-09-09,176993.48402777777,16084800.615009822,,,1.244304635208406,1.1502738585746526
2022-09-10,175141.44374999998,16029522.841563467,,,1.2748126883924917,1.1410602354864583
2022-09-11,171534.48125,15712961.779326316,,,1.2984463845452536,1.1638779003569446
2022-09-12,172086.47083333333,15828672.697215034,,,1.2909043199317942,1.1167609210277778
2022-09-13,167956.67743055557,14795596.443316298,,,1.576987051646953,1.0484308193496528
2022-09-14,176150.4579861111,14773458.710974563,,,1.8301976295870166,1.1028015201707317
2022-09-15,196505.24756944444,15841840.353058109,,,2.123480289376152,1.0913381057131943
2022-09-16,212179.56631944445,16713966.783118628,,,2.241225543128759,1.113063933557986
2022-09-17,211165.45763888888,16941890.27276047,,,2.153263846636369,1.1505558476229167
2022-09-18,209684.27083333334,16498840.63798832,,,2.1310384884054945,1.0992718939347224
2022-09-19,204841.70381944446,15141974.718137749,,,1.9304744257986113,1.1082270549305555
2022-09-20,202231.88784722224,15251979.212761445,,,1.8171495233680557,1.0939535971875
2022-09-21,204537.73229166667,15334227.858614687,,,1.7684881659722222,1.1054825565972222
2022-09-22,213787.83819444443,16014397.973194888,,,1.8981501300076309,1.113947425598264
2022-09-23,205525.3125,15583913.054082086,,,1.9573480242792425,1.0332630815513888
2022-09-24,196954.40902777776,15053702.49833798,,,1.84597451284444,1.1378510264586805
2022-09-25,201993.18680555554,15256741.00217135,,,1.8621511401878688,1.0870025796871527
2022-09-26,197730.2434027778,14776844.716070179,,,1.8927663581593575,1.1082430743010416
2022-09-27,195502.79409722224,15293362.837413277,,,1.3829722577513528,1.1819044002486112
2022-09-28,192228.01458333334,14528077.759180374,,,1.744247003131142,1.0666009788170139
2022-09-29,188744.11631944444,14395687.183604069,,,1.63311331265647,1.0747482731357638
2022-09-30,192121.32222222222,14651455.047734858,,,1.696307690297294,1.1072954446996528
2022-10-01,202465.97812500002,15148278.821116725,,,2.289662081952066,1.1277384213239583
2022-10-02,204329.90069444443,15153656.963789828,,,2.3213310695707836,1.1966771698045138
2022-10-03,198523.8826388889,14774368.115297697,,,2.0436174805734293,1.1491792572118056
2022-10-04,199337.59270833334,15470901.94517105,,,1.3802620912239634,1.1362658307881945
2022-10-05,203737.88888888888,15838709.431506015,,,1.262140098801095,1.1200554288527778
2022-10-06,213071.18576388888,16797192.6921234,,,1.2837453556032459,1.1185373767104165
2022-10-07,200740.51666666666,15401159.849732876,,,1.7263435385727306,1.0945725885072917
2022-10-08,201570.7111111111,15183307.405902134,,,2.280483113847724,1.2395379530590278
2022-10-09,207412.66319444444,15578675.11676096,,,2.3469261162720527,1.3478153259715278
2022-10-10,204326.8986111111,15290723.216658976,,,2.4349883802203953,1.0938735759225695
2022-10-11,207205.88055555557,14995280.178011026,,,2.50882816268268,1.1544316882486112
2022-10-12,208453.81527777776,14985741.996492114,,,2.433458086986974,1.1291171515027778
2022-10-13,208470.1142361111,14444529.38574509,,,2.270409602851101,1.0939626312100694
2022-10-14,206048.18645833334,15017816.865705393,,,1.6942372968611887,1.11473102639375
2022-10-15,221665.62777777776,16042575.425040394,,,1.7372232195246151,1.2084397219784722
2022-10-16,224308.6201388889,16598984.6790261,,,1.5924204397447304,1.1887282928274305
2022-10-17,256539.37916666668,19898154.852331717,,,0.9332049047490726,1.1352265348239583
2022-10-18,288437.9986111111,23056651.606651086,,,0.6453309091838318,1.2215163735166668
2022-10-19,356958.2940972222,29584671.136007335,,,0.5015528839367867,1.1379817930298612
2022-10-20,363254.07083333336,29807253.032083098,,,0.496305594609342,1.1790711584038194
2022-10-21,337931.86250000005,27337035.25627193,,,0.6520389910554728,1.1733384831878473
2022-10-22,328485.9506944444,27101768.471664637,,,0.725376494609254,1.1856653239798611
2022-10-23,328483.50625,27483829.797282442,,,0.6715918024757535,1.2673856226913194
2022-10-24,327832.7166666667,28605427.76050231,,,0.6004569350907047,1.1442000769756944
2022-10-25,294099.7638888889,24552246.920733765,,,1.0031218662669863,1.0980866902618056
2022-10-26,267575.96041666664,22276878.148938585,,,1.2131661963671625,1.0230191454597222
2022-10-27,250269.09270833334,21019134.207531396,,,1.121502495485937,1.0361137041677084
2022-10-28,248440.60347222222,20569825.126100898,,,1.04517882143931,1.10784579093125
2022-10-29,244972.16215277778,20845298.22105635,,,1.0235687879346589,1.1184234250791667
2022-10-30,241017.24513888886,20428182.28197174,,,1.1301589999596457,1.0603098689388888
2022-10-31,233945.609375,19648408.831025463,,,1.2255944165919594,1.0482004826319444
2022-11-01,243989.61076388892,20705037.43924893,,,1.2601663646075894,0.9996110563124999
2022-11-02,237077.50555555554,19649751.91321546,,,1.2738640734493298,1.0052466511125
2022-11-03,223682.57256944443,18762278.80001425,,,1.301641065011677,1.0516553259736112
2022-11-04,259541.77743055558,23878979.099385932,,,1.0044081070147879,1.1252881721381944
2022-11-05,259607.68854166666,24881149.946911443,,,0.9047321063789044,1.13040981228125
2022-11-06,239648.93888888892,21873061.45036744,,,1.2701846709878426,1.1050836336989582
2022-11-07,224917.0065972222,19682732.449178748,,,1.8143851050675168,1.0001235069684027
2022-11-08,223431.73819444445,18027232.883870084,,,1.8945264145331278,0.9965105151409721
2022-11-09,242727.97152777776,16323646.78209298,,,2.3699025515835896,1.0435869966840279
2022-11-10,253547.68993055556,16476713.299105886,,,2.336915378137402,1.0684984619552083
2022-11-11,214235.09305555554,13957981.757313758,,,2.2648246241688543,1.0879272765927084
2022-11-12,241676.88229166664,14283931.080283405,,,2.6242257055540885,1.1081417523930555
2022-11-13,250334.11944444446,14507130.812884567,,,2.6355372629771647,1.0496337986142361
2022-11-14,238516.29965277776,13602528.437868055,,,2.4605279011857832,1.0653414283437501
2022-11-15,266558.25868055556,16084522.955073198,,,2.210013545391847,1.0326208593295139
2022-11-16,291989.44965277775,17327384.039846126,,,2.482155697478171,1.0241871839440972
2022-11-17,299349.0836805555,17491574.09340728,,,2.5452023963041905,1.08381670085625
2022-11-18,303098.7045138889,17922577.115269843,,,2.4328597444756896,1.0867567077118057
2022-11-19,307996.2055555556,17838592.910584603,,,2.604326591715293,1.1163978550645832
2022-11-20,302308.7576388889,17807331.169105705,,,2.07162033740961,2.437902803000355
2022-11-21,307199.49548611115,17250032.924921036,,,2.294156321160159,1.0188012441784722
2022-11-22,350274.275,19125644.22142075,,,2.503734486518683,1.0389362610972224
2022-11-23,357575.8017361111,20620177.825469803,,,1.7547018859048962,1.0945549590222223
2022-11-24,324415.42256944446,18956819.077048156,,,1.8997744665496614,1.1109085089208335
2022-11-25,322242.7128472222,18796083.46218728,,,1.7391370407068194,1.1280788200565972
2022-11-26,320044.79756944446,19372359.036663402,,,1.4859925816422273,1.1564730184385417
2022-11-27,333163.57361111115,20714710.37382555,,,1.3331046727153693,1.1252871795159722
2022-11-28,333583.7763888889,20034393.796102,,,1.40203737661274,1.1249231776177084
2022-11-29,343650.0336805556,21085621.02753336,,,1.3100599676381948,1.2033911872493055
2022-11-30,342803.3184027778,21933070.200904056,,,1.2950214543044094,1.163850775575347
2022-12-01,327484.65729166666,20988157.994943142,,,1.34819965779938,1.0744408659052083
2022-12-02,322754.10868055554,20755861.72037916,,,1.3247678377881027,1.1479446079777778
2022-12-03,310225.95625000005,19912629.563241247,,,1.3276810605290814,1.1160912890489583
2022-12-04,303361.6267361111,19348645.333866075,,,1.3973813954035903,1.1350099137277778
2022-12-05,307449.5760416667,20046861.872605678,,,1.2267062926490135,1.1549123326083333
2022-12-06,306684.7642361111,19547826.786469754,,,1.4674701142085298,1.0654471827527778
2022-12-07,294313.1590277778,18316934.211521406,,,1.5758586740271945,1.0477948347208335
2022-12-08,294872.234375,18218681.461166065,,,1.5122872586739142,1.1181417975618055
2022-12-09,288982.3920138889,18027291.795740988,,,1.5029593619695507,1.1715898620163194
2022-12-10,285360.8701388889,17598156.050881207,,,1.7917582598534725,1.1873228935715276
2022-12-11,297451.46180555556,18157145.248605847,,,2.0018466198462357,1.1563313456885416
2022-12-12,294871.54236111115,17487152.308328703,,,2.2001035861229017,1.2328433457600694
2022-12-13,275399.13333333336,16728677.994429039,,,1.8100668008925618,1.1117613376517361
2022-12-14,266104.84479166666,16637471.566000674,1.3238075348163545,1.0220726984445545,1.5320073073991503,1.1968539915006946
2022-12-15,256642.67118055554,15853578.438370705,1.420740695311008,1.0161148612048612,1.4870248918672453,1.1231328768972224
2022-12-16,253799.38680555558,14882217.249100478,1.896050183555427,1.04967929409375,2.109108088999023,1.1055350515208333
2022-12-17,246852.15173611112,13544628.936653795,2.04266562296375,1.0882098668916667,2.2794365577277276,1.0504003429673612
2022-12-18,249266.12222222224,13849095.905059693,2.0592081528599806,1.0846930566958333,2.2293875053720127,1.2695202265763887
2022-12-19,258662.01805555556,14288190.883320026,1.9937590554741265,1.1228330211038196,2.1475005206857554,1.1959315092788194
2022-12-20,266334.1423611111,14786011.019175943,1.8664539607482002,1.2055647705934027,1.9488936815614843,1.1840524277357638
2022-12-21,276720.55069444445,15415626.26997941,1.8505924880047762,1.1587336656479166,1.794210038610151,1.1080356173763888
2022-12-22,272875.2211805556,15052943.288899818,1.990454507740955,1.1185812463128473,1.9823750220402512,1.0921046155326388
2022-12-23,271777.9041666667,14962850.8315553,2.244978517419815,1.1102022218385417,2.3521230007186897,1.2748886752750002
2022-12-24,275980.12083333335,15020812.155081175,2.2318963216671994,1.1095797896027777,2.458385101108478,1.2227501217079861
2022-12-25,273587.3857638889,14890715.72507312,2.147355114948382,1.110303237982986,2.359655998102094,1.1869062834375
2022-12-26,274841.8333333333,15238470.38148889,1.9147360857756068,1.115950069178125,2.042975035270604,1.3798499209364583
2022-12-27,263442.02430555556,14887467.621030314,1.6260236944297966,1.0861650733385417,1.667136361634495,1.1921674779576388
2022-12-28,267605.5649305556,14776165.16931914,1.7844805211626107,0.9973526246770833,1.9334750092687925,1.1201477582302084
2022-12-29,275882.78958333336,14990639.178793576,2.0103606433099652,0.955512572526389,2.3411601756149083,1.1918149161177083
2022-12-30,278243.8184027778,14783964.922983957,1.9917017450058243,0.9919607882517361,2.2272452329345396,1.1867720017496528
2022-12-31,294524.7111111111,15420812.692207495,1.9357163260760635,1.024511582070486,2.1702172326586964,1.3397570552565972
2023-01-01,292234.78506944445,15137149.674802925,2.0185413125144738,1.0204186016395833,2.3208407769133874,1.6457654072600694
2023-01-02,303549.0298611111,16111071.901246794,1.888009280959701,1.0265489477395835,2.1515448345880177,1.2453069891524307
2023-01-03,301598.0493055556,15930038.364342978,2.0885514807337615,1.0343102784312501,2.3216173066524743,1.199958835871875
2023-01-04,300094.25312500005,16724992.2645047,1.5422347002456513,1.1034129508881945,1.7164451173228443,1.1490088964770835
2023-01-05,300749.2947916667,16746378.831472741,1.536497238045368,1.1718941003659724,1.6240395071170113,1.2044493242409722
2023-01-06,308313.82118055556,17063828.17834231,1.7263530995899907,1.2193157989840278,1.922711214358558,1.248375142178125
2023-01-07,309519.4319444445,17368719.57946009,1.7104893835513346,1.2466709170347223,1.8713188238142493,1.576636390357639
2023-01-08,325327.865625,18733177.432538304,1.3691789462123694,1.228533019746875,1.4758847711018939,1.1998701953760418
2023-01-09,315913.2267361111,19412982.85874763,1.1222257619991847,1.1675898710250001,1.213733549518343,1.0207451092423612
2023-01-10,299522.646875,18463320.27549191,1.0895592613584903,1.109342100310764,1.1460610231990165,1.1129856425690974
2023-01-11,293432.1079861111,18025801.059473038,1.008857277665863,1.0878999685052082,1.0390642928578344,1.1752468795552082
2023-01-12,310563.62916666665,20563559.09583824,0.9353595403423033,1.0673161112128473,0.9904840674941257,1.042784315251389
2023-01-13,314733.1076388889,21577322.10726923,0.8998027763739795,1.0374505449562499,0.9397618591507955,1.078980473277778
2023-01-14,304898.6982638889,23160381.149617285,0.992582445948553,1.0912805678274304,1.0377434680904456,1.0361085817763889
2023-01-15,335238.1420138889,25876386.136828795,0.9944434863067637,1.1173245482614584,1.0511653251509843,1.0850562804295139
2023-01-16,351218.6409722222,28020251.735323045,0.9530852208023654,1.1542751651756946,1.033055468903601,1.016736294514236
2023-01-17,365141.0388888889,30655175.606042936,0.8815628320185221,1.1233308199395833,0.9280743083901615,1.0941049159069445
2023-01-18,357149.0958333333,30050336.001108155,1.0265212766354002,1.0724776465361112,1.1806069278545228,0.9834203759
2023-01-19,314968.5184027778,25407977.31159281,1.0483076073592494,1.0611955425253472,1.1048063885059907,1.0474306003284723
2023-01-20,299924.7368055556,24688594.860951353,1.0041184459425812,1.1037645798965279,1.0343359149469662,1.0929178667885417
2023-01-21,294520.5722222222,25562143.864662312,1.1278171396489212,1.1224418851215276,1.133807596241666,1.0385351110847223
2023-01-22,293282.70243055554,25209127.28754547,1.137754301311667,1.1212458261482638,1.229429635793799,1.1042310805798612
2023-01-23,292845.34479166666,25427277.809773628,1.2306941122623845,1.1412259151899304,1.431485791790015,3.397313375133449
2023-01-24,272943.30069444445,23396345.211325154,1.3869467517313703,1.149376726953125,1.6070848513523035,1.012183924865972
2023-01-25,238027.33680555556,19427960.956461575,1.378461045397529,1.097524467092014,1.631367395235244,1.0873056267322916
2023-01-26,228383.1454861111,19893603.876022156,1.2558438546788009,1.0553442934204862,1.3619928918775388,1.084860412218403
2023-01-27,228184.01354166667,19882923.634370886,1.455807708335453,1.0286039561701388,1.549300644980042,1.079143907537847
2023-01-28,231356.22812500002,19876556.859088972,1.6199998169934744,1.0593100813861112,1.8910011694383313,1.0489577888885417
2023-01-29,221153.84652777776,19173524.49600993,1.5032854531630464,1.0533816931006943,1.720445387635665,1.0777026952600695
2023-01-30,209339.84965277778,17512904.71850428,1.6299298219771414,1.127234235745486,1.7130590762038065,1.0953418439576388
2023-01-31,206951.63090277778,16926543.753463704,1.7235799106438154,1.1088272847614582,1.933487129550202,1.0428092637913196
2023-02-01,211700.6201388889,17524298.61185034,1.5674451837266306,1.0993052131139371,1.6780690623483399,1.0331606142916667
2023-02-02,230667.14166666666,20988505.01526527,1.340636412174584,1.0586103456496527,1.3743537892718738,1.096779863226736
2023-02-03,231434.64756944444,20680264.0668899,1.5196435418919059,1.0487117292621528,1.6439533729789728,1.081642152286111
2023-02-04,229258.221875,20642795.929124106,1.5965071723595121,1.0693717446416668,1.7165686249947383,1.1588570004826388
2023-02-05,220202.06840277778,19174278.585611045,1.810418312576942,1.0605187305493056,2.0146289328475784,1.1450573502354167
2023-02-06,217249.5545138889,18674400.427174766,1.7623409623723996,1.06422181940625,1.8806935779193803,1.053707452998264
2023-02-07,211984.68784722223,18348612.42358463,1.7453495952862899,1.0736677982868055,1.9172110227091568,1.126098846028125
2023-02-08,209546.25104166666,18445410.085882112,1.756058454609208,1.1175307794065974,1.788863624093405,1.0979899988152777
2023-02-09,223324.0076388889,18614986.209983878,1.8744982541149477,1.101958419226389,2.078391045234886,1.0641439126892362
2023-02-10,229508.81215277777,18009955.009245213,1.7148098019365585,1.040697274642361,1.9746295753027867,1.0154080937802084
2023-02-11,211791.03055555554,16626450.811160564,1.6966576144786503,1.0792803857989584,1.938896225443234,1.1755746310472222
2023-02-12,214183.090625,16960356.208072186,1.791200833222244,1.0726063380843749,2.0369825844200133,1.103045686917014
2023-02-13,250577.69861111112,19799779.60309283,1.623931811768369,1.0916222175416666,1.773564386918355,1.0449652256541666
2023-02-14,282159.30902777775,22979022.254523825,1.5446718120433904,1.176147501054861,1.6624821795501834,1.050258197304861
2023-02-15,243686.75520833334,20501193.280427966,1.6059402441223254,1.1927326013000001,1.7224920462960631,1.0619874394149305
2023-02-16,222185.30069444445,19685280.253633123,1.5269305083043445,1.2136732808024306,1.420232659091205,1.0876986012284722
2023-02-17,214151.15208333332,18351114.882009722,1.702891281446187,1.1956587484177084,1.7581941305204847,1.0989260658020834
2023-02-18,221529.14791666667,19703739.443921503,1.5535244909226296,1.25317586195,1.543850475886203,1.1477701235947917
2023-02-19,238796.47916666666,21782969.829536382,1.6085977907878062,1.2339732720958334,1.5901371542101461,1.065847103489236
2023-02-20,242686.91874999998,22016463.386308257,2.02459488681782,1.1446539600079861,2.1427690602468212,1.0995030818913194
2023-02-21,241201.19791666666,21605794.62552178,2.241315294421275,1.1296619170888889,2.4506685626229943,1.0637456306958188
2023-02-22,232179.33333333334,19738665.970378473,2.306603084258537,1.1616304904163195,2.5750207504574725,1.0779325315430555
2023-02-23,225372.73020833332,19371698.65896179,2.3056480100975745,1.2029886540461805,2.650850855034066,1.0613817704090278
2023-02-24,236769.49826388888,19889094.58392068,2.3563914595886297,1.2321884698930556,2.698501492435143,1.0222111746385416
2023-02-25,223028.6965277778,17898241.5508639,2.4151913611046574,1.231407472973611,2.7627711931279046,1.1050420537163195
2023-02-26,217846.9638888889,17608910.62703447,2.344421116408849,1.2443865892711807,2.6266225243459753,1.386446919085764
2023-02-27,209900.95694444445,17105139.62993757,2.3142383397020674,1.239595410935764,2.5682539744666752,1.1073424490534722
2023-02-28,219559.97812500002,17304024.99001239,2.4595627295075517,1.2177044248555555,2.84481965846546,1.1400020178385417
2023-03-01,222460.48402777777,18064314.271447595,1.9597717568450967,1.242914725515625,2.222340251452974,1.1250652797958334
2023-03-02,225656.61388888888,18124792.823129967,2.2313193017583264,1.2758519602048612,2.384712840827535,1.1663699580385416
2023-03-03,219613.51493055554,16771759.204555163,2.191993299825207,1.3232057380104165,2.3888478949019185,1.1070768067138888
2023-03-04,220090.52152777778,16783270.966674663,2.0474394773665336,1.3358412461416667,2.2551242106434195,1.3641752827788194
2023-03-05,224542.66249999998,17141651.542215087,2.03414890548588,1.3239022393447917,2.255846244473699,1.234030786559375
2023-03-06,231940.26597222223,17597623.403630868,2.0075472158766376,1.2962609474819444,2.1866774413748358,1.0840562456104168
2023-03-07,228351.55798611112,17374753.17646042,1.9854864555076672,1.2967917260458333,2.098653431658549,1.0497283096440972
2023-03-08,221098.70729166668,16296333.57479871,2.058318397318569,1.2647237585618056,2.247517363610259,1.0192958748725696
2023-03-09,227623.03854166667,16380940.491314253,1.8841662344905654,1.2233388482819445,2.0201693640075775,1.0694898500934027
2023-03-10,219906.10520833332,14765638.148056692,1.954856399889679,1.185323239470486,2.150052868949074,1.0503492494975695
2023-03-11,218983.55868055555,14553630.468358204,2.0706870790393115,1.2117794332440972,2.208976804679163,1.072829014148264
2023-03-12,212549.9638888889,14346286.014582776,1.826551697452444,1.231451993664236,1.921146779339629,1.16643434348125
2023-03-13,194082.5388888889,14382872.032350024,1.7229403305902777,1.1814078632986111,1.7780479447222222,1.0491169121180555
2023-03-14,206845.53298611112,16035464.013869097,1.6995295958261725,1.1039222066930554,1.7711117374696075,0.9927093910732638
2023-03-15,214856.05243055557,16537991.89491286,1.816263655603994,1.0602395284961805,1.915342583987388,1.0168944948840277
2023-03-16,196398.7704861111,14606025.035487168,1.8867488447452143,1.1141850009760417,2.017018739327354,1.0907166778375
2023-03-17,188142.60590277778,14497739.666376818,1.6669012570846582,1.1673910909819445,1.8084647553775228,1.061853472709375
2023-03-18,195952.26388888888,15689993.725336932,1.6801697447536568,1.1818090030347221,1.7162138365346904,1.0544072352559029
2023-03-19,198178.89166666666,15701435.736097276,1.7423326913492527,1.1700756495635416,1.8254252977600975,1.1401109216732639
2023-03-20,201409.37951388888,15697361.245619936,1.8330724217157974,1.1664315642333334,1.8976820567435537,1.0161423104569445
2023-03-21,199558.33750000002,15348664.361911794,1.7316092147040816,1.1756326006847222,1.866183424273353,1.102423235104514
2023-03-22,206826.61319444445,15978714.087503305,1.7383441188389586,1.1604497948906252,1.926404602751232,1.0371519704225696
2023-03-23,209644.80625000002,16052191.891091786,1.766887606681986,1.1813689518347221,1.9433689156385938,1.0801241455586805
2023-03-24,217527.6375,16278616.771860847,2.125475863389698,1.1691008132826388,2.25717094354381,1.052135303059722
2023-03-25,214717.99722222224,15458841.928085128,2.096833740613566,1.1623264185333335,2.2432862633233754,1.1782137086645834
2023-03-26,218920.75381944445,15807094.353111723,2.1925083726987316,1.1489994528100693,2.4347232865033828,1.1699498963121528
2023-03-27,215841.34131944444,15357020.29768215,2.122283735850744,1.120249708004514,2.276267604827566,1.082433666840625
2023-03-28,213538.8826388889,14898091.206594897,1.9649765332150473,1.100969547379514,1.9672970517976784,1.0998171522847222
2023-03-29,208594.77708333332,15083933.533415139,1.9123379003852996,1.1556262667385415,1.908004316698794,1.1068098722194444
2023-03-30,208845.81770833334,15024874.352906516,1.9046056142642536,1.2468022738684028,1.9446480042262673,1.0682455170868055
2023-03-31,213568.12881944445,15440824.293486485,1.9064542540067642,1.227726307423611,2.066633707915834,1.1526717485222222
2023-04-01,207131.8045138889,15351080.309416737,1.513469478953599,1.2308281548197917,1.624918575252944,1.031462823392361
2023-04-02,207356.27013888888,15240475.113035794,1.7046578629513514,1.2286292070940972,1.79425303624335,1.0985172633465277
2023-04-03,203386.68541666667,14891256.226900756,1.7274945397479968,1.254678109323264,1.7822195538356356,1.070271166329861
2023-04-04,197299.640625,14814774.904297955,1.4779925705283798,1.2522168118399304,1.541466998692605,1.1110199593892363
2023-04-05,195119.61215277776,15286728.981261777,1.319523147864381,1.1987204598645833,1.401447917030431,1.0661360847295138
2023-04-06,205245.22083333333,16220066.901801191,1.2684896854872802,1.1849748037947918,1.3361373646179002,1.150220694007639
2023-04-07,222102.5048611111,17552096.78561574,1.2751836019970162,1.1793579759975694,1.3124613935002685,1.1901919252475694
2023-04-08,212484.99826388888,16462973.812163617,1.5305993642386613,1.1948278292496528,1.6201140683240312,1.2935349400510416
2023-04-09,214450.58090277776,16278539.975359572,2.0397272231187653,1.1739541853604167,2.1501214907789126,1.189208310648264
2023-04-10,211448.28368055556,15581328.331926988,1.889073728420935,1.2142816679840278,2.00681043844667,1.2025844155397212
2023-04-11,204483.73541666666,16222450.812897034,1.2625452595996078,1.2693216079378473,1.3950102937016986,1.0909180358118056
2023-04-12,186436.84618055556,14511251.718611702,1.6817042414320515,1.2767968563375,1.7419720050249372,1.0793724959027777
2023-04-13,199055.90520833334,15849945.733874006,1.3809953451048587,1.2391639614777779,1.4568710669125624,1.1362330060204862
2023-04-14,207704.84305555554,17128000.04851729,1.236429583615414,1.250307109482986,1.3476121859799957,1.0385169869211806
2023-04-15,213292.55069444445,17611838.18216053,1.230441922778971,1.2544180358100696,1.3008295230103277,1.143579484220139
2023-04-16,210898.4451388889,17373343.961971868,1.4320490301010143,1.2582094038784721,1.5805097885265313,1.1879406939743056
2023-04-17,219149.52604166666,17932990.337795287,1.5620950516075633,1.2254052947416667,1.8102038844074952,0.9940611579256944
2023-04-18,223396.27881944444,18282829.02079457,1.6490650464318857,1.199072493576736,1.8964557439853766,1.141071195840625
2023-04-19,215591.1329861111,16655251.077326072,2.6135330619329475,1.2435507825694445,2.7210450538798847,1.06234415275
2023-04-20,209315.74375000002,15438079.808076289,2.8514798911045105,1.2352126612788195,3.003873794891119,1.104181357676736
2023-04-21,216728.88993055554,15468094.009045336,2.919972949898378,1.2383813323027777,3.0581377531786145,1.0355745930010416
2023-04-22,228194.83784722222,15949468.641833458,2.900478736352699,1.2333797715805557,2.9900926215846235,1.1230018627368057
2023-04-23,228984.23680555556,16056474.115230637,2.7979578587151974,1.2273660914493056,2.8700743090493086,1.1772081768770832
2023-04-24,224327.22152777776,15649048.778682739,2.84194346784547,1.239196543363889,2.95143391539353,1.0774298885680555
2023-04-25,228904.73784722222,15892378.930002961,2.8124525705609864,1.238266634103125,2.8295063157348443,1.0443418817538195
2023-04-26,220608.3673611111,15707998.50731764,2.338906616772322,1.2579515222020834,2.44151827465649,1.0848003196006946
2023-04-27,216853.14409722222,15290396.239052441,1.9045815638934742,1.24624222100625,2.006031142912276,1.1040013504954862
2023-04-28,218805.2732638889,15602445.04604335,1.3137963970495243,1.2464303647520834,1.4475257712503842,1.07269316434375
2023-04-29,216931.19097222222,15627818.97581307,1.301623975869856,1.287496563517014,1.4648515196649237,1.1778978167784722
2023-04-30,216399.90555555554,15430500.276253156,1.6022531896015435,1.317159518950347,1.7613004219843151,1.196271414542014
2023-05-01,216627.8232638889,14997456.431018263,3.0723722436313916,1.2936299065402777,3.0818975106092514,1.0737003122847222
2023-05-02,216866.61145833333,14947460.759565277,3.338359154456121,1.2775282144538194,3.3643327234238662,1.1555138072541666
2023-05-03,225212.28402777776,15547666.170255415,2.809861478138847,1.2443866926677083,2.9055513889793567,1.1497610296722223
2023-05-04,228102.19201388888,16209196.135293318,1.2379999980388803,1.2497104728340278,1.3455921440421654,1.1521549653826388
2023-05-05,232900.82847222223,16786299.28035845,1.1953738358927652,1.2485726801527777,1.3296341331564692,1.182061990034375
2023-05-06,236949.68229166666,16750238.308192402,2.5131429370990315,1.2760247576958335,2.564942265838352,1.119525703581597
2023-05-07,219096.653125,15223693.048985405,3.578986517132288,1.2935733882215277,3.508646808253765,1.153992829620139
2023-05-08,231032.61180555556,15279361.174034277,3.673381978116643,1.3083394437055555,3.6135702341107185,1.05475667480625
2023-05-09,242615.2267361111,15599875.113784121,3.7537663672567043,1.3274588352777779,3.798093078480184,1.0522854915166666
2023-05-10,242171.65277777778,15639606.742646648,3.4773527952802135,1.3019836792190973,3.5241138746413587,1.0639373970868056
2023-05-11,244764.58090277776,15425893.285442807,3.5291269878704856,1.2875896679913195,3.480453754661052,1.1077403530760417
2023-05-12,246472.44618055556,15216826.135701422,3.52551645561373,1.25564921393125,3.5784490737219627,1.041734279523264
2023-05-13,247413.54930555556,15459172.372363389,3.116970259207359,1.3056579557236112,3.1357938062126913,1.347354142884375
2023-05-14,248079.07118055556,15470655.49232084,3.4025338798856555,1.3044118419534723,3.455165257160246,1.0812339215156248
2023-05-15,243783.70729166668,15432756.489869889,2.464614887670314,1.3344383783111111,2.4441063080935517,1.1953536957381943
2023-05-16,249398.4763888889,15592570.331148276,3.058899370021811,1.3173604947934028,3.0671662790989287,1.19745465766875
2023-05-17,250788.93368055558,15845005.098751953,2.626927625173059,1.2984445074604167,2.700131344940832,1.1384670540871527
2023-05-18,269368.62569444446,17713650.857128642,1.0671951866397618,1.2919861671177084,1.123770401621218,1.0904769670190972
2023-05-19,251573.03645833334,16373049.975864563,1.378483410515096,1.238010807695139,1.5185701017735445,1.2250395368586806
2023-05-20,245164.13090277778,15915940.780142043,1.3428621024007927,1.2459796870892361,1.500759040141517,1.6118068814684028
2023-05-21,244687.26076388886,15780253.444132809,1.4979951237292874,1.2471657925427084,1.6382687859470277,1.6672985402065974
2023-05-22,244788.19999999998,15673510.93318089,2.0826125457458993,1.2669764344833334,2.2010092535560672,1.1883222074118054
2023-05-23,251134.02534722222,16423497.00323422,1.1525247484692638,1.3029097265565972,1.345493235536492,1.2816833385246527
2023-05-24,248480.2972222222,15899415.59735357,2.0189908433117,1.293993250790625,2.1682078500065756,1.1247112391010416
2023-05-25,261183.89652777778,16586589.98162729,2.5643337243697624,1.3834592842263889,2.608861722984802,1.1215750669965279
2023-05-26,264111.5940972222,16842817.888176445,2.3345712775184926,1.33115773769375,2.4050002225231517,1.3997224166993056
2023-05-27,283489.1,18431243.833639327,0.8797177678770391,1.3222445805652778,1.036310938118512,1.5286595572045139
2023-05-28,292868.6149305555,19582520.77454341,0.8041547968353985,1.328082768932986,0.8946823945328968,1.0926049545979166
2023-05-29,291643.65937500005,19773268.51595429,0.7690004266313345,1.363431361315625,0.9002433218932898,1.1413577162274307
2023-05-30,286314.00868055556,19219504.331540953,0.8976016746262248,1.3488658878968751,1.0819041653811217,1.2306756071864582
2023-05-31,284174.6142361111,18378228.60376502,2.828338046131301,1.3202717331430556,2.8734786499289724,1.1223026112614582
2023-06-01,290796.8954861111,18331114.524081767,3.7135923029622,1.305185175431597,3.7811625673933684,1.1541058972086806
2023-06-02,297098.2440972222,18937229.341353822,3.191669815815108,1.2565100867100696,3.443269867281679,1.448567892565625
2023-06-03,296338.11319444445,18858652.654059455,3.2361248570991643,1.256440453901389,3.4649230511338796,4.84539268475868
2023-06-04,311307.13680555555,19870908.94740686,3.275565365993363,1.2674840580083333,3.4893703845122404,1.3102664853868056
2023-06-05,336074.3111111111,20564314.25137909,3.5666343244892107,1.2710470748159723,3.6738755798516585,1.2054864917899306
2023-06-06,320401.5763888889,19449127.09603919,2.586833677493189,1.3818401632131945,2.6792820878310533,1.2320640765375002
2023-06-07,287273.88194444444,17343742.3421088,1.9941320000391012,1.4348970302260418,2.0532363789293973,1.1185968089788194
2023-06-08,290773.4659722222,17290207.228024453,2.7297100711361355,1.3873656767663194,2.7661089028576766,1.2136586236451388
2023-06-09,296990.0878472222,17800853.93455986,1.8380498668908207,1.3646108347354167,1.9459319917404327,1.1662322420826388
2023-06-10,254750.84791666668,13682677.501487866,1.9821998066442166,1.349568054464236,2.051732229213852,0.999115947948611
2023-06-11,231438.04236111112,12123330.842751626,2.0301852595412346,1.3704698828378472,2.1553965377683393,1.1226761267111112
2023-06-12,222863.52916666667,11736182.43228286,1.8484350433786492,1.4018171078534722,1.9219000456371356,1.15881086365625
2023-06-13,237490.07361111112,12935481.412554463,1.6886414413504724,1.4022810061322917,1.7938474687583619,1.1867379467802082
2023-06-14,229463.09999999998,12632257.896478228,1.593069009936385,1.3671399568489582,1.6588394656361476,1.1297035924881944
2023-06-15,238285.36631944444,11973311.94099786,2.1108154590069184,1.2637812370743056,2.232925287105017,1.0373065626840277
2023-06-16,261836.31805555554,13114014.700790556,2.0757686837441423,1.1508351794746527,2.199984736959351,1.1332570474663195
2023-06-17,242462.11805555556,12434964.120107038,1.8220804009970317,1.152470447710764,1.982014376124538,1.219086571725
2023-06-18,240698.85520833332,12361384.116226375,1.7822180783088308,1.1476642138684028,1.930950337749498,1.2532339380923612
2023-06-19,240629.13888888888,12321160.516328298,1.8145153015386575,1.1557768433177082,1.957384528795232,1.1477076145430556
2023-06-20,232421.77291666667,12022018.55046113,1.7637032754711728,1.1877120582319445,1.8808502589198557,1.1878240582850694
2023-06-21,218231.48819444445,11798936.928167887,1.591702213622311,1.2933795702260416,1.7001937815758916,1.1493829721062498
2023-06-22,219085.0701388889,12321712.007688072,1.426216575511821,1.352466283173264,1.5020454643414016,1.1087286548291668
2023-06-23,207962.41145833334,11702674.639960544,1.557276772892164,1.3931759074402779,1.66247449563344,1.1169518811743055
2023-06-24,205571.33159722222,11800244.530302687,1.5921910367634267,1.3923247277548612,1.6688415908521084,1.0875158147927084
2023-06-25,440882.3611111111,30955929.42266251,0.80328350665256,1.0732550452590277,0.7808800721067992,1.03393812724375
2023-06-26,453669.053125,29541096.14283886,1.0812796401782971,0.9839528311725694,1.027514362932757,1.103621734490278
2023-06-27,353473.1715277778,22733376.648497734,1.3970041273717257,0.9864048686642362,1.5326442052662756,1.100632150146528
2023-06-28,304680.4277777778,18617518.81502801,1.5569679124993072,0.9831992188628473,1.6773437962303823,1.1435336713305555
2023-06-29,303659.7125,18756636.400638606,1.4889347029711384,0.9754130270739583,1.7505281386087606,1.111032168765625
2023-06-30,292866.0673611111,19523130.64361743,1.3819052971630226,0.9702224779673612,1.633897066282248,1.0352556363510417
2023-07-01,259108.12673611112,17557436.843877427,1.4602963918990288,1.004739321013889,1.5568001627164845,1.0466723976354166
2023-07-02,258136.51215277778,17900926.608231623,1.3633514291009763,1.0468221000041666,1.4695710669117363,1.0623790739059027
2023-07-03,280205.30347222224,19992842.986250438,1.3270738420356898,1.0200532323246527,1.485220399516381,1.1000897215826388
2023-07-04,364741.09791666665,27818860.294098407,0.9829759281828281,1.0509237991302083,1.025254856168526,1.0751615084329862
2023-07-05,379349.5413194445,28989034.85354376,1.0790777429551097,1.0540691034496528,1.0913292106036823,1.0599610231604166
2023-07-06,336958.68333333335,24899597.130821906,1.2870736549604118,1.0995514069336805,1.3471418911855415,1.017273179404514
2023-07-07,342622.5361111111,24909042.134783696,1.2391262823813038,1.1479979270447918,1.3562447062064258,1.0647913333996528
2023-07-08,345729.9840277778,25749519.463409368,0.9797643663264454,1.1915432641260417,1.0710870321171346,0.9929573210649306
2023-07-09,330140.91354166664,23974130.692002967,1.314562479145573,1.165850586320486,1.403772836091883,0.9214442113729167
2023-07-10,315281.45659722225,22181965.408964783,1.5130689880208332,1.1878285831944444,1.6389843391666665,1.0782884260416667
2023-07-11,332795.27777777775,23992662.65857949,1.258662898611111,1.2059908569791666,1.4117651305902779,1.0593336825347222
2023-07-12,375082.8722222222,28228951.632077873,0.8644557902777777,1.2280144461805556,0.9494424694097222,1.1055386347222222
2023-07-13,386474.4583333333,29582301.8019251,0.8818715922569444,1.2641452990972222,0.9692179630902777,1.0545019668402777
2023-07-14,370708.1934027778,29930690.850463867,0.9451462427777777,1.2163884321180556,0.9907140827777778,0.9900958823958335
2023-07-15,359495.9972222222,28676048.192146864,1.2656938103125,1.18678870375,1.3433730800694446,1.060926418888889
2023-07-16,340151.8177083333,26553884.334183414,1.390943399375,1.2001703339930556,1.4604378582291666,1.0909950529861112
2023-07-17,342629.82916666666,26111151.910126045,1.537342145,1.1763422677083333,1.5907399891319445,1.049692065486111
2023-07-18,332124.8774305556,24217100.917120963,1.6947553513194444,1.2963853468055555,1.6602948056597222,1.0793089450000002
2023-07-19,315871.14409722225,22838924.37522582,1.7718264051041668,1.4896928916319443,1.836323707638889,1.0547452413541667
2023-07-20,314834.42916666664,22954962.288689062,1.7252621969444446,1.5743306071180556,1.8163723852430556,1.038876365625
2023-07-21,328824.1465277778,24310265.13381873,1.5517497016319444,1.6374502622916667,1.5767769753125,1.1441924331944444
2023-07-22,331171.5569444445,24239751.638331056,1.784099109861111,1.6624381102430557,1.7506916365277778,1.0375411792708333
2023-07-23,334717.7836805556,24219766.425891742,1.8994570658333332,1.6369880778472221,1.8917669618750002,1.1067806088541667
2023-07-24,333644.4357638889,23523934.81645286,1.998543613263889,1.5699974938888888,1.9390172482986112,1.030772382638889
2023-07-25,322144.0569444445,22685145.825513914,1.7309594406944444,1.6077637755555556,1.684959763125,1.1261116432986111
2023-07-26,313339.6583333333,22134063.603885695,1.7053217172569444,1.6844865044097221,1.675705997361111,1.083528651423611
2023-07-27,351456.4552083333,25680796.993021853,1.2194721705555556,1.6508990922916666,1.2692449198263889,1.077938767013889
2023-07-28,342532.1822916667,24995708.178432837,1.3708244368402778,1.752919398888889,1.4278514795833332,1.195554400451389
2023-07-29,330745.9996527778,24091362.870419946,1.4626052349305556,1.7607527624652777,1.5517809535069444,1.1404148497916666
2023-07-30,342114.81909722224,25199965.84591416,1.212337030902778,1.74170827125,1.2561690144444446,1.0462137321875
2023-07-31,376681.69583333336,26054157.007938705,1.7324774195833335,1.5938139080902778,1.8183051945833333,0.9960319332986111
2023-08-01,480886.80868055555,30742166.343294755,1.9186519857986113,1.2193288389236112,1.990327417673611,1.0967382185763888
2023-08-02,474650.23854166665,30554074.060603183,1.6605910432291666,1.1805943579861111,1.7658810372569445,1.0921306810763889
2023-08-03,486409.33993055555,31077706.56705863,1.4256265367708334,1.2071199145833333,1.4441881993749999,1.1255851289583334
2023-08-04,430806.66527777776,27572549.10538835,1.272820920798611,1.228381279375,1.304377915763889,1.141635416423611
2023-08-05,408818.0913194444,26180844.601606097,1.2828564185069444,1.2096348515625,1.3372484769097222,1.2093331318055556
2023-08-06,393520.32361111115,25691455.153765928,1.2078178468749998,1.2840878939583333,1.254613153576389,1.1260696925347222
2023-08-07,378219.19965277775,24719066.710603427,1.2088264748958333,1.3863901818055555,1.2488464311458332,1.1020270810763888
2023-08-08,341126.9451388889,22431827.306708124,1.2123395752430557,1.437564315486111,1.2723191445833333,1.1726062633680554
2023-08-09,347417.33229166665,23167466.030926738,1.0486509838327527,1.4635524289198607,1.0859911885714286,1.1722712836458333
2023-08-10,348370.42569444445,23479670.692081798,0.9627422050000001,1.4087177859375002,1.01814499875,1.0934715820833334
2023-08-11,338022.71180555556,22366171.338300124,1.1230597119791665,1.364095409375,1.1670624919444446,1.1354081017708333
2023-08-12,318469.4684027778,21068099.234181974,1.2346940922569445,1.3275988002083334,1.2441459052430557,1.4166754599652778
2023-08-13,321403.8263888889,21159785.601752978,1.2880546716666668,1.321735843611111,1.2719262591319445,1.451680705138889
2023-08-14,318807.32118055556,21072025.431782067,1.3202385651041668,1.3445320606250002,1.3022941480902779,1.1711357592361111
2023-08-15,310871.8805555555,20194019.752242062,1.4625710612847223,1.346395065138889,1.4604566127777778,1.2262557473958333
2023-08-16,302224.46041666664,18746405.582220957,1.7238616764583332,1.3478217778125,1.677068518576389,1.0123232929166666
2023-08-17,289384.6267361111,17165633.26617142,1.944549385798611,1.3778523271875,1.94264825875,1.0831502218402778
2023-08-18,272126.1559027778,15214646.502507292,1.5721131455555557,1.3409410240277777,1.5997096053125002,1.1041364723958333
2023-08-19,280503.66458333336,15732774.738615712,1.6000995897569446,1.3622046833333334,1.573691514548611,1.336833517986111
2023-08-20,276795.41458333336,15696401.958889313,1.5566715434722223,1.3710254303819445,1.5539987590972222,1.4129226196875
2023-08-21,274093.4274305555,15495865.67224425,1.6165180977083333,1.3385906674652779,1.5819087930555555,1.0376242647222222
2023-08-22,273405.86250000005,14989031.076862928,1.7432160030208332,1.2469499641666666,1.8446821564583336,1.1618054317013888
2023-08-23,261993.17604166668,14690106.38189313,1.531943650902778,1.2227151077083334,1.5803351990625,1.2929752632986111
2023-08-24,272780.13993055554,15696928.436794894,1.3828152659722222,1.1448149236111111,1.4653611677430556,1.2072284537152778
2023-08-25,264035.71944444446,14927587.275590668,1.5172014821527777,1.1587262766319446,1.595983977361111,1.1415625164583334
2023-08-26,256427.07187500002,14565751.93483845,1.5102506643055555,1.1693607874652778,1.5121481998958333,1.4327163188421053
2023-08-27,257738.80798611112,14801655.363036336,1.3840294225347223,1.1672710079166668,1.4099196782986112,1.526927969201389
2023-08-28,262521.4631944445,15141071.484558612,1.4261043482638889,1.1806347284027778,1.4628113688888889,1.1454712890972223
2023-08-29,270345.5600694444,15770709.357915312,1.4030061849652777,1.1532465626388888,1.4489585772569444,1.199079303576389
2023-08-30,270928.1090277778,15805058.710423278,1.4704083808333333,1.1402934654166668,1.5616828859375,1.3929191780555557
2023-08-31,266537.6388888889,15134578.429305544,1.8304724734375002,1.1162936568750002,1.925419290972222,1.106086711423611
2023-09-01,264206.09791666665,14507894.808431482,2.1045904209375,1.1307889486805556,2.121964679236111,1.2429539247569443
2023-09-02,262311.1246527778,14332361.361865083,1.993961860138889,1.1346451677777778,2.0294051371180557,1.2827268458680556
2023-09-03,261263.51875000002,14284809.418912474,1.9745815423958335,1.0959595015277777,2.0276118243055556,1.3313130477083335
2023-09-04,264534.7079861111,14502464.823107187,2.056934830034722,1.061103248125,2.079970340763889,1.4638787595486111
2023-09-05,256503.51319444444,14130537.025889134,2.014743977048611,1.0756611140625,2.006424397013889,1.3625131529861112
2023-09-06,250632.22291666668,13810864.591219118,2.043746790902778,1.1245970609722222,2.0253105713194444,1.2797280311111112
2023-09-07,245693.99027777778,13603829.770239996,2.083824962152778,1.1313144556249999,2.1182361178124998,1.4949717220486112
2023-09-08,252827.13611111112,14234769.332613084,1.884521221423611,1.137567963125,1.8267816221875002,1.3776601143055556
2023-09-09,253174.74548611112,14260240.71864058,1.9776376039236112,1.157297655486111,1.870631374236111,2.8665792075694445
2023-09-10,241900.42881944444,13234815.97558672,2.310809468229167,1.1586887113194444,2.237179983472222,1.1437451710763888
2023-09-11,245432.61250000002,12976344.908838501,2.2785143995833335,1.1171187346527778,2.1976126270138887,1.1910300059374999
2023-09-12,246955.10631578945,13118174.474606857,1.8882538116842107,1.1297495011578946,1.7558654042807016,1.1386981030526315
2023-09-13,257102.23541666666,13807613.60648647,1.7032312227083333,1.1435463209027779,1.5615451823263888,1.3035899153472221
2023-09-14,254046.27951388888,13740949.448503094,1.8287442340625002,1.1800028957986113,1.7109782808333334,1.2488615923263888
2023-09-15,239337.60034722224,13089564.23901903,1.7575557931944443,1.2064771729861112,1.6717839944791666,1.3216292864583332
2023-09-16,374776.3180555555,22175601.17279923,1.0876660511458334,1.1856261392361112,1.1492030562152777,1.1612326830902777
2023-09-17,414517.03958333336,24867963.25798113,0.9739131650694445,1.1564347041666667,0.979092589548611,1.1573257822222223
2023-09-18,402011.24618055555,24407394.8624669,0.9896454793055555,1.204135686215278,1.0033750561111112,1.1360971539583333
2023-09-19,394504.85034722224,24462522.75579838,0.9467671844444444,1.2333156575,0.9663915047222223,1.2610105829861111
2023-09-20,405824.1350694445,25568849.162927583,0.9041479763541668,1.2250363784027778,0.9014330222569443,1.1131285426041666
2023-09-21,414280.7052083333,26346486.628267236,0.9008212457638888,1.2144930989930556,0.906602890798611,1.1671052651736111
2023-09-22,419993.42569444445,26683195.626652338,0.9878031543402778,1.2371433973611112,1.0126744934027778,1.1555700255208334
2023-09-23,425617.06145833334,26965521.395605654,0.9968528909722222,1.298890437222222,0.9710194168749999,1.2001259778125002
2023-09-24,427028.58680555556,26692032.602858365,1.051203289201389,1.3115035810763889,1.0153546398263888,1.197065328125
2023-09-25,404891.975,25195420.86084523,1.1319601544097222,1.3410219027083334,1.0945372814583334,1.2575833094097222
2023-09-26,414000.36354166665,25418921.91487028,1.1969505637847222,1.3254377219444444,1.186264009826389,1.195794942638889
2023-09-27,426186.9840277778,25979893.395730507,1.1789138708680555,1.3318246900000001,1.1815399118402778,1.1387163552430557
2023-09-28,487769.6986111111,30933012.76849405,1.0365369606597221,1.3289100570833332,1.0442543097222223,1.1233291510416668
2023-09-29,566152.1475694445,37336851.0690191,0.8026765112500001,1.3912079793402778,0.8001012931597222,1.2080422624305556
2023-09-30,567383.6791666667,38165016.28922925,0.7861141889583334,1.433743276875,0.7841909102083333,1.176279494513889
2023-10-01,579139.0763888889,39985473.52745296,0.7744855275,1.4537872413888888,0.7679021765625,1.2767769567708334
2023-10-02,586141.4986111111,41110842.850264154,0.8250777118402778,1.5101402398958335,0.8245312087847222,1.1299616170833333
2023-10-03,551002.9909722223,37300533.26169936,1.1104916324305556,1.5146548525,1.119894643611111,1.104846083263889
2023-10-04,485484.22152777785,31508871.25391435,1.3788884028125001,1.4863822510763889,1.4128946974305556,1.2032879646180554
2023-10-05,596987.08125,40963370.5630418,0.9010908646180555,1.4522354512152778,0.9160761575347222,1.1609264756597222
2023-10-06,595492.7465277778,40606349.44037524,1.0698740100694444,1.4463577410069446,1.1327986798611112,1.1730037776388889
2023-10-07,583374.6326388889,39114442.543290555,1.1894922238888888,1.4306167955902778,1.2081563570833334,1.2618349294097222
2023-10-08,579975.8840277777,38313050.984920055,1.3020618440277778,1.4152618993402777,1.3446123668055554,1.3021337369097223
2023-10-09,570337.375,36712650.22376503,1.3809099596875,1.4167686934375,1.3406632993055556,1.1183306134027777
2023-10-10,550814.3673611111,35247300.68930381,1.2771871605555556,1.4656546521875,1.2380385084722223,1.1834153670138887
2023-10-11,550695.8187500001,34896354.99710421,1.3684790791666666,1.4838603813541666,1.3016683308680554,1.1691657430902778
2023-10-12,554717.6322916667,34867351.48350682,1.392306005659722,1.5064553956944444,1.3325982835069443,1.1813646934722222
2023-10-13,562190.3881944445,35645894.14477516,1.369322449826389,1.535962434375,1.3292030144097222,1.2553666555208334
2023-10-14,577138.7204861111,37160762.02685887,1.2955912165625,1.5382909589930556,1.2775969888541665,1.2815432335416665
2023-10-15,570813.2881944445,36635397.68323674,1.4350804294444446,1.5626478692361112,1.3863528797569444,1.167432100590278
2023-10-16,540949.875,34929941.1462079,1.343374835486111,1.5692469886805556,1.3240111303819444,1.3240581955555557
2023-10-17,530875.1423611111,33580851.6737428,1.4146066547222222,1.568352206527778,1.3250105144097222,1.1701634772916667
2023-10-18,559546.7947916667,34976630.85293969,1.2909810970138889,1.5407306254166668,1.2066711769097223,1.3720665418402778
2023-10-19,571791.6357638888,35899423.29549112,1.113290261701389,1.4300732124305555,1.0386213619097222,1.194089782326389
2023-10-20,544246.5878472222,35598818.98232123,0.9598555999999999,1.2337717111458333,0.951614988125,1.2731357494791666
2023-10-21,523402.67881944444,35444557.1235815,0.9038088378819444,1.095073686701389,0.9418516387847222,1.304714464548611
2023-10-22,636403.0916666667,47799070.43515042,0.7037287200347222,1.1174968358333333,0.7382249393055555,1.1011573418402778
2023-10-23,705768.3875,58518454.19813258,0.639705597986111,1.3194607911111111,0.6636261142361111,1.0972504996180554
2023-10-24,651575.8628472222,55205507.748325415,0.8601724361458333,1.6259564037847223,0.8436829897222222,1.0582842272222222
2023-10-25,605670.0590277778,50575166.81324112,0.9343000413541667,1.7503619671180557,0.8892331388194444,1.0466207972569446
2023-10-26,565209.9357638889,46438674.902375236,1.1034108602777777,1.7487080968402777,1.0278115799305556,1.0633484550347223
2023-10-27,535284.2395833334,42016226.41956988,1.3155456717708334,1.6834711538541667,1.2081937661458335,1.0513734230208334
2023-10-28,532756.254513889,42687871.341430254,1.1778975107986112,1.6912687507291666,1.173946326597222,1.1315759897569444
2023-10-29,545152.5621527778,45204250.31479461,0.9061426086458333,1.7286347663888888,0.9526087000694444,1.0909940272916667
2023-10-30,554648.2854166667,46790727.68847053,0.9240227259374999,1.791103456840278,0.8972045722916666,1.1664108376041666
2023-10-31,544361.4347222222,44638527.659561776,1.2093721986458332,1.837436017847222,1.1361493375347222,1.0988923123611112
2023-11-01,574046.2878472223,48610311.755399756,1.061816212986111,1.7579140459722222,1.0997711319791668,1.0659952632986112
2023-11-02,705194.684375,66185208.896429576,1.1034613576041667,1.7026993955902778,1.1800802841666667,1.079583322361111
2023-11-03,688583.5434027778,62326828.828559026,1.2997208325,1.713035378715278,1.4339858255555555,1.0764191090625
2023-11-04,702902.4875,63133444.82025479,1.3329256725,1.8369301049652778,1.5188241328819445,1.1258873654166668
2023-11-05,686079.371875,61529380.143162996,1.4041368130555556,1.9707121293055556,1.5907746126388889,1.0524885285069443
2023-11-06,684077.3888888889,64473113.09697142,1.126561447951389,1.8402001247569446,1.2319928195486112,1.131828585902778
2023-11-07,637209.3524305555,62627604.50676974,1.0731826430555556,1.8214093852083333,1.0915630909027778,1.044368863611111
2023-11-08,610872.7413194445,59656088.67186814,1.1077487098958332,1.8385459925,1.1415289052083333,1.1103667055902777
2023-11-09,563432.1065972222,57708424.80165138,1.1054403946527778,1.7280496048958334,1.147046000138889,1.0499570415277777
2023-11-10,472020.71180555556,46539818.18429181,1.4391641076041666,1.8177564458333333,1.6036575902430554,1.0613832867013888
2023-11-11,443705.6666666667,43248009.26022664,1.7936433205923343,1.9130686863763064,1.8943401075958188,1.0962395820833333
2023-11-12,428923.34826388885,41309112.75276908,1.8868744019791666,1.831073763784722,2.0641870038888888,1.0484062844791666
2023-11-13,416588.94618055556,40487330.64018987,1.5508848967708333,1.4710679072222221,1.6816529630208334,1.0241574575694445
2023-11-14,404147.37083333335,37420700.45939274,1.5176335573263888,1.3188231457291666,1.7396390830902777,1.0143415030208334
2023-11-15,397207.2888888889,37119229.246433645,1.3856025024305554,1.3489734864583331,1.4980353612847221,1.1356399527777779
2023-11-16,391444.02430555556,37028827.6729417,1.5185843783680555,1.401746723611111,1.5986605761458332,1.2563718040701755
2023-11-17,385905.10624999995,34536191.62795028,1.6314448013541667,1.353191207951389,1.8337491599652778,1.0747473944097221
2023-11-18,376374.96979166666,32656004.736343578,1.5991813797916667,1.3528187432986112,1.7087607548611112,1.0160492655555555
2023-11-19,376374.7357638889,33369880.21748405,1.5509896959375,1.3468895311458333,1.6084647551041666,1.0569595380902779
2023-11-20,366542.8611111111,33457100.09340569,1.5054465781914892,1.5974142575531916,1.5267398873049645,1.1334016814930556
2023-11-21,365899.40243055555,32530938.93349223,1.5771932257291668,1.388816454340278,1.5743104181944443,1.0126152367708334
2023-11-22,381663.74340277776,34767837.837880716,1.2547901713541667,1.371054291736111,1.34947741375,1.032063348923611
2023-11-23,450349.7954861111,43312907.392433845,1.1532631083508773,1.4805051392982456,1.154533444982456,1.1660324583333332
2023-11-24,475744.6302083333,46338693.22775107,1.148819427013889,1.519929227951389,1.1894251192708334,1.1569497959375
2023-11-25,489634.7822916667,48514314.55157447,1.1695041134375002,1.5667134779166667,1.1669899713194445,1.1553891847569444
2023-11-26,488026.9475694445,48849187.917614326,1.1876288975174825,1.9726098446153846,1.1729842912237762,1.1578924366319443
2023-11-27,485416.2045138889,46447156.88965911,1.364438670625,1.72181149,1.3272601094791667,1.1671190476736113
2023-11-28,487965.40347222215,46625960.23724479,1.4013645042708331,1.7258397308680555,1.4341529138194444,1.1007913316319444
2023-11-29,499439.74305555556,48522730.636585325,1.2194027870138888,1.8093893913541668,1.2784925928472222,1.150354355486111
2023-11-30,485277.16319444444,46871453.158553004,1.2987721330208333,1.8122226685763887,1.3584945569791667,1.0905872528125
2023-12-01,488590.9388888889,48957991.36139374,1.0871396859375,1.7728893111458333,1.0916347519791667,1.1672578873958335
2023-12-02,479836.32013888884,49024043.60397938,1.0713021897569446,1.8531866834375,1.0420739665277778,1.1796083806597222
2023-12-03,463619.5177083333,47850337.52989055,1.1564771958680558,1.9793736797569446,1.089240623923611,1.2085784211805555
2023-12-04,416128.66006944445,41896292.196374565,1.502450466111111,1.9763217430902777,1.4814827597222222,1.1076987072916666
2023-12-05,395153.47777777776,38662146.73318415,1.8943812278819445,1.8039042596875001,1.9198834709375001,1.1502692827430556
2023-12-06,384638.2638888889,37593952.42342919,1.9314481862847224,1.7304853277430556,1.8754590868402776,1.0560578578125002
2023-12-07,371388.0836805555,36303560.48965475,2.000760915381944,1.7259966038194445,2.0258796536805557,0.9830995575
2023-12-08,353778.1107638889,34972445.365899056,2.505053097708333,1.5667632222916668,2.6578549391666666,1.1837778072916665
2023-12-09,311372.3486111111,31359166.92183892,2.489999727083333,1.3337600955902777,2.6545109805208336,1.0493207735416668
2023-12-10,301083.16354166664,29519649.616847437,2.491447638854167,1.2147026212152778,2.8465403251041668,1.1408992199652779
2023-12-11,283003.70625000005,25894005.008324727,2.5797298238888886,1.105368286388889,2.9859922685416667,1.0498489479166666
2023-12-12,274247.33506944444,25238440.12808563,2.2672060174305555,1.0573389347916669,2.4804657418055553,0.9971941895138888
2023-12-13,269980.9659722222,24749759.52058414,2.151586337986111,1.1285817267361111,2.399680495486111,1.1035775303125002
2023-12-14,276085.390625,26944959.844558705,1.7534162834027778,1.2277246595833333,1.900870315138889,1.010911569861111
2023-12-15,320962.7006944444,35372033.329855055,1.3936752573263889,1.325292905173611,1.3482718844444443,0.9951467811111111
2023-12-16,310354.89409722225,33022605.704055924,1.7864658178125,1.2271621723263888,1.8483547284027777,1.0683650252430554
2023-12-17,301877.3420138889,31284384.51818202,2.0152509494791664,1.3022794937847222,2.092755106180556,1.052511300798611
2023-12-18,292167.9552083333,28455290.86428719,2.0433361661805556,1.3644088217708332,2.2125118760069444,1.1055414389583333
2023-12-19,319556.29305555555,32954488.471614223,1.5946118715625,1.5212778532638889,1.7453986460416668,1.0625814362500001
2023-12-20,311244.6,31791647.21052094,1.8489301460416665,1.5486449454166666,2.0954547441666667,1.011112500625
2023-12-21,308492.09722222225,30868416.635411482,1.8787768006597223,1.4935295638541666,2.1721375016666666,1.1006721460416666
2023-12-22,296811.1076388889,29727773.40287722,1.9674991634374999,1.5687965687152776,2.236453340798611,1.1032881908333332
2023-12-23,303021.66458333336,29648509.00801907,2.3191509798958334,1.356120414201389,2.650100521875,1.0583729899305556
2023-12-24,322010.48541666666,32616681.70583068,2.2629782272916668,1.205174900486111,2.747553918888889,1.041149391388889
2023-12-25,314155.0017361111,31902337.383901596,2.4557756358680556,1.2232838257986112,2.9525365861458335,1.055836086388889
2023-12-26,319466.39895833336,32764135.76393669,2.4453209306597223,1.1991444922222223,2.8791105225694444,0.9648291673958335
2023-12-27,333679.18819444446,35543962.945732675,1.9317213076041666,1.2635582001736112,2.2107988902777778,1.033348496736111
2023-12-28,353008.515625,42357508.150028385,1.7294216472222221,1.224434679375,1.8689828338194445,0.9832737964583332
2023-12-29,329789.84479166666,37176536.79973095,2.237331154513889,1.2140727092708332,2.527590895520833,0.9950555036458333
2023-12-30,302630.5079861111,34291631.012063764,2.2601512202083334,1.2459038363541666,2.538057052986111,1.0118283426041668
2023-12-31,322775.17638888885,36839159.298886135,2.1667345114583334,1.2682495695833333,2.485737265798611,1.0524844458333333
2024-01-01,307064.00833333336,34193493.22423068,2.2388750759027776,1.2889140055208332,2.5560072410069443,1.0007218773263888
2024-01-02,293274.8100694444,33740441.127264656,2.3604373623263886,1.3351868859722222,2.5396674873958336,1.0511751861458334
2024-01-03,288608.7163194444,30743233.798632246,2.5996570255555556,1.1973699680208334,2.944275821701389,1.0380423783680555
2024-01-04,258513.38784722224,26742647.091199327,2.133415327673611,1.1081564888888888,2.4635325078819448,1.0576146909722222
2024-01-05,268370.0565972222,27568830.802290205,1.9533283948263889,1.1032423322222222,2.1881822084375,1.0644407266666667
2024-01-06,254232.35243055556,25419342.877625197,1.9907039190624998,1.0967533504861111,2.134791257048611,1.0017087544444445
2024-01-07,246262.5545138889,24264441.451184426,2.146778614027778,1.0694512424305556,2.3361132300694445,0.9663333983680555
2024-01-08,258484.6170138889,24595688.175564934,2.0119041869097223,1.03857755125,2.2048737187847225,1.0635692069791667
2024-01-09,263996.16041666665,25259325.622322425,2.0824192123263887,1.0312995138194445,2.2079754196180557,1.0584477250347222
2024-01-10,272971.5520833333,27491706.481127188,2.04895096625,1.0243766695486112,2.1446730518402775,1.0134442392361112
2024-01-11,257499.39236111112,28453973.046526026,2.202138483159722,1.0032151777777778,2.2207876873263888,1.020389376909722
2024-01-12,243154.20937499998,26317605.057542384,2.2958596595833334,1.0368184198263888,2.4132340593055557,1.056839
2024-01-13,232214.39652777778,24326564.860186804,2.3686371417708334,1.0238241685416667,2.5434354171527778,1.1025315939930556
2024-01-14,232117.93368055555,23933139.345342245,2.4697397006597224,1.0256608238194445,2.694004806284722,1.1134661859375
2024-01-15,238440.23541666666,24276991.41440256,2.281274170451389,1.0053977980555555,2.4658861536111107,1.069498622326389
2024-01-16,245742.46805555554,25805723.314691097,1.8106794674305557,1.0693693802430557,1.9930604775694445,1.1315386504861111
2024-01-17,237819.14722222224,24197190.81820716,2.550525435138889,1.0131557915972222,2.834435008576389,1.166217710972222
2024-01-18,230790.4920138889,22980663.239808258,2.5614275986805555,1.0010407175347222,2.8287443756597224,1.0739520244097223
2024-01-19,230443.86666666667,22163821.997298382,2.476257541770833,1.0027019043402778,2.6698568619791665,1.1437729378819443
2024-01-20,235756.46770833334,22892428.553761266,2.427201262777778,1.0006333103125,2.555991134618056,1.1807687492708334
2024-01-21,234041.01145833332,22814369.292102396,2.537506085729167,0.9854610290625,2.6140147764583332,1.2602915515972224
2024-01-22,231699.54375,21741370.807816837,2.371421167222222,0.9901225222916666,2.345697035034722,1.1037210743402777
2024-01-23,228112.74583333332,20325237.62953719,2.4306041439236115,0.978686078576389,2.4978427624652775,1.0574429961458334
2024-01-24,225552.403125,20116462.199447345,2.2581349989930555,0.9947489034374999,2.2303103780555555,1.2462080009375
2024-01-25,227515.0420138889,20141474.74328515,2.3009417887847223,0.9973263086805555,2.2886303406944446,1.2419341654861111
2024-01-26,227650.21250000002,20425510.088564966,2.3228813324305557,0.9955923327083332,2.2205232025347224,1.111200781701389
2024-01-27,226960.07743055554,20742436.12125414,2.3127775573958336,0.9826707259722222,2.171686098611111,1.301747962222222
2024-01-28,223870.02534722222,20557735.406293683,2.319639454166667,0.9725732418402777,2.2336614839583335,1.2254509853819444
2024-01-29,225301.79965277776,20803462.181588285,2.3727886552430553,0.9779093663194445,2.3321613717708334,1.2049821070138889
2024-01-30,226964.80243055557,21227908.30011952,2.4015573015972222,1.1129987878819445,2.2897705707291665,1.22070993375
2024-01-31,356246.15625,31115624.989318457,2.6058378834375002,0.8951895200000001,2.8408058290972225,1.0512214690277777
2024-02-01,388134.0809027778,32521056.064978704,2.271554433229167,0.8634868071875,2.7293506923958333,1.1359090951041668
2024-02-02,339914.5173611111,28612054.353486728,1.8353834371180555,0.9303116636805555,2.2534813421875004,1.284919182986111
2024-02-03,331692.35208333336,28494644.77691878,2.053486898576389,0.942473116736111,2.3567521917013887,1.1119897118055555
2024-02-04,316887.4402777778,26821268.831734687,2.3488066111805552,0.9377612372569444,2.8361786028819447,1.2498491453125
2024-02-05,299407.36388888885,25186534.881719276,2.3598690664930557,0.9306972020833333,2.8485064576041665,1.099538896111111
2024-02-06,289612.02465277776,24373660.113389496,2.4396400546874997,0.9329295271875,2.899785275208333,1.1645667567013889
2024-02-07,297301.60833333334,24868954.047706094,2.5778692722222223,0.9657404584375,3.054731859166667,1.2454043864583335
2024-02-08,316681.5986111111,26998459.937018495,2.392764245868056,1.0458664520833334,2.6597390440972224,1.1549257908333332
2024-02-09,299942.21006944444,26176795.817773417,2.2680608530208333,1.0471933387499999,2.587492779166667,1.1041437498958333
2024-02-10,309033.50347222225,27231673.871707864,2.398677071180556,1.1635551866319445,2.5014163490625,1.2199001778472223
2024-02-11,299064.3177083333,26452900.19079872,2.474474522777778,1.2116730843749999,2.571417483298611,1.2994589846875
2024-02-12,289091.9076388889,25366056.62191819,2.5409270694097223,1.1728166154166668,2.6079941872916668,1.0998238340972222
2024-02-13,286289.14513888885,25730442.25004728,2.3519630414930557,1.2362360897916667,2.1410253772916668,1.150096003888889
2024-02-14,274620.5152777778,24877983.2228593,2.4940837555902777,1.2831863261111112,2.324300816111111,1.2706677058333333
2024-02-15,266077.0388888889,24484290.69023266,2.6718115542708336,1.4665499786458334,2.484742433923611,1.0988903292361112
2024-02-16,278285.94110429444,25970402.344031315,3.0017780946625767,1.600946882576687,2.7502198864417178,1.163288718773006
2024-02-17,291550.7444444445,27234784.780767836,2.9999462139583333,1.7168266705555555,2.8602539806944445,1.1032961388541667
2024-02-18,295480.1465277778,27808974.219864666,3.183863005625,1.7251870439583332,3.104974805625,1.207693755625
2024-02-19,291641.3201388889,28179977.654243767,3.400891795173611,1.712051775173611,3.4102192299305556,1.0679253022916668
2024-02-20,305200.93368055555,28856040.5198697,3.682913396284722,1.5821541177777778,3.7360023891666665,0.996642667986111
2024-02-21,291053.80034722225,26487222.894035734,3.703641228715278,1.5022951435416667,4.001543154375,1.0195164349652779
2024-02-22,275278.14444444445,25381834.567875117,3.6277237797916664,1.6933180439930555,3.8030306164930554,1.0432637183333333
2024-02-23,279015.5684027778,25882059.679920357,3.7662312208333333,1.5582967705208333,4.073768794826389,1.0781466946875
2024-02-24,260096.43125000002,25871231.2122833,2.9049941328472224,1.3788350311111113,3.1947100134374997,1.0442154321875001
2024-02-25,245272.02708333332,24346476.483457044,2.9728175521527778,1.33409417,3.269781670138889,1.0513005959375001
2024-02-26,232272.28680555557,23586956.556324054,2.8457923920833337,1.4139207875,2.9418950040972223,1.0288514192361111
2024-02-27,228944.73055555555,23672530.838602956,2.558782125902778,1.5771689130555557,2.634134605729167,1.05912510875
2024-02-28,227927.64791666667,23992511.046207234,2.7732868354166667,1.8131718957638892,2.9245019842708335,1.0569354305555556
2024-02-29,232683.99652777778,25355287.847501323,3.223772460034722,2.1680041521527778,3.3914173654166664,1.075872442048611
2024-03-01,244892.17847222224,26661746.583114523,3.812200580625,2.230796045625,3.880639820381944,1.108627690625
2024-03-02,264248.0447916667,30227523.61583829,3.569698678923611,2.2443736896527775,3.568514022395833,1.023587010625
2024-03-03,268231.54374999995,30479018.574582823,3.7399268512499995,2.2572490908680556,3.8562254279166663,1.0678945718055557
2024-03-04,255337.11393728224,28851527.449944165,4.33800980630662,2.3000823902439023,4.354695077491289,0.9985352020905924
2024-03-05,246048.89652777778,27969052.726653557,4.138679759062501,2.2399005381944446,4.256044673923611,1.0059697222222224
2024-03-06,226544.38645833332,26302812.020873502,3.128952660034722,1.7806471874999998,3.2134343327083332,1.031304684027778
2024-03-07,247617.96944444446,31238278.86160055,3.4446106773958336,1.8658385208333332,3.2160575621875,1.0489083645833333
2024-03-08,239335.26249999998,31438800.09912075,3.612078380243055,2.031106465277778,3.5880067673263887,1.0066858055555556
2024-03-09,238071.73642857143,31272890.756667994,3.9333310820714287,2.0732181321428573,4.042500068464285,1.0972672
2024-03-10,240562.5243902439,31039720.898709998,4.382496344912892,2.1469130452961673,4.6899250847735185,1.0630854878048779
2024-03-11,236064.50520833334,31380070.012362923,4.04206660875,2.3581805208333333,4.40461485375,1.0719475
2024-03-12,232585.796875,30883472.458707765,4.586987149687499,2.4203177743055555,4.652142556111111,1.0126722222222222
2024-03-13,235506.39930555556,33780093.79060601,4.396857287604167,2.4504184791666663,4.2135476284374995,1.0390789895833334
2024-03-14,222025.86142857143,31024834.909473795,5.019731814142857,2.506283417857143,4.9547261218214285,1.0412727785714286
2024-03-15,214489.8881533101,27810221.332199436,5.3741958349825785,2.66512906271777,5.383870532195122,1.0004402160278747
2024-03-16,210620.3173611111,26215004.256697223,5.3249324746180555,2.6702269652777777,5.5664447537152775,1.0222447083333333
2024-03-17,208163.7565972222,25516829.529632058,4.698716153472223,2.1605200416666666,4.576506873298611,1.0342389305555555
2024-03-18,198393.71944444446,24719879.974373836,4.206614844861111,2.395768729166667,3.639326703020833,1.0626184965277778
2024-03-19,197251.71527777778,22535481.704736035,4.484470221909722,1.9503818402777777,4.4674765743750005,0.9937700555555556
2024-03-20,197692.76180555555,22377016.24514285,4.070614610729167,1.5706665,4.084606964340278,1.055396201388889
2024-03-21,188565.77847222224,22760815.713972732,3.7351008865972224,1.9119503402777778,3.4857292564930558,1.0852193958333334
2024-03-22,187911.52395833333,22537256.02885442,3.9607816574652777,1.930841114583333,3.6769682028819446,1.0409005555555555
2024-03-23,186733.0611111111,22816112.46263024,3.525827892916667,1.6904533333333331,3.18919652875,1.0569622291666667
2024-03-24,184995.71493055555,22704907.42488103,3.6454404413541663,1.7399054097222222,3.216183281840278,1.0585380555555557
2024-03-25,183376.70347222223,23302735.794405732,3.972801396423611,1.961020607638889,3.3670942587847223,1.0197085347222223
2024-03-26,186855.27743055555,24199667.34005624,4.185572169965278,1.891007357638889,3.6752826472916666,1.1263227430555556
2024-03-27,186579.04895833333,23908734.173645638,4.304025222187501,1.6744989930555556,3.703625894895833,1.0650107083333333
2024-03-28,184945.02847222224,23295596.740841888,4.147098570069445,1.7069488159722221,3.846797891701389,1.1110800729166668
2024-03-29,191288.37708333333,24405634.402306512,4.226000860729167,2.0263433263888886,4.061341313159722,1.09642021875
2024-03-30,196328.82430555555,24807404.30218099,4.399098369652778,2.094691892361111,4.4148532575,1.106839857638889
2024-03-31,194698.78055555554,24619203.799120974,3.8468801987152776,1.8529855,4.059692062604167,1.1393421006944444
2024-04-01,190469.4701388889,24046141.73969668,4.118844360520834,2.062734361111111,4.107083885,1.001600482638889
2024-04-02,188461.378125,22211322.24936145,4.108900046493056,1.6550703298611111,4.257343838541667,1.0229166875
2024-04-03,179078.43541666667,20786199.796319667,4.014926901805556,1.371510625,4.2426455398263885,1.0237948368055556
2024-04-04,182042.91770833332,21137419.69371218,3.9421496238194442,1.3411911493055557,4.224319394479167,1.1122466666666666
2024-04-05,185950.84375,21148022.333619658,4.172578975833334,1.3910890069444444,4.161414958958334,1.0926465798611111
2024-04-06,196281.44930555555,22823242.150041774,3.642696865625,1.4105699166666668,3.688824737465278,1.1573016111111112
2024-04-07,210218.9267361111,25424739.927644674,2.652215893958333,1.3587047986111112,2.7970834033333336,1.1485292708333334
2024-04-08,207634.02951388888,26155496.526751656,2.7600288738194445,1.396486763888889,2.8338309308333334,1.1333841770833333
2024-04-09,209041.86493055557,27032988.33149384,2.9998885205902774,1.4846325416666666,2.9043140785069443,1.0831570625
2024-04-10,203870.02673611112,25693373.81953127,3.0267032052083334,1.4360672951388889,3.1519208452777776,1.049625267361111
2024-04-11,213511.79618055554,25977698.96281434,3.353458887986111,1.3580592881944444,3.490326048611111,1.055793125
2024-04-12,209100.91770833332,23458819.362860605,3.2457090845833334,1.3395668819444444,3.3926144547222226,1.034961
2024-04-13,204177.53333333333,19039641.968476616,2.6689018575,1.2389405972222223,2.661600103645833,1.0024158645833332
2024-04-14,176505.61562499998,14835253.327279346,2.3551377042708332,1.1331583159722223,2.298273583055556,1.0379395625
2024-04-15,166857.52604166666,14492560.069699418,2.5114137411805557,1.1288912569444445,2.5924905813888888,1.034586625
2024-04-16,158429.36770833333,13383969.467859335,2.6201333755902776,1.1652855,2.7059562775,1.0724825451388889
2024-04-17,159467.93333333332,13521643.009942407,2.592602028125,1.1324211458333333,2.6107152501041666,1.127393486111111
2024-04-18,159463.38541666666,13510088.852578018,2.6999785667013887,1.1707866805555556,2.7805250976736113,1.0157712291666667
2024-04-19,162697.07291666666,13936311.078000786,2.8276467014930557,1.1082256458333335,2.8233254702430557,1.056095732638889
2024-04-20,165288.02881944444,14547674.306235373,2.9264990294097224,1.0946474791666665,2.8213114459027775,1.1912167743055555
2024-04-21,158178.8642361111,14492173.82009447,2.9949097114236114,1.1090541284722222,2.504669787951389,1.053223826388889
2024-04-22,149101.23680555556,14128755.919528943,2.866434574861111,1.0949246874999998,2.610805705416667,1.0540912395833333
2024-04-23,144423.60763888888,13765268.135821825,3.035192200277778,1.0555785069444446,2.7990749228819443,1.1458861736111112
2024-04-24,134447.31527777776,12686873.023707718,3.082224602673611,1.0968043993055554,2.830160246805556,1.119555284722222
2024-04-25,132035.08159722222,11915491.570369737,2.8832072986805555,1.1421531006944443,2.8036224228125,1.110296670138889
2024-04-26,133591.46250000002,12042939.753382403,2.6786752357291665,1.1718022430555555,2.6492394806944444,1.1297576006944443
2024-04-27,133687.1079861111,11969988.67267684,2.9520461955555555,1.181532795138889,2.8282989275,1.1250466493055555
2024-04-28,131496.29097222222,12079971.562998096,2.635081373888889,1.2435676145833332,2.4938506116666668,1.1263775625
2024-04-29,131729.9611111111,11706280.958016446,2.676411410902778,1.2095914305555555,2.625223297083333,1.1994947847222222
2024-04-30,139204.01875,11822442.37745871,2.9476093617013888,1.1404813263888889,2.8440129633680558,1.0794972118055555
2024-05-01,148121.53333333333,12113600.10662363,2.8828570805555556,1.1085316180555556,2.8639476388194445,1.108391763888889
2024-05-02,149221.68958333333,12546692.758388916,2.6978003409375,1.1216738368055554,2.6500979663541666,1.1782941736111112
2024-05-03,145681.434375,12589840.182391513,2.81511226375,1.101096111111111,2.6779048730208332,1.1767449236111112
2024-05-04,143383.33402777778,12730368.182583535,3.0707652331597224,1.139543704861111,2.745619507222222,1.28124803125
2024-05-05,141806.36388888888,12602006.011836516,3.1865860470833334,1.1243443125,2.7780943646875,1.2985712847222224
2024-05-06,141510.96006944444,12692729.652980203,3.0388920215277775,1.1694327361111112,2.765805797152778,1.1288231180555557
2024-05-07,141905.29479166667,12616686.224767743,2.852028868819444,1.1853650416666666,2.6306700967708334,1.0738073090277778
2024-05-08,147585.6576388889,12873837.970343037,2.521249914201389,1.1412622951388889,2.4225294688194445,1.1268874062499998
2024-05-09,157101.16493055556,13762425.039030863,2.4891842527430557,1.0968780208333333,2.4473714759375,1.2376955833333332
2024-05-10,159482.20138888888,14024416.857646177,3.0917185900694446,1.0955076562500001,2.7905183830902778,1.1692602916666666
2024-05-11,159286.33055555556,13272847.00278856,2.732624618784722,1.0588641770833334,2.8776051657291664,1.084644986111111
2024-05-12,163218.28472222222,13556045.172495501,2.562039976736111,1.0255465520833333,2.6790833403472223,1.421020142361111
2024-05-13,154134.37847222222,12812174.546847662,2.3391242975,1.0290679166666665,2.4532970433680554,1.1903924895833333
2024-05-14,156034.1298611111,12718057.659288818,2.4949969676388886,1.0203913993055556,2.70078475,1.0860325416666667
2024-05-15,155851.07534722224,12950244.170351297,2.326077119375,1.0118100763888889,2.5089881618402776,1.2804819340277778
2024-05-16,154315.72083333333,13239559.739992112,2.7816528795833335,1.1035265798611111,2.6035026954513887,1.2556783576388888
2024-05-17,158428.22604166667,13859212.478156148,2.8156480899652774,1.1560697083333333,2.618370196215278,1.2131400937499999
2024-05-18,162183.4920138889,14363467.122819744,2.8613977172569443,1.1501331319444443,2.6316102063194444,1.387964236111111
2024-05-19,160914.42812499998,13955838.119666234,3.1815745163541664,1.1453826284722224,2.8630581336458336,1.3889350069444444
2024-05-20,156990.15833333333,13853109.113874383,2.9710599705208334,1.1100130034722222,2.722097515034722,1.1006752499999999
2024-05-21,160666.21701388888,15711285.94983098,2.0923604015625,1.2730953541666665,1.8725713644097222,1.076569423611111
2024-05-22,163644.3486111111,15662197.178194255,2.3494642933333334,1.2840862152777777,2.051364444166667,1.1301518229166667
2024-05-23,152519.18368055555,14598572.650837628,2.227820771597222,1.27916365625,2.0807301665625,1.1327410416666668
2024-05-24,157435.65868055556,15487784.762182798,2.3573246528472223,1.203736152777778,2.341734981909722,1.2488933784722223
2024-05-25,177572.24652777778,18733015.19469661,1.936364500902778,1.2038227569444446,1.8358399229166666,1.2632421284722222
2024-05-26,181184.70937499998,19498823.037739743,1.8697739065972223,1.3280857916666666,1.6805258776736112,1.1555131631944446
2024-05-27,176738.54375,19433745.12342167,1.873820318090278,1.18631371875,1.7026138810069444,1.2041563819444443
2024-05-28,163841.6201388889,17422046.56075701,2.397644241284722,1.249583392361111,2.1804348062152776,1.148006920138889
2024-05-29,166182.6940972222,17469658.152576,2.658830230104167,1.2014420590277777,2.399557708784722,1.1673485729166666
2024-05-30,165595.625,17243256.007880434,2.338084278715278,1.23136434375,2.1614873103472223,1.2904425208333334
2024-05-31,167441.34722222222,17217091.449411042,2.4646929869097223,1.2122640069444444,2.3344601608333333,1.1749964131944446
2024-06-01,171730.18125000002,17950830.166000277,2.504712278645833,1.1926730381944446,2.366476015138889,1.3113978159722222
2024-06-02,170718.91493055556,17763919.365884945,2.6061364031944443,1.2215189826388888,2.399625848298611,1.1876736805555557
2024-06-03,173216.6965277778,17910595.65899752,2.4318678728472225,1.2374003958333333,2.418040239201389,1.1946669861111112
2024-06-04,177087.23159722224,17996221.95148227,2.6155733385763886,1.2514844201388888,2.586107088854167,1.317458861111111
2024-06-05,181804.83333333334,18817563.7088945,2.5574568792013888,1.2924685972222223,2.4416297571180556,1.21326953125
2024-06-06,177502.2201388889,18313044.64637432,2.675854009548611,1.4194257222222222,2.5082023616319447,1.1345382048611112
2024-06-07,175224.33090277776,17804212.171282962,2.7076696991319444,1.354804517361111,2.589775751388889,1.1138690173611112
2024-06-08,166243.23611111112,15804564.530335596,2.6018144962847223,1.1730260694444443,2.5523180344097223,1.0404880833333334
2024-06-09,165166.79340277778,15400560.064109249,2.7344823075,1.096735545138889,2.6988677259375,1.081924125
2024-06-10,168653.77673611112,15549521.167056002,2.581680339861111,1.1129811493055555,2.485439733125,1.3165168194444443
2024-06-11,178520.53993055556,15711300.868481394,2.5933558351388886,1.1616571631944443,2.507587231736111,1.08382715625
2024-06-12,179774.7861111111,16110490.579507517,2.2423457535191638,1.2091388153310103,2.2039180998954704,1.082134236111111
2024-06-13,180117.4284722222,15486595.489471793,2.6213700047916664,1.2936956006944444,2.578597392048611,1.1070804374999998
2024-06-14,182633.25347222222,15384925.973319829,2.5402233825347222,1.25358378125,2.6064447977430554,1.1517675694444445
2024-06-15,175064.65555555554,14941487.857748546,2.192962081597222,1.25465275,2.243035579166667,1.3787051527777778
2024-06-16,178295.9736111111,15200245.674051834,2.3072362421527775,1.2509815902777777,2.2462231551736114,1.2204476701388889
2024-06-17,225560.18645833334,19148405.08856534,1.9327622893402778,1.253953579861111,1.9182521327083333,1.1721292916666668
2024-06-18,228765.86284722222,18251655.004585102,1.9675830730902777,1.22830309375,1.9222387569097223,1.0877893125
2024-06-19,234015.57430555558,20282705.331142947,1.8544168004166666,1.2387091215277777,1.7620367426388888,1.08615703125
2024-06-20,229750.34756944445,19990212.042949367,2.250711911527778,1.3021425347222222,2.0754922949652777,1.0803655902777778
2024-06-21,234110.125,19755773.272713177,2.1416276765972224,1.3070065785714284,2.0633991901041666,1.1398908576388889
2024-06-22,252868.36180555556,20416561.004501436,2.0760571220486113,1.3941911875,2.1509328794444444,1.2436671631944445
2024-06-23,251155.13611111112,20552885.144470926,1.9397443175694444,1.4234789513888888,1.9489591763541665,1.1814482499999999
2024-06-24,274504.0888888889,22550055.069558408,1.7304288237847223,1.3611088541666667,1.6931345472569446,1.050780722222222
2024-06-25,349006.7652777778,31863857.485705573,1.2818432823958334,1.44819471875,1.164782667673611,1.2202814756944445
2024-06-26,303954.3927083333,27975770.920045245,1.413880588576389,1.504864,1.1931387204166668,1.1179280624999999
2024-06-27,281852.50347222225,26287617.172660694,1.4355429311805556,1.433831920138889,1.2363618002083332,1.1834828125
2024-06-28,252828.74756944444,23918853.982773975,1.5095696568055557,1.4004665277777777,1.329516775625,1.1140606041666665
2024-06-29,244679.54166666666,23420552.85691886,1.3208238219444446,1.3446677951388888,1.0981324632291667,1.2622609027777778
2024-06-30,240688.83645833336,23104855.842199143,1.3680411602777778,1.2838244722222223,1.1649100354166668,1.2444761111111111
2024-07-01,235860.05902777778,23231151.769793842,1.382460992951389,1.3970160694444445,1.1806690421180557,1.1675994131944445
2024-07-02,259931.57743055554,24628021.67614301,1.5619267769791667,1.3688463993055555,1.3696289203819445,1.1977059652777777
2024-07-03,311177.10208333336,27490466.148312416,1.634701742986111,1.0462450486111112,1.7153018584375,1.1269218993055556
2024-07-04,288115.86840277776,23883077.32373991,1.5771058644097222,1.202738309027778,1.7145377825694446,1.1114195
2024-07-05,230641.87916666668,17915769.138276447,1.322980939513889,1.3333585729166666,1.4933565022569446,1.0316120555555555
2024-07-06,214054.93923611112,17338493.407040093,1.2517315127430555,1.3640159131944445,1.4167806170486112,1.1990438576388889
2024-07-07,209674.2253472222,16927773.420878682,1.235411181736111,1.3636990694444444,1.303831997673611,1.0424707951388887
2024-07-08,206374.83402777778,16676119.542303512,1.2345525731944444,1.3369069861111111,1.3101617803819443,1.0616844965277776
2024-07-09,218143.11180555556,18182685.587736845,1.413598557326389,1.3851886770833335,1.44906010875,1.0809259131944444
2024-07-10,232614.11493055557,20372698.548162658,1.5009625556597221,1.3408581840277778,1.4696359602083333,1.1540419687499999
2024-07-11,241355.36215277776,22212010.10542535,1.2745610611458333,1.3867382465277778,1.2059967329166668,1.0721433368055555
2024-07-12,254922.55208333334,24229763.51576788,0.8234112154166666,1.4554171666666667,0.7961204499652778,1.1642803888888889
2024-07-13,259204.20659722222,25367223.01418028,0.7930627418402777,1.4075124583333334,0.7348211609722222,1.2631020347222224
2024-07-14,270092.18402777775,27577413.753502823,0.7662909844444444,1.4675841631944444,0.7261868703472223,1.1421567777777777
2024-07-15,269305.72743055556,27959559.598776676,0.7216937525347222,1.4751261631944446,0.6798368938888889,1.1951615763888888
2024-07-16,269765.0409722222,27859164.776444234,0.7787482924652778,1.4264254930555555,0.770086192326389,1.1677613090277776
2024-07-17,273091.08923611115,27338797.96668471,0.8285747877430556,1.3578043437499998,0.84286881,1.2058449166666667
2024-07-18,284730.87152777775,28039724.734131623,0.8602980058333334,1.438030326388889,0.8809890434722223,1.168339079861111
2024-07-19,270065.2399305555,26623863.65034755,0.8143437859027778,1.5081137430555556,0.8404700981597223,1.2144162569444445
2024-07-20,267490.6420138889,26669992.521404754,0.9165487550000001,1.5034532951388888,0.9213896760416667,1.4109139791666667
2024-07-21,256998.28020833334,25227027.956075996,0.8970456013888888,1.4605646145833333,0.9531342526041667,1.1625929409722222
2024-07-22,239334.70763888888,22872737.086139936,0.8891813635069445,1.4641129791666667,0.9576632144791666,1.2407574131944445
2024-07-23,240474.41458333336,22704067.564242944,1.1846789052083333,1.442549625,1.1771528501388888,1.09843575
2024-07-24,236839.14375000002,22002389.08520954,1.4721611807291666,1.4091801458333333,1.438957980763889,1.2348663020833335
2024-07-25,254799.78784722224,23088701.546742216,1.3417590497916665,1.3275221770833334,1.3422409084375,1.1491967569444443
2024-07-26,310653.69131944445,30638469.808160126,0.7213448318055556,1.3290559548611112,0.7720134311805555,1.1058596527777778
2024-07-27,275731.7420138889,27485177.87447892,0.79811858,1.2733335972222222,0.8555579021875,1.194124013888889
2024-07-28,273233.6611111111,27256358.04130892,0.6377947171527778,1.3010166631944444,0.7325708732638889,1.193143267361111
2024-07-29,270209.0340277778,27643643.403284773,0.5747992247222222,1.3083342569444445,0.6372361761458333,1.2395890590277778
2024-07-30,293677.5607638889,30749949.769517083,0.5862596517013888,1.3086526527777778,0.5608102461805555,1.1196432673611112
2024-07-31,322442.265625,34722357.558758944,0.5603861989930556,1.2043862187499998,0.5060838886458333,1.1015426701388888
2024-08-01,379804.59826388885,41626375.50787744,0.5251025535069445,1.1106512152777777,0.4633491402430556,1.111791170138889
2024-08-02,426174.08229166665,48447571.905545995,0.5106456793749999,1.1055847847222222,0.44670583118055557,1.108514965277778
2024-08-03,403905.62083333335,44667201.688029915,0.6800003219444445,1.1002268611111112,0.6106676885416666,1.1182911319444444
2024-08-04,373081.53819444444,39211857.066127054,0.9318397299305556,1.1635365173611112,0.8759877827777778,1.0806489930555554
2024-08-05,292409.86006944446,25620866.573571943,1.194493875138889,1.1531260416666667,1.2151481905208332,1.0333332291666666
2024-08-06,296956.9006944445,30049921.6396201,1.1965374100000001,1.1118585555555556,1.1556543553819445,1.060357607638889
2024-08-07,285212.2868055555,28918058.120692555,1.2450184690277777,1.1179894479166665,1.1647885234375002,1.059075798611111
2024-08-08,272251.1357638889,26874816.674599677,1.1939849966666667,1.2167513680555555,1.1775380258680554,1.0527597083333333
2024-08-09,268083.04305555555,25939980.46324864,0.9725925363194445,1.1714600625,1.0358464012847222,1.105688107638889
2024-08-10,258173.74583333332,24412162.165623263,0.960550207326389,1.2443400520833334,1.045296392013889,1.1335626145833333
2024-08-11,249374.23055555558,23379361.899697583,1.015173664375,1.3180607395833333,1.1169034299305556,1.1181300381944446
2024-08-12,234017.06041666667,21911688.859125447,1.079594919857651,1.3897134377224198,1.2335305247857145,1.0664998055555557
2024-08-13,237332.67743055554,22902224.40262774,1.0637515611458332,1.3778754444444443,1.182460201284722,1.0823505
2024-08-14,260478.46666666667,26461732.054306246,1.0465614710416666,1.389793267361111,1.0321686682638889,1.09398859375
2024-08-15,378221.5920138889,40518557.64404669,0.5271831605902778,1.2435115104166665,0.47893111041666664,1.1296704270833333
2024-08-16,428463.34062499995,47088302.02488997,0.43681873406250005,1.1263442604166667,0.38864278430555554,1.097386857638889
2024-08-17,449672.125,50478036.74585312,0.41876604319444444,1.0912951006944445,0.34825564989583335,1.0875595173611112
2024-08-18,429276.4690972222,47780734.3191365,0.44298906086805556,1.095747423611111,0.37869007628472223,1.0778575555555556
2024-08-19,459785.1041666667,52102764.78581502,0.40431052065972223,1.1154020381944445,0.33899972340277773,1.1057688541666666
2024-08-20,569412.6059027778,71867635.25291558,0.33474409024305557,1.1246770104166666,0.26825370805555554,1.0955839791666666
2024-08-21,583653.7708333334,79685450.07520236,0.29873453041666664,1.0456303229166666,0.25056457402777776,1.0649930208333334
2024-08-22,570566.1746527778,77912401.2110044,0.3138174046527778,1.06650359375,0.2611279729166667,1.09050071875
2024-08-23,557021.4517361111,76064465.86228508,0.31672037569444444,1.1333795694444444,0.27610464034722226,1.0768040798611112
2024-08-24,519215.9857638889,72059981.37324037,0.37078498819444444,1.1101037222222223,0.3191830355208334,1.1502019166666666
2024-08-25,489217.08472222224,66631470.23560866,0.3698231912152778,1.0959630312500002,0.3262219174652778,1.0797668437499999
2024-08-26,477164.43368055555,63137584.50366892,0.36509840479166666,1.1382207291666666,0.3216517408680556,1.0303646631944445
2024-08-27,438467.515625,55263428.06061792,0.42510066822916664,1.1693310104166668,0.4169015326388889,1.2242063819444444
2024-08-28,406687.7052083333,50326218.3941852,0.5572712453124999,1.1629791388888888,0.5770187812847223,1.0536562951388888
2024-08-29,391790.6388888889,48656001.76487028,0.5194605573611111,1.1390154930555554,0.5558901336805556,1.12790715625
2024-08-30,385319.86770833336,47794909.602163285,0.4937659752430556,1.1145345416666668,0.5043340769444444,1.0774838611111113
2024-08-31,417746.69965277775,54673627.860067174,0.4692733382291666,1.1378774791666666,0.4156645765277778,1.0698880138888889
2024-09-01,403075.3454861111,50646040.936155476,0.5485134976041667,1.0938026458333332,0.5006176121875,1.1158746666666666
2024-09-02,386044.71875,47968727.800415814,0.5118440849652778,1.0089584583333333,0.5143267923958333,1.1291872534722223
2024-09-03,426445.6506944445,54729491.72800371,0.5269866820833333,0.996892138888889,0.47533128715277784,1.0443913333333332
2024-09-04,475911.32083333336,62154806.23625701,0.46652459774305555,0.9395616493055555,0.44249018027777776,1.0299940416666666
2024-09-05,524397.557986111,68991682.63481511,0.4923729636111111,0.9268759895833334,0.42528942649305557,1.1158430694444443
2024-09-06,460929.36006944446,57854171.42810252,0.5971672889930555,0.9475169791666667,0.5899419219097222,1.065451486111111
2024-09-07,427128.1170138889,54228097.07816973,0.5729273206597223,0.951638951388889,0.5815306380555555,1.0893061145833334
2024-09-08,405704.5128472222,50891770.17604029,0.5486273505208333,0.9159874479166668,0.5821127381944444,1.0789613402777778
2024-09-09,477381.36736111116,64378464.92520687,0.4214993822222222,0.9721993159722222,0.3958681395486111,1.0838621319444444
2024-09-10,540519.5256944444,76970804.15461926,0.3283394672222222,1.0090059652777779,0.2695686828472222,1.0997162916666667
2024-09-11,613575.8600694444,91634565.2780781,0.33236837812500003,0.9248005937500001,0.28762640864583333,1.0697514930555556
2024-09-12,597300.0256944444,88099631.64794646,0.37047047826388885,0.8739659409722222,0.34822983569444443,1.1404609513888888
2024-09-13,562898.953125,80259208.61718786,0.4758307807638889,0.903905420138889,0.4660061548958333,1.0748739930555555
2024-09-14,521306.3305555555,72919735.63884811,0.5288115576388889,0.8783567118055555,0.5460329254513889,1.2594661770833335
2024-09-15,520830.5677083333,75677621.04935563,0.4888063796875,0.8775585173611111,0.48476661072916666,1.1302061180555556
2024-09-16,496189.88784722215,69809933.08316386,0.49161481451388883,0.9597433368055557,0.4711250800694444,1.0862877638888888
2024-09-17,469240.1204861111,66401525.680179864,0.4798215387152778,0.9604807743055557,0.47617166166666663,1.0862862743055555
2024-09-18,451144.7513888889,61941923.835513406,0.5164590057638888,0.9074161909722223,0.5583280259722222,1.139412017361111
2024-09-19,424737.5059027778,62411068.862871565,0.5183571610069444,0.9424344236111111,0.5286639154513888,1.0422568993055554
2024-09-20,414530.9586805555,63235023.92970434,0.593718328125,0.9843944201388888,0.5523067430208334,1.0690279479166667
2024-09-21,406110.12847222225,61467999.88975581,0.6341605221875,0.9962962326388889,0.586958024375,1.2040620381944445
2024-09-22,412393.43020833336,65197508.81933071,0.5793833262847222,1.0045948333333332,0.5014544486111111,1.1329770520833333
2024-09-23,431361.4763888889,74020148.83719161,0.5413975577777778,1.0864271770833334,0.4487491519097222,1.0965589652777779
2024-09-24,406514.4579861111,68180167.75727826,0.6083816636805556,1.1136733993055554,0.5456560773611111,1.1238064895833333
2024-09-25,405409.2840277778,67882736.65464638,0.64891146125,1.1477148819444443,0.6023680148263888,1.0489521701388889
2024-09-26,388254.20694444445,64631405.42895338,0.6583052104861111,1.1779709791666668,0.6400021800694444,1.0650315034722224
2024-09-27,376378.7322916667,63175770.04120365,0.6692013919791667,1.1884898784722222,0.6441183100347222,1.095716375
2024-09-28,375470.22777777776,62257783.95478025,0.7241905405555555,1.173144795138889,0.6943018825,1.1160283229166668
2024-09-29,359556.8722222222,58103915.49769208,0.7330797531944444,1.16026575,0.7646759273263889,1.1246618819444445
2024-09-30,340631.76180555555,53641302.91019152,0.7923456907291667,1.244185923611111,0.8480503307638889,1.0786950833333333
2024-10-01,314379.70694444445,49086268.490559414,0.7822436134374999,1.2016515555555556,0.8620564408333333,1.0560652291666668
2024-10-02,289893.47986111115,41830762.975776345,0.9266861603125,1.1278805069444444,1.0535080877777778,1.0437816527777777
2024-10-03,295877.2451388889,41580773.541487835,1.0337664933333333,1.0293855416666666,1.1537521171875,1.0297304895833335
2024-10-04,312726.1857638889,46480484.951703325,0.9504961292013889,0.8909899513888888,1.0234126658680556,1.0328916180555554
2024-10-05,300935.73819444445,44912087.892409496,0.9601449155902778,0.8725987777777777,0.988136908125,1.0279034722222222
2024-10-06,300686.2017361111,44484125.59622839,0.9979524677777777,0.8731743263888889,1.0291038614583334,1.05220153125
2024-10-07,290723.3454861111,43589833.707693316,1.0923465262152776,0.9037297291666666,1.1536553405902776,1.0782304583333333
2024-10-08,291874.6388888889,42190341.028465375,1.0855011020833334,0.9322039826388888,1.2214760869791668,1.0655294444444445
2024-10-09,298690.99166666664,42345238.51827762,1.2312937780902777,0.9702446458333333,1.407181968125,1.03747740625
2024-10-10,340187.14895833336,47998918.006596304,1.2590647592708333,0.9909995208333334,1.4987451594791665,1.0982573645833333
2024-10-11,324648.9625,46305613.31726633,1.0966720410416668,1.0087836215277777,1.2970327709722222,1.0839035208333334
2024-10-12,323687.3423611111,47850574.55679414,0.9976454126041667,1.0266921493055556,1.1154831433680554,1.133883065972222
2024-10-13,331160.99652777775,50622728.24238899,0.9892002879166666,1.0811359166666668,0.9872248657638889,1.1026692430555556
2024-10-14,329778.0805555556,53129729.966129676,0.8458569625,1.0609749409722222,0.8173328618402778,1.0339966770833333
2024-10-15,310284.94618055556,49586070.69627762,1.1039398068750002,1.1206132534722224,1.0235455314930555,1.1074769965277778
2024-10-16,287821.30069444445,45028221.85774984,1.1086562685763888,1.0615146631944445,1.1812007308333332,1.0553305138888889
2024-10-17,280982.18298611115,43506514.69694787,1.0783964144097222,1.0117547777777778,1.1410914141319444,1.0693774965277778
2024-10-18,293459.42534722225,45721612.61052277,1.0141251286805555,1.043519625,1.068631060173611,1.1381120659722221
2024-10-19,298301.27430555556,47100911.44406215,1.0721555529166666,1.0915900972222223,1.1219408602777776,1.19736403125
2024-10-20,296668.88993055554,46840402.95652651,1.0379341655902778,1.0811956979166668,1.0728636486111112,1.1395338506944444
2024-10-21,298029.06909722224,46147467.400667876,1.1181688684027777,1.0832004548611112,1.1807950688541666,1.24061484375
2024-10-22,292374.9611111111,44688109.118189365,1.0664954597569443,1.0997240138888889,1.14159801,1.1436444131944445
2024-10-23,281934.59826388885,42068456.58293865,1.1912497195833334,1.1051558958333334,1.2826777545138888,1.1476849027777778
2024-10-24,274404.37604166666,40879320.99211679,1.1587093002083333,1.12602584375,1.2003143810416668,1.0583076041666668
2024-10-25,271413.50381944445,39539091.299684405,1.2814217199305555,1.0949782881944445,1.3569251397222222,1.17418028125
2024-10-26,244576.4375,34515876.27033622,1.241429592673611,0.9686756354166667,1.3477991705902777,1.0088808472222222
2024-10-27,238685.9763888889,34349376.83883686,1.0926625128819445,0.9554599618055555,1.1414068779861113,1.3652279201388888
2024-10-28,240390.18706293707,36072534.16838374,0.9581245397902098,0.9694807902097902,0.967164584020979,1.1418371643356644
2024-10-29,243554.49097222224,37195189.650440246,1.0617347189583333,0.9454017083333333,1.0223854888541668,1.1075379305555557
2024-10-30,239983.35763888888,36986294.26991938,1.092295484375,0.9747683090277778,1.0071458448958335,1.0888808715277778
2024-10-31,241630.12847222222,36044680.42357632,1.256251962986111,0.9758168020833333,1.2085759600000001,1.1403224097222222
2024-11-01,246162.50138888892,35204754.735268205,1.3719612930902778,0.9454170069444445,1.469894184236111,1.0691648263888889
2024-11-02,242057.96215277776,33952745.61639576,1.370036874513889,0.9423174895833333,1.443898830451389,1.0415149375
2024-11-03,246861.07673611108,33045558.36233643,1.442712966388889,0.93988421875,1.5189423771875,1.1752598541666666
2024-11-04,248067.77743055558,32338106.026387732,1.4309646484375,0.9702330798611111,1.5636793917708334,1.1350120520833333
2024-11-05,284388.321875,37594256.781672,1.365030835451389,0.9184883541666667,1.4931141373958332,1.4442036944444443
2024-11-06,308650.5940972222,49254657.095404856,0.7512035808333333,0.964345579861111,0.755939204236111,1.0281774652777778
2024-11-07,348529.37395833334,64160451.3114098,0.47421760374999994,1.1329234166666666,0.413955293125,1.095882982638889
2024-11-08,337189.4472222222,60885940.76008785,0.5556493035069444,1.1953434270833334,0.49888372253472224,1.1820782256944444
2024-11-09,325155.2447916667,61699222.45807261,0.5952456397569444,1.1917582430555556,0.555028585798611,1.0961336770833334
2024-11-10,292624.81909722224,56408289.40166424,0.7651267056944444,1.0919486770833333,0.6982176335416667,1.0555861076388888
2024-11-11,269210.53437500005,50822868.59222284,0.9590966779861111,1.1115478020833334,0.8965553750694445,1.1036617986111112
2024-11-12,262515.2131944445,48318756.591889255,1.118169887326389,1.1639507256944444,0.9927066931944444,1.032289923611111
2024-11-13,263058.1111111111,46123817.36209148,1.192897805625,1.2285929340277777,1.0505643987152777,1.04639265625
2024-11-14,260526.81979166664,43932681.21375803,1.3801860202430556,1.2348525173611111,1.3120682821527778,1.0676559895833333
2024-11-15,289065.47777777776,45961283.47427602,1.8205101031597222,1.321745253472222,1.8162343137847223,1.1012921076388889
2024-11-16,283788.8722222222,47846127.753814645,1.8685909363541668,1.299380611111111,1.8251846935416667,1.0831411354166667
2024-11-17,291383.1388888889,48381580.298780255,2.0897799921527778,1.3095381458333335,1.9781990170486112,1.0526460729166667
2024-11-18,304460.3673611111,51063523.71129648,2.0024276679513893,1.4095102708333334,1.8629576955208331,1.048703065972222
2024-11-19,318538.3729166667,52418889.43699427,2.3958374592708336,1.4685118506944446,2.206576324791667,1.1217145277777778
2024-11-20,331810.0413194445,53177378.35360934,2.302143075138889,1.4976817916666667,2.170510391076389,1.1069678993055556
2024-11-21,319497.8746527778,51755245.6628855,2.1267541898958333,1.407188579861111,2.045557855,1.0732504791666666
2024-11-22,330299.7239583333,55119907.92640536,2.3303282004513886,1.3871670590277778,2.1338816195833332,1.0985452604166666
2024-11-23,338446.94583333336,59666403.87664362,2.4994371044791666,1.5060246875,2.229652924548611,1.0655451458333334
2024-11-24,327020.3701388889,56476509.14228622,2.902669654756944,1.3746552743055556,2.576604757708333,1.0053268368055557
2024-11-25,331377.43090277776,59122268.790555626,2.6665139024305557,1.3400206215277777,2.291133403263889,1.0731851562499999
2024-11-26,347467.42569444445,61108528.31881128,2.5783338574652777,1.3980184826388888,2.338677817048611,1.0284161493055555
2024-11-27,370179.4451388889,72390779.10393968,1.8011687816666668,1.381650715277778,1.5930517653125,1.0940312881944445
2024-11-28,365588.78125,74378436.07561268,1.866065535902778,1.4562532534722221,1.5471229032291667,1.0645235034722222
2024-11-29,355194.334375,70763681.4614132,2.2227727333680556,1.4514274097222222,1.8946199130208332,1.0728788819444446
2024-11-30,338017.9003472222,69363120.52828978,2.309942041215278,1.4847586493055556,1.9065910368055556,1.0744630034722222
2024-12-01,328331.9142361111,67962678.73684348,2.271181157743056,1.6056463194444444,1.8532799134027778,1.077633361111111
2024-12-02,337525.76631944446,75184349.25209938,2.074605193298611,1.6598201319444443,1.668407417986111,1.0520833958333333
2024-12-03,356724.3361111111,84236942.34362277,2.3512937208680555,2.151827954861111,1.823388895486111,1.0821243368055555
2024-12-04,354111.1111111111,89360377.73782247,2.5720902936458336,2.2966163055555553,1.9835695720833333,1.0412546875
2024-12-05,335485.5524305555,84848094.28453384,2.8419219728819445,2.0803281805555556,2.212932137152778,1.04561171875
2024-12-06,334578.1899305556,89395249.29330228,2.5715537203125,2.1580821041666667,2.018329395972222,1.0856413715277777
2024-12-07,358970.2322916667,101855936.66676535,2.4350256067708336,2.079636152777778,1.9450814812152777,1.0928595
2024-12-08,349660.2517361111,97991000.66048582,2.7546269403125,2.113354173611111,2.239135697152778,1.0807630729166666
2024-12-09,342008.0496527778,92070171.4584981,2.803139219166667,2.212638590277778,2.2365973663541663,1.0353646493055555
2024-12-10,336695.9513888889,90392737.51285794,2.4441215855555556,1.9030969131944444,1.9166610225000003,1.0264582638888888
2024-12-11,330249.8517361111,92578618.69492988,2.2349293835763886,1.8153172708333334,1.8116017731944443,1.0949308125000001
2024-12-12,418375.66076388885,148854830.25888112,1.4894072943055556,2.067862684027778,1.1806840662152778,1.0741712604166667
2024-12-13,441287.72256944445,162645414.65576386,1.4247305257291667,2.092760267361111,1.1513962243055555,1.0181964722222223
2024-12-14,431215.60034722224,162349228.18753278,1.5572990666319444,2.246800229166667,1.1838756103472223,1.0445877951388889
2024-12-15,425537.10833333334,156248535.067777,1.6470457659375,2.1829692916666668,1.358673455451389,1.0523533680555555
2024-12-16,420028.203125,159472744.08235633,1.6970818913541668,2.1883607951388893,1.3592408845833335,1.0493804791666668
2024-12-17,413169.78506944445,153387188.6780234,2.0684862032291664,1.9468303229166668,1.863865375138889,1.0535006805555556
2024-12-18,409504.6454861111,149830081.239453,2.0601841011805555,2.1380929340277777,1.818775057222222,1.0449713437500001
2024-12-19,373002.55347222224,123409194.70296672,2.335325423854167,2.0470485868055555,2.0788124586805554,1.0369111805555555
2024-12-20,347131.73090277775,107210565.21600917,2.261448107951389,2.048802486111111,1.972284694201389,1.0215621423611112
2024-12-21,314567.26145833335,99897261.1676794,2.3507597453124998,2.0924773055555557,2.027443579722222,1.0504705277777777
2024-12-22,307456.49340277776,93600063.67348662,2.111369537604167,2.066714486111111,1.9073409937499999,1.0685021354166666
2024-12-23,333051.26249999995,113545858.63816294,1.586004549652778,1.9523397569444445,1.3747051023611112,1.0796628715277778
2024-12-24,365092.5295138889,137382880.27490067,1.37289406375,1.978013329861111,1.14454617875,1.0930140694444443
2024-12-25,340936.8340277778,127012111.39356191,1.6864201805902779,2.2529140694444445,1.4624563153819445,1.0951220902777776
2024-12-26,338100.2920138889,116452080.21625781,2.284173464375,2.640311267361111,1.9210696052430558,1.101507607638889
2024-12-27,329143.44444444444,110144236.45240787,2.1774599535763888,2.5958975972222222,1.938626279791667,1.0392255243055555
2024-12-28,334138.63194444444,111195962.84153777,1.7931831294791667,2.6084283333333333,1.621127325763889,1.145132013888889
2024-12-29,330831.7361111111,111743706.93714617,1.8450328831944445,2.6107132638888886,1.507543570763889,1.1166270659722222
2024-12-30,326400.19409722224,108862051.81236842,1.7198234040972222,2.7342457569444445,1.5418026918749999,1.08162853125
2024-12-31,335962.1173611111,105371911.08662567,1.834561564861111,2.6139651180555554,1.7980611787152776,1.1513163124999999
2025-01-01,343524.2423611111,107846998.53897355,1.7090013393402779,2.4633095694444447,1.7263502355208333,1.1834737083333333
2025-01-02,331661.92291666666,109930576.18479243,1.7230569018055555,2.533834871527778,1.5696751141666665,1.047678138888889
2025-01-03,330143.2340277778,111115694.50016063,1.9858593190624998,2.7577140868055556,1.7680362715625,1.0609793645833332
2025-01-04,344978.4475694445,120082913.91175944,2.2109454928819443,2.818412934027778,1.9050157595833335,1.1116423055555555
2025-01-05,326568.08715277776,112668904.70626295,2.4163772427430557,2.7327860034722224,2.045599462083333,1.0988297083333334
2025-01-06,346810.4986111111,118927096.31836706,2.6741280075694447,2.8073270104166665,2.2246413378125,1.12915890625
2025-01-07,343992.7315972222,112639459.54052629,2.7675209306944444,2.7309988368055556,2.3640376818402777,1.0638056493055557
2025-01-08,302110.85833333334,89908505.56382786,2.433698860173611,2.605881357638889,2.189578807673611,1.0152303784722223
2025-01-09,294825.8545138889,84253671.45418733,2.386357303125,2.5077311493055556,2.1270368342361112,1.1033858888888888
2025-01-10,303549.4944444445,87204489.50757593,2.3119500920833334,2.4522162187500003,2.1255564255555557,1.1197173194444445
2025-01-11,301638.4625,85949763.22263172,2.3405358548958333,2.5717644930555554,2.135875597777778,1.1115286666666666
2025-01-12,302828.0802083333,87713875.120668,2.4934010359027776,2.4504975868055556,2.276148738090278,1.1443577916666667
2025-01-13,314768.28784722224,86401800.09622791,2.4184747080555558,2.4347927013888886,2.215302408923611,1.0621924131944445
2025-01-14,312815.1822916667,91270684.77455284,2.2207231746180556,2.7092767777777778,1.9599448931597223,1.118279003472222
2025-01-15,316062.3809027778,95574513.14026393,2.317983375277778,2.762084177083333,1.9531168233333334,1.052320048611111
2025-01-16,318310.00347222225,99716801.8586242,2.7581535069444443,2.9530377673611112,2.1505690686805554,1.1077927881944445
2025-01-17,327464.2017361111,106422067.93962751,2.5905755511458333,2.9630548402777777,2.0787708003472223,1.1330048888888888
2025-01-18,318945.178125,101384123.99424754,2.7803050243055556,2.9058942395833336,2.1235331661805557,1.0688420729166668
2025-01-19,324158.1847222222,103502513.67462914,2.642461036597222,2.6682838194444445,2.1204343787499997,1.03957815625
2025-01-20,332929.66041666665,112148305.25021046,2.2722124699305555,2.4216009479166667,1.9960191639236113,1.0318793333333334
2025-01-21,365655.821875,130135901.28002545,1.8411265437499997,2.112862475694444,1.6312318606597223,1.0553502881944443
2025-01-22,357743.88749999995,127939184.79639854,1.9368963055208335,2.2750065416666665,1.6307511579166667,1.1069224131944444
2025-01-23,333735.33715277776,112143644.5414838,2.7167500424113475,2.6719850694444442,2.3960309255208334,1.0698779756944445
2025-01-24,322647.93680555554,111153340.81955834,2.3778374832986113,2.5783753333333332,2.0453165074305555,1.0444694479166667
2025-01-25,316469.4607638889,105025916.5736005,2.7803675722916665,2.6219665972222224,2.4908030852083334,1.1170803298611112
2025-01-26,314287.3902777778,103223607.12757225,2.7980052453125,2.544585246527778,2.4907646146527775,1.1467888715277779
2025-01-27,312906.4142361111,93956451.92665856,2.696008377604167,2.355049885416667,2.4481962084375,1.0972868368055557
2025-01-28,302616.4454861111,89714590.32519934,2.6423626844791666,2.4562337743055553,2.3259448368055557,1.0935794791666666
2025-01-29,313323.8309027778,91747222.13495447,2.6896620385416665,2.405541645833333,2.4746041973611113,1.0753689305555556
2025-01-30,307214.46180555556,94682565.81881523,2.2633252449305554,2.552616420138889,2.071674796111111,1.2129015694444445
2025-01-31,307892.93854166666,100451464.19271988,2.2545071383680555,2.599221954861111,1.949197333576389,1.0438910625
2025-02-01,302978.38749999995,96184183.4724368,2.3678447175694446,2.9399794756944444,2.06162343,1.1073348437500001
2025-02-02,304651.5152777778,86284557.92570382,2.5960500571180556,2.914748548611111,2.458863829513889,1.052952625
2025-02-03,262751.1982638889,64694690.33015915,2.002704103888889,2.240601861111111,1.8735249713636364,0.9882153159722223
2025-02-04,235208.37673611112,62015879.02551786,1.9481014102430558,2.011643871527778,1.7036511731944444,1.0562811284722222
2025-02-05,235163.71006944444,63142340.99146162,1.8913726158680555,1.7011687361111112,1.723202622222222,1.0786798159722222
2025-02-06,231954.91770833332,59303126.15624687,1.9254154665277778,1.7740892291666668,1.74616710375,1.0448557465277777
2025-02-07,228274.9142361111,56043834.976699024,1.7167917035763889,1.905140423611111,1.5734881173611113,1.0528828159722223
2025-02-08,230574.2982638889,54408047.70902475,1.617656463923611,1.7625235590277777,1.5103329071180556,1.1174664270833334
2025-02-09,233309.3284722222,56820099.27193216,1.6947346221180557,1.7438261944444444,1.539537699236111,1.0884863472222222
2025-02-10,237709.51493055554,59022406.829724394,1.6843710068055555,1.9118189722222223,1.4630404669444443,1.1091482083333333
2025-02-11,234107.11284722222,59363503.55988522,1.8536762921180556,2.1271894201388886,1.5884612977777777,1.068625795138889
2025-02-12,228216.49618055555,55738153.3684289,1.9029057158333333,2.2391827395833332,1.7421661964236113,1.0450589166666666
2025-02-13,242073.43993055556,61018715.606894836,1.8530812342013891,2.254694409722222,1.6002896398263888,1.1737844479166666
2025-02-14,249457.60798611108,64933820.23406693,1.8218968115277778,2.428213048611111,1.5803582252430557,1.124095892361111
2025-02-15,245962.51354166667,63180501.233676895,2.0411213220833333,2.4487968368055553,1.7036647156944444,1.06007865625
2025-02-16,245532.67881944444,62320506.19309088,1.825364350451389,2.379637333333333,1.5881822625347222,1.0464594166666668
2025-02-17,263130.7833333333,69317042.86216146,1.620153076284722,2.232668996527778,1.3772306906944445,1.10687484375
2025-02-18,260137.46979166666,65814298.363688126,1.7655561251388887,2.1545857881944444,1.5574022771180556,1.0643347291666667
2025-02-19,253425.79340277778,64001221.02795991,1.5511218818055557,2.0411257395833333,1.42028673625,1.1589948125
2025-02-20,259598.19999999998,66803183.81821532,1.5233464581597222,2.162761861111111,1.3706669275694443,1.1794629756944444
2025-02-21,261859.11493055554,67276267.98127717,1.7590970989236112,2.3744447534722224,1.5236965382638887,1.0820245138888889
2025-02-22,250107.54027777776,61386945.91530384,1.5855729255902777,1.8682039409722222,1.5220471047916666,1.0675490972222221
2025-02-23,241259.19930555558,59634491.67493674,1.4930053628819444,1.9345421354166668,1.3988250780555556,1.0864639652777777
2025-02-24,243725.91840277778,56761162.53402538,1.6880312923958334,2.0135451354166665,1.5439440499305557,1.0720601215277776
2025-02-25,264616.7364583333,53075325.591174774,1.9253981338194446,1.95498871875,1.7246018990624998,1.0660103576388889
2025-02-26,268416.2319444444,54813935.50057107,1.7516106247916667,1.914106017361111,1.5616858168749999,1.0917188541666667
2025-02-27,277252.32430555555,56706786.9030543,1.8370470016319445,1.9924851180555558,1.5849279668055556,1.0556171284722222
2025-02-28,278963.74305555556,52492788.69098614,2.0378465572569446,1.8946326180555555,1.7687465857638889,1.0350627777777777
2025-03-01,277676.11041666666,52964742.562263876,1.8800447470833335,1.878656472222222,1.6372910823958333,1.1223653680555554
2025-03-02,279150.5059027778,56592898.99472719,1.8675319589930557,1.870822517361111,1.5609506552777779,1.0667739583333333
2025-03-03,281188.4270833333,57206032.717374474,2.1235782347222223,2.126894829861111,1.6652726523611112,1.1248523750000001
2025-03-04,303970.30104166665,57208392.72693123,1.7661338684722223,1.6345545173611111,1.4917498680555557,1.0637201145833333
2025-03-05,368730.91770833335,79197015.24111831,0.8955902599652776,1.519722972222222,0.8071389201388889,1.1664795798611112
2025-03-06,314108.96423611115,70316600.8894101,1.059409176909722,1.583547420138889,0.983153823263889,1.062976138888889
2025-03-07,288026.3440972222,59139713.60716921,1.5862318328125,1.7418033402777777,1.4884194843402776,1.1108322743055554
2025-03-08,293930.9767361111,56548818.7988034,1.8345944758333335,1.698366875,1.7825680875,1.1253601874999999
2025-03-09,304140.72743055556,57563377.70095244,1.8147318035763886,1.6463025381944445,1.7662212516666667,1.0605746631944446
2025-03-10,326013.1871527778,61183608.4976764,1.7676175408333334,1.67977396875,1.643352336875,1.0740442395833334
2025-03-11,314285.69861111115,56043898.156831,1.9021397033680556,1.4659994444444444,1.7987520281944442,1.0426316284722223
2025-03-12,286244.4201388889,49552106.64557108,1.9323748515624999,1.5205597916666667,1.8344775146180556,1.059303465277778
2025-03-13,280547.7982638889,47520644.522386745,2.0019354027083334,1.5484865659722222,1.9104148923263888,1.0831817361111111
2025-03-14,298792.1899305556,50445172.82468846,1.908720419236111,1.5705375381944444,1.849879462986111,1.0397907395833332
2025-03-15,297897.6746527778,51821580.78652337,2.0066979182291664,1.6926518229166667,1.8416673860763888,1.1237377256944443
2025-03-16,292264.3920138889,49326162.17656641,2.0845077512847223,1.704766013888889,1.924416115798611,1.1468243229166668
2025-03-17,281089.59027777775,47994654.48793768,1.9815839269791669,1.7032107118055555,1.9187353109027778,1.0632930416666666
2025-03-18,267683.58125000005,45467022.1835686,1.8648195789930557,1.8452400659722221,1.7468640716319443,1.1087454236111112
2025-03-19,299816.5284722222,52897956.99463235,1.8698533642013888,1.7266800694444444,1.7452393144444445,1.1234042118055556
2025-03-20,331230.56666666665,58443588.99629328,1.852320506770833,1.844885142361111,1.6470130077430556,1.1309549965277776
2025-03-21,310053.33472222224,55261130.473420694,1.7626953453472223,1.8961742743055556,1.5683557139930555,1.0493457291666666
2025-03-22,307397.8409722222,55576626.41230992,1.5910953202430556,1.8413774270833332,1.4735761318402778,1.0825889305555556
2025-03-23,311315.5996527778,57081070.52924056,1.485610690277778,1.65661115625,1.4357220675,1.2373953020833333
2025-03-24,303214.26493055554,57699188.04304436,1.7979944228124998,1.6427957881944444,1.6236262228125,1.0500477152777778
2025-03-25,296195.70729166665,55690446.969871245,1.8998429421527778,1.8203235833333333,1.6890644266666668,1.0822301631944444
2025-03-26,303591.775,55645761.17887145,1.950215735,1.893964517361111,1.7804931246527778,1.1336677465277778
2025-03-27,304274.2972222222,55761143.09177235,1.8551091452777777,1.863472222222222,1.6893553024652777,1.1456202118055556
2025-03-28,303373.6274305556,53301266.60034718,1.9941798181944443,1.7144609791666667,1.7870068703472224,1.0684103993055556
2025-03-29,303809.44999999995,52641479.74304229,1.8488753306597223,1.5068443194444443,1.7346894693402777,1.1180041041666666
2025-03-30,301317.13958333334,49871745.22350803,2.0673481856944442,1.3731699895833334,1.993218741666667,1.0908839513888888
2025-03-31,323136.09687500005,51389428.41985797,1.9630803832986112,1.22053275,1.973722811388889,1.102794357638889
2025-04-01,315696.5875,52254102.52365756,1.7649355504166666,1.3346124722222223,1.7289318900694444,1.2092453506944443
2025-04-02,300482.2190972222,48129733.6728637,1.9276662150694444,1.4845341701388888,1.8265907702777777,1.025586826388889
2025-04-03,315693.46527777775,47889876.12267334,1.8640674063541667,1.548499295138889,1.7913692535416668,1.1033991631944444
2025-04-04,335425.72534722224,50395967.16224087,1.7874551784722224,1.559195642361111,1.7127950076736111,1.100316798611111
2025-04-05,338782.00451388885,51489410.47182095,1.836515688298611,1.609524142361111,1.6638628165277778,1.2540150034722222
2025-04-06,335966.6618055555,48187167.55865405,2.0238564481944445,1.6458092986111112,1.8541394229513888,1.0316271805555557
2025-04-07,353551.09826388885,44948447.023184314,1.7301457337847221,1.5573051041666668,1.6134115762847223,1.0367657604166667
2025-04-08,367994.7680555556,48008697.106061384,1.6885898562847224,1.3077122604166667,1.5274193364930555,1.1190928020833333
2025-04-09,388696.61354166665,51015447.33885266,1.6620209218750002,1.3309615312499998,1.5312271947569445,1.0627958194444445
2025-04-10,373651.13680555555,50775651.73861466,1.6629794955902777,1.4169301354166666,1.4431525111805557,1.1208070729166666
2025-04-11,376484.60486111115,50983081.48999122,1.8203965739583334,1.4450851666666666,1.6237032590972222,1.0300484583333334
2025-04-12,379624.1357638889,53816216.015657894,1.6633491007986112,1.4278859375000001,1.4468071177777777,1.1254195208333333
2025-04-13,359418.14791666664,51363929.40938871,1.7948715777083335,1.4429308784722223,1.5143130818055555,1.1954483680555557
2025-04-14,359440.34479166666,50855602.175595224,1.8076147919791667,1.3712864756944443,1.6347817051388889,1.1771664305555556
2025-04-15,351290.17118055554,48335369.00074526,1.716247794310954,1.3021450671378092,1.6531492867491167,1.1322928368055556
2025-04-16,359633.7423611111,48445789.94408286,1.7579841924305555,1.3306141458333334,1.6717442620486112,1.1056697534722222
2025-04-17,348711.57430555555,47995573.65418067,1.6768447382986111,1.3494682430555556,1.547153214236111,1.1409288368055557
2025-04-18,350130.234375,48575550.70928635,1.8164757235416669,1.3753204895833333,1.6113498513194444,1.0525131631944444
2025-04-19,359668.47222222225,50344513.59032292,1.8888445268402778,1.3700953402777778,1.6425006672916667,1.228578954861111
2025-04-20,361688.40555555554,50695092.397934526,1.8271045304861113,1.325439392361111,1.5792040271180554,1.2800176423611112
2025-04-21,362521.0409722222,52013802.18171131,1.6479488758680556,1.398868736111111,1.4745920603819445,1.1583080347222223
2025-04-22,359615.64166666666,53472488.36696519,1.545083492361111,1.36564503125,1.3998072196180555,1.11301803125
2025-04-23,366616.67291666666,60248653.743724614,1.7800008452083336,1.4545446944444445,1.466645960486111,1.1063305208333334
2025-04-24,381083.3767361111,62880707.5088088,2.049969779652778,1.5122653055555555,1.6487487087847221,1.0784770868055555
2025-04-25,400607.8645833333,66897335.44035406,1.9508646212499998,1.7145139687500002,1.5738515298263889,1.0589148715277779
2025-04-26,408950.2552083333,69137951.62372845,2.059350108333333,1.8322601111111112,1.6894669444444446,1.1344508611111113
2025-04-27,409475.4829861111,69462175.80071768,1.9678336634027778,2.1174896979166666,1.6556517328819444,1.0596170729166667
2025-04-28,390652.0,65569468.97997713,1.9415537834374998,1.9929509375,1.6916251040972223,1.0621980104166666
2025-04-29,383101.8565972222,64249432.34689302,1.6903363325347223,2.0632220486111112,1.5080558690624999,1.1502031319444446
2025-04-30,398211.584375,65114437.86271816,1.676147955138889,2.203842100694444,1.5121720870833333,1.0020223645833335
2025-05-01,414014.51944444445,71177786.18197721,1.735598085277778,2.2651193819444444,1.480688365,1.2099146354166668
2025-05-02,428069.2340277778,74638381.57309546,1.9940674393402777,2.5979662222222224,1.601154445173611,1.1511054166666665
2025-05-03,438903.3440972222,76379584.56892684,1.9353131445833336,2.727270190972222,1.5251591731944445,1.1249137395833335
2025-05-04,465623.084375,81504061.30604012,1.6729366404861112,2.567879013888889,1.4098414410763889,1.0602153472222222
2025-05-05,455094.6979166667,80325749.47305064,1.7631804463541667,2.681339399305555,1.4403481012847221,1.0928400104166667
2025-05-06,473220.43055555556,80756826.22766939,1.6814107632638888,2.7028494375000003,1.4257033507291665,1.0791594097222221
2025-05-07,445423.5881944445,76925916.63581747,1.7430591648611111,2.594562329861111,1.4557583739583333,1.153890236111111
2025-05-08,461334.76249999995,87252867.90438814,1.7257331995486112,2.4696663194444444,1.4441468176041665,1.1288153125
2025-05-09,458872.58923611115,95677243.0654876,1.9072216196527778,2.993798076388889,1.5563563157291667,1.0917295729166667
2025-05-10,454398.0958333333,99654263.24268073,1.834971397673611,3.02852175,1.5290709061458334,1.0990255416666668
2025-05-11,448251.7520833333,99035659.87799981,2.164817263333333,3.306266628472222,1.7356847359027778,0.9889438854166666
2025-05-12,453035.4840277778,100156685.11833675,1.9328070705555556,3.488303590277778,1.550353556875,1.0083192118055555
2025-05-13,469538.1888888889,104307450.35230571,2.0577938009375,3.666624586805556,1.661202030798611,1.017530611111111
2025-05-14,471412.4736111111,108632058.5523433,2.1666996935763887,3.468021704861111,1.7093942128819444,1.0965584097222223
2025-05-15,483710.24062500003,109252176.5602783,2.0518071746875,3.461086704861111,1.6490714837152778,1.0400739444444445
2025-05-16,511602.2857638889,119715117.62984231,1.5590301835069444,3.1030375208333334,1.3064235222222222,1.1562783958333334
2025-05-17,505122.23854166665,113400742.51608783,1.6147543592708333,3.098090982638889,1.3408330840625,1.0579478229166666
2025-05-18,505772.1114583333,114871634.7260499,1.6666733108680556,3.206412829861111,1.4339797809722221,1.0728761875
2025-05-19,491800.86805555556,111385653.08792779,1.7993242294444443,3.1895305868055552,1.4249056293055555,1.1125664756944444
2025-05-20,645500.6548611111,168819715.3263488,1.135570295625,2.894534569444444,0.8315097336111111,1.1357993194444445
2025-05-21,599735.6736111111,152654742.0233509,1.4374402515277778,3.18531575,1.1200359627083332,1.1345241840277778
2025-05-22,539555.4368055556,137353840.61972445,1.7840618594097224,3.1486018715277777,1.4883233851388888,1.1033152222222222
2025-05-23,544461.3902777778,140203078.59517893,1.7133651875694444,3.292402298611111,1.403198788125,1.0499816736111112
2025-05-24,561162.6152777778,147231539.50543976,1.6654185831944444,3.2428960347222224,1.3849430263194444,1.1387046597222221
2025-05-25,572350.9413194444,151172226.23288947,1.4384904991666667,3.0066973229166667,1.2793999629166666,1.1087018020833335
2025-05-26,577796.8805555556,154181677.22393727,1.36735490625,2.849155965277778,1.2310827552777779,1.138135402777778
2025-05-27,591939.8232638888,162074034.18390143,1.2140405747916665,2.8000318194444445,1.0428906438541667,1.1530881319444444
2025-05-28,574896.5385416667,153830692.29960406,1.5177601456944445,2.88178121875,1.3187199713541666,1.2319682986111111
2025-05-29,548162.9690972222,143765957.1010517,1.588245003888889,2.9661375069444444,1.4522934297569445,1.0698158090277776
2025-05-30,548270.6107638889,136968840.68789747,1.6588426160069443,3.2199908819444447,1.5502569441319443,1.0718109548611112
2025-05-31,588872.6329861111,147099887.01675686,1.3493476268402778,3.158956680555556,1.3206768400347224,1.1362582847222222
2025-06-01,584241.3388888888,142488606.29230642,1.3867467688194446,3.2739001284722224,1.3603914942708333,1.0840429722222222
2025-06-02,555053.1322916667,136856385.64907634,1.4263203090277778,3.2179623055555555,1.3218348425000002,1.1416851319444445
2025-06-03,578143.4875,151693879.95926714,1.49264563375,3.087772888888889,1.2538742790625,1.1962561388888888
2025-06-04,616410.3041666667,164820745.87834567,1.4882133352777778,3.0143845972222225,1.1532688287152777,1.1338597743055556
2025-06-05,610494.8211805555,157977248.24908346,1.4922599790277777,2.9042079756944443,1.1784970596875,1.1201445104166665
2025-06-06,580399.3809027778,144727719.78155032,1.2609004789930556,2.9436121423611112,1.1033607184722223,1.1451355381944444
2025-06-07,598455.2163194445,152508762.7521106,1.2479401869791666,2.8254231493055553,1.0308619176041667,1.1300829791666667
2025-06-08,594044.9385416667,151327311.12325013,1.405959270138889,2.833740520833333,1.0690884799652778,1.1492134479166667
2025-06-09,596375.0916666667,155368259.96202734,1.391280196076389,2.844241184027778,1.0689419819444443,1.2028611493055557
2025-06-10,669933.2684027778,200971194.0950492,1.2191361880555556,2.9571307499999997,0.8685166996527778,1.1221137534722223
2025-06-11,676456.8583333333,209059419.5422842,1.2352735114583333,2.886818923611111,0.8710973148263889,1.0617083472222222
2025-06-12,658502.7430555555,195906972.55279487,1.3480838804513888,2.8753880416666666,1.0061650806944444,1.1217049895833333
2025-06-13,626818.39375,175290728.7609164,1.5462785847569445,3.009743625,1.357372799027778,1.046946138888889
2025-06-14,611443.0062500001,170263783.35626683,1.6387903037847222,2.847187861111111,1.4367316893055557,1.028559451388889
2025-06-15,600498.2486111111,164503728.9956214,1.5738426453819445,2.811743357638889,1.4385064365277778,1.0970931840277778
2025-06-16,601795.6913194444,171217385.38881505,1.2848036558680556,2.7976617708333333,1.1999265431944446,1.0745854652777778
2025-06-17,583920.8364583333,158875060.09471378,1.3411646450347223,2.696842378472222,1.2881634286458334,1.04348015625
2025-06-18,580317.198611111,152355328.74660286,1.290991242326389,2.480881934027778,1.3094301281597223,1.0603231319444444
2025-06-19,585588.2166666667,150700898.0928837,1.3188544602777776,2.3859109756944448,1.3554925107638889,1.1045935520833334
2025-06-20,582091.4791666666,148155732.82913455,1.315215147951389,2.5367103368055557,1.3191718003819444,1.0830561041666666
2025-06-21,574041.2895833333,140524433.89387795,1.2944879347916667,2.5477564618055557,1.33984791,1.0736360833333334
2025-06-22,578134.0454861111,131458940.00578348,1.4907634185069445,2.9187787708333333,1.3458913065625,1.0800063368055557
2025-06-23,579299.2850694444,135846441.69069144,1.4385888625694445,3.114207378472222,1.3222556103819445,1.0768813958333334
2025-06-24,553376.5690972223,144586449.0089639,1.228759754861111,3.2713624965277774,1.064792532534722,1.0622868819444444
2025-06-25,539296.1267361111,140861735.59026438,1.4596236772222222,3.4137446145833334,1.1848007762847221,1.0997400416666665
2025-06-26,524860.1656249999,134431699.7815975,1.5833623575,3.5741454027777775,1.273885264375,1.0811265763888889
2025-06-27,535810.3607638889,138288793.1430018,1.5420501736458334,3.429323454861111,1.255064016423611,1.0823234409722222
2025-06-28,528363.8263888889,135474837.82137808,1.5170805551041666,3.474608121527778,1.2380912114236111,1.1397799305555556
2025-06-29,550585.4927083333,147644160.3313949,1.442213100659722,3.3267755555555554,1.1242925830208332,1.15723253125
2025-06-30,558282.1840277778,153123086.7405035,1.3254007949305555,3.126143930555555,1.0645382664930556,1.16245965625
2025-07-01,537678.4090277778,144022123.17565477,1.3503942287847222,3.1127660833333333,1.1113647805555555,1.1313974965277778
2025-07-02,542486.9604166667,145570135.83006147,1.2366644526041666,3.1212633506944445,1.1508038510069445,1.1510650763888888
2025-07-03,572142.8576388889,159579396.28899595,1.2306287354861112,3.199433767361111,1.002127937326389,1.1577108506944445
2025-07-04,550793.3072916666,148345423.88218287,1.4307617722569443,3.1165536180555558,1.1621821160069445,1.1013582118055556
2025-07-05,543009.7302083333,146674390.95301378,1.1425707734722221,3.1674557083333337,1.0650773884722222,1.185645625
2025-07-06,555496.6326388889,152810045.98881674,1.2938072066666666,3.1157307916666666,1.0967060120486112,1.2343613229166666
2025-07-07,575166.8208333333,164003754.77667823,1.4499322103124999,3.117536142361111,1.0985044108333333,1.1231257986111112
2025-07-08,568525.1947916667,162392136.74980322,1.3347983534374999,3.0606641805555554,1.0567881487152777,1.114335045138889
2025-07-09,610858.3708333333,181920841.40875503,1.053739294236111,2.7531528124999998,0.8026218125694444,1.1064090590277778
2025-07-10,590440.9375,177117681.91399345,1.258177467013889,2.6814375069444445,0.9664882164930556,1.0986121249999998
2025-07-11,579352.4972222222,178632142.4853222,1.3198529022916667,2.7957878125,1.025548773923611,1.0507240277777778
2025-07-12,564631.4666666667,169582953.8230323,1.1864118228125,2.9932837326388886,0.9988267321527778,1.0912564791666666
2025-07-13,575339.6968749999,176139566.6945754,1.2509042241319444,3.0468709548611113,1.0396705990277777,1.0704845763888888
2025-07-14,569955.4253472222,182070653.26985273,1.5480218416319445,3.2156238020833334,1.1829592679513887,1.07184978125
2025-07-15,581716.0142361111,184350110.84278858,1.2722967387847222,3.20482171875,1.0320303897569445,1.1271969479166666
2025-07-16,592580.5753472222,194902345.48436964,1.1659849261458333,3.137767927083333,0.9455132915277777,1.031220017361111
2025-07-17,550167.6468750001,177027120.8134326,1.3202515520138889,3.2771616631944442,1.1181247136805554,1.0086399548611111
2025-07-18,542251.129513889,176179138.60201815,1.5319641306944445,3.1273986736111112,1.2873319652430555,1.02275221875
2025-07-19,561002.765625,177903587.9721207,1.3577317669444444,3.0902726319444445,1.2225362180208335,1.097230222222222
2025-07-20,560112.4277777778,182301592.43746948,1.9269916117708332,3.32355859375,1.5271678247569445,1.044922736111111
2025-07-21,531350.3493055556,173894969.72304845,1.5576327795636362,3.643379581818182,1.3026872035636363,1.0708379479166665
2025-07-22,548846.4684027778,170272510.3645949,1.7883294528294573,3.331812916666667,1.5048708244097222,1.1031787638888888
2025-07-23,543290.2302083333,161899320.5093366,1.9114542750347223,3.033292927083333,1.5684721932986112,1.0306041840277778
2025-07-24,530632.1149305556,153449088.57802865,2.0276949587499997,2.906725809027778,1.663064610277778,1.098834732638889
2025-07-25,524630.8777777778,151683468.68989527,1.864662272465278,2.6450079236111113,1.5930892509722223,1.1223114861111112
2025-07-26,534028.6770833334,158277964.49541986,2.298578951145833,2.4719265243055557,1.8230176383680556,1.1225462118055556
2025-07-27,524788.7177083333,156107444.2213454,1.9705821884722223,2.394935829861111,1.6634602386805557,1.1175406944444444
2025-07-28,514466.86805555556,153649407.02968282,1.4435494347222222,2.4461645520833333,1.3199433257638888,1.039334590277778
2025-07-29,502993.34375,144056379.46959892,1.3642207566319444,2.4395821840277776,1.2967356284722222,1.1208789756944446
2025-07-30,498261.6923611111,138391159.34366938,1.3220886758333334,2.5476805069444444,1.2643359908680556,1.0680734131944445
2025-07-31,491744.9680555556,134095438.52269387,1.6126615617708333,2.5491366770833332,1.4494971049999998,1.1252802083333333
2025-08-01,507569.2597222223,130903703.17456691,1.2906643321180555,2.316255659722222,1.2506512740972222,1.1264663784722222
2025-08-02,509753.5565972223,129046388.56491596,1.3205921629513888,2.34486009375,1.2910189304166666,1.1407060486111111
2025-08-03,505983.1069444445,129688084.73305175,1.31747299375,2.1313417916666664,1.2809770884375,1.235029673611111
2025-08-04,490291.8857638889,129583051.99482782,1.3658155407986112,2.1103085694444443,1.304429128125,1.0298952430555555
2025-08-05,482161.5770833333,124693735.6078577,1.4768816202777777,2.4821739722222222,1.3588053510069444,1.1108318124999998
2025-08-06,481176.95625000005,124080880.68229564,1.3425964560416666,2.492652392361111,1.2794448952083333,1.2583918958333333
2025-08-07,480089.21597222215,130306327.56605217,1.3986916326736112,2.3108957569444444,1.2676937526041667,1.0920064340277778
2025-08-08,479501.29409722215,136779055.1191869,1.5351145513888889,2.2821963819444444,1.2876101606944443,1.0789662222222223
2025-08-09,503545.85590277775,151647347.8208972,1.4385602630208334,2.2514739895833333,1.2090146554166668,1.1409973854166668
2025-08-10,492214.6871527778,150181606.8393061,1.6841645661805555,2.56677159375,1.3618516000694445,1.0624219652777778
2025-08-11,489380.05555555556,147861926.93731365,1.6354768744097223,2.8114126770833336,1.3564951230902778,0.9960333819444445
2025-08-12,482656.8881944445,147134071.90501222,1.7108049086805555,2.745278909722222,1.4031840530555555,1.1298542118055555
2025-08-13,488212.2833333333,158670255.88439873,1.8677683062847221,2.573884795138889,1.4723722505208334,1.1779326944444444
2025-08-14,467246.4375,150536364.64373842,2.230747427083333,3.1022429097222224,1.6355256271527778,0.9874377569444444
2025-08-15,430005.7395833333,131745896.55378076,2.3673165009027777,3.1063764895833335,1.8566446077083336,1.0895834930555557
2025-08-16,426161.1069444444,126233933.0576924,1.861749874097222,3.1535266423611112,1.5636525473611111,1.2203354270833333
2025-08-17,416510.03784722224,126006428.59330218,1.7734406878472222,3.1044223090277776,1.5153550671180556,1.1911933715277778
2025-08-18,405767.571875,117969569.900908,1.8485517132638887,2.9392965694444446,1.5741796930555556,1.1151585937500001
2025-08-19,406960.9743055555,115162217.04704331,2.248853078715278,2.8404679895833334,1.8268233264583331,1.142525982638889
2025-08-20,405075.33680555556,117125002.68164535,2.143153686701389,2.42572715625,1.8120578489583334,1.1603287222222223
2025-08-21,390111.86006944446,116860419.55048937,1.857059722291667,2.4681950312499996,1.464821762673611,1.0649504305555555
2025-08-22,410749.5545138889,129468575.03516051,1.8750737930208332,2.3127704618055556,1.5057655860069443,1.136911340277778
2025-08-23,504734.07534722215,178625927.9014912,1.6963285075694445,2.3417854444444446,1.2625000096180556,1.1131498333333334
2025-08-24,525700.8586805556,184481676.04661566,1.9265450979861112,1.9257481631944442,1.4138221237152777,1.0744150659722222
2025-08-25,510784.7184027778,168486353.4823724,2.1120476069444445,2.1424907881944444,1.5602840866319445,1.0946015104166666
2025-08-26,501633.2548611111,165326205.09956756,1.7284627819097222,2.5947565208333336,1.4503648845486112,1.0951108125
2025-08-27,481540.33680555556,157888307.79569298,2.0022897108333333,2.673913378472222,1.5483195798611111,0.9856306250000001
2025-08-28,462565.30555555556,148087066.19131336,2.2047438725,2.9984617152777777,1.7388066264583335,1.0852766319444445
2025-08-29,455667.9694736842,142349718.0707952,1.9794978901052633,3.0802406736842105,1.613024885649123,1.1035191543859648
2025-08-30,448699.73506944446,141732203.83170116,2.113793424548611,2.851068017361111,1.710326005625,1.158324201388889
2025-08-31,437101.0704861111,140222352.66767228,2.0390042463541667,2.7523084965277778,1.6717583974305557,1.1137133229166667
2025-09-01,425805.6895833333,131728478.04116641,2.053366341076389,2.967463027777778,1.7020918085069445,1.124731861111111
2025-09-02,415512.1888888889,129530502.17973205,2.032899738541667,2.741651947916667,1.666165706388889,1.1868350069444444
2025-09-03,419698.928125,134878393.84408745,2.0922542268402777,2.630750427083333,1.6605458396527777,1.1591532152777777
2025-09-04,425849.01180555555,135158561.2770562,2.212487394097222,2.6367165833333335,1.7593729049652778,1.0855664791666666
2025-09-05,437442.3069444445,134072763.3603062,1.8663791223958333,2.732121600694444,1.7182406358680555,1.1160456145833333
2025-09-06,440641.98506944446,132330458.41338825,1.6849830193055555,2.7288966319444445,1.5548393772916667,1.1123015833333332
2025-09-07,434080.58541666664,130520916.48638695,1.6921550796527778,2.7153858993055557,1.6001144854861111,1.0572099895833333
2025-09-08,426571.4034722222,129025455.46855105,1.7064963263541668,2.8450144895833334,1.5644563091319443,1.0891008298611111
2025-09-09,434251.80416666664,130999837.13125004,1.9068035312152776,2.6965140208333334,1.6728755024305555,1.0802524131944444
2025-09-10,447820.45416666666,134152123.67580478,2.010797211631944,2.7420735104166667,1.7767176830902778,1.0624486284722223
2025-09-11,435367.31354166666,132603710.20041591,2.1292184759375,3.002617253472222,1.7966498530902777,1.0959143506944444
2025-09-12,409989.61354166665,128698990.97744901,2.2121183928125,3.1842010104166665,1.7717220937847222,1.0751807604166668
2025-09-13,409709.19861111115,129749171.20871907,2.4511656769097225,3.0968148819444448,1.912088264236111,1.1092379618055555
2025-09-14,415610.6097222222,128460501.77025063,2.3654354597569442,2.979369399305556,1.928104019409722,1.094042159722222
2025-09-15,419793.21979166666,126482143.92964262,2.064709790173611,2.9874308194444446,1.7989094523958333,1.0791176770833333
2025-09-16,437299.00451388885,129565059.92421561,2.0937469029166667,2.7772437708333335,1.9110719472222222,1.1549246840277778
2025-09-17,434591.2659722222,129133951.6882867,2.211632643576389,3.098744267361111,1.9606811252430556,1.1159243958333334
2025-09-18,427965.6861111111,131872860.18830262,2.3805664449652775,3.341326326388889,1.8807134214236112,1.0940852986111111
2025-09-19,416993.44062500005,126736703.04850557,2.536198456527778,3.745389888888889,2.023779905763889,1.0658273993055554
2025-09-20,413685.3763888889,123192169.84388417,2.2925044336805556,3.5261581250000003,1.9402611636458333,1.0997123090277778
2025-09-21,414892.94201388885,122891445.874773,2.196765523715278,3.5811748541666666,1.8631171224999998,1.0741989166666666
2025-09-22,411379.1503472222,111702574.29306263,2.1295343120833334,2.8737094270833334,1.7546351671527778,1.1303115173611111
2025-09-23,388562.29340277775,105844964.9775722,2.0585220175,2.3960126875,1.7322273841666667,1.0788855208333332
2025-09-24,382767.26249999995,106092356.29024619,2.0198860542361112,2.2750050868055554,1.7099779860069446,1.138284142361111
2025-09-25,380006.2753472222,101461939.35965294,2.052429844513889,2.3643999375,1.7312344277083334,1.0895347499999999
2025-09-26,372479.5628472222,98558303.30629675,2.003469585659722,2.3678628611111114,1.7405937371527778,1.0873726180555556
2025-09-27,359316.0291666667,96427707.38665792,2.1517033232291665,2.5574247083333335,1.7609288490972221,1.0106882881944443
2025-09-28,352007.6746527778,93859021.23998787,2.3604514295833336,2.935564263888889,1.8728829464236112,1.1177783749999999
2025-09-29,346567.7600694445,95078325.46299483,2.5194496748611113,2.7618517881944444,2.0135444696527776,1.2013837881944445
2025-09-30,344584.0704861111,93953630.40766697,2.4933031878819443,2.6690735868055553,2.012261092951389,1.2234757361111113
2025-10-01,346434.0055555555,97217127.10945323,2.3574439625694446,2.78974203125,1.909639792986111,1.2675066076388888
2025-10-02,347503.5572916667,99554925.13350889,2.5020519681944444,2.7216148923611114,1.998091456875,1.1406207743055556
2025-10-03,347287.6229166667,100222951.34892124,2.567436179479167,2.6748734131944447,2.0324806117708336,1.0176540833333334
2025-10-04,342416.11597222224,97423843.71232492,2.5872798932291667,2.6444471458333334,1.9987866525694444,1.2289945833333333
2025-10-05,341114.44131944445,98201018.23371667,2.406410075659722,2.8288591249999997,1.9144998693055557,1.1258245451388889
2025-10-06,344344.9940972222,100837127.54764651,2.460645148715278,2.8219128055555553,1.922941828923611,1.0973250451388887
2025-10-07,354750.725,101880532.87807578,2.6416378488194443,3.1112267326388885,1.992605412048611,1.0785575729166665
2025-10-08,360443.67118055554,101027109.58359122,2.4089066282291665,3.0059048993055555,1.8064389995138888,1.0415106493055555
2025-10-09,362000.9125,99977701.15231137,2.4309917439583333,3.352397784722222,1.789843734375,1.1671970243055556
2025-10-10,370897.0940972222,98293125.22112837,2.3010303480902774,3.0736297395833336,1.7564223253819444,1.1221808298611111
2025-10-11,254020.68541666667,59311495.25923995,1.6186410957638888,1.720538642361111,1.3934898912152778,0.9717644409722221
2025-10-12,227725.81701388888,54226008.70414505,1.7077980851736112,1.8000994375,1.5338330039583332,1.0659404444444442
2025-10-13,219462.61319444445,55488458.02148667,2.0180886176041666,2.026934732638889,1.7347858438541666,1.00790265625
2025-10-14,201171.74409722222,50289435.0445008,1.9536674485763887,2.1935815763888886,1.6113088699305556,1.0818054340277776
2025-10-15,203298.49027777778,50677809.77079962,2.0189494120486113,2.1357235520833333,1.6163308234722222,1.0948015833333333
2025-10-16,209458.8048611111,49859891.65137505,2.0000314886805555,1.9897093506944445,1.6452729247569444,1.02650265625
2025-10-17,263679.1625,55568703.332681805,1.9036798764236111,2.5765314097222225,1.540811396840278,1.0172546875000001
2025-10-18,268549.4951388889,56435350.97660035,1.8074006432291665,2.75018734375,1.4848778073263889,1.1171747395833334
2025-10-19,253761.24479166666,55658503.88727685,1.6488362810416666,2.759232819444444,1.3244399804513889,1.0682661180555555
2025-10-20,235783.09861111114,53849589.27971485,1.6636398674305555,2.6791631666666667,1.318679284236111,1.105140111111111
2025-10-21,233730.96666666667,52560406.50067198,1.6812399036111112,2.6015459479166667,1.2939422947916668,1.0605513680555554
2025-10-22,246588.03194444446,53811620.98168997,1.5760420263541668,2.491270347222222,1.2475615528472224,1.0759323784722221
2025-10-23,244903.73784722222,54280162.94296063,1.717475765625,2.235277420138889,1.3326468544444445,1.0858908159722223
2025-10-24,256110.16736111112,58485393.689494215,1.7604082526736111,2.413699888888889,1.3360355086805555,1.0987898298611112
2025-10-25,257881.93923611112,58512842.615385056,1.889976335590278,2.4125986909722226,1.4249932797569445,1.1322944687499998
2025-10-26,254217.96979166666,59012850.304934114,1.8513238373263887,2.430349326388889,1.4014146453472223,1.1629991770833332
2025-10-27,257202.06701388888,61804390.517002374,1.8512361171180554,2.249056041666667,1.4608336953472223,1.026594246527778
2025-10-28,255884.85868055554,59912196.96833404,1.9479540295833333,2.26498021875,1.6096837594444446,1.1216072083333333
2025-10-29,264087.6263888889,60653595.79719064,1.9307442795833332,2.330874142361111,1.5395708450694443,1.1686013645833333
2025-10-30,285349.9357638889,62824149.01511461,1.9517288927430556,2.13552009375,1.4924081965972222,1.0879080625
2025-10-31,297800.72222222225,65639249.20216397,1.773346480625,1.903441829861111,1.375375488263889,1.0506483368055557
2025-11-01,347855.0909722222,78219248.9064431,1.881051615451389,2.5095976666666666,1.4595848674305556,1.1176148750000001
2025-11-02,365635.91319444444,82003071.01768638,1.7732994241666666,2.7210052430555556,1.3811425788541667,1.1735969444444445
2025-11-03,411184.95208333334,86904008.67878276,1.6304000586805556,2.835567013888889,1.2680264977430555,1.0101581944444444
2025-11-04,413533.93125,80776555.3371724,1.4431943414583333,3.362824357638889,1.121063048923611,1.0438324895833333
2025-11-05,468615.85555555555,92969956.36507991,1.3879425567361112,3.5799369756944444,1.0855886139930557,1.067321451388889
2025-11-06,460276.946875,91768354.6227944,1.560559290034722,3.633530798611111,1.1631060684375,1.0303776354166667
2025-11-07,480737.60590277775,96726679.51088667,1.5677182699305556,3.738874680555556,1.1579329384722223,1.1183486284722222
2025-11-08,472195.5256944445,96503806.91688482,1.6234755197916666,3.8516249236111113,1.1772274653125,1.1271639861111111
2025-11-09,470008.3739583333,96232283.67060483,1.5634445346180557,3.7050851041666664,1.1793612041319443,1.0703812499999998
2025-11-10,471502.4083333333,104146889.25743209,1.5835162905208333,3.376569454861111,1.2003671510416667,1.070799628472222
2025-11-11,437648.72291666665,95532209.36469,1.8960529225347225,3.3807353958333333,1.4788617696180557,1.0120903090277777
2025-11-12,408081.50902777776,85790957.5241767,1.9889267156597223,3.2069605173611113,1.5544588988194445,1.0591614444444444
2025-11-13,394365.734375,81372497.92968291,1.8305744516319444,2.9770077743055556,1.424292199548611,1.0722339791666666
2025-11-14,400309.62604166666,73752785.91393456,1.7053697898958333,3.1106063194444444,1.3327017830208332,1.0171534375
2025-11-15,357439.55937499995,64004249.676057816,1.5502096697916667,2.5762628854166665,1.2989078094444446,1.0944879930555556
2025-11-16,349874.24305555556,61701799.16548496,1.5512033196527777,2.492562420138889,1.2564951553125001,1.0725345416666667
2025-11-17,354198.6798611111,61686804.6017048,1.6177769451041666,2.329214184027778,1.260778764548611,1.0657570381944443
2025-11-18,356716.74097222224,61751198.105883785,1.7594383603125001,2.534303239583333,1.3440289742361111,1.0176427881944443
2025-11-19,349035.67500000005,60302972.78373032,1.8828149209027778,2.9124981180555554,1.4087181423958333,1.0363140590277777
2025-11-20,349781.74548611115,60234264.6311262,1.848011580173611,3.0006587569444445,1.3927534313541665,1.0273511423611112
2025-11-21,357089.0916666667,56531060.92778221,1.8661793853125,2.9690091493055557,1.4301306313541666,0.9979365069444444
2025-11-22,353519.29236111115,55954955.93077709,1.8449014303819444,2.7753604375,1.3825066841319444,1.0219494340277777
2025-11-23,348823.4861111111,57464226.749078676,1.803319892951389,2.6902435625,1.4078172296875,1.0931590590277778
2025-11-24,338996.4048611111,58362933.122899026,2.0002749419444448,2.6010595,1.6055499040625,1.0467822152777777
2025-11-25,332021.36770833336,59143716.622745514,2.144962522326389,2.330703236111111,1.6837606825347222,1.0536433958333333
2025-11-26,328451.915625,59084424.56661911,2.198329938472222,2.1985335659722223,1.7290979159375,1.0595784687499998
2025-11-27,322274.3232638889,59718959.49557373,2.14430459625,2.245142347222222,1.7402652139930557,1.1268119305555555
2025-11-28,317411.8958333333,58876053.955359526,2.059384879895833,2.0674795173611114,1.6993594053125,1.1142761041666667
2025-11-29,314566.67118055554,57745637.26331651,2.0554595221180554,2.0745279097222222,1.6972038556597222,1.1673911840277778
2025-11-30,333694.42638888885,60774334.45457121,1.933074387638889,1.917781815972222,1.6343278795486111,1.1782620972222224
2025-12-01,315466.0861111111,52723562.67597849,1.8298866935416664,2.012746267361111,1.4859369474652777,1.1756270034722223
2025-12-02,308850.4795138889,54344897.33834979,1.8179057523263888,1.9953688194444443,1.5630810011805556,1.1759023229166667
2025-12-03,296391.86666666664,57316894.60281429,2.035483447847222,1.7102606597222223,1.7335644728125001,1.1177452777777779
2025-12-04,284713.69652777776,55149954.182608515,2.1309378047916665,1.8538278923611111,1.7651031796527779,1.0593565763888888
2025-12-05,285802.58229166665,53799922.02018405,2.0822174923958334,1.9713022361111112,1.6623465436805556,1.2044179479166666
2025-12-06,285053.06597222225,52844836.46815858,2.180125520590278,1.9267044930555555,1.7893542630555557,1.2193795729166665
2025-12-07,284389.1923611111,53728019.336418256,2.162105637986111,1.8578485277777779,1.7869021879166667,1.1491991076388888
2025-12-08,286449.928125,55169786.86302096,2.249830995381944,1.8311346354166664,1.9312667660763887,1.0950074236111111
2025-12-09,286658.7520833333,55620394.37108212,2.2241003516666664,1.843670142361111,1.866855255,1.023156048611111
2025-12-10,269220.10486111115,53725536.784059756,2.2168225635069443,1.8410565347222223,1.8207256217708334,1.0934282083333333
2025-12-11,266234.92847222224,51179479.14686128,2.079872256909722,1.6035334965277779,1.8158923993749998,1.0926565590277777
2025-12-12,273444.2798611111,54654772.75824274,1.9800328956250002,1.733511798611111,1.6879266477430557,1.0567745833333335
2025-12-13,264963.4357638889,52137985.171635285,2.0630772685069445,1.814800048611111,1.8108158230208333,1.19125103125
2025-12-14,268763.7204861111,51894460.21108345,2.1296535747569445,1.8173624444444445,1.7884797684375,1.0636102534722223
2025-12-15,271987.740625,51722209.51505403,1.9278175738541665,1.757439,1.5625625261458334,1.071671704861111
2025-12-16,279880.09826388885,52388459.748465836,1.9582392547222223,1.5174210659722223,1.5870486088888889,1.1418265798611111
2025-12-17,266686.22708333336,48869694.44432951,1.7916749028819443,1.7078983506944445,1.4459225407291667,1.1143174166666665
2025-12-18,268142.61770833336,47534822.391528286,1.6562147476388889,1.703777454861111,1.3374272180902778,1.125273527777778
2025-12-19,269056.1,48691196.69567266,1.549903643298611,1.738162,1.276735228298611,1.1630340868055555
2025-12-20,270965.7951388889,49150219.322387345,1.5783729241666666,1.8954425972222222,1.243517356111111,1.1544657604166666
2025-12-21,282891.4899305555,49676141.27816314,1.3257310677430556,1.8044597638888886,1.048083254548611,1.0495053333333333
2025-12-22,355451.21041666664,55995111.328240946,1.3627578879166666,1.79645471875,1.1417257488194443,0.9816816180555556
2025-12-23,374212.10208333336,56600940.31256422,1.5246900992708334,2.01942590625,1.3630044534027776,1.1034115069444443
2025-12-24,360949.97708333336,53665724.94914463,1.5370711386458333,1.9545330069444442,1.3359477083680555,1.183867170138889
2025-12-25,352823.62083333335,53294791.02247282,1.4866564487847223,2.003795892361111,1.306503347847222,1.0844140729166667
2025-12-26,340325.74583333335,52252822.46365026,1.3835130445486112,1.9561634305555557,1.2193222990972223,1.14951221875
2025-12-27,341017.0138888889,53154952.410593785,1.3634720148263888,2.0475689895833336,1.1627577167708332,1.1450078402777777
2025-12-28,347589.6548611111,53802505.83348577,1.3395736884722222,2.1574434618055554,1.1194774768402778,1.1143028333333334
2025-12-29,349752.6930555555,53310313.46299567,1.384302319861111,2.09162690625,1.1615007891666667,1.1807877118055556
2025-12-30,349943.4829861111,52608290.21945114,1.3688044122569445,2.060446545138889,1.1808878441666666,1.1705382465277778
2025-12-31,354869.3128472222,52571434.51268393,1.456882296840278,2.183523621527778,1.2352256366666667,1.1366588263888888
2026-01-01,359273.1670138889,52654010.50964982,1.4501411768055557,2.304114298611111,1.2288889720833334,1.2025703472222222
2026-01-02,350610.8590277778,53842587.54365471,1.3324196840277778,2.2358870416666665,1.0512930318402778,1.0680401493055556
2026-01-03,346917.2732638889,56215845.460579485,1.2686155483680555,1.9257553055555556,1.029297745798611,1.1339026006944444
2026-01-04,316682.03472222225,51837116.39215705,1.3943742459027777,2.017602090277778,1.124578082638889,1.0993391770833334
2026-01-05,299848.7652777778,50139468.40074942,1.4472691055902778,1.9702062812499999,1.1719479454166666,1.13047203125
2026-01-06,297135.03125,51380825.8914231,1.4460409942361112,1.825204302083333,1.1602456984722223,1.0780978645833335
2026-01-07,296254.1690972222,50387354.61352653,1.5082396955902777,1.903368361111111,1.234056764375,1.0695906527777777
2026-01-08,289406.0517361111,47840684.053459495,1.6522152496875,1.9517324097222222,1.3932516882638888,1.2239287881944445
2026-01-09,285772.975,47325668.73186243,1.6788688786458335,2.0032017916666667,1.395509197638889,1.1160911111111111
2026-01-10,285515.8267361111,47191984.61472938,1.6478583799652777,1.9743695243055557,1.383884853263889,1.1844103784722222
2026-01-11,283673.4899305555,47291960.81400821,1.4337093053472223,1.8839935520833333,1.2396460321875,1.2977339097222222
2026-01-12,282411.0333333333,46937417.775894165,1.5819527546527778,1.8092845347222222,1.3813620594791667,1.1060105347222222
2026-01-13,282809.7045138889,48327254.12887903,1.5813004544097222,1.8537849305555554,1.350303365,1.2868044270833332
2026-01-14,283486.85590277775,50289949.04977258,1.7054595259722223,1.746577298611111,1.4199312822569443,1.054216267361111
2026-01-15,277457.2989583333,48247292.05632136,1.9398248362500001,1.7620731041666666,1.7054502251388888,1.1372958715277777
2026-01-16,274738.1142361111,47359052.62617699,2.092807184166667,1.7149954166666666,1.8566660997222222,1.1630654965277778
2026-01-17,273138.46041666664,47805089.02435503,1.955252380625,1.741265923611111,1.7260359222916666,1.1706808090277778
2026-01-18,269122.50069444446,46766193.571368955,1.963892456701389,1.6641935208333334,1.697822694513889,1.1742496770833333
2026-01-19,271969.8260416667,44467971.17270756,1.9522649068055555,1.65716821875,1.6767623166319445,1.0441973958333335
2026-01-20,277929.3621527778,44133930.77543374,1.7380360688194445,1.8458519548611112,1.3877046232291665,1.0351918333333332
2026-01-21,286124.0215277778,44948687.60247734,1.6039939719097223,2.021891902777778,1.2653462821875001,1.3438931423611111
2026-01-22,271750.0604166667,43158158.85950884,1.8164504820486111,2.010548986111111,1.4256983420486111,1.2619508888888888
2026-01-23,269040.9086805556,42465654.94049408,1.806155615277778,2.0454531631944444,1.3763113182638889,1.2208104618055555
2026-01-24,270304.91527777776,42324796.17580288,1.6487395125347222,2.0246238645833334,1.2685413563194445,1.0310653194444446
2026-01-25,281115.98854166665,42922056.68375328,1.5192024526041665,2.0108454513888887,1.167558441875,1.1958825381944445
2026-01-26,292640.4246527778,44517621.491542615,1.4412431237499999,2.034342642361111,1.1340623442708333,1.3347800277777777
2026-01-27,296391.8513888889,45953729.12389567,1.5935398646875,1.783276625,1.2353406960416669,1.250106236111111
2026-01-28,287668.63680555555,45906973.12232681,1.730698914826389,1.5647981458333333,1.3993536029166667,1.1956279618055554
2026-01-29,287098.9274305555,43774726.917457014,1.9202495492361114,1.7076958611111113,1.5979180493402778,0.9729367187500001
2026-01-30,317385.3076388889,44782345.502440244,1.5318661542361112,1.982764,1.2364112915624998,0.9479964652777778
2026-01-31,341944.3909722222,45267402.443147525,1.3981293848958334,1.9817561423611112,1.1147059911111112,1.0951202291666666
2026-02-01,341370.3847222222,43217020.33358912,1.4589493016666666,2.073363670138889,1.1279688858680557,1.09698240625
2026-02-02,334942.9236111111,42464577.72431007,1.579677858888889,2.1599714756944444,1.2436416226736111,1.1090850694444443
2026-02-03,328459.39409722225,41671831.29906273,1.718594396736111,2.09848271875,1.3408370024652778,1.125163486111111
2026-02-04,328453.38159722224,41167364.72054468,1.7096944634722222,2.1644266805555556,1.3355399909722223,1.0899015555555556
2026-02-05,345981.7420138889,40116201.95142799,1.6838376704513889,1.9784756284722222,1.3181581751041667,1.0425147222222222
2026-02-06,375096.6045138889,40395010.58968768,1.511370185486111,1.7819815902777778,1.2085586987152779,1.06402403125
2026-02-07,338049.7704861111,38331186.42077497,1.4687328484027777,1.96201146875,1.1152019072569446,1.073344201388889
2026-02-08,330330.8961805555,37410422.18311585,1.510434720486111,1.9793573854166668,1.1381890569444444,1.1014431284722221
2026-02-09,356476.98333333334,40064472.87837255,1.4277655854513889,2.069805388888889,1.095415297361111,1.0426941597222221
2026-02-10,344512.5489583333,37846353.35494112,1.431341685138889,2.1387657881944446,1.0921459456597222,0.9926877152777779
2026-02-11,348309.55555555556,37387949.712376446,1.4438504055902779,1.8166507951388888,1.081688464236111,1.0111926458333333
2026-02-12,345302.51145833335,37748987.45687217,1.4466907858333333,1.6896666145833334,1.088314785763889,1.0800171805555554
2026-02-13,368283.5052083333,42188260.97010912,1.479824080451389,1.718645857638889,1.1404214424652777,1.0499938159722222
2026-02-14,370751.57361111115,46630979.33857584,1.6188825688541666,1.83865753125,1.2884363472222222,1.134069767361111
2026-02-15,382644.4451388889,48731100.585417554,1.7713986649305555,1.8597237500000001,1.367170593263889,1.2853979930555555
2026-02-16,378612.3340277778,47726444.491434604,1.9177775010416669,1.734741576388889,1.492102891840278,1.1193960868055557
2026-02-17,365740.13680555555,46201231.634090215,1.8107926046180556,1.7019059270833334,1.3762976742708333,1.0778784166666666
2026-02-18,365574.80416666664,45994921.59709929,1.8410977768402779,1.6825143020833333,1.4155413178125,1.1367893819444446
2026-02-19,341408.5652777778,41967881.55476181,1.8169159674305557,1.674968798611111,1.440946330138889,1.3602640138888888
2026-02-20,355187.4791666667,42988728.22101135,1.7745795371875,1.691950170138889,1.4203751945138887,1.0892048055555557
2026-02-21,380364.1267361111,45697931.821845196,1.3228062938541667,1.42650409375,1.0536451328125,1.1347306145833334
2026-02-22,365879.61805555556,43422083.253605574,1.3564633390625,1.421449923611111,1.090917740347222,1.4431247326388887
2026-02-23,353512.18020833336,40775770.86932504,1.3782130094791667,1.6073338368055556,1.1333696339930555,1.27358621875
2026-02-24,341552.2326388889,38852149.75341707,1.4580861793402777,1.7833277743055556,1.1946352971875,1.3451800937499998
2026-02-25,351018.1822916667,41750595.50061366,1.502275782152778,1.8549940000000003,1.2203501769791667,1.0871734791666665
2026-02-26,384419.51145833335,44377399.97663561,1.3788670540277779,2.4116523020833336,1.0754232516666666,0.9829996145833333
2026-02-27,381637.3618055556,44091491.54858376,1.2625645743402778,2.0675014375000003,0.9830413481597221,1.1941288819444444
2026-02-28,382310.36770833336,41782902.702924155,1.1879320141319445,1.9173403402777778,0.9301036838888889,1.040049638888889
2026-03-01,378489.1270833333,43161537.820489004,1.12889459,2.3176141631944445,0.8926796618749999,1.2849579652777778
2026-03-02,377058.01180555555,44454560.61710136,1.274609753263889,2.0716960555555555,1.0146310634375,1.1340323715277778
2026-03-03,386866.05000000005,44245932.76128151,1.5707332762847224,1.8459903715277777,1.2487876088541665,1.1192431597222223
2026-03-04,394765.4371527778,45096815.59131512,1.2057334745486112,1.6285139756944444,0.9616823144791667,1.0888104270833334
2026-03-05,384791.87569444446,44909745.83592487,1.2042687182291667,2.003358659722222,0.9277299662152778,1.1526413645833333
2026-03-06,353261.4635416667,40459711.65776566,1.334887300486111,1.9348375347222222,1.0484546121180556,1.1635043125
2026-03-07,344239.0409722222,37815346.11073172,1.1667850310416668,1.6220528437500001,0.907229605798611,1.2104678958333333
2026-03-08,359043.2954861111,38482462.8424767,1.1270133496180557,1.398889361111111,0.8885811971527777,1.1704327604166667
2026-03-09,382815.9003472222,40824958.08549533,1.1014784678472223,1.2611757291666668,0.8877591045138888,1.2099248263888889
2026-03-10,374895.13402777776,41569355.45100018,1.0754026346875,1.3459343263888888,0.8534590217361111,1.1856059270833332
2026-03-11,357031.7972222222,39560542.21665401,1.1272389990277778,1.3688636527777778,0.880203985798611,1.2235510798611111
2026-03-12,358835.97777777776,39334564.710610114,1.1525320728819444,1.330493684027778,0.9087675035416667,1.1080965034722223
2026-03-13,371388.9079861111,42508094.59178284,1.2024345382638888,1.4310894409722221,0.9249791739583334,1.2009798472222224
2026-03-14,369660.4895833333,41044810.932668686,1.3438579714930556,1.4303330798611111,1.0241479907638888,1.1894164131944445
2026-03-15,364321.5756944444,41155436.791370906,1.2778247045486113,1.7687341180555556,0.9690920835069444,1.108728246527778
2026-03-16,359252.4996527778,43049266.57045353,1.3482528069444444,1.9652653368055555,1.073098780798611,1.158881451388889
2026-03-17,342859.0875,41614653.03060136,1.5602049886111111,1.8981557048611113,1.289831651076389,1.0742402291666666
2026-03-18,334059.5833333333,39268326.899468094,1.6098158803819445,1.8528919722222221,1.304508502986111,1.1662769409722222
2026-03-19,334880.921875,38048642.830560476,1.5015230743402777,1.6518940416666665,1.2053294765972222,1.0814379097222222
2026-03-20,340579.5704861111,37915087.830789626,1.3218680089583335,1.4110410381944445,1.049740522951389,1.111987
2026-03-21,344923.91458333336,38479745.550691016,1.2345989481944446,1.3994376597222222,0.9649267331597221,1.45336940625
2026-03-22,359820.8534722222,38733267.3530196,1.189644726701389,1.3537919444444446,0.946683401875,1.2275675902777778
2026-03-23,364472.52673611115,39544057.46637903,1.111477130486111,1.4463790347222223,0.8873553290624999,1.3364507152777778
2026-03-24,368339.02256944444,40489702.574878484,1.2020128922569446,1.8525160659722222,0.9366705681249999,1.1470522048611111
2026-03-25,359232.3986111111,40719495.65966728,1.2886956642013887,1.8362140138888892,1.0223523731944446,1.248414625
2026-03-26,379189.2798611111,40695147.171990156,1.4086601745833334,1.78465890625,1.1110445075694444,1.141106204861111
2026-03-27,401543.4586805555,41098001.92539975,1.2126137359375,1.7464797916666666,0.9588119096180555,1.233972579861111
2026-03-28,423270.8496527778,41258990.23435715,1.1902243403472221,1.7276032083333335,0.9508366168402778,1.2104194479166666
2026-03-29,432809.71145833336,41574298.33795449,1.1729204358333334,1.6725995833333334,0.9385250798958332,1.202153638888889
2026-03-30,427192.8142361111,41780902.05516443,1.1706598651388889,1.7714531249999999,0.9091404715972222,1.23056615625
2026-03-31,422335.7392361111,41180243.80760327,1.2566148552430556,1.8530372291666666,0.9594671263541668,1.322971076388889
2026-04-01,420073.0024305556,41588105.71690657,1.295879610763889,1.7591617083333333,0.9740389749305556,1.1657755486111112
2026-04-02,407753.1847222222,38521237.601208076,1.3317979599652778,1.758992423611111,0.9829578028472221,1.0480062048611112
2026-04-03,398062.02812499995,37758512.75578338,1.3171595496180555,1.8936586770833332,0.9804613882291666,1.3742190069444444
2026-04-04,387119.49131944444,36663139.37093142,1.2920102665972222,1.9312450381944446,0.9647495315625001,1.356756329861111
2026-04-05,398818.953125,36916642.37125383,1.2891551127083334,1.9512087673611112,0.9701353664236111,1.3405232395833333
2026-04-06,403720.9315972222,38628875.20716253,1.315980231423611,1.8975634027777777,0.9552804661111112,1.4430632430555557
2026-04-07,444520.25625,40112296.78754261,1.3124963508680556,1.7025336666666666,0.9620536713194444,1.1303350347222223
2026-04-08,432477.8590277778,40905408.50098545,1.3265817440972223,1.584953170138889,0.9529676857291667,1.1751287118055556
2026-04-09,422967.5055555555,38358784.03874886,1.3474567106597222,1.6531627534722224,1.0055555887152776,1.2043029236111111
2026-04-10,429649.34791666665,39263017.57776055,1.3668719275,1.5939802222222221,1.0345681922569443,1.2485490416666667
2026-04-11,427443.35833333334,39734012.29179798,1.3887289745138889,1.5433405520833334,1.0354616280902778,1.1965496770833335
2026-04-12,441626.2864583333,39856012.64021366,1.4772235580555555,1.5697844722222223,1.0955676520138888,1.1397558715277778
2026-04-13,448344.8982638889,42684619.32460183,1.3817263343055555,1.5358296319444444,1.0683206231944444,1.12440221875
2026-04-14,436291.3652777778,43626132.578122705,1.5626885019444443,1.4051215694444443,1.2059895430555556,1.1957806041666668
2026-04-15,460056.37847222225,47494563.816693395,1.5309585221875,1.4297470520833333,1.2312932392708333,1.1820936770833332
2026-04-16,465308.34062499995,50571280.9605497,1.4901835284027778,1.4787047048611113,1.2840074057291666,1.2408123263888888
2026-04-17,436743.6979166667,50397876.36199752,1.5716083185763887,1.599051861111111,1.3416535090625001,1.145535263888889
2026-04-18,451066.5020833333,50188148.345309824,1.6538055096875,1.6863456145833333,1.3647048999305555,1.2293955034722222
2026-04-19,547168.1656249999,50679896.13224454,1.75121205625,1.7173158090277778,1.339535906388889,1.0169583055555556
2026-04-20,614443.91875,55847608.75494358,1.6385557068402778,1.703462527777778,1.317589352951389,1.0584333854166668
2026-04-21,679654.8684027777,62589692.67026949,1.5499520234375,1.463923545138889,1.242066176076389,1.0892967256944446
2026-04-22,652902.2944444445,61136175.6209554,1.4930097016666666,1.4882910659722224,1.2002371556944444,1.227584017361111
2026-04-23,617610.3934027778,57204051.98420355,1.4246849802083335,1.6100945,1.1158024348958333,1.1863591388888888
2026-04-24,651222.1340277777,61254140.29196668,1.4337866901736112,2.057610798611111,1.1041428387152776,1.133768388888889
2026-04-25,645863.4465277777,61191549.2540386,1.4022501552777777,2.0478457083333335,1.1147355409722222,1.2801586909722222
2026-04-26,643215.8135416667,61259820.60359498,1.4306460728125,2.2472915763888888,1.0993171027430555,1.4738894479166667
2026-04-27,649746.15625,62881146.281127214,1.4267192269791666,2.159141791666667,1.1214527882291667,1.1233871805555555
2026-04-28,649433.2260416667,62900608.102106184,1.5204087273958333,2.0732407916666666,1.2384610398958333,1.3654955104166666
2026-04-29,635819.3944444444,60749777.73014727,1.4752608282986113,2.03041046875,1.2179687169444444,1.125383965277778
2026-04-30,589189.9899305556,54687681.22739956,1.641908572951389,2.0600423020833336,1.2729045835069444,1.2122028055555556
2026-05-01,592007.2093750001,54918235.71516563,1.5604711271527778,2.1631399930555557,1.1958917032291667,1.3218000833333334
2026-05-02,604034.5,55845992.44403202,1.5014909617708332,2.2015563715277775,1.132399552673611,1.2239310381944444
2026-05-03,605537.2736111111,56036218.68855853,1.543413921111111,2.2510195694444444,1.1434808628819446,1.4632805763888888
2026-05-04,602158.4875,55992336.49275229,1.5123029835069444,2.373089670138889,1.1298428850694444,1.224579923611111
2026-05-05,588100.3611111111,54799515.184562236,1.5051612773958334,2.454971881944444,1.1118863380208335,1.2078676631944445
2026-05-06,587666.9697916667,55271792.94412841,1.5808750466319443,2.840037173611111,1.155995490138889,1.101387326388889
2026-05-07,591643.9847222222,54979246.60686199,1.578134255625,2.647208059027778,1.1578307185416667,1.1381603333333332
2026-05-08,595832.2059027778,55695077.84931583,1.5534431694444446,2.4987905208333334,1.1595447139583335,1.0022410763888887
2026-05-09,577349.2041666667,55563376.948041975,1.7450867318055556,2.6742016180555557,1.2671345424652778,1.0765983541666666
2026-05-10,573957.8201388889,56243634.07850009,1.8012717983333333,2.465648815972222,1.3468230254513889,1.1894010694444443
2026-05-11,553048.3628472222,55733701.9964471,1.856834255034722,2.3081788055555554,1.4562287409375,1.0762085208333334
2026-05-12,533743.0888888888,52331434.137821004,2.0285084026041664,2.228678017361111,1.5951564534722222,1.2495006041666668
2026-05-13,523291.2131944445,50813323.076149486,1.9216650063541667,2.113353423611111,1.4765957518750001,1.2633495937499999
2026-05-14,514067.11701388884,50260915.57469228,1.9096491359374999,2.211880854166667,1.5086901010416667,1.2449950138888888
2026-05-15,495411.5840277777,47231611.36092883,2.1691350350347225,2.3200831770833332,1.7018603781250001,1.24361659375
2026-05-16,537158.7715277778,48558518.44224653,1.684226913472222,2.016878559027778,1.2680689218749999,1.2383989444444445
2026-05-17,556210.8743055556,50285032.06381097,1.637357691388889,1.9109201909722222,1.2433672942708334,1.42091534375
2026-05-18,553175.5958333333,48991108.31626603,1.5973109121875,1.9890514583333332,1.2051377125694445,1.164276486111111
2026-05-19,564114.8694444444,49992402.17472527,1.6627047337847223,2.0111343958333334,1.2481751537152777,1.1882153541666667
2026-05-20,561842.4125000001,49370480.06389291,1.6509129822916666,2.1569808020833334,1.2347623365972222,1.2747041458333335
2026-05-21,568544.9513888889,50505133.91183898,1.65746338,2.0925818229166664,1.2402705039930555,1.1907597118055557
2026-05-22,602507.4142361111,52814777.02576419,1.6934985237152778,2.054469090277778,1.263686641736111,1.1643957847222222
2026-05-23,623356.4833333333,53227450.33387053,1.5660976776041666,1.9752554340277777,1.1753243715972221,1.2083715243055557
2026-05-24,593297.1736111111,51139768.34530435,1.6196875864930556,2.093245385416667,1.2024877240277778,1.271847579861111
2026-05-25,575738.1236111111,49772435.00048385,1.6979098805208332,2.06947490625,1.2506965960416665,1.351244829861111
2026-05-26,565892.5305555556,48891188.200525075,1.747251420763889,2.071235329861111,1.2859208865972223,1.3526566458333333
2026-05-27,578538.0114583333,49269493.12720188,1.859770854861111,1.9218862395833334,1.379344368298611,1.2556895729166666
2026-05-28,588370.636111111,47631584.91338773,1.7376119288194445,1.9360270902777776,1.2812607008333332,1.1096912951388889
2026-05-29,570601.9312499999,46646729.51330218,1.6868411832291668,1.9174858958333334,1.2459848776388889,1.2844686006944446
2026-05-30,550242.9211805556,45668788.10933948,1.8267390956944445,1.99325234375,1.345894814826389,1.3380119131944443
2026-05-31,546870.3218749999,45082866.941170074,1.9127336835763888,2.073571652777778,1.3895955950347223,1.1672594583333333
2026-06-01,546667.2836805555,44225314.66445544,1.8589297046180553,2.1403590833333332,1.328438893125,1.2065652743055555
2026-06-02,571727.1958333333,44078621.79178631,1.6942450038888888,2.2419286319444445,1.2098290617361112,1.0712925
2026-06-03,554516.3083333333,41684487.12957532,1.5986789142013889,2.2370138958333334,1.1641095760763889,1.2893703958333333
2026-06-04,532400.254513889,38155151.84287291,1.6314317959722222,2.300052184027778,1.1730900414930554,1.1885883055555555
2026-06-05,594009.5048611112,38829314.05230763,1.6617677996180555,2.101636204861111,1.2296411192013887,1.13240209375
2026-06-06,665080.0371527778,40445527.82610071,1.7353393295486113,2.021029635416667,1.306482371388889,1.0788879618055556
2026-06-07,653140.734375,40899887.990195185,1.685443252986111,2.0043483472222223,1.29479954125,1.2234288784722223
2026-06-08,645495.0069444445,41031347.7975825,1.70573306,1.9889417083333332,1.3027217203819446,1.186033763888889
2026-06-09,644032.8875,39960860.168275334,1.8206393409375,2.00926475,1.3444102084722223,1.1365814444444444
2026-06-10,639263.8361111111,39425672.50720593,1.7126657764583333,2.041288409722222,1.3050672539583335,1.0731237743055555
2026-06-11,630181.2482638889,39953292.74061003,1.7811661849652778,1.9471314722222222,1.3722842539930555,1.1994942013888887
2026-06-12,613462.2711805556,39530438.74385157,1.7964164006249999,1.9438362048611113,1.373994411388889,1.1125129375
2026-06-13,613817.1892361111,40601534.5353738,1.8735308352777775,1.8873906354166665,1.4484789103125,1.248234173611111
2026-06-14,617248.6173611111,40965367.8981447,2.0268600556597223,1.8085024444444444,1.5916604362152778,1.1830615624999998
2026-06-15,619767.5336805555,44995726.82972278,1.9099187659722223,1.7111953055555555,1.5934728556597222,1.1421545069444443
2026-06-16,615011.4621527777,46039257.96662904,2.1225699227083332,1.6957990486111112,1.902433633784722,1.2348652430555556
2026-06-17,600161.5215277778,45344023.21509331,2.187775525034722,1.650117013888889,1.9327250939930556,1.14438409375
2026-06-18,582346.7562500001,42858161.101110436,2.1340179482986112,1.7005676284722222,1.9043177769791666,1.1499648645833334
2026-06-19,583222.6586805555,42600750.43171827,2.1761480116319443,1.6327150208333334,1.9365777671180555,1.262393579861111
2026-06-20,589373.3288194444,43900840.20050549,2.1408276331944447,1.7033453194444443,1.9024607024305555,1.1894796111111112
2026-06-21,589812.1447916667,44204002.5405439,2.2118340037152775,1.747474798611111,1.9618177604166667,1.272450642361111
2026-06-22,572690.9586805556,43305211.52546675,2.1028583258680555,1.8462242743055555,1.8389473422569447,1.2410371041666666
2026-06-23,560216.9760416667,40897187.44788297,2.0990665664930557,1.9505627708333333,1.7996281160069445,1.1656115520833332
2026-06-24,593396.9461805555,44154595.57735063,1.838694588576389,1.8459309930555554,1.6134912145138889,1.2245521284722223
2026-06-25,658499.1496527777,53884222.17867642,1.886669875625,1.526242576388889,1.8624206277083333,1.1053629027777778
2026-06-26,649953.7604166666,57590548.467138566,1.766568020486111,1.5114604895833332,1.7811686388194445,1.1116759131944445
2026-06-27,703479.2,66936045.88,1.59548369,1.694399,1.5902791,1.294764
