date,oi,oi_value,toptrader_acc_ls,toptrader_pos_ls,global_acc_ls,taker_ls
2021-12-01,100868.26434722223,57993943.31849231,2.786654971770265,0.9596252824114584,3.2121933527503277,1.1334368820190972
2021-12-02,100291.46127083333,56714863.69889182,3.3206178442349024,0.9643736371100695,3.633004430721278,1.0930932241875
2021-12-03,107471.40435416666,59545949.02260672,3.857648933438705,0.9312909859249999,4.180248327486388,1.045758724102778
2021-12-04,97677.83686315789,46262159.03025806,2.544482930705785,0.8431337293736842,2.743300480887197,1.0639271827684211
2021-12-05,94955.27654513888,43615874.08201262,2.1129604942807,0.8218870079020832,2.2476365388442154,1.096759114479514
2021-12-06,95130.00334375,42495698.64743065,2.0891416578381605,0.8325241632239584,2.1669718669896336,1.0816681220576387
2021-12-07,91148.27757986111,43228327.534192525,1.8161013038794591,0.8182262397920139,1.8913091948624086,1.1213094240125001
2021-12-08,86367.60511458333,41092834.7108746,1.8795231477332672,0.81671698781875,1.9712136512144403,1.0589394616381944
2021-12-09,89632.18123611111,41451037.85123722,2.1452519730390716,0.801959380940625,2.3088286087485277,1.1418789835711807
2021-12-10,98013.37672916666,44351247.39928348,2.3212001380352176,0.8324191189906249,2.4599033997676507,1.117634887139236
2021-12-11,92399.78406597223,41783323.26402036,2.1423760281061153,0.801435177611111,2.2737001115516353,1.1409549722947918
2021-12-12,89431.88011111111,40544007.46530993,2.064218979544912,0.7847520888628472,2.214883795204462,1.1346408325270834
2021-12-13,92274.7557048611,40487805.49970932,2.674465503761736,0.7760059734121527,2.9283419123827192,1.0617600951770834
2021-12-14,94024.50741666666,40373093.53491669,2.632583653755323,0.7704045250111111,2.7880707670384,1.0716015850180556
2021-12-15,90583.11367595819,39284405.09816329,2.4908604625070163,0.784544789030662,2.589646789335088,1.0887800607763065
2021-12-16,87877.1142326389,39148639.935251124,1.9130878326726952,0.8103949490253473,1.9659088476883666,1.066390783213889
2021-12-17,95026.24596527778,41002883.78047088,2.357031549565359,0.797337575103125,2.490911795356577,1.0773147630149305
2021-12-18,94709.02514236112,40967178.09785082,2.2613019878426623,0.8037876451548611,2.369518423855501,1.2005605747399306
2021-12-19,90548.42201736111,39618074.01423,1.8390998442697455,0.8184532393302084,1.9390149783551207,1.13979689996875
2021-12-20,94022.96394791667,40254701.46898268,2.1382558500046667,0.8038449878256944,2.332981923871555,1.1466177787309029
2021-12-21,93250.93163888888,40572502.678919464,2.078910909574489,0.8340412752847223,2.2041586560031474,1.1142522610170138
2021-12-22,100782.34210763889,44420124.56951919,1.945405455235694,0.8469431807604166,2.1369727514988686,1.0498284693840276
2021-12-23,102587.00378819444,45502492.360093415,2.107211449588787,0.8527870493729167,2.2883258126550987,1.1234538425739582
2021-12-24,102203.35919163763,46611339.64632522,2.126851736121731,0.8913019834818815,2.2206013947355263,1.1309918276560975
2021-12-25,103603.03755902778,47024109.2762787,2.1390191469957274,0.8943534133218749,2.2834221123864586,1.155004382892014
2021-12-26,103315.62575,46504856.31752784,2.3871399707326586,0.8826822343878473,2.581532302863407,1.0110330313138889
2021-12-27,105126.27474305555,48452270.070648745,2.088029751094315,0.9010130095625001,2.1979441028452595,1.2326497399503473
2021-12-28,98794.88869791667,44517598.482499465,2.4579088958719257,0.8929322896854166,2.5734623717791703,1.0121063367013887
2021-12-29,96736.90549128919,42460520.53824177,3.112424688756446,0.8633026103195123,3.3002212986902864,1.1506691303299652
2021-12-30,95990.28890972222,41392040.47537318,2.4137339160554205,0.8587204245325714,2.547869633302705,1.1900507943217142
2021-12-31,96985.71348780488,41745009.58258422,,,,
2022-01-01,97928.41496180555,42941180.81399814,,,,
2022-01-02,99257.92233680555,44345753.08852201,,,,
2022-01-03,96359.20869791666,42511453.30088154,,,,
2022-01-04,93883.5413888889,40529146.41383426,,,,
2022-01-05,93615.73262152779,39695482.71624251,,,,
2022-01-06,98285.03872916667,38903435.78075734,,,,
2022-01-07,100069.5890138889,39013817.10441294,,,,
2022-01-08,101341.72597569444,38807730.560751095,,,,
2022-01-09,100814.54027430556,37861929.189121075,,,,
2022-01-10,102947.6568923611,37825318.46908321,,,,
2022-01-11,104293.14202777778,38279864.46280301,,,,
2022-01-12,107177.18276736111,40287101.22713804,,,,
2022-01-13,107497.7519861111,41242342.32041543,,,,
2022-01-14,116238.37237152777,44810656.212875515,,,,
2022-01-15,115025.86866666666,44685998.18676025,,,,
2022-01-16,114404.68730555555,44400918.43030545,,,,
2022-01-17,116157.48144097223,44153405.50325977,,,,
2022-01-18,120298.26267361111,45962918.28973988,,,,
2022-01-19,115537.77815277777,43104894.614490956,,,3.2441529974397967,
2022-01-20,113648.59023958334,42382737.40979547,,,2.9822074576717426,
2022-01-21,116143.98945138889,39419924.256015025,,,4.061985910301664,
2022-01-22,108681.68815624999,32147727.665621478,,,2.9228578660796964,
2022-01-23,103601.13018749999,30323455.527953524,,,2.428417769392758,
2022-01-24,116939.26956597221,33170723.889603138,,,2.20433251519978,
2022-01-25,114424.48506597223,33063467.018284366,,,2.135733104328932,
2022-01-26,114704.75859722222,33961448.894323766,,,2.0570150610737463,
2022-01-27,115488.46029861111,33098930.62823953,,,2.3017483286435536,
2022-01-28,113048.44849652778,32713793.858393803,,,2.0891317278240518,
2022-01-29,111561.15466666667,33019139.50766835,,,2.041131257557274,
2022-01-30,113760.23492708334,33619907.009534635,2.0369928103472223,0.8447239319791666,2.0355794534375002,1.0892798735416667
2022-01-31,131023.63279861111,37023913.05589211,,,2.3751098396173758,
2022-02-01,129276.04190625,36991329.760548264,,,2.22389036554647,
2022-02-02,128474.5836701389,36961534.05136913,,,2.2038540372000615,
2022-02-03,131096.68236111113,36141536.311607435,,,2.2897465823725076,
2022-02-04,131926.81257291665,38005916.63478938,,,2.3152500945710175,
2022-02-05,129307.26631597223,40696302.27302066,,,1.99476962953112,
2022-02-06,132075.27690972222,42463564.785372816,,,1.887082568819083,
2022-02-07,127076.47172916667,42469813.3601519,,,1.7975064603901498,
2022-02-08,123173.50449999998,41583934.633853644,,,1.7931805131853704,
2022-02-09,119952.16832986112,40771834.04310989,,,1.8017134895439055,
2022-02-10,124441.50030555556,43245086.09398695,,,1.5890578674863198,
2022-02-11,121517.17754166666,40587931.527431294,,,2.0849145478290705,
2022-02-12,120802.89817013888,38763294.02675559,,,2.2561979867782496,
2022-02-13,127705.72109027779,42133048.92686741,,,1.6123464451397895,
2022-02-14,127974.38542013889,41748204.940158084,,,1.6268625376382966,
2022-02-15,122677.53190625,41307985.46477655,,,1.6518696178814807,
2022-02-16,125545.40447222222,42158246.75313234,,,1.712938546173714,
2022-02-17,127267.04913194444,41348682.47925733,,,1.940582619159763,
2022-02-18,123948.0064652778,38809522.659701094,,,2.2102338442295686,
2022-02-19,123877.47892361111,38566582.33017766,,,2.230265818043493,
2022-02-20,129084.95854513888,39038870.579074495,,,2.4663267578600503,
2022-02-21,130526.31268055557,39324904.003959194,,,2.3765775275105936,
2022-02-22,142991.09564236112,40998741.04132872,,,2.5457393263406876,
2022-02-23,138927.9124826389,41188358.39024606,,,2.3204217194997465,
2022-02-24,146820.85537847222,40633358.02354028,,,2.2447382938777203,
2022-02-25,144977.82327083332,43438927.48837086,,,1.84559059826708,
2022-02-26,134981.16994791667,42622927.81035657,,,1.5137778583630737,
2022-02-27,134333.25060069445,41855147.04592161,,,1.690624969252728,
2022-02-28,141796.25021180554,44740482.798567384,,,1.5838807435333855,
2022-03-01,142466.21986458334,46830308.63361624,,,1.4735089765401768,
2022-03-02,145253.40108680556,47068066.36758759,,,1.6450726013244827,
2022-03-03,147716.8532013889,46531497.279289,,,1.831656422427668,
2022-03-04,144959.74189930558,43813816.63877309,,,2.120370433052939,
2022-03-05,149341.9376875,43346189.90510907,,,2.4910438335176375,
2022-03-06,150187.08986111113,43550094.482965715,,,2.49335448391431,
2022-03-07,96984.27435763889,27207155.62639395,,,2.5788885424331056,
2022-03-08,144684.93494444445,40839311.77517598,,,2.025526660335463,
2022-03-09,146154.82405555557,44266254.96238563,,,1.724916524823217,
2022-03-10,141166.01990277777,41112785.44870395,,,2.062303369651416,
2022-03-11,139273.12972916669,39930111.43276698,,,2.413583801424398,
2022-03-12,141593.03141666666,41259734.167914554,,,2.4378628780621234,
2022-03-13,143946.29662500002,41680318.1338073,,,2.5634494573315916,
2022-03-14,144465.01567708334,41007731.17844404,,,2.3014275307028624,
2022-03-15,147113.1537291667,42171129.870369665,,,2.3019337345391495,
2022-03-16,148808.4975347222,43579006.16896492,,,1.9540554760896296,
2022-03-17,146619.27748958336,43556383.995648794,,,1.638898344358004,
2022-03-18,147620.81564930556,43986823.81075889,,,1.6787382709102918,
2022-03-19,155083.18516666666,48802651.68484525,,,1.2351896442997177,
2022-03-20,160257.71596180554,51585952.59705282,,,1.0113572191250237,
2022-03-21,168035.04809375003,55644080.07466097,,,0.9531431722169916,
2022-03-22,191504.1865798611,70061653.11410719,,,0.7535901285763145,
2022-03-23,181437.9950277778,65728250.69478675,,,1.0487991758891688,
2022-03-24,166187.16180902778,59782654.24718455,,,1.2071381329801825,
2022-03-25,164398.43682986114,59715082.85894154,,,1.1477475326532711,
2022-03-26,165514.61474305557,59790539.69373361,,,1.1364575490988562,
2022-03-27,161759.25364930555,58664790.46836601,,,1.2306662217073097,
2022-03-28,158805.00021527777,60108188.56304386,,,1.1465853302845384,
2022-03-29,158210.2949375,59156163.05993049,,,1.183547147427259,
2022-03-30,152071.08704166664,57318174.92594422,,,1.138753100638821,
2022-03-31,141528.70042361112,53692334.45769424,,,1.0972800020785793,
2022-04-01,114940.41297222223,43114614.17994063,,,1.0359727618399517,
2022-04-02,116037.39462847222,43812818.718818635,,,1.3053574567533581,
2022-04-03,112545.93216319445,42284412.346579365,,,1.350513514887414,
2022-04-04,111067.97248263888,41522862.24069354,,,1.3364213056719405,
2022-04-05,109127.69241319444,40793520.53217146,,,1.2611407955993035,
2022-04-06,107755.58519097223,37717553.56241356,,,1.2879912583426139,
2022-04-07,109751.13268055556,36720908.51851323,,,1.904616789607629,
2022-04-08,108319.93857986112,36044522.6226816,,,2.1282028306798297,
2022-04-09,104840.28882638889,34049614.00537166,,,2.4359783969810334,
2022-04-10,107044.56813194446,34948661.918203145,,,2.380187084008412,
2022-04-11,114245.02014930555,35069679.01884052,,,2.583140453599275,
2022-04-12,117358.45941319443,35382704.504892856,,,2.6957635087058356,
2022-04-13,139231.98846180557,45136494.55519089,,,1.8169991366050935,
2022-04-14,155626.5537673611,52906768.18775137,,,0.8587430942189636,
2022-04-15,144240.28824305555,48825961.99857701,,,0.944934802385082,
2022-04-16,149678.93183680557,51272804.801947266,,,0.8383057281681665,
2022-04-17,154022.75726736113,52717066.77011499,,,0.8122263465682802,
2022-04-18,134220.6092013889,43568950.328566186,,,1.4272542716407228,
2022-04-19,120654.42471180556,40588113.69264013,,,1.393278653476254,
2022-04-20,116496.38718402777,39224511.73809513,,,1.5154273980229158,
2022-04-21,112123.83448611111,37239877.60338942,,,1.66449355264061,
2022-04-22,115754.29102777777,37293840.33781561,,,1.9023430319777543,
2022-04-23,118270.93031597223,37555463.68483371,,,2.279523341220498,
2022-04-24,115458.66420833333,36021636.70661637,,,2.550517852195789,
2022-04-25,118577.72970833334,36432310.032871805,,,2.1480071268835697,
2022-04-26,118795.15684722221,36800136.50384521,,,1.9858660470705938,
2022-04-27,115854.17515277777,35231923.98043657,,,2.226625853722999,
2022-04-28,114582.2374236111,35235853.69063756,,,1.9445755317492146,
2022-04-29,114180.34654166667,34348677.318802826,,,2.2037734959020474,
2022-04-30,116187.89978819444,33820290.09716676,,,2.4226519744718082,
2022-05-01,118816.58052777778,33219510.998729985,2.2859221535103678,0.7926407339,2.344325584282882,
2022-05-02,126588.37150347223,36024371.25287894,,,1.9294694716880656,
2022-05-03,126881.6391701389,36088143.29371674,,,1.8474012501099901,
2022-05-04,122964.71970833333,35440653.63598815,,,2.05381043994235,
2022-05-05,124590.83842708333,36231299.333055,,,2.0430743753899905,
2022-05-06,123131.5070798611,33727108.6512778,,,2.50801278915042,
2022-05-07,126233.54984374999,34551414.687590614,,,2.1690961086570444,
2022-05-08,126584.71400347223,33560294.09131796,,,2.5255586133278314,
2022-05-09,125583.47016319443,30872356.47344435,,,2.475920288482903,1.0551240928276315
2022-05-10,107978.86282291666,25049312.916225452,,,2.0010519592315847,1.1002616532950618
2022-05-11,106879.53829513889,23328649.24042336,,,2.0194917858018915,1.0168727317342858
2022-05-12,123426.49293402779,23707973.593635794,,,1.627780331349475,1.111577159577778
2022-05-13,111947.90461458333,23405389.05532141,,,1.3108122225070966,1.0618209421302085
2022-05-14,103107.30955208333,20889620.539693166,,,1.3548245025455925,1.0634572364305557
2022-05-15,124280.33731597223,25942995.485766362,,,1.362937045263915,1.0746451688777778
2022-05-16,126426.53203472223,25506032.05931653,,,1.4152031892020764,1.0716807503815973
2022-05-17,127650.32277777778,26194340.67654253,,,1.313613359376631,1.0738550486017362
2022-05-18,133835.74028124998,26568837.795544118,,,1.5855820505149885,1.1184190953527777
2022-05-19,137587.78039930557,26298304.489523944,,,1.7579440427618833,1.198236092873611
2022-05-20,133453.62430208334,25825528.60535057,,,1.7192681170010695,1.13332451183125
2022-05-21,133331.72931597222,25564241.09416864,,,1.7969713584047022,1.1265197215288194
2022-05-22,134989.66701041666,26498968.012467563,,,1.6312892733472848,1.2022947920656248
2022-05-23,136016.05152083334,27063517.473001763,,,1.618200664977464,1.0984083577722223
2022-05-24,134364.51957291667,25813105.61199348,,,2.0711355106269567,1.0985665403864582
2022-05-25,142130.26505902776,27434243.427078374,,,1.7394331556113876,1.119587674867361
2022-05-26,144080.30971180554,26666766.063068245,,,2.0238810673315375,1.121221453307986
2022-05-27,140262.96861805554,24914655.61573257,2.367704630892419,0.8186470584,2.228444147327353,1.0596913661597223
2022-05-28,141370.81054166667,25008588.54151887,2.310942803072331,0.8215723704125,2.198369851822497,1.1424025000302491
2022-05-29,144248.3831215278,26030842.09256569,2.077322156162079,0.8351622841131944,1.8637185154846314,1.1463149756822917
2022-05-30,143858.52500000002,27221170.734688565,1.9428956602316678,0.8862072753059027,1.7856798748912814,1.121517673389236
2022-05-31,144824.22459375,28679552.826946035,1.7468287239720701,0.7979692179065973,1.6542188181247353,1.0886858769447916
2022-06-01,151643.98477777778,29853775.27322801,1.8062150462963062,0.8101764368211806,1.701506220262164,1.055411718436111
2022-06-02,155926.28237847224,28998744.07490191,1.9429220263195033,0.7788661487440973,1.8271374290177453,1.1108723679315973
2022-06-03,159112.20347569446,29487773.129043046,1.8476970645894621,0.7713749772430556,1.7727707376435973,1.1903980080625
2022-06-04,150686.12764930553,27924530.029832467,1.8992458172864335,0.7770044620302083,1.9160512338069735,1.2051251189114582
2022-06-05,155092.60177430554,28779312.213604167,1.9099661752648112,0.8247602059131944,1.9582085506806988,1.2442984350864583
2022-06-06,152659.48521180556,28300152.37554451,1.9867889423565552,0.8897334926100695,2.056163659777747,1.068268545603125
2022-06-07,151609.64738541667,27010963.862604074,1.8953581449623853,0.9136980761684028,1.8700659394244659,1.204709007317014
2022-06-08,147856.26528125,26484293.267749548,1.8950808644055641,0.9062476878791667,1.8235998731621923,1.1555837880458333
2022-06-09,148687.82077083332,26275358.45321897,2.0611797267910337,0.9176568772454861,2.0524540613226607,1.1644656903246529
2022-06-10,147642.4006111111,25380465.423079338,2.070456063164844,0.9167041210368055,2.0819814797191936,1.1143001056298611
2022-06-11,145797.59345138888,23808629.436215345,1.9958261477134351,0.921068443435764,2.0162103561013724,1.1194676159944443
2022-06-12,145165.6129722222,22125299.551597062,1.9133470120881475,0.9324328879798611,1.84496592521358,1.1509705665368055
2022-06-13,147046.03853125,19755818.825000886,1.8215062256306866,0.9215286017107639,1.7489810066618667,1.0432203636770834
2022-06-14,149047.92472222223,18761855.13180609,1.8631116338561375,0.9106852880822918,1.7990091186402069,1.0795497075690972
2022-06-15,155788.43010763888,18727045.62410619,1.7939394276893859,0.9464908565319443,1.7603553340863567,1.0582813853697917
2022-06-16,167661.54499305555,19500777.45278202,1.8595270077977761,0.9770738392937499,1.820196567908554,1.019392771937153
2022-06-17,196075.93772222224,22414258.120863933,1.5253547544128059,1.00903867348125,1.6009544104142432,1.0476871304590276
2022-06-18,200666.88462152777,23550122.866957057,1.2889583177998911,1.001705609,1.2352033333800516,1.140507278557986
2022-06-19,212834.60146874998,25040153.397390082,1.4678233070028146,1.0339628059218748,1.4344754528081805,1.1518302289673612
2022-06-20,210153.18490972221,25230203.55085327,1.5711830960585393,1.0106560332263888,1.5479290072721799,1.1400063882065972
2022-06-21,233414.53310069448,27846170.66181233,1.8765559795350732,1.0652392380913194,1.9998783095659003,1.1056661078086805
2022-06-22,236968.61983680553,27310028.36616628,2.0197915903697754,0.9918410094218749,2.1897036904222924,1.006868776629861
2022-06-23,235280.5323645833,27258582.248015217,1.9316420323108199,0.9952047072888889,2.0640899460551005,1.0762210732416666
2022-06-24,257238.65083680555,30230677.102091532,2.111147760797793,0.9948566743046632,2.3656327684204492,1.1039986481402777
2022-06-25,302057.45791666664,34310172.665654056,,,2.9973391382002785,1.000803374184375
2022-06-26,314760.92106597224,36668658.410741016,,,2.9263915735839756,1.010310075003125
2022-06-27,326372.57413888886,37047991.862612784,2.519286387232875,1.0172567013,3.252455897924298,1.081881266620486
2022-06-28,387960.77282986115,42306154.125320606,,,3.2370922241617412,1.0321345591697917
2022-06-29,426280.5608333333,44618555.700561576,,,2.73142653126771,1.0622361052576388
2022-06-30,424408.5375694444,42772984.784277864,,,2.4844473731725074,1.062439759311111
2022-07-01,423590.34935763886,42956219.57795478,,,2.44535534526164,1.0119375109756943
2022-07-02,425624.63872222224,43902864.93324964,,,2.091413409715871,1.0922211078559028
2022-07-03,410078.35468750005,42567431.87683216,,,2.2352149733455744,1.0955510616753472
2022-07-04,402032.8942118056,42308135.87728482,,,2.099496899318194,1.1351308548645833
2022-07-05,392544.3474826389,41322580.80932772,,,2.287640137755522,1.1214478697840278
2022-07-06,396663.03568402777,41599102.10615273,,,2.3589196494085516,1.148313453336111
2022-07-07,407846.41232986114,43875804.076150104,,,2.132496006635499,1.185453452613889
2022-07-08,385339.2890486111,42365913.05690994,,,2.142859876168803,1.0998696773760417
2022-07-09,384437.0699756944,42476943.814862736,,,2.1611957946425826,1.1253905626222223
2022-07-10,384143.0470902778,41608769.12309189,,,2.3115766730528993,1.0788731007496528
2022-07-11,385062.5383923611,39974131.62015035,,,2.4666676915582606,1.1548585784697916
2022-07-12,413879.03134374996,41188729.40087954,,,2.5069727264490345,1.1107699652031249
2022-07-13,438260.61234375,43448499.5508472,,,2.4414467152259025,1.0417721964871527
2022-07-14,408433.6724618056,41396015.4611744,,,2.198843232198669,1.1951047160513888
2022-07-15,373541.8318854167,38944661.894149624,,,2.0507026361686767,1.165351812370139
2022-07-16,359082.3125694444,38232169.844821855,,,1.7139748673343542,1.1023010592993054
2022-07-17,353195.9424548611,39136218.895150036,,,1.6184051002619682,1.1611600865225695
2022-07-18,348223.41939583333,40473369.124152064,,,1.5419220110485439,1.0717920216194445
2022-07-19,312862.50875,38385382.006811395,,,1.549313712365066,1.0553042884763888
2022-07-20,293365.7549270833,37123993.06140574,,,1.4899214622558774,1.0612047794541666
2022-07-21,284472.44115277776,34564987.14011618,,,1.5570990344011948,1.077717131835764
2022-07-22,291688.5239965278,36657160.67532945,,,1.4245854270706317,1.101247443464236
2022-07-23,293044.446875,35973066.02229908,,,1.621485259197089,1.0507544156673612
2022-07-24,308843.61069791665,39550825.78305948,,,1.2741102059260438,1.2020504564381946
2022-07-25,312458.9395902778,39108910.23910281,,,1.60455250674237,1.0384118102618054
2022-07-26,299559.09515972226,34785822.56596715,,,1.7409568347919273,1.0750839423625
2022-07-27,290808.99104166665,34791794.60050563,,,1.6325771857067926,1.1297561822402777
2022-07-28,326711.15081944445,47525637.14603585,,,1.0713849158892428,1.0983156569888888
2022-07-29,414617.1597881944,63189518.472309366,,,1.3056021743626978,0.9747374217184027
2022-07-30,440864.04106250004,65194948.58459667,,,1.566277990099368,0.994150522745486
2022-07-31,430245.38844097225,62840518.54722169,,,1.7354793775457753,1.0629893800430557
2022-08-01,409112.18556944444,56634613.57637208,,,2.0673286907698287,1.0846541865694443
2022-08-02,400519.01701736107,53340999.01264314,,,2.193821169509874,1.04942735879375
2022-08-03,393948.3022534722,53731799.06037087,,,2.110714685619889,1.0834658233076389
2022-08-04,399286.25019097223,54163570.91900708,,,2.376065141559445,1.07117926746875
2022-08-05,399818.40177430556,54911133.63042804,,,2.2359884311933067,1.2250544582697915
2022-08-06,406899.8015381944,57340940.28383052,,,1.9601084773206583,1.0972592546645832
2022-08-07,401924.2226527778,56707089.82284476,,,2.0186479234282273,1.1102264240545139
2022-08-08,396177.9557326389,57110807.881432325,,,2.158544238204112,0.9784700655253472
2022-08-09,396592.56199305557,54911483.08634857,,,2.5398785706907265,1.0874842409576388
2022-08-10,404365.3679375,55372464.180149235,,,2.370696832964938,1.0932537875225696
2022-08-11,382787.3756458333,55110728.85590375,,,1.7586659315158295,1.003865702871875
2022-08-12,385255.54106250004,54498172.93097205,,,2.0395982424144554,1.1297618427625
2022-08-13,381180.8480694445,55051346.660918474,,,2.0390692768351357,1.0735403942739583
2022-08-14,382209.66411805555,54591757.97182504,,,2.185135079379295,1.0104226909246528
2022-08-15,391422.8988229167,53718254.212501235,,,2.603428237979589,1.0864558022003472
2022-08-16,399259.15418055555,54534730.24546843,,,2.452916444016031,1.029428267682639
2022-08-17,412520.71321875,56693912.16490492,,,2.2455572352459217,1.058373574901389
2022-08-18,426701.4420277778,56988020.124389544,,,2.4168242202166543,1.061423959884375
2022-08-19,434436.94534375,52487102.944737956,,,2.376443453086048,1.0484545303125001
2022-08-20,440261.62315625,50996070.39129709,,,2.4732540605568745,1.142624813417361
2022-08-21,442791.6348090278,51928273.97169899,,,2.3928913004596613,1.1234963208899305
2022-08-22,458152.0056805556,54456511.22726205,,,2.12461061514156,1.102262339465625
2022-08-23,525275.7633472222,67952201.219158,,,1.310423280790413,1.0909391507440973
2022-08-24,539770.9041493055,71911971.51524456,,,1.0341438480401277,1.0233649578072916
2022-08-25,475445.11231249996,62102926.31038422,,,1.4926198590718343,1.052052359415625
2022-08-26,462395.5306875,57648454.486675106,,,1.8687707493904564,1.0809938602479165
2022-08-27,447382.3814097222,51931205.64781622,,,2.2179060640394272,1.1115962797246528
2022-08-28,450283.46564583335,52463940.07213141,,,2.1374200966312134,1.1371162641385417
2022-08-29,444931.4645381945,51861817.83714407,,,2.0683849975913167,1.0686807408604166
2022-08-30,452012.68539236113,52856903.2181294,,,2.148779154492139,1.050552254675
2022-08-31,461906.61740625,53720791.21540818,,,2.1276948932676194,1.0831919573309028
2022-09-01,464400.62932638894,53494101.12109002,,,2.3807162181601904,1.0524732284559029
2022-09-02,460721.56930555555,53813755.921227366,,,2.0855675722109854,1.0454139191899305
2022-09-03,461979.63245486113,54194039.607742436,1.9059311174656581,0.990999634125,2.057555458362504,1.0938793996892362
2022-09-04,472780.5757395833,55409591.49034523,,,2.032273375013624,1.0201326541322917
2022-09-05,508349.1666041666,61207051.038633786,,,1.6151232116746632,1.1155074485541665
2022-09-06,514703.9538090278,62933961.14666111,,,1.460138383876716,1.0487588331996527
2022-09-07,484281.3946493056,55059644.522047326,,,2.515577716133947,1.0466730302197917
2022-09-08,520445.0361666667,64216804.35146049,,,1.223826054610817,1.068891326970139
2022-09-09,567245.6645729167,74409010.30681461,,,0.7037745851498125,1.0779006004059029
2022-09-10,532258.6033125,70613612.04656538,,,0.8678694387369371,1.087127574540625
2022-09-11,507179.7829409722,66356941.06988528,,,1.0423537967908754,1.1211942184631944
2022-09-12,476997.5222604167,61784024.65856976,,,1.295924583737082,1.0838643849253473
2022-09-13,448306.29830555554,55893661.39637759,,,1.7686336666691111,1.0719076148506945
2022-09-14,423715.8229027778,50388193.800671786,,,2.384674985331367,1.1519370152104529
2022-09-15,413469.5610763889,49134293.66897604,,,2.209085430679897,1.0782931005940972
2022-09-16,410664.2257847222,48560108.85416849,,,2.021119518694709,1.0748333113663195
2022-09-17,419903.7488576389,50908817.96744972,,,1.837982444128934,1.1295919961815972
2022-09-18,422245.96321527776,50047649.87171227,,,2.220360744040845,1.0946013241510417
2022-09-19,436488.94467708335,48012880.10933524,,,2.663969120451389,1.0619001750000001
2022-09-20,436840.28082986106,49199567.059462674,,,2.253670681770833,1.1022354267708332
2022-09-21,433571.73026041663,48941262.655578844,,,2.1973029329166667,1.0697658516666666
2022-09-22,429254.2654861111,48752051.89683126,,,2.042700483407039,1.0779813683774304
2022-09-23,416923.6127291667,48467214.8438029,,,1.8203640909377243,1.058187933577778
2022-09-24,442146.1016388889,53047469.25869993,,,1.2959802336883932,1.168303129565625
2022-09-25,435449.9043680556,50472709.56463442,,,2.009285797082927,1.0830931570069444
2022-09-26,435284.3501284722,50019750.03067639,,,2.298859195604483,1.0731768859875
2022-09-27,428928.8836284722,50273967.73018504,,,1.8843520703555585,1.1004134339322915
2022-09-28,432734.88013194443,48848995.791567475,,,2.4979514461628294,1.1142357488746528
2022-09-29,427456.2453784722,49319800.85134736,,,1.806207452358022,1.045592990018403
2022-09-30,458132.9534340278,54567162.4248014,,,1.2622317854653506,1.1136722335309028
2022-10-01,463737.9821423611,54747605.35503762,,,1.5447278531460542,1.0458472285597222
2022-10-02,450371.519375,52492822.30903097,,,2.2227293123340974,1.0923621044177083
2022-10-03,443480.9104375,51119193.8614206,,,2.389408219583045,1.1343785616892361
2022-10-04,448567.400625,53380283.96226775,,,1.663588945931673,1.125101913128125
2022-10-05,474046.7540729167,57625335.66418929,,,0.9717963400067542,1.1271684397302082
2022-10-06,459963.3670486111,55660444.17991313,,,1.1972289513999077,1.1311082531524306
2022-10-07,451940.446875,53266931.21846822,,,1.975774365463649,1.1306824864378473
2022-10-08,437214.20114583336,51326875.292960115,,,2.278611107393596,1.1121007399152778
2022-10-09,441608.2513055556,51827667.682588525,,,2.234558313300371,1.1222135252381944
2022-10-10,450749.76614583336,51995479.07666362,,,2.8539416731803957,1.1155072039107639
2022-10-11,463144.7868819444,51470109.62724912,,,3.2037895338348137,1.0580889839524306
2022-10-12,467100.2645138889,52206818.341378875,,,2.969547756115494,1.145612585648264
2022-10-13,460135.5496423611,49793580.28259984,,,2.7835199381419273,1.046891138865278
2022-10-14,441706.51741666667,48292053.563734785,,,2.3431920424880746,1.0816667152444444
2022-10-15,452937.47151041665,48965892.402667865,,,2.458033985718997,1.2619211336322915
2022-10-16,453033.13581249997,49598147.864873596,,,2.1792956580641833,1.2450933143774305
2022-10-17,446549.60688888887,49145954.97146539,,,2.1716256202455058,1.1725715675135417
2022-10-18,454321.4067986111,49733808.9349822,,,2.3511673946919767,1.0887262187468751
2022-10-19,461516.1723402778,49784840.69097321,,,2.5667749389335253,1.2071369320347223
2022-10-20,466687.3397604167,49924672.5016251,,,2.6850848830781375,1.0930487322899305
2022-10-21,468941.84321875003,49676411.855194174,,,2.686256600864728,1.0340009960329861
2022-10-22,459112.46465277777,49470960.916071646,,,2.241380097096323,1.2476503030006945
2022-10-23,452329.6297951389,49243707.66570191,,,2.032536431161766,1.1868198685159723
2022-10-24,445061.4149236111,48393495.94132367,,,2.0837799761287803,1.1004619565472222
2022-10-25,440384.4516215278,48469792.19416507,,,1.922173157587013,1.2734734694034722
2022-10-26,427279.47353125,48912873.352158576,,,1.388392770215212,1.1364301570083333
2022-10-27,423455.4947951389,48469125.73887226,,,1.394416034035131,1.151238911723264
2022-10-28,417056.33140625,47318660.59745421,,,1.6445711360844397,1.103266567296875
2022-10-29,420667.6079097222,49543224.740977675,,,1.3955206838890541,1.1028885507267363
2022-10-30,419200.2439027778,49322467.530787446,,,1.3340563542844843,1.033291898444097
2022-10-31,412027.6759444445,47526968.04443666,,,1.5884933924281799,1.0948781583211806
2022-11-01,418265.3868923611,48204132.98931876,,,1.6030932660304171,1.1467961949697916
2022-11-02,418221.3881215278,48181828.09548637,,,1.5301234408866147,1.07500684905
2022-11-03,406700.3289097222,47399795.63242225,,,1.4772559395887417,1.079335934428125
2022-11-04,429530.5129479167,52072341.14881324,,,1.1494348838927084,1.1369814243725693
2022-11-05,441612.6453784722,54799122.693270646,,,1.0173797277201209,1.1077093871447916
2022-11-06,428442.9582048611,52183399.875344135,,,1.1821906441102543,1.0024508590979166
2022-11-07,388351.91246875,45769600.87642068,,,1.7547439348325367,1.1074625631864583
2022-11-08,380802.3429861111,42306489.78854383,,,2.1969118993013725,0.9679332247097222
2022-11-09,382135.14313888893,37522409.12735727,,,2.6775774371195844,1.0073526280850695
2022-11-10,346853.29863541666,34144949.75106886,,,2.2370685494586597,1.049925946995486
2022-11-11,331741.69967708335,34036139.23985281,,,1.9153454494269424,1.032476090184722
2022-11-12,337205.48651388887,34124554.95669368,,,1.9712830069637117,1.1023392499625
2022-11-13,351170.86339930556,35418760.08179913,,,2.042677676882819,0.9394402824465278
2022-11-14,391651.2650625,39655065.958064,,,1.908012468495363,1.00207781376875
2022-11-15,416746.22842708335,43419634.358980626,,,1.7593020892978732,1.0786145434493055
2022-11-16,427612.1790381944,44846019.31432103,,,1.6726691822351107,1.1249253939868056
2022-11-17,430160.7309548611,44338480.371736005,,,1.6518267741986499,1.1877099977024306
2022-11-18,436615.1499722222,45601808.71143154,,,1.4754647857442469,1.1952904711354166
2022-11-19,448256.9064131945,46984945.88724783,,,1.2982466939729334,1.2348556110159723
2022-11-20,447328.2436319444,47028248.38796751,,,1.3583522396580985,1.135565470608421
2022-11-21,454462.3029409722,46777959.254131146,,,1.5390221244852942,1.0821246177944444
2022-11-22,474984.6381979167,50518917.35524188,,,1.1265090396988349,1.1655193980246528
2022-11-23,507904.86048263893,58148117.04494342,,,0.9257399181899176,1.1220549794430557
2022-11-24,503583.27564583335,58249130.121038735,,,0.9588862313030382,1.1366035653708333
2022-11-25,501419.01005208335,57445281.37834888,,,0.9561494585057778,1.1355480266277778
2022-11-26,488901.2112083334,55511949.18511895,,,1.1524091010090796,1.1671970901180557
2022-11-27,489138.3595555555,55189759.87397594,,,1.1890081008614424,1.1706637714947918
2022-11-28,460542.16897222225,50101734.34575681,,,1.5381814898778208,1.0424742158885416
2022-11-29,459261.5876423611,51167658.05473301,,,1.3785197859035119,1.14702372056875
2022-11-30,468572.13921180554,52757396.19937858,,,1.406590742776033,1.054664888176389
2022-12-01,469746.24546874996,52375963.12368533,,,1.4591050411342186,1.155006300325
2022-12-02,466156.1015451389,51389851.94451305,,,1.6384044135997724,1.1241835069663193
2022-12-03,479102.54367013887,53217841.66037378,,,1.4804132612837,1.262868738411111
2022-12-04,483625.16415625,53530534.132632226,,,1.5368676428706616,1.2617435482583332
2022-12-05,497113.87933333335,56257154.511193715,,,1.2223185274132011,1.1741234276378474
2022-12-06,481837.96547916665,53515390.2794135,,,1.7453541016385514,1.1318721982447917
2022-12-07,475294.2009375,52220626.30402725,,,1.7122966858596451,1.1063673430010417
2022-12-08,476937.3890833333,52455153.53507446,,,1.3856097711858308,1.2185075110694443
2022-12-09,477080.59404166666,52971342.29238722,,,1.3234491873752026,1.1172727197076389
2022-12-10,469886.61615625,51556278.6771445,,,1.6842173124713724,1.2202641281805555
2022-12-11,471418.98643750005,51248715.96797393,,,1.9897491070833193,1.1937677418788195
2022-12-12,481415.7654375,50693853.8420467,,,2.426271304272725,1.073888920790625
2022-12-13,469307.1467881945,50506863.78989623,,,1.8240285434107517,1.1510439672013888
2022-12-14,455424.8557743055,49876749.38749857,1.5851847622937771,0.8236524596257425,1.5274161085158164,1.0799739157965278
2022-12-15,457358.5618854167,49675671.494581915,1.5923515677774625,0.8119134589975695,1.6105533124467224,1.187111952167361
2022-12-16,459142.55172222224,48051431.996962704,2.193614533850378,0.8057113357944444,2.3113691687208253,1.1317842012604167
2022-12-17,470326.9990868055,47872007.70894589,2.367427789268691,0.8188259393559028,2.3223262759861574,1.157986829007639
2022-12-18,469994.70505555556,48092126.833461925,2.3612024525793354,0.8218240933892361,2.243684470229691,1.1628495640319445
2022-12-19,475099.3198611111,47954187.54548773,2.6900959258267947,0.8311358563277778,2.677898372763026,1.1069099506836806
2022-12-20,481303.9568125,48440041.58954727,2.9054647292486595,0.8523232241534723,2.9669831738788237,1.2269017961666666
2022-12-21,479210.81389930553,48305502.89720712,2.6494471558779047,0.8743783187312499,2.6149843766767003,1.2053934531645834
2022-12-22,472145.4966284723,47459063.040063135,2.748029436130967,0.8858314611322916,2.8014181455496985,1.3095145920440971
2022-12-23,469910.3760208333,47847087.988643795,2.698365946525182,0.9037574391048611,2.578851262093845,1.2628203358520833
2022-12-24,458547.6107465278,46760033.636786476,2.5557682412353406,0.9207908540954861,2.391256432729735,1.2798705815465279
2022-12-25,451303.958375,45543791.31875772,2.707573239412172,0.9146229764274305,2.669562419384918,1.1377182498625
2022-12-26,449871.4961944444,45902923.58921221,2.502274403950734,0.9156021400920138,2.4132665222164333,1.245520225926389
2022-12-27,453500.3702986111,46427181.95061629,2.3965908887179648,0.9292685763708334,2.241235214695719,1.091642121232986
2022-12-28,478853.6806631944,48086836.93808387,2.763997571445444,0.9508151999565972,2.88687612779082,1.0572088568767362
2022-12-29,481657.5769652778,47831518.80050541,2.9616514903009037,0.9364182383871528,3.1185495587929473,1.1810977656354167
2022-12-30,482143.5277013889,46583381.001591854,3.174339783785209,0.9428119062190972,3.337470565103997,1.0568212470600695
2022-12-31,480178.53186458326,46802463.28288987,3.0584600974719147,0.9491628675440972,3.054584766814382,1.3061243512309029
2023-01-01,479754.8478055556,46366099.46285664,3.278576649129389,0.9509838545385416,3.3482427340462353,1.2283699461090276
2023-01-02,487641.2778472223,47952171.567815356,2.9678078087530197,0.951913584036111,2.8409358194864875,1.2907683821552083
2023-01-03,480979.63003125,47845108.942920975,2.626247361132278,0.9466199622565973,2.3248649473748184,1.2692717691159723
2023-01-04,479484.20490625006,48567798.230944425,2.2611225732558724,0.9602554097322916,2.1392707720662254,1.2451150763097223
2023-01-05,470531.1883958333,48025613.37223565,1.9612128625716976,0.9630951148972221,1.8275455280742265,1.1096131743725695
2023-01-06,466999.73803125,46807864.4172378,2.2017708967013627,0.9574948976364583,2.1814312906132236,1.1019523492975694
2023-01-07,463978.57220833335,47174371.13250199,2.26291669364579,0.9622330876531251,2.1380610534435345,1.5099273065319445
2023-01-08,463455.4202361111,47225540.47766138,2.1184521150050806,0.9740763567968751,2.008501902986681,1.270098757707986
2023-01-09,438221.3465590278,46576741.096996546,1.5260148538749576,0.9643969534621528,1.5748171309509307,1.1060697018291665
2023-01-10,441668.33111805556,47483766.395366326,1.2648678847252142,0.9151081889065973,1.2986928961252586,1.1230987596802082
2023-01-11,444591.88441319444,47696775.993612684,1.1724731704648654,0.8970555487774305,1.2033944476077096,1.1696568618374998
2023-01-12,489249.4191284722,56017672.02376944,0.9422024067704164,0.9208450182694445,0.9777859151034005,1.089391100998264
2023-01-13,548493.9863194445,66379273.84037313,0.8492951634166972,0.9513739749322916,0.9156537761150996,1.094599551078125
2023-01-14,479314.6909930556,60525961.03770806,1.0175839305466894,0.9478871642131944,1.1324967101819667,1.023051719178125
2023-01-15,457132.4625451389,56878433.64081484,1.0910402170146782,0.9519142715444444,1.1539309193594434,1.0902624510493055
2023-01-16,439945.33188194444,54478130.48271999,1.1637401086315868,0.9671546385545139,1.266355538254366,1.09688040334375
2023-01-17,433813.76243055554,53742902.6724113,1.143677454233802,0.9639846426305555,1.2229940416893361,1.1575456001395834
2023-01-18,429971.5006909722,52954978.344669744,1.1449600240182674,0.9545501894965278,1.2627108694203393,1.0707086026750001
2023-01-19,425436.00144097226,51422434.25146488,1.0875625465043037,0.9452315792427084,1.1687838203813672,1.1314618867722224
2023-01-20,426995.7593472222,52170069.196226865,1.1725985375717598,0.932870439546875,1.2109086465257441,1.227625003112153
2023-01-21,431885.3240868056,55902076.361216776,1.2036710439080567,0.9447835284989584,1.2303196257238473,1.0675506081138888
2023-01-22,426087.76544444443,55169026.30612569,1.2614026313893911,0.9334490877826389,1.3669383588945017,1.0986665751135416
2023-01-23,445298.55860416667,59330149.81254975,1.16960227122437,0.9437988939208333,1.2329534255852304,1.0801058614665504
2023-01-24,445676.59764583333,59672156.910646915,1.2245230122608481,0.9493933698510416,1.289412645038502,1.0986339452607639
2023-01-25,418201.6218125,53995143.4122518,1.2639132617632314,0.9381187491121528,1.3970202147810171,1.1077438380166666
2023-01-26,413970.0749756944,54809901.687665865,1.283156598989015,0.9301381095871528,1.3433166434098491,1.0420174904597221
2023-01-27,430433.3393645834,57926349.559130765,1.182333672893071,0.9394228519732639,1.152399312396173,1.0762212137486111
2023-01-28,418127.0327569444,55762860.923864275,1.2853348163488432,0.924382104463889,1.2529748524376811,1.178909558015625
2023-01-29,424116.6398055556,57799556.53976836,1.1467878770233735,0.9199702687246527,1.1512527190857602,1.177945423292014
2023-01-30,417720.1851006944,55450290.213997945,1.3392287250276365,0.9027978917628473,1.4222820872398119,1.0641791274954862
2023-01-31,414057.41888541664,55294086.981604785,1.2373403228633604,0.8691066016652778,1.3079125088628567,1.1562244744649304
2023-02-01,408728.5240972222,54304372.71490184,1.3742402096820525,0.8676861277766551,1.4406299805157219,1.0826459494840277
2023-02-02,424425.6730381944,58862905.236882746,1.2332496515778317,0.8884094358788195,1.1228693479140888,1.0821350770913194
2023-02-03,416591.0458472222,57481177.04408102,1.3492308185498667,0.9001801314458332,1.3422991411179799,1.124115836176736
2023-02-04,415143.76923611114,57227277.36853543,1.536610345474161,0.9016348116291666,1.556986648884061,1.0770275155121527
2023-02-05,411236.3528993056,55925267.09685062,1.566402941340426,0.8944850257864583,1.6547652577750864,1.1349724148038194
2023-02-06,414900.8204201389,55368369.10204105,1.6692613321592416,0.8774314635975694,1.9280718699357182,1.1286842961055554
2023-02-07,418774.9988020833,55947110.818938345,1.5974099395246713,0.8768772933618055,1.8588258402184412,1.1490162884993056
2023-02-08,420207.42741319444,56194795.95471236,1.7382736192724986,0.8896270685809028,1.8644574771641922,1.1248728941329862
2023-02-09,431261.19656944444,55878339.41976502,1.793684033228903,0.8861390902871528,1.9863514811326992,1.0747871177493056
2023-02-10,449689.79880902776,57386841.325226575,1.372125650606577,0.8303115242628472,1.4897549133736285,1.0446536019763888
2023-02-11,441076.9933923611,54766568.13498989,1.6391129990900755,0.7782899196569445,1.8216413049542477,1.2966143812604167
2023-02-12,447903.3487048611,55920011.40758683,1.8044037214457995,0.7877510858211806,2.013151203570419,1.1929816699493054
2023-02-13,449246.0682465278,54994745.07031065,1.8147927936843449,0.7788777738375,2.0190818738659977,1.0466968939805554
2023-02-14,426764.667625,53313153.091451526,1.6306514849122529,0.7969840794659722,1.7202397460503756,1.0820585877197917
2023-02-15,429124.23812847224,54853617.81299548,1.6633546720351704,0.8532939007322917,1.7315815218258441,1.1970740821166668
2023-02-16,428821.1980868055,57424639.067379534,1.388616116370262,0.9136238588184029,1.4197518125494226,1.0916280494180555
2023-02-17,411403.20254861115,53768796.742409445,1.539378528202661,0.9125191231371529,1.6465944833161723,1.0781880821652778
2023-02-18,422350.7684027778,57041986.005231254,1.3724606056854665,0.9249157328295138,1.3000993660632654,1.1861994701645833
2023-02-19,429205.4880659722,58704360.241982274,1.3325520477086106,0.9356750987343749,1.277225577553886,1.0681592036194445
2023-02-20,453101.63693055557,64626306.37940739,1.2093239644226834,0.938939565153125,1.1911994756606146,1.0936155800423613
2023-02-21,463937.61406249995,68695501.89192359,1.2794423805527155,0.9285089439826388,1.2837796590443888,1.049822678404514
2023-02-22,432850.10336111113,60869557.00624164,1.693331847487429,0.9010477184059028,1.7519374851754734,1.0595381655229168
2023-02-23,417401.93434375,58722416.683521114,1.7675796690059238,0.896347955245139,1.8945917971184505,1.0993279055020835
2023-02-24,407137.9579826389,55191972.66996272,2.092742095854593,0.8732177921430556,2.2533934537995073,1.1684505542704862
2023-02-25,412658.19338194444,54770812.55905896,2.034360445016177,0.86505122751875,2.1836269452283106,1.14166973325
2023-02-26,410208.7116875,55186235.19142006,1.9044302114589462,0.8695744862906251,2.0665139083756903,1.2160996324451387
2023-02-27,413305.9345833333,55994390.57700208,1.8887703637681308,0.8729764426954861,2.020138595733651,1.1220885539878471
2023-02-28,417622.04467013886,55594396.32856098,2.1166528157380418,0.868627671084375,2.3304723869792694,1.0323505014361112
2023-03-01,409327.7467118056,54829860.35013539,1.9451168362200149,0.8509610739777778,2.185729137794044,1.1539003517145834
2023-03-02,409350.01303819445,54102125.13080415,2.1575378309009046,0.8593682312295139,2.4076669649861397,1.0730693258975694
2023-03-03,410678.9472013889,51490312.428792305,2.522398787718579,0.8665775779354167,2.7030314170177765,1.0270700961027779
2023-03-04,407655.3436493056,51189905.70389661,2.34619852206126,0.8719860822881944,2.4651505936583376,1.1353089219951389
2023-03-05,408035.7802638889,51017457.98635658,2.4800272893306925,0.8700271296607639,2.6520324327957625,1.1459945042864583
2023-03-06,418010.21495833335,51622783.739662826,2.4985531238018326,0.8757565953496528,2.6708665357325945,1.1780970006201388
2023-03-07,418935.0109652778,51754515.2036767,2.296142400431611,0.8906318897166666,2.3206384125968986,1.0947097324788195
2023-03-08,430307.8557881944,51595479.87483383,2.5178639897622523,0.904506550715625,2.7578045917905536,1.0844549906329861
2023-03-09,443881.7246145833,51314396.80331155,2.7116306925852207,0.9047484770173612,2.847976232295128,1.1250344477965277
2023-03-10,445246.97799305554,48542854.12456748,2.278599828677334,0.9000145388913194,2.337501836045951,1.0518073041274305
2023-03-11,441554.61184027774,49043566.70666786,1.9683849239454396,0.8997676454885417,2.0101488092411985,1.0514840356385418
2023-03-12,443518.15389930556,50665612.21909453,1.8014362729827123,0.8985983555305554,1.7706850149394189,1.0915035861899307
2023-03-13,432927.6672350597,53309533.03583249,1.6041731702788844,0.8588236168525897,1.5849380215139444,1.0433184117928287
2023-03-14,437538.7991076389,56594243.883996285,1.3603473314470818,0.8146643406079861,1.3535295345830058,1.0413415417340277
2023-03-15,425209.4055,54667251.62501405,1.4148408118667688,0.8222523776315973,1.42753911219198,1.005386734960764
2023-03-16,409908.17569791665,51079755.544055305,1.6668064454065827,0.8270127632756945,1.6820653859359307,1.0863203913645831
2023-03-17,408462.48210069444,53157270.39503391,1.4880037459169038,0.8119764459743055,1.5248005131661624,1.1067097596802082
2023-03-18,412695.7941215278,55615181.31543932,1.4308693040281184,0.8122147162722223,1.4316553480764893,1.053036413973611
2023-03-19,413428.3053645834,55508244.34772109,1.3721973421445945,0.8100109549392361,1.3863837150329013,1.0623386773958332
2023-03-20,417731.7294513889,55815341.51057887,1.3746848955418045,0.8239286758427083,1.4228000042335578,1.0172869462697915
2023-03-21,416225.2547361111,54535911.08811192,1.5151257278193628,0.8175501212486112,1.6047518042972955,1.0235429976510417
2023-03-22,413976.78438194445,54132975.90958776,1.5776770429139086,0.8033647740923611,1.6885901498320854,1.0281945109850694
2023-03-23,417280.42398958333,53122432.7175873,1.703345961912734,0.8133674653069445,1.9048707237164646,1.1546616262378473
2023-03-24,415508.13886805554,52512696.67577027,1.7294056052909281,0.8489643766152777,1.8838578104892578,1.0427667879694444
2023-03-25,413773.83280208334,51750422.30842602,1.7619814310905029,0.8606399516725695,1.9143300289798129,1.066781891421875
2023-03-26,412994.53727430553,51650500.85708522,1.7822982149527244,0.8577456586253471,1.9370289859309944,1.0800857157899306
2023-03-27,433989.18327083334,52763361.03598721,2.3156389720105617,0.8727053426934028,2.5057272579596144,1.060277167387153
2023-03-28,429856.66603819444,51823708.57816327,2.1044022781018095,0.8817562120524305,2.175843229525901,1.1289119612003473
2023-03-29,423439.1977430556,52039044.48169149,1.944094288475471,0.8944919394045139,2.0781619195492955,1.0891509731791666
2023-03-30,431201.39518402773,52612628.39490069,1.9411487480043175,0.9183321029225695,2.202543286809048,1.0668061384319445
2023-03-31,432945.9662777778,53056969.14174464,1.7892724772552893,0.9368760105982639,1.997114490843044,1.1232081700847223
2023-04-01,417563.7834895833,52190896.92853138,1.5715887199611867,0.9435455635989585,1.6487211033495242,1.080238033848611
2023-04-02,424055.5492708333,52644526.145940475,1.795695107301756,0.951785127559375,1.887543850048174,1.1153223577739582
2023-04-03,426417.1717118055,53741082.33354236,1.5012988746619553,0.936940612171875,1.5783107444836575,1.078207591371875
2023-04-04,407390.8446041667,51783351.7833524,1.5525814695323612,0.9379957653378472,1.5800056463490608,1.1230592746624999
2023-04-05,409347.50807291665,52334554.51555368,1.6113707141504827,0.9512657334090276,1.671035223080253,1.1777400524729167
2023-04-06,415168.3844513889,52407133.899061784,1.816083664390009,0.9486080151486112,1.9705436555619502,1.0364689189888887
2023-04-07,421232.3545,52476607.050506085,2.066105261402697,0.94698806341875,2.249950352520815,1.2428694008788195
2023-04-08,425873.25721527776,52885298.82808898,2.1675124092710605,0.9485017853010417,2.3355606786574223,1.2481873471524305
2023-04-09,418355.8519479167,52030899.10049324,2.007354816751104,0.950682403425,2.0664352969778106,1.1843907149284723
2023-04-10,411962.5041701389,50151956.57527134,1.634515611256515,0.9642566792447916,1.6678274421992791,1.4638915165593749
2023-04-11,426723.3304236111,54997844.14215475,1.2954266963157166,0.9830856671875,1.2409474423120945,1.0916247631777778
2023-04-12,416227.8610173611,53217330.80291795,1.5282202877318614,0.9633876253013889,1.5252905927931941,1.0659155809888887
2023-04-13,419890.4393923611,54593591.182685845,1.3762666915429858,0.9597767696173611,1.35446673804024,1.1939367939760417
2023-04-14,420218.79339930555,55680394.29778761,1.366126015312251,0.9645247800180555,1.369789455422888,1.0774980612340277
2023-04-15,416910.9924652778,55060562.354457825,1.4469261968930183,0.9538108991937501,1.4455153784575008,1.1923439909246527
2023-04-16,422719.37159374997,56529032.36512301,1.3613174851524859,0.9571092818875001,1.3324296036051635,1.1515984214378472
2023-04-17,418049.17776041664,55273602.50992442,1.5315670969449375,0.9467361864118055,1.5321472735068218,1.0119848839604169
2023-04-18,423888.9820138889,56230841.09791799,1.5035072245828967,0.936064242514236,1.5555417871365202,1.2451437318107639
2023-04-19,433094.3081840278,55772722.57158635,2.1026600636416095,0.9242985664694445,2.050584692515515,1.0788531611027778
2023-04-20,431007.3280972222,53714386.76880483,2.5225097890957002,0.8845606739059028,2.5247065575208847,1.0812601936788195
2023-04-21,439172.4507638889,53728019.948326446,2.618801639835004,0.8578682860072917,2.567981433615011,0.9774787752510417
2023-04-22,450648.7489027778,54573690.19285999,2.571581096967924,0.8308299019875,2.576920950155267,1.1658847032215278
2023-04-23,452788.65322916664,54632747.327935,2.7947701883886693,0.8409664225013889,2.7472015046622342,1.1421677395392362
2023-04-24,459046.28099652776,55076652.1455266,2.8097245945880824,0.8276348811111112,2.820118753944066,1.0891948443354167
2023-04-25,467335.60681944445,55228733.87048748,2.9362651109427187,0.8360201501121528,2.949856080654968,1.1346728233798613
2023-04-26,466146.76773958333,55968947.19074046,2.760299625105761,0.8649970445079861,2.774290865635536,1.0834769056979168
2023-04-27,450312.8797708333,53014013.61014396,2.5673152399454064,0.8752326306663194,2.7207415909278905,1.1537103629961805
2023-04-28,446500.66212847224,52369936.23631733,2.4301299441361284,0.8952526840499999,2.6011223707514595,1.1719369291461805
2023-04-29,420447.463875,50051096.47943191,1.8660027931536658,0.913125526610764,1.9945675915558947,1.0608847713607639
2023-04-30,412852.84547916666,49194747.624248356,1.6752990365219023,0.925172492610764,1.8063930232208771,1.228060515953472
2023-05-01,418903.6713506945,48939617.0327689,2.671401585901988,0.9313923695569445,2.788105030312512,1.1287742505010416
2023-05-02,417228.82921875,49266384.60003385,2.0258267341426346,0.9478770088395834,2.1324599889562386,1.180892784657639
2023-05-03,412084.11277430557,48639491.99164333,1.8818467130332632,0.9681943255527778,1.998592616295649,1.0930616826843749
2023-05-04,407893.1872326389,48135592.7629789,1.9952027003048434,0.9761422759927084,2.166277155012705,1.1375230229024307
2023-05-05,407450.70321180555,48389046.16159428,1.9937910244716401,0.9663204449454861,2.109767670973277,1.2231574067
2023-05-06,406288.6316180556,47859127.75073798,2.21993973744839,0.965240673370139,2.305780205679044,1.1201002336871528
2023-05-07,416533.8883680555,48681516.45020283,2.922224572732473,0.9595326674583333,3.030831619218715,1.1015779711572915
2023-05-08,414994.17895833333,46725765.918100074,3.3911439079992225,0.9380083798819445,3.425788782374951,1.0577028766697916
2023-05-09,543608.2378229167,64791025.20477728,1.30110093129681,0.91017719584375,1.2811742340704748,1.1573498933256945
2023-05-10,539895.9907118055,64004849.87563646,1.2488406595262507,0.9394489208670139,1.1654339925443964,1.0498778697993056
2023-05-11,453430.60963194445,51428214.75332221,2.5962778298403055,0.9398068191093749,2.5252429679094814,1.04817767598125
2023-05-12,451029.63855208334,51440125.7169106,2.347485555466715,0.9150308813444445,2.389075114358075,1.0324352581211804
2023-05-13,444952.6435763889,50556281.14174749,2.479831745389674,0.9190833562444445,2.494654043434775,1.1950294606715277
2023-05-14,445619.5319340278,50919292.18669934,2.2612754858155917,0.9157683456124999,2.3093929628972525,1.069334864596875
2023-05-15,461189.9043298611,54388767.63035707,1.1434581394721,0.9332461075906251,1.2691285350974224,1.1060684638555556
2023-05-16,445860.47175694443,51691374.093925565,1.9293770752726696,0.9337385429090277,2.041581846548537,1.101608181865625
2023-05-17,451252.23347222223,52784864.50092738,1.2178923063186913,0.9350910809934027,1.4130085933858263,1.0267714656989584
2023-05-18,439448.16736458335,51139962.838056855,1.5560958883523834,0.9461164406493057,1.7272656051849236,1.0979029505836806
2023-05-19,432266.3599965278,49872546.882940546,1.3066361415432515,0.9664688196440971,1.5408127127231692,1.2156358572833335
2023-05-20,436952.71160416666,50593829.78811342,1.2206271034449216,0.9714338647399305,1.4250798112511598,1.2172602109909723
2023-05-21,436447.83057291666,50388905.03811658,1.2739993864032613,0.9703443866302083,1.4999753364536665,1.244939871976736
2023-05-22,441099.1312430555,50442997.289838776,2.4037852281340912,0.9809972298614584,2.5350467002760597,1.1328806048881943
2023-05-23,449859.63029166666,52074200.83052529,1.2721768223846417,1.0125817472201388,1.4837022931820552,1.2073344509239583
2023-05-24,463601.54833333334,52268300.75858273,2.812796536955916,1.0299451990475694,2.9690140911002327,1.0518460449378473
2023-05-25,462940.6608125,51578558.290172584,3.3939931241362533,1.0235259195409723,3.4166113328801657,1.1711625460694444
2023-05-26,452329.15802777774,50986896.22348271,2.5171477755208693,1.0189250181635416,2.594977055838864,1.2563295550131945
2023-05-27,440033.87608333334,49771972.05972164,2.2372790500607507,1.0206482849534722,2.3048275629255097,1.5911077141375
2023-05-28,433502.15005555557,49590080.65940064,2.021706755611963,1.0281326940649305,2.034498514445054,1.370657211423611
2023-05-29,439431.31381944445,50932887.56023039,1.1147190021399755,1.0211629961878472,1.241232313724477,1.1405234101041666
2023-05-30,434464.2786875,49853056.95464421,1.2501346363603423,0.9988801044295139,1.4555575668675556,1.1177299803072915
2023-05-31,439632.20509375003,49608836.73888627,1.6020341618807605,1.0054768827996527,1.8250462854891785,1.2233251700534722
2023-06-01,444577.92815625,50208265.69250328,1.5930596756234396,1.0187671247034722,1.7792066209500403,1.2397336110833335
2023-06-02,448416.5356006945,51269157.49084554,1.1992859407183782,1.0164193449427084,1.3708778970592361,1.2151720549041665
2023-06-03,440547.73665277776,50538576.673410185,1.1304091700678778,1.0202175716586805,1.282543247983719,1.2990052374690972
2023-06-04,445591.51934027777,51687255.659808524,1.012344123392158,1.0225000812038194,1.122273634038577,1.2901931313746529
2023-06-05,438057.28661805554,49062515.46200831,2.1120573456594522,1.0152799480569443,2.2239636636103333,1.0841837881572916
2023-06-06,439300.5933263889,48345881.81603659,2.8029773216574383,0.9961633921166667,2.865163170268167,1.202510308986111
2023-06-07,422471.09788194444,47502787.54273194,1.6481446862939029,0.955389624025,1.7393922177074268,1.0384511361097222
2023-06-08,413481.1590798611,46077362.84610588,2.4203653998173444,0.9350890602899304,2.460057467796875,1.0393938408302084
2023-06-09,415662.4487083333,46116250.4454074,2.5089802792637155,0.9227766171027777,2.589542562104459,1.1674506855715279
2023-06-10,396116.0657048611,40704729.739364564,1.9989532142835336,0.8908329913381944,2.0933065739558248,0.9884253818649307
2023-06-11,398827.6269583333,40864002.142297,1.766729204334836,0.9060882362385416,1.812161112492267,1.2098050495680555
2023-06-12,393128.3945,40223716.635205105,1.5789616636993566,0.8886246013263889,1.642092989747214,1.096744368004514
2023-06-13,385993.2000381944,40444463.83283757,1.3749711332681702,0.8771085509520833,1.4296619652907179,1.1673497490972222
2023-06-14,386926.3974791667,40575033.98695957,1.3514523279746922,0.8682948043420139,1.4159449928208578,1.145477052570139
2023-06-15,387599.4438298611,40106743.05220061,1.417062633866361,0.8649572211520833,1.526098203790235,1.0866017054510417
2023-06-16,394864.3605972222,41560794.65879225,1.2875987892539418,0.88375529529375,1.348149733354089,1.1665989285722222
2023-06-17,406575.7296076389,43482756.696883105,1.1997126393322746,0.8876901162267361,1.2648645156120004,1.198390566009375
2023-06-18,403977.7286875,43401209.234587945,1.206204775280242,0.88513290244375,1.3036532311549072,1.183110852007639
2023-06-19,396068.41086458333,42168023.15821155,1.2715866598495742,0.8846924237277778,1.3825334624470584,1.2108999606118056
2023-06-20,401347.1089513889,42991759.2321173,1.2443337488020292,0.8937743699447918,1.3397455233150453,1.2993872804222222
2023-06-21,544730.887125,70068441.86567752,0.7910963080653457,0.8912917986680555,0.8019126540257763,1.087919561088889
2023-06-22,546376.660361111,74362737.19139344,0.8536635309306535,0.8974525666458333,0.8728362734108254,1.0440113562413194
2023-06-23,637755.5666770834,99892467.16300112,0.649310985147245,0.881991624765625,0.6732851125416138,1.0297060171854167
2023-06-24,835343.900701389,159201589.07154953,0.5202774849232644,0.9483954735472222,0.5013416222762798,1.036992897453125
2023-06-25,886181.7010833333,176983256.48003227,0.6109645325584435,0.9401948020281251,0.5936772499345827,1.0314905949225694
2023-06-26,928937.2480347222,192719549.9583829,0.535208540597369,0.9556341676725695,0.5451248779160909,1.03330216370625
2023-06-27,1076594.8636597223,243434160.77013642,0.4254578341218291,0.9713773291770834,0.4360345050313975,1.0346338348819444
2023-06-28,1148477.6198125,263275478.43526995,0.4216992664169755,0.9822587370753472,0.4341795339820596,1.020477825025
2023-06-29,1182588.49515625,280921051.5498726,0.37780353504953745,0.9742670638388888,0.407456065361173,1.0535067230197916
2023-06-30,1095588.038920139,326074144.586095,0.4644063919530557,1.0121118593475693,0.5210087171152646,1.0153432797961806
2023-07-01,957786.6609131944,279406762.7208557,0.6514823172718084,0.9863136586482639,0.7187518657640316,1.0031128812402779
2023-07-02,1017474.318048611,295918410.6811535,0.5965191058486243,0.993018292429514,0.6694281396140419,1.0318181306336804
2023-07-03,1009780.3115833333,294391697.5812747,0.6321574118588141,0.9917378092836806,0.7125181960373452,0.9969860774465277
2023-07-04,949104.4442291667,266573178.72611728,0.7488087680571238,0.9823586966784722,0.8516232741353522,1.0046444331493056
2023-07-05,940511.8055312498,250466762.43704334,0.7329553900617294,0.9723582631159723,0.8386838190073527,1.0351053004538193
2023-07-06,1022671.5161666668,291584663.9510504,0.5774661022240598,0.9559748655500001,0.6640525652836773,1.0033902063614581
2023-07-07,965945.1018611112,271101980.36911464,0.5855883319457845,0.9427022993326388,0.6834463887955907,1.0087391992104167
2023-07-08,940482.6933159722,256292097.0067843,0.6979984735988666,0.9514243860621527,0.8075075424710147,1.034664096882986
2023-07-09,931663.6051736111,250709773.56234345,0.7101989756401831,0.9508428622322916,0.8256673431732194,1.0209989521975695
2023-07-10,926529.9192395833,251442183.14810202,0.6564485526388889,0.9547452282986111,0.7715971424652778,1.0419382433680555
2023-07-11,921995.3059027777,252341526.15517485,0.6407574847916666,0.9777484316319445,0.7733675739583333,1.0021242539583333
2023-07-12,930873.1651145833,260913593.47899443,0.5677881369097223,0.9756035855555556,0.663874318125,1.073790357951389
2023-07-13,907386.0503263888,255263838.3069785,0.6203481301388889,0.9759407507291668,0.7320965511458334,1.006408819826389
2023-07-14,845333.0197951389,228378453.6486235,0.8223082310069444,0.9657625244444444,0.9833615717013888,0.9680461548263888
2023-07-15,800133.7272152777,202812294.0729723,1.0279610013194445,0.9482586635069445,1.2409162870833332,1.035229710590278
2023-07-16,798409.7009895833,203581457.35923243,1.046959332986111,0.9409845339930555,1.285378711111111,1.037832809513889
2023-07-17,787689.8757708333,193915374.15235925,1.1186353831597222,0.9452392097222222,1.3475048660763889,1.025007739375
2023-07-18,764989.4475208333,183612987.78242415,1.0895165233680555,0.9492079511458333,1.2408665738194444,1.002345075451389
2023-07-19,747971.7404583334,184057593.9056997,0.9791057176388889,0.9483718899652778,1.1016565851041666,1.0166387211458334
2023-07-20,723098.5741909723,177616149.15306383,0.9786749899652778,0.955281974236111,1.130135737013889,1.0167615393402778
2023-07-21,707465.3955590278,173086300.3394832,0.9863478271180556,0.9557275965625001,1.1438859574652778,1.007082323402778
2023-07-22,692133.7261458333,169170746.8073737,0.985060967361111,0.9517086247916667,1.1088598016666666,1.0357018078819444
2023-07-23,688392.7033854167,169530448.72668156,0.9412043418402778,0.9533911961458332,1.0633955404513888,1.1133352728124999
2023-07-24,674340.3434965278,164024752.7664442,1.0677387040625002,0.9548695544444443,1.1489263169444444,1.0305085047569444
2023-07-25,683660.2930520833,161250904.60367873,1.1412303423263888,0.9440467419444444,1.3225767019791668,1.0936074226388888
2023-07-26,682250.8371319445,162456903.92920458,1.085407739861111,0.9443647940972222,1.2643480465972223,1.0718228352083332
2023-07-27,679889.5015243056,166453855.82659855,0.9720923701388889,0.9548036857986111,1.0716889200347222,1.1155222355208334
2023-07-28,675799.0568368055,164233703.2359882,0.9885050077430555,0.9618197522222223,1.105887511736111,1.145824578298611
2023-07-29,678790.8218958334,163208857.07102963,1.084243054548611,0.9596051702083334,1.270026729201389,1.1745269642361111
2023-07-30,704972.9640243056,173902177.11782444,0.9375886337499999,0.966739060625,1.0412589983680556,1.0949789728125
2023-07-31,745632.8714236111,187673503.22637635,0.854320310625,0.9707470953819445,0.9314484717361111,1.0882609788541666
2023-08-01,677813.0885659722,164484480.7717717,1.1451838372916667,0.9496844379166666,1.3200702014930554,1.1068052794791667
2023-08-02,678229.2188159722,160041941.48228028,1.25989533625,0.9597115885416666,1.4516924296875,1.04330623
2023-08-03,683050.0329375,156131417.51158154,1.3865946529513888,0.9572375107291666,1.6125016571527777,1.0518608214930554
2023-08-04,685643.2661319445,155355454.43266758,1.329662744826389,0.9511142729166667,1.5829772349652778,1.0909936502083335
2023-08-05,667237.6518159722,150496416.81487697,1.3455286235069446,0.9546057770833334,1.5620969234722222,1.1250516161805555
2023-08-06,655778.4503055555,147522645.23424193,1.3450197684027776,0.9603586018402778,1.5477300636805555,1.1951727362847222
2023-08-07,708604.17740625,165747832.77566564,1.0166953009027777,0.9512497872569443,1.1272061784375,1.0746408975694444
2023-08-08,714465.4688229166,170384848.19921646,0.9043386095486111,0.9244909681944444,0.9844799514930556,1.0944470347916666
2023-08-09,684789.3279548611,162066200.47109798,0.9578855500000001,0.9183627631010453,1.046715136445993,1.0955095433680555
2023-08-10,679211.6595972222,159291953.05857491,1.037862331076389,0.9257884450347222,1.1277798202777778,1.1408132729166667
2023-08-11,667811.3901979167,153016170.76371306,1.2456883526041667,0.9314621312500001,1.4041803995138888,1.0785257604166665
2023-08-12,664234.731875,151987724.9496407,1.328638770451389,0.9374951456944444,1.512520168125,1.2046999260416666
2023-08-13,650538.5458993056,148636521.89569917,1.3992939850347221,0.9385490166319445,1.5790620984027777,1.1193503682638888
2023-08-14,622348.0905902778,142634891.15624014,1.4119066518402779,0.9391730742708333,1.5972955281944445,1.1733572491666666
2023-08-15,628036.048625,145584147.39455497,1.3463024322569443,0.9152825008333334,1.4688840185069445,1.0512960323958334
2023-08-16,625087.43796875,137825463.41202462,1.4439042024305555,0.9120858184722223,1.6049312458680556,1.043857041875
2023-08-17,601554.3655590278,123307045.62810905,1.5154692639930554,0.9197084931249999,1.6791266050694444,1.017012602048611
2023-08-18,516413.7547291666,95448699.26571065,1.413747562951389,0.901055999548611,1.501690385347222,1.0439383915972222
2023-08-19,511575.7022118055,95994509.11703111,1.4142047914583333,0.9025580491319444,1.54203059625,1.1160238637847222
2023-08-20,506797.69801736117,95375882.78396223,1.421522150798611,0.9059922179166667,1.5573775578472222,1.0716343015277776
2023-08-21,505859.2100972222,94726480.77045763,1.3903900365972222,0.9122676590277778,1.5262175669791667,1.0327351303819445
2023-08-22,503797.12313888886,93085497.97386177,1.45698712375,0.9045653678125001,1.5686540088194443,1.0807892018402778
2023-08-23,513496.4258576388,97403767.06781358,1.317854102465278,0.8778733711111112,1.4132670536111112,1.1256626003819443
2023-08-24,515332.50624305557,98857623.91759528,1.2301332810416667,0.8775789078819445,1.330314923576389,1.0755140283680555
2023-08-25,516906.1376979167,98819689.58541593,1.2798544129861111,0.8833888834375,1.3516334050347223,1.1038600211458334
2023-08-26,509397.62308333337,96811427.3757878,1.2428642427083334,0.8821026839930556,1.3767152447222222,1.2587944676923077
2023-08-27,511771.4654756945,98875015.56439084,1.157137515138889,0.8814283940625001,1.292877934201389,1.1906065181944445
2023-08-28,515268.20364583336,98895693.48743233,1.3167676718402777,0.8863267233680555,1.4341899861111111,1.1590371078819444
2023-08-29,521375.7032256945,106030791.8288425,1.06332363875,0.8592275823611111,1.1785716190972222,1.0454776920833333
2023-08-30,597144.4889444445,129502545.20967902,0.7959830001041667,0.8852967110416666,0.7632065576041667,1.1376662871527778
2023-08-31,578010.3048784722,123321316.58005916,0.9631322286805557,0.8609681672569445,0.9890753463194445,1.0747236947569445
2023-09-01,556200.2617361111,113794535.16725618,1.2198034819444445,0.8827326549305555,1.294049314722222,1.114646987638889
2023-09-02,537417.8435381944,106471611.33971559,1.2918765694791667,0.8881679480902778,1.4427015526388889,1.1479805619444443
2023-09-03,542534.57371875,105666288.91370203,1.3223567814583332,0.8901845694097221,1.5098167901041668,1.1388210533333334
2023-09-04,534862.9509513889,103689643.19976048,1.3848538153472223,0.9061936199652778,1.6079738159027779,1.1160787664930556
2023-09-05,536787.5290555556,103115249.78605917,1.4273569941319444,0.9367428417013889,1.6702857531597222,1.145267074375
2023-09-06,550030.9382430555,105881804.45148154,1.3779403197569444,0.9482070271180556,1.6147110101388888,1.070813891875
2023-09-07,562001.5986875,107670067.22589801,1.4367025596527778,0.959803262361111,1.701123731597222,1.2541704066319446
2023-09-08,552688.9355833334,106780852.01326995,1.3428378926041669,0.9498579955208333,1.4975608012500001,1.130767590659722
2023-09-09,557722.7069270833,107234168.00306793,1.3814103750694444,0.9482560185763889,1.5958300511805554,1.1724043049305555
2023-09-10,561511.8678194445,106536123.5617985,1.3770786339583332,0.9493533988541666,1.5088715405555557,1.0935538106597222
2023-09-11,549957.0843263889,102758655.6178253,1.3463610186805555,0.9515085192361111,1.4394036418055556,1.1584863945486112
2023-09-12,565066.4028210526,110597993.75906284,1.1720744529473686,0.9162821631228071,1.243952224,1.0929250378245614
2023-09-13,593820.7476909723,118781861.37082633,1.0361694679513889,0.8919897540972221,1.1078145448611112,1.1397352043402778
2023-09-14,596581.5362534723,121703317.61911501,0.9960224827083333,0.8910490288541667,1.0786150848611111,1.0937627921180555
2023-09-15,601986.7366319444,129123956.55636433,0.8976731905555556,0.8781527924652778,0.9771585277083334,1.14258659375
2023-09-16,586427.6558159722,126809173.3483275,0.9031976160416667,0.8833999321180556,0.9668349298958332,1.1100370319097221
2023-09-17,566309.6171979166,119507816.11837323,0.9794510488541667,0.8808181280208333,1.0452264620833334,1.1434917851041666
2023-09-18,566579.2321527778,122745702.7204318,0.9480726271527777,0.8925670726388889,1.0058853360416666,1.1246245189583335
2023-09-19,556367.3134340277,121457440.43944709,0.9025481029513889,0.8988467629513889,0.993939382951389,1.1451306164583333
2023-09-20,557510.7440069444,120293965.15268598,1.0323704078819445,0.9135172938888889,1.1602967953819445,1.0879039225347222
2023-09-21,560187.5235208333,117655905.44676518,1.2246082601041666,0.8958225993402777,1.3967734538194445,1.0996452434722221
2023-09-22,558276.7073819445,116080741.48864907,1.3155475252777777,0.8945647452777779,1.4688638340972222,1.0544122797569444
2023-09-23,552080.9933229167,114865649.89046083,1.259100354375,0.8970851286458333,1.3889881644097222,1.1930009706944444
2023-09-24,555170.559125,115494143.55629088,1.2897413263194446,0.8959555443749999,1.4346737728124999,1.2208676368402778
2023-09-25,556755.1744375001,115710417.94330089,1.2943226223263888,0.89009996875,1.4052152765277777,1.1751341475347223
2023-09-26,567256.1836527777,120690340.28086527,1.1786078609027777,0.8986702717361111,1.1822470425694445,1.1564904446875
2023-09-27,601358.4096458334,134205516.12382656,0.8486036095833334,0.8841354318055555,0.8522635590277778,1.1125971009027777
2023-09-28,637945.878,150482736.5556882,0.7454575639236112,0.8771958802430555,0.7399603549652778,1.0904422562847222
2023-09-29,611106.4764201388,143360033.48996508,0.8028825577083334,0.8912122925347222,0.8198742888888888,1.136802761875
2023-09-30,599097.44615625,140896891.78666672,0.8315082215624999,0.9009865303472222,0.844538523125,1.0950249142708333
2023-10-01,592292.0081041666,140377888.2691492,0.8167130616319445,0.8999377799652777,0.8459189962152778,1.1328491865972223
2023-10-02,606406.5218715278,148981067.55089408,0.7920848120138889,1.528942441076389,0.774601789375,1.1102996200000002
2023-10-03,624892.5195416666,149319928.76983613,0.9466597200694444,0.9858629439583333,1.0364676566319444,1.0760170233333333
2023-10-04,588143.3821145833,134989972.4979904,1.1726389278125,0.9330567315972222,1.3692684261458334,1.1162194341666667
2023-10-05,585398.1578715278,134847283.0999793,1.1255638445486111,0.9446924318750001,1.2511655314583332,1.0651315411805555
2023-10-06,575532.2501493056,132726008.38361628,1.038834805,0.948932821388889,1.1198179622916666,1.1105508151388888
2023-10-07,575033.6478020833,132887800.33084375,1.0187665399305557,0.9480336463888889,1.0785817739236112,1.2247575643055555
2023-10-08,572447.1669062501,131252683.46721214,1.1021678475694445,0.9496289267708333,1.2574861612847221,1.0842442465972222
2023-10-09,557521.96990625,123361354.0259351,1.2824973035416667,0.9509301495138889,1.489540875173611,1.0677861750694444
2023-10-10,556467.5394270833,119951314.70115931,1.320564859513889,0.9512149789930555,1.5455548436458333,1.0502701787152777
2023-10-11,548179.6002534722,116739503.17355046,1.36350363625,0.9518867228819445,1.5483513587847222,1.1186194391319446
2023-10-12,541035.0717777777,115183292.95460197,1.4185868144444445,0.9471593194791667,1.5535920189236112,1.1696658261805557
2023-10-13,534088.7046666667,114292484.61245055,1.3783945345833333,0.918833775,1.455878400972222,1.1317162046875
2023-10-14,541384.3481909722,117043202.23586,1.3431280501041667,0.9164213428125001,1.385893195451389,1.2132538465972222
2023-10-15,525262.0746840278,112565416.73209268,1.3371668714930556,0.9230377334722222,1.4689800492361111,1.2563013494791668
2023-10-16,526441.8227708334,119165420.12325895,1.0110273078125,0.8975421320833333,1.0446379698263888,1.0912838722916667
2023-10-17,524162.90786458337,119392672.7051452,1.0497022791319446,1.7072619558680555,1.0873767559722223,1.1049278606944446
2023-10-18,518381.26050347224,118487679.14576155,0.9976157757291667,1.9052857770138887,1.0478408411458333,1.0909031577430557
2023-10-19,517124.7714826389,117894258.0580608,1.0288384275347222,0.9590267841666668,1.0794485903125,1.0518800517708333
2023-10-20,547416.7799756944,130893823.86906616,0.7972515054513889,1.6801460856944446,0.7794678197916667,1.0631416764930557
2023-10-21,550473.68278125,133086823.68746206,0.79377047,1.8007460255208332,0.768171174236111,1.101154540972222
2023-10-22,538288.1019409723,130794656.82855108,0.9042741415277779,1.8398542656944445,0.9113069498611112,1.0743454918055555
2023-10-23,533046.4757013889,131690367.58124606,0.8288626764236111,1.8495751126041666,0.8211537953472222,1.0499673749305556
2023-10-24,505425.2587881944,129906390.18079938,0.9937564267013889,1.9562608794791667,0.9821045669791667,1.0273760983333333
2023-10-25,498178.75038194447,126476881.78222738,1.0576138466319445,1.9351560975694444,1.0728444141319444,1.0765262370138888
2023-10-26,492210.55527083337,123058205.96153778,1.1046459789236112,1.9292734356944443,1.1694388610416668,1.0110374836111111
2023-10-27,485777.22882638895,117631108.08405119,1.2067318091319443,1.9178183576388887,1.2060056288541667,1.134196637013889
2023-10-28,481704.83309375,117668156.34627229,1.1334805010763889,1.9425663000347224,1.1280279605902779,1.104518904201389
2023-10-29,480725.3040381944,118196047.81657027,1.1322489001041667,1.9530843196874998,1.1272696854166666,1.1298926425694444
2023-10-30,470180.1373923611,115284123.94541033,1.1324222473611112,2.045054109652778,1.2199338978125,1.1734578011111112
2023-10-31,455183.3666631945,111119834.9732735,1.1447231014583332,2.031678227638889,1.2221324402083333,1.0984108599305555
2023-11-01,438573.72421527776,105939152.03715795,1.239461894548611,2.077782198402778,1.3155692663888887,1.0493980937847223
2023-11-02,442457.52866319445,106498064.67441332,1.3250060568402777,2.081530156388889,1.414430204236111,1.0396531489583334
2023-11-03,445784.3664722222,105574345.89732991,1.387898580451389,2.046309568402778,1.5377633894097222,1.0167755977430555
2023-11-04,445349.23114930553,105725007.68946618,1.4487940919444444,2.016481184722222,1.6274349700000001,1.1872583216666666
2023-11-05,440546.20622569445,105304474.10512385,1.3614624132291668,2.0538082811458334,1.5402530523958333,1.0998526683680554
2023-11-06,441779.3028472222,105723047.31629533,1.4368688538541667,2.057095055902778,1.5580615803819444,1.0617087244791668
2023-11-07,455737.25815625,110785261.40851268,1.3480068169097223,2.0471092925694445,1.4849917478819445,1.078042153298611
2023-11-08,456395.26887847227,111323165.7814843,1.3242967829166665,2.0057684596180554,1.5341178363194445,1.0965382501041665
2023-11-09,431412.6134236111,105934481.29922259,1.3963391421875,2.111685291284722,1.3901377213888888,1.0204855079166668
2023-11-10,402576.1608263889,96439306.70839715,1.4814076513194445,2.1850638072222224,1.4942687446527776,1.059143652361111
2023-11-11,395102.91667708335,93830933.79077362,1.5473362749128918,2.11694411271777,1.6569931755400698,1.0352567958333332
2023-11-12,394286.0424583333,93271556.57778348,1.5883091062847223,2.1018946826041667,1.8585672277777776,1.034618338784722
2023-11-13,395997.6846875,93691604.35195951,1.4943102475,2.1215797463194446,1.7167220191319443,1.0429361660416667
2023-11-14,399950.3007048611,93918106.13764785,1.5103841733680554,2.0994444239583334,1.759025046076389,1.0397292331597223
2023-11-15,392716.90544791665,91507132.45845455,1.5584841636805555,2.128103894826389,1.7435942837847223,1.051036569201389
2023-11-16,396240.57632986107,93793516.67854135,1.4108924337847222,2.135321569861111,1.4451855792708335,1.1022071220701755
2023-11-17,393310.54178125004,90417856.33280239,1.7575679688194445,2.0666637373958334,2.009678817326389,1.0123492327430557
2023-11-18,392569.54679513886,88912819.36627337,1.800385557326389,2.074514344583333,2.0120361918055556,1.0269579606597223
2023-11-19,388768.18761111115,88523096.94099134,1.796185752361111,2.106106014965278,1.861091466388889,1.0554956327083334
2023-11-20,378617.0334791667,86548372.64620572,1.7928206642553193,2.1359029268439715,1.7843954960283688,1.034746200902778
2023-11-21,389566.8629513889,88708624.34161697,1.6603122235416667,2.067236064930556,1.789476026875,1.055042832361111
2023-11-22,399101.4482604167,87906146.78881922,1.7808170340625,1.9816226906249998,2.1498027653125,1.1005489960069446
2023-11-23,403256.98916319443,90599594.42273459,1.54772991006993,1.9539993106293705,1.7562114225174825,1.0588212852083334
2023-11-24,395378.5114131945,89381518.99766378,1.5079458447222223,1.9687913498611112,1.6919268197569446,1.0423114780902778
2023-11-25,392484.4602326389,89154084.37238345,1.5066685418402779,1.9990178586805554,1.6801638882638887,1.2185342642013888
2023-11-26,386055.28431597224,87801193.72496025,1.5328513623776223,2.1016631624475526,1.6655885451748251,1.0711813959374998
2023-11-27,379541.99594444444,85100554.17171817,1.602602073298611,2.1165483680555557,1.8464708024652776,1.1032445099305557
2023-11-28,383666.95149652776,85382300.02664489,1.6911621897222222,2.0886635013194446,1.946405297465278,1.094547702013889
2023-11-29,388765.76872916665,86929313.41593009,1.5808839407986113,2.0915184292361113,1.7875238891666667,1.134246145798611
2023-11-30,388058.2957465278,86255921.08053686,1.7057057528125,2.1159842534027775,1.9397987551736111,1.3064933538194445
2023-12-01,392110.7163819445,87819141.1440508,1.67700725,2.0926194399652776,1.8675786338541667,1.2410974209027779
2023-12-02,393017.6557083333,88990736.33429044,1.579701860625,2.120166266076389,1.64151677,1.2282130347569444
2023-12-03,394676.55497222225,90119290.82229596,1.5942547372222222,2.115333951388889,1.6804630142708334,1.1911085002083333
2023-12-04,432190.84739583335,107033178.28080104,1.3862661666319445,2.0421739328819446,1.5000144544444445,1.0711634619097223
2023-12-05,388779.82526388887,95340794.42911008,1.739919643923611,2.3832485398611114,1.9166179837152777,1.0992809785069444
2023-12-06,369979.303,92431181.8266818,1.7722321597569444,2.572949681354167,1.9772989399999998,1.0433982461458333
2023-12-07,373498.31049999996,91721906.49793762,2.0357684236805555,2.4275498515625,2.367067098125,1.052464711111111
2023-12-08,368463.65163194446,92002389.88859023,1.914256183090278,2.5551543064930557,2.1492405739930556,1.04729452375
2023-12-09,370564.81065625,94726020.1880791,1.5346693126041666,2.5636163031250003,1.8052843343055553,1.0286200231944445
2023-12-10,363055.5691840278,91274428.28378883,1.7827335992708333,2.68609364125,2.051224978125,1.013257850763889
2023-12-11,341098.79487499996,79852311.83226606,1.9971946784027779,2.9439702724305556,2.2054264075694445,0.9888158922222223
2023-12-12,335558.7175208333,77817110.78430083,1.9137996115277778,2.8780814942708335,2.113775556527778,1.0393695474652778
2023-12-13,340159.6729513889,78201180.78687793,1.9404524374652778,2.6703390964930556,2.206412388125,1.0399341210069446
2023-12-14,338269.89696875005,79365950.98396865,1.687742347673611,2.500632900173611,1.8879663406597222,1.0914806380902777
2023-12-15,340546.0346597222,79092897.19566244,1.8554565039930557,2.454365872534722,2.0992434576041665,1.0854829149305556
2023-12-16,339468.7180173611,78118267.32313511,2.1247300337499997,2.4256149976388888,2.401242235451389,1.171717921875
2023-12-17,339319.2129618056,77559384.70008434,2.2339760972569445,2.4445931441319444,2.5198499053819443,1.1542526519097223
2023-12-18,339587.70636805554,76237045.20019788,2.1908317636805554,2.439675169652778,2.527344867638889,0.9931700330902777
2023-12-19,338447.6519375,76996253.47290176,1.9993595939583335,2.4105588864583334,2.2548954587152776,1.0399126479861112
2023-12-20,339094.0744618055,77632395.83023272,1.879358435486111,2.3874306440972224,2.133516100902778,1.0729508505902778
2023-12-21,340197.0845,78692570.58446585,1.5684661234722224,2.410133415173611,1.7661727592361112,1.142771492777778
2023-12-22,341849.5663020833,80626861.63458084,1.6401654145833333,2.3729528992013886,1.7400917576041666,1.1390938808680557
2023-12-23,350088.0377048611,81320190.45604518,2.501255468958333,2.410586066875,2.5076259531944443,1.0703030307291668
2023-12-24,353264.6010451389,81753586.42006892,2.554239350729167,2.3701108323263886,2.6476584497569444,1.0426224405208333
2023-12-25,347890.1646527778,81129145.5163452,2.230031251736111,2.3546313448958336,2.3632195647916667,1.1999972415625
2023-12-26,347916.80044791667,80180380.7584374,2.547562855798611,2.4218725007638886,2.7092740077430557,1.0730284202430556
2023-12-27,359588.9954444444,88449189.47799355,1.6694803563541667,2.3167133864583334,1.7742637011458333,1.0322377153819444
2023-12-28,371760.6386006944,99267786.8550395,1.4041606777430555,1.0183446121180557,1.3822776704166666,1.0268669736111111
2023-12-29,352907.07845138886,90901935.70812838,1.851919375659722,0.9090614197916668,1.8988038384027779,1.001068868090278
2023-12-30,370197.61135416664,100914800.71103604,1.517922387222222,0.9091421507291666,1.5668234624305555,1.0652949594791667
2023-12-31,370885.9362604167,98116062.82373783,2.055123954201389,0.9651845479861111,2.255982508715278,1.102307675
2024-01-01,352830.67285069445,92839131.29345231,1.9719561868750002,0.9026104551388889,2.2551908736805557,1.12310624625
2024-01-02,349979.4218472222,92013654.4203412,2.1527422338541666,0.87855682375,2.364537713541667,1.1012662990972222
2024-01-03,335750.3452604167,82900385.09256244,2.346219619965278,0.8419555922569445,2.7463787370833335,1.0444058680555555
2024-01-04,310642.81289583334,73405365.72592257,2.1065494919791665,0.8053074432986111,2.524932468923611,1.046034949513889
2024-01-05,305578.7853020833,71787228.90975645,2.0762556872222224,0.8176715518055555,2.4111834747569443,1.0181787684027777
2024-01-06,300577.84746527777,71100730.40012668,1.9557017073958332,0.8120792841666666,2.1502312443402776,1.0560265352777778
2024-01-07,296251.32283680554,69910729.52346574,1.8596615156597223,0.8129127019097222,2.098401279097222,1.0668769091666668
2024-01-08,303702.10139583336,72230137.83209148,1.6181702291319444,0.7922194701388889,1.8376283440625,1.025660199722222
2024-01-09,298712.53764236113,74072318.85759835,1.5088200797222222,0.8202696788194443,1.55911441,0.9913286515277778
2024-01-10,287867.1227777778,70282965.59036995,1.8333996808680557,0.8197382577777778,2.0143400261805557,1.0111711929166667
2024-01-11,300417.088875,79829766.51582271,1.7514241679513889,0.9162041934027777,1.7939829973958332,1.0216278189583334
2024-01-12,336531.57769097225,93382050.80962633,2.042903507569444,1.0867171976041667,1.8831100772916665,1.0392926760763888
2024-01-13,322592.7693958333,82663260.23325323,2.8861034635763887,0.8766307398263888,3.0143583896180552,1.067357152847222
2024-01-14,316944.22002430557,80441786.7674578,2.3850686495486113,0.8390874079166667,2.699194578923611,1.0460797246180555
2024-01-15,318211.3826666667,80210206.1156176,2.1584998013194445,0.8488992362847223,2.56223884625,1.030883376076389
2024-01-16,318812.14978125,80573703.39247486,2.087903328194445,0.8408162978819445,2.532194727465278,1.0652555495833333
2024-01-17,312772.65525,77022986.00092068,2.6064292237152777,0.8351112831944445,3.244218842118056,1.110992319826389
2024-01-18,308283.4009201389,74222767.80065942,2.5928266209027777,0.8552797673611111,3.1815163010416665,1.0733873013541666
2024-01-19,298637.5264548611,70302692.67669699,2.4669581146180555,0.8594628291319445,3.0083447125347225,1.0813206913194444
2024-01-20,298980.28734375,70898157.91994406,2.1028542560069443,0.8481492898263889,2.4787745535416668,1.061456154965278
2024-01-21,298173.3590451389,71539867.99976669,1.9813690498611112,0.8435083108333333,2.2324407104861113,1.1111393502777778
2024-01-22,297891.8651701389,69934065.65115216,2.2486671168055556,0.8417445977430555,2.6172046163194445,1.04501869125
2024-01-23,313355.17146875,71799073.78093785,2.0322340093402778,0.8110566384027779,2.4147435130555555,1.0633523658333333
2024-01-24,310078.4003090278,72744079.9782336,1.7039688434722222,0.7776749746527778,1.8247581366319443,1.1433580016666667
2024-01-25,304384.6172881944,71907161.60592648,1.8429729197569447,0.76496231,1.9374183732291668,1.1166269426041666
2024-01-26,304655.5063125,72656523.48361738,1.7180446736458332,0.7550635337847222,1.841432700451389,1.1722928155902776
2024-01-27,304943.1681076389,73881234.8690197,1.6602629900694443,0.7546020690277778,1.794283329097222,1.1201623463541666
2024-01-28,302638.67950694443,72878380.5716039,1.9147387666319444,0.7576286970138889,2.0044962478472224,1.0976753928472223
2024-01-29,298327.67031597224,70939184.35877265,1.7381466207986112,0.7599908401041666,1.973189740034722,1.1068280956597223
2024-01-30,296569.3285138889,71585748.27662869,1.6092506378472222,0.7709879570486111,1.6967375220486112,1.1446393786805555
2024-01-31,295671.04695833335,69810734.93225768,2.0667159111458333,0.7528350206250001,2.308817079652778,1.1203508725
2024-02-01,302031.25302430557,70896330.59299783,1.9662053839930556,0.7578754520138888,2.267110294305555,1.0571649753819445
2024-02-02,298082.45581250003,70478017.24189752,1.789465314826389,0.7642046836111112,2.018835957048611,1.1598808582638889
2024-02-03,306922.7763159722,73300131.72678338,1.754408876875,0.7629067479166667,1.8319610680208334,1.2829764790625
2024-02-04,313881.65736458334,74945125.6017395,1.8926863582638889,0.7455080879861111,2.005512269513889,1.0810785863541668
2024-02-05,316070.7318125,74533662.31570773,2.2046484435069447,0.7445265474652778,2.4200163046180556,1.0538193581944446
2024-02-06,310162.4109791667,73064007.69885181,1.9881638064236111,0.7294498002083334,2.2795909245833332,1.240810824722222
2024-02-07,306564.60032638884,72435681.20759416,1.9025932342708332,0.7071813439583333,2.2048769533680552,1.252886739201389
2024-02-08,304479.4610138889,73855396.59050576,1.591520291527778,0.7213861189930556,1.6249628068055555,1.1583170082638887
2024-02-09,306865.2671076389,76460954.26174895,1.4682132933333334,0.7293611653472223,1.527159180763889,1.2099993944444445
2024-02-10,308763.29106944444,76308110.27399793,1.699989757986111,0.7372678106597221,1.7229928982986111,1.2533753495833333
2024-02-11,380532.6085138889,102718438.76519188,1.0987008901041666,0.8174690730555556,1.1193196746527778,1.039898033263889
2024-02-12,395486.5285138889,109608586.70746097,1.0920373909374999,1.0225564044097224,1.0255053794791666,1.0673957137152776
2024-02-13,368234.04771527776,101036282.09536447,1.4115086060416666,1.0515503694444446,1.4406360049652778,1.23944127875
2024-02-14,353646.86433333333,97289228.96590975,1.635660153263889,1.0138585501736113,1.7486945603472224,1.1836745153472221
2024-02-15,356133.9466284722,97144596.50135288,1.9883006315277778,1.0341271663541667,2.184546598888889,1.0614361863194446
2024-02-16,368435.24399386504,99154688.94341187,1.92184449803681,1.060853655582822,2.248591517423313,1.1275119018404907
2024-02-17,346016.5368715278,92631573.69064666,1.9707451436458332,1.0736884377083333,2.0923068121180552,1.123730166284722
2024-02-18,327488.09167708334,87765236.15744676,1.7570804506597222,1.0734639266666666,1.8847186001388887,1.141394259375
2024-02-19,328030.9271875,88538991.08437695,1.504466304236111,1.09022439875,1.693927220173611,1.0822215227777778
2024-02-20,323957.6400729167,86605774.75282079,1.7462066191319443,1.1156720192708334,1.8541249108333335,1.0494162209375
2024-02-21,313209.9636770834,81822409.16654319,1.7867872977430557,1.0869474285069445,1.9739881196180553,1.0103110180208335
2024-02-22,314706.4678159722,82658437.56784141,1.6133167297916666,0.9738922888194446,1.7214418278819443,1.1386237110069444
2024-02-23,306491.4087986111,80700452.52167016,1.5763033910416668,0.9653929331250001,1.6486376991666667,1.0623187717708333
2024-02-24,314956.65102083335,84162968.47528926,1.468326811111111,1.1413807435069443,1.4674761925000002,1.2376857514583335
2024-02-25,311864.3419756944,83640509.68392831,1.6690405543402778,1.1811948815625,1.6414886725,1.1459328428125
2024-02-26,310905.1428333333,83407865.10853256,1.8719560781944447,1.1701988019444445,1.8968340845833334,1.1593985706944445
2024-02-27,381640.24682291667,113646170.64124265,1.693958746388889,2.3840601252430553,1.6211001382638888,1.0123846458680557
2024-02-28,362834.7337326389,108279963.33907816,1.7005677450694445,2.7683697224652777,1.7372222504861112,0.9952613395833334
2024-02-29,317923.6182048611,98075430.04082544,2.0595723908680554,2.8885657930555557,2.1141242404861114,1.029165490798611
2024-03-01,309681.4775868056,96887701.7882684,1.7540035423263889,2.798228296284722,1.8077527426388889,1.1034896644791667
2024-03-02,406869.45293402777,172864385.13355967,1.237843137326389,2.2785784665625,1.1413345153472223,1.0457021878472221
2024-03-03,410551.6044513889,197470279.81992966,1.725169770625,2.228525029409722,1.611928261875,1.04477932875
2024-03-04,376420.95309059235,172249841.1168957,2.492884208989547,2.1001320104529615,2.5419242340069688,1.0304536411149827
2024-03-05,345584.0316909722,150657403.5957702,2.9899596521875,2.259559871527778,3.094289375833333,0.9761022395833332
2024-03-06,296871.1740451389,120587782.39314717,2.912294356006944,1.4910733020833333,2.9678126170833337,0.9940947395833333
2024-03-07,292478.46323958336,122424742.67703342,2.4723526080555556,1.3264534444444445,2.477259426875,1.01304003125
2024-03-08,294626.5734722222,127704824.56534523,1.9071092945833332,2.2951174791666666,1.9108269394097224,1.0359816458333333
2024-03-09,292977.94030555553,127945838.54522175,2.1261662066319444,2.2770874583333334,2.2314308087847223,1.0576237986111112
2024-03-10,282788.21161805553,122032860.11700031,1.9782597182291666,2.1706743055555555,2.164372516388889,1.0781217777777778
2024-03-11,271884.13440625,118036123.72271875,2.7930039740625,2.3619835902777777,2.768760870486111,1.0496215451388888
2024-03-12,266103.1817430556,114267175.3073898,3.2937211991319444,2.454301736111111,3.2763595772569447,1.0213546909722222
2024-03-13,264679.5945,115988741.65582092,3.126983111388889,2.4347137604166664,3.152476125034722,0.9919457395833332
2024-03-14,268264.01022222225,118393365.78241193,3.1978271894444443,2.4535918333333333,3.124655120729167,1.006498888888889
2024-03-15,260418.56663194444,107285191.48580785,2.4293279034027777,2.517320972222222,2.6167720924305558,0.9799987743055555
2024-03-16,258551.67866666667,104559247.01872653,2.608660660659722,2.5865566388888888,2.6758474053819445,1.0185236354166667
2024-03-17,269604.4800451389,107062315.72283234,2.323264749097222,2.4440473958333335,2.4828489704166667,1.0382153819444444
2024-03-18,259222.88643055555,103149366.01169913,2.1912269150694446,2.5945851388888888,2.2703147063194447,1.0478739236111112
2024-03-19,258440.15458333332,96472138.30120893,2.0507838002083334,2.6128991145833336,2.177206320590278,1.0327853819444444
2024-03-20,257430.7585798611,96388155.92896423,1.9557489868055553,1.393915579861111,2.069050926354167,1.0271853125
2024-03-21,266738.8018472222,112009110.22497654,1.6069958875694443,2.3043783958333335,1.4469112700347222,1.0684749166666667
2024-03-22,268624.4760451389,110292263.03777474,2.4600066527083335,2.4250028854166668,2.183755700347222,1.074718732638889
2024-03-23,304850.01301041665,138151942.53885382,1.445403734513889,2.1969455972222223,1.203801089826389,1.0097940034722221
2024-03-24,325813.00888194446,150958408.18774688,1.69671632125,2.1814576736111113,1.40202348125,1.1878290972222223
2024-03-25,397052.49216666666,194623839.6620384,1.0897949887152778,2.252366520833333,1.011712480625,1.0257835902777779
2024-03-26,431545.1838125,209139491.2252361,1.4248874771527777,2.507016329861111,1.3823666377083332,1.1628679895833334
2024-03-27,479200.93793749996,246124475.567086,1.3561579242013888,2.6229621805555556,1.2075172975347224,1.0274172222222222
2024-03-28,594379.1834305556,333195879.67260826,1.1602827932291666,3.0362517534722224,0.929014475763889,1.0646098611111112
2024-03-29,645426.9053159723,385945435.9757824,1.1528604588541667,3.134754427083333,0.9493591623958333,1.0502895833333334
2024-03-30,647985.130826389,391257601.41339564,1.2031815954166667,3.361201138888889,1.0698039941666666,1.050201753472222
2024-03-31,649302.1780868056,398249364.10280347,1.166959607673611,3.3508356319444443,1.1002971525694445,1.0657584756944445
2024-04-01,652002.066079861,432081158.26841706,1.4757537202777777,3.2734175104166665,1.1780671974999999,1.0065972395833334
2024-04-02,630203.9885729166,391296692.4215443,1.5667967896875001,3.5855946701388888,1.4473178799305557,1.0332689444444445
2024-04-03,617995.1294861111,373149653.5231707,1.5834816021180556,2.411952170138889,1.6001941604166667,1.0506843055555555
2024-04-04,647562.3146076389,414308237.75219685,1.0618463299305556,2.052968503472222,1.064202760173611,1.0494625902777779
2024-04-05,639791.1197222222,433062380.9000355,0.9833872447222222,2.4969932604166667,0.8460494928472222,1.0745990937499998
2024-04-06,532485.82434375,369427829.4070184,0.8863513991319444,2.236799079861111,0.7824611373263889,1.0262843958333334
2024-04-07,477696.7968958334,326908147.5316199,0.9462320702083333,2.1490392291666667,0.948046468125,1.0638569652777778
2024-04-08,471767.5287291666,325991103.1149621,0.9960852146527777,2.142861072916667,0.9438285556597221,1.0322661388888887
2024-04-09,445572.8776840278,301708512.5749177,1.0479781135069444,2.16947171875,1.0695411710416667,1.0608247222222222
2024-04-10,342783.58896527777,213629111.24693006,1.9718808178125,2.2511502777777777,2.0986107180555553,1.094411611111111
2024-04-11,315864.7311145833,193703391.80768457,1.5794218668402777,1.3881346701388888,1.9614635515625,1.0404232256944443
2024-04-12,307521.63861458335,179488279.60985458,1.5228473245833334,1.3189720833333334,1.8719039442013887,0.9558238090277779
2024-04-13,289698.9784027778,150921787.37904188,1.391499814201389,1.40926271875,1.5696925721527777,0.9790035972222222
2024-04-14,276918.26145833335,134468077.9375196,1.1104966458333334,1.2650004444444445,1.3263054187152779,1.0371300208333334
2024-04-15,274007.7313333333,144376847.32406545,1.2189761261805556,1.3756031145833334,1.363149976215278,1.0713885868055555
2024-04-16,268646.51159722224,130109503.9492697,1.4079941226736112,1.414026767361111,1.6473127679166666,1.0160930798611112
2024-04-17,271910.9638576389,127898017.53800675,1.114704496423611,1.2035281805555555,1.4088592627083334,1.0499638541666667
2024-04-18,278508.9810798611,132838624.05972293,1.2206536590625001,1.1447619097222224,1.4290033363194443,1.0206081631944446
2024-04-19,279566.3365,133040919.61292908,1.2577425424305555,1.1289042083333334,1.489677486076389,1.0512746458333333
2024-04-20,285199.7199027778,139819130.37113166,1.4554122125347222,1.0925933506944443,1.611172712986111,1.0389153784722223
2024-04-21,291179.50141666667,147896723.52475256,1.5921110838888888,1.2398449756944445,1.671618369375,1.0984192569444444
2024-04-22,287823.7813263889,147067563.9373833,1.2934519151041668,1.2288983090277776,1.4491305945833333,1.0703998750000001
2024-04-23,295135.4410659722,150610315.46629766,1.6134313301736112,1.2119548368055557,1.723162217222222,1.037538371527778
2024-04-24,299918.5011111111,148788206.42500135,1.8109824529166667,1.2034820729166666,2.124904376701389,1.04243878125
2024-04-25,301688.6406840278,144192384.3275712,2.084512093333333,1.0677814444444444,2.3939694334375,1.0914919965277778
2024-04-26,294330.92379861115,141356318.96556228,1.6707793332986112,1.0745658298611112,1.9958094896180556,1.0648677152777777
2024-04-27,290555.9290451389,137735934.38968095,1.6175213765277778,1.090832388888889,1.9841967832291667,1.1257512986111111
2024-04-28,289844.4704618056,139083922.37602302,1.6970801570138887,1.0778365069444444,2.0188773027430553,1.1479606736111112
2024-04-29,301245.9054201389,138652288.569406,1.5070816518055556,1.0735024583333332,1.9710076461458332,1.0367897291666666
2024-04-30,302458.9970902778,134628332.5256657,1.5458102276736112,1.0774991666666667,1.9193495663541666,1.0538042013888889
2024-05-01,299475.5316944445,124677466.47386847,1.4606848398958334,1.0734222708333334,1.8298407830555554,1.0476714791666666
2024-05-02,301231.65713541664,127225596.88844047,1.2871952341666666,1.0634549583333335,1.6324966078819445,1.100602454861111
2024-05-03,308992.7335590278,136541409.70384663,1.3997662941666666,1.042111625,1.5531928403125,1.10378821875
2024-05-04,311609.15009375,145146720.77029526,1.4805886406944444,1.0184291979166666,1.502096476111111,1.1616570208333334
2024-05-05,310672.4417256944,144086466.11027995,1.6211325778125,1.0255417569444445,1.5376471330208334,1.1362291770833333
2024-05-06,306921.0638333333,145186372.14278415,1.5419158822916665,1.03396634375,1.48937122375,1.0323069687500002
2024-05-07,307328.52796875004,146861495.8200928,1.624756494236111,1.0444544375,1.5307213408333333,1.0392878055555554
2024-05-08,303898.6142638889,139356513.33654895,2.245488082951389,1.042311701388889,2.1675668021180554,1.0811309861111111
2024-05-09,300268.2984548611,134981496.43884316,2.205684617951389,1.0431806875,2.2982900499305554,1.14279903125
2024-05-10,307228.4155659722,135722278.8057798,1.8378124669097222,0.9936301423611111,2.194215806076389,1.07657046875
2024-05-11,314633.4115138889,135242242.34266382,1.6531634769097223,0.9917712881944445,2.139342313680556,1.1327270868055554
2024-05-12,312761.86883333337,135273937.23184067,1.5451492205555555,1.0017687118055556,1.9854224518749999,1.1469490590277778
2024-05-13,310749.99669444445,135825463.72129813,1.573035379826389,0.9988009756944444,1.8264241490277777,1.1126789791666667
2024-05-14,305022.24706944445,132270785.72214566,1.6285354958680556,0.9970533854166665,1.8955876761458335,1.1314220798611112
2024-05-15,302436.85699305555,133230985.92403282,1.6340638799652778,0.9799388333333332,1.8719597426736112,1.11071365625
2024-05-16,305258.9241875,137794959.66973984,2.109947440520833,0.9621191076388889,2.039378160173611,1.13409278125
2024-05-17,308907.2619375,142216716.24726874,2.0653986832638886,0.9666360972222221,2.071330356840278,1.1324427847222223
2024-05-18,311700.1199513889,149341567.9206541,1.727825347326389,0.9740946979166666,1.5902596791319443,1.1995818194444443
2024-05-19,323353.82519444445,157682021.70788172,1.4377299739930556,0.9715348541666666,1.3695930213194445,1.1106900243055557
2024-05-20,322953.51082291664,157894913.87820476,1.8345477721875,0.9402696909722221,1.7747350585763888,1.136013826388889
2024-05-21,309411.40377430554,160397249.5836309,1.7641946012499998,1.8892985173611112,1.7346627542708335,1.054535965277778
2024-05-22,305264.85055555555,154088308.19120023,2.3459045552083335,1.9512845312500002,2.237371585868056,1.083617545138889
2024-05-23,296871.4217777778,148279346.2498769,1.8026912824652779,1.9473882395833333,1.8902778223611112,1.029992545138889
2024-05-24,291048.0409548611,143057191.87023658,1.5220819292361112,1.576991003472222,1.6935416241319445,1.0989989861111111
2024-05-25,297369.0294270833,146865421.48983842,1.4969169090624999,1.8624637395833332,1.659726827986111,1.1737377743055555
2024-05-26,300035.2660104167,146357414.1827834,1.6257409954166666,1.8850187291666667,1.8002629850694443,1.1729843125
2024-05-27,297929.7261493055,145871219.80472806,1.7072588075,0.9960258784722222,1.9148594562499999,1.1368531180555557
2024-05-28,310040.3594756944,145560685.96601117,1.4898344805555555,1.3790256284722222,1.8959671054166667,1.1454983020833334
2024-05-29,313659.9519548611,147138111.5602608,1.729780856076389,0.8856967673611111,2.013713344548611,1.1034490972222222
2024-05-30,305479.2402604167,142781307.7658381,2.010421027048611,0.8487852881944444,2.2370402771180555,1.1290118298611111
2024-05-31,308406.81759374996,142257100.14665452,2.2831882775694443,0.8651893333333334,2.5725844955902777,1.1328511493055555
2024-06-01,302279.99983333336,138956127.72056952,2.262016652708333,0.8730966319444444,2.448627293611111,1.1956656770833334
2024-06-02,300204.91690625,138308669.47884494,2.0884957488194447,0.8680108368055556,2.3055647351736113,1.1705967986111112
2024-06-03,299040.2982777778,139148561.2509905,1.7824958118402776,0.8652748298611111,2.059377295451389,1.1600460451388888
2024-06-04,301473.0400902778,141526614.46922168,1.789564148576389,0.8622797152777778,2.0385290612152778,1.1865345555555555
2024-06-05,296769.6364756945,143687129.46226045,1.5782914766319445,0.8673825347222223,1.8080770361458331,1.106285420138889
2024-06-06,293054.76694791665,145154936.01253578,1.7992191940277777,1.895053361111111,1.8712340691319445,1.1219518680555556
2024-06-07,291726.9522604167,146511306.5220486,2.0178386591666664,2.044037972222222,1.9941376079513888,1.1004924131944445
2024-06-08,287882.3765625,136733957.49777904,2.715090722986111,0.9907002256944444,2.9290615960416666,1.1267880729166668
2024-06-09,286099.6373576389,134505410.32118994,2.0096570204166664,0.8757538611111111,2.4277184836111108,1.0708247708333334
2024-06-10,282055.37028125,132238815.70717587,1.6249483272916665,0.8824254166666666,2.036343765347222,1.1024598680555555
2024-06-11,283718.70519444445,127772630.25337106,2.7790876874305557,0.8714958541666666,3.1183432324652776,1.0219174826388888
2024-06-12,281534.0071527778,127122232.83608532,2.0840870714634145,0.8548454599303136,2.434846621672474,1.1448443333333334
2024-06-13,278125.90713541664,123402618.94188243,2.317019594236111,0.86335446875,2.6141746674305555,1.0943518888888888
2024-06-14,282696.13663888886,121114382.15902236,1.9489679684375,0.8627943263888889,2.425954146979167,0.9945329131944445
2024-06-15,287319.3983923611,122849881.7098768,2.0756360652083337,0.8546020868055556,2.412769489340278,1.1802438194444445
2024-06-16,287204.3638263889,123462959.82584643,2.064170075520833,0.8446729027777777,2.2850336781597225,1.1722851180555556
2024-06-17,292886.34455902776,123086131.30130762,2.337675397395833,0.84837915625,2.5973276569444446,1.1344287916666667
2024-06-18,295188.4777673611,114605397.78028126,1.8809216750347224,0.8685004236111111,2.1242700867708333,1.0234914270833333
2024-06-19,297723.8531875,116547410.95236865,1.2458524437847223,0.853528513888889,1.5314290268402777,1.1304272118055556
2024-06-20,292876.10135416663,114898561.76101482,1.4837080469097221,0.8425257222222222,1.7776340478125001,1.140643732638889
2024-06-21,291763.8698333333,112897607.61564827,1.7601619325,0.81758805,2.0095080327083337,1.144276576388889
2024-06-22,294414.11204513884,114305560.1198918,1.5912481799652778,0.81608196875,1.8267310893750002,1.23043928125
2024-06-23,293830.0204895833,114151414.72194469,1.6652933039583333,0.8013391354166667,1.8984283302430558,1.2184248993055555
2024-06-24,304149.5103506945,109716842.26571819,2.085377099409722,0.8027847916666667,2.1971386498611114,1.0735193715277778
2024-06-25,322762.19605555554,123072516.67265674,1.2832870425694445,0.8322385138888888,1.4144961410763888,1.2061298541666667
2024-06-26,305297.25282638887,115963556.53285572,1.7119487797569444,0.7924956979166667,1.8300198308680555,1.0931006458333334
2024-06-27,310970.49343402777,118294222.87818988,1.5470904943055555,0.8078651527777778,1.6846119290625,1.1234841597222223
2024-06-28,316049.89591666666,123878342.08435005,1.3100976060416665,0.8327968368055555,1.3330764789236111,1.122792795138889
2024-06-29,298616.0314548611,114548994.77517901,1.6942201974652777,0.8062095902777778,1.7631585064930555,1.2300042222222223
2024-06-30,294971.2314027778,114272782.94015229,1.6043983823958332,0.8147170763888889,1.670893475625,1.1504503125
2024-07-01,293764.817125,114583032.33780669,1.7011043414583333,1.3675473229166668,1.787594484861111,1.2738232291666667
2024-07-02,302148.45809375,116160089.94010696,2.0161940108333334,0.8930781215277778,2.1896386753124997,1.12989434375
2024-07-03,303864.43875694444,113756373.11887084,2.2027004641666665,0.8552496944444444,2.401998411111111,1.06055584375
2024-07-04,304836.27656944445,106855209.54495522,2.2909226297222225,0.8836824270833333,2.5333768268402777,1.053724826388889
2024-07-05,320176.87834027776,100547407.194282,1.588407644340278,0.6892487673611112,1.779571266388889,1.0425970069444446
2024-07-06,308308.2095972222,101970563.37006354,1.453813822013889,0.6520479270833334,1.6361497070833333,1.1156870243055554
2024-07-07,301550.38503125,98411598.48869985,1.6588629126736112,0.8748337083333334,1.7548852219097222,1.0986360312499999
2024-07-08,302971.8511840278,97806068.21271409,1.4829000618055557,0.6542650000000001,1.6431223277777778,1.0620204826388888
2024-07-09,299173.96256944444,99741717.22900558,1.459244690138889,0.7207070069444445,1.5137971197916666,1.1174733194444444
2024-07-10,293777.38525694446,99262184.36434898,1.6019028290972221,0.6455845520833333,1.6515711892361111,1.1226162152777777
2024-07-11,308753.94030555553,107032049.73520952,1.461987106423611,0.9169326354166666,1.5369139559722222,1.0906679583333334
2024-07-12,333714.63462152774,117633500.8658271,1.3356379605208335,0.9717818472222223,1.4338263393402777,1.1545146041666667
2024-07-13,335033.8471076389,125310410.40489894,1.0952516192708335,0.993679982638889,1.0915452824652778,1.0935490694444445
2024-07-14,313349.0430347222,117575762.57552746,1.3758962305208333,1.5698960590277777,1.381283438611111,1.1344267256944445
2024-07-15,307469.78888194443,118849401.32145089,1.1784996326041666,1.5667191249999999,1.3028379584375,1.1036402118055557
2024-07-16,313046.1241111111,121109392.0323717,1.2971440942013888,1.552750875,1.3931343078124998,1.1115475520833333
2024-07-17,320069.4647013889,122408603.46230105,1.300798538923611,1.5000172916666665,1.4122317429513889,1.14324559375
2024-07-18,320476.0897152778,121774405.38823968,1.2546902872569445,1.4928767083333332,1.4648974242013888,1.0147751250000001
2024-07-19,316258.46678124997,120716393.37668498,1.1223886772916667,1.5268015520833333,1.3071848423263888,1.0981912118055555
2024-07-20,314554.177875,123380807.42861986,1.0514856346875,1.5518502569444446,1.1102674835416666,1.1300978333333331
2024-07-21,310123.4651493055,122019121.51663545,1.089224981701389,1.5882865277777778,1.1426930255902779,1.109935829861111
2024-07-22,307088.5383298611,120664218.7626794,1.238660478923611,1.6050952847222222,1.3109227771527778,1.04911615625
2024-07-23,303084.499625,114129780.82829465,1.3485553746180556,1.5735411979166667,1.544544593611111,1.1201675451388888
2024-07-24,304044.33303819445,111885025.81373192,1.3178273467013888,1.6079865520833332,1.552026047638889,1.1251072118055554
2024-07-25,302749.91687847226,107285860.09548707,1.4071016804166667,1.611276923611111,1.683888111076389,1.2256041215277778
2024-07-26,301362.0495763889,112241354.3022987,1.1453540699652778,1.592743142361111,1.339833878298611,1.2345031736111112
2024-07-27,304711.37146527774,117676600.39442493,1.0859064435069445,1.583149138888889,1.2129576384375,1.1022146180555557
2024-07-28,311846.2109201389,124952230.51776892,1.0875634512499999,1.573991486111111,1.1366252439583333,1.1081303402777778
2024-07-29,346129.1778680555,152949690.69715428,0.9195769265625001,1.4359288784722224,0.857714987048611,1.0817457638888888
2024-07-30,341645.05486805557,149010826.91979152,1.2492805447569444,1.5472308055555555,1.0463105862847222,1.124804579861111
2024-07-31,320349.3489340278,136483799.29484892,1.5953079740972222,1.6528840347222222,1.3919203997569445,1.074702
2024-08-01,308608.1743576389,127233823.15399149,1.784650420729167,1.7588847430555556,1.6371500204861111,1.0564653993055557
2024-08-02,298601.50231597223,119867972.06365377,1.6254995574305555,1.8478370902777779,1.6607999158333333,1.0172644444444443
2024-08-03,283441.45643749996,105888779.77688968,2.2291902290625,1.0627026041666667,2.124343953576389,1.1125779479166669
2024-08-04,284430.7449618055,99985593.09291656,1.9736077195138888,0.9532722916666666,2.0220621689583336,1.1292634236111112
2024-08-05,264222.84113541665,79915852.87767321,1.4060352847916666,0.7266028923611111,1.5364636184722222,0.997952420138889
2024-08-06,275162.9794895833,87585483.03371018,1.2683238855208332,0.6095503263888888,1.4868445533333334,1.0088541354166667
2024-08-07,281447.74440277775,89456328.34628098,1.1879396055208333,0.5999477152777778,1.38848701125,1.1007504618055557
2024-08-08,277197.1009513889,91218692.80517288,1.2685335085416667,0.5871275173611111,1.4383802180555554,1.1270314513888888
2024-08-09,281534.3674305555,97649904.70715351,1.3894428185763887,1.5129374270833333,1.4222291544791665,1.0445256909722223
2024-08-10,289241.37313194445,102108091.41401902,1.2676404668402776,1.5482434722222223,1.364830553263889,1.1484670520833333
2024-08-11,275603.3610277778,95493029.14823914,1.4310525505208334,1.5972732291666665,1.5647138426041667,1.104912732638889
2024-08-12,264161.52533333335,90316872.8399639,1.6114310778291814,1.207758256227758,1.7176578240357143,1.0354778541666667
2024-08-13,275583.9371215278,96581111.22023194,1.4493032200347222,1.6047507118055555,1.526568526875,1.1466850694444444
2024-08-14,279112.4718402778,95864553.46877244,1.412465363090278,1.6129200069444445,1.6432128184027777,1.0774518923611112
2024-08-15,281280.41874305555,94622435.76056556,1.3891711389583332,1.6069220694444446,1.6879158573611113,1.0903334861111111
2024-08-16,277345.4382048611,93577248.14743108,1.4346338472916667,1.6873549201388889,1.5946299395486112,1.042107611111111
2024-08-17,278027.2537013889,94929278.5082366,1.4409543661805555,1.6988074444444445,1.466517860173611,1.1089351979166666
2024-08-18,273713.7370416667,93271509.47951365,1.4226786441319446,1.7362260069444444,1.5389979602430557,1.1976653333333334
2024-08-19,274318.2198472222,91696307.85091881,1.3329576705208332,1.7138576076388887,1.6090480479861111,1.1326146875
2024-08-20,270432.61115277774,91872172.72782558,1.4595022780208333,1.7437033854166666,1.6307672292708333,1.0991834270833332
2024-08-21,269606.3568298611,91725236.75020507,1.4885925940625,1.7754565659722221,1.685997889201389,1.1588340486111113
2024-08-22,266119.40979861113,92384240.75623445,1.6490513734375,1.846160277777778,1.6548297884722223,1.1836369375
2024-08-23,267589.38584027777,94700806.48284844,1.8392486335416665,1.8140246215277775,1.8311298059375,0.9947099791666667
2024-08-24,264762.86375,95993677.27598393,2.1721538705208334,1.7808576145833332,2.1108542758680553,1.2404125277777778
2024-08-25,267811.2249930555,95755463.77103175,2.0425200472222222,1.738719923611111,2.0493228424305556,1.09363178125
2024-08-26,264199.11238194443,92585320.92475039,1.7793206104166666,1.7569579965277777,1.9301551104513888,1.0583488715277778
2024-08-27,267031.6206840278,90593604.84223278,1.7078306998611112,1.7015215243055557,1.9063914247569445,1.0415678541666666
2024-08-28,271818.8897013889,87858348.53791827,1.7174928546180555,0.9628924340277778,1.8604453401736112,1.0156858541666667
2024-08-29,273755.0512465278,88887209.19008964,1.6807116399305555,0.8886720590277778,1.8731111757986112,1.0534868125
2024-08-30,273599.7022673611,88360850.72338057,1.7429831354513887,0.9028699861111112,1.9226003238194442,1.146656732638889
2024-08-31,271205.17668750003,87731772.1015936,1.8590596105555557,0.9040384479166667,1.9812650117708333,1.1371042708333332
2024-09-01,271536.59733680554,86608661.98000659,1.7645913227430556,0.9037256840277776,1.9196777191319445,1.0937280520833332
2024-09-02,273903.0580416667,87296312.13500232,1.8168553696874998,0.62112065625,1.9549503915972224,1.1775458819444444
2024-09-03,276207.2730694444,87810141.51605447,2.077874686215278,0.8712809618055556,2.227752949027778,1.1214975347222222
2024-09-04,278887.69898958335,86949611.78313427,1.9116166356597222,0.6349340659722222,2.1318089580555557,1.2000916944444446
2024-09-05,280077.2862534722,86491451.69222508,1.912496746597222,0.8845296736111111,2.169228013923611,1.1278661215277779
2024-09-06,280709.79710416665,85485393.84786284,1.886832653923611,0.6366271631944445,2.1703034072916667,1.0508060555555554
2024-09-07,284588.21786805557,85337301.22364515,1.8932457520833335,0.6089651111111112,2.181704232604167,1.1532628506944445
2024-09-08,284405.7442743055,86052032.01123348,2.0732863772916668,0.5943996215277778,2.3113233325,1.1171142881944445
2024-09-09,279723.03099305555,87434222.4256296,2.033115056284722,0.5765550868055556,2.114666386944444,1.142368513888889
2024-09-10,269438.61478125,87362314.5250584,2.0653054290624997,0.8160186840277778,1.9820644022222222,1.2124526354166667
2024-09-11,271422.2740520833,89542158.33039922,2.0765176409375,1.4598046111111112,1.915914131076389,1.17631853125
2024-09-12,273437.0283993056,91524271.3525144,2.0636660121875,1.5422150069444445,1.9364000322569446,1.2157223819444445
2024-09-13,268592.7619513889,89050972.46879306,2.164513591979167,1.6113886145833334,2.0833335005902778,1.1641585625
2024-09-14,265592.05749305553,87776660.92046279,2.198365186423611,1.6210586840277776,2.124212798854167,1.2555221041666667
2024-09-15,267347.22656944446,86672030.72307147,2.2202107263194444,1.1969586805555557,2.2149462515625,1.304101701388889
2024-09-16,272817.24394791666,85355925.15052904,2.0561456927430557,0.9381935902777777,2.1873836663194446,1.0277654236111111
2024-09-17,271936.1712326389,85390215.27584049,1.8747283674305555,0.9279862465277778,2.0471018610069445,1.1435554652777777
2024-09-18,271504.8175416667,84825425.1980618,2.048968395659722,0.905103375,2.2022525648958333,1.0858953993055556
2024-09-19,294591.98526041664,100921469.48000048,1.5811210975694445,1.7013018298611111,1.5539281186805556,1.2207153888888889
2024-09-20,269526.0130590277,91086006.29425788,1.8851471696180555,1.7768816944444443,1.9338548360416665,1.179423298611111
2024-09-21,260300.04367708333,88105672.93791547,1.956187112326389,1.8692390486111112,1.979500216770833,1.087406326388889
2024-09-22,255736.01050347224,87148347.41791767,2.0203152127083333,1.9654401006944444,1.8449278108333336,1.1348743298611113
2024-09-23,254795.59263888892,86900251.12804218,2.205027400659722,1.9216295,2.1314595555208333,1.2106227569444445
2024-09-24,257051.7450347222,88087934.17757645,2.196641909340278,1.966420892361111,2.174441258611111,1.2382065208333333
2024-09-25,251688.61874305556,87552790.81490617,2.130839997291667,2.109634541666667,2.050063017465278,1.1342501319444445
2024-09-26,246885.52995833335,86139820.84908848,2.057436724895833,2.2031667222222224,2.038187050763889,1.165242125
2024-09-27,246508.35817708334,88612787.83537827,1.9113646053472222,2.2305284409722224,1.911827874548611,1.090923076388889
2024-09-28,248644.95034375,87787904.6302761,2.1089068792361108,2.3352622881944445,2.082536638125,1.1545842708333334
2024-09-29,249332.52619444445,87387448.43380445,1.9894196321180557,2.3916760277777778,2.0235088161805557,1.0980803333333333
2024-09-30,250076.75516319447,86105145.40587032,1.9016598763194443,2.4861111944444443,1.9467497517361112,1.1092631944444444
2024-10-01,246162.70875694443,82300667.30298196,1.9378239915972222,2.5191492222222225,2.0619880575000002,1.115644111111111
2024-10-02,250290.25515625,79740847.90572758,2.1170847794444447,1.2822576493055555,2.3423993256944446,0.9696290868055555
2024-10-03,265736.6579166667,84083254.5982698,2.0380483827430553,1.139094996527778,2.2778901224305557,1.1383481493055556
2024-10-04,264846.1069618056,85258864.53740793,2.040115591875,1.0968882951388887,2.208335256111111,1.3136052777777776
2024-10-05,261139.09283333333,84217276.62711194,2.1088888817013887,1.4316604444444445,2.195549681284722,1.3069831388888888
2024-10-06,261027.9135173611,84289604.35117482,2.2666271378819447,1.1245359305555556,2.3647983025694446,1.241106076388889
2024-10-07,262728.58136805554,86100043.85485905,2.3046291931944447,1.367434625,2.368819793472222,1.2530632395833332
2024-10-08,258668.74313194444,84693682.67310329,2.307500089027778,1.4441151145833333,2.385328533263889,1.2360359548611113
2024-10-09,254902.99488541664,82944524.34532815,2.4407361854513887,2.1447642118055557,2.5267210799999997,1.2244696458333335
2024-10-10,253178.5307951389,81499211.19860458,2.4224708155555557,1.2490241458333333,2.5514346292013887,1.0776829930555556
2024-10-11,252835.59068055556,82093577.14480954,2.5488730778472224,1.4917882361111112,2.6251756652430553,1.1074372256944445
2024-10-12,254572.29736111112,83695305.39339022,2.4616019447916666,2.1528935555555555,2.4887533674305558,1.2855141319444445
2024-10-13,255066.03515972223,82619201.19003649,2.501408195451389,2.2202250451388887,2.6076882321875,1.2487932569444444
2024-10-14,268886.5268645834,91499056.79964215,1.967994732013889,1.2544929375,2.0122950029861113,1.1427342222222223
2024-10-15,279633.8540243056,101861002.53703049,1.7635878204166666,2.107442840277778,1.5760735951736111,1.0499144618055556
2024-10-16,278149.0604756944,100827689.80076548,1.6565414044097222,2.1482618715277777,1.6442206440625,1.0859973715277778
2024-10-17,278052.47713194444,101651303.75808418,1.5153152069097222,2.193368326388889,1.5039922140625002,1.1740806736111111
2024-10-18,268701.96664583334,99214386.85576938,1.484643710625,2.2326816319444442,1.5356540349999999,1.2044873194444445
2024-10-19,265718.18951041665,96730637.75198065,1.7709566299305555,2.205505232638889,1.8169069426041666,1.1754951006944445
2024-10-20,268774.88744444447,97696849.34467949,1.8172545054513887,2.328577798611111,1.8621438557986112,1.2252669861111112
2024-10-21,260915.23209027774,96170522.96227354,1.5911053769791668,2.557874107638889,1.6328970340625,1.0641525902777778
2024-10-22,251584.7937986111,90480554.73870333,1.8356382164930554,2.6346185381944442,1.8981918872916665,1.1539926145833332
2024-10-23,251266.53880902778,88016021.17463093,1.9562170702083332,2.7020822569444447,2.0390103891666667,1.2662550868055555
2024-10-24,247765.95280555557,88758538.38147889,1.6075557498263888,2.7025500104166666,1.779620500798611,0.970109892361111
2024-10-25,251107.32631944446,91682436.56821358,1.3858430949652778,2.6628178402777776,1.4192473566319446,1.1405251145833333
2024-10-26,240579.8394548611,84505704.52402975,1.9959981568055554,2.6923846458333336,2.1842500593402776,1.0956124409722223
2024-10-27,244576.32141666667,85619861.20664401,1.981815088611111,2.55902834375,2.16916939625,1.2361924548611112
2024-10-28,243198.96613286712,86447596.68157625,1.7237857481118881,2.608344258741259,1.8286681854895106,1.1270021713286715
2024-10-29,270644.4793090278,103009873.33152415,1.3151730868055556,2.2600160625,1.3639124252083332,1.166673295138889
2024-10-30,256023.6019583333,95935826.94333026,1.9340073668055555,2.5053699340277777,1.855089144861111,1.1140877708333334
2024-10-31,246248.88894444445,90249122.41325298,2.094957113298611,2.5467425069444447,2.0710119098958333,1.088361125
2024-11-01,251336.07603472224,88049016.56946917,2.2469051803125,2.359793770833333,2.320794006111111,1.0957743923611112
2024-11-02,247607.62814236112,86326244.32730466,2.115913034652778,2.366362357638889,2.2120009840277777,1.0948563055555556
2024-11-03,249790.48270138892,85636751.90171091,2.0272010468055557,2.237270482638889,2.069254527604167,0.9864291736111112
2024-11-04,251150.8121527778,84167588.06030348,2.05435806625,2.0745213541666665,2.2315185906597224,1.0928629201388889
2024-11-05,252695.4750138889,85369033.06210549,1.8192690969791667,2.0495300104166665,2.046917547361111,1.1467329409722222
2024-11-06,260794.55561458334,96311977.30654071,1.3911640044444444,2.040703440972222,1.5298609584027778,1.0904902604166666
2024-11-07,267868.8440555555,101572587.76114018,1.4529961242708334,2.1864867569444444,1.411327902048611,1.0675677222222222
2024-11-08,254637.73448611112,95336409.62387757,1.9040886950694444,2.1658728194444445,1.8015563846875,1.0490524652777777
2024-11-09,246583.53998958334,93196420.24700595,1.7898972263541664,2.1196414965277777,1.8215568713888888,1.151661472222222
2024-11-10,262608.36968055554,113261984.926943,1.5776086934027778,2.0977124930555555,1.6201583004166666,1.0199598576388889
2024-11-11,256941.7196111111,113391628.40909101,1.6951495836805557,2.2735284479166666,1.7070711797916667,1.0308995555555556
2024-11-12,252728.12878125,112407451.90189987,1.8900181085416667,2.2580063680555558,1.8769659930555553,1.0013026493055555
2024-11-13,254226.55868402775,108152732.84383437,2.1381362796180556,2.110470065972222,2.0785766613541665,1.0259662291666667
2024-11-14,257963.27039583333,111349014.12484343,2.2114792534027776,2.169077590277778,2.1745540679166666,1.0271886666666665
2024-11-15,257400.5805451389,108991494.7027676,1.9246785571180556,2.2502657951388887,1.9329980046875,0.9969805763888888
2024-11-16,262323.6337048611,118016147.01037616,1.8118216518402777,2.3110759513888888,1.7361790730555555,1.0292897951388889
2024-11-17,256155.09840625,113464497.0947153,2.1848941296527777,2.3781567083333335,2.0051529589583335,0.9766042569444444
2024-11-18,249469.59985416668,111085898.9858227,2.148328007951389,2.4680432534722225,2.013437785486111,1.0280158715277778
2024-11-19,266193.28673958336,119999591.04969835,2.030412628923611,2.4162379930555553,1.8894173254166668,1.0443181527777776
2024-11-20,264040.05409374996,116444836.06504816,2.0376491362152778,2.4942833645833336,1.9950912149305557,0.9872858541666667
2024-11-21,311343.36795486114,152678646.2714686,1.7332102890625,2.2465201006944446,1.7124582464930556,1.0529241249999999
2024-11-22,296175.7914895833,144768797.46933833,2.2054379322569444,2.1924873020833333,2.173179101701389,0.9597752361111112
2024-11-23,304445.0847777778,159744518.80523944,2.3385914738541667,2.550855621527778,2.176317724270833,0.9875065486111111
2024-11-24,270537.03252430557,137215737.50824732,2.6756595731944444,3.383008298611111,2.5037385882986114,0.95158346875
2024-11-25,265841.8828298611,135704640.00061107,2.468693987395833,3.666928861111111,2.258423769201389,1.0014890104166667
2024-11-26,267498.24021874997,131642937.54110414,2.124631999826389,2.133514121527778,1.9119893877430556,0.9576115347222223
2024-11-27,276020.66797569446,140049719.0371486,1.9479562543055557,1.8597659513888887,1.9091842422569445,1.0319659965277779
2024-11-28,261071.49909374997,132771219.12843376,2.5091090509722225,3.8692536493055556,2.420500112048611,0.9952247916666666
2024-11-29,273371.9439756944,140000897.8241627,2.6192552987152777,3.165552739583333,2.5250220258680556,0.9550813333333333
2024-11-30,271589.23751388886,141780847.50325054,2.698702507361111,3.421879357638889,2.494112734965278,1.04159303125
2024-12-01,259814.6895625,135787955.45902613,2.8668058592708334,4.052032482638889,2.648784039513889,1.020946298611111
2024-12-02,275646.06676388887,144598507.69732302,3.000113062951389,3.4587433090277777,2.9402614107291667,0.9860047083333333
2024-12-03,294620.3567013889,158955281.93237323,3.007775297048611,4.261967427083333,2.7091826489583335,1.0321789930555556
2024-12-04,301233.51777083334,172020759.85952097,3.5494148474652776,4.715739930555555,3.080848247465278,1.022943170138889
2024-12-05,314732.95813888893,189775397.4528159,3.0273701805555557,4.6491821076388895,2.605128540347222,1.0130634409722221
2024-12-06,303393.4261215278,184168118.20013332,2.9221731443055554,4.242582739583333,2.528950021354167,0.9859907291666666
2024-12-07,285486.0427291666,175681677.18083364,3.111507433090278,4.2316627152777775,2.6739177373958336,1.1402775277777777
2024-12-08,264102.9670729167,162825257.16533038,3.1269110519791665,4.022232371527778,2.7050690185416664,1.0850798020833332
2024-12-09,260625.47244791666,155590258.25627673,3.129510557986111,3.825256128472222,2.797098641180556,0.9335569513888888
2024-12-10,263084.39238194446,139207563.7090778,2.5182677591666667,3.568167878472222,2.3729640865972224,0.9725375590277778
2024-12-11,260556.59774652775,138479414.9956835,2.131708492986111,3.802705708333333,2.0292229305555556,1.0336078645833333
2024-12-12,253070.68407291666,139343252.14780292,2.2785579714583335,4.2533835034722225,2.143251025034722,1.0376216666666667
2024-12-13,251123.7345798611,134267327.77267608,2.5223074674652777,4.537272142361111,2.3150372709375002,1.0503515
2024-12-14,258679.20302777778,138363462.8709975,2.317750720173611,4.227685868055556,2.142868170208333,1.0640822187499999
2024-12-15,256964.93442013892,137887132.21336564,2.306226126979167,4.253030013888889,2.1408500174305556,1.0396575069444445
2024-12-16,257145.0532152778,138803347.68208605,2.5362019795833337,4.405304625,2.2521227671527777,1.0014965868055556
2024-12-17,255653.8831909722,137199143.9795388,2.6730401871527776,4.526464534722222,2.3843169609722223,1.0569765555555555
2024-12-18,262387.36259375,135937235.29200307,2.6535410469791665,4.060783347222222,2.435182136597222,1.0393717673611111
2024-12-19,260334.43024652777,122234843.59483851,2.5940665135763887,2.1026433333333334,2.4686799468055556,1.0302125000000002
2024-12-20,255438.7102326389,110602178.00296915,2.400929046111111,1.7247532326388888,2.2926144169444442,1.07172590625
2024-12-21,265067.89554513886,121270784.9801428,2.053017942326389,1.8763823958333334,1.8387470078819443,1.0459376388888888
2024-12-22,260567.40810763888,117489707.38358398,2.2171100072569443,1.8730450590277776,2.028790078784722,1.016747236111111
2024-12-23,256729.0913923611,114429531.91034035,2.3082020837847224,1.9779548541666665,2.1758966964930555,1.0642331527777777
2024-12-24,260446.62186458334,120930071.48445068,2.3901359757638887,2.043861166666667,2.048020653784722,1.0932896944444446
2024-12-25,260010.0940902778,120591135.48742253,2.5947162425694446,2.1430063819444443,2.138299671527778,1.1389349652777776
2024-12-26,259718.42212499998,115643569.2072801,2.722465835659722,2.11831328125,2.4266944378472224,1.0673363506944444
2024-12-27,258222.55638541665,115167852.80213322,2.4120286506944444,2.0878673055555557,2.247117812222222,1.2051255798611111
2024-12-28,257499.64065277777,114359410.25676006,2.4488785097916668,2.136634923611111,2.286861867986111,1.1497188958333333
2024-12-29,257855.73614236113,115290708.42796889,2.518124361736111,2.148517746527778,2.175440500173611,1.0546812881944445
2024-12-30,260113.4315208333,115716474.03276052,2.4685667316319444,2.108184913194444,2.194537304375,1.2129846944444445
2024-12-31,263196.878,116309603.36243609,2.497106126284722,2.15065625,2.17773279625,1.1196839652777777
2025-01-01,264906.30500347225,116548918.91590816,2.304310150625,2.139541881944444,2.0991861736805557,1.0628793541666668
2025-01-02,268880.10715972225,123748349.883092,2.1977556915625,2.1767027673611112,1.7909303814583335,1.208749982638889
2025-01-03,269614.6541875,125748001.6899565,2.615993388611111,2.19538353125,2.0795093313194446,1.2937667916666666
2025-01-04,270482.3188784722,128685610.46531111,2.8492879450347224,2.293476420138889,2.3044988084374998,1.2822338576388888
2025-01-05,249009.27490624998,117214606.37109272,2.899460382847222,2.239607097222222,2.3623201247222223,1.187468486111111
2025-01-06,269165.5260104167,127871163.53254387,2.8371275359375,2.239912121527778,2.390591819861111,1.2618859965277778
2025-01-07,269981.56125,125260235.94950822,3.0592091113541664,2.2476668819444448,2.6166944929861113,1.1021617395833332
2025-01-08,256225.19619791664,111447595.21713118,2.8198440289930553,2.1208032083333332,2.5814364253819444,1.0264461215277778
2025-01-09,271067.48946180556,115513506.55254921,2.902729701597222,2.120632986111111,2.61202146875,1.0504715347222222
2025-01-10,272450.7941701389,118721986.8406875,2.6468597842361112,1.9769638159722223,2.381437093611111,1.1921070381944443
2025-01-11,271508.0777569444,119518304.36732149,2.808846823055555,2.100521930555556,2.444564890763889,1.1510411111111112
2025-01-12,272741.72314930556,122016962.11398107,2.543072781666667,2.122228541666667,2.1963958565277775,1.13251896875
2025-01-13,272804.3389965278,115738579.5822635,2.578763617569445,2.1804476145833336,2.3125210035069443,1.0601325416666667
2025-01-14,267311.96415625,116072174.32597011,2.371739762430556,2.137154590277778,2.1550547506944446,1.1910643368055556
2025-01-15,271642.1691597222,120113337.93889062,2.5747673292361113,2.3932725972222224,2.2423778290972223,1.1730319548611112
2025-01-16,286396.3806805556,131821366.01357645,2.8842659659722223,3.4912894652777777,2.3573994077430553,1.1108243784722223
2025-01-17,295263.8638958333,142649256.99389485,2.507934814548611,3.5367194826388886,2.010139545763889,1.1600776076388888
2025-01-18,286048.21616319445,134421440.42616498,3.083729095347222,3.6685166006944447,2.4934594730208333,1.0647065555555555
2025-01-19,274075.5449965278,124779045.01846917,3.058422030729167,3.4979727187500003,2.6780535971875,1.0430198854166666
2025-01-20,265511.95835416665,117128547.67326955,2.6828319118402777,2.3147193506944443,2.4530741603125,1.0237618194444444
2025-01-21,266336.19717708335,116332952.33499898,2.740911055763889,2.067114826388889,2.403380831215278,1.0379611354166667
2025-01-22,272428.1900902778,120964317.39950334,2.5993436585069443,3.013570701388889,2.063279742465278,1.1463725381944443
2025-01-23,270561.5694375,117108928.64581507,2.7361717363829787,2.3067900868055555,2.284502010451389,1.1006934548611111
2025-01-24,267368.02053125,116627029.6364463,2.850199976388889,2.2275078993055555,2.5159632807291668,1.1400805555555555
2025-01-25,272123.11203472223,119988906.4519065,2.8182370661805556,2.1812413611111108,2.3955633829166665,1.1598346354166666
2025-01-26,275169.96359375,120712302.58256881,2.9771592940277776,2.1723711979166667,2.5053685024652776,1.0395093715277777
2025-01-27,270125.6209895833,111728263.10023962,2.6527572960069445,2.0418015555555558,2.467706463576389,1.0832117916666666
2025-01-28,267743.61241319444,113716666.4241498,2.2765469880208333,2.1202327638888887,1.9696742521875,1.1357325347222222
2025-01-29,270215.4652222222,111845796.19111726,2.7116448999305556,2.1148253055555557,2.435079049236111,1.1319729722222223
2025-01-30,278037.09959374997,119743512.35980469,2.1796344185069447,2.149593357638889,1.640559244236111,1.108262875
2025-01-31,280620.50974652776,121189844.54255244,2.561013742534722,2.2872988472222224,1.8061240214930558,1.1815631875
2025-02-01,280719.17892013886,118062896.757475,2.776541556597222,2.375925357638889,2.1869087818055557,1.1271847743055554
2025-02-02,276745.2315659722,107743853.77844413,2.8622621694791666,2.0315909027777774,2.7385355297569443,1.00096384375
2025-02-03,263935.7087569444,85500460.28493625,2.368790248472222,1.7579235902777777,2.194897138916084,0.9693660034722222
2025-02-04,253484.82968750002,84936654.61061728,2.2190253345486113,1.8350763055555557,2.0083152910069444,1.0372110555555556
2025-02-05,246752.7778888889,81702164.73614457,2.2157931219444444,1.1581367569444445,2.0064008228125,1.0751373715277779
2025-02-06,243836.90847222222,79268420.94806781,2.2123298132291667,1.0758077986111112,2.0348664920486113,1.0858096076388888
2025-02-07,241746.01754861113,78015793.52105212,2.204066499791667,1.089561017361111,2.0547011121875,1.0187725833333332
2025-02-08,240887.31119791666,76877746.18951668,2.2079459037499998,1.1045030902777777,2.040148813402778,1.1198133958333334
2025-02-09,241785.60571180552,78510058.87571436,2.083632407777778,1.0817196145833334,1.8972158371180556,1.1147392951388888
2025-02-10,245486.10200694448,80681904.32550347,2.200825762118056,1.0670385590277778,1.9504819629166665,1.1680309027777778
2025-02-11,247584.180375,83056899.4094624,2.1626678412847222,1.07101659375,1.9166213837847224,1.0552484965277777
2025-02-12,247879.31088194443,82505665.960733,2.2376462220833333,1.0764269270833333,2.0072330885416667,1.0797741840277777
2025-02-13,246321.24125694443,82555991.89124319,2.4936973144444448,1.8763370729166668,2.1417223140625,1.0623377916666668
2025-02-14,247151.34303125,84302017.7531955,2.262768473263889,1.1899729965277777,2.0322831655555555,0.9857724548611111
2025-02-15,248561.95622569448,84232100.54940467,2.334113998472222,1.9296798888888889,2.0416927952083332,1.1134208645833334
2025-02-16,246015.32168402776,81446633.64948003,2.2375860121527777,1.1988878576388888,2.114182815104167,1.198412423611111
2025-02-17,247827.59846180552,80930476.7714766,2.2051449762499997,1.0718966006944444,2.154508760034722,1.1119554930555555
2025-02-18,253396.72961111114,80303619.17535189,2.327836439861111,1.0853628576388887,2.3403483721875,1.0588856354166667
2025-02-19,254346.26645138892,81212606.55173618,2.300130001631944,1.0813938159722223,2.2198678527430555,1.1444701006944444
2025-02-20,252281.52903125001,81597977.06559725,2.3177301722916663,1.0873935277777778,2.170119533055556,1.0978888611111113
2025-02-21,251645.7256388889,81584789.12086332,2.657994601875,1.0851603194444444,2.383837809375,1.0738009166666667
2025-02-22,253369.7533263889,80827816.68311486,2.700145727361111,1.0973577048611112,2.6371137079861113,1.054372732638889
2025-02-23,256199.73944791665,83595823.78577106,2.545086885381944,1.0599008229166667,2.3040296983680557,1.2388094479166667
2025-02-24,256225.15433680557,80063636.48602292,2.682883053333333,1.051576625,2.526660311909722,1.0591837291666666
2025-02-25,262121.97784027777,75361365.91072571,2.6743778414930555,1.0683857951388889,2.6451958967708333,1.0157541423611112
2025-02-26,261747.7705277778,76997119.46589604,2.5672192422916664,1.0646166840277778,2.4055671560763887,1.066177753472222
2025-02-27,260989.15500347223,77680819.29611252,2.4525949067361115,1.0927663159722223,2.2560396211111113,1.1495932708333332
2025-02-28,273595.53975694446,80466472.10522667,2.290890968368055,1.0500895520833333,2.0587527962847223,1.066760201388889
2025-03-01,270690.92915972223,84780583.73641442,2.0481408791666667,1.1354671215277776,1.6120312237152779,1.247519559027778
2025-03-02,262539.31535416667,84678357.3793354,2.207582984756945,1.1335064479166668,1.832777158125,1.0931967395833333
2025-03-03,271206.74873611116,88882796.0857023,2.3135798411111113,1.1322200277777776,1.9136482854166665,1.0381687986111112
2025-03-04,286448.4937083333,88598441.28593375,2.144848225277778,1.2289179722222223,1.8364855374305558,1.0677511944444444
2025-03-05,391418.96366319444,145668318.86715776,1.0978050294791666,1.3267904826388888,0.9028827424305556,1.0536910173611111
2025-03-06,426979.2889340278,168969323.29035524,0.6830333428124999,1.9542412083333334,0.5803164219097222,1.1684163472222222
2025-03-07,444947.10931944445,176211742.21751922,0.8334408586111111,2.247087315972222,0.7386745840277777,1.1283838611111112
2025-03-08,438826.63369791664,168931053.1045421,1.1358470097222222,2.401588548611111,0.9779431371527778,1.1049668715277778
2025-03-09,425262.6960138889,158215644.79874417,1.1767961555902777,2.5459474930555555,1.0100051174305555,1.0846342986111113
2025-03-10,409995.7878298611,145506808.02300254,1.5107268611805555,2.7484579270833334,1.3609376025,1.1187723125
2025-03-11,402282.72212500003,135528634.6711815,1.78920819625,1.7020405347222223,1.586783441076389,1.1059603298611111
2025-03-12,400013.88707986113,137130082.01316565,1.6459007176041667,2.076130458333333,1.4425828708333333,1.1147133541666667
2025-03-13,391027.82681249996,131193445.47316694,1.6831960351388888,2.712284371527778,1.5367295540625,1.0776196840277779
2025-03-14,385261.0917951389,126749704.71220763,1.598396345625,1.780075763888889,1.5346741921180556,1.0349151180555554
2025-03-15,335299.50430902775,113595037.07278533,1.4002221031597222,1.3495153576388887,1.3462365233333333,1.1618605069444445
2025-03-16,301615.32653125,100885518.47849001,1.4466980429166667,1.9349304270833332,1.3927044524652779,1.0510870347222223
2025-03-17,293476.8627083333,98911735.95842135,1.295153934375,1.3467535381944444,1.257475162048611,1.1838375729166666
2025-03-18,287656.3608506944,96183381.1644123,1.3196357284027778,1.5252217291666668,1.2555877405208333,1.106347048611111
2025-03-19,283346.67044791667,95681070.37626986,1.3585587152430554,1.1684272569444445,1.3022075708680554,1.091881840277778
2025-03-20,282154.58304513886,96109339.324637,1.4955731130208332,2.0220946562499997,1.3578362338194445,1.0507502743055557
2025-03-21,285843.5359409722,94504682.82515663,1.6382876180555557,1.3133196944444443,1.6240256771875,1.0751187743055555
2025-03-22,287467.2962291667,93132077.435816,1.617296815138889,1.1695364375000001,1.6721486087847222,1.0362227534722224
2025-03-23,289201.64122222224,93472325.54646488,1.5379783359374999,1.2022846354166665,1.6166410808680556,1.0673658368055556
2025-03-24,281096.62097222224,92767905.16699801,1.545519805763889,1.221424625,1.507749969375,1.0521958229166666
2025-03-25,277393.81643055554,92043710.0492565,1.6163147138194445,1.2650940868055556,1.4835085806597224,1.0101865798611112
2025-03-26,275834.7348125,92431902.34280552,1.5869240531944444,1.5238479826388889,1.4031877165972224,1.0800906180555556
2025-03-27,282756.7435138889,93377449.79414934,1.6482544221527777,1.3142968923611111,1.5498906566319444,1.2418440416666667
2025-03-28,288999.4746909722,90362744.20279807,1.6261654269444443,1.2220126215277778,1.715017708125,1.0796260972222222
2025-03-29,294304.6392638889,89654422.45145226,1.4871163021527778,1.159406861111111,1.650823917222222,1.0780367743055554
2025-03-30,295309.3591006945,89751632.75217535,1.5422967466319444,1.1169761388888888,1.7573062777777777,1.1859030555555554
2025-03-31,292231.2120902778,87664357.87260142,1.6536085977083335,1.1064253055555555,1.817960590798611,1.077320076388889
2025-04-01,289663.2876909722,89632554.431763,1.7026721535069445,1.1002892256944443,1.7972246238194447,1.0808443715277778
2025-04-02,284171.1930833333,86795284.15017712,1.715100494201389,1.1178480625,1.7491083145833333,1.0768576979166666
2025-04-03,288238.8855625,86413703.89025304,1.6484763095833332,1.095489076388889,1.6431387065972223,1.0755955243055555
2025-04-04,286870.6964861111,86664282.62383786,1.7182157227777777,1.1162632083333335,1.7129324277777778,1.0598895972222222
2025-04-05,282752.7481145833,84952184.36394233,1.715674825451389,1.1227378333333333,1.7154386944444444,1.1050390069444445
2025-04-06,293198.8019861111,85154237.82226054,1.777481932951389,1.112528076388889,1.7711039673958333,1.1122399270833334
2025-04-07,295723.60555208335,79437309.78819169,1.5548675178819444,1.1232624826388888,1.5337143585069444,1.05343003125
2025-04-08,290345.4984027778,80377005.52371563,1.5309062405555556,1.1039835868055556,1.4424110463194444,1.1109541180555556
2025-04-09,294219.85641666665,82688907.86873008,1.5307569517708333,1.12196828125,1.4437992243402777,1.099884357638889
2025-04-10,302919.3698993056,89075458.52708875,1.62007501625,1.1792327256944446,1.4769094983680555,1.1542077604166667
2025-04-11,290311.8633229167,88090897.38172698,1.5821119661458334,1.1212971631944444,1.474822509201389,1.1070042951388888
2025-04-12,290794.41315972223,95122800.79753068,1.5902546295138889,1.0386449375,1.4080310319097222,1.1096205173611111
2025-04-13,292403.3806215278,100202063.55993053,1.4272754338194444,1.63268259375,1.2579389933333334,1.2364531006944446
2025-04-14,274759.79184375,92895728.72151344,1.5358523512847222,1.5651375868055557,1.5077708236805556,1.0582991388888887
2025-04-15,276227.86977083335,90253106.28642762,1.3604553049823322,1.0966809787985867,1.557603699328622,1.1319965520833335
2025-04-16,281391.8715763889,90148030.87728217,1.3512598161111111,1.0798858298611111,1.5658036542361111,1.1409080277777777
2025-04-17,297828.0606388889,98868804.79728794,1.226135826736111,1.735716704861111,1.2541040032638888,1.1316751215277778
2025-04-18,302723.71307291667,101553181.90204063,1.3315077019444446,1.865659954861111,1.198355168125,1.0954083055555557
2025-04-19,298369.84962152777,100434896.00067051,1.433882242673611,1.8686912048611113,1.2509351227777779,1.1604626597222223
2025-04-20,303009.40015972225,101792498.11910982,1.4680279049652778,1.9866621076388888,1.3255631844444444,1.1910866423611113
2025-04-21,298630.47854166664,102010173.90500301,1.2720545051388887,1.9533541249999997,1.1639421581944445,1.1037250625
2025-04-22,313557.9228958333,109880030.00404117,1.1613040409375,1.923706951388889,1.0193886374305556,1.1600891180555555
2025-04-23,310014.94378819445,111295693.69025162,1.2645393561111111,1.945149798611111,1.1099443464583334,1.0970464166666667
2025-04-24,317304.1536805556,112567057.89065814,1.3435070316666666,1.99012284375,1.2339484264930556,1.0673139583333333
2025-04-25,312828.28459375,115056641.39625372,1.2454951701041665,2.019637982638889,1.1305180204861112,1.0587693680555554
2025-04-26,284767.52371875,103712897.5830559,1.4419639305208334,1.890825972222222,1.3845384296527776,1.1113249409722221
2025-04-27,284821.1169513889,100110599.91755441,1.4218321016319444,1.782029923611111,1.43582076125,1.0678975173611112
2025-04-28,284095.92069791665,99424687.61708754,1.431600020173611,1.6738468958333332,1.4220690266319445,1.0557202916666666
2025-04-29,310407.8642743055,114910547.92484735,1.032519059513889,1.794146513888889,0.9240526618055556,1.1293597256944445
2025-04-30,298561.92439583334,108663369.58431022,1.3605874888194445,1.8622598020833334,1.2556880485069444,1.0871036354166668
2025-05-01,285832.71568055556,104824312.10777995,1.62635139875,1.8312996423611112,1.4657598790625002,1.1144704583333334
2025-05-02,287894.37391319446,107346360.16645041,1.384610854236111,1.747784263888889,1.2447277326388888,1.144300048611111
2025-05-03,274552.92785416666,100928831.58936225,1.4948827471875,1.5478231145833332,1.4785559992708333,1.0716085381944445
2025-05-04,279027.1157083333,100071933.65847209,1.5042362695833333,1.5129555381944444,1.6306883384375002,1.0222857083333334
2025-05-05,279203.9372256945,99056157.99889289,1.5635471740277778,1.4188481875,1.7331211742708335,1.1685713159722222
2025-05-06,284912.8895590278,101733091.58750182,1.3469666498611113,1.3249405416666666,1.409091683263889,1.1451854131944446
2025-05-07,270026.4130347222,99524038.28421241,1.5133092414930556,1.2784686770833333,1.4091333190625,1.1133345798611112
2025-05-08,320133.32090972224,132688898.9754737,1.080890277361111,1.463524607638889,0.938150405763889,1.1478705833333334
2025-05-09,288353.8649201389,119347082.7634762,1.5749044017708334,1.5531006805555556,1.4522898828819446,1.0857301631944445
2025-05-10,276681.80079166667,115948264.85709508,1.6741261106597223,1.6175378159722222,1.5345696134375,1.0555644930555554
2025-05-11,270241.49021180556,111647359.96370198,1.947797888923611,1.6390934444444445,1.8298362559722223,0.9777632222222221
2025-05-12,269436.3476423611,110652789.34023947,1.827709450798611,1.6293789305555555,1.7931274132291668,1.004891545138889
2025-05-13,265999.49737847224,107318910.328124,1.8205856286458335,1.6216429652777777,1.7759461454861112,1.0222169618055554
2025-05-14,264965.82673263893,107525562.08058664,1.8159759885069444,1.6404637534722222,1.7206896480902776,1.0399705798611112
2025-05-15,269404.95177083334,106200282.37122461,1.7764779924305556,1.631357065972222,1.7763491295833334,1.0825000729166667
2025-05-16,271490.66336458334,108285565.52735199,1.737933423923611,1.393262670138889,1.7330515762152778,1.077281423611111
2025-05-17,272673.5760902778,107238158.83667265,1.8516110463541666,1.3333726041666667,1.8625800360416664,1.0772068125
2025-05-18,271465.72271875,108349760.7424168,1.8700980253819444,1.2360379270833333,1.900750039652778,1.1313658368055557
2025-05-19,268750.77952777775,104301650.62836564,1.8755607329166668,1.1891042048611111,1.9512985062847221,1.0329696631944445
2025-05-20,263934.84092361113,103096353.50300866,1.867260235659722,1.25057359375,1.8203357876388888,1.0177801840277778
2025-05-21,262883.29871180555,105050025.46917759,1.844912039513889,1.2844012430555556,1.7042015875694443,1.147368017361111
2025-05-22,297807.16133333335,127567192.19998291,1.386142745486111,1.45099403125,1.3334647955555556,1.1131987395833334
2025-05-23,298689.3793715278,131764627.19789574,1.4432675075694443,1.6216762847222224,1.3133935686458333,0.9784776875000001
2025-05-24,282899.31272569444,120898662.79977669,1.6617451634375,1.5426795069444443,1.6016532358680555,1.19080953125
2025-05-25,280258.00180902774,116707871.43705541,1.542351205277778,1.5294734131944443,1.5956834694097222,1.281641388888889
2025-05-26,278179.25049999997,116724257.46369763,1.6224759684374999,1.5499664340277777,1.6267037346180555,1.0917589409722224
2025-05-27,273489.8517777778,114110767.30299276,1.8500432464930556,1.5255990243055555,1.7635305435763888,1.1215603784722221
2025-05-28,270096.2497256945,111659294.97642359,1.6768141753124999,1.6210652395833334,1.612144070486111,1.1656751631944444
2025-05-29,290500.1601145833,121138246.63973644,1.6053364575694444,1.732470388888889,1.5247168955208332,1.1410705277777777
2025-05-30,285637.4326840278,116158237.40837522,1.6410750469444446,1.5969461840277779,1.5928392329513887,1.0040873819444445
2025-05-31,287038.3538020833,116932372.69487995,1.6871208718055555,1.5719821875,1.5967852952777777,1.07675303125
2025-06-01,289150.83054166666,116977053.52435927,1.9022066852430557,1.6244724652777778,1.7997342875347222,1.1126598784722224
2025-06-02,284579.9693090278,114208553.48951237,1.6444870936805556,1.644681920138889,1.6220418593055554,1.10952971875
2025-06-03,279987.36775,113084836.64819953,1.3361289594097223,1.6713569930555556,1.305357830138889,1.1011042083333333
2025-06-04,276941.6228125,111986311.92401588,1.3291258037152778,1.6417123263888889,1.2171342462152779,1.1026761006944445
2025-06-05,270967.9505763889,107771665.73236254,1.4041145197222222,1.6594762847222222,1.5060165854513887,1.0890543506944443
2025-06-06,277903.32634375,108189022.38155314,1.4344292122569444,1.6408697847222222,1.4849793128819444,1.1099166805555556
2025-06-07,284113.5595625,114848971.39475304,1.4308783687847222,1.5698051527777777,1.2044704688888888,1.193094923611111
2025-06-08,288884.44244791666,119082131.24531132,1.6131063128472223,1.5357263611111112,1.2569425803819445,1.2278511805555556
2025-06-09,289744.4929444444,121341463.62852144,1.580844868125,1.557227736111111,1.3170146651041668,1.3152168020833335
2025-06-10,290945.0203576389,124705534.7044599,1.3184603283333334,1.6468219270833333,1.1689643458680556,1.1540759305555557
2025-06-11,290448.97635069443,127685347.86747892,1.3352461487152778,1.459947125,1.1614567255208332,1.1294613541666667
2025-06-12,270703.35978125,116509031.07896239,1.4379788967708333,1.2593539652777777,1.3753102024305557,1.1129243506944446
2025-06-13,287879.6164097222,120873101.53193034,1.3135982158333332,1.2423778784722221,1.4280474502083333,1.1832497083333333
2025-06-14,307813.3272708333,133551556.85302551,1.4117617669444444,1.4078394444444444,1.3162794468402776,1.2086775763888888
2025-06-15,331143.46352430555,148774842.17689064,1.2936039230902778,1.3833169027777776,1.1814704923958332,1.1552523506944443
2025-06-16,358927.33821180556,165656866.49737433,1.1353284294097223,1.3703861979166667,0.9994125946527777,1.1755287881944445
2025-06-17,392606.94763541664,184378559.1222737,0.8206268525,1.5404153993055556,0.7127567723263889,1.0871781215277778
2025-06-18,408447.1648958333,190584369.4634921,0.7464569296875,1.6103020104166665,0.7096979302430556,1.1283314270833333
2025-06-19,409615.60568055557,194491348.64582932,0.7266457202777779,1.5086430381944445,0.7258638439930556,1.1469189166666667
2025-06-20,428844.2799340278,208779826.55775744,0.7969136819444445,1.6092056423611112,0.6684287070486111,1.1176270625
2025-06-21,385721.3206909722,181410565.3884808,0.9636043897222222,1.5651187847222223,0.966918056388889,1.1943827708333332
2025-06-22,361472.05610069446,165446760.75693274,0.8178094252777778,1.5069402673611112,0.8825594487152778,1.2212081180555556
2025-06-23,329908.88917013886,149313650.40160134,0.9644850181944444,1.334765232638889,1.054790603611111,1.0913339479166666
2025-06-24,316463.52711458335,144656688.75125018,0.7616353098263889,1.3933705277777777,0.88574428,1.0383371979166667
2025-06-25,325346.9093993056,155752788.67031208,0.7028095547916666,1.4726863333333333,0.7842020398958334,1.0907971944444443
2025-06-26,343225.11895486113,169100233.38409415,0.7317928088541668,1.491023236111111,0.6926587,1.1203455069444446
2025-06-27,342326.62926388887,170179382.3616469,0.8680762059722222,1.4501312916666667,0.7387598579513889,1.1233714236111112
2025-06-28,334240.9191423611,165442109.65097606,0.9037520607638889,1.7991293437500002,0.7959685972222222,1.1788617291666668
2025-06-29,326366.9344375,160697413.08120328,0.86586414625,1.5637628159722223,0.8776035196875,1.1525995972222223
2025-06-30,349446.3091805556,175911063.13681045,0.7211826068402778,1.8852691770833334,0.7135191941319445,1.1201776631944445
2025-07-01,375775.03668055555,194540628.4169694,0.6893262277430555,1.8313156180555556,0.5824496594444445,1.1292980208333332
2025-07-02,332075.28972916666,167506047.25815386,0.7863395069097222,1.560662236111111,0.8339992528125,1.13187196875
2025-07-03,333495.53558680555,167164675.70602936,0.7484829851388889,1.8286061215277778,0.8735338056944444,1.0595093854166668
2025-07-04,338553.4887638889,164207963.4865152,0.9314251109375,1.6754799791666666,0.9908188342708334,1.0949168333333335
2025-07-05,343580.48290625,166355620.70012054,0.9254655582986112,1.5421021979166667,0.916595331875,1.0955588993055556
2025-07-06,341778.1223159722,167381432.45806873,0.8762433250694444,1.5129996180555556,0.8977573069444446,1.1405829097222222
2025-07-07,341786.2730138889,169125028.87101534,0.895230215625,1.5106513819444443,0.8804163128819444,1.228231670138889
2025-07-08,346074.0723090278,172791314.5750262,0.8639078650347222,1.5477006388888888,0.8413728606249999,1.15850775
2025-07-09,352905.8062222222,178864220.0244455,0.7993556509027777,1.8919819548611112,0.7706458143402778,1.1481040625
2025-07-10,336615.93009027775,172537629.46194297,0.8841460445833333,2.4567829930555556,0.8038608063541667,1.1524802222222224
2025-07-11,307276.76099305553,161692891.73435342,0.9479226760763889,2.797108746527778,0.8947540312847223,1.1467226145833331
2025-07-12,286921.199,148082059.89189437,1.0746908207638888,2.77234003125,1.0387054765625001,0.9910568055555555
2025-07-13,282279.2590069444,142911758.51449597,0.930307781875,2.604134208333333,0.9662020794444444,1.0498246527777777
2025-07-14,282739.57111805555,144045572.69020396,0.7945713165625,2.6246411944444445,0.8728646720833333,1.0078479375
2025-07-15,281457.8559409722,138124654.9727207,0.7939841770138889,2.730335465277778,0.8844713084027778,1.1003792465277777
2025-07-16,282347.59198611113,141025125.89573023,0.7970975548611111,1.9390224270833332,0.8589291102777777,1.10171128125
2025-07-17,280796.8724722222,139204333.39271593,0.8233939339930556,1.9127212673611114,0.8917597431944445,1.0036414791666666
2025-07-18,293135.7747534722,152481942.83481535,0.9775809593402778,3.159031420138889,0.9531785814236111,1.0328955208333332
2025-07-19,291065.8825138889,148593168.80729055,1.1306822224305555,3.27304315625,1.1110654560763888,1.079003704861111
2025-07-20,334480.0550625,179251002.86708254,0.9428996477083333,3.1122908506944444,0.9129887171875001,1.0859857847222223
2025-07-21,294089.0132847222,155577823.12220627,1.411232683381818,2.8924437236363634,1.378485742290909,1.0759795138888888
2025-07-22,293079.2941423611,152315244.23287162,1.3329239471428571,2.563902829861111,1.3594940910763889,1.1094069791666668
2025-07-23,299980.17577083333,155656342.46009767,1.0314539527430555,2.731513902777778,1.116260011284722,0.9843629340277779
2025-07-24,313478.34464930557,161358263.47936234,1.0168381586458333,2.7013164583333333,1.0395425042013888,1.1803425625
2025-07-25,400750.9152569444,215308796.11562893,0.8049216443055556,2.768392579861111,0.8235259443055556,1.2132175381944446
2025-07-26,424883.2155208333,236486910.96762395,0.8769091322222222,2.758490784722222,0.8198887969444445,1.1055125972222222
2025-07-27,447736.12796527776,263113272.78433672,0.9102184308333333,2.749026145833333,0.8324166203819444,1.1153279722222222
2025-07-28,388791.1947326389,227168212.2942623,1.1373767617013888,2.8045871979166663,1.0476710984375002,0.9798932638888888
2025-07-29,355240.92106597224,202732061.72420475,1.0126031470138888,2.9387486805555554,1.0439688652430557,1.1360747291666666
2025-07-30,349369.054625,198220198.33221054,0.9554284469444444,3.138855482638889,1.0155271565277777,1.1611442256944444
2025-07-31,346618.7822708333,200274635.09167215,0.9381920248958333,2.8877812152777778,0.9565883783680555,1.0514894131944446
2025-08-01,343708.4067916667,190117044.0657087,0.9451989799305556,2.9092799166666667,1.0529077359027776,1.0849896111111113
2025-08-02,337326.7078472222,180051683.80847728,0.9392395547569444,2.9577260138888892,1.0636449538888888,1.110025375
2025-08-03,345871.8075972222,185719493.42651454,0.8685118833333333,2.905329076388889,1.0127172080555555,1.1755184791666666
2025-08-04,361214.13582291664,201938434.34705716,0.8821316165972222,2.8795137222222222,0.9736223870486111,1.1118835555555555
2025-08-05,413264.63209375,232816694.3547753,0.8856212029166666,3.158980763888889,0.9285691223611112,1.103451420138889
2025-08-06,414098.92154166667,232798974.30050713,0.8733356476388888,3.255391229166667,0.9391387887152778,1.0880955729166668
2025-08-07,417542.03743402776,240392098.03533566,0.8692722690277779,3.3125280381944444,0.8683735463194444,1.0927476875000002
2025-08-08,408063.5040138889,237125204.7097903,1.1498440602430557,3.3397032638888886,1.035894293923611,1.0487852083333333
2025-08-09,388620.80830902775,225481574.67396146,1.1530463325,3.57583634375,1.0549615060416668,1.0892520555555556
2025-08-10,364484.2758020833,207857309.66049054,1.0308007730208333,3.4906505625,0.9769522976388889,1.1397203263888889
2025-08-11,399610.00110069447,232510327.6482195,1.0075671110416666,3.467923708333333,0.9160085328472223,1.0978085625
2025-08-12,457035.9342708333,274665917.819484,0.8238158701736111,3.3317908958333335,0.7932154779166667,1.0973864722222222
2025-08-13,451510.0321388889,276972512.6932713,1.158961455,3.4876500347222223,1.0408926221875001,1.0902289895833333
2025-08-14,416203.46831597225,251357353.95093378,1.247322130173611,3.7090738680555555,1.15047619,1.0541535729166667
2025-08-15,404874.79230555554,239808988.1860448,1.1901007594097224,3.801816013888889,1.12108412875,1.1711142222222222
2025-08-16,407955.28196875,240241668.92762348,1.0046930452777778,3.879833579861111,0.9851905799999999,1.0943532430555556
2025-08-17,408207.41371875,239618077.874747,0.9231826804513888,3.953099902777778,0.9164575317708334,1.1143099409722224
2025-08-18,406704.6587916666,230941641.62184262,0.9297765554166667,4.2660148611111115,0.9139073026736111,1.2122639166666667
2025-08-19,401243.42574305553,225322154.97349304,1.0991444284722223,4.430477493055555,1.0699352013194445,1.0713137777777777
2025-08-20,405170.15294444445,224361450.4924677,1.0445640928819444,4.417751010416667,1.0683642406944445,1.2261880173611113
2025-08-21,410402.2809861111,228517222.95824873,1.0441495563194445,4.500719451388889,1.0096002162152777,1.1783927013888889
2025-08-22,432452.1233333333,249385167.73039764,1.0257755795833332,4.309509486111111,0.978556683888889,1.2449941597222223
2025-08-23,459441.9874340278,271191514.6822359,1.0144645101041667,4.439050149305555,0.8820861001041667,1.0982855486111112
2025-08-24,450343.31252083334,267293445.12667853,0.960661040486111,4.6383533819444445,0.871787435,1.1249244548611113
2025-08-25,443266.0401006944,250425694.31765878,1.0363504022916665,4.295843493055555,1.0042861421875,1.012772076388889
2025-08-26,437923.96478819445,236535672.15159062,0.8795026701736111,4.144514593749999,0.9283899850694445,1.1366868888888888
2025-08-27,431785.56087152776,239124346.23799863,0.8214502134722221,3.6621912430555557,0.8595974398611111,1.0088523263888889
2025-08-28,429616.9513784722,238545697.67206883,0.8513369139930556,3.800582038194444,0.8762260598263889,1.0720567118055557
2025-08-29,436007.50835438597,235442839.25273207,0.8678678807017544,3.6691192561403514,0.9071747738596492,1.121151554385965
2025-08-30,439889.9289965278,236067919.4229871,0.8012825960069444,3.5685718993055553,0.8744562486111112,1.12774075
2025-08-31,436018.464,238889025.65612486,0.8506065694444445,3.685010579861111,0.8444784501736111,1.1405411215277779
2025-09-01,435091.2307430555,235651250.42236432,0.8661070085763889,3.9672157118055558,0.850332312326389,1.1932145763888888
2025-09-02,476536.9312326389,272311396.001835,0.7792308609027778,3.534094517361111,0.6468321486805555,1.1070400590277778
2025-09-03,491311.4609375,292721877.2787502,0.7900046725347223,3.3790418993055558,0.6148565438541667,1.2486696527777776
2025-09-04,445760.15966666664,262241122.68186992,1.033913842638889,3.4912964930555557,0.788037590625,1.2305228402777777
2025-09-05,445516.64734375,268004939.39911678,0.8858023369097222,3.31398446875,0.7080783910416666,1.3039225590277779
2025-09-06,434497.06875,261313248.02610308,0.9585273202777778,3.0030385555555554,0.8230725504513888,1.1135413541666666
2025-09-07,401628.4406701389,241353620.88606188,0.8973399178124999,3.0889336145833335,0.832629815486111,1.2230504965277778
2025-09-08,362389.6444895833,215407008.64681277,0.9525920458333333,3.0677761909722223,1.0238855688888888,1.1940669791666665
2025-09-09,320257.75421875,186399564.6131848,0.9995672527083332,2.8692158333333335,1.1575701923958333,1.1495528506944444
2025-09-10,305612.7762673611,177563472.14956912,0.9810381058680555,2.929055375,1.1343854071875001,1.1097708819444445
2025-09-11,340737.01763541665,201503647.8417268,0.8248742868402777,3.0341183645833336,0.9610276535069444,1.1887799444444445
2025-09-12,359149.2581875,213393462.36280015,0.860687860798611,3.2803873611111114,0.9232273321527779,1.194893954861111
2025-09-13,357826.9952430555,214698952.73233554,0.9005087474652778,3.558612392361111,0.8504563696180556,1.1134632395833333
2025-09-14,353438.09558333334,209987495.02454346,0.9221045326041667,3.6958190729166662,0.872796094236111,1.1127374097222222
2025-09-15,353226.0026041667,210369360.86884558,0.8696284570138889,3.4304479131944445,0.8535555619097221,1.2217956875
2025-09-16,353460.9966388889,210320863.94425264,0.888352298263889,3.3107215173611113,0.9219114883333334,1.24968146875
2025-09-17,343491.9787326389,205967994.32937896,1.000420706840278,3.618056236111111,0.9332928084375001,1.3012287743055557
2025-09-18,388870.9773402778,246948015.33265775,0.9091011026736111,3.2676848194444443,0.7935350861111111,1.2369380069444444
2025-09-19,364011.9958611111,221791123.58430615,1.2433273528125,3.2329059965277778,1.1688470639930555,1.187800482638889
2025-09-20,346861.7428645833,208532031.49122965,1.1169886985763888,3.3489737777777777,1.180671687013889,1.2848775243055557
2025-09-21,339087.98678472225,202411902.26769364,1.052013364722222,3.359175534722222,1.1606169406250002,1.2703773715277777
2025-09-22,327282.43008333334,187603293.72183377,1.0118516694444444,3.7212568854166665,1.0855040889583334,1.1581911770833333
2025-09-23,313802.7727986111,175860343.04682773,0.985468707673611,3.705754368055556,1.099037064375,1.1105015486111112
2025-09-24,304629.8064409722,170035822.22131884,1.0127469555208333,3.768312131944444,1.1378985884375001,0.9815850659722223
2025-09-25,300461.76329166663,164478457.37761852,1.0097768500694444,3.6980041875,1.1137813454861112,1.1609324444444444
2025-09-26,303302.1379479167,164723348.7425634,1.0246337162152779,3.3801917847222223,1.1106861631944445,1.161351295138889
2025-09-27,304007.4493958333,165194841.6056713,1.0321661603125,3.3845968993055555,1.0599419668402779,1.1518318541666668
2025-09-28,302737.54318055557,164426692.1944835,0.9994543981944444,3.464125552083333,1.034437115138889,1.1516654375
2025-09-29,300514.7395416667,167370677.4896611,1.025721428611111,3.575030826388889,1.0646558284722223,1.074975621527778
2025-09-30,298100.9045798611,165890193.91453138,1.1038622691666666,3.7218361770833335,1.1348295125,1.1402050972222222
2025-10-01,312542.7910486111,180620661.76121628,1.0874452290277778,3.5383682395833334,1.0984955936111112,1.3135824513888887
2025-10-02,320988.5606458334,189114571.4349356,1.2900860051041667,3.0710794930555556,1.2474329891666667,1.1139566041666666
2025-10-03,322002.77556597226,193504367.2155909,1.2707638759722224,3.2890901597222224,1.184451905625,1.1934011770833335
2025-10-04,309341.7792569444,183091502.91011995,1.3587071798958332,3.347690722222222,1.3336476222916667,1.172610329861111
2025-10-05,307605.9211284722,183782777.54270408,1.2127379044097222,3.4633206041666664,1.197583716423611,1.110842402777778
2025-10-06,306990.2585972222,184043207.44817746,1.163175995625,3.4036310243055556,1.134898275173611,1.1918112708333333
2025-10-07,305554.0811701389,179624912.2430576,1.1644786509375,3.4675861631944445,1.1348282433333334,0.9772794375
2025-10-08,302871.88153124996,175734724.73835972,1.0500157740277778,3.5425933645833334,1.0473555970833333,1.1570326354166667
2025-10-09,304587.3313611111,175703984.98540983,1.1015897402083334,3.6504568715277776,1.0648125852777777,1.1414033263888888
2025-10-10,325229.41352430556,187517057.2717,1.2451343064583333,3.1485200729166665,1.2089692953819444,1.2325205902777778
2025-10-11,300301.13622569444,156192052.36409292,1.138055090451389,2.4062833472222223,1.140794946111111,0.9621818229166667
2025-10-12,276637.9443611111,144937895.21183467,1.0632805010069444,1.680865361111111,1.1116326221875,1.198854107638889
2025-10-13,271237.32176736114,147194311.66456777,1.2138106147222223,3.3539218715277777,1.2478290541666666,1.0864423020833334
2025-10-14,269601.09062499995,142726142.7804373,1.1940843115972222,3.808916486111111,1.1938211196180555,1.145175701388889
2025-10-15,269706.5232777778,143083977.29286528,1.178097123611111,4.130632291666667,1.1556702449305556,1.0750112048611111
2025-10-16,270728.07789583335,140117265.75306407,1.1388185140972222,4.484507347222222,1.1432767638541668,1.0439329583333334
2025-10-17,267433.0057534722,127858905.3098058,1.235839447951389,1.9627588854166664,1.2293960127777777,1.0400766666666668
2025-10-18,259242.38249999998,121860694.79129222,1.282222434548611,1.5678365277777777,1.233205887951389,1.1488763229166665
2025-10-19,260205.2783402778,122049472.19959848,1.2730800848958335,1.5019284618055557,1.2349143763541666,1.125008170138889
2025-10-20,265974.79315972223,127507386.48358376,1.1903312965972224,1.3597004305555556,1.1634729078472223,1.0147991041666666
2025-10-21,268149.9075902778,129008579.15331075,1.1376222818055557,1.3306034131944444,1.0793252480208333,1.0604317430555554
2025-10-22,269052.86539930553,127707237.10173623,1.1451854494444444,1.3307333819444445,1.1109368476041666,1.0529507291666667
2025-10-23,267780.41109722224,129256207.97616132,1.094498791736111,1.316147388888889,1.0766460235416666,1.0842022256944446
2025-10-24,272821.20353125,134677359.00541443,1.0410477931250002,1.3095545138888889,0.9380241725694444,1.1433032187499998
2025-10-25,276805.9433194444,139998423.41441953,1.0333308980555556,1.2695355868055556,0.8956662620833333,1.026854607638889
2025-10-26,287278.6048229167,153571195.90273806,0.9799778233680555,2.34749915625,0.8910568313541667,1.0654438333333334
2025-10-27,291593.9160555556,163163972.34889352,0.963281001875,2.40100509375,0.9265660144444444,1.1119627222222224
2025-10-28,286400.2569652778,159979630.10845426,0.9767612224305555,2.3269791215277777,0.9246156055208333,1.2247184305555556
2025-10-29,284304.29024305556,158837346.80444548,0.9717072459375,2.1410435555555556,0.9341733811111111,1.1235672986111112
2025-10-30,279789.6540520833,154209643.88744754,1.109116795763889,2.138261579861111,1.1319903117708334,1.0823007569444443
2025-10-31,277196.89420833334,152435350.0041847,1.1552018914583333,2.6613813506944446,1.1762785606944446,1.0774494756944444
2025-11-01,270975.68871874997,149215143.73056749,1.2603852648611111,2.7461979444444444,1.2386191421527777,1.1209809513888889
2025-11-02,262647.5110694444,142046560.08715087,1.3611203853125,2.6258614895833334,1.3025584608333334,1.1432011180555555
2025-11-03,257050.2995486111,133960434.3385631,1.3509173528125,2.4810778611111113,1.3123341484722222,1.125527875
2025-11-04,255348.77898611114,126235932.76406854,1.4172070330902777,1.1875526215277779,1.4037269806944446,1.0718264722222222
2025-11-05,253909.0824375,123274017.62602632,1.4050159734722223,1.0323005381944443,1.3952218294791665,1.184505642361111
2025-11-06,253284.9905763889,120972787.32041222,1.3772108845833335,1.0042848125000001,1.3491664133680557,1.0525659618055556
2025-11-07,255374.2448541667,125312602.9556614,1.1837784260069446,1.0619160208333334,1.1637495674652778,1.0613340625
2025-11-08,253228.45999305556,126170576.5909354,1.1484741597222223,1.5430901423611112,1.1275265819444444,1.0823536493055554
2025-11-09,253295.17517708335,125844473.51025105,1.1094457622916667,1.143197875,1.1161799192708335,1.1593633020833334
2025-11-10,262031.75725,133758846.02188319,1.0704673349305556,1.1101299340277777,1.0826192275347222,1.1058302847222223
2025-11-11,271629.89570833335,139977758.12719098,1.0477099378124999,2.5265637743055556,1.0760259162152779,1.0397448368055555
2025-11-12,270329.65805902774,138611602.27269757,1.047668616875,1.7672982361111111,1.085098695590278,1.1021089340277779
2025-11-13,274341.12560416665,141790224.0582432,1.085830357326389,1.7112941215277777,1.0777887501736112,1.1095361840277778
2025-11-14,276518.0480347222,136792948.02629793,1.1157862543750001,1.812310423611111,1.1220812311805557,1.0529368298611113
2025-11-15,277309.26428125,138404278.10238945,0.9729977901736111,1.4925919201388889,0.9888817817708334,1.0334133368055556
2025-11-16,273685.6447013889,134589451.5126139,1.0610299055902777,1.4896953993055555,1.0522047913194443,1.0815094166666668
2025-11-17,274542.2747430556,135885158.53087106,0.9613108372222222,1.5079287916666668,0.9274264329513888,1.0834021319444445
2025-11-18,279832.7423333333,139927281.22635895,1.017349800451389,1.5588538472222222,1.0143277415277778,1.0782799062500001
2025-11-19,269858.7038784722,132901971.31068367,1.2451067113194445,2.0321340625,1.2692983960763888,1.0880514965277779
2025-11-20,273883.74686111114,134626159.07238227,1.021341738715278,1.7452622395833335,1.0268865641319445,1.019281204861111
2025-11-21,284396.1498055555,138989915.04886037,0.9832825765625,1.7333571666666667,1.0143512253472222,1.0547362013888888
2025-11-22,334002.4149930556,181356414.35679403,0.9008368209375001,2.1792818958333333,0.9338311120833332,1.1262352083333331
2025-11-23,341533.2669340278,186953463.3493282,0.9551222692013889,2.936515642361111,1.0146498715277776,1.1313116666666667
2025-11-24,330133.6659548611,181434059.73004615,0.9758182827430555,2.277844986111111,1.0625416801041667,1.1426946770833333
2025-11-25,316790.5146423611,167233642.57674676,1.069858698888889,3.175534142361111,1.1292262809375,1.1047881701388889
2025-11-26,303619.7350451389,162567460.90414196,1.0241324123958333,2.1750877048611112,1.0674920616666668,1.0735871041666667
2025-11-27,291775.79790625,157384402.6835149,1.0619742680902777,2.5817602777777777,1.1149824328819444,1.1086114375
2025-11-28,290578.1087361111,156651017.99273482,1.0212435084375,2.6057217812499998,1.0836744101041667,1.1333868993055556
2025-11-29,277478.98030208336,146551322.9574622,1.1827788967708335,2.4378526770833333,1.2341718884722224,0.9645864618055556
2025-11-30,295591.17248263885,159655877.6412716,0.9534374690972223,1.5865780486111112,1.0465849791666666,1.1119612534722223
2025-12-01,302945.10674305557,157817455.34228948,0.9455955461805554,2.111992277777778,1.0486409330208335,1.157226034722222
2025-12-02,298261.2829270833,159372116.17124498,0.9336856557986111,1.3471668090277777,1.050216320902778,1.1468379027777778
2025-12-03,312461.0647361111,182191732.8944503,1.0147070735069446,2.097298527777778,1.0527190803125002,1.0790046388888888
2025-12-04,313110.2895590278,182362390.12300676,1.0671358177083334,2.1782454756944443,1.1017511794097221,1.1019082152777777
2025-12-05,302960.76114930556,173176685.20048678,1.1546590053819445,2.317333263888889,1.2102455356597224,1.1369770868055555
2025-12-06,310817.6818472222,180344720.52502564,1.1091839358680557,2.109048666666667,1.191858850486111,1.1028056006944444
2025-12-07,319394.5262395833,187215489.0460115,1.053814819097222,1.9560668854166667,1.15219578875,1.1726068437500001
2025-12-08,327526.26985416666,193948693.67705494,1.022819061076389,1.9542258784722222,1.0765165948263888,1.1521036145833332
2025-12-09,315712.92807291663,182550929.74080306,1.0727679675694446,2.039850378472222,1.1984685617708335,1.0580246215277778
2025-12-10,304013.44261805556,173415764.7505669,1.0886641357638889,1.9623845381944445,1.2130666711805556,1.0815048958333333
2025-12-11,293155.9354166667,164650922.11611187,1.0677495029166666,1.9081421319444445,1.1815964580555556,1.2159558680555556
2025-12-12,292114.2764791667,169197325.2477839,0.9084055572569445,1.8479817291666667,0.9880424433680557,1.1126408784722224
2025-12-13,290399.33786111115,167442777.2133345,0.9084927103819445,1.7360997395833335,1.0440828458680556,1.1943336041666666
2025-12-14,290534.9317708333,166169856.90605393,0.889659406875,1.7289967291666666,0.9930772428472222,1.1223911493055556
2025-12-15,287458.92705555557,158913989.96974954,0.9691787343402777,1.7763501875,1.0834738811458333,1.0638922847222223
2025-12-16,285428.8041006944,154114904.1084548,0.9614979496875,1.3689802916666667,1.0763117969444445,1.09845259375
2025-12-17,292631.01273263886,160293691.37986895,0.8213138919791666,1.167289972222222,0.9703182427083333,1.1547459861111111
2025-12-18,313629.5734618056,173323757.6789203,0.8083782475694444,1.2834380729166666,0.9353629528472222,1.0984691840277778
2025-12-19,365386.5179826389,217433822.36960047,0.5949260445486111,1.8391382916666668,0.6856647985416666,1.145118232638889
2025-12-20,355480.77509722224,213084579.709844,0.7656324037152777,1.8502199444444445,0.8224912513888889,1.1236247326388888
2025-12-21,334662.8534895833,196814188.74903345,0.8742428021527778,1.9223187951388887,1.0136452980555555,1.2382739305555555
2025-12-22,319731.82971527777,187617220.11805618,0.9477674991319444,1.8284696319444445,1.1045487277430555,1.164829548611111
2025-12-23,321033.2299513889,186295083.3550614,0.9816565452777777,1.805615875,1.1434259365625001,1.2187620798611112
2025-12-24,316319.8189513889,180551856.79153946,1.0970478492708333,1.8937935,1.1998651853472222,1.2319066493055555
2025-12-25,322001.68024305557,188210928.05342025,0.9774756784722223,2.027271517361111,1.0250370450000001,1.1469520520833332
2025-12-26,343896.9503472222,206625773.93836018,0.6755431900347222,1.8760517430555557,0.7490228124305556,1.2035927569444445
2025-12-27,348233.3731180556,212576237.80269176,0.6950528673958334,1.866517701388889,0.7664853981944444,1.2946037847222223
2025-12-28,372274.3438090278,231053025.33250016,0.6936171339930556,1.7378625763888889,0.7316116870138889,1.1895503715277778
2025-12-29,336950.75981944444,204798261.36290395,0.8562839621527778,1.8375041874999998,0.9493509471875,1.1366724965277777
2025-12-30,319666.20060416666,191408307.62246808,0.8992583797222221,1.9577453611111109,1.0041066927777778,1.208508420138889
2025-12-31,313520.2459652778,187480580.6066636,0.9022792518055556,1.9294710069444443,1.010846012847222,1.0887515034722222
2026-01-01,312310.3502847222,185511879.27668875,0.9138948515277777,2.0019289618055556,1.0024838559027778,1.1969673541666668
2026-01-02,314714.5295069444,188149785.92844996,0.9067637563888888,2.013833371527778,0.9583100207291666,1.1454351597222223
2026-01-03,386573.1201631944,245664916.7223925,0.6324112760069445,2.098203086805556,0.6485172741319444,1.1678284374999999
2026-01-04,379936.79905902775,244636499.1967704,0.7112472870486112,2.024989232638889,0.7439870248958333,1.1004476458333334
2026-01-05,367270.4005590278,239528225.6966759,0.7202669344791667,2.005736833333333,0.7614071644791667,1.1687436493055554
2026-01-06,354346.30287847226,226614987.3318887,0.8078838004513889,2.1715858333333333,0.8513196457291667,1.1759964965277776
2026-01-07,348957.3252395833,220201676.1053361,0.9448882227430556,2.2024747083333334,0.9901771716319444,1.1979860416666666
2026-01-08,361494.2478090278,228844914.92635897,0.8761090131944445,2.452783798611111,0.9274217141319444,1.1177781597222223
2026-01-09,354872.0018541666,224852177.15172264,0.8700543236458333,2.646314982638889,0.9573143666666666,1.1759347083333334
2026-01-10,355486.7966597222,227024313.72854468,0.8630999297569445,2.635015743055556,0.9166317762847223,1.2255564027777777
2026-01-11,367555.3778715278,239399627.8192991,0.7749318388541666,2.027990388888889,0.8602832137847222,1.157929090277778
2026-01-12,337454.5981736111,212397826.3159525,1.0578817455208334,2.0756324791666665,1.1619719980555556,1.0883619791666665
2026-01-13,330568.4856840278,202905705.26148498,1.1413951623611112,2.469255003472222,1.1993424977083333,1.1728077569444446
2026-01-14,339158.12747569446,205879578.10316643,1.1911493560763888,2.275226798611111,1.2192103527083333,1.0231919479166667
2026-01-15,364437.3748576389,219387482.91690075,1.0538781938541666,2.426401972222222,1.0908272680208333,1.1331453541666667
2026-01-16,361837.2205347222,216449558.54502586,1.0304827135416668,2.3067998020833334,1.066720926423611,0.9749431145833333
2026-01-17,357248.4752361111,212601093.41764885,1.0559473552083334,2.214352149305556,1.0475091705555557,1.1893733680555556
2026-01-18,359194.24891666666,213008490.8319879,1.0341598717361111,2.1911897256944446,1.0551872926388888,1.3462180902777776
2026-01-19,345201.3748645833,203261993.2766599,1.0060161806944443,2.370664822916667,1.0536054380902777,1.270818767361111
2026-01-20,353119.7925520833,203100202.53121164,1.1356354918402778,2.122937041666667,1.2157331755208334,1.0904857430555555
2026-01-21,346963.23517708335,203909358.43990195,1.0210385738194445,2.0409450729166667,1.1265272667013888,1.2111832326388887
2026-01-22,339081.8082847222,201902230.768364,1.0283428308333333,2.1863101770833335,1.123836033298611,1.2387056805555554
2026-01-23,334726.6814722222,199188510.14846104,1.1324335626388888,2.3663926770833332,1.2493510554166667,1.0552343680555554
2026-01-24,330665.91127430554,196687015.60945225,1.1121774165972222,2.4960186944444445,1.2240748716666667,1.3815232708333332
2026-01-25,329811.36883333337,192590317.95382947,1.1449070809027777,2.533612215277778,1.2541060899305556,1.2959482222222223
2026-01-26,330217.6545416667,190772608.3821368,1.0658156609722222,2.597127222222222,1.1524129271180557,1.2528132013888889
2026-01-27,342509.3708125,202353702.27057502,0.9368404469444445,2.6950516944444445,1.0045074965625,1.14221584375
2026-01-28,330816.8141770833,196620577.3986578,0.9833160256249999,2.767273388888889,1.0775082295833334,1.1696821319444444
2026-01-29,321201.2515416667,183577492.83290166,1.1090711285416668,2.9772214027777775,1.1390573659722223,1.0372711388888889
2026-01-30,325640.40315277776,178914439.7770587,0.9731427129861111,2.275031138888889,0.9479040930555556,1.2839063784722222
2026-01-31,330297.97568055557,173331815.27558497,0.9653848530555555,2.07317553125,0.9312768976041667,1.240550361111111
2026-02-01,347714.76848611113,181690351.62156165,0.8371490055208333,1.6371777013888889,0.8182095631597223,1.1736429444444445
2026-02-02,351914.19390625,184905923.1565488,0.8611850942013889,1.7836574479166667,0.8455538855555556,1.1034819930555555
2026-02-03,354003.7418576389,186972569.57223958,0.8724015699652778,1.9409693437500002,0.8815784812152778,1.119146263888889
2026-02-04,352174.1714791667,186109969.64528045,0.9047918937152778,1.967085107638889,0.8996701944097223,1.2747935000000001
2026-02-05,358466.3016006944,181267703.32915002,0.9351363537847222,1.8741637847222223,0.9281243235763887,1.1026078819444445
2026-02-06,369612.2563888889,177266041.9896532,0.8295654466319444,1.5456857847222223,0.8225132834375,1.10185846875
2026-02-07,393092.3875416667,206882614.7544382,0.8674905973611111,2.1545806006944446,0.8600265952083332,1.0725351180555556
2026-02-08,392900.1137256945,206829928.11913016,0.9751382544444444,2.178341375,0.9912015681249999,1.1765538298611111
2026-02-09,396706.2801736111,208390442.13295943,0.9616334047222223,2.2325517430555557,0.9770871005902778,1.0556538506944444
2026-02-10,389750.29442361114,203854558.35090208,0.963446671701389,2.2583691562499997,0.9838098166319446,1.1223468125
2026-02-11,387276.1102326389,200381908.66964504,0.9964662994097222,2.3180408194444446,1.0268416309722221,1.1175279722222222
2026-02-12,375737.59843749995,191088401.25993386,0.9853408481249999,2.3329370625,1.0165799515972223,1.0281983055555555
2026-02-13,378819.33903125,200545595.7536789,0.8533005984375,2.3016028298611113,0.8618535966319444,1.2159828020833334
2026-02-14,396688.583875,223717906.3581591,0.8855796374305556,2.3776052569444444,0.9472395681597222,1.1335586909722222
2026-02-15,388718.2818993056,217138608.1114691,0.9055144459722223,2.4430873993055555,0.9702824092708333,1.2244936145833334
2026-02-16,392184.83933680557,220270213.82462823,0.9014015042708334,2.4031305902777778,0.9735345849652778,1.1522962777777779
2026-02-17,388129.49727430556,218803519.08766392,0.911462390486111,2.443926388888889,1.001125102013889,1.2146422465277777
2026-02-18,384939.80981249997,215632808.80547166,0.9463440841666666,2.360881142361111,1.053202690625,1.1590381354166666
2026-02-19,379303.2234479167,210415200.28240198,0.9154061780208332,2.3348248263888887,1.0213976736805557,1.231752111111111
2026-02-20,368623.3642013889,205490828.7708965,0.9354893624652778,2.19539690625,1.0403656270833332,1.077632065972222
2026-02-21,367120.0929583333,207721086.96086687,0.879453975486111,2.132362138888889,0.9550204574652779,1.1867413020833333
2026-02-22,395656.4709861111,225462398.73861253,0.7933638361805556,2.1350823611111114,0.8552132504861112,1.1711095902777777
2026-02-23,375230.7813819444,200151078.51237112,0.9277248587847223,2.7038415069444444,0.9858955643055557,0.9963267430555555
2026-02-24,340442.7857951389,164266478.20710036,0.9110007510416668,2.5072773958333334,0.9098495394444446,1.049539392361111
2026-02-25,351686.0336736111,176448921.8342957,0.7762387593055555,2.166087357638889,0.7893570392708333,1.1258232916666666
2026-02-26,357012.8218784722,175842410.02105722,0.7802297995486112,2.332451940972222,0.7633035849652778,1.1764845659722223
2026-02-27,366253.3695868056,173125548.30734026,0.8475384887152777,2.2912941354166665,0.8271661805902778,1.1941028194444445
2026-02-28,362467.46930555557,163550715.72146156,0.8957342042708333,2.048542861111111,0.8591315962847221,1.0539755
2026-03-01,354809.84389930556,158900918.36593854,0.865495596388889,2.086833982638889,0.8602469377430555,1.0934780902777779
2026-03-02,355238.48078472225,157894028.15900782,0.9447137242708332,2.1462776493055555,0.9293967937847223,1.1160799583333334
2026-03-03,360463.6334722222,158897091.6786884,1.0613049003472221,2.1863521423611108,1.0192072595138888,1.1364092152777776
2026-03-04,376671.00335763884,172152895.27427566,0.9049739534722223,2.217828263888889,0.8489345399305556,1.0803454270833333
2026-03-05,386091.30548611115,177787841.90480077,0.8564077996875,2.2642651909722225,0.7996306836111111,1.0975356493055555
2026-03-06,384119.0271701389,174220296.4164439,0.955558292673611,2.3250255729166667,0.8775304696527777,1.2053401215277777
2026-03-07,388834.3659826389,174761365.67206758,1.0474965534027776,2.3941378715277777,0.9343489997222222,1.3055059375
2026-03-08,395641.70972916664,177129641.21441728,1.0444795284375,2.3108913819444443,0.9384680456944445,1.1509708402777779
2026-03-09,388131.5953263889,174144980.0151443,1.0584581431597222,2.365119635416667,0.9703654109722222,1.1530429652777778
2026-03-10,382574.76529861114,171113156.02331248,1.119101575486111,2.2706974444444445,1.0139906756597223,1.1594232951388888
2026-03-11,385992.66885416664,174519635.84176087,1.0016193346180555,2.236325791666667,0.9345440290972221,1.2071784409722222
2026-03-12,390619.28972916666,177925427.01032642,0.9385844243055556,2.3371180625,0.8783455317013888,1.3000661458333334
2026-03-13,404341.96288194443,188316022.74554574,0.8599481869791666,2.2901799236111113,0.8105489418055556,1.0582311111111111
2026-03-14,396766.2873159722,182732605.32447088,0.8929307556944445,2.3470478298611113,0.8692540922569445,1.173815361111111
2026-03-15,397784.1581111111,184791676.2004434,0.8723068363194444,2.3128998819444444,0.8482143997222222,1.1318498888888888
2026-03-16,392078.70653125003,186056708.88035986,0.7732577152430555,2.3147886979166667,0.7475847833333333,1.3056312777777779
2026-03-17,392688.99241666665,186352212.0801661,0.8015695503125,2.2872101597222225,0.7868713128472222,1.2453173854166666
2026-03-18,389717.6164826389,179901251.54990298,0.8358045534722223,2.3545030312499997,0.816763717986111,1.0933489652777777
2026-03-19,394536.6345277778,179808573.49806648,0.8970420107638889,2.486255763888889,0.8615534905555555,1.1710746805555556
2026-03-20,396407.00806597224,184615283.1338492,0.8340074386111112,2.4810139652777776,0.8309954106944445,1.3021727395833333
2026-03-21,397374.7571631944,186342074.1732007,0.8563799235763888,2.3640748055555556,0.8384427104861111,1.2085306631944444
2026-03-22,392994.0915868056,183028432.23463628,0.8357433369444444,2.43731840625,0.8256068711111112,1.3130853854166666
2026-03-23,395856.5162395833,187376028.05844724,0.8844234503125,2.466786392361111,0.8547817177777778,1.2209161458333333
2026-03-24,393679.4370034722,186707509.4157758,1.0998995374652778,2.4282414618055554,1.0157046113888888,1.1159995555555555
2026-03-25,390851.8296909722,186236908.47446504,1.1226002259375,2.3475826006944445,1.0193619631944444,1.2186948020833333
2026-03-26,381684.87673263886,177504068.18267417,1.1542898408333333,2.4767032569444445,1.0431402798611111,1.3534915104166667
2026-03-27,379018.66285416664,176406950.44043306,1.1014854318055556,2.5827513819444445,1.0153242928125001,1.2136614236111112
2026-03-28,390398.04662152776,186742798.80356407,1.0165125519097222,2.477929194444444,1.0149284875,1.204290736111111
2026-03-29,395379.41736805555,186181042.9246608,1.0219030898611112,2.4366315312499998,1.0083113325,1.1640533159722224
2026-03-30,384261.2068715278,175837819.80913463,1.1328155152083332,2.6184521875,1.0446763691666667,1.247625875
2026-03-31,382417.91754166665,179097540.0848401,0.9882787119444445,2.5141799756944447,0.9305548161805556,1.2397471319444444
2026-04-01,393294.4121493056,180816176.59952658,0.9349715777777777,2.7030057395833333,0.874788095625,1.1843345555555556
2026-04-02,398954.5595729167,177258850.22217354,1.0163263883333333,2.76252134375,0.8918735095138888,1.18330328125
2026-04-03,400449.5072395833,177377538.92572558,1.0647118900694443,2.7713101840277776,0.9232253715972222,1.2040709166666668
2026-04-04,405012.26611805556,179171537.55094445,1.0482956318055556,2.7361268125,0.9186249753472223,1.3372161388888888
2026-04-05,406680.0294236111,175431481.172942,1.118285898923611,2.627293440972222,0.9984444170833334,1.107141590277778
2026-04-06,396393.2700034722,172836038.07495034,1.2263786341666667,2.142507576388889,1.0451193354166666,1.2343051006944445
2026-04-07,390595.9143125,169535948.0405737,1.2041389651041667,2.7612780868055555,1.0221164807291665,1.3516464027777777
2026-04-08,381483.79348958336,169406314.9051804,1.2035633814930558,2.7615022569444445,1.0059050082291667,1.2976794861111112
2026-04-09,380688.4679965278,168149214.41974437,1.193909266736111,2.835608982638889,1.0033735686458334,1.2389613854166666
2026-04-10,380052.12364583334,168189967.07830364,1.2256412432291668,2.8391086215277777,1.0043833676736111,1.1631231145833334
2026-04-11,379985.3519791667,167308657.02311543,1.236624913125,2.8780552638888888,1.0212693008333333,1.367396628472222
2026-04-12,383668.61548958335,162966884.79148272,1.3375105678819446,2.8890318680555556,1.1440342160416668,1.1387509375
2026-04-13,385485.59339236113,164451724.08336502,1.3097157035416667,2.261666111111111,1.1263960836458333,1.3161944583333334
2026-04-14,384150.1440208333,167932615.69062936,1.1389012294791667,2.9012412847222224,0.917304835763889,1.3339612465277777
2026-04-15,381567.5891701389,166253142.0365731,1.1257463322916665,2.936925458333333,0.9130486695833334,1.203686513888889
2026-04-16,379293.95329166664,167667962.83168152,1.0444805043402778,2.961842340277778,0.8748111121875,1.21136378125
2026-04-17,388427.22936805553,175851873.29618335,0.8881068717361111,2.9619905729166667,0.7561206731597223,1.182629048611111
2026-04-18,393368.20187847223,176467230.45007822,0.9118018414583333,2.939153767361111,0.8081285041319445,1.2109199930555556
2026-04-19,398105.3167743056,175701771.17238867,1.1643296663541667,2.830085104166667,0.9494576601388888,1.1177225243055555
2026-04-20,398471.3995034722,175693048.22957855,1.4040099766319445,2.7488554027777776,1.094178054826389,1.1789584930555557
2026-04-21,400719.7055173611,177940369.7207069,1.292488777986111,2.7026672916666667,1.028817362013889,1.1994527604166665
2026-04-22,405603.66291666665,187456668.28325126,0.8028765747222222,2.9147856701388886,0.6977306803125001,1.1291730312500001
2026-04-23,404940.6032986111,184920123.68465593,0.9103888363541667,3.0292534826388886,0.8325236704861111,1.272968298611111
2026-04-24,403230.99254861113,184432000.79633844,0.9983504815277777,3.021060253472222,0.910628370486111,1.482699527777778
2026-04-25,402959.00209375,182939366.8856945,1.05324834125,3.0166743090277777,0.9511911138194444,1.5005397673611112
2026-04-26,397966.72822222224,180120138.93351573,1.231730145,3.1480137743055554,1.0596729023958333,1.7225706493055555
2026-04-27,394468.94149305555,177547949.57583526,1.2617542505208332,3.14559734375,1.0535798928472222,1.3158548263888887
2026-04-28,393114.68069791666,176079612.93045476,1.22933291875,3.2019108680555557,1.0191408271527778,1.378311173611111
2026-04-29,395233.79664930556,178046098.93360132,1.1368494805902778,3.229602805555556,1.0077271384722222,1.2946426354166667
2026-04-30,395081.82958333334,175292097.45540953,1.3158885883333333,3.2767521319444444,1.0992725425347223,1.1777374131944445
2026-05-01,396210.71379861113,177100430.23052686,1.2399683381597222,3.2533488055555555,0.9996719498263889,1.4230025312499999
2026-05-02,396355.3172291667,177575809.02152,1.2085592753125,3.2818391041666666,0.9792446505902777,1.4732392256944444
2026-05-03,397607.16294791666,176741045.45518342,1.2459958267013889,3.2837994270833333,1.0091803270833333,1.5471757604166667
2026-05-04,396972.71444444446,176520105.87606397,1.2589361404166666,3.191789486111111,1.0180036576041667,1.1820580555555555
2026-05-05,401993.28605555557,181895883.79313153,1.0271390544791668,3.156536,0.8378335888541666,1.2964675659722222
2026-05-06,406572.74627430557,190160662.98659682,1.0524155809722222,3.0488270034722222,0.9178238868402777,1.3273451979166666
2026-05-07,394297.70249305555,180096233.69769788,1.2905109671180555,3.050371628472222,1.1292716338194444,0.9390492013888889
2026-05-08,381476.38321180554,171818297.8827986,1.408195443125,3.1419983506944447,1.1502991174305555,0.9555511944444444
2026-05-09,376031.65382986114,169392140.6473155,1.4522490680208333,3.000321899305556,1.176976797951389,1.0211827430555556
2026-05-10,372140.58410416666,169305987.47318006,1.3283878797569446,2.868101138888889,1.1191103777777778,1.2285991319444445
2026-05-11,359847.1403159722,162545716.8025838,1.3656133742361112,2.9582100659722226,1.1374114867708334,0.8115882534722222
2026-05-12,354179.7083576389,156658513.00759137,1.4942218654861112,2.8757755069444446,1.3214644352430556,1.2360305451388889
2026-05-13,353312.23279166664,154434121.86835793,1.5896099760763889,2.761993875,1.3952142434375,1.1757985624999998
2026-05-14,352800.1656701389,153393573.25967154,1.5729282065277779,2.688070809027778,1.4010893091319445,1.1413673055555555
2026-05-15,355858.35296875,153096080.0264916,1.5046287954166668,2.678914430555556,1.340438830138889,1.2883088020833333
2026-05-16,357909.1762777778,149993433.8822916,1.6336363852430555,2.4743173020833336,1.4244081949305556,1.375600513888889
2026-05-17,360366.6323611111,148942198.0603106,1.6937993839583332,1.8617795243055555,1.4782821756944444,1.1914152604166666
2026-05-18,387639.2178576389,145324613.14798322,1.679825424375,1.4813493333333332,1.4543253104861111,1.1144654270833334
2026-05-19,384817.93394791667,144213899.0738162,1.693305893125,1.4530028055555555,1.5037201354861112,1.0393281979166666
2026-05-20,394029.38936805556,145719774.28172034,1.798877284861111,1.35460403125,1.612467015763889,1.201631059027778
2026-05-21,355943.5323541667,134622737.18334955,1.7574970427083334,1.4489047465277778,1.5488497798958334,1.363896361111111
2026-05-22,348571.7615277778,131643614.3187281,1.9234067960416665,1.5171813229166666,1.613117924513889,1.183747857638889
2026-05-23,334714.2359236111,118541650.280078,2.0909642879166666,1.2769647951388887,1.833285191701389,1.0298517256944446
2026-05-24,337701.47883680556,118640624.15918274,2.1126010274305553,1.2164965416666667,1.8002017025694446,1.1687997604166667
2026-05-25,335071.29237499996,116980468.46197596,2.062167231527778,1.17192909375,1.7863282997222223,1.1442489548611112
2026-05-26,334664.2590798611,116601831.41748942,1.9888010381597223,1.1610176493055555,1.6715555391666668,1.1500812569444445
2026-05-27,336861.6006284722,115436339.49614622,2.0880227536111113,1.1786623090277777,1.715190659548611,1.0743945659722223
2026-05-28,343522.0895763889,107713037.62787853,2.121948087986111,1.0625911666666665,1.7593278772916667,1.035156486111111
2026-05-29,356180.4182395833,107866171.84724705,2.077133671597222,0.8933330972222221,1.7309672247569443,1.1769957465277778
2026-05-30,348560.5147361111,105927000.97422686,2.074610263854167,0.9456475902777777,1.742670349236111,1.2264160868055556
2026-05-31,350429.08074305556,106085638.35685967,2.1180293407291666,1.1343120868055554,1.7156070744097223,1.1850855833333334
2026-06-01,349167.068625,101706864.16971672,2.1904214334375,0.9809675763888889,1.802847419201389,1.1139927777777778
2026-06-02,343751.50992708333,97850110.36602639,2.1335504206597222,0.73928815625,1.7384619486458335,1.1676741770833334
2026-06-03,373115.44893055555,93412299.87095916,2.1029421261111114,0.950272513888889,1.6711960246180555,1.098779625
2026-06-04,358270.1073229166,87708787.22536802,1.7944253413541666,1.1299625243055555,1.3735441879166668,1.1204564652777778
2026-06-05,345874.9627222222,77971507.81130521,1.9420933806944443,1.0433777881944444,1.5487606978819446,1.0397083715277777
2026-06-06,330509.70143055555,71274649.21728405,1.9011178456249997,1.0142634756944444,1.5605801427083332,1.132924027777778
2026-06-07,323035.3908958333,72164083.47761436,1.9522871985416665,1.037107201388889,1.619457116111111,1.1848549131944446
2026-06-08,369874.19409722224,78749353.84885308,2.1510617518055555,1.2869381944444445,1.6891010367708335,0.9964727152777778
2026-06-09,375070.8283472222,77105186.23102587,1.9633689593055554,1.3812955520833332,1.5251267981944445,1.11807265625
2026-06-10,374693.0293333333,74317122.73474236,1.9837936280208335,1.2987302430555556,1.5340921311458333,1.065322125
2026-06-11,366741.37588541664,73687054.66679642,1.9190558911805558,1.2714436145833334,1.515005398263889,1.1298551180555556
2026-06-12,353878.99175694445,72319184.77019219,1.9008462750000001,1.282859513888889,1.4511461600694444,1.101607982638889
2026-06-13,353190.84188194445,72844924.2312949,1.884671033888889,1.2779496631944445,1.4061276901041666,1.1132909618055555
2026-06-14,353463.48396875,72171364.17900722,1.9733197313194444,1.264763232638889,1.5011923171875,1.1135037326388888
2026-06-15,345766.34506250004,75864312.85769399,1.8482245389583332,1.2578322916666667,1.3717505761805555,1.0241204409722222
2026-06-16,328296.77170486114,72504713.26197103,1.8937393625694443,1.227080263888889,1.456775188888889,1.0181745798611113
2026-06-17,306689.8132847222,65536587.27529946,1.9607604687152778,0.9972517187500001,1.5885048936458332,1.0893324375
2026-06-18,321958.9039375,65915065.23256952,2.0468822553819446,0.9181690868055556,1.6353200106944443,1.1473481562499999
2026-06-19,342489.8266909722,67202440.65676928,2.0533724401736113,0.8241281458333334,1.7159397403819443,1.1494890069444446
2026-06-20,342466.30131944444,68019854.32419194,2.0050022864930557,0.843061125,1.607911662326389,1.1783282152777776
2026-06-21,342508.5128229167,67910900.95445615,2.081065107013889,0.8398235243055556,1.6281288067013888,1.2043476145833334
2026-06-22,344939.1761180556,68793942.69118771,2.073721592673611,0.8250836770833333,1.622617090138889,1.14908175
2026-06-23,337528.8157152778,64923630.85441412,2.0671105201736113,1.0299158784722222,1.5706810246527778,1.110088690972222
2026-06-24,325136.7725798611,62181618.2205043,2.0377065358333333,0.9510375381944445,1.5769001490625,1.071557079861111
2026-06-25,317071.85335069447,60720139.740674056,2.0239048255208334,0.9011149513888888,1.6120949127777777,1.0184959444444446
2026-06-26,307666.68408680556,59973832.86435303,2.187377294652778,0.9406675659722222,1.808216407152778,1.0617029930555555
2026-06-27,304378.077,60047707.03056,2.28726483,0.947246,1.97133611,1.87719
