date,oi,oi_value,toptrader_acc_ls,toptrader_pos_ls,global_acc_ls,taker_ls
2021-12-01,456567.0276736111,290062001.0717901,2.2786258560221766,0.880910130045486,2.36037126840054,1.0529820792697917
2021-12-02,445757.28958333336,276989290.9864075,2.718843972107499,0.8720183158479167,2.990439735954085,0.9903102085072918
2021-12-03,435452.7539236111,266307327.19825235,2.792409319387365,0.8587844891934028,3.2933855910369716,0.9841832431534723
2021-12-04,381313.0936491228,212838685.70237368,3.0274935410545685,0.7919897873414036,3.9015530557657505,0.952504049802807
2021-12-05,357103.09722222225,201108052.4993171,2.801658710282842,0.7445897268635417,3.5097559705393904,0.9862400407083334
2021-12-06,378263.4997222222,211501261.33065647,2.422894135287576,0.7688282314923611,2.933421840658078,1.0220936819847222
2021-12-07,443283.2976388889,258641837.55855384,2.3420081447493355,0.8179347584753471,2.7156020303649964,0.9716463539173612
2021-12-08,474445.6472916666,277137173.3392048,2.232116782937519,0.8159464810784722,2.5756793584865094,1.0271869793954862
2021-12-09,498400.22489583335,294313157.2421463,2.408048757123204,0.8902011029958332,2.5444807246944183,1.0229869219472223
2021-12-10,494778.71541666664,283821432.4678197,2.586441313722957,0.8658475882489584,3.101837683334742,0.9920909626180556
2021-12-11,498216.2788541667,277923347.1207047,2.622060286429152,0.8290102967243055,3.359083230219722,0.9765212934152778
2021-12-12,514073.5795138889,290555356.9921659,2.675603352489725,0.8575015196538194,3.2799663312416873,1.080926358617014
2021-12-13,528076.3257986112,286929582.3729131,2.7431191188778987,0.8669663236385416,3.4715985947796932,0.9923401501777778
2021-12-14,509717.80020833336,266521100.98577383,3.0846893359127545,0.8360996382767361,4.0419482449634465,1.058013140840625
2021-12-15,467347.4406620209,246266606.26280776,2.7891881328455668,0.8247568302073172,3.6144661600952492,1.1005710396989548
2021-12-16,446477.0432986111,239389120.0125567,2.7113698088516265,0.8282860697836806,3.203529977728374,1.0211577303604167
2021-12-17,439879.61107638886,231973653.07842186,2.7173874405101297,0.80030650653125,3.3748735755724835,1.0745819080024306
2021-12-18,437787.2792361111,231740063.44164568,2.7413596773315616,0.849415008909375,3.3628898419115547,1.0955781173194443
2021-12-19,428589.02225694444,229160264.64260215,2.470531782671792,0.85515511353125,2.9323655978389955,1.108430687367361
2021-12-20,430969.2527777778,223976722.06005186,2.894832830877717,0.8477317181725694,3.7376507944301753,1.0067744691944445
2021-12-21,439740.6952430556,232091215.2908509,2.785059106364925,0.8006038350229167,3.375095766603367,1.043720339665625
2021-12-22,450262.4030902778,240987855.24160326,2.709158159081554,0.8163617394138889,3.1570248241618457,1.0501676105267361
2021-12-23,443037.66802083334,237066423.01473188,3.0854618370676063,0.867968148235764,3.5844482559430872,1.0096421880722222
2021-12-24,438954.6312195122,239826097.3486956,2.9442903256787525,0.8651596468487806,3.2963031605559654,1.06257834048885
2021-12-25,430345.68333333335,234756005.15083662,2.930583524136539,0.8575902836256944,3.5164886652045086,1.1229515106246528
2021-12-26,432281.9476388889,235126765.70714405,3.1317650528976824,0.8456189292243056,3.764070847931273,1.041715176620139
2021-12-27,448855.0126388889,248982818.20132935,2.7938065808296653,0.8486598513340278,3.291504253198304,1.0453994862954863
2021-12-28,444375.9521875,242749096.98328114,3.04414745105842,0.8695390818812501,3.5295493986770206,1.009269610321875
2021-12-29,432558.5716376307,229448702.7659551,3.4184177534012083,0.834278055133101,4.274313827785072,1.0317915119512195
2021-12-30,432923.9818402778,224669435.90264553,3.6099708414907314,0.7768846424554287,4.822302005567537,0.9559388894371429
2021-12-31,419389.04222996515,216747369.91334292,,,,
2022-01-01,424090.18520833337,220142667.9374325,,,,
2022-01-02,418098.7630208333,219596507.91519955,,,,
2022-01-03,417339.74270833336,218521410.66531783,,,,
2022-01-04,449754.42274305556,230111122.35139835,,,,
2022-01-05,447750.6226041667,226644257.51833755,,,,
2022-01-06,447310.9613888889,210252957.70163867,,,,
2022-01-07,433475.5594097222,196293174.74742162,,,,
2022-01-08,423283.6614583333,188933224.2981544,,,,
2022-01-09,404789.29864583333,176033588.7777887,,,,
2022-01-10,403739.22527777776,173829132.67353997,,,,
2022-01-11,438882.06961805554,196287348.5576216,,,,
2022-01-12,472301.9382638889,222790295.2357039,,,,
2022-01-13,478209.10874999996,229172538.0531603,,,,
2022-01-14,468719.35208333336,225273447.2691277,,,,
2022-01-15,482816.57409722224,237931940.75579527,,,,
2022-01-16,495954.14225694444,245889612.62602705,,,,
2022-01-17,491113.1561458333,235869237.42512685,,,,
2022-01-18,473094.4942361111,221048228.31361276,,,,
2022-01-19,463087.85527777777,215468455.1132752,,,3.2375079268485996,
2022-01-20,468829.8395486111,218503825.96241912,,,3.3184462358825804,
2022-01-21,445584.5019097222,187335258.51284066,,,4.941873259397789,
2022-01-22,385551.7398611111,140667567.01797983,,,3.769598259465681,
2022-01-23,379673.15253472223,142097154.71093282,,,3.348899664496718,
2022-01-24,374356.1626736111,135105438.50533572,,,3.2181595429628866,
2022-01-25,391558.1995486111,145295050.00716498,,,2.7778829582306166,
2022-01-26,388590.4350694444,149006591.77148676,,,2.950747584252698,
2022-01-27,374928.9435763889,138799989.8517903,,,3.181674812549523,
2022-01-28,396033.4161111111,152765208.36527225,,,2.504168952994845,
2022-01-29,405110.97576388885,157262510.6710222,,,2.7844523124588765,
2022-01-30,408310.8335069444,156024693.0640418,2.787278754826389,0.8564680373958333,2.941285617708333,1.0676900518402777
2022-01-31,402694.1878125,150851424.9323943,,,2.9674117344273445,
2022-02-01,416316.2990625,159326105.13298067,,,2.9010676768738524,
2022-02-02,421084.2495833333,159292413.53753287,,,3.0829463989593067,
2022-02-03,419678.75854166667,153594940.09887072,,,3.3677309782179248,
2022-02-04,416764.03444444446,158911927.78970453,,,2.9056440498496148,
2022-02-05,406387.73364583333,168766875.40739322,,,2.212101268593523,
2022-02-06,393375.4092013889,163216783.04222333,,,2.4295295938696153,
2022-02-07,388864.6219097222,166707456.17510447,,,2.363813340293411,
2022-02-08,390121.2860069445,165266491.127599,,,2.5964946863658946,
2022-02-09,411012.6409375,171788472.1845425,,,3.239448905408813,
2022-02-10,398569.1825,168030402.87108725,,,2.637619672149642,
2022-02-11,396747.151875,163131357.50768316,,,2.919185305832197,
2022-02-12,400020.0304166667,160333501.910137,,,3.0253371693351974,
2022-02-13,406393.13649305556,163406267.09927076,,,2.803947888537461,
2022-02-14,415293.44184027775,165061873.18480146,,,3.006251038061924,
2022-02-15,437819.3260416667,186065834.8463405,,,2.3179490040262816,
2022-02-16,446753.55270833336,191640701.79368612,,,2.0841501845880708,
2022-02-17,429829.40496527776,179760452.50979844,,,2.631477512955213,
2022-02-18,425279.03725694446,170995824.94168627,,,3.3863103228340736,
2022-02-19,426513.44062500005,170695311.58101547,,,3.2517820288573076,
2022-02-20,423359.35784722224,162176418.3818054,,,3.290544371434658,
2022-02-21,420186.2214930556,159265425.9533397,,,3.3579614932865947,
2022-02-22,414137.3272916667,150127315.18455634,,,3.3735005819966855,
2022-02-23,412619.0684722222,155000522.96003103,,,2.925009263147756,
2022-02-24,413690.2189930556,142999640.97357166,,,2.8470175830610334,
2022-02-25,402891.05850694445,147034465.2728685,,,2.6202766394811263,
2022-02-26,396820.31885416666,149112412.95964167,,,2.4612739740228324,
2022-02-27,390666.29868055554,144419577.10629308,,,2.5092830485542352,
2022-02-28,396156.7289930556,147480737.2361636,,,2.599307350457556,
2022-03-01,428065.12635416666,172970458.75415426,,,2.2717461395640774,
2022-03-02,425074.42621527775,174173162.5317171,,,2.213662226661242,
2022-03-03,443001.6148263889,179543576.5778962,,,2.1427267602935367,
2022-03-04,435868.46211805556,169989087.15499437,,,2.585930574705102,
2022-03-05,438798.5548611111,165861006.89666268,,,3.010932445501168,
2022-03-06,438731.6086111111,166900651.81759647,,,2.713318597038936,
2022-03-07,288455.75003472227,107762372.45653081,,,2.822250619532144,
2022-03-08,440143.98347222223,168353240.35176066,,,2.4531859071133786,
2022-03-09,456153.26927083335,179422331.17973536,,,2.408911031955466,
2022-03-10,427080.82690972224,160272145.94539815,,,3.136261854828428,
2022-03-11,435045.77993055555,161648670.66877505,,,3.32878057963143,
2022-03-12,422841.8655208333,158885059.66385996,,,2.9276762753214225,
2022-03-13,425347.4623611111,158253683.89687055,,,2.873935101803584,
2022-03-14,427339.11781250004,156892120.2602173,,,3.6064745542266774,
2022-03-15,427233.7623958333,157314060.80094206,,,3.6552352578299687,
2022-03-16,412230.86381944444,155321581.35562333,,,2.806630221161521,
2022-03-17,412673.8922222222,159591450.20947462,,,2.1409638373515953,
2022-03-18,412503.2460763889,160980489.02937958,,,2.0198806469536623,
2022-03-19,417158.6922569445,166833313.81106174,,,1.844189360171252,
2022-03-20,416431.78993055556,163961403.56344354,,,1.953939998424695,
2022-03-21,406569.5474652778,160061036.33325708,,,2.1853223616834194,
2022-03-22,421776.3912152778,170756296.34529218,,,1.8223188217330106,
2022-03-23,423989.0830902778,171088406.86308753,,,2.031346870099281,
2022-03-24,418663.91506944445,172122324.76061934,,,1.872700268876926,
2022-03-25,409438.3494791667,169348365.0711911,,,1.8669967223881523,
2022-03-26,406455.63208333333,167765179.50752065,,,1.9666944303292664,
2022-03-27,410075.1270486111,171279963.9928559,,,1.8719790894927273,
2022-03-28,412653.6421180556,179378027.9443667,,,1.8687246948851635,
2022-03-29,406373.94868055556,177004198.8604533,,,1.8920621477591746,
2022-03-30,423916.63677083334,185852188.3025357,,,1.8775023010770677,
2022-03-31,421041.9872222222,185103479.0383564,,,2.1307283431856225,
2022-04-01,387114.5069791667,167669813.20573676,,,2.2590534738831907,
2022-04-02,394151.089375,176082977.65894178,,,1.9775139674080515,
2022-04-03,392015.16479166667,174189905.57048675,,,1.998123386928654,
2022-04-04,393194.53868055553,174729264.14575678,,,1.8316992444121374,
2022-04-05,402595.1934027778,182043004.32066715,,,1.7411985924355255,
2022-04-06,386156.134375,167425357.70440528,,,2.1668035636257312,
2022-04-07,392793.9751388889,169238934.54501316,,,2.225373673833865,
2022-04-08,388081.57375,167245312.8590666,,,2.1219767531669813,
2022-04-09,386561.29586805555,163778918.59499243,,,2.4307147677535283,
2022-04-10,389422.92368055554,165413197.10710368,,,2.463114727932382,
2022-04-11,395913.7632986111,161020043.06935367,,,2.601455209272716,
2022-04-12,394356.9228125,160458795.11164168,,,2.5097805906547217,
2022-04-13,423428.9275347222,176903010.69466177,,,1.9791299695208597,
2022-04-14,430211.0613888889,179925371.35954607,,,2.1168944688558087,
2022-04-15,428447.2268402778,178495641.88058925,,,2.2907769103938853,
2022-04-16,428874.4039930555,178113476.0100168,,,2.256940580917992,
2022-04-17,424764.83979166666,176185309.43100393,,,2.3127708979629475,
2022-04-18,437277.2548611111,177757006.77007595,,,2.6702243934148573,
2022-04-19,435078.5212152778,182368433.54926306,,,2.4388183721894343,
2022-04-20,433087.58364583337,182616545.73579752,,,2.4977707276311905,
2022-04-21,417247.7609722222,174517256.5477573,,,2.7097607847418406,
2022-04-22,429541.94121527777,175591592.20436907,,,3.239130331985289,
2022-04-23,424668.0134722222,171928417.97305188,,,3.583626412795217,
2022-04-24,429392.9770486111,172690731.1529077,,,3.6350475802305837,
2022-04-25,440584.25020833337,173733774.0898399,,,3.783297823371558,
2022-04-26,435999.2720486111,172779153.2465881,,,3.4639995665322267,
2022-04-27,449100.8151041667,175018326.2203704,,,4.093661149500065,
2022-04-28,439465.39225694444,175529721.42440793,,,2.9276065410881444,
2022-04-29,424845.61371527775,169681350.1494161,,,2.5218934922619782,
2022-04-30,420600.5127777778,165601327.49121022,,,3.022052734515018,
2022-05-01,420352.08239583333,161568907.7496354,2.4679465776293825,0.9081352166000001,3.309754568875875,
2022-05-02,405331.3479861111,157382166.67894968,,,2.8367657659001115,
2022-05-03,406142.7443402778,157060320.6584608,,,2.8547630860065514,
2022-05-04,411001.95947916666,160802226.9237674,,,2.783463502869942,
2022-05-05,445677.0901736111,175239374.65054756,,,2.8839466583053475,
2022-05-06,447796.94079861115,169411434.3578839,,,4.062034286153857,
2022-05-07,439471.6435069444,164990749.43317443,,,3.4797465381036257,
2022-05-08,459396.5501388889,164488388.4420787,,,3.8022036982599285,
2022-05-09,464636.22559027775,154112765.94881096,,,3.558084601453603,0.9962078353646018
2022-05-10,466913.3988888889,148764839.2097541,,,3.2157641387138898,1.0265372049796297
2022-05-11,461821.4578819445,137346616.21576646,,,2.978438602499678,1.0306981177785715
2022-05-12,466673.49586805556,122857971.72164106,,,2.173165501339005,1.0127199385604166
2022-05-13,438292.28559027775,130849551.71776623,,,1.8937097691506612,1.071064293488889
2022-05-14,435128.44895833335,124956458.28040896,,,1.8692763495123716,1.070790847073611
2022-05-15,428047.6591319444,127570455.47864717,,,1.8949931193696328,1.0595838345878472
2022-05-16,430224.0104166667,128403627.78261471,,,1.694088019751331,1.0711776309114582
2022-05-17,431387.1663888889,131194719.07555209,,,1.590388873366803,1.090386812782639
2022-05-18,450618.1457638889,134238174.800481,,,1.7118468971001857,1.1328557778309027
2022-05-19,474568.23739583336,142243671.34212002,,,1.4978544273447767,1.1293518392878472
2022-05-20,475874.55312500003,145453634.754274,,,1.3747475586467337,1.060206842096875
2022-05-21,471521.41253472224,144944042.49268878,,,1.4179262318605537,1.1264986512368056
2022-05-22,512072.02395833336,162252407.59758517,,,1.0755823168136518,1.1340405336395833
2022-05-23,530130.3335763889,173091591.92238024,,,1.064374670279123,1.117810466835764
2022-05-24,513673.5841666667,166192284.18997836,,,1.3806831708441711,1.0565239613309028
2022-05-25,545484.5359027778,179697630.47511643,,,1.2014844744138855,1.0657545193538196
2022-05-26,522524.8913194444,165120613.03874728,,,1.5463161966522527,1.1321209391312501
2022-05-27,516546.91062499996,155340765.10353324,1.5444076542953074,1.0981531493333334,1.7169581908810139,1.0559801568090277
2022-05-28,516749.74305555556,157024046.52713662,1.5104383473525491,1.0976123728013887,1.6488498574663373,1.0964373811241994
2022-05-29,527467.8470138889,159711699.72566232,1.5680815569521094,1.0850583525847222,1.7084839585172216,1.053368531623611
2022-05-30,514119.81906249997,162311623.44105813,1.4571275649259456,1.1034125508277777,1.5490832782303037,1.1022634541118057
2022-05-31,484219.2151388889,154867428.58177745,1.5193925662824568,1.0941119085173612,1.5531162605451696,1.057345595434375
2022-06-01,480942.4457291667,150471618.65778023,1.6683914368927697,1.1012437815666667,1.6742446510806008,1.0624145001736112
2022-06-02,485679.15888888884,147315235.5075966,1.9893591521480174,1.0552847598131945,2.2900728441794147,1.1376640313027777
2022-06-03,491254.25979166664,147854216.05704752,1.964891896809597,1.0369336435003471,2.2090740887396425,1.0996705104673612
2022-06-04,498200.0017708333,149059132.46854374,2.0239385145983104,1.0489644517243055,2.3077610634123924,1.103666493257986
2022-06-05,502973.50263888884,149965400.49786118,2.150641186330848,1.0520765559114582,2.4475935679544536,1.0718905212954861
2022-06-06,498521.0849305556,151588815.54071796,1.8679793340087645,1.0856454589902778,2.0262611927107637,1.06290790763125
2022-06-07,583078.5979513889,165795037.21001968,2.0925417751771715,1.0604524605861112,2.255979997262063,1.075593503059375
2022-06-08,545799.9194444445,158290017.19518775,1.7191015527269693,1.0498914201298613,1.8250359636696447,1.0698146153124999
2022-06-09,526571.8434027778,152454408.83410344,1.7582639827015225,1.0449132761677082,1.8796858043269045,1.0719674958517362
2022-06-10,528836.9140972222,152660780.23938143,1.7709659188637077,1.0314698920024306,1.8820062379871905,1.0485898873618056
2022-06-11,547707.8422916667,153067922.7927582,1.928875267184719,1.0061210342569444,2.1333990645502596,1.0723191027267363
2022-06-12,550613.1464930555,143385442.1758726,2.018254497833414,1.05516920119375,2.1991568518769813,1.0785092535583334
2022-06-13,538530.3961111112,124005087.8310131,1.9692669894573622,1.0915999836677084,2.040902000561893,1.0469830359802084
2022-06-14,535325.8189583333,118534667.4162045,2.004768865431634,1.0951654063520833,2.0639238265734012,1.0450842681815973
2022-06-15,541786.2910763889,116487123.14745831,1.9428247480655978,1.0993216798711805,2.018442163614204,1.0363107178836806
2022-06-16,536821.3999305556,118450853.2346552,1.9004822430593573,1.0981602745815973,1.8653554566568313,1.0914249206086806
2022-06-17,522690.7232986111,112936946.84064582,1.8791063949639206,1.084766625615278,2.101418075448003,1.0780339772097223
2022-06-18,541137.5228125,109415838.81803466,1.955748661640286,1.1020492454590278,2.2270399574667366,1.0445753756892362
2022-06-19,554065.9927430556,112421565.44018285,1.7583598547277366,1.1002824584770832,1.8646731513580805,1.105398909785764
2022-06-20,531560.0245833334,112807334.10246989,1.775401824420542,1.1300294393798611,1.7102656601858996,1.0813821162541666
2022-06-21,516128.9285416666,114230472.18032266,1.7220134201541903,1.0837842689597224,1.6879488410972245,1.0647512386013889
2022-06-22,520416.5955555556,112310854.72388336,1.7339400700683507,1.123522504986111,1.7665001487101402,1.04256221441875
2022-06-23,549092.3082986111,122758936.95682818,1.546296716633467,1.0916070149538195,1.5478889849076596,1.1171512845940972
2022-06-24,574067.4533680555,134950585.8678313,1.4895234366380083,1.0876051848943005,1.3790203725446946,1.0858046584006944
2022-06-25,562596.3779513888,133427720.49778932,,,1.4679596489621927,1.041669710970139
2022-06-26,557184.9596180556,133036310.83494478,,,1.4727109340419355,1.087516396588889
2022-06-27,556477.9489236111,131314544.38039619,1.531788102360746,1.09593880385,1.5451779852695582,1.0613667970184029
2022-06-28,562294.6057986111,132135183.2372853,,,1.4388312368979181,1.1003816242725695
2022-06-29,565145.1527430556,124999517.86889106,,,1.9400543492954307,1.0736427293378472
2022-06-30,554695.7189930555,118225315.77165504,,,1.9676258634152468,1.0956976655815973
2022-07-01,537342.6208680556,117924955.8181164,,,1.7415777706326871,1.0813276316777778
2022-07-02,529401.275138889,114695700.59725434,,,1.814749086172944,1.11071910193125
2022-07-03,543972.2082638888,118291395.23613682,,,1.805826787119024,1.1043243205378472
2022-07-04,547310.5674652779,121649227.76562922,,,1.6040689247408626,1.1330609901555555
2022-07-05,555346.4219791667,127596840.85131796,,,1.3982691668163243,1.0948654017506945
2022-07-06,570131.8501736111,134357361.17580834,,,1.0475397887706133,1.116365506754514
2022-07-07,590046.9625347223,140885330.56448674,,,0.884268479176134,1.060426406621875
2022-07-08,576252.8382638888,139025720.2885704,,,1.080077432510742,1.0342924753416667
2022-07-09,571932.5051388888,138894852.0718845,,,1.0210503025913154,1.1117991163871528
2022-07-10,561125.527951389,132342912.22887805,,,1.2667956771079176,1.0770541278586805
2022-07-11,545473.9852777778,126034906.81809133,,,1.5360605684880468,1.0907952259479168
2022-07-12,546891.7787152778,122697402.1169214,,,1.72095423471052,1.0658342543298611
2022-07-13,543809.1927083334,121906376.51614457,,,1.8086595577417885,1.0795771246270833
2022-07-14,535891.4151041667,124831718.75796628,,,1.4875610166902797,1.1329179516121526
2022-07-15,550775.0444791666,131155619.00806396,,,1.262539629930142,1.1186694693020833
2022-07-16,555623.7597222222,133738750.97489174,,,1.0929821921961411,1.2108840693104166
2022-07-17,580436.7003125,145656647.31249592,,,0.9815539306155731,1.0693096748989583
2022-07-18,558018.7395833334,143987214.95186076,,,1.0577467033968675,1.0340567589100695
2022-07-19,525752.9511458334,138797154.18409106,,,1.2115184366000764,1.0989852663666666
2022-07-20,529820.6981597221,141248488.73980254,,,1.3701458879246096,0.9799161903052084
2022-07-21,519940.7133333333,134468546.71532133,,,1.3717329345688758,1.0937093081881946
2022-07-22,527097.8808333334,140339348.18517056,,,1.1826076729424093,1.0503776203513888
2022-07-23,528751.5223958333,138133833.06710047,,,1.3330093048333644,1.021286056917014
2022-07-24,521440.3380902778,136736657.9231276,,,1.3716115347926325,1.1464495876899305
2022-07-25,511765.90395833337,130473810.28835855,,,1.6396582747671333,1.0691360277225694
2022-07-26,509422.5996527777,123914751.74371362,,,1.8803996983202476,0.9992675640559027
2022-07-27,537031.7019791666,138265901.38502276,,,1.4044987541350595,1.2000335993652778
2022-07-28,551872.1133680556,149804305.2370879,,,1.1383268453812034,1.1424370933989583
2022-07-29,591352.0576041667,170078067.0556689,,,1.0439989467739266,1.1015827262899307
2022-07-30,597719.5317708333,175000648.90790114,,,1.007734976726595,1.033575569645139
2022-07-31,559311.650625,162863976.90499163,,,1.1602480125516175,1.0398524848913193
2022-08-01,533694.5249305556,151960606.345701,,,1.3065466467138385,1.0349722474743055
2022-08-02,515333.7882986111,145108720.2724552,,,1.4508957718501185,1.059483084696875
2022-08-03,557289.0904861111,163247949.14534903,,,1.2902404651957107,1.09201413443125
2022-08-04,632995.4076736111,192522700.90202186,,,0.9382796603488389,1.0721471077625
2022-08-05,657443.9781249999,206912809.23665246,,,0.8507489699639899,1.0423952283934028
2022-08-06,633614.4801736111,200534891.45858327,,,0.8540885890958217,1.065472554610764
2022-08-07,644272.2880555555,204387865.42585802,,,0.864229967537312,1.0352585125805556
2022-08-08,678080.5140625001,221774320.27192366,,,0.765273757440446,1.0803272339552084
2022-08-09,603275.1909027777,194070227.29035136,,,1.0986575778504963,1.0181753351555556
2022-08-10,601041.5686805556,194914645.69136697,,,1.0972072691922214,1.0696976335329862
2022-08-11,581089.8411111111,191192641.7282755,,,1.0886965433943816,1.036477245478472
2022-08-12,563746.4429513889,182180108.7274383,,,1.3490197111900424,1.0405595812194446
2022-08-13,561930.7912152777,184127225.4047234,,,1.2113558904266517,1.041981321584375
2022-08-14,572024.7243055556,185340136.34739864,,,1.308059206847702,1.0518476984909721
2022-08-15,577039.6313194444,183990503.23581108,,,1.5252994466511522,1.002580027434722
2022-08-16,576744.7702777778,182595144.3898285,,,1.616518745347368,1.0029976060746528
2022-08-17,576591.0052430555,180321495.01086307,,,1.8065313325367838,0.9886311695409723
2022-08-18,570454.7896180556,174356346.44465363,,,2.1596133200413608,0.9868575424260416
2022-08-19,546067.4174305556,156102675.28783557,,,2.058950419354445,0.9977498257121528
2022-08-20,517195.46381944447,147323029.26965192,,,2.0692299535834717,1.0115866116909722
2022-08-21,543130.9831944444,159921389.12911898,,,1.7050801258931725,1.0961296579899307
2022-08-22,549243.8960416666,162936659.87657624,,,1.3726492432474213,1.0773223244954861
2022-08-23,540626.8490972222,161001047.07460597,,,1.372624578102509,1.028992816086111
2022-08-24,548583.7385416667,163057695.87498626,,,1.4604889920387523,1.0857819561972222
2022-08-25,543595.1106944444,163628073.46177897,,,1.4837609984915283,1.0052427826913195
2022-08-26,528994.1061805557,154783346.40952,,,1.7184737630993645,1.0075627780944445
2022-08-27,525279.4435069445,146920572.3074354,,,1.8996215270064036,1.048802576764236
2022-08-28,521934.21902777784,145719132.58409885,,,1.8967831331524632,1.0150129379284722
2022-08-29,533036.3637152778,148914520.8879727,,,1.812136704347478,1.1002577202652777
2022-08-30,520101.17805555556,148474491.4001695,,,1.6655673898311605,1.0533791795913194
2022-08-31,509518.9453125,144922613.70365664,,,1.7903954256278598,1.0247740773034721
2022-09-01,536023.2080555555,148133333.34293234,,,2.2149645516667196,1.066240442179861
2022-09-02,525051.8386111112,146056848.73319307,,,2.0835086755812373,1.1215367116097221
2022-09-03,510453.28854166664,141242482.7870766,1.9134338744646275,0.9446659477600001,2.221286188330204,1.1020608006208332
2022-09-04,510667.80204861116,141882671.88858205,,,2.205328989606503,1.1010452745399304
2022-09-05,523289.1657986111,144434707.0897721,,,2.3909957681911322,1.0808846035836805
2022-09-06,526371.3421875001,145397532.2015081,,,2.257884744715476,1.023289418271875
2022-09-07,579316.5571180555,154501291.85641107,,,2.454926193226191,1.10648726428125
2022-09-08,537721.0107986112,150147152.6636791,,,1.4900496507116296,1.187425587725
2022-09-09,527483.465451389,152632240.15386665,,,1.2965814631505805,1.0634078421982638
2022-09-10,513365.37055555556,150979325.46336475,,,1.2291335032946133,1.1147576347798611
2022-09-11,509349.31614583335,150134960.6625588,,,1.2106501772502798,1.1215237744385416
2022-09-12,506168.34888888884,149146110.72890425,,,1.218284597927542,1.0834041155284722
2022-09-13,488495.2038888889,140382742.7049613,,,1.5311569437754056,1.0631796868576389
2022-09-14,466184.25493055553,130013054.13565165,,,2.341990369698874,1.024490792563763
2022-09-15,474933.9194097222,130027875.21313953,,,2.7105113415192323,1.0207563034194445
2022-09-16,492119.00409722223,134600554.3578318,,,2.658803060878796,1.0424009861725694
2022-09-17,491904.13364583335,136376704.94675556,,,2.490325513375297,1.0909356260305556
2022-09-18,490025.55340277776,134729678.79848626,,,2.4691921000777852,1.0853967806958333
2022-09-19,508357.2417708333,134503303.21474707,,,2.7996629339236114,1.1318597630902778
2022-09-20,489186.7232638889,131495853.56132118,,,2.3570576388541666,1.0777649245138887
2022-09-21,485561.5661111111,129692301.6429299,,,2.3506160079166665,1.107648484375
2022-09-22,485312.08194444445,130392623.48040022,,,2.477900866718489,1.0614299509736111
2022-09-23,478114.25409722223,130799264.09123267,,,1.9981469980415056,1.0590347841666667
2022-09-24,516513.3945486111,144287458.34637082,,,1.5414539687563413,1.1595103838274305
2022-09-25,492271.16208333336,135691193.55561602,,,1.903098575431949,1.0336913077829861
2022-09-26,491332.5601041667,134558849.1347136,,,2.002354277134015,1.0295449443534723
2022-09-27,519570.05885416665,145428322.32838395,,,1.6208460839262413,1.0806892022503471
2022-09-28,493408.01829861116,135329619.46191174,,,2.166399044157713,1.1529868761027777
2022-09-29,530618.0777777778,149594693.77552053,,,1.1410402849687682,1.1388484759083335
2022-09-30,538911.1274305555,153458238.6490592,,,1.0198394488230387,1.1797317621288195
2022-10-01,502704.92631944444,141958278.7755057,,,1.3604548801989746,1.0592333069041666
2022-10-02,497602.80281250004,140775810.50827765,,,1.4422948729125828,1.1838680984954861
2022-10-03,531447.2598611112,152013745.25337473,,,1.1628607207165143,1.0779023824868057
2022-10-04,564143.6188194444,164657474.83277026,,,0.9656846347119752,1.169662539945139
2022-10-05,571963.0695833333,167789876.88483787,,,0.8216821203415814,1.155956516554861
2022-10-06,564395.9149652778,165432534.6245426,,,0.9080248644549062,1.0959854673881944
2022-10-07,560109.7032986111,158861412.89208156,,,1.5330477916003027,1.083036147689236
2022-10-08,538044.5932638888,151009797.41268456,,,2.0838165286430548,1.195648579217014
2022-10-09,548677.8464583333,152272578.10489586,,,2.5883850886309268,1.0893974387927083
2022-10-10,552854.3719791666,152295266.45254064,,,2.9013310760074558,1.0249282768934027
2022-10-11,559629.2860069445,151674961.5899543,,,3.2108029388977024,1.0434118450406251
2022-10-12,566115.7329513889,153611558.7444177,,,2.869118392325249,1.0986330819288195
2022-10-13,559874.6576736111,149833781.3338854,,,3.0880508811567333,1.0004056552243055
2022-10-14,508005.8912847222,138409870.66611904,,,2.6088713321393002,1.083075362563889
2022-10-15,498236.3931944445,134479975.70664826,,,2.699226994914287,1.1277932813854166
2022-10-16,504699.2252083334,136472768.07554933,,,2.7569418384169686,1.0657891257767362
2022-10-17,497049.2552777778,135757355.66940403,,,2.4401583488334664,1.1826440502690971
2022-10-18,491179.1738888889,134283487.01442128,,,2.1966155929279148,1.11026825036875
2022-10-19,500505.19878472225,136159572.58549526,,,2.298931693288507,1.1096510895347222
2022-10-20,508104.8434027778,137647711.94138277,,,2.4059683099749347,1.0343990945798611
2022-10-21,512383.1775694444,137430689.1705804,,,2.8136160291354955,1.1466383366302084
2022-10-22,500927.1667708333,134978475.89397284,,,2.680571667762622,1.1786627685090278
2022-10-23,497662.63302083337,134905248.3809613,,,2.434002066148104,1.1384120902048611
2022-10-24,488367.19399305555,133682794.48199913,,,1.9654685932181009,1.1869476878625
2022-10-25,501088.7836458333,139518629.3313208,,,1.7410284191667116,1.196461992032986
2022-10-26,528224.7622916666,152106944.65713936,,,1.071125091007151,1.1018661882145835
2022-10-27,524375.3968402777,151371616.73965323,,,1.0663363868309965,1.0981173534475694
2022-10-28,541999.9926041667,158199255.88950953,,,1.0390625982085326,1.1853186800940974
2022-10-29,586535.9708333333,177385373.96896118,,,0.8679731241035582,1.096715769057986
2022-10-30,596567.5878125,185121961.88287035,,,0.8470462689900536,1.077961007415625
2022-10-31,638533.5798611111,205087683.05511683,,,0.7203790191002151,1.0653302920951389
2022-11-01,641107.3940277777,208520232.4899406,,,0.7706732673114352,1.0471947223072915
2022-11-02,609238.0975694444,195868919.547427,,,0.8463955626613222,1.0723232193513887
2022-11-03,644593.1404513889,211818753.5769785,,,0.8356980759198138,1.0742820167819445
2022-11-04,703287.6356944445,244483879.14417458,,,0.6276804192384996,1.0901260570802083
2022-11-05,694503.6589930556,245454246.84794086,,,0.6028946107558038,1.0727543381739584
2022-11-06,684601.6291319444,240057807.21220508,,,0.6990002990730224,1.0693465737406251
2022-11-07,606462.3369791667,203291444.2838328,,,1.0155236135454162,1.0495437287319445
2022-11-08,571348.9465972222,189121809.08346394,,,1.171632236836849,1.0139523803309027
2022-11-09,523452.6161805556,157031683.08705556,,,2.1106802129328184,0.988025635920486
2022-11-10,457452.80149305554,131872100.33926153,,,2.5351106940566006,1.047304151595139
2022-11-11,417655.255625,121973520.4229172,,,2.47318608021907,1.0371078542479166
2022-11-12,415373.2989236111,117611428.4195786,,,2.649291112129793,1.0357645694663193
2022-11-13,405927.12600694445,113613800.2468235,,,2.805280317597372,1.0166530252802084
2022-11-14,412575.4282986111,114301862.15331072,,,2.6679992237709076,1.0782855622357639
2022-11-15,431469.75666666665,119897808.15476185,,,2.8836986727051643,1.0321570344093751
2022-11-16,456406.62635416666,125045445.32198519,,,3.443780566031583,1.002117285520486
2022-11-17,491806.9812847223,132062883.77213877,,,3.898811579021602,1.053718624640625
2022-11-18,471326.5078125,128264062.90523478,,,3.317131015048442,1.0440078128722223
2022-11-19,464607.2401041667,126208115.47886671,,,3.0864933801313565,1.1016114570600695
2022-11-20,468882.19833333336,126714590.60182844,,,3.290587948417712,1.0576800124536585
2022-11-21,491788.6204166667,126859759.19619809,,,3.597883265369329,1.0333531067034722
2022-11-22,483658.42350694444,125244900.5809266,,,3.074657967233903,1.1198198259416667
2022-11-23,552711.8602777778,159305803.4880033,,,1.4098220122396548,1.0854453457722224
2022-11-24,598275.1769444444,178297970.01314133,,,0.7872591943511555,1.0980278602430555
2022-11-25,618116.5109722222,184543270.72342634,,,0.7335366099939938,1.0879744134208333
2022-11-26,708426.9142361111,220865155.29811332,,,0.6885434158586159,1.0744712515131944
2022-11-27,708639.6079513889,221709525.02496183,,,0.6681356588094433,1.1250775696430555
2022-11-28,608110.7925,179260459.25058213,,,1.1892183486284906,1.0870807789277779
2022-11-29,625665.5688194444,186925638.6846798,,,1.1890875015356661,1.0680918782197917
2022-11-30,605891.6189236111,181288907.78785002,,,1.3652267175336876,1.034752119720486
2022-12-01,625779.0552430556,184763318.98230118,,,1.5453974917255318,1.1118715349215278
2022-12-02,577574.3817361111,167613114.74350515,,,1.90696111786317,1.0482966616621527
2022-12-03,562961.7325694445,164025072.5610496,,,1.8796849777978666,1.1006132547756944
2022-12-04,554212.5128819444,161272330.19958484,,,1.861255234649021,1.0950797487079862
2022-12-05,538153.8003472222,157597126.1908449,,,1.9176804961507083,0.9857650645576389
2022-12-06,549946.0100347222,158860016.00251502,,,2.353527621773595,1.0398588535618056
2022-12-07,554827.4534027778,158222903.25548688,,,2.4813471825748303,0.9966400002854167
2022-12-08,549604.3407638889,157157223.40686777,,,2.3022759253121188,1.0702530720878471
2022-12-09,527181.4561805555,152438815.15988827,,,1.8818432349514564,1.1651936355295138
2022-12-10,534190.2981944444,153539071.56421643,,,2.214330682195501,1.0947110941180556
2022-12-11,529405.4395486112,153147491.59629,,,1.9433179583901097,1.2915961841128472
2022-12-12,570105.4572222222,159232535.10888532,,,2.6149468197622228,1.032723677660764
2022-12-13,684200.2392013888,184649240.93100455,,,2.49365553107954,1.0588351231819444
2022-12-14,716455.5947222222,195148704.9662863,2.232739741989388,0.9809042875544554,2.214603564701831,1.0506593327697917
2022-12-15,743372.6157291667,195848310.39809668,2.4711395042154027,0.9861005117951388,2.5326941491526234,1.0689431131197917
2022-12-16,805416.818611111,202329583.23894894,2.738395700962714,0.977039474832639,2.8214150871202452,1.0558366514013888
2022-12-17,906873.2112847222,212694253.0738145,1.9970579350957074,0.9395193080138888,1.971993819575398,1.0799454982711805
2022-12-18,948559.5794791667,233688119.1862395,1.6631525709664194,0.9537984448336806,1.6245434757552297,1.0704901599444443
2022-12-19,961980.0740972222,236966952.48730958,1.5475227164757424,0.9503866360753472,1.4412399948438273,1.0769414025409723
2022-12-20,883629.4778472222,219526825.3734222,1.564007829965366,0.9338388156302084,1.5240114139648202,1.1112154502625
2022-12-21,867205.5858333333,215278655.62385717,1.6284225456169064,0.9659458010857639,1.5080495748538874,1.1121787220413195
2022-12-22,870002.8703125,213037777.50862902,1.7925563025295892,0.9570073586590279,1.7616770897565954,1.1118903492166667
2022-12-23,826004.0454513889,203098369.34842724,1.917629733457186,0.9568296185625,1.8824180921561917,1.0770387197902778
2022-12-24,838168.4766319445,205073651.07941088,1.8895270919244926,0.9550944960447916,1.8581896535588183,1.2548611710430555
2022-12-25,843528.1104861111,205797419.24998915,1.8957666854566497,0.9502232877381945,1.9115829255351366,1.1982124815423612
2022-12-26,841246.5717013889,204431333.51072687,1.9656182950733516,0.9498628327388889,1.9908362147982896,1.2043329937145832
2022-12-27,818208.8565625,199714026.98950452,1.973347078390334,0.9520349259302083,2.017471710235915,1.1477718222246527
2022-12-28,797802.9961458333,194562779.27586517,1.855218583139502,0.9517509724006944,1.8863345688514366,1.1086988823020834
2022-12-29,804965.2342708333,197519570.6892625,1.6724725599789818,0.9489824975718749,1.6783971609237804,1.1566400710135418
2022-12-30,792235.9729513889,193856032.4290438,1.6507892374567137,0.9467419899006946,1.6488624030455576,1.180489360660764
2022-12-31,791231.9978472223,194699907.51186013,1.6260025957354605,0.9466138898996527,1.604326206572249,1.178824318639236
2023-01-01,778251.4692708333,190395329.02453548,1.7220287452913399,0.9555995882895834,1.779068121481171,1.284132305832986
2023-01-02,770662.7178125,189251893.61932337,1.798679772432803,0.9503654074361112,1.8049339710994141,1.1539558739666667
2023-01-03,753221.9481944445,184938958.03227806,1.9414232150210633,0.9486207862496528,1.9325476635607528,1.1645563337791667
2023-01-04,693895.3384375,176869943.81253067,1.5898213392826075,0.9491737855361111,1.6027484424669027,1.1598754629920138
2023-01-05,687600.5932986111,176765869.7475542,1.4441815647589904,0.9467653796791667,1.3708082407884614,1.1184234526725694
2023-01-06,700041.0313194445,180217677.53890637,1.4158869312803573,0.9172175415010416,1.3620818437368702,1.1331664237395833
2023-01-07,687664.0763888889,179404596.1502548,1.3370903377713896,0.9157731864288193,1.2901150720875474,1.1604346743427083
2023-01-08,699956.9327430555,184420775.69183448,1.2608577546164155,0.9174578701982639,1.226138106031271,1.222320712425
2023-01-09,666150.906736111,185054629.67190456,1.0744872718603837,0.9036365359180556,1.1195362202733952,1.0855518066152776
2023-01-10,626416.1654513889,172332232.4153123,1.046862034062651,0.8917487284045139,1.1405262502376265,1.0525454692774305
2023-01-11,647513.8620833333,179740823.08033615,0.9866596409502263,0.8974843158496528,1.0203000413125558,1.0677184143149305
2023-01-12,629081.3928125,179072197.53825727,0.9845185323070199,0.8925983530538194,1.007371729582377,1.0541832982604167
2023-01-13,622325.3361111111,179308560.00886217,0.9910155478919425,0.8895803002309027,1.0148624680453793,1.0494852339159724
2023-01-14,535614.5789236111,163693156.54514143,1.0224889719712105,0.8905299993722223,1.1218385571701939,1.0581603800934027
2023-01-15,503743.58541666664,150949975.00447524,1.1286761632868556,0.8720867854100695,1.1952287750400656,1.065974641082639
2023-01-16,490458.30916666664,147537975.73341024,1.1496920931582453,0.8855497106753473,1.2526152200445022,1.03823930395
2023-01-17,493125.7488541666,148444439.35077518,1.184586959871783,0.92988342886875,1.296176163768778,1.056436649414236
2023-01-18,503292.2601736111,149944355.19379303,1.1949134601805473,0.9445384487326388,1.3160379885459377,1.033364153192014
2023-01-19,522699.3461805555,151955681.1422601,1.2588542431394087,0.9309111748024306,1.418621285744191,1.0472204114374999
2023-01-20,532790.8187152777,155966084.72615224,1.3511821805064776,0.9499559217059027,1.5392867380099444,1.0953653404649306
2023-01-21,537593.8030902777,163386713.80370674,1.4451354623706216,1.002492632130903,1.4878989340638729,1.0421335255010418
2023-01-22,533398.0085416667,161499280.06185037,1.4560266073893737,0.9968061558177084,1.5924174904261428,1.0616370030184028
2023-01-23,537134.1199305556,163979020.19469476,1.3877689443071817,1.0212733242010417,1.476701291521673,1.6892792362604168
2023-01-24,582478.2065277777,182689649.78302702,1.3061411050513985,1.0521364418892363,1.3462969192970842,1.0486678026385416
2023-01-25,512034.2129861111,154530259.99552944,1.5789194423908672,1.0060948851538194,1.8481905279318331,1.042620694267361
2023-01-26,507614.40989583335,155275724.79985175,1.5777434126636538,1.00357582723125,1.7788252465069196,1.040303679309375
2023-01-27,498657.7460763889,152135050.23907948,1.582760280481527,0.9955431815225695,1.7616222476341055,1.10463085831875
2023-01-28,487399.00625000003,149668205.93567762,1.4795183301221748,0.9972532280555555,1.5976428863713867,1.0655325952204862
2023-01-29,516114.7584722222,161973836.88791654,1.279244614558393,1.0012292376552083,1.3212938790671853,1.1287994693777776
2023-01-30,507830.2951736111,157652769.43685377,1.3766489088231135,1.0107990211163194,1.4264435051613846,1.0972669871416665
2023-01-31,488585.73284722224,152041431.46500653,1.287218673433572,1.0010327195541668,1.4100987635708906,1.1008323888993055
2023-02-01,495101.2435763889,153946955.89596003,1.2952782398188811,1.001937035110453,1.402281886927079,1.0552299995145833
2023-02-02,556465.6216666666,182474946.33604845,0.9962136741709406,1.0615682772229167,0.8985142652411372,1.048583479173611
2023-02-03,532675.95875,174508643.73083535,1.0465929895083799,1.0642726912375,0.9891741357465601,1.0698293611263887
2023-02-04,530316.6009027777,175182635.325721,1.0826275506218614,1.0414760857628473,0.9895736355526099,1.124080009264236
2023-02-05,528298.5252083333,174344292.9293938,1.1089731097664999,1.0411634821600695,1.0670708498266066,1.0629884890420138
2023-02-06,505162.2316666667,165187271.92980373,1.2084579839446787,1.0204223715260416,1.2574787608742666,1.0723533250239583
2023-02-07,510791.8419444444,168075454.56298396,1.141499208835347,1.0162766941402779,1.1957077826403877,1.1219418920892361
2023-02-08,509239.8519097222,168106701.2431928,1.1877482004280497,1.0183902214281249,1.1658910510845342,1.1053348856322915
2023-02-09,478506.66493055556,152471099.34352374,1.4965191349844722,0.9932394701760416,1.6627728466375118,1.0423865304666666
2023-02-10,483948.32909722225,148358105.25287876,1.6596842785166097,0.9535467241732639,2.008277187294912,1.0210285829822918
2023-02-11,493844.40125,152151938.13703334,1.6615875222746608,0.9705655140819444,1.946069031632395,1.130687102818403
2023-02-12,496036.98670138884,154421725.21843523,1.614598434745475,0.9900289617972222,1.8455246022920586,1.1619601198277776
2023-02-13,608491.3068055556,180233910.51927468,1.7315173164257855,0.9579108446336806,1.8718258840251518,1.0738467288697917
2023-02-14,620515.6320486111,182361133.00479862,1.8125907659074458,0.9386945997263889,2.0358426581016897,1.0821786014253472
2023-02-15,598399.2317013888,180658213.57025525,1.5597734131460137,0.9421756351083334,1.7159057903875352,1.1146716461729165
2023-02-16,582302.0928125,186019818.1490234,1.223215197746768,0.9641238771402778,1.232311436521308,1.021153832932639
2023-02-17,555381.0169097222,172201655.8055049,1.4950560028728264,0.9474131529111111,1.6833913122887354,1.0741809876534723
2023-02-18,546068.0894444444,172400107.31790563,1.3912134124851132,0.9674575076364582,1.4566399037533817,1.1164363971427083
2023-02-19,534550.9102083333,168316525.20868573,1.4715627659468355,0.9596939208170139,1.518267675558801,1.0418090058246527
2023-02-20,529642.6568055556,167119725.65386468,1.4815144189247724,0.9449778592743056,1.5460870931754764,1.1159846391194443
2023-02-21,528233.9731944444,165606131.19349894,1.617726187237438,0.9365001617986111,1.7854665295126624,1.154154289233798
2023-02-22,538947.7136805556,165729979.07989213,1.813198370706777,0.9132369290309028,2.0994146249453354,1.0502437658354167
2023-02-23,529455.7180208333,164384156.74758446,1.7022873299733494,0.9106409053822916,1.9109769856110042,1.1010108396128473
2023-02-24,533171.1536111111,163512993.03990692,1.829786790600917,0.9161298038114585,2.091704405774298,1.013313037757639
2023-02-25,550264.3762500001,165505254.79998937,2.069721804121276,0.9125342833944443,2.433566673304036,1.1464727899614582
2023-02-26,537915.0460763889,163598774.2520291,2.034706956593081,0.9309295442850694,2.3159612237978213,1.2087456336114581
2023-02-27,524755.7225694444,160076738.3561955,1.95508088119575,0.9441169899743055,2.1290279565732972,1.0590022009072917
2023-02-28,530306.0002430555,160670556.05957678,2.021889854429943,0.9472114910270832,2.2389430029276576,1.146329893796875
2023-03-01,544791.5598611111,165042377.05991158,1.9705788072849448,0.9181668143194445,2.278847855547378,1.091529471345486
2023-03-02,604487.5077083333,180708434.8924325,2.2365682362063817,0.9101460748222223,2.6950045035908183,1.110493283990625
2023-03-03,607151.6637847222,176190410.1057514,2.5293386079117317,0.8922240230184028,2.974708472439139,1.0559927019201387
2023-03-04,603237.7254166666,174766516.68576774,2.5041978832385388,0.8929705483520833,2.933730601585712,1.1378469412413195
2023-03-05,601027.1562152778,174512453.31777126,2.530592618865091,0.8965429847024305,2.995538329774073,1.0935117306520832
2023-03-06,640178.8530555556,183340579.86802837,2.5007520843294535,0.8944781982538195,3.021276283333233,1.0918086706718748
2023-03-07,637179.9246527778,183024074.540682,2.392418163666054,0.9157021113427083,2.7065643300468185,1.0720635601947917
2023-03-08,619044.3384375,178721408.9678793,2.2371969107130347,0.9125892539972222,2.396317112372806,1.0582517787770833
2023-03-09,595455.2384722222,170597504.2472147,2.1561275007382807,0.9287928698847223,2.342518637615913,1.0538481595197917
2023-03-10,569152.8185069445,155402895.776819,2.2979744800475954,0.8992256168725695,2.518956709513956,1.0143407167534724
2023-03-11,575066.9175,158195537.6497072,2.2361440881632046,0.9001146583444444,2.3891858378013815,1.085702940328125
2023-03-12,567244.3394791667,157216551.1031744,2.1561029212903904,0.8766555776215278,2.302180603783514,1.1027020923381945
2023-03-13,533323.1752083334,160479881.86985385,1.6918311955555554,0.9064599530555556,1.7602467669097224,0.9946673159374999
2023-03-14,505113.19864583336,156106839.13682058,1.5061822066816992,0.9375949809097222,1.5123349304991496,1.019845646523264
2023-03-15,485032.26263888885,149455580.76294467,1.4917698352149613,0.96640664801875,1.5250459919614983,0.97558218960625
2023-03-16,558037.8828472222,178127798.03369725,1.0946085523038747,0.9741548428958333,1.0464594089380204,1.0536568114854168
2023-03-17,624009.8404166666,207112518.9453395,0.7557512255792463,0.9546985406253472,0.6681435128821174,1.1035005946052083
2023-03-18,585508.4874652778,198574794.21897757,0.8728197407050833,0.9353890856142362,0.7998716499563717,1.0198083274416667
2023-03-19,565081.962638889,189822230.72209018,0.9239536178833736,0.9083212479461805,0.8981858972471015,1.040751186292361
2023-03-20,560890.8720833333,188175129.16340292,1.0053515971424538,0.8812495323559028,0.9901514222992118,1.0352000953111111
2023-03-21,554193.2714930555,185144280.3607838,0.9994249343670923,0.867906487521875,1.0013221901527354,1.0959983899395833
2023-03-22,521191.9542013889,171646747.70375845,1.1828260743002346,0.9061799768170139,1.2035415069104394,1.0625892387548612
2023-03-23,447679.23857638886,145408789.2005256,1.3075502609576812,0.8980798699621528,1.4306033987258817,1.0437957445204862
2023-03-24,442163.15444444446,142980608.95136648,1.379009604436601,0.9095651889163194,1.492933263912059,1.0817975894961807
2023-03-25,434536.35319444444,140331341.25053778,1.4487062271777005,0.9128912235138888,1.5876246439150161,1.0120562228315972
2023-03-26,433997.5261805556,141316273.7930862,1.3327035963989353,0.9191320078496528,1.4428738507746712,1.0955461439663194
2023-03-27,472655.3792708333,151175009.96013197,1.3769865659898948,0.9440896937402778,1.4094312848185442,1.0761692012618056
2023-03-28,517286.1721180555,160632087.88861164,1.6662404630645495,0.927828402948611,1.8676103255205239,1.0164417134190973
2023-03-29,472254.98343749996,148974436.91603866,1.503356732538328,0.9525451171263888,1.7012691199074856,1.0366534663197917
2023-03-30,454190.6871875,143082191.51876295,1.5241618087341728,0.9531475412961805,1.68473223494423,0.9889426085944445
2023-03-31,441713.2659027778,139743569.60779926,1.5207216385480395,0.944572590534375,1.6320868320501454,1.067983550759375
2023-04-01,461714.67309027776,145398333.19076428,1.6241432818774435,0.9510192143586806,1.8075377655843292,1.1193286966336806
2023-04-02,466644.23534722225,146531955.20397434,1.6725379217420222,0.9442194950746529,1.8877653294232104,1.0734380828406251
2023-04-03,488241.5307986111,151329097.44344658,1.8631531001996657,0.9254570848020833,2.1529252770540688,1.0367375037090278
2023-04-04,479140.9375,148700758.71733603,1.7374545995612887,0.930484293678125,2.021933216519485,1.1016473840663195
2023-04-05,459369.8842013889,144193978.62662986,1.6799778619689922,0.9298451446156251,1.9269226419182657,0.9974319583274305
2023-04-06,466245.89437500003,145756010.41080397,1.7667060752136559,0.9006454527447916,2.01845134729367,1.0142319849399304
2023-04-07,479013.9445138889,148889248.91657722,1.8709697786537296,0.885275481107986,2.1691063390676635,1.025991390528472
2023-04-08,472368.59461805556,147098264.39479974,1.8407294715208937,0.8842323980385417,2.148368666367327,1.1513385775559029
2023-04-09,465719.3779166667,144790142.40090695,1.8454872993934544,0.8974825362461806,2.171761019051129,1.1018564340756944
2023-04-10,464731.57482638885,140483317.3303063,1.7706848318261976,0.9170689607350694,1.9690896101767166,1.0518442814076387
2023-04-11,532714.5134027778,174191714.03302628,1.1432390156311634,0.9785468117951388,1.2022784736116339,1.1136716749093751
2023-04-12,483677.37451388896,154524973.44137466,1.510789519861304,0.9649447021902778,1.6601704850269863,1.0985618041972223
2023-04-13,475830.8270138889,153310585.17030224,1.4921214433344034,0.9548052566788194,1.7098547110734408,1.1024219800010417
2023-04-14,459843.56631944445,152100254.5840593,1.2408420917537188,1.000941192175,1.3371031451398925,1.0423155515100695
2023-04-15,434492.2909722222,144153523.53694144,1.2362959568425251,0.9590636371586806,1.2613716027531234,1.1161287449045139
2023-04-16,490392.6516319444,167162393.66088074,1.0720058393119352,0.984551736329861,1.046096062496777,1.097647826571875
2023-04-17,540740.2652083333,185799998.43469128,1.0273027496344889,1.0072721340385415,0.937476774242725,1.0846908457590279
2023-04-18,505608.14152777777,173286793.60262492,1.167285180624048,0.9511020095180557,1.1900912539941184,1.098110017464236
2023-04-19,441322.5009375,146463892.53885645,1.5918624882404722,0.9181902551680555,1.7300052057175064,1.0765617809656252
2023-04-20,409973.1588194444,132295794.03382778,2.0009215027634113,0.8939481829840277,2.321693218863384,1.0734685188840278
2023-04-21,448499.5404513889,144897665.86426193,1.8512333298890762,0.9002035018371528,2.0756343548781757,1.0430296972104167
2023-04-22,487192.4432986111,158832093.17575762,1.6459145378540565,0.8897223183208334,1.8773080366485786,1.13625716329375
2023-04-23,512110.0603819444,168885749.40873292,1.356344404700062,0.9198593068461806,1.437963347379635,1.1432650821010417
2023-04-24,527053.8277777778,174268884.18180484,1.2773864516434488,0.9100634233545138,1.3445398505855113,1.0573521584152779
2023-04-25,558503.3753472222,185141994.082189,1.2058107283234867,0.9077358009447916,1.25394884576813,1.1087080219583332
2023-04-26,577020.4207291666,194744861.6891734,1.0254404691022034,0.9100361331427084,1.0560770475218337,1.1708503383152777
2023-04-27,511987.49486111116,169940943.0592726,1.2087297163465898,0.8285745211770833,1.2976219486508467,1.1068679364885416
2023-04-28,590827.4674652778,191162303.52445138,1.7030986681446776,0.8824496610357638,1.8111035567871268,1.1530388214020835
2023-04-29,549425.6162847222,177309372.92393675,1.8202481760887916,0.8472118485628473,2.087556222223829,1.2232361225802082
2023-04-30,543031.2397222222,177018075.22107533,1.5356757643063343,0.8585749786229167,1.8054689492286091,1.2066515849104167
2023-05-01,625384.2447569445,207629619.57436913,0.9023731297850583,0.9495979767753473,0.8925417751873559,1.0991795679232639
2023-05-02,608864.4288194445,197252852.3652319,1.5061460531199973,0.8503925656586806,1.737106728234325,1.1634208307819445
2023-05-03,530714.3362847222,171682743.20449185,1.8265167549230625,0.8240740071576389,2.2559255877493936,1.064365272046875
2023-05-04,482793.78888888884,157005409.2352599,1.748257850742273,0.8326162476899306,2.0837879312205776,1.1156779503722223
2023-05-05,471571.6511458333,153607263.2145003,1.6772094360320415,0.8422301228444444,2.0056725480805233,1.178045026979861
2023-05-06,474445.8576736111,153559039.7604256,1.7595474571998138,0.8618740483673611,2.0886557775211645,1.0745914466739583
2023-05-07,487870.1186111111,157693635.23367667,1.9032077842751454,0.8454113143430555,2.250205221936199,1.1420246205
2023-05-08,504169.75166666665,159370938.11687592,2.1734848670790328,0.8466214836697916,2.5837851923271216,1.0186294562197917
2023-05-09,503043.0916319444,157592627.2024064,2.3001543107123723,0.8955743292260416,2.7780577027617546,1.055757959296875
2023-05-10,515039.8370486111,161245750.69274873,2.3933655210737,0.9251643838743056,2.9258755635168967,1.0563761271934027
2023-05-11,523740.97222222225,162311115.01207674,2.5243560095051087,0.9432796413600695,2.9904425572911015,1.11174332295
2023-05-12,538369.9075347222,164471379.17163527,2.604677001131973,0.9543857318309027,3.0778123501847308,1.0832218815774306
2023-05-13,519906.7457291667,161057917.58665207,2.4007117036081027,0.9652633595309028,2.778156319456064,1.1590247484815972
2023-05-14,506837.3003819444,158024481.69349542,2.2398460571360572,0.9585549275211805,2.5322621535053216,1.2283736582243057
2023-05-15,498882.31798611116,156800598.3950826,2.1341608673366377,0.9688787096913194,2.370312109033613,1.1343853880045138
2023-05-16,510816.5593055556,159001832.18729803,2.2769389744896746,0.9781345502131944,2.5755943369808576,1.0977059187659721
2023-05-17,513501.32722222223,159647815.5114736,2.380076892896747,0.9927545659920138,2.7107897452911223,1.0959345236406248
2023-05-18,499148.68385416665,155718644.88372135,2.246918609367188,1.02604449363125,2.4983439521207536,1.1262745280711806
2023-05-19,517250.51722222223,159867534.90333048,2.484728581040667,1.015808978573264,2.9248507765154983,1.161280102290625
2023-05-20,520935.72239583335,161129586.29467785,2.4331915638705817,1.0152929150097223,2.9085327007667545,1.390140677017014
2023-05-21,519292.8163888889,160839954.5496019,2.314780801455179,1.0412451142895833,2.7003055391343183,1.2573416199934029
2023-05-22,537056.8914930555,165591134.90973616,2.470333316531045,1.0316988638597222,2.951831354574335,1.2662490553899306
2023-05-23,521759.55701388884,163479148.0066043,1.8798772238882497,1.0679240760072917,2.0382019801280133,1.1814332018631943
2023-05-24,525046.242673611,161702987.43267712,2.488781789412991,1.066884241823264,2.870416886554013,1.0522432636975694
2023-05-25,545644.4939236111,166362884.16425985,2.785283943880217,1.043916082878125,3.3824898126789704,1.3065609035996528
2023-05-26,559738.163576389,171051973.99612042,2.6737363019795675,1.0612602844211805,3.2666659350050917,1.114223064474653
2023-05-27,548464.6177777777,167781194.82795942,2.5609749296042152,1.0816185951968749,3.0495003564201286,1.330353159521875
2023-05-28,536305.1937152777,165592203.67714334,2.453988627994699,1.1211826443604167,2.7809235573827342,1.2243699759222222
2023-05-29,515474.20024305553,161944466.3649151,1.756410135483089,1.1756582950774304,1.8260026307984956,1.1828972121527779
2023-05-30,517272.8792361111,161718952.5467058,1.9124346468671827,1.1217357780677082,2.077816315084239,1.1801175945930555
2023-05-31,527370.4448958333,162122881.76303357,2.509508835625337,1.0507121694847223,2.8941097595317866,1.1824189217326389
2023-06-01,557375.0648958334,170050846.80300626,2.8963335640193724,1.0384001815555555,3.5170562213470276,1.1790876784673612
2023-06-02,558527.3179166666,171463783.9043553,2.755134419310565,1.0514011437107638,3.3374232533594808,1.1571572492975695
2023-06-03,558916.5515277778,171381698.6007095,2.7768382168229606,1.0884924738909723,3.289075588911998,1.4421247512364583
2023-06-04,564448.9633333334,173055802.66732723,2.790154454664639,1.0959460052850694,3.3626669520213492,1.3446500464493054
2023-06-05,631141.5865972223,184420370.18289244,3.218943589231536,1.0003201192475695,3.607815716241361,1.047136723057986
2023-06-06,640316.9587152778,178475713.05512768,3.344394559299205,0.9781592992631943,3.8638338819503377,1.0772400211565971
2023-06-07,655646.3491319445,176483923.72565186,3.3897884955103277,0.9936690981284723,3.640043992183005,1.0641801313329862
2023-06-08,707176.0340972221,185562995.86425734,3.1058302041683636,0.9798279960440972,3.4066613807188384,1.0834104643239584
2023-06-09,724003.0934027778,188820626.07534626,3.1075518366885633,0.9856896448440973,3.3873246352799793,1.0606242523572917
2023-06-10,666840.030763889,160768776.05731833,2.7030181235484454,0.9495054551979167,2.7358706170958786,1.0372339580190972
2023-06-11,671178.2060069445,158694102.04584324,2.6761247988486536,0.9613379441840277,2.7448325439716466,1.0558619988947917
2023-06-12,761659.4283333332,175194529.69303524,2.4622222165359338,0.9534379808284723,2.4410761583155307,1.067783665151736
2023-06-13,728696.5156944445,172577571.87804112,2.356939272598771,0.9228297421177083,2.4820812279437203,1.0327599613875
2023-06-14,743806.5664930556,182913360.64932215,2.13835630940895,0.9051859102604166,2.1795423567486107,1.044082799532639
2023-06-15,761224.9113194444,179305144.16380125,2.685501715916069,0.8741996461927084,2.847170303172323,1.0327932909843751
2023-06-16,756843.7289236111,179979506.21408027,2.579333095084531,0.8753856257732638,2.7916618770643606,1.082628818028125
2023-06-17,732351.5375000001,178744939.46757522,2.380117845184049,0.8775337435475694,2.5062872178901014,1.1024065367496527
2023-06-18,738567.8917708334,181402022.93229422,2.389368163939609,0.8912386555645833,2.478252376652841,1.1179525625069444
2023-06-19,745750.6668055556,180957326.68599346,2.5607083779579787,0.8741489432149305,2.727791419721522,1.059335977078125
2023-06-20,745646.2462847222,180617789.81984913,2.635121866856088,0.8767224487638888,2.840344139505585,1.0855382617708333
2023-06-21,732836.815625,182620157.78996995,2.5808230701418817,0.9279911699284722,2.684452251913503,1.0307087095131946
2023-06-22,754582.0808680556,187403258.36665753,2.8452571891450997,0.9481821293354167,3.013638815507031,1.025654287719097
2023-06-23,757586.3759027778,184746970.48661083,2.9397770246152066,0.9280571052847222,3.304703610853831,1.0399963372916667
2023-06-24,768833.1834722222,185732476.9977956,3.0097330577641435,0.9361148719204861,3.400082983667721,1.0769065266270834
2023-06-25,775063.3932638889,185107124.0651702,2.9438610546481954,0.8874702478243056,3.381070624474781,1.034873834557986
2023-06-26,781456.8429513889,185115033.9220217,3.0568979384870456,0.9061228523548611,3.4850120659590273,1.0425022728114584
2023-06-27,753431.2130555555,179550600.69938764,2.971937861385785,0.9075799666402777,3.3685211559589914,1.04018317845625
2023-06-28,780227.4179513889,182045765.354902,3.2154563260625966,0.8885961378715277,3.7602213600888623,1.053716013509722
2023-06-29,759842.2207638889,177366995.5536093,3.062897940798059,0.8603700719809028,3.566634090520377,1.0313913363791665
2023-06-30,729189.3933333333,173680564.29512775,3.025301228783826,0.8793458573409723,3.411569729719005,1.0204096833652778
2023-07-01,699317.8267708333,171054417.0504337,2.6223647394250076,0.9074914705211806,2.6938360864282473,1.1077831306722221
2023-07-02,679828.7618402778,166840715.09219804,2.46556703350676,0.9391986183340278,2.340909111157377,1.045955529011111
2023-07-03,684172.0695833333,169669751.21791545,2.430905030525819,0.9372935976572917,2.404058393835408,1.030031229296875
2023-07-04,691854.6845833333,169169121.58601177,2.7555845910398955,0.955478975289236,2.824399053859404,1.119003611690625
2023-07-05,690211.8494444444,166044194.91992414,2.964228422327954,0.9147387059427083,3.1069810743008652,1.0178107502552083
2023-07-06,706968.3726388889,168777560.85429895,3.1022510900670253,0.8898382675878472,3.3795299285807214,0.9952884539187501
2023-07-07,779667.9052083333,182568075.7086004,3.4656258322465057,0.8667614619725694,4.04190720350895,1.091595017929514
2023-07-08,766161.8070486111,180746371.17805734,3.352299584727333,0.881259754490625,3.7150953637975306,1.0799489457017362
2023-07-09,775049.4780902778,182041761.57250857,3.5197257687486116,0.8866117013229167,3.9228032400292667,1.1468540947583332
2023-07-10,810795.5515625,194342085.90278333,2.910497007152778,0.8839904546180555,3.1251503869791666,1.0669692224305556
2023-07-11,864343.2357986111,213297027.21138376,2.0147229702083336,0.9028356330208334,1.8970671877777778,1.0349941587847222
2023-07-12,864968.0053819445,213403105.3236543,2.0864882586458333,0.8832664628819444,1.9055372263194446,1.1008749900347223
2023-07-13,805781.1082638889,199484653.94191554,2.4173735438541666,0.8491541885416667,2.386663948125,1.0643544463541668
2023-07-14,794073.0780902778,201517217.5166676,2.547451805902778,0.9093501487847223,2.400103671736111,1.0158266221527779
2023-07-15,788282.4751041667,196966704.875258,2.7087577822569444,0.8757369325347222,2.6998110303819445,1.0724235700347222
2023-07-16,816234.5204513889,202113547.20639884,2.7144200003472223,0.8632625073611111,2.67704648625,1.1335805658333333
2023-07-17,838530.376875,203495635.67064732,2.955143582048611,0.8507964560416666,3.130028485798611,1.0538043214236112
2023-07-18,780251.0713194445,188657000.1541608,2.8314000510069444,0.8812637723611112,2.9172021726041666,1.0439639709722224
2023-07-19,743406.8081944444,179879323.4163496,2.8435814378819444,0.9152183715625001,3.022385188888889,1.066400319375
2023-07-20,724254.0603819444,175795821.2987488,2.8433676317708336,0.9285018136458333,3.0039945447222225,1.0545268215624999
2023-07-21,711195.2092013889,173590563.26258057,2.8892498304166665,0.9450401419444445,2.8663247951041666,1.0700127334722223
2023-07-22,708242.4678472222,172245689.67580783,2.954602972465278,0.9489464327777779,3.025693865659722,1.1637398099652776
2023-07-23,701283.7953819444,170034654.5584584,3.014243769479167,0.9224744781944444,3.2780625885416668,1.156570689826389
2023-07-24,715876.6134722222,171510071.31722596,3.086754948611111,0.910668249548611,3.322959281701389,1.1839916441666667
2023-07-25,732921.2067013889,174422780.89197105,3.1332478273263886,0.906832077986111,3.4025678493402776,1.1442319566666665
2023-07-26,740081.179201389,176227879.2735474,3.178524324791667,0.8982881302430555,3.4898509913541664,1.1422592873263888
2023-07-27,709044.7478472223,170849561.02899182,2.993976753923611,0.8960633024305555,3.249176355347222,1.1215962349305555
2023-07-28,704810.7368055555,170281334.8491706,3.0014392096527778,0.9073953554861112,3.0927269364236114,1.2184445845138887
2023-07-29,692421.6682638889,167580035.91221917,2.8265483464930554,0.9170404064930556,2.8477072055208335,1.4406250444444444
2023-07-30,702047.1775347223,170339945.80872142,2.7367423382291665,0.9252731138541667,2.748235432777778,1.274174134861111
2023-07-31,694985.9461805555,168804022.59066206,2.697694876354167,0.9272997848263889,2.6925237908680555,1.1666193404166667
2023-08-01,719691.8845486111,175672624.6487036,2.524733722048611,0.9331359047569444,2.5410179527777776,1.155525037986111
2023-08-02,705658.9930208334,172300461.36191615,2.618644278020833,0.9136179321180555,2.610036009375,1.0836884416666668
2023-08-03,693919.0426041667,166939576.87610394,2.9697554534722226,0.8602970767708333,3.2205405747569444,1.1142055885763889
2023-08-04,679162.5631597223,164348111.4929498,2.744659499131944,0.8592173829861111,2.963752361388889,1.1480457228125
2023-08-05,677233.3591666666,163776260.61773342,2.758537047430556,0.8620916196875,2.9799213045833337,1.2804962421875001
2023-08-06,667537.8924305555,162934905.72916576,2.380577663472222,0.8955470343055555,2.3901648352430556,1.3368060357986111
2023-08-07,667014.5546180555,161695434.23000285,2.7046847184375,0.8989930997222222,2.8315311970138892,1.1367453853125
2023-08-08,670900.1359027778,163665907.72378606,2.5898942917708334,0.8841097009375001,2.722925980416667,1.2079632236458333
2023-08-09,677150.0416666666,165359266.94509372,2.466069120174216,0.9000289668989547,2.477247345574913,1.1716091362847223
2023-08-10,698336.9802430556,169097171.63258156,2.9023004624305555,0.8708734483333334,3.1230073997569447,1.1266536205555555
2023-08-11,742821.3465625,178304205.25830692,3.3359473883680555,0.8618963728819444,3.8911223855208337,1.2336625328819446
2023-08-12,757167.0628819445,181993627.13058683,3.2859511279861113,0.860445501875,3.785498756076389,1.2506348080208332
2023-08-13,744187.3821875,178925833.95481348,3.3538186790625,0.8647423469097223,3.7676339418055553,1.3587800802430554
2023-08-14,742972.6978125,178662734.30152598,3.3966517086111114,0.8630813932986111,3.8344334913194444,1.2240483197569445
2023-08-15,771473.1352430555,184274992.0781176,3.3866117539583334,0.8623599933333334,3.910546254270833,1.1312144202430554
2023-08-16,807164.6520833333,189122557.0629052,3.500796754027778,0.8660767259375,4.014751409097222,1.1766499367013887
2023-08-17,808961.6287847222,184619307.88270044,3.558222858263889,0.8914683318055556,4.018369195138889,1.1207956407638888
2023-08-18,766610.8609027778,166523411.23810747,3.0008855298611112,0.8877288251041667,3.402742014548611,1.0517036658333334
2023-08-19,781327.7788194445,168723302.61778653,2.9860448389583336,0.9152086711111111,3.481923019479167,1.2240836013541667
2023-08-20,779689.8130208333,168783056.5323549,3.101099166215278,0.9214833378125,3.6850647373611114,1.1860717965625
2023-08-21,843627.3621180556,179007420.421885,3.061444853298611,0.9120463131250001,3.541058388576389,1.08320515875
2023-08-22,886464.4183333333,184851578.62024936,2.8596808359375,0.9154278997222222,3.1915455424652777,1.0446959199305554
2023-08-23,804522.1938888889,173017799.4838765,2.5885119658333333,0.9560799473958332,2.763118218888889,1.0972755519791668
2023-08-24,764012.2061111112,166545717.29046234,2.3041264779166664,0.9515434776388889,2.406859895034722,1.2752349707986113
2023-08-25,747213.2775347222,161999541.65501577,2.2096600453472224,0.9662770666319445,2.2457590678125,1.1346177595833333
2023-08-26,744890.6026041667,161662391.1551629,2.136240101597222,0.9741636061805556,2.1488020175694444,1.3420421122222224
2023-08-27,744164.8065972222,161799006.70588008,2.174519329861111,0.9635226009027777,2.2246539008680557,1.3073885809374999
2023-08-28,744211.1994444444,161958462.29352245,2.200218832118056,0.9409096876041667,2.234557435138889,1.2650322836805554
2023-08-29,715407.9484375,158649263.65525052,2.0379634743055557,0.9364712602430555,2.127445219652778,1.1869771852777777
2023-08-30,669160.3075694445,150036804.68914703,2.0842812383333333,0.9350685472569444,2.1400780819097225,1.2197506015625
2023-08-31,672275.8087152778,148818986.40949014,2.2981893544097223,0.9362007762847223,2.476563050833333,1.2331705338541665
2023-09-01,688288.9217708333,147649860.82847333,2.5146364380208333,0.9205270548263889,2.844400504548611,1.0735673351736112
2023-09-02,686969.7656597222,147260177.69056052,2.511414221388889,0.9186494920138889,2.8625608088541665,1.1705591590625
2023-09-03,691229.3377430555,147998495.535017,2.5244292346180557,0.9184754543402778,2.886643785798611,1.394168435277778
2023-09-04,689655.3365972223,148184191.75748226,2.5295159640625,0.9258227018749999,2.8151970669791666,1.1703439411805556
2023-09-05,693915.7572916667,149014868.62357813,2.6202069311111114,0.9266663064236111,2.851871563611111,1.3056477267708333
2023-09-06,704018.6511458333,151083130.78048658,2.59369876,0.9247047367708334,2.8635446202083332,1.2291498309375
2023-09-07,706572.9911805555,152082612.00695017,2.665972448090278,0.9616231736805556,2.901250137222222,1.1283319486458334
2023-09-08,701007.9161111112,151097395.3502072,2.784623122569444,0.9793139288194445,2.9638473514583334,1.1310436490972222
2023-09-09,697524.5456944444,149883202.76788786,2.7005046039583336,0.9710885418402777,2.959630524340278,1.2853671579861112
2023-09-10,719720.1703472222,153210703.30560717,2.646145252048611,0.9583664963194445,2.9920234564583335,1.1520336573611112
2023-09-11,754734.1783680556,157357570.559579,2.622889620034722,0.9506433821180555,3.003212331076389,1.144022263263889
2023-09-12,764238.4107017544,160807978.91298398,2.472185765473684,0.9431531260701753,2.887667550105263,1.1023860625614035
2023-09-13,750709.686875,158786286.41899034,2.5426803128472226,0.9452688210069444,2.77873807875,1.2196156759027776
2023-09-14,731607.0459027778,155319218.09878147,2.719468173541667,0.9379274380555555,2.8821977986805556,1.1781105086458334
2023-09-15,732262.9948263889,155541798.74366343,2.7619309430555554,0.9185696135416666,2.9018313336111112,1.1549776585069444
2023-09-16,723546.1138541666,155185723.41612178,2.6669362137152777,0.9461489648611112,2.6834182188194444,1.1664704988194443
2023-09-17,718195.6278472221,154558524.7575204,2.5700651753125,0.9422324407291666,2.541729926145833,1.2573170721527778
2023-09-18,727199.5742708333,158283855.2235359,2.3703149441666667,0.9664574209375001,2.4026802651041668,1.1447339250347222
2023-09-19,704824.2768402777,153109615.27346963,2.277979923958333,0.9424191470138888,2.411467455347222,1.0816876773263888
2023-09-20,703527.5779861112,151891490.3265988,2.3536499095833334,0.9542905759375001,2.518516415659722,1.1048531344444443
2023-09-21,714969.4849305556,151626530.4214893,2.6306470694791666,0.949082533125,2.9001028465625,1.172617520173611
2023-09-22,722023.1105555556,152365734.30608144,2.8044890551736112,0.9645923552083333,3.2185863721180556,1.1951902310416667
2023-09-23,731237.1982638888,154083012.8916702,2.8210497773958334,0.9611171652777778,3.259778664027778,1.2859337277430556
2023-09-24,737477.0383333333,155102802.60265622,2.8210660936458334,0.9433387504513888,3.2766953153819447,1.534488585347222
2023-09-25,743659.7094444444,155574694.48997685,2.8512645082291663,0.9501664945833332,3.2971883698958333,1.3289221321180555
2023-09-26,728114.1452430557,154226262.11153704,2.5971705651388888,0.9824896008333334,2.9289633389930554,1.1674492554861111
2023-09-27,713842.1142708333,151965561.66005266,2.582952204027778,1.0223223375694444,2.791929975659722,1.2290900378472223
2023-09-28,702490.8682291667,150203784.53816652,2.5991291164930552,0.9996963640277777,2.7343963318055557,1.1636538356944444
2023-09-29,689962.3184027778,148764057.02889055,2.5178139312847225,1.0192203218055556,2.4754210390625,1.2341510733680556
2023-09-30,676725.9866319444,145631123.13837636,2.6472570097569443,1.0348260678472223,2.6485420074652777,1.2375654542708334
2023-10-01,677153.1147569445,145811232.0688102,2.6959640740625,1.0522608322916667,2.7386590121875,1.294949278298611
2023-10-02,687603.1886805556,149711368.87439066,2.516898183611111,1.0814322961458334,2.46652588375,1.0821521321527776
2023-10-03,681002.6347222222,146001577.40276405,2.6410884469791664,1.0427433423263888,2.7658440845138887,1.1211697020138889
2023-10-04,684352.1795486112,145413540.51274705,2.7540368075347224,1.0500863806597223,2.994156555798611,1.144763742222222
2023-10-05,687495.0012500001,145844406.652894,2.8535757370833337,1.0232556653819445,3.1636261286111114,1.193937363263889
2023-10-06,693017.0969444443,147137306.4907447,2.8367843759722224,1.0230207956597221,3.1983889031597226,1.1494288726041666
2023-10-07,688646.8760069445,146623248.02388656,2.9165953784375,1.0489477571180557,3.084534861111111,1.4935882351041667
2023-10-08,698979.7781944445,147888661.87536183,2.987843718333333,1.0435564249305556,3.2798607588194444,1.2442505514930557
2023-10-09,727100.1793055555,151641409.81161818,3.0228885633333333,1.0163162230902776,3.3890903000694443,1.1517224317361112
2023-10-10,744941.3521527777,154732964.910465,2.8158600382638888,0.9779397849305556,3.198883473298611,1.1266731008333333
2023-10-11,738433.4510763888,152439021.92441335,3.0210785420486115,0.9658499477777779,3.3637797913194443,1.0976397448611113
2023-10-12,739847.8575347222,151982866.36256376,2.9587364216666665,0.9627499013194445,3.273032448888889,1.1260777462847222
2023-10-13,728903.0109722222,150026885.03019536,2.9020856889583335,0.9732921705902778,3.2480735973958335,1.092330175798611
2023-10-14,722372.9300347222,149109412.00739285,2.893896942638889,0.9725389941319444,3.286342366840278,1.2464798032291666
2023-10-15,706388.6794444445,147124017.97473475,2.8973588402430557,0.9670416598611111,3.1942770897569446,1.5406158148263889
2023-10-16,685517.7366666667,145958316.6911546,2.520459741840278,0.9776920445138888,2.6657165261458333,1.1402284753472223
2023-10-17,666661.8281944445,141724625.04403174,2.5261989917708334,1.0003296643055557,2.554442159791667,1.1252517008680556
2023-10-18,664208.8886805555,140803523.38741186,2.54279640625,1.0019352821527778,2.6110843630555554,1.1369377288888889
2023-10-19,661904.0955555555,139193308.01842248,2.7144960084722225,0.9942811429513889,2.867420261111111,1.193056494027778
2023-10-20,667407.1856944445,142199629.24156174,2.596703929583333,1.0564162762152778,2.7162190258333334,1.1801106460763888
2023-10-21,665761.5087152778,142065746.28090018,2.6398682895486107,1.0729457620486111,2.7717585121180557,1.252472592673611
2023-10-22,668515.8879513888,143744503.79092038,2.5026681100694446,1.0939608572222221,2.538331511111111,1.1687715906944445
2023-10-23,692282.6621875,152998469.15478548,2.154747163784722,1.1179019840277777,2.1611007713194446,1.0276858568055556
2023-10-24,640352.9688888888,146454917.09305283,2.338868449409722,1.1963821824999998,2.3734755886458334,1.0393411244791666
2023-10-25,617751.2684027778,139274513.40990853,2.3530042781250002,1.1910672680902779,2.5137025422916666,1.0289392288194443
2023-10-26,632033.9286458333,141518968.65068316,2.3778245194791667,1.2327048122569444,2.700427612847222,1.0055838931944445
2023-10-27,648370.4342708333,145618104.79703477,2.3578728115972223,1.2328320904166667,2.6107685919444443,1.126499907465278
2023-10-28,639663.0384722223,144847932.87840375,2.392792569375,1.2214490096180555,2.6328695928125,1.1235182189930555
2023-10-29,633341.7074652778,143239033.0926869,2.3861025213194447,1.1751892855555555,2.673258796979167,1.237301886388889
2023-10-30,621059.0598263888,141260759.8949143,2.379033722638889,1.1676431408680557,2.5461848346875,1.1670119347222223
2023-10-31,606937.6755208333,137607615.04474357,2.4241385425694446,1.1588863515277776,2.627829680625,1.1213349500347223
2023-11-01,590898.4768402778,133235478.33110806,2.471534145833333,1.1597664782291668,2.7469665606249998,1.0891804609722222
2023-11-02,606647.3762847222,139914128.10968837,2.3776656053819445,1.2039383269097224,2.2547619517013886,1.0886074524652778
2023-11-03,591737.6296180557,135631777.8017972,2.491293776770833,1.2537204271527778,2.4593396417708333,1.0460673396875
2023-11-04,604540.4073263889,141520597.50405806,2.269127855763889,1.2158946191666666,2.0822761134374996,1.2198460933333335
2023-11-05,622211.6865972222,150773079.24171463,2.0857881043055553,1.3387184047916667,1.8650141519444443,1.0591713385069446
2023-11-06,624829.104861111,154975734.7542424,2.078693714375,1.3293672643402779,1.8755652618055558,1.0825369831944445
2023-11-07,636791.7849305556,158460287.0876693,2.3582711660416664,1.4127138839583333,2.182060516701389,1.0287670447916666
2023-11-08,634896.4502083333,156395622.02006721,2.5420178086458334,1.420201008472222,2.5468208629166664,1.0217407707638888
2023-11-09,608793.6202083334,151368293.67461765,2.4047260444097223,1.3576942955208333,2.436384642013889,0.9787479462847222
2023-11-10,581086.6615625,146777216.77973083,2.4633786017361112,1.4434982020486111,2.3982336703472225,1.0731055283333335
2023-11-11,586080.077638889,146931845.59040534,2.5646919351219513,1.5167989416027874,2.5756555448432055,1.038662461736111
2023-11-12,577019.6060416666,143538944.37042108,2.597993538854167,1.4965179543055556,2.6361220801041667,1.0216860871527778
2023-11-13,588688.2803819445,144668552.14601892,2.663454592534722,1.397303829548611,2.880631446666667,0.9768438451736111
2023-11-14,599455.585625,145849504.59216735,2.449901118125,1.3526169028472221,2.732534530625,1.0010295236458333
2023-11-15,592022.5394444445,147233825.81040493,1.900833580173611,1.384056276736111,1.8831662118749999,1.0524355921180557
2023-11-16,592689.8947222222,147848325.00267905,2.141110505381944,1.4656559636805555,1.9702074806944445,1.180164331672474
2023-11-17,567790.2346527778,138501071.34402585,2.598371361701389,1.3653787538194444,2.8267992614583335,1.0056532279166666
2023-11-18,563335.1326041666,137125893.5182085,2.559629208125,1.3334060097916667,2.733838206597222,1.0264675161805554
2023-11-19,566771.5440972222,138421365.94417754,2.5200623752430555,1.3453005591666667,2.6559906854166666,1.012032344201389
2023-11-20,576752.5086458334,144148344.94749045,2.288633060638298,1.5690166163120567,2.335720007304965,1.0706100068055555
2023-11-21,699959.2910416666,177622554.46808594,2.163431467083333,1.4270331982291666,1.999685762361111,1.0151138285069445
2023-11-22,770016.8782638889,180103685.466999,2.1217827494097223,1.1823926291666667,2.247300445277778,1.040236714548611
2023-11-23,765601.0807291666,179401873.33387437,2.2920194535087717,1.2267808886013987,2.4084930596503495,1.0759387251041668
2023-11-24,756773.8185763889,177408705.84176147,2.3238768084722223,1.225221753472222,2.4330060727083334,1.0248344305902777
2023-11-25,742480.7180555556,173765654.19852698,2.365083658159722,1.2373779519444446,2.539040897152778,1.0925222673958332
2023-11-26,739949.5362847222,172229241.3755816,2.4641522575174823,1.3311586255594405,2.670421543706294,1.0677073830555555
2023-11-27,757484.8820833333,172591857.46050808,2.6442920548958333,1.265377937951389,3.0690060783680555,1.0671081162847222
2023-11-28,743947.1909375,169928952.46649876,2.548858699965278,1.280365820138889,2.9694646184027778,1.0155056769444444
2023-11-29,724483.6879166667,165790396.91984078,2.4319842767361113,1.3256933754513889,2.7003735319097224,1.1149816438541666
2023-11-30,754025.9923611111,171785885.2146099,2.6210742997916667,1.3149263394097224,3.0982075172222223,1.1903854951041666
2023-12-01,749524.3273263889,171425850.81892258,2.7963859841319443,1.4011237630555557,3.079820070972222,1.0746385518402777
2023-12-02,760776.1515625,173871659.7662155,2.9040090389236113,1.4509596918055554,3.233143293611111,1.128028128125
2023-12-03,795228.7590972222,181383416.62126103,3.1843094340277776,1.5389959238888888,3.839671195520834,1.1677768112152778
2023-12-04,815341.7929513889,188304426.07998097,2.925804939930556,1.6143797597916665,3.409250722986111,1.0341518691666667
2023-12-05,785850.1487152778,181794340.30179644,3.0196043603819445,1.6673982200347224,3.3856416992361114,1.0539634953472221
2023-12-06,787416.2776041667,182126041.21453914,3.295886735486111,1.6213919997222221,3.7919546299652773,1.0610660038194444
2023-12-07,801642.1675,185933680.9550181,3.235313685659722,1.5668863508333333,3.6863720178472223,1.022680985
2023-12-08,818364.7451041667,192896705.75988758,3.124271401875,1.6152949072916667,3.262340968958333,1.0466945173263889
2023-12-09,836875.7941666667,201965592.59566495,3.075786634861111,1.6211143397569443,3.1827564648611113,1.0591556272222222
2023-12-10,822656.7250000001,197307051.46748862,3.211496302534722,1.5721421487152778,3.398053380972222,1.0533899343055557
2023-12-11,807363.8980902778,192870715.20456985,3.1961388177083334,1.4773040750347224,3.332378485243056,1.0437489813194445
2023-12-12,814305.9956597222,205347183.7564226,2.412658534513889,1.4039184664583333,2.3557886702430557,0.9962463173958334
2023-12-13,745583.1717361112,186551813.0722362,2.9252870275347225,1.283084258298611,2.7747824191319443,1.0243295888194444
2023-12-14,739584.2421180555,185725206.80822566,2.7441121712500003,1.3331267427083333,2.723575425486111,1.0275192618055558
2023-12-15,723767.6628472223,179998931.26070073,2.858005458020833,1.3294479329513889,2.8549686467361113,1.070654363715278
2023-12-16,719917.8238541667,177101837.44556925,3.1155185299652777,1.2475433958680555,3.3395988758680555,1.135836789409722
2023-12-17,729228.8553819444,176512699.21049637,3.1741252138541665,1.2077989047569444,3.6243802278125,1.1300297415625
2023-12-18,664855.3423611111,158012165.66102996,3.1196946988541665,1.2750563148611112,3.747872371736111,1.1185498869791666
2023-12-19,633684.4857638889,157806621.77162167,2.3140393823958334,1.295005558298611,2.401387618090278,0.9948638492013888
2023-12-20,709770.1014236112,181965074.05262446,1.8747306341666667,1.2551824936458333,1.6814812027083332,1.0397627221874999
2023-12-21,757826.293125,201644204.69527382,1.762779275763889,1.2837697834722224,1.5278747640277777,1.0675419745833332
2023-12-22,775872.4646180556,210010437.4841659,2.010558937048611,1.2950575603819443,1.6793262390972223,1.0457478859027778
2023-12-23,779267.8592708333,209314287.4756523,2.134169488229167,1.2722221652083334,1.8111003080555557,1.0905985332986112
2023-12-24,759211.6326388889,203808032.21727192,2.225114056180556,1.2855596141666665,1.9688810522569444,1.0264206477083333
2023-12-25,745646.820625,197801538.58706164,2.3204334652430556,1.2870404398958335,2.2407948312152777,1.0622074977430556
2023-12-26,789386.8379166666,224283181.6123451,1.9680699530208332,1.2782862974305556,1.7749896767708333,1.0282996769444446
2023-12-27,778507.0523958333,235693794.3364899,2.032022995138889,1.2642470910069443,1.6664627022222223,1.0131693851388888
2023-12-28,780784.7191666667,255368259.82634142,1.8734618785763888,1.2499194542013887,1.5309617172569443,0.9997747051388889
2023-12-29,747314.4292361111,236110282.10352206,2.2872668664930553,1.1720428622222223,1.9671219051041666,1.0112361177083333
2023-12-30,738919.3250347222,233541399.8932332,2.5001043628125,1.1378930527430555,2.208276280173611,1.0463303449305554
2023-12-31,738356.2503472222,234417600.83855334,2.405951901111111,1.1443694330555556,2.2247452264583334,1.0795766086805554
2024-01-01,724202.3817708333,225255682.4621382,2.7275996250694443,1.1248030111805556,2.7431972217013887,1.0904503074305554
2024-01-02,718424.7899305555,226297061.1133605,2.7387286700694444,1.1313796834375,2.8068670991319444,0.9949469575000001
2024-01-03,719099.4198958334,227468476.39347538,2.6533289338194446,1.1641274420833332,2.6341367650347225,1.022173072638889
2024-01-04,700129.9952430555,223017202.42403156,2.6248049220833334,1.1722889163194443,2.5010294063194447,1.0450723282291667
2024-01-05,665730.4596180556,211436522.69875765,2.6230813702430553,1.2420608161805555,2.525732640173611,1.003664393263889
2024-01-06,662886.7833333333,202805859.40065056,2.9318234658333333,1.1995253766319445,3.0747602129861114,1.064963532048611
2024-01-07,656155.6418055556,200746750.14046693,2.7055693609027776,1.1966053871875,2.9315644195833332,1.0700919285069446
2024-01-08,645874.2807986111,193876382.18371782,2.922595575138889,1.1737525880555557,3.1758110499652776,1.0865889206250001
2024-01-09,607694.9380902777,183249489.13373554,2.890599866666667,1.1707710153472222,3.0837379008333334,1.1425472793055556
2024-01-10,577447.7178472222,172718023.34315762,2.9111509679861114,1.1658301643055555,3.207967826076389,0.9998621715277777
2024-01-11,570737.3097916667,176386185.80669832,2.8216423936805555,1.2245473200347223,3.008226429513889,1.0247288775
2024-01-12,559168.1419444444,171546707.30777848,2.83621962375,1.2384631617013888,3.0464246118055556,0.9392468797569445
2024-01-13,551188.2094097222,165096508.9392166,2.804243305590278,1.1963997256597223,3.317575921736111,1.0226043630555557
2024-01-14,538601.5281944445,163777456.25901097,2.5845300428125,1.2443544614930557,2.789437508958333,1.0358477225347222
2024-01-15,590184.4680555556,185609773.92632622,2.1492556909375,1.2821950763888887,2.0739119478125,1.0434245950347223
2024-01-16,615815.0020486112,194689977.75694886,2.279270656770833,1.3310928987152777,2.0292795879166667,1.0722584081944444
2024-01-17,625712.275138889,194811451.65693215,2.5959545874652776,1.3044205734027778,2.5207271487847223,1.0538258920486112
2024-01-18,624855.6402083333,194273912.40490076,2.694108644236111,1.2253931235416666,2.682860892430556,1.0507728793055557
2024-01-19,595000.7952777777,185537690.10308248,2.4724880280902775,1.2027571886458333,2.3722427574305556,1.0050270556597223
2024-01-20,596667.8364583333,187510864.178259,2.308139582152778,1.2597697287847223,1.997336381597222,1.1584862799652778
2024-01-21,621002.0652430556,197817393.97580704,2.0660892442013887,1.281887121875,1.7427532160069445,1.1314411294097222
2024-01-22,606629.5498611112,189822748.679683,2.1773313380208332,1.2765149319791667,2.0395394543750003,1.0939077994097222
2024-01-23,594803.8692708333,178883625.57083565,2.2228769384722225,1.1150798963541666,2.383419687361111,1.0325110946527778
2024-01-24,597872.1479166667,175952898.36335135,2.322143598472222,1.0011403013541667,2.7557714426041664,1.1115811366666666
2024-01-25,588144.4754166666,171574547.90201595,2.2898690052777777,1.029030433888889,2.686441801909722,1.0817295831597222
2024-01-26,562733.0410763889,168058620.19721937,2.0414323457291665,1.038735008576389,2.3126946397222223,1.156486807326389
2024-01-27,559641.2267013888,170328940.29683238,1.8959171551388887,1.0686476088541665,2.0366047347916667,1.1901073511458333
2024-01-28,557508.9190972222,170627507.08373436,1.9610644140625,1.0690223021180556,2.0596934513541667,1.145505322847222
2024-01-29,558290.7033333334,171881922.09848997,1.9805158649652779,1.0915579432291667,2.053681498576389,1.1071118285763888
2024-01-30,568365.8002777777,176351886.3162939,2.052428859409722,1.2941208326388889,2.022789459027778,1.2823217244791667
2024-01-31,566312.8516319445,172425239.09040585,2.193056168090278,1.2405291897222221,2.358715003611111,1.172217004548611
2024-02-01,578098.9548611111,173103691.6802708,2.309735744409722,1.225598972013889,2.689663966875,1.1522348741666668
2024-02-02,589486.155625,177887516.4946739,2.243991532986111,1.2240316285416666,2.612910200451389,1.2029099238541667
2024-02-03,597963.8984722222,180260735.90041286,2.2185565402083336,1.2855261082986111,2.56077309125,1.1616620034722223
2024-02-04,617853.0497569445,186722324.0947741,2.150245844583333,1.2771401991666667,2.3886370779513886,1.2494627617708334
2024-02-05,626036.3005902778,189619947.116578,2.2653494397916667,1.3449647730208332,2.454093554479167,1.1791309404861112
2024-02-06,628637.8965625,190106245.272707,2.3084894721180556,1.4098255584027777,2.6554328557291664,1.1834246038194445
2024-02-07,631263.2400347223,191980970.5565033,2.2463022389930556,1.3212269486458335,2.4136516384722224,1.2742162723958335
2024-02-08,665649.4859027778,209849767.92679024,1.8804419799305556,1.492768948125,1.6805093119097223,1.0927561369097223
2024-02-09,667928.0514236111,215171658.87827933,1.7562527536805554,1.5044092743055557,1.4272317293749999,1.1297318845138888
2024-02-10,650798.8236805556,209719484.45197135,1.7619670433680554,1.5190659303819443,1.3826295309027778,1.1747765020138887
2024-02-11,639598.7372916667,205928372.8910219,1.8284597463888888,1.476642868090278,1.4563624414236112,1.246178783576389
2024-02-12,625715.1586805555,200755722.70945743,1.8804783973958332,1.459167864861111,1.5966682153819445,1.1466588663194444
2024-02-13,612637.640138889,199107185.5627536,1.9132003593402775,1.4689144801041667,1.5958589902083333,1.0830430365972221
2024-02-14,607970.0421180555,200560015.9375277,1.829145287986111,1.4474329926041667,1.5063478395833334,1.2572410212847223
2024-02-15,625539.5359722222,217544823.39924085,1.7815274015277778,1.5461996684375,1.4687245868055556,1.1348162909722221
2024-02-16,645400.4689570552,231144785.93248594,1.736162302208589,1.5755281471165645,1.4989779064417177,1.0810710565030675
2024-02-17,641660.2240972222,228283608.99938518,1.809611514340278,1.557335972638889,1.5192757530555554,1.090530202534722
2024-02-18,627401.1634375,221264266.5614809,1.8653895342361109,1.5556031504166665,1.6705777812152778,1.1838233533333333
2024-02-19,615695.5532291667,217179313.1511122,2.0389008074305557,1.5126144722916668,1.9074322915972222,1.1115468096180556
2024-02-20,582974.7841666667,206730251.92831913,2.072479976006944,1.5392944249305556,1.9183139307638888,1.0401179023611111
2024-02-21,602209.5700694445,219307654.06542602,1.6973762148611111,1.5971290292708333,1.4052193063541667,1.0468087652083333
2024-02-22,662235.1851041666,251598328.08713537,1.5120640116666668,1.5048471080208334,1.1866608734375,1.0568359541666665
2024-02-23,640582.4518055556,241557882.8080358,1.6038534752083333,1.4758037470833334,1.3212414653819444,1.0699891003472224
2024-02-24,630948.4785416666,239391170.00394684,1.5308751036805555,1.4729670252430556,1.3035303427083333,1.0423021130208334
2024-02-25,633286.8946875,242621217.44299662,1.4662727954166668,1.4954091008333334,1.217970279513889,1.1408292061805556
2024-02-26,644805.5235069445,252701280.52209732,1.5757218272569444,1.5789263844791668,1.31009744,1.0691475278125
2024-02-27,633060.1625347222,251360593.17671844,1.7969748397222223,1.7825936558333335,1.5302414178819446,1.1018462429513889
2024-02-28,610314.5326736111,247530412.54287216,1.8763609473958336,1.7674200113541667,1.7264501675347224,1.058042761875
2024-02-29,564478.2554166666,231376980.19253913,2.20108403,1.871712720277778,2.1965629594097225,1.0028140598958333
2024-03-01,541508.8235416667,219896732.78748593,2.3538214316319443,1.754388786875,2.4609650309375,1.0162616919097223
2024-03-02,529766.8255555555,216903686.54598343,2.4652607300347222,1.8198598490972222,2.507726641909722,1.0355353270833332
2024-03-03,515954.5962152778,212882508.23755994,2.490982125625,1.8897400668055555,2.378531622951389,1.0654110649305555
2024-03-04,506900.3312543554,211436435.91104546,2.567303911707317,1.8785792996515678,2.4210055012543554,1.0832500139372823
2024-03-05,493188.87513888883,203443087.04983962,2.4491371243055555,1.7725263819444443,2.4580905809027778,1.0166626840277777
2024-03-06,461470.0967361111,191025263.053871,1.9524301512847222,1.396399503472222,2.168759021701389,0.9861446250000001
2024-03-07,478330.9499652778,212962485.92297092,1.8495692121874998,1.5663020069444444,1.7619777482986112,1.0138226215277777
2024-03-08,521983.5332638889,248182473.06075218,1.894718861076389,1.814284125,1.670522123125,1.0190827604166666
2024-03-09,509508.30656249996,247528747.02203983,1.6065210835416666,1.8338641979166665,1.5650565995138888,1.1305045104166667
2024-03-10,533643.6245486111,275009050.1776291,1.9085683911458335,1.7977713125,1.5886928665277777,1.0382138333333333
2024-03-11,513526.8873958333,267812572.7107277,2.0146179089583334,1.810699361111111,1.9622682436805556,1.0819287430555555
2024-03-12,520445.10659722215,278103531.2215018,2.0867715747569444,1.8218618055555555,1.9306550375694447,1.0107038819444445
2024-03-13,552721.495,318227021.92466855,1.867050191736111,1.863298034722222,1.6017214622222222,1.0567787638888888
2024-03-14,574335.7955555556,348052269.9069337,2.367361200763889,2.0049133194444444,2.1209184349305557,1.0124975868055557
2024-03-15,532940.3944791667,313599921.6243586,2.8004958452430557,1.9896093333333331,2.6170718698611113,0.9797301423611111
2024-03-16,570149.8628472222,344133208.2672297,2.6525851390972224,2.25540328125,2.335042353298611,1.0024513090277778
2024-03-17,527418.4747569445,304111720.92388946,2.617702777291667,2.0380258784722223,2.8129692750694444,1.0249618854166667
2024-03-18,492423.01329861116,276484050.46753377,3.140275019826389,1.7471378090277776,3.456276482222222,1.0144755277777777
2024-03-19,462307.21538194444,242484313.8505319,3.4606790166666666,1.8230865277777777,3.4733217789583333,1.0014356215277778
2024-03-20,449869.3600347222,237287788.0871576,2.9616893192708336,1.6600060763888889,3.0460230491319447,1.0147165902777777
2024-03-21,428028.8410763889,237884512.83233947,2.1774631646180556,1.7210833854166667,2.3395600705902777,1.0145713125
2024-03-22,425376.9840277778,239011026.83134788,2.283001971527778,1.7574302604166665,2.3266977420138892,1.0304034236111113
2024-03-23,413468.13069444447,230326221.17945045,2.411920078298611,1.7023646979166667,2.4714405708333334,1.0793412638888888
2024-03-24,404845.54069444444,226348370.9518623,2.517599260590278,1.69535478125,2.5308889922916666,1.0680711701388887
2024-03-25,419972.4246180556,245673793.6704712,2.192432055347222,1.8159695277777779,1.9661282742361113,1.0528509722222221
2024-03-26,421944.45680555556,247657920.57361677,2.1534838830208334,1.7104311423611112,1.9959464288888888,1.0834838194444445
2024-03-27,420320.57798611117,242343495.41551775,2.4877676526041665,1.73783665625,2.3899049486805555,1.072001267361111
2024-03-28,440074.30447916663,257456060.00003922,2.683568221597222,1.9267175833333334,2.250709571215278,1.0946450243055557
2024-03-29,474607.87597222225,288710503.035073,2.2049757930208336,1.964430135416667,1.7617314606249999,0.9683831284722222
2024-03-30,482764.8494097222,291990956.937924,2.350660986458333,1.7472645104166666,2.0031180472916663,1.1499533923611112
2024-03-31,484965.2523611111,293211899.7316436,2.3031413922222224,1.689977809027778,2.156428417638889,1.1698918055555554
2024-04-01,488518.54600694444,286063451.12402,2.3592328352430556,1.6988941979166665,2.585915950381944,1.1269698541666666
2024-04-02,458448.01923611114,256646014.5447768,2.8972048571180555,1.7100261388888889,3.1516212306944444,1.088344545138889
2024-04-03,450629.509375,251429446.08472484,2.518363661145833,1.5695193611111111,3.0038969565625,1.0245886041666667
2024-04-04,458892.5134027778,268098394.5934355,1.8287413812847224,1.542243,2.047048420763889,0.9734160173611112
2024-04-05,471244.3555208333,272750090.1083982,2.3193362480555555,1.6254462152777778,2.3377011358680555,1.0653851423611111
2024-04-06,466251.3518055555,271385722.8826377,2.1351959730555556,1.5300561944444444,2.2322435551041666,1.2232862777777778
2024-04-07,463473.29270833335,271336098.2384116,1.951705118611111,1.6012207222222221,2.0653228092013887,1.1686443993055555
2024-04-08,458849.82694444444,269920354.1314191,2.2312784673611112,1.6811456979166666,2.211175218958333,1.2365120902777778
2024-04-09,433260.9178125,251987400.0859803,2.4772427457291664,1.7815768541666668,2.560687748125,1.1131928680555554
2024-04-10,462259.95260416664,273573806.2837415,2.119932578680556,1.6985806631944445,2.1365466321875,1.0741359826388888
2024-04-11,510544.64024305553,309032789.26874083,1.6642720246180556,1.9371429201388888,1.5067915065277777,1.0718427326388889
2024-04-12,536380.3948611111,327451378.7043386,1.7462110395833335,1.7866812951388888,1.4886687072222222,1.0392229340277777
2024-04-13,511864.33927083336,296846165.50787395,2.0634815133680555,1.4424584930555555,2.0790710842708333,1.04514140625
2024-04-14,434701.16284722224,240658441.46620607,1.5456843578819446,1.3263258159722222,1.791731092048611,0.9943401145833334
2024-04-15,415714.3996875,235197500.7792364,1.5783630664930555,1.3170871840277778,1.7598292625,1.0746323645833333
2024-04-16,406291.0679513889,219595767.0447413,1.852733229548611,1.2137524409722222,2.1978896801041667,1.0541388715277777
2024-04-17,385292.4603472222,206749351.45730484,1.6968258275347223,1.2393578055555556,2.062591129826389,1.093576746527778
2024-04-18,392446.2425347222,214262467.679548,1.6189078989236112,1.3408026493055556,1.8020669898263888,1.088802628472222
2024-04-19,387099.45680555556,214271443.2840325,1.5637830677083333,1.3971473958333334,1.6927445815972222,1.048990142361111
2024-04-20,387873.5262847222,217891273.6916187,1.5530067579166666,1.4402337048611111,1.6369673489930556,1.1296421875
2024-04-21,388513.088125,223571193.9579952,1.4453906707638888,1.5024968854166667,1.5185153022569444,1.110597826388889
2024-04-22,429949.93072916666,256744868.2490598,1.2883785013194444,1.539646736111111,1.2780631454513889,1.1875547604166665
2024-04-23,454017.61319444445,274841926.1144008,1.1798237676736112,1.5300452916666667,1.1464465688541667,1.0215189618055556
2024-04-24,453641.63666666666,274778349.5665966,1.16984706125,1.385257263888889,1.1320122559374999,1.1024663298611113
2024-04-25,479964.8870833333,292486275.9526163,1.0670352953819444,1.406537329861111,0.9909099809722223,1.0952992118055556
2024-04-26,490381.4757986111,296556760.3774189,1.1856848391666666,1.3538493020833333,1.1404962176388889,1.1315494756944444
2024-04-27,486314.5434722223,287975464.85542196,1.4114465638194444,1.306789875,1.471786607326389,1.1442399305555555
2024-04-28,480057.3267708334,288736943.74688894,1.3445472559027778,1.30225359375,1.3845795607291667,1.1900886909722221
2024-04-29,458021.9895138889,270579638.56583863,1.4661238840972224,1.2377599756944444,1.5692870305902777,1.0472565208333333
2024-04-30,446208.00336805556,259070906.50312933,1.5430193300347221,1.2493140277777777,1.7215749713194444,1.1122505625
2024-05-01,428219.17041666666,238731504.71091387,1.8180163738194446,1.1833429027777778,2.0740297088194444,1.0348063159722223
2024-05-02,410122.66041666665,228197887.6312138,1.5532413531944445,1.1542402048611111,1.8840203020833333,1.1397216215277777
2024-05-03,392113.0729166667,224064262.76206395,1.4405056900347222,1.2026721284722222,1.6897540631944445,1.1519435902777777
2024-05-04,382802.20847222226,224677452.1486584,1.470905071909722,1.254174236111111,1.579594388715278,1.1531080243055554
2024-05-05,368952.75569444447,216544834.44958854,1.5420730960416666,1.198877326388889,1.5702037034027778,1.1027124756944444
2024-05-06,366996.4672569444,216995881.84889048,1.4410548175694444,1.216026486111111,1.479312683159722,1.094586482638889
2024-05-07,371394.8411111111,218784313.42650095,1.549824911875,1.19746175,1.5644356020833332,1.1746945069444445
2024-05-08,386648.28215277777,225638288.70721143,1.5616295044097221,1.1893209027777778,1.7229688779861112,1.1246788229166667
2024-05-09,425037.66736111115,253056627.4970432,1.3668893807638889,1.2093642118055556,1.3435585177777778,1.2445228854166668
2024-05-10,418500.60159722227,247245137.94997665,1.5338389792708333,1.405849513888889,1.602808474861111,1.0999112152777777
2024-05-11,420386.53805555555,247500033.01099506,1.4022008930555556,1.3632620416666665,1.6000184654166665,1.1602558020833333
2024-05-12,430015.7371875,254907915.87192243,1.386343758125,1.4210839305555556,1.4578777036111112,1.20623778125
2024-05-13,426845.8284722222,253146416.95015484,1.4287061145833333,1.3419264895833334,1.4468111434027777,1.1094247499999998
2024-05-14,439288.24868055555,253875767.17541757,1.6908224330555557,1.1386811875,2.0120213749652778,1.114156576388889
2024-05-15,472556.5791319444,271152790.32659197,1.748505244375,0.8689450937500001,2.3321145271180557,1.2330014097222222
2024-05-16,456819.44982638885,263297796.0893513,1.83138264375,0.8631860208333334,2.218769381493056,1.2345326909722223
2024-05-17,448244.3029513889,258294555.39521137,1.8445668151041668,0.8642989618055555,2.320912418402778,1.2330072604166666
2024-05-18,442939.8253125,256287550.48158708,1.8175690156597222,0.8980514826388889,2.1434238509722223,1.229756107638889
2024-05-19,452456.1334722222,261366485.9353921,1.9321656421180553,0.9318556284722221,2.2122807822222224,1.1222250277777777
2024-05-20,455587.90954861115,263357054.34098613,1.9238240447916668,0.9150420451388889,2.269827437152778,1.166175152777778
2024-05-21,466512.1076041667,285654167.5780923,1.4083156840277777,1.3407223472222223,1.3739978771527777,1.1113475555555556
2024-05-22,477325.3227777778,295355644.3893065,1.4642286219097222,1.5966964548611111,1.2924954339583334,1.09442378125
2024-05-23,437792.5138888889,265250682.9678284,1.7278163224999998,1.544318378472222,1.672449571701389,1.0841873020833335
2024-05-24,421906.55017361115,252522597.46189055,1.6901230880208333,1.524616642361111,1.8072681014583334,1.03544209375
2024-05-25,422660.3387152778,254576151.86407253,1.4444830778819444,1.5095574583333333,1.5856197065277777,1.2946169097222222
2024-05-26,419459.65013888886,252454801.0628037,1.475615163923611,1.5275146666666666,1.6227445009375,1.240265951388889
2024-05-27,423491.94201388885,256308872.72034174,1.474240459375,1.4954666354166666,1.618695419513889,1.1510587083333332
2024-05-28,415803.8108333333,249765683.2140202,1.615206527013889,1.5920151354166667,1.8062402160416664,1.07622253125
2024-05-29,414367.79725694447,248204761.45207867,1.7726951793749999,1.5099787291666666,1.9986020139236114,1.1119410034722224
2024-05-30,417653.6481597222,248775229.926906,1.8123793034027775,1.4171773090277777,2.114175121666667,1.1623211770833333
2024-05-31,420888.45506944443,250071104.84332922,1.9292552658333335,1.39266671875,2.2429766843055554,1.1315591909722222
2024-06-01,431204.73003472225,257590626.5133649,1.853639579826389,1.4836580659722223,2.1337378204166666,1.2916885173611112
2024-06-02,455969.13385416666,274220354.8127167,1.8043515078124999,1.5977448819444444,1.9240350866666667,1.1615912291666666
2024-06-03,518424.9243402778,323239214.9546455,1.3142930492361111,1.629727329861111,1.2496429927777777,1.1690149340277778
2024-06-04,606360.8171527778,394570766.02077687,1.1078466513194445,1.6072432916666668,0.9365072824652777,1.1350553125
2024-06-05,695470.6419444444,486664861.5721997,0.9755506652083334,1.6946983229166668,0.7676358021527778,1.1136005486111111
2024-06-06,707819.4466319444,498973945.541317,1.0204188965277778,1.7865761736111112,0.7857338365972222,1.0488312430555555
2024-06-07,681738.223263889,476030964.8581216,1.0952487166666667,1.706678392361111,0.9031495411111111,1.1177758020833333
2024-06-08,629837.7050347222,431813321.37548363,1.325480514027778,1.5559511666666668,1.2210890952777778,1.0545475208333333
2024-06-09,623132.4857986111,422423784.10727274,1.3802088409722222,1.5576341076388889,1.3496270756250002,1.1949828576388888
2024-06-10,602974.0835763889,391479198.66701806,1.8466409571875002,1.6197346770833334,1.9122118791319442,1.0470481006944443
2024-06-11,568026.7334375,347498306.21635,2.6436422634375,1.707098048611111,2.8118574972222223,1.0362499305555555
2024-06-12,533240.1865625,328482619.7709426,1.9490359437282232,1.523469226480836,2.381679281184669,1.1005477847222223
2024-06-13,511786.2328819444,310053862.68620396,2.224077999444445,1.5603073368055556,2.582537900972222,1.0580783472222222
2024-06-14,506583.84211805556,305137934.36072844,2.2544270199999996,1.4616869826388887,2.750372683090278,1.0532118368055556
2024-06-15,498628.96496527776,302406975.54662824,2.4822177108333334,1.50021696875,2.813982911909722,1.157640454861111
2024-06-16,500313.0962847222,303832705.79925466,2.713107370034722,1.5181356145833333,2.945337131111111,1.1861170902777778
2024-06-17,503006.26295138884,303804646.2906601,2.833466188645833,1.5619218680555556,3.017280640763889,1.064758326388889
2024-06-18,495837.01756944443,291275435.6418097,2.482424337847222,1.4560426006944445,2.6912410100694446,1.0629023055555555
2024-06-19,492010.5578819444,294132030.57102174,2.4187130668055556,1.4697338229166668,2.6291352229513887,1.0953734965277777
2024-06-20,491929.1495486111,294152592.938967,2.6181718666666667,1.52542353125,2.7278828386458334,1.1069553993055556
2024-06-21,498964.3960763889,291882187.82228637,2.758744274791667,1.4575704142857142,3.1627144639583333,1.0871580104166665
2024-06-22,501951.13899305556,294290874.1891335,2.378844581388889,1.4941552430555556,2.8377381848263887,1.4265823125
2024-06-23,503998.60993055557,296159634.4558624,2.4074399652430554,1.52456584375,2.850702621875,1.2349074270833333
2024-06-24,504680.4711805555,286604897.64994925,2.3774193786805555,1.5058380277777779,2.7288065641666663,1.0504261944444444
2024-06-25,502121.8845486111,288144848.1559175,2.2710481345833333,1.5571370486111111,2.6373462273611112,1.1651437256944446
2024-06-26,498941.19895833335,286893940.3384487,2.312956330173611,1.5708780381944445,2.5821133676041668,1.242215875
2024-06-27,508270.1754513889,292582083.34694386,2.42197968125,1.6139182951388888,2.6579009208333333,1.1007681631944444
2024-06-28,500990.2361458333,288406317.8274521,2.2845559042013885,1.61349603125,2.5787114103124997,1.0712047777777778
2024-06-29,497417.45256944443,284093987.7295846,2.201355607777778,1.5384044895833333,2.683978102708333,1.1073916909722223
2024-06-30,497677.33256944444,286498189.1562813,2.1080917925,1.5280642604166668,2.499866814548611,1.1981911875
2024-07-01,494974.3392361111,288145710.67630607,2.0895916315625,1.6688944513888888,2.335883943402778,1.1032923958333332
2024-07-02,496161.91524305556,287110115.27774554,2.095645229027778,1.5257967291666668,2.461022320381945,1.3771762083333334
2024-07-03,508855.0723958333,286593449.89322966,2.4517442700000003,1.4541589513888888,3.0521703787152776,1.122690236111111
2024-07-04,490845.4090625,260103440.30612123,2.462363186736111,1.341129875,2.8945375396180553,1.0424415659722222
2024-07-05,454156.6019791667,221388491.69344082,2.333193200451389,1.1650724652777777,2.5838320131597223,1.0376615173611112
2024-07-06,448144.4278125,230076278.72225326,2.1417956070138886,1.073698173611111,2.4572624657986113,1.1193797743055556
2024-07-07,450009.0820138889,228089164.15072763,2.336737743263889,1.2075385243055556,2.4766476096875,1.1041631840277777
2024-07-08,436564.7017013889,219679826.07440925,2.046398395798611,1.040128690972222,2.348918672361111,1.03343309375
2024-07-09,430643.78902777773,221804237.31798232,1.9694443002777777,1.11119125,2.1809246440972223,1.1223217465277777
2024-07-10,429324.4378472222,224290342.29394513,2.0950164041319446,1.1322817013888888,2.1812181978125,1.1705334479166667
2024-07-11,430692.4739583333,227392495.07280296,2.1262515144444443,1.1545907604166665,2.1649212552430557,1.1792486805555555
2024-07-12,426028.22086805553,224411909.22913378,2.1246504783333333,1.1534433090277778,2.1704753221527775,1.21323940625
2024-07-13,427382.6227430555,227935026.40452307,2.025009951076389,1.1738817777777777,2.05748139625,1.2314772881944445
2024-07-14,424187.2596527778,227794195.1544298,2.067178151076389,1.2265902777777777,2.1584317665972224,1.1742612083333333
2024-07-15,420360.9876388889,237732139.82551062,1.7942835008680555,1.2524948715277777,1.8886008518402777,1.0606683298611113
2024-07-16,418690.2580902778,240053970.1311487,1.9245334287847224,1.2693706770833333,1.8803281284722222,1.0791208125
2024-07-17,415668.44468749996,239497256.09565872,1.8615098693402778,1.2672029756944445,1.8694695867013889,1.0374960347222222
2024-07-18,420175.6629513889,240296651.9172289,1.8404027303819446,1.2687749097222223,1.8795842034027777,1.1966163472222222
2024-07-19,425314.60468750005,246620504.1967492,1.6928697564930557,1.282086034722222,1.7482555249305554,1.1362030208333334
2024-07-20,429652.85375,254532182.5539894,1.7891602102083333,1.3203886944444445,1.662142298784722,1.2612096736111111
2024-07-21,432807.15454861114,258080935.20370966,1.6369702657291667,1.3393350902777776,1.5646142416666668,1.1364685138888888
2024-07-22,429472.4945138889,256016642.67829478,1.6830546386805556,1.4100301180555557,1.6532099686805557,1.0929222951388888
2024-07-23,422229.66305555555,246870062.14056656,1.7044199520833334,1.367661763888889,1.7699181564236113,1.1112828090277778
2024-07-24,424043.6221180556,247264293.93454504,1.6163447217708333,1.3230783750000001,1.7043448414930555,1.154071284722222
2024-07-25,417444.4263541667,235768280.95806578,2.1293333966666665,1.3394774791666668,2.262017861875,1.0975303194444443
2024-07-26,415077.27322916663,239988927.69929054,1.8392320980208332,1.3736259652777778,1.9561146936805553,1.2064146145833332
2024-07-27,412279.7937847222,241006976.93750164,1.7670948050694444,1.3342342916666667,1.8160080034722224,1.210211246527778
2024-07-28,409404.0516319445,237938028.5119343,1.721556213125,1.3869638541666667,1.8422517950694446,1.2585578854166668
2024-07-29,414699.7110069444,243372487.4306727,1.7548005152083332,1.3691440069444445,1.8372005554166668,1.0795704826388888
2024-07-30,417720.66291666665,239812723.6710746,1.8527126614236111,1.4117220659722223,2.1588517035069446,1.1134764618055555
2024-07-31,416481.4529861111,243688401.05272204,1.7917858364930557,1.470716232638889,1.81011825875,1.173368767361111
2024-08-01,420091.6439583333,238948753.43927786,1.839538598611111,1.4404869166666667,2.1717086879166665,1.1590891875
2024-08-02,423987.5748611111,239434602.03980434,1.8389790792708334,1.3691212881944446,2.157086525798611,1.085122704861111
2024-08-03,427073.8492361111,228996775.73637325,2.084725187152778,1.2820025381944444,2.5168941403819445,1.1176469652777776
2024-08-04,420177.08263888885,217512782.89792612,2.0864361118750003,1.251288954861111,2.473719258611111,1.0927304895833334
2024-08-05,416128.2848263889,187084028.24634373,2.2446031216319446,1.2727726527777776,2.3911902031944443,0.9841364548611112
2024-08-06,409365.9061458333,198100565.65591916,2.091047872638889,1.165177642361111,2.2642135044444442,1.03901871875
2024-08-07,410322.30059027777,198798011.27398998,1.9769321874305557,1.2015707708333334,2.073007115833333,1.0524295486111113
2024-08-08,405476.6792361111,200320752.1089513,1.8229487466319445,1.2059399409722222,1.944403300763889,1.1546203368055556
2024-08-09,396201.77173611114,201544684.0457264,1.9901108366666667,1.3848045173611112,1.9431013478819443,1.189128736111111
2024-08-10,404176.54559027776,208244166.8361319,1.7350025907291666,1.3772191597222223,1.7732812237847222,1.1909761493055555
2024-08-11,416685.8536458333,217863352.06767747,1.6170360361805556,1.3636104722222222,1.6671180260069445,1.1076196180555558
2024-08-12,400479.3857638889,204847621.64847115,1.9399791361785714,1.3464831785714286,2.018411447107143,1.0704728854166667
2024-08-13,406013.0360069445,211347052.86618736,1.6903619500347222,1.3222994097222223,1.7589706537152778,1.1127234340277778
2024-08-14,419800.56149305555,220484116.49732515,1.6755944839583334,1.3793984722222221,1.6806963290625,1.0146708402777778
2024-08-15,426947.60385416663,222810536.00726548,1.6819939769791667,1.3594596076388887,1.6905584887152778,1.0708773506944445
2024-08-16,423105.18215277774,219548713.90676188,1.837162768402778,1.329056638888889,1.8874655930208333,1.1311358402777776
2024-08-17,431708.3783333333,228950058.74436375,1.610245028472222,1.2843231215277777,1.5787576929861111,1.1428566006944445
2024-08-18,440408.5235416667,236869212.66107002,1.488530190902778,1.3288644479166667,1.4034160499652777,1.1527805381944445
2024-08-19,439098.2686805555,237901137.718872,1.445780767534722,1.327768986111111,1.4019549960069444,1.1750865
2024-08-20,459243.07163194445,260993281.34624618,1.1804225994097222,1.3225172881944445,1.0563604375694444,1.0837647256944445
2024-08-21,443857.0211805555,249009749.68920994,1.3429196344444445,1.3248725104166668,1.2529853265972222,1.1086290590277779
2024-08-22,443409.48805555556,255803511.82721356,1.1538052107291668,1.2905238645833335,1.0541617551388889,1.1424609444444445
2024-08-23,446533.3442013889,260195927.05747503,1.1123581182986113,1.28526765625,1.0430452539583335,1.1204564548611111
2024-08-24,436270.18586805556,253929710.12322977,1.2092927483333333,1.2528478472222222,1.233503363298611,1.0512643159722221
2024-08-25,418774.3025,241193017.58075252,1.2820439014236111,1.2561540555555555,1.2981068952777777,1.0234013784722222
2024-08-26,408676.8295486111,229473291.25669944,1.3808491685069444,1.3181914444444445,1.4406526705902778,1.0788579479166667
2024-08-27,412317.1904166667,226721619.9038839,1.464776291111111,1.3375060243055554,1.6700554694097223,1.0573069409722222
2024-08-28,399348.30319444445,214357404.74625373,1.6746069813888889,1.3157659131944444,1.8982489262847224,1.0203008333333332
2024-08-29,411828.20614583336,222398881.33556476,1.6953663871875,1.2803058333333333,1.9370982356944444,1.0996237986111113
2024-08-30,422905.90253472223,225751676.45240402,1.7930739889583331,1.199893642361111,2.0886354138541665,1.0553922986111113
2024-08-31,424040.0494444444,227093306.94347513,1.8383070604861114,1.190903545138889,2.0720850943055553,1.1969477083333333
2024-09-01,435087.80381944444,226359581.70159033,1.9447909596875002,1.171216388888889,2.295318490451389,1.1241174965277778
2024-09-02,422203.35802083334,218310835.50888398,1.9401290480902778,1.1626036631944445,2.3225443864583335,1.13348778125
2024-09-03,411594.661875,217932825.62677696,1.9403039117708332,1.279074454861111,2.052571908958333,1.1244690104166668
2024-09-04,427083.91569444444,217114631.15254253,2.1219106662847222,1.2331051006944445,2.559930707638889,1.0676023715277778
2024-09-05,440491.0411111111,222116166.09343156,2.2095419628819446,1.2541309513888887,2.6756125262152777,1.0799579548611111
2024-09-06,444131.5539236111,220878922.74781898,2.2534358861111112,1.217324295138889,2.6848633921180554,1.04713621875
2024-09-07,436594.0675694444,214997596.0836202,2.465171797673611,1.18881740625,2.827063655763889,1.1362254479166667
2024-09-08,440625.53194444446,219525714.0642723,2.4505306213194444,1.2041995763888889,2.6332302762152775,1.1911589166666667
2024-09-09,434159.83906250005,221320048.54247674,2.2311901407291668,1.2208513402777779,2.313435169236111,1.1961702951388888
2024-09-10,424040.69440972223,219973773.86211914,1.9475812275347222,1.2382486701388888,2.0717233720833335,1.0752471666666665
2024-09-11,421610.7818402778,218796155.45893675,2.0770016860763887,1.2518931458333333,2.0885951483333334,1.106884777777778
2024-09-12,441718.86645833333,239500903.35353285,1.5372492094791665,1.199828222222222,1.4593111727777779,1.1202032777777777
2024-09-13,444522.2598611111,243608180.39703852,1.4515276978819445,1.1647022395833333,1.406452511388889,1.2128624131944443
2024-09-14,439927.21406250005,243271607.65195572,1.2360452358333331,1.173282236111111,1.2290590651041666,1.1969405208333332
2024-09-15,445170.7637152778,247564045.8462478,1.2112178216666667,1.1709297847222222,1.2214646961458333,1.1921373159722224
2024-09-16,437782.95541666663,237105506.9973948,1.4592584722916666,1.2231278437500002,1.5007922749305556,1.1975282638888889
2024-09-17,417617.8333333333,226047791.98419777,1.517349447361111,1.2294814166666665,1.5873035552777777,1.1736343263888889
2024-09-18,408916.77704861114,222631564.18200606,1.416916783784722,1.1753749166666667,1.4950190046180554,1.1439249340277777
2024-09-19,432711.96812499996,243146551.30198702,1.2983458195138888,1.1592635312500001,1.3217531723958333,1.1199627256944444
2024-09-20,423868.2840277778,241083738.2687033,1.2111658593749999,1.1789180277777778,1.2258163436805556,1.1020142395833334
2024-09-21,445532.3364236111,258573388.43686274,1.1611325680902778,1.194406298611111,1.1178071182986111,1.1466052395833333
2024-09-22,460911.9247222222,269058353.8156243,1.1311855714930554,1.2276505034722223,1.0411394572569443,1.1435964062500001
2024-09-23,497549.7625694445,298005898.4454091,1.0167890779513888,1.2428062465277778,0.9711768253125,1.10997425
2024-09-24,534773.3070138888,323840041.60370404,0.9805281308680556,1.3294375520833333,0.9622191221527778,1.0553240868055556
2024-09-25,522819.2577430555,311672260.148634,1.1594471447569445,1.3648002395833334,1.1652271519444444,1.069647784722222
2024-09-26,502225.9101388889,298449823.7876907,1.162556711875,1.3519198854166667,1.2275677215277776,1.144528482638889
2024-09-27,511995.62187499995,310434743.7871493,1.1657890953472223,1.3784851875,1.2062113347916668,1.0846537083333334
2024-09-28,519581.6075347222,313447951.40693134,1.2892831541319445,1.3995829652777778,1.3324851813541665,1.1408112743055556
2024-09-29,513721.0510763889,307266710.5901526,1.2752627981944444,1.4183379756944445,1.3841828770138889,1.0916719930555556
2024-09-30,500814.1672569444,288798211.4398764,1.5793007355208333,1.5242435208333331,1.661821472638889,1.0325126041666666
2024-10-01,487613.4847916667,276531560.76668155,1.656253637222222,1.5290543541666668,1.7930233334375,1.0977417847222222
2024-10-02,457942.8398611111,251076482.26387596,1.8025861987500003,1.4149807777777776,2.0110838471527774,1.0350056145833333
2024-10-03,439109.55104166665,238658893.19780815,1.8647873522916667,1.3340095347222223,2.0243953766666665,1.0708044375
2024-10-04,435928.8873958333,240399332.10635948,1.8616231136805557,1.2927206041666668,1.9650153065277776,1.1936941493055555
2024-10-05,435732.6001388889,244205662.1058462,1.8136548325000001,1.2723828993055557,1.8475517093055553,1.14446134375
2024-10-06,435368.62729166663,245789646.7188846,1.778967203611111,1.2830656319444445,1.8403849423611112,1.2246682986111113
2024-10-07,425387.7964583333,243949521.216433,1.5707682890277779,1.2834419791666667,1.7161848890625,1.1088112118055555
2024-10-08,427766.13111111114,245622265.60766384,1.4376900889930555,1.277587715277778,1.5607747091666666,1.2025699444444444
2024-10-09,454723.33166666667,262764309.09103987,1.350032124027778,1.2613076597222221,1.3983249161805555,1.1799781319444445
2024-10-10,453417.75152777776,256572277.8157525,1.618604592638889,1.2350826909722223,1.7056541511805556,1.2122534270833334
2024-10-11,436195.12784722226,247589857.25954956,1.650104269375,1.260437097222222,1.753551290486111,1.1421504375
2024-10-12,432079.3552777778,249277304.0039045,1.498845414548611,1.2084056215277779,1.590075219826389,1.1702618645833334
2024-10-13,426265.65489583334,244112054.53397334,1.531669191875,1.2032177604166667,1.6170288971180555,1.3170492222222223
2024-10-14,424713.72565972223,247367863.51174843,1.3174934403472223,1.1702716527777777,1.4511373288194445,1.1486594583333334
2024-10-15,438097.57711805555,258346933.32569143,1.24253585,1.2171273020833333,1.2980420733333333,1.119674875
2024-10-16,455392.3231597222,271692941.3395525,1.083672238125,1.2475810034722223,1.1509619385069445,1.1480093993055556
2024-10-17,459766.4712847222,273769015.374585,1.0736631134722223,1.2769086562499998,1.1524821866666666,1.1225371041666667
2024-10-18,446807.1004513889,267079273.57874393,1.0339261144444445,1.252640673611111,1.1400434843402778,1.2088361076388887
2024-10-19,444610.6682986111,265841537.04125533,1.0015505478125002,1.18733571875,1.1165405856944444,1.2939820277777778
2024-10-20,445228.41822916665,266281832.15313163,1.048135890625,1.2354307395833333,1.1832056132638888,1.3724434965277779
2024-10-21,455654.960625,274799828.15421736,1.066197145451389,1.3077725381944445,1.1660526416319443,1.1734111979166668
2024-10-22,450409.88184027775,268200176.7441383,1.0720489912152777,1.3084053541666667,1.2643185751041668,1.19054484375
2024-10-23,450698.9269444444,263437752.38989604,1.218314903263889,1.2921378993055557,1.474711654201389,1.2348786458333334
2024-10-24,438579.7972916667,259438162.20018467,1.2340904157638888,1.2873508680555554,1.4877354188541667,1.2218068194444445
2024-10-25,437680.57447916665,258197036.2206671,1.2176164276388888,1.3020788993055554,1.4954104547569445,1.1165526423611112
2024-10-26,425358.4161458333,247480742.37640634,1.3256121680208333,1.2652689618055557,1.5161400962152778,1.1324214583333334
2024-10-27,425599.6246527778,249254172.79564142,1.3002095949305557,1.246837597222222,1.4814925309375,1.4324436909722222
2024-10-28,428688.8818531468,254159502.0376283,1.2436756626573426,1.253596062937063,1.3915051491958041,1.168103020979021
2024-10-29,450810.73100694444,273365168.30067897,1.1167713964583335,1.319934701388889,1.2442405693055556,1.1869727847222222
2024-10-30,450733.3423263889,270616835.8774016,1.2104916046180554,1.3984864548611111,1.3679050049305554,1.2593042152777778
2024-10-31,439953.56909722224,257049764.8514264,1.4681247427777777,1.3371525208333332,1.7208787163194446,1.1746645416666666
2024-11-01,432052.8128125,248986590.02102268,1.6389067877430556,1.2071511909722221,1.932494716909722,1.167257107638889
2024-11-02,427616.79875,244380147.89063203,1.7300348444791667,1.17058196875,2.0136119936805557,1.2253749756944443
2024-11-03,425951.6742361111,238156569.3169714,1.9402076400694444,1.1841234201388888,1.9758402548958334,1.0855792291666666
2024-11-04,425782.7552777778,237319848.7229162,2.064986250138889,1.1924008194444444,2.0066524446180556,1.1152504374999999
2024-11-05,426966.9642013889,239553301.20520416,2.092996875451389,1.1933496770833334,2.0501082337152776,1.20745771875
2024-11-06,445853.18878472224,259924733.7973923,1.7018646734027778,1.26225340625,1.8672172112152776,1.1072765625
2024-11-07,451892.8327777778,270264266.7818279,1.6261960128472221,1.3098875347222223,1.7077941520138888,1.0497526319444443
2024-11-08,453810.6825694444,271115415.97244817,1.6762589078472223,1.4105094270833334,1.7612187605555556,1.0749596180555556
2024-11-09,542859.3089236111,338633895.2874582,1.4219069839930556,1.7014290902777778,1.6795172008680557,1.2401902569444445
2024-11-10,544037.4622916667,343984882.7598515,1.647795017638889,1.6578999340277778,2.031703221111111,1.0408718888888888
2024-11-11,545429.4274305556,343600322.28963065,1.847001832777778,1.666941079861111,2.3149681496875,1.01872865625
2024-11-12,558736.8601388889,356111463.61863905,2.1547657754166667,1.880722440972222,2.6890754121875,1.00835321875
2024-11-13,564751.0490625,347926089.80571127,2.273339759201389,1.8137872951388887,2.7925199596875,0.9781107881944444
2024-11-14,570534.9343402778,360346234.89115745,2.058817539270833,1.8206927395833334,2.6565975246527778,0.9987394027777778
2024-11-15,536359.87,331345369.84279567,2.2268529705902775,1.6070703750000002,2.9398023989236113,1.065357829861111
2024-11-16,541761.5476041667,338650113.98829293,2.160972514270833,1.5995806840277778,2.8003118905902777,1.06104759375
2024-11-17,544239.4099305556,340249625.0325223,2.1035030814236113,1.6602662222222222,2.7821002261805554,1.081592982638889
2024-11-18,550904.2425,342700984.27734786,2.164189377048611,1.5750885104166668,3.075951803541667,0.98379034375
2024-11-19,571896.8219444444,352691843.85430723,2.4379707393055554,1.5948506041666668,3.4628334863541665,0.9802883125
2024-11-20,580593.0317013889,355053665.2808901,2.667716761701389,1.6157316423611112,3.682051819270834,0.9830173159722223
2024-11-21,582354.5907986112,358156000.473004,2.8216737686805557,1.6616954097222223,3.37085916875,1.0457981319444445
2024-11-22,642360.4214236111,403109736.5026981,3.0188793214583334,2.0249186006944444,3.3358138863541664,1.0547562534722221
2024-11-23,698040.8017361112,458576854.06480074,2.503550840868056,2.3217595034722223,2.9797375369444445,1.0071001979166665
2024-11-24,725832.2079513888,478342693.22787404,2.5221905277777776,2.638418302083333,3.2543573973958333,1.0720112361111112
2024-11-25,734365.5110069443,480401494.7339803,2.6798593194444447,2.6715404652777774,3.4416578339583332,1.0487797986111111
2024-11-26,730418.7188541667,457223189.9971902,2.910041874861111,2.498849548611111,3.716077414305556,0.9469193263888889
2024-11-27,725827.5314930555,455358540.7547586,2.893797771840278,2.352914934027778,3.5889142473958335,1.0903392256944444
2024-11-28,789620.2089236111,516102185.7262337,2.328248809340278,2.4297267256944446,2.676065302604167,1.0678763472222221
2024-11-29,807598.0411458333,529527379.9309684,2.542373680451389,2.565483795138889,2.824738003298611,1.2756305868055557
2024-11-30,862813.3884375,568607064.8418818,2.6215332605555557,2.660959940972222,3.0085546382291666,1.1221132465277777
2024-12-01,883421.5147222222,579417295.2115033,2.71532484125,2.6441000104166665,3.2328433828472223,1.0740251111111112
2024-12-02,885402.2025694444,570968256.1060337,2.9124207758333336,2.5298689999999997,3.5741811850347225,1.0080492048611112
2024-12-03,930788.969375,617566601.9965564,2.8427708882986114,2.6885270104166668,3.336023382534722,1.080344513888889
2024-12-04,1014931.966076389,767706216.6050954,2.1898049178472223,2.8327329166666666,2.4409227596180556,1.044271763888889
2024-12-05,919839.0297222222,666890147.6356807,3.753122061145833,3.517372027777778,4.219987119513889,1.0237278541666666
2024-12-06,856339.9577083333,623967324.704301,3.6577528211805554,3.2091428506944446,4.230579461423611,1.07430371875
2024-12-07,841147.8934027778,627480270.3863513,3.051768469722222,3.254730916666667,3.4565880278125,1.1135414236111112
2024-12-08,801191.8343402777,595954177.4347907,3.3068571767708335,3.136756090277778,3.7038624911805553,1.1825363506944444
2024-12-09,749114.136111111,537336233.6706227,3.761521004340278,2.9826080902777776,4.280939024409722,1.0326796354166667
2024-12-10,682828.5824652778,466863139.47689736,3.2075291987152776,2.254027736111111,3.8990146651736115,0.9924682534722221
2024-12-11,672854.344375,464503828.6289621,2.836544696701389,1.9742909166666667,3.5667050928125,1.0321779722222222
2024-12-12,671922.2173611111,480738346.4458545,2.633815863784722,1.9468038854166667,3.2497137390277775,1.0598332743055556
2024-12-13,666769.96125,476265545.6744355,2.6181794463888886,2.024928513888889,3.1919609664236113,1.0325576284722222
2024-12-14,632085.7251736111,454721077.67720485,2.4796808697569444,1.8607593194444445,3.004977085069444,1.0537246805555556
2024-12-15,615197.7733680555,439932167.4894674,2.6917919981944447,1.7660962673611111,3.285111187708333,1.0464455069444445
2024-12-16,609313.6706944444,437080715.2193395,2.629980175798611,1.8231831319444443,3.252126817708333,1.0814801493055555
2024-12-17,600682.7454166667,434229665.25765336,2.5496352621875,1.8862950347222223,3.124195056527778,1.0739721041666668
2024-12-18,607698.7570138889,432367993.8006195,2.572867704409722,1.7135173506944446,3.4072560860416665,0.996798829861111
2024-12-19,582352.711423611,400889767.9948859,2.7993614052083333,1.6414452361111112,3.4944193748263888,1.0088302152777777
2024-12-20,576431.83875,382370507.74593884,2.7136656749999997,1.5316092604166667,3.278858814513889,1.042361996527778
2024-12-21,566242.8932638889,381499068.52168685,2.6318712162847224,1.5838296597222223,3.0406295514236112,1.1260266527777778
2024-12-22,572124.3233680555,377136632.66324073,2.5269115207291666,1.5314607291666666,3.0336606478819443,1.0455660034722223
2024-12-23,561511.5159027778,377409302.24189687,2.3249829936458335,1.3023621909722223,2.7865864357638888,1.107645
2024-12-24,540883.5011805556,374038372.6503213,2.4473236377777776,1.4506853194444445,2.6959430200694445,1.1798596180555556
2024-12-25,543277.5763194445,382120352.6555773,2.1734086839930553,1.5380564618055557,2.516251103125,1.1683619618055556
2024-12-26,552709.7250000001,384886956.6496686,2.0845857572222224,1.507568423611111,2.5132440403125,1.184617704861111
2024-12-27,542401.0545486112,376843315.0519232,2.1443748493402777,1.3907395729166667,2.698531034722222,1.1705742083333335
2024-12-28,557993.4859027778,396029837.7324961,1.8750033703472222,1.3980248680555556,2.371797559340278,1.1147082986111112
2024-12-29,565354.8851736111,400685698.1019635,2.1090450868402777,1.518468076388889,2.467004621631945,1.26301484375
2024-12-30,563681.4975347222,393980544.19939655,2.0262059926736113,1.4123179513888888,2.7252845179166667,1.143417517361111
2024-12-31,556957.1067361111,392565440.38285893,1.8714596236111112,1.4361696527777776,2.443523047847222,1.1960021770833333
2025-01-01,557451.1703472222,393679920.9778198,1.8228998172916668,1.4405154756944443,2.3775651599305556,1.15205671875
2025-01-02,557001.0399652778,393738780.25810856,2.009718621215278,1.5050251319444445,2.586332447638889,1.2154619618055555
2025-01-03,554222.9599652778,391879037.4938314,2.1007728860416663,1.609176236111111,2.6866582857291665,1.0812575
2025-01-04,550752.4473263889,393983258.5331621,2.304863516076389,1.74862396875,2.6466616455555556,1.1135542604166666
2025-01-05,541739.5005555556,384089876.58854175,2.484029599826389,1.7119688715277777,2.9068488521874998,1.1300111076388888
2025-01-06,554066.785763889,399826859.6839392,2.11986265625,1.7035977708333334,2.6050245213541667,1.1181504548611112
2025-01-07,577650.415763889,414396821.32827455,1.9088172763194444,1.851272611111111,2.5222592232291667,1.0522078194444444
2025-01-08,550329.1737847222,382314202.48206496,2.0785292358333334,1.7098906631944444,2.990862198611111,1.0312070486111111
2025-01-09,545915.9326041667,378145920.1230647,2.1679549515277774,1.6991473854166665,2.9998133765972224,1.0880690034722222
2025-01-10,537033.9285416666,371763542.70712876,2.210287181875,1.47118703125,3.0674464055555557,1.149555
2025-01-11,541331.4876388889,376267811.16854066,2.1547360249652776,1.7327480555555554,2.9190900821527777,1.2929187222222223
2025-01-12,541084.0512847223,375543608.2213476,2.2704869526388887,1.7642416423611111,3.0620499348958337,1.2817609826388887
2025-01-13,538799.8837152778,365404330.678104,2.4322396063194445,1.7035102291666666,3.1271849965625,1.042161326388889
2025-01-14,537424.7519791666,373012275.60370696,2.185381229722222,1.6705824062499999,2.641513392708333,1.2603931215277777
2025-01-15,531862.4352083333,372903398.6982735,2.467196629895833,1.8387398090277776,2.7911828690972222,1.1894828368055554
2025-01-16,537406.0096875,382003282.7611631,2.539933219722222,1.8493145798611113,2.719046140104167,1.1571146840277777
2025-01-17,542366.0533333333,390750181.16697025,2.1453655548263892,1.7302898437499998,2.441465782326389,1.2657555486111112
2025-01-18,531794.7957291666,375130640.945194,2.3472487092708336,1.9149029305555554,2.8262469927777776,1.0548106944444444
2025-01-19,524236.2297569444,367140110.1190121,2.4195519465625,1.8295414444444442,3.1788046040277775,1.0899992222222223
2025-01-20,527581.024375,363544301.2582034,2.6391368119097223,1.8071912222222224,3.473500043020833,1.0239773368055554
2025-01-21,537353.0648958334,369257233.2428889,2.4456086284375,1.7848528576388891,3.2907885897916667,1.0567205902777779
2025-01-22,522633.1502777778,363998108.9506681,2.366492475347222,1.8170018125,3.034644763923611,1.0815215277777779
2025-01-23,519909.9318402778,357441320.0203762,2.671803776192171,1.7152108090277778,3.4135402979166667,1.0364907048611112
2025-01-24,525310.4411805556,360290573.12829757,2.5431452211805556,1.645610517361111,3.4057626647569443,1.111547125
2025-01-25,542082.9218402778,371439410.2838155,2.5250834608333332,1.5889139756944444,3.4915667689583336,1.11201334375
2025-01-26,533003.3721875,365363528.9569912,2.5464338898611114,1.6000270486111112,3.4507969918055554,1.200020375
2025-01-27,563640.4975,371935427.43034977,2.999275421041667,1.2751865590277778,3.2188209799305554,1.0813827673611112
2025-01-28,534516.6214236111,360346596.90860003,3.039813135625,1.3801121006944443,2.8963114960069443,1.2258621388888888
2025-01-29,508657.4630208333,340640404.4061064,2.9851518368055556,1.4871581458333332,2.9958881008680556,1.208169545138889
2025-01-30,501999.0490625,340290692.7166824,2.6310062402430554,1.4975723333333333,2.7123684019444445,1.223748986111111
2025-01-31,494261.63659722224,336049691.58054173,3.0679348617708335,1.553891,2.8409590188541665,1.1856550937499999
2025-02-01,494883.07909722225,331737984.0518837,2.712105633576389,1.5248046041666667,2.8720026580555555,1.1492784965277778
2025-02-02,514696.9581944445,331226932.50837547,2.878510229097222,1.3890949722222221,3.076262291631944,1.0533924479166668
2025-02-03,497805.3174652778,289329237.8734344,2.8275897379166666,1.307443298611111,1.9819839665034964,1.0303598541666665
2025-02-04,502312.3145138889,293633200.61965364,2.8690106833680553,1.4243416527777777,1.982199965277778,1.0463245069444445
2025-02-05,520556.57940972224,297567969.87135863,3.021874375486111,1.3724523055555555,2.1009101337500002,0.9938432152777779
2025-02-06,512420.81684027775,296024368.03048366,2.8900939572916666,1.345674263888889,2.0332070828819444,1.0938229895833333
2025-02-07,493961.1254513889,286847326.52945584,2.72286915375,1.3138283541666667,1.9629860183333332,1.0757845069444445
2025-02-08,496092.42138888896,294852827.42653793,2.306492416111111,1.310887840277778,1.7462618098611111,1.0861894479166667
2025-02-09,498207.09177083336,309648791.724446,1.9726972986111113,1.1999247395833335,1.5536463145833332,1.1486263784722222
2025-02-10,474901.80666666664,288870017.53805184,2.4964269511458337,1.2464868263888889,1.8847765230208333,1.1393419583333335
2025-02-11,482176.1502777778,305446858.66278225,1.9167102788194446,1.2076681111111112,1.5021259525347221,1.1345934618055555
2025-02-12,512861.7993402778,336955379.2170236,1.6238487302083333,1.257979357638889,1.3049412755555556,1.1269972604166667
2025-02-13,594668.9365625,414162773.1580333,1.1860965390277778,1.3441240625,1.0822470818055556,1.063174829861111
2025-02-14,539030.4768055555,360402492.77702075,1.9227436911805558,1.3303265347222224,1.8764271265972223,1.1223886215277779
2025-02-15,529471.6887500001,349722106.0282061,2.243205200347222,1.4030374583333334,2.1937794433333333,1.1544317395833332
2025-02-16,527293.0027777778,351712281.91962206,1.9304557099652777,1.3715018541666666,1.9312773203819442,1.0841983402777777
2025-02-17,513160.27565972216,343926309.45730233,1.8297751739236112,1.3854477152777778,1.833899977083333,1.096019045138889
2025-02-18,506905.1938541667,330274943.5066888,2.0935403922916667,1.395534034722222,2.0982014854861113,1.1315005451388889
2025-02-19,511898.3870833333,333765134.8518389,2.0011467454861114,1.3618099097222223,1.9750529814583335,1.0304950555555557
2025-02-20,504252.2023611111,328442281.9776451,1.9618659976388888,1.3669572847222222,1.959913360451389,1.1333135833333334
2025-02-21,488784.89718749997,319293742.062617,1.8371331907638888,1.3266023645833334,1.8561367350694442,1.1800977881944443
2025-02-22,489304.11496527784,322411127.35899365,1.7685272607986111,1.3230543506944443,1.8112629266319447,1.0988036666666667
2025-02-23,490373.22565972223,323403078.5157821,2.1467429681597223,1.3144768680555556,1.991576537847222,1.2114839479166666
2025-02-24,487826.0453819444,311739450.47745025,2.320892169895833,1.3350327916666667,2.2896960976041667,1.0386745555555554
2025-02-25,493209.9246180555,301447218.3603981,2.478796222361111,1.3064743541666666,2.2075763072916668,1.023263076388889
2025-02-26,492362.20756944444,304959309.5433481,2.210214613923611,1.2774093888888889,1.9997993624652777,1.094155361111111
2025-02-27,503892.0725,307218581.27091515,2.04624489,1.3045440208333334,1.894245314791667,1.113351107638889
2025-02-28,496125.24666666664,288326180.69814354,2.2749713845138886,1.3921834965277777,1.9932346315972223,1.0522730138888887
2025-03-01,490031.1547569444,293020410.723149,2.0477678558333334,1.3415468715277779,1.8431515485763887,1.1406181631944445
2025-03-02,485208.17350694444,297544827.0854893,2.0788623182291666,1.3165155034722222,1.807592991736111,1.1122694131944444
2025-03-03,483975.3125347222,289630707.97116566,2.5852072909375,1.4215967534722223,2.1314417838194446,0.9910249618055555
2025-03-04,488621.8345833334,278483811.53409,2.9236319183333332,1.4187456041666666,2.371968992152778,1.0854540902777776
2025-03-05,466090.56322916667,276561664.81222236,1.8615347550694443,1.3588857673611112,1.7228687145833335,1.046446375
2025-03-06,472169.5046527778,283347871.78150785,1.8533610836111112,1.384119767361111,1.6096018370833334,1.1745046701388888
2025-03-07,482058.04965277785,288398772.07873833,2.2810531020486113,1.389424767361111,1.8582808277083334,1.0549138402777778
2025-03-08,492180.39968750003,293769806.6178513,2.0090484813194447,1.4159770763888888,1.745525886284722,1.1855579027777778
2025-03-09,491288.0498263889,282157894.2987195,2.2515409478472224,1.3540084305555555,1.9662881458680554,1.1774460208333333
2025-03-10,496260.8155902777,274433519.2497774,2.3883042731944446,1.3709603506944446,2.0768954830902775,1.0883571597222224
2025-03-11,505989.0318402777,276632841.9805901,2.3413488024999998,1.101854204861111,1.8284119586458334,1.06537484375
2025-03-12,500817.8255555555,279422451.7317752,2.0801678893749997,1.0788830763888888,1.677003550138889,1.0300891006944444
2025-03-13,530571.5045486111,306731563.700796,1.9941836238888888,1.28192340625,1.5847648972222224,1.0667204409722222
2025-03-14,522819.70024305553,304596394.66827667,1.7605318969097223,1.1990850555555557,1.5492618853472222,1.174346482638889
2025-03-15,520011.23850694444,312535289.200073,1.5316474851041668,1.1830227118055554,1.3420414253819444,1.1066297395833333
2025-03-16,532802.9761111111,322107998.5736714,1.4976739985416667,1.2108638715277777,1.2557947764930555,1.1919366909722222
2025-03-17,584750.163576389,366857840.7575737,1.0505154600694444,1.1439288368055556,0.9877991273958333,1.125344951388889
2025-03-18,585615.1603125,369781327.59009755,0.9441787790972221,1.1947111215277777,0.9399201610069444,1.1120735069444445
2025-03-19,538259.5010069445,331348176.29225934,1.4560583961805555,1.1684167152777778,1.4092845270486112,1.1919419722222222
2025-03-20,539567.7691666667,337676187.5381026,1.2641203301388888,1.0987366215277778,1.2491531235763889,1.1143935069444444
2025-03-21,559437.9180902778,353770439.62406707,0.9920549213888888,1.0326217395833333,0.9963158585763888,1.1367832118055556
2025-03-22,557277.4546527778,350144268.9724214,0.984514770798611,1.0462047222222222,1.0135083171875001,1.3452384930555557
2025-03-23,552815.9969444445,344178016.39227563,1.1144061879861111,1.0490919479166667,1.1723177380208334,1.2615004583333334
2025-03-24,532795.7801736111,334860260.49741745,1.3040400736458333,1.0926611666666668,1.3147998880902778,1.1219853645833333
2025-03-25,563495.1032986111,357948922.42335486,1.233235254201389,1.0750946666666668,1.1608293749305556,1.214729076388889
2025-03-26,547506.0145138889,342893876.4513888,1.3126854277083333,1.0632382500000002,1.3481267694097223,1.2740852222222223
2025-03-27,575030.7173263889,363919624.90369827,1.1031977385069445,0.9903389409722223,1.1424076667013887,1.0865487430555556
2025-03-28,548875.8357986112,344263734.8103478,1.173795909201389,1.049496184027778,1.1708894269444443,1.0904336840277777
2025-03-29,530081.8857291667,321661764.8220876,1.3565574520486112,1.0131453888888888,1.385832036388889,1.0953637222222221
2025-03-30,524148.76614583336,316971755.36458987,1.3569145560416667,0.9766348854166667,1.4400345516666666,1.172296079861111
2025-03-31,524216.70690972224,315029118.79254955,1.6698606947569443,0.995434767361111,1.552142808888889,1.1822260833333333
2025-04-01,529495.0416666666,323090170.73831785,1.6800226719791667,1.0032477465277778,1.501254136875,1.2302111770833333
2025-04-02,516676.39756944444,310890101.9242871,1.586296311111111,0.9903289513888889,1.533698318402778,1.0920369756944444
2025-04-03,521577.1219444445,309887043.5257227,1.5875261166666668,0.9066136249999999,1.5409416998611112,1.1599216423611112
2025-04-04,506722.0344791667,301236688.294229,1.5906880573958333,0.8631709652777778,1.5597477946180556,1.1391422812499998
2025-04-05,507075.61024305556,301621831.68176895,1.58375420625,0.9559695902777777,1.4697535823958332,1.0811656597222223
2025-04-06,507124.56229166663,293757545.1704453,1.7973094040625002,0.909544576388889,1.6348674948263888,1.1102933263888888
2025-04-07,485943.03993055556,267234063.46595532,2.0464787911111113,0.8499959548611111,1.7246390089583334,1.0319709583333332
2025-04-08,477186.4244791667,266478256.35939127,2.0181453841319446,0.9941243124999999,1.674053730451389,1.1724465625
2025-04-09,490844.0267013889,275536988.1683918,1.9536800311458333,0.9681901458333333,1.6044762565277777,1.063376909722222
2025-04-10,487736.64111111104,281011234.6006265,1.7911732053472222,1.0054999375,1.4316842723958334,1.1225999861111111
2025-04-11,488814.6152777777,285090538.864846,1.4396732833680557,0.994103076388889,1.2607983049652778,1.1666528402777778
2025-04-12,501744.0880208333,296919543.6797021,1.2854249451388888,0.9923743854166668,1.150328625451389,1.1780439027777776
2025-04-13,493480.9800694444,290668754.00708085,1.2944871914583334,1.0292761493055556,1.1471017216319443,1.2041011562500001
2025-04-14,489239.66142361116,287669889.31971574,1.518474596875,1.0406148750000002,1.3264455602083334,1.0921032152777779
2025-04-15,487266.11093749997,285363103.2695067,1.407130747491166,1.0329733957597174,1.3011155598233217,1.1488314444444443
2025-04-16,495622.9599305556,288249326.2824948,1.3828934674305555,0.9641611631944443,1.3297998065972223,1.1703672118055557
2025-04-17,499761.2649652778,293204121.6731057,1.2378190110416667,1.012866263888889,1.2159320592361111,1.1668921215277779
2025-04-18,512471.47027777776,302880964.4238434,1.1896737242013888,0.9780954236111111,1.1152674674305556,1.2680640486111112
2025-04-19,512894.15277777775,303075994.02254695,1.2065699827777778,0.9232695729166667,1.1406836472569444,1.4655524791666668
2025-04-20,502946.55062500003,297361796.78651386,1.2227170724305556,0.9500838333333333,1.1730204140625,1.3315210208333332
2025-04-21,498649.01368055557,299499544.12276626,1.247179280486111,0.9260967395833334,1.2042437781597224,1.1908134583333334
2025-04-22,508629.0578819444,307917726.8260252,1.2606194195486111,0.8947109895833333,1.243537189375,1.2933847222222221
2025-04-23,502584.94503472216,306986258.9119265,1.371037239652778,0.973356486111111,1.4087163458680554,1.13528784375
2025-04-24,492427.10284722224,295635979.09564245,1.308697329375,0.9580866041666667,1.4423518224305556,1.1446521041666666
2025-04-25,484340.89440972224,292563901.38545454,1.366166148888889,0.9337452916666665,1.4875638994444444,1.1569453263888887
2025-04-26,482970.98781250004,292016570.4746868,1.260087729826389,0.9253093923611111,1.4465672255208333,1.203869017361111
2025-04-27,480957.8148611111,289311121.70860106,1.3539447916666667,0.8901779756944445,1.518119240138889,1.1738153194444445
2025-04-28,475413.70409722225,287101237.41704166,1.346122255625,0.8925535069444445,1.5234257094444446,1.1974219826388888
2025-04-29,476860.9114583333,288043644.8301271,1.3488863452777777,0.9171327499999999,1.5238981892708334,1.1919117708333333
2025-04-30,471363.5962847222,282797675.33531916,1.3182431290277778,0.9189864097222222,1.5726067238194446,1.1021910069444445
2025-05-01,467878.0191666667,281267030.62590265,1.3805855207638889,0.9355659722222222,1.6187398961111112,1.2311582291666667
2025-05-02,468192.0022569445,280607792.5756531,1.4166142033333333,0.9292975937499999,1.700012953125,1.1385865
2025-05-03,462258.7318055556,276562929.47534823,1.4436920059027778,0.9098090729166667,1.7293655112152777,1.2497487465277777
2025-05-04,480022.06336805556,284450984.6577529,1.4277117926041667,0.8834843368055556,1.7597074274652778,1.306129763888889
2025-05-05,475221.8110763889,282116257.92473,1.4641556616666667,0.8937877638888888,1.7360499803472222,1.115131611111111
2025-05-06,466594.8732638889,279035697.5606224,1.6090716220833334,0.8818085451388888,1.7197923428819444,1.1062178472222222
2025-05-07,480275.4115625,289633629.15188897,1.6226842696527777,0.9315467465277778,1.6986629362847223,1.2313180729166666
2025-05-08,507393.93947916664,312270183.63546985,1.5261672577430554,0.9973520416666667,1.6572880792013889,1.3177036145833334
2025-05-09,505734.8688888889,320840066.4029292,1.5089894034027778,1.0364781354166666,1.823520991423611,1.1008457569444445
2025-05-10,514215.8262847222,338746792.7079904,1.300515990486111,1.101931347222222,1.8215683499305557,1.199752392361111
2025-05-11,510782.0564236111,335640208.22381854,1.4798973277083334,1.1330763506944443,1.980028709548611,1.1211194999999998
2025-05-12,513020.6554861111,340960966.348087,1.3943245608680557,1.1098282951388887,1.9169872240277779,1.0940543437499999
2025-05-13,516970.93913194444,338934517.04551107,1.3134863274305557,1.0981576006944445,1.9240129255902778,1.0727640555555555
2025-05-14,506462.0802083333,332531758.1254289,1.3218723770833334,1.1040159375,1.9022656828125,1.1464882847222222
2025-05-15,510919.6015972222,332967433.7214192,1.309658165451389,1.0479409097222223,1.9418737464583333,1.0697002118055556
2025-05-16,511961.75288194447,334228516.928714,1.192491731875,0.9658875416666667,1.8691860684375001,1.1933383715277777
2025-05-17,510625.59993055556,327463605.11110646,1.4606531968055556,0.9590312430555556,2.1095881616666663,1.028922673611111
2025-05-18,504099.88447916665,325245713.1576199,1.253477533923611,0.9438467569444445,1.9692894304513888,1.1157193680555555
2025-05-19,498022.1860763889,320255713.17286146,1.4031687110763889,0.9633782048611111,2.0942661223611108,1.0445063333333333
2025-05-20,502868.88513888884,325692273.76907843,1.5224654988888888,0.9546315000000001,2.116471506597222,1.1203973541666667
2025-05-21,508408.3097916667,335676037.3199357,1.3762139353472223,0.9831220416666666,1.9732870228472221,1.1011028645833332
2025-05-22,531110.9303472223,362540154.59878576,1.2220107257291666,0.9673977222222222,1.7868261143055557,1.132447142361111
2025-05-23,529628.4637847221,358219887.58367324,1.3472239134722224,1.055046298611111,1.9277888766666667,1.0424924756944445
2025-05-24,539015.6900347222,361509828.71145844,1.1638669509375,0.9909145763888889,1.8880829861805555,1.1557838194444445
2025-05-25,541379.9197569444,359715053.9570428,1.187847480798611,0.9762617361111112,1.9538140251041665,1.2299781284722222
2025-05-26,533421.5055208333,358960745.6358087,1.0931023075,0.9635099062500001,1.8258717377083333,1.16327340625
2025-05-27,547439.1485416667,373807379.2732639,1.1489607874652779,0.9932441076388889,1.73802643875,1.2195317395833334
2025-05-28,535338.4744097223,366454621.9330214,1.215051652465278,0.9611326041666667,1.809293990798611,1.1462238125
2025-05-29,519012.81538194447,354313683.5094089,1.0760762628125,0.9445796388888889,1.7631553271527778,1.171885625
2025-05-30,504979.2790972222,337517555.5159985,1.2026926361805554,0.9837444236111111,2.031778577222222,1.1087601319444444
2025-05-31,509001.0901388889,333393971.84407437,1.126148148923611,0.971550670138889,1.9823605187500002,1.1306999409722223
2025-06-01,508940.9442361111,332891307.3856704,1.1848277036458332,0.958973326388889,2.0675883150694445,1.3010987256944444
2025-06-02,510277.8682638889,335781851.8902926,1.1979221056944445,0.9621720243055556,2.046020578680556,1.1632227881944446
2025-06-03,513473.21791666665,341730241.73497677,1.4776917139930557,0.9791888541666667,2.1336777616319447,1.0789189444444445
2025-06-04,509752.01534722216,340256792.6339057,1.416966248263889,0.9656325520833333,1.993200880902778,1.2268253819444446
2025-06-05,506664.6838888889,333214721.60465175,1.2974670647569444,0.96171896875,1.99726836625,1.0631943020833332
2025-06-06,485041.29524305556,311608054.08651984,1.1414862161458332,0.894650625,1.7785248156597224,1.2275318784722222
2025-06-07,476860.53354166663,309231986.40906453,1.1358465591319444,0.8818785,1.6915290817013888,1.1770925625
2025-06-08,475119.58791666664,309188954.76970154,1.1708131244444444,0.880439423611111,1.6741309096875,1.29539796875
2025-06-09,473898.1598263889,310436594.0646286,1.2998046790972222,0.8847885,1.804865969513889,1.2066896215277778
2025-06-10,477533.12871527777,317282159.6402559,1.3309883243402778,0.9479844895833334,1.743041663263889,1.1342167256944444
2025-06-11,473203.0339930555,316513613.82458895,1.293481855,1.0123058506944445,1.6813190063194443,1.2413915624999998
2025-06-12,474651.37336805556,315106583.56149614,1.2689862995833332,0.9952624479166666,1.7081332280208334,1.0580976597222223
2025-06-13,461118.199375,300193049.71095693,1.341746603784722,0.8403802638888889,1.929466980486111,1.0572277569444444
2025-06-14,456391.93927083333,295555933.86868906,1.262664511875,0.8072906770833334,1.9132707680902779,1.2623766458333334
2025-06-15,452785.95493055554,293122306.93105084,1.108074280798611,0.7802900034722222,1.8481386294097222,1.1999898263888888
2025-06-16,458765.9632986111,300420155.91853184,1.1800760077777777,0.8013619027777777,1.8202568871180556,1.1395824409722222
2025-06-17,455030.32809027773,296569546.74406433,1.147758187951389,0.8820950416666666,1.7922874070833335,1.0881357500000002
2025-06-18,463773.3225694445,299631433.59751487,1.2263321205555555,0.8649172465277778,1.9561929622222225,1.0926522569444446
2025-06-19,464190.3254166667,298504744.00701845,1.1564654685069444,0.8345906944444444,1.8849267580902778,1.2378788333333333
2025-06-20,468950.4351388889,302322903.2302915,1.0780487706250002,0.8265261666666667,1.8054281466319442,1.1461877430555556
2025-06-21,465798.88711805554,297040527.54775566,1.1214226173611113,0.8249644965277778,1.8896595104166667,1.1715603541666666
2025-06-22,466483.17624999996,289929852.8265732,1.2913027075347223,0.7436932256944444,1.7947254448611112,1.0940503993055557
2025-06-23,459090.5890277778,286461234.73398113,1.3036215975,0.8438953819444444,1.5491707172222222,1.1273092534722222
2025-06-24,450270.04534722224,288252020.52191514,1.292528297534722,0.8295585034722222,1.4177494587847221,1.4194418159722222
2025-06-25,454857.14375000005,293455519.4682086,1.4525983028819445,0.8260894166666666,1.48559544,1.2667862986111111
2025-06-26,453873.7003819444,293065332.91023135,1.539979413888889,0.83583009375,1.5305416639236111,1.1639725034722224
2025-06-27,450065.18354166666,290219274.4980996,1.5588514625347223,0.8142484270833333,1.5488035323611111,1.1983281666666667
2025-06-28,451522.4790625,291738957.997696,1.5564834594444443,0.8374511458333334,1.5398645837847222,1.7127173437499998
2025-06-29,453268.8479861111,294294394.7326763,1.5707151469097222,0.8820686354166667,1.5525863203125,1.654899232638889
2025-06-30,458123.96340277774,300258409.8685083,1.3563976555902777,0.925203486111111,1.435608325,1.0876501180555556
2025-07-01,462311.51881944446,300856616.51171005,0.9831957647569445,0.9128711493055555,1.2729077831944444,1.2124636284722223
2025-07-02,464710.0705902778,305334125.90291023,1.1921642987499999,0.8543572638888889,1.3767614088541666,1.4765129583333332
2025-07-03,467875.97593749996,309376361.96076494,1.228929638715278,0.9116621284722223,1.3546281588888889,1.2923346423611113
2025-07-04,466569.1742361111,306489515.2615618,1.1254838297569443,0.8956728368055555,1.338858933888889,1.1897668368055556
2025-07-05,460163.80920138885,301239764.05041915,1.0937780517013889,0.8487482673611111,1.4019228186458335,1.253565465277778
2025-07-06,463937.30288194446,305441711.2720034,1.1133455204861111,0.8618865277777777,1.3692812161111112,1.2950952256944446
2025-07-07,467109.14496527775,308686964.0389264,1.3620839829513889,0.8745689513888889,1.4577968982291667,1.2943213125000002
2025-07-08,464813.3468402778,306792657.46100116,1.15256229625,0.8912797708333334,1.3951570949305556,1.3103302083333332
2025-07-09,465497.9837152778,308809041.91790843,1.1868282815625,0.9115058055555555,1.4000807825694443,1.1832212430555555
2025-07-10,474814.4329861111,319620644.9196451,1.1751493726736113,0.9165520972222221,1.4047332482986112,1.2467913854166666
2025-07-11,485055.90687500004,334896105.39429307,1.1208936427777778,1.0640624479166667,1.532149687048611,1.0971752743055554
2025-07-12,496375.69121527777,342127288.8991182,1.1542471427083332,1.1061380590277778,1.5421931925694445,1.1462285416666667
2025-07-13,495134.44229166664,341777292.0783769,1.148758902951389,1.1055159965277777,1.5564772987152777,1.1286126875
2025-07-14,516814.92954861117,360165105.5872167,1.1636287827083334,1.2380059583333334,1.5923295644097222,1.1024855694444444
2025-07-15,504067.7088541667,344569126.7693698,1.2124560648611111,1.1365247013888888,1.6926749120138889,1.146956892361111
2025-07-16,509704.2062847222,355649830.39428014,1.125514977673611,1.1386735729166668,1.6020831087152778,1.1351521840277778
2025-07-17,542582.0643055555,389508119.7159997,1.2014865940625001,1.2148659826388888,1.6727781906597223,1.1529891284722222
2025-07-18,556845.8607986111,410813893.5079057,1.2849385852430555,1.2558649166666667,1.90197013625,1.0839234826388888
2025-07-19,563376.79375,412737332.8544687,1.3553169449305555,1.3091167569444444,2.0762502092013886,1.0473927291666667
2025-07-20,562963.5417013889,420802283.2209604,1.338950706875,1.2842473958333334,1.9779094712847223,1.1629851041666666
2025-07-21,562452.0738541667,429858408.9495604,1.259307474290909,1.3376234945454544,1.9239749616666668,1.237961111111111
2025-07-22,580474.9960416667,444554852.4823988,1.337299580888031,1.2991988472222222,2.039701978784722,1.116768795138889
2025-07-23,629727.2796180556,495758879.66219,1.2868133565972224,1.48954140625,1.8239445021180556,1.0758259236111112
2025-07-24,601623.8688194444,464884215.06546,1.2785041014236112,1.3768190451388889,1.970574117638889,1.0283379652777778
2025-07-25,598582.5694791666,460796642.83219415,1.2336390092708334,1.2963630416666667,1.9602562451736114,1.1809145381944444
2025-07-26,610991.2655555555,478924767.375591,1.1790762403819446,1.3715544305555556,1.8251299954513887,1.2236178472222223
2025-07-27,639128.9867013888,516911384.209201,1.0377681425694445,1.367665826388889,1.7011057515972223,1.1477738472222223
2025-07-28,735782.0676041667,619427457.7403975,1.046212540173611,1.5727474270833333,1.6765072799305556,1.1121571458333335
2025-07-29,680993.5972222222,558069977.2866129,1.1643742267708332,1.3908825729166667,2.0404724641666667,1.0829533437499999
2025-07-30,643814.7424305555,511895104.59818035,1.2808635499305554,1.3219989270833332,2.2712723939236112,1.0783938402777777
2025-07-31,628152.9371527778,502225287.9928386,1.2566930350694445,1.282371579861111,2.2261536744097223,1.0940202986111112
2025-08-01,627456.0278472223,483044835.82981354,1.3185976982291665,1.1876521527777777,2.3305605984374997,1.10173403125
2025-08-02,623270.1058333333,469062549.03292406,1.5595834175347223,1.1405588090277776,2.3300659650694446,1.093336565972222
2025-08-03,624451.3506944445,467036620.49146515,1.4863238338541667,1.1407257361111112,2.2058920232291666,1.2347802569444444
2025-08-04,611198.5932986111,464324347.8352356,1.3791475919444443,1.0680668472222221,2.1611616482291667,1.2685182708333334
2025-08-05,587707.1264583333,445530032.9195859,1.3991924471180555,1.1034211319444445,2.1194965665972223,1.0494314652777779
2025-08-06,583662.2350347223,445255795.92455703,1.3739424533333333,1.0444184166666668,2.0235656210069446,1.103185232638889
2025-08-07,582649.2046527778,450817243.3896301,1.2297653355555556,1.1038812395833333,1.8814491759375,1.0605816944444444
2025-08-08,581487.4203472222,458969082.9279659,1.0548959525694446,1.1684605243055557,1.6975948489583332,1.0331422395833334
2025-08-09,591639.6302430555,476598620.34826446,1.0281098596180556,1.1910632673611112,1.647440354375,1.1265575590277779
2025-08-10,587371.8901041667,472441512.7576859,1.1779700229166667,1.2167315277777777,1.7430165343055557,1.2452610520833334
2025-08-11,581094.2599305556,470547095.78060913,1.1941394987847223,1.2255898680555555,1.8077874956944444,1.02192165625
2025-08-12,567422.6565972222,463334331.0053068,1.107522044375,1.1664767569444445,1.7443728691319444,1.1622866909722223
2025-08-13,596473.125,503839216.2108718,1.1090684766319443,1.2992104166666667,1.6552075188194444,1.0701028368055556
2025-08-14,611710.3105208334,518940037.39761424,1.1944877545486112,1.4057540243055557,1.6811380934027778,1.05184771875
2025-08-15,607812.1979513889,508859795.131473,1.2383815662847222,1.26054875,1.8243392672222223,1.0756646909722223
2025-08-16,599315.0401388889,499643522.29570323,1.1889266422222222,1.214921684027778,1.853877257673611,1.0587888090277777
2025-08-17,621560.89625,530843931.61380947,1.0959486521875,1.2281876805555556,1.645218946423611,1.1771247465277779
2025-08-18,621130.6221527779,521827849.11931586,1.2192703515972223,1.2520590173611112,1.795418218298611,1.1670951250000001
2025-08-19,640224.4531944445,537626318.3069631,1.1211521284027777,1.231767548611111,1.7135406285416666,1.0930318888888888
2025-08-20,632600.5477777778,532988623.1318456,1.032399824826389,1.1452174305555554,1.6988998852083332,1.1029751875
2025-08-21,695528.2313888888,593746620.3644366,1.0716759318055555,1.1651133055555556,1.5958896045138888,1.245023673611111
2025-08-22,690614.4200347222,598606070.2336669,0.9783978631250001,1.1155286631944443,1.6196824647569443,1.1613650034722223
2025-08-23,746390.7125347223,662144679.9605132,0.9778771741319444,1.3057177465277778,1.3873042835069445,1.15740890625
2025-08-24,710241.2262152778,620030683.8019828,1.1320075722569445,1.2379580937499999,1.684990409861111,1.218997923611111
2025-08-25,692356.9195486112,597531315.684363,1.1439726981944445,1.1729807916666666,1.8062943444791668,1.0833778680555557
2025-08-26,680125.7129513889,577642457.5784492,1.1045459625694445,1.0120628715277777,1.9183399425694445,1.1090683854166667
2025-08-27,677455.3291319445,583351543.0692945,1.0762210613541667,0.9987764444444444,1.7695857983333334,1.0807312673611111
2025-08-28,682779.3510069444,593715694.890325,1.0376626867361112,0.9967677916666666,1.6617211836805557,1.0785740972222222
2025-08-29,678745.7884210526,585458676.5276386,1.0901838129122807,1.0637127754385964,1.6773424281403508,1.0770016175438597
2025-08-30,673650.7515972223,578780488.7304941,1.0494105414930557,1.0314286909722223,1.7341930034027777,1.1174494791666667
2025-08-31,666687.6272916667,574929781.4583199,1.0276137858680556,1.013718295138889,1.7123216475347223,1.1724011284722222
2025-09-01,649955.7559722222,554381596.249683,1.071807543611111,1.0106377361111112,1.7991080490624998,1.2010458368055557
2025-09-02,631207.5205555555,537100575.50803,1.0909311335416667,1.0174999375,1.8462736752083333,1.0771411076388888
2025-09-03,623878.1229166667,533495217.5389383,1.0827556493055555,1.0157697152777778,1.7882307777430553,1.1386464583333333
2025-09-04,623808.7940625,529062785.08723545,1.1434386341666667,1.0151958402777777,1.8707866509375002,1.1585591284722223
2025-09-05,616019.4710069444,523070677.4900483,1.0887141555902777,0.971121670138889,1.898466716111111,1.2684741631944445
2025-09-06,631799.6986805556,542701785.5849805,1.0352242069444444,1.0014602986111112,1.7112264186458335,1.268787909722222
2025-09-07,659152.5532638889,574275728.8951211,0.9921932778472223,1.0062625625,1.6241904533680556,1.2847944270833334
2025-09-08,677644.0663541667,595652366.3262614,0.9542773377777779,1.0785980277777778,1.532850261111111,1.257073642361111
2025-09-09,665542.8027430555,584491450.6801445,0.9555279249305555,1.043885847222222,1.5591350393402776,1.1288181284722223
2025-09-10,693278.161875,616273982.624462,0.8624537670833333,1.0250901909722223,1.4338820962499998,1.234834263888889
2025-09-11,707888.5122916666,634832104.3775015,0.8305561744444444,1.0881293576388888,1.4010196236805554,1.237428423611111
2025-09-12,721045.6173611111,657363191.0777978,0.8392263013194445,1.1553307118055556,1.3676321069791666,1.212821076388889
2025-09-13,731866.2910069445,681830453.5289092,0.8973226863194443,1.2373308541666668,1.4643262359375,1.1976733958333332
2025-09-14,721286.0422569443,673116745.4240538,0.9014834771875001,1.236078951388889,1.5041865372916667,1.1176146354166667
2025-09-15,704580.3401736111,650160480.0526528,0.9370424719444443,1.2088502951388889,1.5733898614583335,0.9936319270833334
2025-09-16,709238.1592708334,663265431.0417527,0.9090819061458334,1.2068029340277777,1.5423423151388889,1.0986149409722221
2025-09-17,737691.9794791667,706085191.9102185,0.8795139499652778,1.2400227708333333,1.4292162015277778,1.1762021458333334
2025-09-18,779511.1363194444,773625802.8981824,0.8586277602430555,1.2906182222222222,1.3241821087847223,1.1083701180555556
2025-09-19,752938.3907986111,743415222.1133933,0.8954585803472221,1.2367002256944444,1.3583132355208334,1.1685417777777778
2025-09-20,776938.5121875,783104391.8959515,0.779853795,1.202499236111111,1.2286803339930554,1.0989360659722223
2025-09-21,794696.5642361111,840774276.5400354,0.7558552958333333,1.2319091458333333,1.1983764482638888,1.0989311979166667
2025-09-22,740095.203125,750343488.6285828,1.004547757777778,1.343830263888889,1.5359202121875,1.0973047743055555
2025-09-23,695256.1137847223,698802043.7700318,1.0328358552430557,1.2831741840277777,1.7806423843402779,1.1470908333333334
2025-09-24,684997.9027430556,696809874.1092001,0.9828913706597222,1.1978264027777776,1.6871369960416667,1.0441664513888889
2025-09-25,682080.6365972222,671726090.0429709,1.1596523436458335,1.2722415277777777,1.928115642986111,1.0612883472222223
2025-09-26,679979.9805208333,645039749.1755294,1.2945035872916666,1.192899826388889,2.285650426423611,1.0757233541666666
2025-09-27,652345.4805902778,632674969.1447902,1.242366276736111,1.107615809027778,2.226256679895833,1.1845492083333333
2025-09-28,646391.5354166667,629908204.1487737,1.2169652571180556,1.1038661145833333,2.136081769375,1.1079211076388888
2025-09-29,652171.3823611111,659639950.9200094,1.1618745272916666,1.1658702430555554,1.9628470688541668,1.0559380208333333
2025-09-30,665924.2176041666,674906916.8796731,1.1268991403125002,1.2127146597222223,1.798051741840278,1.1268087881944444
2025-10-01,651658.5723958333,663915700.204576,1.1151910938194445,1.19361046875,1.8628320411458335,1.0723215034722222
2025-10-02,663473.7963541667,697749608.3159032,1.036776674548611,1.2161049652777778,1.7158810844791668,1.0939191631944445
2025-10-03,725301.6724305556,817288966.8491719,0.888485310625,1.3077140868055557,1.3895732000694445,1.0800721215277778
2025-10-04,771380.9148263889,893544815.8133504,0.893948253298611,1.2796234548611112,1.2814873022222222,1.1067003333333334
2025-10-05,744517.328125,866277297.7965232,0.9320906392361111,1.1851391388888888,1.4242546925,1.0172606597222222
2025-10-06,785004.7978125,949903557.9369785,0.8199011197916666,1.2436836215277778,1.2828443678819446,1.0496598541666666
2025-10-07,826657.8946527778,1054080374.8397315,0.8463453152430556,1.3287796458333334,1.2837004155902778,1.0310207951388888
2025-10-08,798647.3527430556,1042071200.9886777,0.8826292970486111,1.34533125,1.3488984065972223,1.0067663784722223
2025-10-09,778271.3719791666,988830353.7385966,1.0691364919097222,1.398448590277778,1.5663011467361112,1.075484875
2025-10-10,737130.7362152778,910994378.9755082,1.1670128695486113,1.355294888888889,1.7688127902430555,1.0243662291666666
2025-10-11,561008.8565972222,633693049.1507409,1.4262287593402778,1.3392776076388888,2.344436600208333,1.0248163055555555
2025-10-12,584370.5685416667,711656539.5895225,1.3148116393402778,1.3331624618055555,2.227251827326389,1.0040622083333333
2025-10-13,598216.3123263889,777503315.5251434,1.3526543795486112,1.4500254236111112,1.9404724526041666,1.060415295138889
2025-10-14,567964.7373263888,693212934.0194829,1.8945574103819445,1.5037703159722222,2.620724120590278,0.9963007777777777
2025-10-15,562240.9213541667,665165342.3349055,2.141515893576389,1.5248896423611111,2.987846839375,1.0126199652777776
2025-10-16,561470.9611805555,656814347.0490919,2.1498496839236108,1.4106208368055555,3.0268511867013888,1.003305579861111
2025-10-17,551534.2940972222,600771546.0040689,2.324035141388889,1.3241905208333333,3.149074507604167,1.005305576388889
2025-10-18,555900.49,608852307.6527028,2.2287551855208334,1.1952118368055555,3.16193390375,1.0766782604166667
2025-10-19,552469.3373263889,608230598.6401968,2.2578353173263888,1.2557821180555555,3.1244875214930556,1.0400580833333333
2025-10-20,556782.5172222223,617769819.4149013,2.3130891738194443,1.2636192395833334,3.189483188784722,1.0978794652777777
2025-10-21,571151.2913194444,617460515.1393445,2.3704363744444445,1.2178086215277777,3.2412716035763887,1.0406561493055557
2025-10-22,563897.8687847223,602377027.130065,2.341393738541667,1.12911515625,3.2936760375694445,1.0154132534722222
2025-10-23,561722.0362847222,620073060.4052997,2.103773259479167,1.22291409375,2.81865832375,1.0493827777777778
2025-10-24,553384.2265277778,620465046.466983,2.288515468263889,1.4336778055555555,2.9682122463194442,1.0103096215277778
2025-10-25,555401.1273263888,618232643.5526607,2.4092676349305555,1.4408747569444444,3.154058730763889,1.1272401666666667
2025-10-26,554248.0435069444,624132724.1106366,2.2468644246180554,1.511860798611111,2.967307940902778,1.1363463923611112
2025-10-27,570750.47375,656295563.1393018,2.0979068078819445,1.6416467604166667,2.808094724270833,1.0023722222222222
2025-10-28,558984.3973958333,632502876.335172,2.1986295144097223,1.6282216909722222,2.9604500060416665,1.1075028333333334
2025-10-29,545349.0239583333,605014308.3263708,2.2919468943402777,1.3724973125,3.126626870451389,1.1079781145833332
2025-10-30,533557.203611111,583946068.886126,2.409020268229167,1.318773111111111,3.3190573776041665,1.0568838645833332
2025-10-31,521998.38760416664,567099006.0071218,2.3759252338194443,1.1666766736111112,3.25768230625,1.1038542395833333
2025-11-01,506571.8494444444,551786766.6259942,2.3118986352777777,1.2290572395833332,3.245891531701389,1.03368975
2025-11-02,498688.6428819445,541177183.7649084,2.3255149865277778,1.3109480625,3.2415041035069443,1.1172753854166666
2025-11-03,518157.3332291667,529170110.4299424,2.5089030633333333,1.267678482638889,3.361483383611111,1.0813687291666667
2025-11-04,525283.9896527778,500438219.7640679,2.3427989647222223,1.1502362048611112,3.192581537916667,1.0645850451388887
2025-11-05,541073.0081944445,513775838.34360695,2.226806744444444,1.0729593159722224,3.156283022847222,1.0969204131944443
2025-11-06,534914.3561805557,507908345.8361491,2.261846191284722,1.0861319270833334,3.212442782256945,1.0415345833333332
2025-11-07,534223.8723958334,513808465.06534725,2.202261831701389,1.1739831840277777,3.174658591527778,1.0022581319444446
2025-11-08,511001.88656250003,508130197.53516865,2.100045068263889,1.149290659722222,3.021526924201389,1.0624534166666666
2025-11-09,503503.85170138883,499021432.2935554,2.1781015757986113,1.1474416875,3.0975804834722225,1.1735154027777779
2025-11-10,496854.8863888889,495481561.2947681,2.309252202361111,1.1904263854166668,3.273616335798611,1.0047254166666668
2025-11-11,501878.4055555556,491059136.1985753,2.3482542461111113,1.1739580868055555,3.260891211041667,1.0419144895833332
2025-11-12,515341.40375,494446871.0011053,2.352526328958333,1.1027561041666667,3.3943072512847223,1.0605436736111111
2025-11-13,522001.04784722225,495752733.7628839,2.3760972277083336,1.0638126597222222,3.4364634103472222,1.0038484652777777
2025-11-14,533003.9754861111,490248973.28571725,2.458469055972222,1.0400489131944444,3.507839771909722,1.0706505868055556
2025-11-15,530456.0911111111,495443017.9503495,2.381585220173611,1.0046608263888888,3.3864288422916666,1.0874534930555555
2025-11-16,527969.9277430555,492122339.1698637,2.444964358645833,1.0524857430555556,3.4686891978819445,1.0142897708333334
2025-11-17,525152.309375,484410798.04208946,2.5288520686805556,1.0364272916666666,3.590302415798611,1.0209842222222223
2025-11-18,537825.8897916666,494736681.3174161,2.383032539375,1.0323492777777779,3.406657474548611,1.021808763888889
2025-11-19,535164.8539583334,488473275.8564683,2.601633644826389,1.050854888888889,3.5146327971527778,1.08304909375
2025-11-20,535834.2976041667,479757256.6359483,2.6007806957291666,1.0688627708333334,3.5289772834375004,1.0415296145833333
2025-11-21,557090.9005208333,465759219.25711334,2.6291008590625,1.0168853645833333,3.3758056026041667,1.0327625486111112
2025-11-22,565947.2631597222,469089764.2401485,2.4742167522569445,0.9755713506944443,3.1031566284027776,1.111828357638889
2025-11-23,555367.4704861111,470032166.5054207,2.4711430209722223,0.9420592638888888,3.2357088088541666,1.1229879131944445
2025-11-24,538076.4325347221,458491809.5280661,2.540867023958333,0.9963693333333333,3.2901296391666666,1.0300190173611112
2025-11-25,523981.4233333333,448978709.554639,2.6921958378819446,1.0159904479166668,3.3454555438194444,1.151148107638889
2025-11-26,512925.22256944445,446383378.050101,2.5309965603819444,1.0032641631944446,3.1790874465625,1.038846611111111
2025-11-27,510344.80624999997,456339475.7271088,2.398930756388889,1.0213155277777777,3.0896498399652774,1.0324200868055557
2025-11-28,504656.11631944444,449882467.54965866,2.4945838502430555,1.0635267256944445,3.1645782122222226,1.0758863055555556
2025-11-29,501769.1797569445,441231859.66275287,2.5654139430555554,1.0921784409722222,3.3925328288194443,1.0890889722222221
2025-11-30,503580.7499305555,445058540.82582235,2.414809085347222,1.07090865625,3.253773557673611,1.0751284409722224
2025-12-01,516415.68677083333,425820103.64858365,2.7066002424305555,1.006068048611111,3.507244708125,1.0438688645833334
2025-12-02,518434.97072916664,440565449.3458466,2.5332406204166666,0.9832454652777778,3.3182901124999997,1.1859141145833334
2025-12-03,518920.4828819444,466596517.71538234,2.319445465625,0.9692668437499999,2.9546808603125,1.1418515069444444
2025-12-04,512589.03125,466268440.92166364,2.285719598159722,1.0531590138888889,2.8202427420833334,1.02357153125
2025-12-05,514965.32114583335,459851437.3929353,2.3479349557986113,1.0789479409722222,2.9190321894791667,1.097064642361111
2025-12-06,514977.19229166664,457192791.5859274,2.475813304826389,1.0443123368055556,3.1117247677430555,1.1087438368055555
2025-12-07,514058.92878472223,459181257.53923345,2.5802457894444446,1.0564918819444444,3.2567861097222224,1.074931121527778
2025-12-08,522910.0236805555,471923091.39826447,2.5380829902777777,1.1001137569444444,3.1383328876388887,1.058710513888889
2025-12-09,518704.47677083337,465368402.34646106,2.450647146423611,1.1153589583333334,3.1402968002083336,1.1389427465277777
2025-12-10,513217.70861111116,458625713.6338432,2.4464730593055553,1.1351949826388887,3.2757846839236113,1.0464325798611112
2025-12-11,508652.77045138885,443665928.99199474,2.504464954409722,1.1257910451388888,3.3754686191319445,0.9843179340277778
2025-12-12,501907.92069444444,444125006.6729666,2.396907862604167,1.1220167777777776,3.1859866253819447,1.0931841875
2025-12-13,511691.94878472225,455943369.16580933,2.3256071846875,1.1203493784722223,3.0768270349305555,1.2221265868055555
2025-12-14,506011.8789583333,450447012.43012184,2.3103978109722223,1.1112929375,3.003703341736111,1.2016583784722221
2025-12-15,505138.4116319445,441687127.05442566,2.450372058888889,1.11214709375,3.210241505659722,1.0838965486111112
2025-12-16,514681.7155902778,444888453.56316465,2.466429910972222,1.0880476354166666,3.186846236145833,1.1361291597222223
2025-12-17,515634.19819444447,441913380.0936721,2.470221188368056,1.078750625,3.125614006701389,1.0035490104166667
2025-12-18,505215.08100694447,422780972.62473637,2.4623029990625,1.015751375,3.2127637456944442,1.051320875
2025-12-19,488573.1196180555,412811286.9387371,2.3132104618750002,0.9803078888888889,3.0444587818055555,1.1994173020833334
2025-12-20,483409.0493402778,412900580.332873,2.3174181879166666,1.0242935069444445,2.9714234531250003,1.184706017361111
2025-12-21,480870.0391319445,410150726.10030466,2.4143650625694444,1.0600083090277779,2.992719396284722,1.1451472812499999
2025-12-22,486525.19468749996,419539765.2549556,2.4482912086111113,1.0319309618055557,2.987525139027778,1.189451826388889
2025-12-23,493382.04024305556,419174853.24045414,2.5871340911111114,1.0504593333333334,3.2476317705902775,1.0417110763888888
2025-12-24,490770.81649305555,413367515.6081352,2.4998389945138886,1.0804985243055556,3.2115096139930555,1.1091054618055556
2025-12-25,488102.38336805557,410737094.0846985,2.5049953773958333,1.0827229826388889,3.218644283958333,1.1961797708333333
2025-12-26,486373.83861111116,407219925.3807338,2.5778498699652777,1.0625395763888887,3.340741295381944,1.0874673333333333
2025-12-27,478602.2523958333,401882679.3678375,2.4858101738194445,1.0516259791666667,3.1520585388541664,1.2492768993055554
2025-12-28,487333.40625,415546084.47934973,2.208331322743055,1.038145048611111,2.7545075324305555,1.2819932048611111
2025-12-29,491424.3718055556,421580705.7052525,2.2979216652430554,1.0444386875,2.787895880173611,1.1599377708333334
2025-12-30,480160.88194444444,411573078.8827754,2.4086176691666665,1.0806658645833334,2.9600664546875,1.2001363958333333
2025-12-31,491659.38121527777,425188847.6085537,2.281844988263889,1.105352496527778,2.800259279305555,1.1293331006944445
2026-01-01,498247.60986111104,429872032.4705192,2.4539203771875,1.1290414097222223,2.9874823473958334,1.2144862708333333
2026-01-02,499655.5116666667,436280359.2216428,2.2032380911111114,1.1276620069444445,2.7359456607986115,1.2051994722222221
2026-01-03,497839.6779513889,436569738.7276436,2.136761871423611,1.1555467743055554,2.7059304051388886,1.2105784583333332
2026-01-04,510224.5453819444,453668508.1682698,2.0603503902083333,1.1682031041666667,2.6075665275,1.1572626805555555
2026-01-05,521718.51187499997,471626928.86151683,2.0156123137152777,1.186701454861111,2.5808571282986112,1.140975920138889
2026-01-06,521600.1651041667,474763913.08969164,2.0241472528472224,1.1879807708333334,2.6205044734722223,1.2161278194444443
2026-01-07,514966.52041666664,466939245.527489,2.0633040909375002,1.2119976284722223,2.6401863944097226,1.1645535520833332
2026-01-08,513388.7670138889,456826701.49699455,2.3876508575,1.1553557847222222,3.0283370902430553,1.0961561076388888
2026-01-09,503792.23215277784,450365690.9217358,2.4152396251388892,1.1286983159722221,3.054082018229167,1.2399371666666665
2026-01-10,525903.3935069445,476238454.78003716,2.0780411417708335,1.1188541006944446,2.6678235782291666,1.179789545138889
2026-01-11,536704.4525347223,488417574.7307028,1.8592948173263888,1.1506488506944443,2.43293104875,1.1116288368055556
2026-01-12,534472.3270486111,483621695.9829091,2.1255949263194447,1.1949818506944443,2.785416744861111,1.148936795138889
2026-01-13,554334.5545833333,509460757.67815346,1.850032471875,1.1687895381944444,2.4211525283680557,1.2293961736111112
2026-01-14,578986.6500694444,545738635.646644,1.6817616167708334,1.2349676180555555,2.2611138203125,1.1059200833333334
2026-01-15,561922.4957986111,526480015.70055974,1.80563994,1.20384221875,2.429316004895833,1.1555072777777777
2026-01-16,553263.2879513889,516325825.40365887,1.8673924351041669,1.1661891597222223,2.5893621148958332,1.1719421250000002
2026-01-17,569017.3930208334,537191301.993754,1.788732889722222,1.127573125,2.4672272511458333,1.0962245868055556
2026-01-18,581036.1398263889,550951642.6434101,1.7358556445138889,1.1110536527777777,2.4063026888888888,1.1871697118055555
2026-01-19,544717.1025347222,504046012.7976424,2.2796351059375,1.0824158472222223,3.079139105034722,1.059305340277778
2026-01-20,538464.8947916667,490417870.26182246,2.254648227638889,1.0891411875,3.1203859216666667,1.1219576319444444
2026-01-21,523146.6476388889,459997648.37678677,2.429557391979167,1.0466518506944444,3.3515654932291667,1.1502607708333334
2026-01-22,515237.5170833333,458455758.3865256,2.3642335442708333,1.0134757569444444,3.2919699735069443,1.2128933124999999
2026-01-23,512467.67347222223,456991294.8028344,2.3779568494097223,1.007239625,3.3082775671180555,1.1815264305555555
2026-01-24,511567.88409722224,455945711.8859915,2.3691061738541666,1.0029313090277778,3.352695193159722,1.2780373472222222
2026-01-25,509471.21322916663,446494014.0742233,2.312124605277778,1.0450485243055556,3.2212667225,1.1235007569444444
2026-01-26,503032.74631944444,439464198.08534944,2.3262050732291666,1.0712448854166667,3.2335971718055556,1.3380745381944446
2026-01-27,507318.0320486111,449918647.641546,2.3317493353819447,1.0290067256944444,3.232690801909722,1.22144053125
2026-01-28,516992.63760416664,466650886.47725683,2.2808856731944447,1.018661892361111,3.126316914791667,1.0635455555555557
2026-01-29,519179.10975694447,459938485.99253815,2.4391168018055556,1.0656948124999999,3.1901878765625,1.1570004444444446
2026-01-30,511339.2142361111,434014747.28345793,2.6279148782986113,1.0532762881944444,3.438769448125,1.025567263888889
2026-01-31,513410.5185763889,421525401.9406391,2.5734984927430555,1.0102870937500001,3.295474441111111,1.11719575
2026-02-01,524756.6881597223,403932290.0871752,2.5309797294791667,1.0133098055555554,3.1171238418750002,1.09582446875
2026-02-02,520008.0401388889,397382086.4312155,2.342608688611111,1.0610108645833334,2.8965507816319445,1.0934590555555554
2026-02-03,516433.1019791667,396956774.22118837,2.545009422777778,1.0638962916666665,3.0834670485416664,1.0897524236111111
2026-02-04,524192.4772222222,388215283.8740023,2.645622025972222,1.0791940381944445,3.1646445531944445,1.1608562708333334
2026-02-05,525750.3929166667,353099870.8753106,2.5407145551041665,0.9553974027777777,2.9444961490277777,1.0053447256944446
2026-02-06,487178.0209722222,311176861.391892,2.356499108125,0.8905272465277778,2.406516869236111,1.052087892361111
2026-02-07,468013.92309027776,302734766.82869077,2.572226575833333,0.9089786666666667,2.505026727013889,1.065522736111111
2026-02-08,475859.0904861111,306472669.88342166,2.611148349965278,0.907648045138889,2.5481816360069445,1.129837138888889
2026-02-09,487283.8900347223,309096056.36424834,2.6839214943750003,0.8524489409722222,2.6497109621527777,1.0616240625
2026-02-10,487478.1775694444,305694941.5693825,2.6334766519444446,0.8995905104166666,2.5820499248611113,1.0336069340277776
2026-02-11,502778.16572916665,304154340.343089,2.660907275104167,0.8753901909722223,2.603307430034722,1.1771443368055554
2026-02-12,500149.7960763889,306160469.6238841,2.4643742431944444,0.8513735798611112,2.420057690694444,1.0985344583333334
2026-02-13,514327.9037847222,312995435.5713285,2.6052754577777777,0.8975678611111112,2.558932272361111,1.0965974756944443
2026-02-14,521254.35659722215,327028487.71084315,2.5776577084375,0.9477969826388889,2.5160017710763887,1.1061118819444444
2026-02-15,520033.24100694444,325224957.29534763,2.640458194340278,0.9244547430555556,2.5118554421527777,1.0811028125000002
2026-02-16,507965.4336111111,313254210.8966324,2.6763611059375,0.9126072916666667,2.6432539613888886,1.0408847534722223
2026-02-17,499362.29614583333,310186950.20617586,2.6765018990972225,0.9452106215277778,2.5444071844791667,1.0784088819444444
2026-02-18,499327.0713541667,306807764.1369588,2.53982097375,0.9000995868055556,2.5496425247569445,1.0997618159722222
2026-02-19,506723.1860416667,306735023.04997486,2.637030858159722,0.8804238680555555,2.7343134921180554,1.018536375
2026-02-20,501157.0242013889,308100772.6376182,2.628898097395833,0.8820835555555555,2.620388219027778,1.0908078576388889
2026-02-21,504571.7709722222,316839670.50223655,2.4509638477777775,0.8807691180555556,2.283188888194444,1.1445819166666666
2026-02-22,501407.69809027785,310460037.6953409,2.4767823603125,0.9216371284722222,2.392071020520833,1.3098946076388889
2026-02-23,502459.2454513889,301176939.1724423,2.800243998576389,0.8898131145833335,2.747655354548611,1.0166259756944445
2026-02-24,498536.33815972216,293594904.6205,2.7314785461805555,0.9664884826388889,2.7259729303819444,1.0764277847222223
2026-02-25,497004.4292708333,303511473.70899874,2.505432282638889,0.9180760347222221,2.5155812802777775,1.1298701076388888
2026-02-26,502222.15496527776,314260531.75310165,2.4147298427083332,0.970238670138889,2.2302603466319444,1.0750725104166667
2026-02-27,497614.3308680555,308262449.72784054,2.6366094839930554,0.9724764375,2.4234101675694446,1.191654545138889
2026-02-28,490891.4461111111,297472067.8918133,2.848557256041667,0.919922388888889,2.7240782840625,1.084598940972222
2026-03-01,490026.9648958333,305355996.66346264,2.5530193467361113,0.8857549652777778,2.3392187966319447,1.0568132951388889
2026-03-02,507728.77010416664,319223500.5251486,2.40801136,0.883916,2.2760742495138886,1.0917984861111112
2026-03-03,508915.1608333333,321373352.4999927,2.229726913055556,0.9219072673611112,2.2188080967013892,1.0517014826388889
2026-03-04,514526.9455555555,333282108.01423484,1.996598462361111,0.9146980972222222,2.0599793827777777,1.0954028402777778
2026-03-05,504018.34243055555,329479545.4990475,1.901341143576389,1.0002988958333332,1.913418905,1.091237423611111
2026-03-06,498880.2173611111,318323025.46032155,2.3517891339236114,1.0342461250000001,2.3602429486458334,1.1694641701388888
2026-03-07,508223.9354861111,317917835.66348046,2.698624993576389,0.9902605,2.766287933263889,1.1500323819444445
2026-03-08,508152.78180555557,313734799.29928774,2.670827939409722,0.9888061388888888,2.7760412876736114,1.166195048611111
2026-03-09,501680.2724305556,315929377.49666023,2.5057843003819444,0.9526184548611111,2.5879345464583334,1.1230081805555556
2026-03-10,504489.9967361111,324871957.688807,2.2732153289930555,0.9275860833333334,2.315675623125,1.0451500520833334
2026-03-11,514725.81836805557,332277057.25951666,2.0826476485416667,0.9536832291666667,2.1270835687500003,1.1438159618055554
2026-03-12,522381.14468749997,339138329.6112709,2.032272141840278,0.9912790555555555,2.0123170744791667,1.0837967013888887
2026-03-13,525175.7978472222,347841664.5943558,1.762964570486111,1.0028203784722223,1.8037615002083334,1.0454201493055555
2026-03-14,515806.5131944445,337320064.595829,1.9327299781944443,1.006131402777778,2.0125119713194444,1.2124294375
2026-03-15,515949.55913194444,341150580.0215593,1.938444179166667,1.0009396284722223,2.0387146958333333,1.1776309895833332
2026-03-16,513224.0792361111,347940271.33091974,1.6516714393749998,1.0722594826388887,1.7360433434722222,1.1196683819444444
2026-03-17,499539.9013888889,336357218.8990145,1.7957725060069443,1.1873597222222223,1.8724059695138888,1.1672479166666667
2026-03-18,488947.48409722216,323489516.1482082,1.9128024081250001,1.1628385868055555,2.0332120395833333,1.1559250868055555
2026-03-19,480705.7173263889,309433882.32318664,2.1258815191666667,1.112131517361111,2.2824589669444446,1.1866804375
2026-03-20,487948.98170138884,312957059.2844543,2.1318810269097224,1.0223256388888888,2.3594057544097224,1.2768615868055555
2026-03-21,486294.2809027778,312364471.8176528,2.1254962896180554,1.0184222916666665,2.3475626077083334,1.3478087777777779
2026-03-22,486566.23100694444,306660960.4253217,2.1761112583333335,1.0090611041666666,2.3684619012847223,1.155674815972222
2026-03-23,493294.69649305556,312637514.5047266,2.2048930532291666,1.00016321875,2.409875010590278,1.1413269513888888
2026-03-24,506539.1076736111,321028633.14170295,2.2419539807291664,1.042726,2.415296856875,1.0954431597222223
2026-03-25,507069.7669791666,327351883.38863325,2.034632846527778,0.9967424236111112,2.153073689513889,1.2135629131944445
2026-03-26,509562.4471180556,322718100.0641531,2.2984147864236113,1.040833482638889,2.436862308125,1.1184984965277778
2026-03-27,521473.6328819445,321923746.88916004,2.5235444120833335,1.0207198715277779,2.627673346388889,1.1805931041666666
2026-03-28,524742.8217361111,322080103.9471241,2.5152983695486113,0.9764027916666667,2.6388359205555556,1.0870528993055555
2026-03-29,518374.99635416665,316777291.0120372,2.551075303680556,1.0042652951388888,2.658512355486111,1.1511624375
2026-03-30,510376.45225694444,313880511.1683285,2.4849328838194444,1.0134969097222222,2.5665067533680554,1.3055887118055556
2026-03-31,520286.9897569445,318512655.42103523,2.539826087326389,0.982269013888889,2.624908819722222,1.1868791006944446
2026-04-01,525711.1661458333,323521777.00228125,2.5583447611458334,1.0126636145833334,2.5598091462152777,1.1412153993055556
2026-04-02,556742.3961805556,326393665.47681266,2.8890512602083334,1.0314322291666667,2.8893422578819443,1.072828111111111
2026-04-03,553203.6342708333,324612667.2839025,2.869699697951389,1.045033378472222,2.849732591979167,1.11588475
2026-04-04,542472.8694444444,320543722.05318606,2.686427814340278,1.0272497708333335,2.727373232083333,1.1089350069444446
2026-04-05,532361.6354513889,315565370.42091674,2.5908815711458333,1.0088466944444443,2.5179985492708337,1.0648662777777778
2026-04-06,521189.24843750003,315141642.5928563,2.169545033854167,1.0298063923611112,2.1487500105902777,1.144947048611111
2026-04-07,514466.37305555557,309851178.0981346,2.2295448431597222,1.0415309409722222,2.209394861631944,1.1594774131944443
2026-04-08,528691.7431944445,322898764.3953513,2.0629787613541666,1.0938297986111112,2.054806192118056,1.2122024652777776
2026-04-09,535571.9710069444,323084711.0954311,2.2255798746875,1.1245683923611112,2.3024904896875,1.195492375
2026-04-10,535652.5500694443,323631735.6211593,2.4051002956597225,1.0760104652777778,2.4814659033333335,1.197877232638889
2026-04-11,538931.6294097223,327290797.2274224,2.478951090798611,1.0852914236111113,2.494265125625,1.1927063402777778
2026-04-12,538052.8251388888,319996050.1965373,2.745161099375,1.1077929375000002,2.695614186111111,1.1416193333333333
2026-04-13,530409.7871875,318916987.52009076,2.563608545069444,1.1077674375,2.6128142346875,1.1624371458333334
2026-04-14,536059.1628819444,330480531.0078109,2.0224328115625,1.0769410555555554,2.0440225601041666,1.1390361041666666
2026-04-15,553734.7954861111,342630414.17972296,2.0353257078819444,1.1288589965277778,2.032741880416667,1.194164267361111
2026-04-16,557237.4090277778,348778344.0332465,2.1043541815625,1.1306279375000001,2.080340633611111,1.1608641666666668
2026-04-17,551864.7967361112,351102667.85053784,2.040957088576389,1.1263706145833334,2.005248549548611,1.241838420138889
2026-04-18,551155.0635763889,351107112.4869461,2.0591954893055555,1.1631596041666665,2.0575866074652778,1.1533070347222223
2026-04-19,542724.8998263889,338169858.535486,2.3366759602430553,1.1669957222222223,2.3609598456944445,1.2776700208333334
2026-04-20,541041.7278819444,338581395.57199764,2.517628054340278,1.113130329861111,2.522384006840278,1.1459251944444444
2026-04-21,544920.0452083334,344290554.81359845,2.5010368005902777,1.1021053020833333,2.438779466076389,1.14045228125
2026-04-22,541213.5880555556,347763337.8890619,1.9593935743402777,1.1484481909722222,2.0060028077777776,1.1123054583333334
2026-04-23,536978.1294791666,341713785.47918,1.9904468258680557,1.1813789965277777,2.1020691245138887,1.2497443993055555
2026-04-24,542723.0769791666,345757489.6970609,2.1854461063194446,1.1797612430555555,2.1943707786805557,1.415312642361111
2026-04-25,545057.6656944444,345566469.05255735,2.3648490491666667,1.1971592847222223,2.3146212705555556,1.408757982638889
2026-04-26,543646.4019791667,343678534.5563809,2.4029859319791664,1.1948112881944446,2.4407135723958335,1.2530902604166667
2026-04-27,543318.8830208334,341373337.90181184,2.5668186490625,1.2275905833333334,2.521783292395833,1.2072361215277778
2026-04-28,547769.7469791666,341837999.51800895,2.5663353815625,1.2881352569444444,2.4900445465972223,1.2503319618055555
2026-04-29,544374.0302430555,338712841.7433263,2.657984264270833,1.2735557881944444,2.5849966219444442,1.1479426006944444
2026-04-30,550342.7244791667,339638601.0720049,2.755746635138889,1.29659009375,2.675291561770833,1.2474541840277777
2026-05-01,551446.3037847222,341128939.6786232,2.607356118298611,1.2473663715277779,2.604702149861111,1.3516430555555554
2026-05-02,551645.9313194444,340442982.9076092,2.5387526341319444,1.2507849756944445,2.582020290243056,1.3914989166666667
2026-05-03,548311.8504513889,339210465.0781482,2.6532118642708333,1.2425742361111112,2.6331657123958334,1.3272956805555554
2026-05-04,564487.9674305556,353336943.1807449,2.442189675208333,1.3039581041666668,2.4684718532291665,1.1971525659722222
2026-05-05,573667.1271527777,361006983.51593906,2.5952891878125,1.3780488541666667,2.6146440290277777,1.2790143055555554
2026-05-06,582980.9646875,375569109.58157086,2.0827598772222222,1.412685579861111,2.1997558507986112,1.1874442083333332
2026-05-07,588798.7060069445,379906021.7015038,2.2613967208680554,1.4531620347222223,2.3345827320833332,1.1716077222222223
2026-05-08,562848.1760069444,361302412.0216887,2.338026133055555,1.3062274861111112,2.432493261875,1.1650967534722223
2026-05-09,556027.9085763888,362055726.8107456,2.007322856770833,1.298726625,2.1217246040972224,1.1566068888888887
2026-05-10,555838.3318055556,362934849.1076338,1.909859834027778,1.3264405277777778,2.0672799261805554,1.250908659722222
2026-05-11,573960.3332291667,377542992.0127335,1.8558576665972224,1.3826025347222222,2.0362758972916666,1.1754464618055556
2026-05-12,611336.8733333334,404594775.11755365,1.9160769177083334,1.4424503368055557,2.0859061193402777,1.1641767708333335
2026-05-13,662192.0126388888,447076255.14344287,1.7491930895486112,1.486135611111111,1.9096961361805558,1.1462363506944444
2026-05-14,644731.2316319444,435621406.6921466,1.8169068864583333,1.4395836180555555,2.0048520817361113,1.2010470555555555
2026-05-15,656536.5904166666,445911627.5381373,1.808734645798611,1.4545239513888888,1.9444892713194446,1.1204811631944445
2026-05-16,620693.3207291667,409469656.6866884,2.296573384375,1.3967775729166667,2.4031530309027778,1.167554611111111
2026-05-17,612484.8651041667,400566129.80433655,2.394801910451389,1.3831888055555557,2.5736496293402777,1.2694413472222221
2026-05-18,595799.0739583333,382532898.70174617,2.581015485868056,1.427208954861111,2.713359942638889,1.10176396875
2026-05-19,592198.500486111,380058816.7854349,2.5833160419444443,1.4469356805555555,2.7463657816319444,1.335638215277778
2026-05-20,589578.5076736112,380428804.7708237,2.6513350571875,1.4012897916666667,2.8445752636805555,1.2088410798611111
2026-05-21,592600.2180555556,387526565.81851256,2.546012733715278,1.4533710659722223,2.7190499167013886,1.1458740555555555
2026-05-22,600734.5867013889,395099920.7541449,2.4210567173263886,1.4651127638888888,2.5571961114583335,1.1581233368055555
2026-05-23,589085.5973611111,382021027.28052425,2.564611872361111,1.4503813958333334,2.713196495277778,1.217168295138889
2026-05-24,582083.828611111,382625912.807992,2.478658820902778,1.4440206631944443,2.574201719340278,1.0524708298611112
2026-05-25,593030.432986111,393148261.125844,2.248984143229167,1.4479873611111111,2.3880260727430556,1.2854792361111111
2026-05-26,590265.1010069444,389136400.25896716,2.353939025659722,1.4377957083333335,2.4906378503125,1.2717850590277777
2026-05-27,589274.3020138888,385504955.0820733,2.5051100199652776,1.4812468333333333,2.6579380081597224,1.1404817916666667
2026-05-28,591398.5714930556,377401643.72696126,2.6261903076736113,1.5089016979166667,2.709578499236111,1.1159615590277778
2026-05-29,586419.3706944444,374872314.12910664,2.438011393645833,1.5165268298611112,2.5611165005208334,1.2071517847222222
2026-05-30,676571.6609027778,463615852.33851767,1.5426415949652776,1.3899928333333333,1.7149611882638889,1.202818607638889
2026-05-31,763423.8031944444,551852864.9218216,1.2804864178819444,1.1798592951388889,1.4097359016319446,1.1130537013888888
2026-06-01,699458.3628472222,486165420.15391797,1.843111876875,1.1165262118055557,1.9870369216666666,1.0776809409722223
2026-06-02,664356.4438888889,448807192.1695682,2.4147255550347224,1.1780020833333333,2.5268378668750002,1.1248099791666666
2026-06-03,628798.8984027778,400439874.06945115,2.737180239166667,1.3717354479166666,2.8786204705555556,1.0787216875
2026-06-04,608042.2034375,367819367.5463693,2.6804624422222223,1.31689865625,2.757059715763889,1.0401417777777777
2026-06-05,587874.181388889,344445703.1277526,2.709670444756944,1.2930444895833333,2.693422615798611,1.0528396111111111
2026-06-06,564778.1299652779,324806543.30017245,2.6049600355555556,1.2953721805555556,2.510980562638889,1.1445766527777779
2026-06-07,557043.5520833334,328599204.38137555,2.7413348594791667,1.2525563541666667,2.7385476191666664,1.151613236111111
2026-06-08,557321.9020833333,335676050.6541179,2.8570387219444444,1.2197265729166666,2.7963033309375,1.0856799409722222
2026-06-09,551228.3017013889,329043387.44572914,2.8557027338888887,1.234066986111111,2.7788081728819445,1.047530378472222
2026-06-10,548164.1209375,322559536.06446177,2.7766765536458333,1.2532231180555555,2.6962297805902775,1.105024517361111
2026-06-11,547377.9154513889,327925292.56181014,2.699569305590278,1.2351861284722223,2.654095288159722,1.1560478576388888
2026-06-12,547585.3902777778,331276590.80223656,2.6902915581249998,1.25466525,2.5099822386458333,1.1800723402777777
2026-06-13,542942.0429861111,329196322.5099052,2.74556110375,1.267914517361111,2.5180261806597226,1.2452309548611111
2026-06-14,541027.0735416667,329934280.3878212,2.6751687847222225,1.2806897569444444,2.4227093747569444,1.1786950833333334
2026-06-15,540026.2323611111,334836692.728536,2.811419333611111,1.3437361180555554,2.5396091622916668,1.2477681805555556
2026-06-16,549106.6938541667,335890253.4483979,2.9098494240277777,1.4109581041666666,2.6746807849305556,1.1914492743055556
2026-06-17,552294.2602430555,334058442.7032447,2.702305104201389,1.4321747847222221,2.5304387682291667,1.0849950520833334
2026-06-18,559466.2559375,328863257.7726123,2.901945266076389,1.4580153055555556,2.703366121701389,1.0493211423611113
2026-06-19,570250.1134027778,329260276.5701636,3.0546447769097225,1.3439307430555556,2.9246921941319446,1.1814919097222223
2026-06-20,571491.1364236111,334521549.0941694,3.1630954002083334,1.3757087847222222,2.947443441215278,1.1844365902777776
2026-06-21,569875.676388889,335943992.11523515,3.2400998354861112,1.3822779479166667,2.963684845138889,1.1480447222222223
2026-06-22,556619.2441666666,330394812.07791406,3.165228272326389,1.3597749270833335,2.937382367916667,1.144643795138889
2026-06-23,558091.7952430556,323304926.93457955,3.3122561695486112,1.3384697708333333,3.097518362152778,1.0623731979166666
2026-06-24,563688.4432986111,321699498.33221984,3.257248164409722,1.2865296180555557,3.057891422013889,1.1141032430555555
2026-06-25,553325.6667708333,311215696.8237058,3.2300755706944444,1.2387066284722221,2.9317754597916665,1.1268849305555557
2026-06-26,540292.0348611111,304572818.8144716,3.0866899642013887,1.3497924305555555,2.7724986517013885,1.146082972222222
2026-06-27,544194.02,309091319.4796,3.07273839,1.391663,2.7515411,0.719951
