date,oi,oi_value,toptrader_acc_ls,toptrader_pos_ls,global_acc_ls,taker_ls
2021-01-01,36898.91409027777,1078734155.8812025,1.5602203015277778,1.2038661488194444,1.605721776597222,1.0595126563194444
2021-01-02,37398.15435069444,1149104824.876623,1.3121573360416667,1.2108846914583333,1.3696385031597222,1.0719104015972223
2021-01-03,34635.83878819444,1160010340.2673564,1.6827936193750002,1.1980727,1.7934304321875,1.0203270554513888
2021-01-04,31354.432649305556,1001195130.8773305,1.803295687777778,1.2073593083333334,1.9415376517013891,1.0035222646875
2021-01-05,28911.858038194445,933409020.5397121,1.807471741875,1.2287234208333333,1.970656526979167,1.0236722036458332
2021-01-06,29112.599309027777,1014361274.2810663,2.0756717465277776,1.2293166463194445,2.0914713686458333,1.0584563145833334
2021-01-07,28991.400354166668,1103707756.2939956,2.0269637096527777,1.1950927965972222,2.0287885974305557,1.0405079344791668
2021-01-08,28885.319986111113,1149969226.530801,2.3321315880902778,1.433187847048611,2.2002483101736114,1.0091412953472223
2021-01-09,29803.272104166666,1204265141.737544,3.1771677274305556,1.363243432638889,2.658712308541667,1.0378794077430555
2021-01-10,30800.150270833336,1223290524.2668328,3.017801913402778,1.53183619375,2.6565750976388887,1.0426048672916666
2021-01-11,27582.309270833335,948839706.7185158,2.623211653923611,1.281847426215278,2.349267244236111,1.0026378653472223
2021-01-12,25857.70636111111,901824770.756616,2.2133534964583337,1.2773068617708332,2.0944650520486108,1.0432980900347222
2021-01-13,26151.863274305553,909473642.6784476,1.9851856936458334,1.1614979343055554,2.089734138854167,1.070745734826389
2021-01-14,28107.03173611111,1083053126.1729538,2.0804670644444445,1.1690185889930556,2.138067140902778,1.0743744488888889
2021-01-15,28800.686076388887,1080139656.4737263,1.9828573480555558,1.1680448528472223,1.952380273611111,1.0581287688541667
2021-01-16,27914.330465277777,1029255903.1318116,2.083011558298611,1.126663536423611,2.232228121597222,1.021599796875
2021-01-17,27487.637555555557,980617025.7418526,1.8878172085069442,1.152245591076389,2.0494739877430557,1.0746543649652778
2021-01-18,28162.60598263889,1016334230.048793,2.2475771597569447,1.1679692425694443,2.4128967065625,1.084338178576389
2021-01-19,28888.40609722222,1065932510.5341029,2.4089161799305554,1.1999121702430555,2.515155188125,1.0496516405902776
2021-01-20,29949.159937269374,1051047784.5403224,2.057907611808118,1.13787585498155,2.3023287823247234,1.06071773199262
2021-01-21,31893.837927083336,1051756744.7327344,2.1672846106597223,1.1013188297569443,2.21957853,1.0222919956944443
2021-01-22,28111.91507638889,894828416.4572788,1.831391935,1.0394031028819444,2.0290894018055554,1.027204139027778
2021-01-23,26661.86515625,862246950.676753,1.8425331559375,1.024309780625,1.9076398420486111,1.0562321111805555
2021-01-24,27218.725673611112,876937391.8130538,1.6719531453472223,1.0277525753125,1.8318154292013888,1.081616529236111
2021-01-25,28774.22571527778,961014292.0053179,1.6938053531597221,1.0755599320833333,1.8114874633680556,1.0684567194097223
2021-01-26,27728.995972222223,886691965.3274126,1.6380318422222222,1.1247254669097222,1.9059632846527776,1.0433916534027778
2021-01-27,29480.125072916664,916410036.6089478,1.6869802734375,1.1271746285763888,1.8321977653125,1.0315989968402777
2021-01-28,29982.88443402778,952155310.1545775,1.5774585539583332,1.1394390526736111,1.7520486352777778,1.085385028923611
2021-01-29,31970.86968402778,1120532227.315706,1.861630592361111,1.2308334022569445,1.9291183866319446,1.0562602914583334
2021-01-30,29692.45026041667,1011658988.2427886,2.379509373263889,1.300732763298611,2.6074749893402775,1.0609447583333333
2021-01-31,31280.13962847222,1046011688.8899384,2.42672336,1.2851479850694443,2.6048968391319445,1.0667971213541667
2021-02-01,30885.926395833332,1041583403.2066731,2.1679556744097224,1.2856067514236111,2.436829846423611,1.141019209513889
2021-02-02,30512.802475694443,1060174777.8065553,2.2745201280208334,1.363232815625,2.4973425332986112,1.151808962534722
2021-02-03,29742.71742013889,1087379789.410375,2.0442324010416666,1.3927745112152778,2.121002696423611,1.1251434737847221
2021-02-04,29868.10139236111,1121123354.3686187,1.880202296388889,1.3787097637847223,1.837804541076389,1.040381962048611
2021-02-05,30340.047756272397,1142296415.146265,1.9109891832258064,1.3665004864516128,1.9397371827240144,1.0513006416129034
2021-02-06,32788.563444444444,1306867806.2834673,2.095808274722222,1.3671999854513888,1.9931816685069446,1.0607962340625
2021-02-07,32846.75760278745,1271876535.313835,2.3967308882229967,1.3222069812543553,2.2641717274216027,1.0302303563763067
2021-02-08,33286.0855,1376319943.2495415,2.250271015,1.3723146190277777,2.2015982141319443,1.04260430625
2021-02-09,35018.75814236111,1636170820.0467882,2.445316719652778,1.4390662338194444,2.194576910763889,1.0172830604861112
2021-02-10,33890.248526132404,1553926425.6989284,2.653764828850174,1.43959525184669,2.4366624406620208,1.0350990513937282
2021-02-11,34473.8947826087,1597372903.6653664,2.774764110217391,1.4182757855434784,2.681158507536232,1.062854134072727
2021-02-12,35877.931333333334,1708893246.2719438,2.999559418611111,1.3996060640625,2.773349325243055,1.0491241340625
2021-02-13,34443.18019097222,1628976742.5240867,2.7993351173263887,1.3965766881597221,2.686260878611111,1.0467799207291666
2021-02-14,36816.683618055555,1791667796.6705933,2.681271126597222,1.3993382010416666,2.5450616254861114,1.0519606193402777
2021-02-15,34702.84939649123,1662109081.40993,2.268370410596491,1.3552620117192984,2.199409221508772,1.0178968741052632
2021-02-16,35356.737351916374,1729963209.9687238,2.3228642498606273,1.4058763646341463,2.2042588653310102,1.0531321755052263
2021-02-17,37558.05865277778,1915943617.4921026,1.946258735972222,1.368646887013889,1.8547564758680555,1.0566562835763889
2021-02-18,36940.31350522648,1920278181.473902,2.2238285710801393,1.3525547072125435,2.0445128962369337,0.9989681343902438
2021-02-19,35308.06993119266,1861578789.826091,2.1002327336697246,1.3410657223394495,2.0611935346330275,1.058313797385321
2021-02-20,34439.386334558825,1940494017.3104305,2.3164741551102943,1.3550287587867647,2.187907528272059,0.991025128125
2021-02-21,33558.525725694446,1916155911.669013,2.201242140173611,1.3522858029861111,2.213079933784722,1.0612657103125
2021-02-22,31987.775593749997,1752367691.1833885,2.426125573715278,1.3314821254166667,2.385203856736111,0.9941264372280703
2021-02-23,28211.009659722222,1385006786.7005644,2.2803106541666667,1.2655771945833334,2.1324917021180556,1.0105353405555555
2021-02-24,26982.828160278747,1343807361.061062,2.0167782383623694,1.328011021358885,2.092575793379791,1.0343000497560975
2021-02-25,28441.374159722225,1421761894.3480532,2.2110725557291664,1.2660429290277777,2.257526678819444,1.027761543611111
2021-02-26,27853.00625,1299926709.9130263,2.1524719571527777,1.1872176293055556,2.2862934346875,1.0172867435416668
2021-02-27,27909.93017013889,1316235380.6081526,1.9077034745486112,1.3182691806944444,2.0983881906944446,1.0452225384375
2021-02-28,29345.576923344946,1313746443.6059458,1.7936648848780488,1.2722803007317072,1.8942736762020906,1.0360635222648082
2021-03-01,28894.905322916668,1374790857.981477,1.7577503187152779,1.2415549764583333,1.9770724929861112,1.0320192287152778
2021-03-02,28997.87103125,1409544716.0460744,2.012068605902778,1.2661690947569444,2.0314093991319444,1.033065289097473
2021-03-03,29803.66431944444,1503617912.237169,1.876953502048611,1.2630793846527777,2.011011021076389,1.0739012391666667
2021-03-04,29656.04556597222,1464962817.0174215,2.285329466840278,1.2416893201041668,2.507820139826389,1.0106880171180554
2021-03-05,29967.045101045296,1429770030.8703604,2.088199730836237,1.2640254914982578,2.3391436478745646,1.0472644264808364
2021-03-06,29502.112972222225,1426766723.3855836,2.1003606784375,1.2513318220486112,2.260378856111111,1.0492453605208334
2021-03-07,29874.638312500003,1500675650.6471853,1.782633321597222,1.2973623902430556,1.9273758997569443,1.0633249117361112
2021-03-08,30610.24065625,1555301871.781933,2.104483481736111,1.3094844916319444,2.134504765486111,1.075555265173611
2021-03-09,32655.275815972225,1763269579.3572268,1.9184742105208332,1.3163033914930555,1.956417318923611,1.0095044228819445
2021-03-10,32550.31456794425,1803934220.1178787,2.087563157595819,1.3385645765505227,2.0484175298954703,1.0129975929268293
2021-03-11,32873.10904513889,1852932906.045702,2.0454937048958333,1.2172513872569446,2.0657654484375,1.0155816663194444
2021-03-12,33496.41387456446,1905433807.3714283,2.1511614532752614,1.1543282611149825,2.072384222543554,1.0152265802090592
2021-03-13,35032.67329861111,2065092855.6800961,2.1778970070486112,1.1970861346180555,2.067308128368056,1.0758915605555555
2021-03-14,36510.01283508772,2210538633.1296577,2.4861677195438596,1.287951722245614,2.1678120030526316,1.0367928259298247
2021-03-15,34714.39929166666,2000414695.1422822,2.9082707131597223,1.2373376266666667,2.8870837737152777,1.0569214608680555
2021-03-16,34095.60682291667,1888130961.3886716,2.907403887916667,1.1998200360763889,3.0252947864583337,1.0280043765277778
2021-03-17,33421.164399305555,1875884674.9007635,3.0170187496875,1.198635178298611,3.118481628715278,1.0414052607638888
2021-03-18,33193.53372222222,1942558655.491595,2.800487649756944,1.2502944310069444,2.6725934803472224,1.0065429662717769
2021-03-19,32347.482197916666,1886571528.276021,2.6590318424652777,1.2232962360069444,2.800857531597222,1.0531444646527777
2021-03-20,32487.917302083333,1911067599.5818682,2.6355671435069445,1.272402020625,2.678088095833333,1.0499888940972222
2021-03-21,32917.45302083334,1886669496.3131914,2.914428241111111,1.1964094752430556,3.0696048828819444,1.0336350868402777
2021-03-22,33436.3395625,1900274733.0364122,2.9923294646875,1.2297813751388889,3.210276664236111,1.0152241209375
2021-03-23,33714.28761111111,1845555205.1537461,2.5772447744444444,1.203909571423611,3.124305200173611,1.0007359218055556
2021-03-24,33683.13483623694,1858520963.7013326,2.4899490091637633,1.1865712290243902,2.8170195970731706,0.9811936056445993
2021-03-25,34014.197982638885,1773411878.606734,2.5928748721180557,1.1563119135069444,2.9487884009027776,1.0108380608680556
2021-03-26,33588.361750000004,1786966225.79922,2.3019417230555557,1.153104335798611,2.666137881770833,1.0386826720138889
2021-03-27,32821.88161458333,1810838726.876062,2.0041452854166666,1.1692421797916668,2.095021824340278,1.0308100224999999
2021-03-28,32092.902315972224,1792015587.668345,1.9959974148611113,1.1621339694791668,2.0715861468055556,1.0091997197916667
2021-03-29,33413.965788194444,1904036594.749652,1.9686222877430555,1.1961185412847222,2.0240678657291666,1.042303965625
2021-03-30,33721.77533680556,1970352307.5725222,2.1566487261805554,1.2621215796180556,2.2176544674305556,1.005446446111111
2021-03-31,34495.7570625,2027082371.0801616,2.261832160590278,1.287689899236111,2.275497513715278,1.0094734352777777
2021-04-01,34148.15335069444,2012780031.3923602,2.3662010344791664,1.2970589393055556,2.342938629097222,0.9939220314930556
2021-04-02,34620.93848611111,2054967348.2488632,2.4940359512847223,1.3162678532638887,2.4275854766319447,1.0111967744097223
2021-04-03,34960.45765625,2063158343.1846318,2.5225326447569447,1.2956327369097222,2.4354756794791665,0.9979025374999999
2021-04-04,34379.02200347222,1985318853.2182112,2.3252076303819447,1.2314379485763889,2.5052114033333335,1.0250114170138889
2021-04-05,34057.47904513889,1980240054.9176457,2.6529319284722224,1.2450622074652777,2.6674499553819446,1.0664893104513888
2021-04-06,33659.36806597222,1970089273.011823,2.9456211407291666,1.2941728351041666,2.8536354598263887,0.9935831358333334
2021-04-07,34454.32134722223,1964490711.4651766,2.8921967413194443,1.2553453472569442,3.0727769580208335,0.9924841169444445
2021-04-08,34613.02153819444,1980334493.7001894,2.565203040694444,1.2204619833680554,2.9279247639583335,1.0279652573263889
2021-04-09,32678.23982291667,1903611144.156241,2.510343150625,1.2293713404166668,2.4908291752083334,1.0234470468749999
2021-04-10,34499.42697222222,2070319466.233442,2.5635488671527775,1.263842465972222,2.4495342560069444,1.0299408399305556
2021-04-11,34096.695857638886,2042507449.3280263,3.231141838298611,1.2638248955902778,2.9622631896180556,1.0435547780902779
2021-04-12,35345.61542013889,2128102139.622224,3.250151528472222,1.2529848075347223,3.009395393125,1.0386038052430555
2021-04-13,38234.33571527778,2382147423.133956,2.5025046830902777,1.2289994803472224,2.375078270486111,1.0406183731944445
2021-04-14,37877.81252083333,2405789767.963076,2.951137862777778,1.2456316694444445,2.6246394337499996,0.9892272120486112
2021-04-15,36536.58385763889,2300789554.535757,3.2116175818402777,1.2400231242708335,3.063100099826389,1.0112772125
2021-04-16,36765.67763194445,2270093613.9310613,3.7765394998958337,1.252668924236111,3.684281206145833,0.9868186216319444
2021-04-17,34918.422524305555,2141407567.6308146,3.7337346214930554,1.2264626364583333,3.9299161333333337,0.9869403106597221
2021-04-18,30381.85090940766,1703434367.0621173,2.8051806159930313,1.2160261784320556,3.06636078912892,1.0260959147038329
2021-04-19,27925.87366783217,1572810095.5561857,2.4525387738461535,1.0949247608741257,2.6609931052797204,1.0469375591608392
2021-04-20,28690.13563888889,1591496932.433325,2.4035855409027778,1.19023633,2.5141162875347223,1.0518298244097222
2021-04-21,28170.613399305556,1560996602.9456024,2.638568972326389,1.1380455922569446,2.739282613576389,1.027712494375
2021-04-22,29404.334520833334,1581262567.2587576,2.1832906598263886,1.1672330715625001,2.3505045123958332,1.0195099114930555
2021-04-23,32909.60453125,1640767743.3822188,2.1519910876736112,1.1847795214583334,2.0835869709375,1.0364036771527778
2021-04-24,33289.88986111111,1666360325.7258227,1.9242501614236112,1.208333940486111,1.8011222921874999,1.0461251113541667
2021-04-25,33738.16004166667,1674629377.6332173,1.779115809236111,1.1874375117708333,1.7846657303819444,1.0399211963888888
2021-04-26,30633.077604166665,1621681658.2610788,1.5018845835069445,1.1565418725,1.6583789863194445,1.035357414236111
2021-04-27,28393.078007751938,1546953206.0502357,1.6756774749224805,1.1804207935271318,1.694474485,1.0397986684496126
2021-04-28,28385.01025347222,1554179041.4465861,1.7612349713194444,1.2089178623958334,1.8095134733680556,1.0409514352430556
2021-04-29,29937.107565972223,1612325242.0946763,2.1603333160416667,1.1838747754166665,2.195884988993056,1.0695102076041667
2021-04-30,31503.258958333332,1742091415.7382932,2.0235070009722222,1.174559943576389,2.1101912565624996,1.0407922889930556
2021-05-01,32822.395805555556,1896431106.014638,2.2725533726041665,1.186477521423611,2.1443138855902775,1.0226514641319444
2021-05-02,33388.63046180556,1899013792.852971,2.5345993578819446,1.2258490097222223,2.4193319243749998,1.052428233715278
2021-05-03,33404.843461805554,1935322936.4493442,2.647933093958333,1.2311314427430555,2.720757504340278,1.002071960625
2021-05-04,33787.256253472224,1868671015.6844532,2.7865624976388887,1.2130814910763887,2.8321643542361112,1.0106858674305554
2021-05-05,32632.798444444445,1823246748.5717587,2.225274844340278,1.2235055816319444,2.508078743229167,1.0497300393402778
2021-05-06,32392.988072916665,1845840543.1414137,2.9310009052083337,1.2683411236458335,2.7957916791319444,1.0299913751041665
2021-05-07,32465.07267361111,1844453042.5927095,2.8872387005923343,1.234872526271777,2.9068098917013887,1.0272380190972223
2021-05-08,32944.597482638885,1928463057.8437777,2.6943989424305554,1.2408673160416666,2.4776887609722222,1.0451971504166666
2021-05-09,32912.540385416665,1908629241.0457926,3.0432437266666668,1.247425548611111,2.73863147875,1.00000494875
2021-05-10,34221.13820486111,1976721770.3117533,3.2637477291666666,1.2756107824305554,3.030198142951389,1.0298432621180555
2021-05-11,33169.43898958333,1852394429.1230097,2.5374457203472223,1.2318891391666666,2.6995809044444443,1.024263339513889
2021-05-12,33037.54433333333,1845779429.9613283,2.6089374125347224,1.2470167081944445,2.6137624526041665,1.0360132881597222
2021-05-13,32646.811625,1626153434.4307513,2.6750639760763892,1.1565427654861111,2.9477742806944445,1.0281175752083334
2021-05-14,33545.577388888894,1682917337.1450634,3.0044200971875004,1.2263694250347223,3.0784919833680555,1.0375376704166668
2021-05-15,34990.19325694445,1708465257.3163934,2.8026112376388888,1.2071046244097223,2.9496448803472224,1.0313675955555555
2021-05-16,36690.65402083333,1750292064.4429927,2.5033942478819444,1.1648192906944446,2.7499919719444446,1.0391803555902779
2021-05-17,40454.67500347222,1792106216.0142546,3.0065025884375003,1.1606145547916666,2.943267103472222,1.0171913182291668
2021-05-18,41447.354885416666,1830468979.1524994,2.9053912721875,1.1623348619444445,3.063798177951389,1.0249985004166666
2021-05-19,35783.716677192984,1405094685.66068,2.4689947798596488,1.149348084,2.321395680070175,1.0141398644561403
2021-05-20,24962.571152777775,992982829.6963253,1.6007365831944445,1.2746792022222222,1.48190030625,1.0503697272222223
2021-05-21,25807.519226027398,1008314231.1289363,1.398210183869863,1.1594296040753425,1.339242499417808,1.0632172331849314
2021-05-22,26596.536288194446,997683888.2985047,1.3443538591726618,1.280068137877698,1.3421158189928057,1.0493243206944445
2021-05-23,30135.410440140844,1053295311.3272645,1.5522046710915494,1.1667681784154929,1.427445185669014,1.0619302424295773
2021-05-24,31410.046336805557,1160542951.8269408,1.4560280027777777,1.1651125106944444,1.4554342147222221,1.0640897317708333
2021-05-25,30943.03052430555,1176081753.8670943,1.5787720580902778,1.1820790023611112,1.4992069743055554,1.027145277326389
2021-05-26,32556.017128472224,1276516337.7617965,1.8195844550347222,1.1624077268055555,1.8180289879861111,1.0001647257986113
2021-05-27,32797.690225694445,1271892070.403716,1.7978609292361112,1.1779591432291667,1.6696149981944446,1.0320884504166665
2021-05-28,34550.64925087108,1262666011.2009332,1.6499906896167247,1.165987647979094,1.5945641058536584,1.0241883631707316
2021-05-29,37257.385472222224,1312119792.0313163,1.7352652638888888,1.1658091071875,1.7101748932291665,1.024242047326389
2021-05-30,37864.81058333334,1342746918.1702259,1.5357869344097221,1.1724680957638889,1.548674107638889,1.0363287830902776
2021-05-31,38593.205149305555,1394888645.5945685,1.457384064375,1.1440017435069445,1.4546567110069446,1.060616655625
2021-06-01,37838.28927777778,1383639090.7376828,1.825058779409722,1.1346053867361112,1.7812319334375002,1.0373046224305555
2021-06-02,39447.48236805556,1471022085.5017283,1.4514999637847223,1.1360163455208334,1.4596994674652777,1.066321085
2021-06-03,42078.721611111105,1621952954.0646598,1.4737758384375,1.1291765204166666,1.4985099359375,1.0356656524999999
2021-06-04,42604.68394097222,1580118268.7991095,1.7750872864930556,1.153337848576389,1.665598033888889,1.024557564236111
2021-06-05,42460.77874652777,1552845826.4452133,1.5101703738194443,1.1195264203125,1.6089297724305556,1.0486299734722222
2021-06-06,44559.578708333334,1601807441.735156,1.3546934183680555,1.1110205987152777,1.4722646181597223,1.061822808125
2021-06-07,45245.60629166666,1622429121.8877592,1.5378440903125,1.119520472361111,1.6838576840277777,1.0216086961458333
2021-06-08,49116.584225694445,1613059537.870498,1.3233114825,1.1072062572916666,1.4208890800694443,1.0867349503819446
2021-06-09,50851.89480555555,1772771110.105253,0.9932933861111111,1.115583744722222,1.0280215847222223,1.1008758804166667
2021-06-10,49559.211263888894,1832426148.725503,0.9904570584027778,1.1045594176041666,0.9048673144791667,1.0578977193055554
2021-06-11,47855.227288194445,1769324053.2010498,1.0186768447569445,1.0892404002083333,0.9525795996180556,1.0613596436458335
2021-06-12,48375.012416666665,1726717693.672452,1.2153876523611111,1.1129472240277778,1.105008420173611,1.0337530366666667
2021-06-13,49922.73213541667,1815909782.1095176,0.9837392235763889,1.0894935206944443,1.0216551024305556,1.0741929297916668
2021-06-14,51472.73724652777,2040748755.6793125,1.0462358042708333,1.1073844422916668,0.9950652472569446,1.0375200340625002
2021-06-15,50682.17169444445,2037166943.8094754,1.1248495910069445,1.0992791977083334,1.069498607986111,1.0417938620833334
2021-06-16,51442.59812152778,2027341457.6861382,1.3180752969444445,1.0966968644444444,1.2759601116666668,1.0243608062847223
2021-06-17,53575.23507638889,2067796636.1813648,1.6672977378819445,1.0705730221180554,1.7799312983680555,1.0195826264930554
2021-06-18,54336.861999999994,2009466713.7137365,2.0161516975347222,1.0713752172222222,1.942869453125,1.0150626129513889
2021-06-19,53213.08598611111,1901411224.0490713,1.686325030486111,1.0716673408680557,1.7090849874305556,1.0854110446875
2021-06-20,54990.48973958333,1926217078.2059488,1.7939627040972224,1.0640996090972221,1.860065852638889,1.0523122683333335
2021-06-21,54040.36714236111,1790904257.4297988,1.9859134689930553,1.071247261875,1.950581798125,1.0300140773958333
2021-06-22,54073.75291269841,1723833186.1827116,1.6595585713492065,1.0892258654761906,1.775559700873016,1.0468162884126984
2021-06-23,53816.22045454545,1814413762.025424,1.4237531032000001,1.0874366044363637,1.5117507350545454,1.0415070028363635
2021-06-24,54762.464025089605,1848308066.4280927,1.3853133039784946,1.0784440562365591,1.4297579824731184,1.0554416756989249
2021-06-25,55097.51629861111,1838894354.7818174,1.408780508263889,1.0916795563194444,1.4048592355555556,1.0342638094444443
2021-06-26,54506.69216666667,1714264795.2508905,1.533508491284722,1.0827854784722222,1.6413962838541667,1.0707546017361111
2021-06-27,56299.82864236111,1858795181.4210339,1.2137512818402778,1.0815059462152776,1.254099587326389,1.0400455909027777
2021-06-28,57619.943649305555,1985096655.0919025,1.1830157567013888,1.1042804431597224,1.0849138068402777,1.0414680710763888
2021-06-29,57766.360072916665,2052964873.5328555,1.1179696735763889,1.1115423927083332,1.1323778672916667,1.0435037086458334
2021-06-30,56387.443440972216,1968627398.59358,1.308891309236111,1.1062381018055556,1.2285706405208332,1.049845689965278
2021-07-01,56707.3753125,1911325357.8674114,1.4830350257291667,1.1037546193402779,1.3754862533333334,1.0498702902430557
2021-07-02,57498.50010416666,1912950841.7434099,1.3775644928125,1.092760216875,1.3551642683333334,1.08900619875
2021-07-03,60071.639104166665,2060050940.3898942,1.378481547847222,1.0792184060416665,1.37558614875,1.063682276111111
2021-07-04,60959.288107638895,2149464712.617976,1.3581767317708333,1.0681553266666668,1.3742506957291667,1.0301633113888888
2021-07-05,61879.055440972224,2108257800.4317715,1.4858352848611112,1.0860203546875,1.4315285512152778,1.0507075872222222
2021-07-06,58959.380197916675,2012498284.3249757,1.4179861482291667,1.0701105589583333,1.5583721563194444,1.0418920544444445
2021-07-07,58037.594815972225,2004616221.737956,1.2940902153819445,1.0920812039930556,1.3421658644791665,1.0690480302777778
2021-07-08,62310.991468750006,2047854221.2594142,1.7529188115277778,1.0760107856597223,1.8381097772222224,1.0594069326041666
2021-07-09,64256.22769097222,2129951084.575387,1.4360459198263889,1.0741598718055556,1.4969604628125,1.1146218114236113
2021-07-10,61451.32201388889,2070163830.7985492,1.1795263408680556,1.0857481290972222,1.1776410593055555,1.0760403363888889
2021-07-11,63119.484975694446,2132331640.1516914,1.0509107425347224,1.0775277005555557,1.075892187986111,1.1028027351736112
2021-07-12,63103.631756944436,2126623816.854363,1.3844740035069443,1.0721055079166666,1.3494240002430555,1.0728762868750001
2021-07-13,62679.77718402778,2057729955.2426562,1.8557483930208332,1.0787554946875,2.0183924194791665,1.0826912140625
2021-07-14,63021.91738541666,2045540824.7325125,1.9144998545486114,1.0573176450694444,2.112738374375,1.077798176875
2021-07-15,62976.58014236111,2019412553.3492804,2.117084988611111,1.0595616552430556,2.315564453645833,1.040991530625
2021-07-16,65081.86618055556,2065164480.7516413,1.918117805972222,1.0621101186458333,2.1265795359375,1.0814303397222222
2021-07-17,64523.276364583326,2035007478.3899803,1.7214604972569445,1.0522077188194445,1.9497980328819446,1.1191435313194444
2021-07-18,66801.46479861111,2120900147.1324031,1.7771542404861111,1.0525198150694444,2.0127492521875,1.0956762654166665
2021-07-19,68587.97314583333,2136266312.1389284,1.8950544488194443,1.0589395252430556,2.072088620972222,1.0818832325
2021-07-20,70400.15002083333,2098849220.15191,1.564060127777778,1.0592686887152778,1.6216638458680555,1.1259961886458332
2021-07-21,71641.74735069444,2232402227.774454,1.248899312326389,1.0543719902777777,1.421646087013889,1.1026983559375
2021-07-22,69141.21280902778,2220129541.900698,1.3007409519791666,1.0823541431944443,1.3021484958333334,1.100521891736111
2021-07-23,70240.93396180555,2279719700.7277107,1.1787225716666667,1.0623835670833333,1.1828300646180556,1.1252986144444443
2021-07-24,69055.26702083333,2336345937.7175655,1.1263738358680557,1.0433541025694444,1.0976854560069444,1.1026115552777778
2021-07-25,70718.71827430556,2428038456.793225,1.015644379201389,1.0217732108680557,0.9832904377777777,1.0867225732638888
2021-07-26,55827.971788194445,2135970066.6130018,1.3813401588541667,1.0163457313194444,1.4303969258333333,1.0512598671527777
2021-07-27,55213.43364930556,2079247659.7763758,1.3425358146875002,1.0154438486805555,1.368241375763889,1.0929472756249998
2021-07-28,57264.260006944445,2281647830.0059323,1.0879218421180556,1.0253730639583332,0.9996785172222222,1.063145506423611
2021-07-29,58026.29637847222,2311698780.9569635,1.0367624010069445,1.012523652638889,0.9720199511805555,1.0969238655555555
2021-07-30,57054.13682986111,2258395040.060418,1.1125591649305555,1.0148435429166667,1.049829339236111,1.0849679116666666
2021-07-31,55623.383527777776,2315054274.115086,1.0778950943402779,1.0430718580555556,0.9190476720486112,1.0284967039583333
2021-08-01,53825.48204166666,2232462683.915083,1.129863218923611,1.0246127782291667,1.0975031800694444,1.0557394197222223
2021-08-02,52297.807177083334,2070209011.492884,1.3177280949652779,1.0061616213194444,1.4097371422916667,1.0516338399305556
2021-08-03,55625.772156249994,2138795434.9785678,1.5976166662152778,1.0021600986458334,1.5952929948958332,1.0571941072569446
2021-08-04,57971.6835625,2243028765.2723083,1.6721843755555554,1.0027054681249998,1.788672307465278,1.0565627520486112
2021-08-05,56991.324961805556,2244967702.5268164,1.548688570625,1.01511988375,1.5166177291319445,1.0440696120833333
2021-08-06,56316.749586805556,2328227347.19367,1.1222754059375,1.0054663617013888,1.0013071572569445,1.0627682003125
2021-08-07,54610.980329861115,2376685287.0748577,1.066381070138889,1.0122568979513888,0.9801051595486112,1.0459282547569444
2021-08-08,55083.496555555554,2441230908.4472713,1.0352736308680557,1.0248790146180555,0.9113681441666667,1.0329935925
2021-08-09,56734.89012847222,2548491281.242522,0.969305328888889,1.0412184238194444,0.9263147364236111,1.049390649201389
2021-08-10,55882.01656597222,2548123467.0668583,1.1981753982291667,1.0188393563541667,1.1292585503819443,1.014555615625
2021-08-11,54918.66511805556,2530430636.9850173,1.155641158125,1.0332284284375,1.1446713807638889,1.0367077441319443
2021-08-12,57806.309309027776,2596570048.1521587,1.2740254210416666,1.0905126660069444,1.251074522152778,1.045974673611111
2021-08-13,56164.13047222222,2594001877.554797,1.1263164615277779,1.096738234375,1.1563409604861112,1.0694435557638888
2021-08-14,56399.83092361111,2656478213.011886,1.3817893419444445,1.106310099340278,1.2573410925347224,1.0568786990625
2021-08-15,56328.03184722222,2614280228.4429083,1.547518844861111,1.0922912508680556,1.527828195173611,1.032802002326389
2021-08-16,54947.16942361111,2577294525.120867,1.5897845730902778,1.1062518521527778,1.5584720196180557,1.0307554790277778
2021-08-17,56203.19732638889,2583798718.637484,1.6213951087499998,1.0913091213194446,1.7937827998263889,1.0010230151388888
2021-08-18,56705.471767361116,2559636388.1648717,1.5553346973958333,1.1009521478819444,1.8117720405555555,1.062342626423611
2021-08-19,56662.205888888886,2560790306.3800983,1.5675688514236112,1.0902328194791666,1.7744972797916665,1.0287509305555556
2021-08-20,57322.34701736111,2739541421.462298,1.2350105677777778,1.1227871476041666,1.1716316164583334,1.0748673780902778
2021-08-21,58437.34708680555,2865472101.573771,1.1705331580555556,1.1228751850694445,1.016236004861111,1.0672396752430555
2021-08-22,59218.77305555556,2895114169.6157513,1.149219510451389,1.1174017420138889,1.0867493042361112,1.07969653375
2021-08-23,61341.15080555555,3060778616.8374357,1.1220806317708334,1.1297702787500001,1.0491216547916666,1.037700626875
2021-08-24,61984.196055749126,3032755196.263404,1.4309725061324041,1.1248724125783973,1.418022265574913,1.0327375292334495
2021-08-25,61882.91542013889,2985883154.282939,1.6036161789930556,1.1109713809375001,1.8198976941666665,1.063082839265734
2021-08-26,62039.421972222226,2937287725.0021996,1.8577558088194444,1.0974575622569445,1.902449740138889,1.028910328576389
2021-08-27,59871.10502083333,2856946640.2739906,1.458611880625,1.0801214753472221,1.6368956130208334,1.0643437404861111
2021-08-28,60507.47922916667,2958850747.460283,1.350298043576389,1.1309523081597221,1.2907828080208334,1.0651222799652778
2021-08-29,58711.262899305555,2856173139.1056657,1.4450079421875,1.1357371793402777,1.4503789795833333,1.0515724654513887
2021-08-30,60207.36536458334,2895489031.987714,1.6783180851388888,1.1246587466666667,1.6979327431597222,1.0226823133333331
2021-08-31,59843.80687847223,2832010873.572958,1.7299428090625,1.1380155277777777,1.9683701045833333,1.0874225584375
2021-09-01,61141.497,2916042242.648804,1.6921093724305556,1.1530293627430557,1.858690520138889,1.0728289866319445
2021-09-02,62864.7311423611,3123759431.190691,1.3151985010416665,1.172228249375,1.1963099284374998,1.0409462663541666
2021-09-03,62299.37775694444,3110815743.168745,1.4143876125347221,1.1508212629166668,1.2715262064583335,1.0962666606597222
2021-09-04,59198.06767013889,2964532534.112778,1.5500163109027776,1.134899006736111,1.3815071757986113,1.1074112832986112
2021-09-05,57913.39076736111,2917018291.3489685,1.4309510207986111,1.1328442233333333,1.2944128843402778,1.0943855775347222
2021-09-06,62828.92749477352,3253592467.473027,1.2262025616376306,1.1383515688850174,1.0027626270383276,1.1296694977351915
2021-09-07,55772.62387676056,2809518593.830977,1.6422670638732393,1.125684896302817,1.4597620574647887,1.0292330835211267
2021-09-08,45584.04432638889,2109900100.6465917,1.6541911511805556,1.122962586840278,1.7864360810416666,1.0460812419444445
2021-09-09,46199.36215625,2144641174.024988,1.6777766371874998,1.1198242614930556,1.8554437267708335,1.0586565379513888
2021-09-10,47674.675541958044,2189349943.586274,1.819763858916084,1.1222633736713288,2.011051576958042,1.0772590282517482
2021-09-11,47799.04169097222,2169104897.977276,1.6676029605208333,1.144715597673611,1.8894749588888888,1.0876214615625
2021-09-12,48342.26875347222,2206280634.535567,1.662348227638889,1.1371427492013888,1.921383536284722,1.1424604319444445
2021-09-13,49084.877881118875,2199243330.856722,2.0659162961888113,1.1312677654895105,2.360945117132867,1.0671437606643357
2021-09-14,47695.13557986111,2196286503.4427395,1.4297891309375,1.1524062894097222,1.594241347638889,1.0679572397222221
2021-09-15,51000.503809027774,2425579667.3903728,1.1223992648958334,1.0997688651041666,1.1732286100347222,1.1148440092361112
2021-09-16,50850.16676388889,2434857964.403886,1.2353372171180554,1.0967823429166665,1.2359289991319444,1.1029867671527778
2021-09-17,50807.278427083336,2417033453.0382175,1.4441378048263889,1.105985184548611,1.4897237718402776,1.0907020991319445
2021-09-18,52555.22033333333,2534854164.143616,1.2743762900000002,1.108367482951389,1.3472119110069445,1.081891209861111
2021-09-19,51928.7723379791,2478371374.408314,1.5962184286759582,1.109361204912892,1.6584891318815331,1.077246320313589
2021-09-20,49806.90166903915,2224709525.8287754,1.8404503241992882,1.1081853177580072,1.9437307302846976,1.0609426027758007
2021-09-21,46488.09374204947,1973732173.2738361,1.6870937019434629,1.0934265027561838,1.7560398414487632,1.0566734768904593
2021-09-22,45627.20236585366,1940503862.122041,1.4296628267247387,1.1063011593031358,1.567077327944251,1.107460294738676
2021-09-23,45582.22700694445,2007925378.0701752,1.2741709530902776,1.1031860894791667,1.316029765173611,1.1078670797569443
2021-09-24,46885.29975438597,2020021540.8076978,1.368606960736842,1.1194152736140353,1.3796977171578948,1.08709761877193
2021-09-25,44825.64392682927,1907376558.0693111,1.3510369185714286,1.1097214254006968,1.3918317348083624,1.1263350668641114
2021-09-26,45162.812014084506,1931527954.8781247,1.2798549540140847,1.1035378756338028,1.316926426056338,1.0960709152464787
2021-09-27,45433.992420138886,1975983872.4737794,1.248639142638889,1.08659665875,1.2464927290625,1.0741617501041665
2021-09-28,46350.57660416667,1942146032.4664679,1.4936093021527777,1.0821699368055555,1.64615611625,1.0738113459375
2021-09-29,46450.63344097222,1941899433.7856874,1.4735284869097223,1.0870324902430555,1.7178547427430555,1.131083262326389
2021-09-30,47085.94190972222,2036110641.6361783,1.1461205311805556,1.0988892903125,1.2144549473611113,1.0964905952430555
2021-10-01,50785.66508710802,2338148035.9825745,0.8871405453658536,1.0997371109059233,0.8828990963414635,1.1009051475609757
2021-10-02,49840.15317073171,2382594088.798047,0.9857490236236933,1.1001225218815331,0.8683529983275262,1.125363226759582
2021-10-03,49766.98459722222,2388397607.195813,0.9712738049305556,1.102474274826389,0.8972708272569445,1.1060512005902778
2021-10-04,47773.47894791667,2299440194.040613,1.0278958924652777,1.1261418815277777,0.9706288004166667,1.079705010173611
2021-10-05,50901.69224652778,2547810941.7706966,0.8474446686111111,1.1000072819097222,0.7847076465972223,1.0982054301736113
2021-10-06,51864.91440277777,2741380775.7020984,0.8889783444444446,1.1142878155208333,0.8204237566319444,1.0787225153472222
2021-10-07,51294.05480902778,2789544785.6206493,1.1470450270486112,1.1583395305208333,1.0010948084027778,1.0673935753472223
2021-10-08,51957.444986111106,2830569101.3498144,1.27738194625,1.1433048131249999,1.233416620763889,1.0377962783680554
2021-10-09,51204.54949652778,2803637530.1683087,1.2706143052777776,1.1292765061805554,1.2567871288541665,1.1002291507638888
2021-10-10,52024.05189236111,2870680879.998705,1.2253063936458333,1.1257797101041667,1.149666103611111,1.049394388888889
2021-10-11,53617.75534722222,3041347850.583827,1.0266153983680555,1.1193935981249998,1.0000354687847224,1.0759536475694444
2021-10-12,54168.94813888889,3068565310.756624,1.188685168298611,1.1126111149652778,1.0837059703472223,1.0308981928819445
2021-10-13,50725.759114583336,2841908321.970277,1.247627312673611,1.1050255049652777,1.2213353851388888,1.0471451985763889
2021-10-14,50293.784107638894,2900404011.526581,1.1875151562152777,1.1258293218055555,1.0604422118402779,1.0656508084027778
2021-10-15,53326.01022222222,3196430809.5467978,1.0220798923611112,1.1608399683680557,0.9294811238541667,1.061405924201389
2021-10-16,53556.29857291667,3284414938.152818,1.2780631403472222,1.1814696301736112,1.1663867360069444,1.066253822361111
2021-10-17,54647.60217770035,3327760867.969856,1.443151359337979,1.1735909304529617,1.395836992020906,1.0540498752264809
2021-10-18,52879.24060416667,3269118809.6018314,1.4868401955555557,1.1645433295833334,1.3813211926388889,1.0142511267361112
2021-10-19,53318.34675694445,3347039123.7329082,1.3648251010763888,1.1500380843055555,1.2498507812847222,1.0324224825694444
2021-10-20,56066.148319444444,3644763462.8114896,1.1794363468402778,1.1596936938888889,1.0309605375,1.063393025451389
2021-10-21,55901.21419860627,3601152243.6839323,1.7810140902787457,1.1804472445644598,1.62911836728223,1.0029178084320558
2021-10-22,55367.016742160275,3445051152.0240498,1.9811557702439024,1.1533216872473866,2.0718672212891986,1.0586104187108014
2021-10-23,55658.418777777784,3402263492.32023,2.139816171215278,1.148809625763889,2.180553531736111,1.0238753219097223
2021-10-24,56727.93598958333,3446172556.6054745,2.3579045862499997,1.1369340982986111,2.3761796556944446,1.0338413088194445
2021-10-25,55972.42481597222,3507036386.952308,2.0641534811458335,1.145283656527778,2.145131384513889,1.085980193125
2021-10-26,56102.61833680556,3499151033.455094,2.319319615798611,1.15458140125,2.221967822847222,1.0756543793402777
2021-10-27,56655.95178214286,3374188711.792471,2.587930440107143,1.1402704462857143,2.7799707134285714,1.0526767355
2021-10-28,54856.20126573427,3304781696.4821663,2.36593385986014,1.1331146533916083,2.6384420120279723,1.050199475804196
2021-10-29,52184.28650347222,3215336857.2160916,2.459043901597222,1.1462026820138889,2.5072753005555555,1.044791545798611
2021-10-30,52420.68388339223,3231836016.9545407,2.7340011568904594,1.1589954688692579,2.6229036871024736,1.076572870353357
2021-10-31,54125.99455594405,3308692146.641946,3.022865416923077,1.1535700744055943,3.065852766818182,1.0683902667132867
2021-11-01,54574.77990277778,3345644875.343678,2.948297758576389,1.1590855977083332,2.9933729492708334,1.0226146325
2021-11-02,54457.290125,3407269144.348034,2.5563732363888887,1.1649815898958333,2.5609340306250004,1.0704658798958333
2021-11-03,54616.92203472222,3433400883.7762165,2.775229560625,1.1813744233680556,2.6214751627777777,1.0599021187152777
2021-11-04,54591.89268402778,3376607132.8565345,3.200919670347222,1.1778329134027778,3.175691228715278,1.0151799414930556
2021-11-05,55520.60069097222,3416128369.905529,3.192444085034722,1.1530258554513888,3.4604950888541666,1.0445400092013888
2021-11-06,57867.6128125,3528559986.6714892,3.124630190763889,1.151781940451389,3.5243227844097222,1.0740329011805556
2021-11-07,56035.4434375,3481302187.556235,2.8628099984027777,1.1644131966666667,2.939759874895833,1.0851367525347222
2021-11-08,58903.30486458333,3877353868.4939675,2.1067174207986112,1.1637481085416668,1.943684329652778,1.0530894966666666
2021-11-09,60289.74389583333,4073309901.847654,2.2923521716666664,1.1782724318055555,1.8875894405208333,1.0159124851388888
2021-11-10,60512.26616842105,4051757876.5728097,2.3628847702105262,1.198701508877193,2.043000946491228,1.0364641600350877
2021-11-11,55971.492249999996,3634801745.9993896,2.6444894419791667,1.1777570478125,2.6969959595833335,1.0301764934722222
2021-11-12,57467.58395833333,3689250245.7140446,2.925372792222222,1.1688548559027778,3.0755930292361113,1.0448082314583333
2021-11-13,58157.097291666665,3726130089.6920266,3.1780844513541666,1.1498698043750002,3.34971727,1.086059259201389
2021-11-14,58069.535180555555,3745260096.1053987,3.2260495531249997,1.1505018194444443,3.4334535179166665,1.073603772847222
2021-11-15,59901.388673611116,3900890479.8843045,3.1292491996180556,1.148780786736111,3.1462488859375,1.050070245798611
2021-11-16,62089.00896797153,3776049682.364151,3.794341216690391,1.1022368391103203,4.110475400711744,1.0394987615302491
2021-11-17,61986.10101041667,3711928706.3421164,3.6897258053125004,1.1015711331597222,4.123630815555555,1.08104355
2021-11-18,61250.84538515901,3615348897.1879387,3.9607495695053,1.1006129729328622,4.302215359823322,1.0275804493286218
2021-11-19,60481.894149825785,3459303738.5149693,3.8193645992334493,1.092213223728223,4.0163528013588845,1.0566601338675958
2021-11-20,58464.36643750001,3429663942.5089474,3.536917760277778,1.1051041924305556,3.686339446284722,1.067177694548611
2021-11-21,56888.61989583333,3364148471.1471915,3.6398334938541663,1.1094491915972222,3.5682362638194443,1.0680039200347222
2021-11-22,59212.84960627178,3395130439.3957653,3.527209775993031,1.1008706651916376,3.633461773066202,1.0390062510801394
2021-11-23,60653.52014930555,3452938505.1672955,3.8942970448263887,1.1005373786458332,4.451238830659722,1.09655602875
2021-11-24,60883.332368055555,3456210429.531084,4.123586086666666,1.1260675450347222,4.3778774628125,1.0774110168402777
2021-11-25,60768.21261888112,3541051655.305715,3.621919290489511,1.140114625874126,3.76590527458042,1.1064546181118882
2021-11-26,64778.222710144924,3603580433.0688095,4.595804139855073,1.1327702982246377,4.684030562536232,1.0186467039130436
2021-11-27,64729.0872369338,3537838931.78086,4.420308733379791,1.0955138793728223,5.376954105400697,1.017643645749129
2021-11-28,63810.63943006993,3484708182.6261935,4.307858787727273,1.1130929202097901,4.919295982167832,1.0787084080069929
2021-11-29,61421.277090277785,3537265837.4102106,3.523488361875,1.1488430078472223,3.4585658750694446,1.0509954411458333
2021-11-30,60442.853845070415,3465975162.290589,3.749179773380282,1.1374645300352113,3.6300475545422537,1.0300616413380281
2021-12-01,60756.63660069445,3487149530.4122014,3.785366065069277,1.142313141096875,3.890835262162096,1.0491197292927084
2021-12-02,60557.16746180555,3432640692.156678,4.279154271189247,1.129381017021875,4.489260178089953,1.0428271038559027
2021-12-03,61655.393628472215,3443242128.0405436,4.382252008575857,1.1222372511715277,4.796121188602499,1.0480709657177085
2021-12-04,47344.28890526316,2332082104.2215137,3.240875438300186,0.9961577474087719,3.4580701382887407,1.008238232706316
2021-12-05,40461.84592013889,1984356184.268978,2.287557052160791,1.0969556060368055,2.328381726955074,1.103373896479514
2021-12-06,39758.095993055555,1938943950.4065123,1.8533240821588706,1.096963519801389,1.8493178458357282,1.0905434622753472
2021-12-07,39199.182489583334,1997099677.1034002,1.616416120588649,1.0845814785902776,1.6747281340857103,1.0791490554972223
2021-12-08,39731.03861111111,1996931154.550875,1.7201932984400812,1.0735829629649305,1.7934736515520169,1.099227852126389
2021-12-09,40533.491822916665,1986528240.3628078,2.0379114388537016,1.0781405955961807,2.0631004408590132,1.0706485384597224
2021-12-10,41427.100420138886,1997699422.7887857,2.0964199646095625,1.065150370421875,2.2902395003362193,1.0590004449215278
2021-12-11,39651.026902777776,1920927673.1216943,1.8284357134169202,1.0924318113520832,1.9815729746929922,1.1120887105229167
2021-12-12,42062.201677083336,2084645021.3807843,1.626103807842999,1.0932405373552083,1.5755712996950821,1.128286376782986
2021-12-13,43110.61459027778,2076595357.6766298,2.06147686895012,1.0847845948472221,2.0204516575928597,1.0639348173850693
2021-12-14,43122.583079861106,2034014021.6146593,2.136344099460624,1.050300023126736,2.3653297418105836,1.095984479792014
2021-12-15,43680.22170034843,2100973201.9764965,1.9240965173139621,1.0839418291505227,1.931169928163054,1.09240366489338
2021-12-16,46628.12189930556,2264723532.7438307,1.9855085961038077,1.1072741965052082,1.9099385716717512,1.1105384260552082
2021-12-17,49997.72283333333,2351880389.660578,2.5461635066380617,1.0567283747440972,2.7465550878806173,1.0663835455680557
2021-12-18,52219.036461805554,2432987280.88669,2.7064552007943776,1.0304196863399304,3.0286980886452164,1.0812493844246527
2021-12-19,55917.445138888885,2637526492.518469,2.3817245691330213,1.0731187516989584,2.5189886581876317,1.0783023747548612
2021-12-20,59759.154593750005,2773250864.714825,2.6385069895312943,1.0464574556048611,2.9196729140664686,1.0351450598461804
2021-12-21,67656.48514583333,3275342619.194364,1.5622695585744841,1.1088347132302083,1.5778922552270687,1.107401840990625
2021-12-22,71713.19792013889,3510617804.2077794,1.6051313251869899,1.117351264179514,1.5152752448541311,1.0654139723187501
2021-12-23,73712.71788541666,3616426895.8025265,1.7968298494394412,1.0889034232340278,1.7650459180009639,1.0756649856569445
2021-12-24,73406.35361672475,3745341020.900302,1.6914622157123547,1.1129565439121951,1.5761054557138026,1.0905766906616725
2021-12-25,73382.76501388889,3729395663.261683,1.8404157517854485,1.1243140774979166,1.8172126288698867,1.0940290250690972
2021-12-26,73904.58243055554,3704949081.992492,2.219920761822781,1.1334657405885418,2.2568168129784882,1.0431141918902778
2021-12-27,73624.6868125,3759208389.108517,1.9927682905243198,1.1510042307065973,1.980803199569033,1.097295771413889
2021-12-28,73773.90846527778,3603905904.2965536,2.6039376295984047,1.1340703031621528,2.6348346052311946,1.0738510493239584
2021-12-29,74982.8300348432,3567128173.7654643,2.725316684878674,1.0856956924261323,3.048021093187466,1.0968481524118467
2021-12-30,72814.63888194444,3427884573.959703,2.742369130911323,1.0857515465594285,3.179606498596331,1.1160878108982857
2021-12-31,72905.32962020906,3446304547.58608,,,,
2022-01-01,74241.72103125001,3496934303.8755503,,,,
2022-01-02,73594.3105625,3476205329.1161623,,,,
2022-01-03,76140.95468402778,3563818871.4215794,,,,
2022-01-04,80234.27004861111,3724814155.847176,,,,
2022-01-05,81185.01432638889,3727110226.6461406,,,,
2022-01-06,79008.75976388888,3403966772.8230596,,,,
2022-01-07,78374.90382291666,3291339003.922377,,,,
2022-01-08,76903.34267013888,3206450754.6973248,,,,
2022-01-09,77560.81077777778,3248852823.920624,,,,
2022-01-10,76924.64358680556,3199250634.9437995,,,,
2022-01-11,77167.23093055555,3254621661.2999897,,,,
2022-01-12,77994.47555555556,3366339584.862478,,,,
2022-01-13,77367.17452777777,3357893298.3266497,,,,
2022-01-14,76516.12394444444,3268479546.1271706,,,,
2022-01-15,75206.99630902777,3241869525.5389943,,,,
2022-01-16,74973.8565625,3228844708.413112,,,,
2022-01-17,75527.33587847222,3211064674.077114,,,,
2022-01-18,76218.59172222222,3194356232.733341,,,,
2022-01-19,75803.86884722223,3175841409.468442,,,2.449215207926391,
2022-01-20,77625.92313888889,3276176585.213307,,,2.3776873682394832,
2022-01-21,75525.53459722223,2920458089.097916,,,3.3689015411922,
2022-01-22,73053.27183333333,2591839301.4446034,,,2.075737429064622,
2022-01-23,73784.07278125,2611930831.2366605,,,1.8771584025539885,
2022-01-24,74539.89217013889,2613703009.8717523,,,1.731629047220355,
2022-01-25,75380.98028472223,2750112407.4443154,,,1.2237791634874724,
2022-01-26,77953.23956249999,2921300257.3910856,,,1.10721583622818,
2022-01-27,73684.28105208333,2676854186.979459,,,1.2389846805342697,
2022-01-28,72413.62911805556,2681060397.4958386,,,1.210718832496252,
2022-01-29,75700.23760416667,2861103228.4909763,,,0.9911703911223315,
2022-01-30,76652.94079166667,2907297497.844939,1.0634085754166667,1.1347610952777778,0.9743599140972221,1.146776403715278
2022-01-31,79285.60362152777,2976767563.844792,,,0.9508098821446149,
2022-02-01,80902.3940625,3117458259.611175,,,0.7868657802615009,
2022-02-02,78744.04905902778,2993894387.391946,,,1.0389286415806358,
2022-02-03,78737.03257986112,2895849588.2165966,,,1.2487949362969792,
2022-02-04,81031.55417361112,3132519782.589952,,,0.896148563036828,
2022-02-05,80982.84623958333,3360519155.0758195,,,0.7762576464659963,
2022-02-06,81362.2434236111,3382594102.7322407,,,0.7648903186498993,
2022-02-07,79237.18002083333,3412511397.5891857,,,0.8476603689184053,
2022-02-08,75997.42031944444,3331303863.2283506,,,1.0417762205417143,
2022-02-09,73407.42921875,3222568153.2635255,,,1.182210117744373,
2022-02-10,74824.64503819445,3315265867.0864296,,,1.105691500562411,
2022-02-11,72186.01275347223,3114698983.4720654,,,1.5050089057908371,
2022-02-12,73721.42514930555,3119422911.85073,,,1.5634877556034257,
2022-02-13,73051.09614930555,3091161974.634971,,,1.6562892774063687,
2022-02-14,74153.51165625,3130243852.03897,,,1.5654720870277836,
2022-02-15,76561.89838541666,3358128592.859702,,,1.2087426323211776,
2022-02-16,76355.18096180556,3357636386.403326,,,1.3363513588416567,
2022-02-17,75980.46628819445,3238115439.1515102,,,1.7950522118655625,
2022-02-18,75349.80568055555,3042577847.287942,,,2.0234257060643617,
2022-02-19,76021.90421180555,3043854136.319234,,,1.9559572322244259,
2022-02-20,77310.81979861112,2994047247.6586747,,,1.9409555456632102,
2022-02-21,74687.66766319444,2873011024.4825306,,,1.9434977944491179,
2022-02-22,75233.60844791666,2812728500.085249,,,1.6812315097453894,
2022-02-23,74680.87853472221,2851882602.127123,,,1.4266313265516162,
2022-02-24,73489.90667013888,2650421474.450198,,,1.3318049616769843,
2022-02-25,68667.16347569444,2664306695.3160725,,,1.1366831848363985,
2022-02-26,68975.63059722222,2703338914.505201,,,1.1369554003343745,
2022-02-27,68105.46961458334,2634391003.1470213,,,1.1571446220017674,
2022-02-28,69986.26573958334,2758545338.628776,,,1.20135120030186,
2022-03-01,72068.47101736111,3143775933.862955,,,0.9749380786306168,
2022-03-02,72814.02214930556,3206368225.812559,,,0.9294154712657559,
2022-03-03,75072.21079861111,3236050147.7490516,,,1.1375765116655048,
2022-03-04,76546.33076041666,3133299296.4205823,,,1.694042189009485,
2022-03-05,76708.44516666667,3001847203.6476226,,,2.0142992331101857,
2022-03-06,75634.70829513889,2949876558.479294,,,2.0451807484461195,
2022-03-07,48794.25432291666,1866446193.6925585,,,2.050252220782917,
2022-03-08,68114.34733680556,2632326011.6106606,,,1.8372757444058534,
2022-03-09,73289.7872986111,3044370455.116492,,,1.4072726806801426,
2022-03-10,72129.1981875,2856811218.530695,,,1.6864846493347283,
2022-03-11,71198.89548611111,2772654485.3957396,,,2.036729941417517,
2022-03-12,72115.66446527778,2818495364.9562173,,,2.16595694176818,
2022-03-13,74769.91962152778,2906498084.869265,,,2.2519029089456906,
2022-03-14,76838.12959027778,2974172508.559822,,,2.045970061508534,
2022-03-15,74473.935625,2904266488.1499033,,,1.8766991979810608,
2022-03-16,74195.02444791667,2983918820.6751046,,,1.4443172001383022,
2022-03-17,75355.95079861111,3080906212.691675,,,1.2778473503105376,
2022-03-18,75283.18376736112,3081791631.208409,,,1.3611107933272608,
2022-03-19,77051.63950347222,3223191034.484584,,,1.1176928479487094,
2022-03-20,77511.40954166667,3225651745.1102676,,,1.1201092086101916,
2022-03-21,75661.58630208333,3107676728.8638773,,,1.5339575136502632,
2022-03-22,76934.32380902777,3265112310.4708543,,,1.2348971277492498,
2022-03-23,74802.41820833333,3158588857.541454,,,1.497328922319494,
2022-03-24,77500.03826736112,3357437546.190462,,,0.9967957212023025,
2022-03-25,81319.91716319445,3598823587.7676635,,,0.7576200396349393,
2022-03-26,80930.79016666667,3590324824.1064363,,,0.7844813866241379,
2022-03-27,82063.26291666666,3686153671.259511,,,0.7802180147670673,
2022-03-28,79292.06878125,3749920028.15741,,,0.9572085121062709,
2022-03-29,78038.14553124999,3709083274.7298074,,,0.9706329737333897,
2022-03-30,77923.08759027778,3680088236.9833775,,,1.067673821185941,
2022-03-31,76239.8512361111,3556994023.690943,,,1.330525182813423,
2022-04-01,76242.19200694445,3469191854.291786,,,1.8207410817052687,
2022-04-02,73199.86876041668,3398818623.411939,,,1.8267083411854215,
2022-04-03,72797.34398958333,3370886122.709909,,,1.7346754317140474,
2022-04-04,75055.79178819444,3454713677.9469843,,,1.9400665845528653,
2022-04-05,76265.08472222222,3532436608.419462,,,1.8000986377555037,
2022-04-06,79587.0393125,3548226482.765928,,,2.346155571400911,
2022-04-07,82077.74966319445,3565037772.4787474,,,2.4100331677672746,
2022-04-08,82649.07369444444,3576517536.8290963,,,2.44884222637249,
2022-04-09,83707.90880555556,3552267073.5159955,,,2.6168680409899823,
2022-04-10,84724.67951041667,3620055932.4524584,,,2.521565021986591,
2022-04-11,87028.06486805556,3584830636.142336,,,2.6330475755419527,
2022-04-12,85099.91454513889,3396489223.039558,,,2.7566690082618748,
2022-04-13,83401.49202777777,3372588298.4084263,,,2.5972875680437832,
2022-04-14,82166.95770833333,3341365791.9904423,,,2.394838670733075,
2022-04-15,83790.96172916667,3368717400.900955,,,2.766762614679833,
2022-04-16,82277.04186111112,3321180590.175363,,,2.498812654692319,
2022-04-17,82649.46947916667,3329258261.3759894,,,2.6099174250384736,
2022-04-18,84933.92320486112,3364850366.4545307,,,2.538603222682857,
2022-04-19,80126.10664930556,3287452330.528446,,,2.127955237474433,
2022-04-20,81404.72889583332,3373027714.742026,,,1.99766767437761,
2022-04-21,82263.37809027778,3428525138.9015512,,,1.8186211784519206,
2022-04-22,84226.49779166667,3378220709.316485,,,2.8461392669455305,
2022-04-23,86678.17491319444,3436366327.7183285,,,3.178119468789874,
2022-04-24,87028.07107986111,3446598875.6668,,,3.0726300254756524,
2022-04-25,86372.68765277778,3385395236.890171,,,2.8984407494466535,
2022-04-26,84384.39263541666,3343836195.983189,,,2.501738246283488,
2022-04-27,86563.78791666667,3357343852.0741754,,,3.0155830001983035,
2022-04-28,82229.96588888888,3255827248.9074926,,,2.0281100081172903,
2022-04-29,80884.11507291667,3159891069.382704,,,2.20921419066119,
2022-04-30,84417.28808333333,3248172369.9214215,,,2.805757540506217,
2022-05-01,85190.57702777778,3240827690.2337213,2.515717424370458,0.9811558673,3.1076278381163194,
2022-05-02,81354.60789583334,3145670783.005839,,,2.4329374774902672,
2022-05-03,85377.83131944445,3265009839.8264422,,,2.7254414181116315,
2022-05-04,86868.88685069444,3369199262.252688,,,2.4415290562774263,
2022-05-05,87098.99252430555,3342567878.135425,,,2.412730098395082,
2022-05-06,90477.83548958333,3269796702.7200203,,,3.425107276091081,
2022-05-07,91579.37598958334,3282742056.347813,,,3.2904730511815763,
2022-05-08,92544.82895138889,3197132926.7502575,,,3.193298867932916,
2022-05-09,91289.58823958333,2983266161.319486,,,2.5101346614798654,1.0334015193783186
2022-05-10,84209.67815277778,2637565009.8590307,,,2.5417037973270187,1.0811611691895062
2022-05-11,80562.92123958335,2464571383.372389,,,2.5528244788172834,1.0317515486119049
2022-05-12,75375.70328125001,2152596684.4111385,,,1.771167551712405,1.065410648215625
2022-05-13,76055.08009722222,2294403267.4087086,,,1.4940545538005894,1.1047652853118057
2022-05-14,73954.93508680555,2173661854.9975367,,,1.6071399796128192,1.088385501653125
2022-05-15,73735.45516666667,2220757803.0370603,,,1.5800244684812113,1.1538929550065973
2022-05-16,75876.50053472222,2274034121.96518,,,1.5842340996688489,1.0721936365600695
2022-05-17,76890.63692708332,2327893323.8875213,,,1.444084165431583,1.1382759832725695
2022-05-18,76899.70948611111,2275438391.668416,,,1.7793187464281297,1.0802463182649307
2022-05-19,81444.98830902779,2408468277.2307835,,,1.5874750576394825,1.153246441229861
2022-05-20,85049.98229166666,2536232440.3847938,,,1.5142422460787888,1.0584842575013889
2022-05-21,81647.75503472221,2395029435.429118,,,2.0491879548076275,1.125884650745486
2022-05-22,83110.62545138889,2476719926.0422153,,,1.4987849041483365,1.1603413809767362
2022-05-23,86076.02782986111,2590958611.4154687,,,1.2801170844451288,1.06882717220625
2022-05-24,85819.81285416667,2514707814.5290365,,,2.4257927912246933,1.075319382296875
2022-05-25,82120.82987847221,2443371022.857878,,,1.819556376454016,1.0806457191680556
2022-05-26,83537.88683333334,2459389636.8873506,,,1.8441813627731145,1.0762253955159722
2022-05-27,82863.73159375001,2393782490.638505,2.150279520105728,1.1747246917791667,2.0136340018689283,1.0795500579361113
2022-05-28,82450.67102083334,2381375763.968343,1.7804350571399385,1.179230517082986,1.9147761034803545,1.1416588891508896
2022-05-29,84830.91716319445,2471920191.108201,1.5328295854524703,1.183556499032986,1.5792453126296957,1.154779599567361
2022-05-30,90569.64405555556,2772208043.9223413,1.169230530450454,1.1916468107350695,1.1613377815697095,1.1459006289927083
2022-05-31,89289.17492708334,2831098686.522519,1.3002507813147786,1.2162507119256944,1.216856242817194,1.1123127676562499
2022-06-01,87675.40993055556,2725213915.473527,1.492092223854679,1.2280404279697916,1.3895654363312677,1.0348917818847223
2022-06-02,84709.68255902777,2544532848.1831317,1.7147431783595404,1.167423074767014,1.7927240073979118,1.101567845178125
2022-06-03,85182.53568055556,2553695456.0053115,1.7373973301854748,1.1587019258881943,1.763114549553311,1.0639607754520835
2022-06-04,83686.98867708334,2484630439.925459,1.9683662369848536,1.1475970928104167,2.11656566886908,1.1390457552694444
2022-06-05,82855.54687152778,2469631319.3809657,1.8236811107994007,1.152331713398611,1.9160132067701687,1.1089731295708334
2022-06-06,90287.57041319444,2821983100.087943,1.1094766159135676,1.168292483909375,1.1313006151247982,1.1328184208583334
2022-06-07,85796.94887847222,2574363788.3694363,1.8365576301133213,1.1463013829510418,1.870902872945273,1.0355841666409722
2022-06-08,81906.3448888889,2495435010.3040514,1.4629022019539963,1.1953716501649305,1.395096906375299,1.069384531226736
2022-06-09,82538.28398611111,2496300189.906417,1.7702641044629273,1.1397411865277778,1.8333658299145488,1.0925289620034722
2022-06-10,85485.98610416666,2533489458.180172,2.182313928380518,1.114314856684028,2.293284163853457,1.090423968473611
2022-06-11,89580.93415625,2585371758.2529674,2.383556810789329,1.1145104783024307,2.6416684055153796,1.1054499298687501
2022-06-12,87818.44599652778,2426885144.5480814,2.178554890413383,1.1480063818673611,2.3068572665291724,1.0874392988694443
2022-06-13,83231.52819097223,2018497733.3743315,1.9423315063371038,1.20109386779375,1.8494776348380495,1.038638788471875
2022-06-14,83968.79645833332,1862650889.0035334,1.5579533977864197,1.1056586540510418,1.5038070918341708,1.0843462361069445
2022-06-15,86356.78303819445,1843852719.9856887,1.802149315113896,1.1022626996236111,1.7020318481848122,1.0666354748937499
2022-06-16,87281.65245138889,1870243780.4803267,1.9033165699145569,1.0931025810604167,1.7306142481588136,1.0495114582076388
2022-06-17,91075.29610763889,1884771569.7100039,2.0923659164133883,1.03873015815,2.3649741362753467,1.0674209848027778
2022-06-18,94762.28054513888,1833108613.2342505,2.092096482189847,1.0980787004750001,2.099282756390145,1.044766267763889
2022-06-19,94660.98913194444,1826142195.2299278,1.4131152138754837,1.1633606763440971,1.3037968757625706,1.1245004257642361
2022-06-20,93036.80501041666,1890058554.219034,1.209447424971807,1.157682933615625,1.065752412421439,1.0858995128388889
2022-06-21,96213.02786458333,2021651991.0382237,1.0735520494154815,1.0945381406881944,0.9848054733957365,1.096381193861111
2022-06-22,94732.94690277778,1924103815.8572798,1.2925297347821512,1.1242328790107639,1.2130096026079513,1.0737529084972222
2022-06-23,95256.20317708334,1955634852.7903414,1.1368030903327841,1.1159967816385417,1.1095492158903963,1.121846471396875
2022-06-24,97320.14259027777,2052903368.536263,1.094647175142064,1.160045205856995,0.9931733592279295,1.0765751031072917
2022-06-25,98962.53947569444,2104285712.633695,,,0.9440817224320907,1.107324838923264
2022-06-26,99942.39142708333,2135267364.017976,,,0.9525853598757092,1.0824024994805557
2022-06-27,97757.19875694445,2057539008.5150843,1.1077189854743041,1.0910629915333334,1.1638930543463937,1.0602730639760418
2022-06-28,99643.53608680556,2063255819.1997766,,,1.245207586428164,1.0765434514760417
2022-06-29,101429.12330208333,2043439582.183185,,,1.659229847113866,1.0658982374378472
2022-06-30,100156.16720138889,1937429209.3910704,,,1.5529344205905857,1.073752394413889
2022-07-01,91707.15251736112,1792031585.8494883,,,1.5473770054333713,1.0585561707805555
2022-07-02,92833.30652430555,1785647572.4901748,,,1.6661008453548887,1.0888429706777778
2022-07-03,94115.881375,1804175727.7897432,,,1.7240991876621026,1.1293633316652778
2022-07-04,99754.86155208334,1948096988.728567,,,1.4402656159323046,1.1229958598961807
2022-07-05,101264.64371527778,2025775960.0824246,,,1.1983082753346816,1.090803336439236
2022-07-06,101437.62162152777,2047571355.1051822,,,1.0521573893230733,1.1028886142559027
2022-07-07,109008.68596875,2267557648.401564,,,0.7953723515509245,1.0971091271194444
2022-07-08,110018.82959722221,2394470488.5168185,,,0.7854215182240583,1.074094114671875
2022-07-09,109936.99318055555,2376651037.4950714,,,0.9061017542341481,1.1100709320850695
2022-07-10,108880.57934722221,2301575564.097473,,,1.0859256579705436,1.0945459176756944
2022-07-11,104800.66638194445,2145552314.0147388,,,1.365707200227134,1.1153998338184028
2022-07-12,108333.68576388889,2140826675.9019117,,,1.551252724142694,1.0890918060989583
2022-07-13,108364.90719097223,2125299776.756236,,,1.4536598879618128,1.0926599840583333
2022-07-14,108055.44704166666,2180662798.1255064,,,1.161225049586361,1.1357346789225695
2022-07-15,112092.07149305556,2329784654.343931,,,0.9363256123024072,1.1182798974104167
2022-07-16,112852.21068402778,2354962243.852559,,,0.8671360487552201,1.1160118128819443
2022-07-17,114525.25667013889,2429902761.1799903,,,0.818679390186659,1.110996345603125
2022-07-18,116183.66505902779,2536886073.2967234,,,0.758860370619812,1.0842403201340278
2022-07-19,113658.56800694444,2563702691.4001384,,,0.850736619248061,1.0732066806434029
2022-07-20,117510.59835763888,2769030128.3697233,,,0.7322575566991758,1.070976759478125
2022-07-21,114360.17956944444,2622033664.300956,,,0.9190767949346501,1.0714720023878472
2022-07-22,115714.20213541666,2676723902.113245,,,0.9791410677565597,1.0890726906635415
2022-07-23,119870.81659027778,2696963110.9641957,,,1.1747441976785595,1.0614654914840278
2022-07-24,116032.86590972223,2626688156.1092634,,,1.0906234384125666,1.0886216384951388
2022-07-25,113751.61991319444,2495766634.4896693,,,1.4660905671202291,1.0682061762069446
2022-07-26,111181.49247222222,2336991521.1472883,,,1.5548498635782275,1.0972526890871528
2022-07-27,112257.52538194443,2429773943.438626,,,1.2190301283595542,1.1396657868541666
2022-07-28,112732.9936076389,2627476346.10684,,,0.8210639730230362,1.1074562639253474
2022-07-29,115050.99627777777,2746791732.7694054,,,0.73056875214913,1.072126090228125
2022-07-30,117715.39818402778,2829156729.864475,,,0.7014964916585401,1.1009184330680555
2022-07-31,115752.13166666667,2745193243.7368374,,,0.8643108514397774,1.0640499796930554
2022-08-01,115793.49003819445,2687491434.5407925,,,0.9645769516605216,1.0881520808677083
2022-08-02,112336.20260763889,2579012781.0213413,,,1.1566849272993824,1.0793285997503472
2022-08-03,116578.13747222222,2700914972.3327312,,,1.1244931636166828,1.052466521136111
2022-08-04,112990.96718055556,2580471942.405994,,,1.5378771445970714,1.0263802738100694
2022-08-05,110943.26998958334,2558169121.550354,,,1.3168101482394095,1.10480194625625
2022-08-06,110016.21977083333,2549914533.8770123,,,1.2433701922451657,1.1451121764347223
2022-08-07,110684.34497222221,2552929276.677405,,,1.4398290053023441,1.1155597297350694
2022-08-08,119040.80252777778,2832666228.745627,,,1.0156165325773823,1.0813104005982639
2022-08-09,116070.41348263889,2719164562.938122,,,1.6053592851671477,1.0063351678802084
2022-08-10,113851.18686111111,2663102723.6203136,,,1.6185472666845404,1.0758653456399305
2022-08-11,118897.56236111111,2896259232.9552364,,,0.9327152090148344,1.0567129189354167
2022-08-12,116360.37986805555,2788664232.7628183,,,1.308559197577315,1.0547514441527777
2022-08-13,120470.19042013888,2953457326.869751,,,0.9222269149413387,1.0874211918197918
2022-08-14,118688.22627777777,2907224451.144366,,,1.0088456746321812,1.043376321471528
2022-08-15,111853.37802777778,2713073884.703291,,,1.3996744915721129,1.0333267429038195
2022-08-16,109130.53997222222,2614395739.4654737,,,1.7471033172390684,1.0399675230663195
2022-08-17,112757.69765972222,2670242126.3049636,,,2.0310195810284046,1.0433202803416668
2022-08-18,117180.94172569444,2743016886.438395,,,2.085997239215783,1.0888421976034721
2022-08-19,111953.2322673611,2446563594.5603127,,,1.9826304815669873,1.008495669117014
2022-08-20,110563.16991319443,2339654793.8515496,,,2.1545960087826,1.1125406345864584
2022-08-21,110403.79959027778,2358185020.424392,,,2.084964859639518,1.1135927931361111
2022-08-22,109284.17120138889,2323023543.343237,,,2.0337282902615423,1.0673422964131944
2022-08-23,109576.06439583334,2342943806.6844044,,,1.769882760805668,1.1257641063871526
2022-08-24,111934.89120833334,2402452116.3148475,,,1.5791762091242663,1.1211034950166665
2022-08-25,111940.57429861111,2416788600.777479,,,1.5421454414690214,1.0869379642239583
2022-08-26,114930.80438541666,2429886004.4052734,,,1.860026799465471,1.036151034684375
2022-08-27,118490.09335416666,2382645519.707964,,,2.0117549596342617,1.0503428780878472
2022-08-28,119261.85575347223,2383104662.888298,,,2.1714264498675164,1.0913043744305557
2022-08-29,120878.37219444446,2413517382.9393463,,,1.9130448774799715,1.1387387576440973
2022-08-30,121046.08654513888,2436108598.926379,,,2.024180103921698,1.0655432988302083
2022-08-31,114802.89253819444,2318450884.8570437,,,1.7765722129282977,1.1086360875958332
2022-09-01,117008.3245,2335420569.1578503,,,2.2166492802869224,1.051958607153125
2022-09-02,117470.47336111112,2358953551.7710767,,,2.0106444896568165,1.1146268194538194
2022-09-03,122051.58978125,2420318884.77259,2.3133696558545833,1.0766964567200001,2.62675652510312,1.081885527865625
2022-09-04,128357.57444444444,2540432689.901288,,,2.842309995794036,1.107479526178125
2022-09-05,127461.37573958334,2521282327.014873,,,2.7658253578463814,1.065443208396875
2022-09-06,128461.39437847222,2515923929.6205716,,,2.766638537717776,1.0340022134666667
2022-09-07,132311.53636458333,2498978344.1733522,,,2.745132835562237,1.1254773559243056
2022-09-08,121325.85269444443,2335314833.4494157,,,1.8369531232722092,1.132670404657986
2022-09-09,132783.88393055554,2755390559.2053103,,,1.0898783549245217,1.1111322537593749
2022-09-10,138684.9570659722,2964549514.5967345,,,0.7590225120179546,1.1156077210107638
2022-09-11,139520.62744444446,3013172349.3348484,,,0.714260827240944,1.120677181821875
2022-09-12,142695.19533333334,3156534728.1551914,,,0.7298192783417491,1.0911317562708334
2022-09-13,137489.74244444445,2966784179.4657397,,,0.981352318013212,1.049631815348611
2022-09-14,120513.48212152779,2435805382.8784695,,,1.9656357204718293,1.0692195321689897
2022-09-15,117752.11801041669,2352335412.936781,,,2.3442750741892233,1.0533005308184027
2022-09-16,120349.38040277778,2370652700.518559,,,2.5531680056678296,1.073865050284028
2022-09-17,124022.44859027777,2472892553.9849243,,,2.270398334520811,1.1255367778135417
2022-09-18,125113.75215277777,2484015568.6580567,,,2.3670388856851208,1.082898186829514
2022-09-19,119249.93626041667,2264484616.3337994,,,2.5851802321180557,1.0651156176736112
2022-09-20,117125.5310138889,2245523266.7740498,,,2.0389585467708335,1.0787428810069446
2022-09-21,116927.31994444445,2222051553.720716,,,2.2242954283680554,1.0680963369444445
2022-09-22,118764.66581944443,2253216003.4860034,,,2.308155105463985,1.0871271062576389
2022-09-23,124101.23453819443,2364052985.774954,,,2.1381996213592775,1.0637280607253472
2022-09-24,120866.11783680556,2304760687.9033756,,,1.9978179132544591,1.1477436084545138
2022-09-25,120417.47845486112,2284770591.901344,,,2.1478665062178957,1.0732425479868057
2022-09-26,124900.6010451389,2374191039.1479616,,,2.042253250039701,1.0871447929888889
2022-09-27,137743.00938541666,2720483830.173615,,,1.4417242390074483,1.0676441418871527
2022-09-28,130550.23443055556,2495214372.692644,,,2.249636477206051,1.0811518692899305
2022-09-29,130600.35668055556,2532062153.5278745,,,1.4351739835121786,1.0603453223645833
2022-09-30,135223.3907951389,2640150351.7718267,,,1.3091606775825397,1.0647279674413195
2022-10-01,126195.99079166666,2437952321.1225677,,,1.9082207436219276,1.130797526732639
2022-10-02,127383.72840625001,2448449396.8918786,,,2.2053650122210167,1.1322568800229167
2022-10-03,129538.09219444444,2501401871.862388,,,2.0886649160640682,1.1301049782385417
2022-10-04,152456.5907708333,3040861661.653514,,,0.9802319025800558,1.114002578917361
2022-10-05,163391.0591215278,3286911435.7469196,,,0.8066189675064533,1.0725264119586806
2022-10-06,161556.2232673611,3254502814.23563,,,0.9396689084298941,1.0437866406694445
2022-10-07,153014.93684027778,3024079635.5545464,,,1.628592309129571,1.039553264723611
2022-10-08,145302.5010173611,2830680785.929634,,,2.16118844272408,1.1329309076850693
2022-10-09,145985.29763194444,2836993628.576078,,,2.257567669471781,1.150623163110764
2022-10-10,149585.46976041666,2889716500.233673,,,2.676489160944611,1.0787762289520832
2022-10-11,154783.19228472223,2950810025.224338,,,3.0464683528142533,1.0664920215322917
2022-10-12,155379.6232847222,2969454760.019379,,,2.7914348704640624,1.0530910835368055
2022-10-13,153551.46683333334,2920443546.4655313,,,2.652652208581576,1.054513965415972
2022-10-14,152340.11412847223,2972471764.267814,,,1.620640810706257,1.0635630016572917
2022-10-15,148507.29323263888,2841272989.37092,,,2.0943585136594707,1.1107933647895833
2022-10-16,147769.6242638889,2830566457.568228,,,2.3223681901711033,1.1053627177527778
2022-10-17,150081.73176041667,2910809155.8967457,,,1.8845533559554428,1.141447279503125
2022-10-18,158603.53454166665,3087775840.2184553,,,1.4929047249346867,1.0406135754385417
2022-10-19,154293.64549652778,2963596680.355633,,,2.15253124928941,1.057926164637153
2022-10-20,153360.98853124998,2931164049.537496,,,2.4827489876780264,1.083077609626736
2022-10-21,155871.94450694445,2969996353.274634,,,2.7748807643947275,1.1070020944572918
2022-10-22,149935.48603819445,2873565978.6976624,,,2.030799368875267,1.2081323846520833
2022-10-23,153276.40203124998,2951910248.703645,,,1.7667691612353604,1.189413276871875
2022-10-24,152123.0873263889,2943084137.9728913,,,1.6985933499173835,1.08592959139375
2022-10-25,154234.5742847222,3023545890.537533,,,1.5119047137872572,1.1102733134961804
2022-10-26,168273.73131597223,3454655340.5463734,,,0.7845317781126279,1.0286899451315972
2022-10-27,163096.09188541665,3362639504.037606,,,0.815911534304526,1.0397853841715277
2022-10-28,148712.84570833333,3030245977.2991166,,,1.031416068983495,1.0737448677381944
2022-10-29,151216.00607291667,3140756171.891644,,,0.8271139048518349,1.0998676728201389
2022-10-30,150081.82098263886,3108512509.277251,,,0.7746112558068445,1.0857859728534722
2022-10-31,140974.09003125,2890334641.608488,,,1.0067938176347053,1.1169269147024306
2022-11-01,135105.01784027775,2769110950.6518087,,,1.1223734287221885,1.0949516827854167
2022-11-02,132552.48387152777,2704600402.4652104,,,1.2109913157017504,1.0985546854534722
2022-11-03,129415.27969791667,2620318818.4592113,,,1.6000962780740975,1.1213210397375
2022-11-04,136464.8764236111,2825266269.790865,,,1.1708547829592524,1.0919649639055555
2022-11-05,146710.15677430556,3128573090.0347805,,,0.748442083319448,1.095146084609028
2022-11-06,144545.07968055556,3065810856.5152826,,,0.8244872335777459,1.1730942003027778
2022-11-07,136936.62415625,2843611996.5770407,,,1.3003202815583363,1.0708189382972222
2022-11-08,126344.90939236112,2472083302.209831,,,2.328966714576402,1.029626210988889
2022-11-09,125739.24789583334,2197516362.829417,,,2.981706083868181,0.9770140590687499
2022-11-10,130084.15492013888,2204658199.0847225,,,2.353795525950504,1.0534513995739583
2022-11-11,122912.99077430557,2103083418.4923847,,,2.1218919986806473,1.055124639601389
2022-11-12,118421.06590624999,1994891753.3957262,,,2.039360456215947,1.0892912141503472
2022-11-13,117418.7258402778,1954458307.1847682,,,2.1738619001397432,1.0683536709010417
2022-11-14,118728.01222916666,1953501550.9589365,,,2.23493972270307,1.057630557803125
2022-11-15,118122.12951041668,1987262607.2088802,,,1.8302669944893728,1.1014181061996529
2022-11-16,121674.92828125,2030480527.2259817,,,1.8608030381203227,1.0713893532715277
2022-11-17,124870.99045138889,2072782911.7778676,,,2.020032997879975,1.0851781191298613
2022-11-18,124157.43135069445,2077458959.1862428,,,1.8064557001142434,1.1200209056690973
2022-11-19,120796.9250486111,2009826814.2083893,,,1.9751648537941244,1.1595017963833334
2022-11-20,120153.01883680554,1992449723.1127014,,,2.005193871521723,1.2025645360288193
2022-11-21,126609.84696180554,2029866227.2045298,,,2.5311603187781575,1.0753463438270832
2022-11-22,128519.96279513888,2049015730.8510175,,,2.3388276814775626,1.0999091608628473
2022-11-23,126842.41256597222,2088557155.389339,,,1.5846201473020551,1.0913831046006943
2022-11-24,124349.38113888889,2063785278.415063,,,1.42568099403531,1.09918163183125
2022-11-25,125741.22324305556,2073038461.9222565,,,1.4189753829160738,1.1272412887114585
2022-11-26,125768.11152430557,2081770810.3161342,,,1.429743595780464,1.1049940167947918
2022-11-27,126150.42150694445,2085702004.104835,,,1.4793519412482903,1.1195068200437501
2022-11-28,125639.1278923611,2036026960.2878757,,,1.875955942479438,1.0739377884538195
2022-11-29,126999.9389236111,2083627218.244522,,,1.615879429232033,1.1077037528416667
2022-11-30,126703.32689236112,2140449221.4258661,,,1.3610922729587651,1.1376182693204862
2022-12-01,129511.53972569444,2208072814.990319,,,1.119298095282599,1.1298626052552083
2022-12-02,129418.96103125002,2194175289.111513,,,1.2663780428209257,1.1694506172961807
2022-12-03,129483.20368055554,2196577477.37233,,,1.251718661532106,1.1640809170972224
2022-12-04,133955.04819444445,2278411709.3716927,,,1.2488011722708345,1.1762870255
2022-12-05,133508.36285069445,2292079604.117132,,,1.205337917434445,1.0832940052159723
2022-12-06,116629.31575694444,1981490636.32778,,,1.4507135079584943,1.1104691639875002
2022-12-07,107461.41470138889,1813375812.2101917,,,1.575963898015087,1.090490063701389
2022-12-08,108512.59065277777,1836367378.363929,,,1.3974541115532952,1.1781366124923611
2022-12-09,111476.81630902778,1915042049.2703404,,,0.9742422686591335,1.1483088205010417
2022-12-10,110026.78282291668,1886925540.743462,,,1.0447130363256978,1.1688598256645832
2022-12-11,110250.39086111111,1890512350.9868822,,,1.0984870515840557,1.1955772741802084
2022-12-12,104571.74403819445,1776690009.1438124,,,1.3225585482681699,1.1388452808996528
2022-12-13,107264.36405208333,1873493619.1185834,,,0.9501776796729161,1.2126308927006944
2022-12-14,108671.65262152778,1942227792.1448796,0.84114099280324,1.1081950905544553,0.8577293792569911,1.0987762800333334
2022-12-15,109940.19119097223,1932363259.428899,1.0599537013583502,1.0852544037947915,1.029288011920738,1.0319764088503471
2022-12-16,103852.21295486111,1775362310.1184683,1.5811159115218072,1.0431486169243056,1.6248093421823548,1.0963904430986111
2022-12-17,99534.96865625,1661237731.9412913,1.6934150691494798,1.0222364619211806,1.8593340984514946,1.1601315153607639
2022-12-18,99374.73906597222,1662083322.1235018,1.7674630388163641,1.0331866601378472,1.93841829503548,1.2162280027239583
2022-12-19,99192.01064583333,1653441354.275637,1.7830909309457215,1.0419896441704861,1.9372372899679635,1.0934803127072916
2022-12-20,95970.65256597222,1610342934.423709,1.6372787564044715,1.0398205661774305,1.786658278303313,1.1132833084854168
2022-12-21,95726.15275,1610156923.5136528,1.5667426409246252,1.0680638538291667,1.596538619504019,1.1072688952881944
2022-12-22,98158.58433680556,1646165006.248182,1.7111320367492304,1.0674423020510417,1.7411867544397122,1.1476369006899305
2022-12-23,98984.9539826389,1665166076.3825636,1.7736665154598799,1.0807788912489584,1.8116117509351963,1.180899586345486
2022-12-24,98621.74432291667,1659040321.0155802,1.671270798248931,1.0800401763527778,1.7224579301315377,1.2226370311295138
2022-12-25,97725.76916666667,1642646998.695101,1.6666187630880547,1.075014583261111,1.6952212394546464,1.1995187703086805
2022-12-26,97083.79396874999,1634985608.354327,1.6624082106244726,1.0625270939663194,1.6967702853481255,1.2144757438399305
2022-12-27,98732.44003472223,1658239039.873433,1.7888367291298435,1.0661018603190973,1.8373942118107434,1.1278587274791667
2022-12-28,104315.12552083333,1734782882.4036875,2.0284591593596253,1.050744602592014,2.197511488509603,1.145914928221875
2022-12-29,107098.72157291666,1776312017.738093,2.0398227029149045,1.0542222196263888,2.276909326054908,1.1785976048989584
2022-12-30,108341.97811458334,1792272651.1077347,2.096285865808958,1.0673706985649305,2.2627045501598793,1.1046636836694443
2022-12-31,107404.37273958333,1779176510.2225049,2.0649669606229684,1.0728043618930556,2.2059989061221663,1.252536155665625
2023-01-01,107881.30435763889,1785509786.492461,2.06515723641205,1.05538247105625,2.231994114067147,1.2604096343059028
2023-01-02,107094.14047916667,1786531595.0263124,1.895459625865134,1.0574955623993056,2.0229759186553813,1.1857183580444444
2023-01-03,106563.67331597222,1777828696.4136367,1.8666808096236833,1.0636643974958333,1.9680690630508595,1.159559026712153
2023-01-04,103398.22303819444,1739287201.2720158,1.6026921122848734,1.0780829373333334,1.6447128340428245,1.1308761431194445
2023-01-05,102653.63481250001,1727055751.9104722,1.5567018097730074,1.0755799409079863,1.5351944651452163,1.129338585257639
2023-01-06,103971.61678125,1749061250.1654043,1.6326157671150547,1.069094094810764,1.5868875310834714,1.1269921093795139
2023-01-07,104970.68639236112,1777121811.894264,1.4132325041290676,1.0968276876493055,1.3283403979347101,1.3365456635413195
2023-01-08,105422.02504166667,1785742026.5068173,1.3923817082887333,1.0932992557263888,1.336874534510909,1.4067257084197917
2023-01-09,105510.88820833334,1817876014.8117747,1.1932571184355802,1.1033027320315971,1.1718071435484105,1.1003028888729167
2023-01-10,106135.89061111111,1834342784.8940136,1.0445389405361023,1.0749337829225696,1.027495441260371,1.1114836126059027
2023-01-11,113243.05401388889,1975642476.194293,0.893993810086434,1.0728119410388888,0.8550402170506246,1.099058326979861
2023-01-12,108592.35911458333,1990991487.2829437,0.8454416202343046,1.0919181929013888,0.8272164330567171,1.0940233159659722
2023-01-13,111757.70575000001,2131145030.9022946,0.7695366915966616,1.097699383020139,0.7737121724449841,1.086121265845139
2023-01-14,95266.91631944444,1984290061.8131158,0.8799745372967741,1.1528796870215277,0.9176888003891062,1.0552048788715278
2023-01-15,94149.97868055555,1957337442.9015093,0.9306986552289574,1.1387306908996528,0.8844836796295371,1.0856151826871527
2023-01-16,95481.56516666667,2009174905.3657694,0.8927874691114521,1.1457037380166666,0.8809944569546979,1.0577265574631944
2023-01-17,99422.51340972222,2107399028.6706166,0.8037597771293375,1.1591181406166666,0.7661041392971405,1.0799532476309028
2023-01-18,101914.96242361111,2152741667.2157087,0.8113051352967837,1.144201981231597,0.7881031006020187,1.0782457718715277
2023-01-19,102873.29647569446,2144989023.0651605,0.8054467279048286,1.139523259871875,0.819678608468201,1.0856835354128471
2023-01-20,105828.88415277778,2252899546.5036187,0.783617379739834,1.1431066446288194,0.759685752986117,1.1226998255302083
2023-01-21,97404.69179861112,2228191958.8179193,0.9022102967893946,1.152824636820139,0.8447540569032923,1.046909549822222
2023-01-22,95727.38424652777,2183142968.0552053,0.9586893035522499,1.1227661824416666,0.971101169865564,1.0591308850069445
2023-01-23,94526.99820833333,2157897643.5087056,0.9868844285115477,1.1150171993256945,1.0103866268809314,1.1132086004680555
2023-01-24,93300.95950694445,2141949830.493989,0.9810696886517289,1.0954644172378472,0.9921942976122605,1.0392107195697917
2023-01-25,92745.35078819444,2105240037.6879141,1.0272579339834387,1.0952769581958333,1.1315354706548442,1.058782775186111
2023-01-26,88577.58784722222,2042671673.2678096,1.1159502481029033,1.1340372050524306,1.1937301224685084,1.0389257757204862
2023-01-27,89772.12252083333,2063782484.663306,1.1062182461249002,1.152932160690625,1.1746172758955489,1.0556391372635416
2023-01-28,90167.73969791667,2075237268.0719304,1.1054606791007426,1.1419049665524306,1.1706416683870366,1.0753107826708335
2023-01-29,98941.8249375,2319509315.6882057,0.9062319244225178,1.1474825917413194,0.9419339051477917,1.0875887469579861
2023-01-30,99160.82573958334,2309674227.587971,1.055437996137551,1.158709458128125,1.0355050621221293,1.0336541472111112
2023-01-31,97180.08238194445,2231192119.5693617,1.0546835240772225,1.1580001856288193,1.1820208611448617,1.0509136707385416
2023-02-01,97797.74972569445,2265341452.9091024,0.9978577050379612,1.1663725669721254,1.0606296394633925,1.048006563732639
2023-02-02,98489.87999652777,2345694108.99288,0.9565943188442207,1.1670907834954862,0.8925485855523569,1.045012021195486
2023-02-03,99114.4043888889,2326923154.0464077,1.1089522339960771,1.1446138494774305,1.1511282993273706,1.0494399449395833
2023-02-04,97646.74322916666,2283629659.3724995,1.2590715424180285,1.1340904210531249,1.3753039532185525,1.1288358016333335
2023-02-05,101137.60235069445,2345279048.646544,1.313954351200215,1.127726963582639,1.4591524847636126,1.0429705021909723
2023-02-06,103479.78025694445,2369739475.5913444,1.3249567762170398,1.1199797227684027,1.5203377597658496,1.0873796180270832
2023-02-07,103481.383125,2377625114.555452,1.2390205568438748,1.129972525928472,1.4684470990802831,1.11366563336875
2023-02-08,102999.13035763889,2378118890.944755,1.3110586125013628,1.1526412392090277,1.4045580178083508,1.0731835538819443
2023-02-09,105083.70909375,2368013383.1321845,1.4168276237649025,1.1335914091447916,1.5299380076052502,1.0558881062288195
2023-02-10,102241.40443402778,2225272167.736054,1.4283825362947835,1.139589823992014,1.5972678587560523,1.0940243408270833
2023-02-11,103615.44028819444,2247488417.4927263,1.4648254602856352,1.169668379609375,1.6348635892686392,1.1760082095725695
2023-02-12,101043.81696875,2207885948.6757846,1.5350506351731301,1.1744624550822915,1.761673229403631,1.2010829803850696
2023-02-13,101451.36779166666,2198437765.7867026,1.5148674199159977,1.1639589911253472,1.7007070141759366,1.0894951753614583
2023-02-14,101240.53027083333,2216349908.493886,1.4440658727444844,1.1717841733194445,1.5748993400794928,1.1348360191881945
2023-02-15,106040.52842013889,2406987313.1399508,1.160746988889221,1.1582368107614582,1.219375929322665,1.149836946146875
2023-02-16,110778.14983333333,2727920702.303249,0.9491123466060905,1.2634674323559028,0.8590483589905815,1.0530132351368056
2023-02-17,105519.07165277778,2535073401.426086,1.0072759753781813,1.2728636960298612,1.0373677076943464,1.063257560322222
2023-02-18,109625.6701111111,2698551084.8560424,0.9415013589056556,1.2819251606975695,0.8910651972867593,1.0841234105614583
2023-02-19,110472.94456250001,2722465918.0120487,0.9803685246410934,1.2628500916812502,0.9396192229898624,1.0594051479868056
2023-02-20,109462.61399652778,2700074447.3154716,1.0032021638886193,1.2522939661871528,0.9781799864839427,1.066467112754861
2023-02-21,111986.53547569444,2765844009.539652,1.1360208150576014,1.2578486766194446,1.0942041838587242,1.0417873712111112
2023-02-22,109103.7743888889,2619881966.386756,1.4790588925463288,1.2327391808659722,1.5482945429091564,1.02491281005625
2023-02-23,105295.14598263889,2539395228.827803,1.51797983967627,1.1965251245923612,1.6231433539169795,1.0518535836190972
2023-02-24,105638.84755555556,2494704701.8506527,1.7208471595449804,1.1840790759184028,1.8717839724123975,1.0582888098333332
2023-02-25,109137.61917708332,2514147011.3372626,1.8832027098914388,1.1547767596281249,2.0886636570649757,1.0886718598670138
2023-02-26,109031.54053472221,2534868731.401562,1.7639182642651763,1.1523904307208332,2.0103838492157693,1.1693661625527776
2023-02-27,104714.44856944444,2454542092.113063,1.633721906544647,1.1770788683298612,1.7764140194654092,1.115012833713889
2023-02-28,101856.09222916666,2379821451.767731,1.5819837791926306,1.1656838726951388,1.7266921801275497,1.0285305785253473
2023-03-01,105918.82265972222,2498367524.9619246,1.3435776137531155,1.135047291484722,1.4819963305568686,1.0922883901961804
2023-03-02,107441.47744444445,2516114585.7308826,1.7032498836194963,1.1865616976930555,1.846147802921289,1.0663975251524307
2023-03-03,102649.67900694445,2300409441.530085,2.0264260829373106,1.1483266696809027,2.2221409878570806,0.9944528306215277
2023-03-04,99851.94235069444,2228703409.651347,1.8231362682244219,1.1257916404250001,2.084747760796763,1.1448018209947917
2023-03-05,99483.46158333334,2229427274.768414,1.7295348787969926,1.1237312495333334,2.084170892361184,1.1398857569569445
2023-03-06,102537.80845486111,2297624812.4090595,1.7085410208257832,1.1310845819291666,2.0021703116937957,1.0723953914288193
2023-03-07,103834.59899652778,2317631545.3877125,1.7261559529817798,1.12955416991875,1.98140519795967,1.1307413324006945
2023-03-08,107021.65696527778,2359289678.6180596,1.8261841603192674,1.1083289744472222,2.040109157428825,1.0585815088100694
2023-03-09,108693.78211458334,2328830460.2807293,2.007411454425046,1.12387662883125,2.2453291025131095,1.0741904797725694
2023-03-10,97314.60525347223,1941946720.5710363,1.9311983650691071,1.065028180965625,1.938259285935076,1.0458232528972222
2023-03-11,92482.12803125,1869230889.7778482,1.7889124809826145,1.0655799302253472,1.8679015884498256,1.09834699268125
2023-03-12,93401.78387500001,1922670742.4732862,1.4564022558548788,1.065892559867014,1.4841347411897972,1.1277998380086804
2023-03-13,93824.51762500001,2159269400.292937,1.0843363859722224,1.116364391388889,1.0854357832638888,1.0639742797222222
2023-03-14,103509.00180902779,2568543032.0150943,0.9365313410977585,1.180114424357639,0.9206233945257432,1.0430437211378472
2023-03-15,98000.44497916667,2411776641.8424277,1.0412397194070988,1.241268363678125,1.030862689634236,1.0262519353034723
2023-03-16,100675.55199305556,2481952702.470303,1.0072639157309793,1.2982420916298612,1.0373429637554583,1.0270657461114583
2023-03-17,112030.55693402777,2945716206.127418,0.8039929173004813,1.3192189567010417,0.8083224329907008,1.0773640141197918
2023-03-18,105956.25171180555,2895040246.939287,0.834915991796411,1.3185600952645833,0.7797787551930815,1.0160939243527778
2023-03-19,108764.820875,2982687060.2549443,0.7639517336666869,1.27482487999375,0.7714834592021517,1.039942096682986
2023-03-20,112538.56430902779,3133349662.559847,0.7802430817097052,1.271936491075,0.7707995813651598,1.021897773315625
2023-03-21,111722.15496875001,3118736159.0549927,0.7357830706227488,1.2407527753538194,0.7521133357635681,1.022541831584375
2023-03-22,109307.37948611111,3063006259.966463,0.7455635098756546,1.1888818204107638,0.7373033331335789,1.02594136938125
2023-03-23,105610.06790277778,2930759151.0774474,0.7290195508286892,1.1285779658475694,0.7711060487178805,1.0811964206722222
2023-03-24,104642.44410416666,2924596195.7752852,0.8139956801692695,1.1854742677878471,0.7986755731744793,1.022940356920139
2023-03-25,98868.78721875,2716353507.284482,0.8761016120487077,1.158806714934375,0.9269337727514642,1.0744133298576388
2023-03-26,100747.71827777778,2791558326.04572,0.8230733037020175,1.1373064006368054,0.8910219391968128,1.0652196232868054
2023-03-27,101916.39895486111,2806670494.059066,0.9258383686425586,1.1464494699635417,0.9540519182919558,1.043460747686111
2023-03-28,101020.62922222221,2729067168.182219,0.9791353924363089,1.1198595412072916,1.0456348444836474,1.0299298658267362
2023-03-29,106515.82214583334,2991453218.5227394,0.7667684728094517,1.151591872738889,0.7873142228408452,1.0451990292965276
2023-03-30,106240.97026041667,3014445323.10527,0.8007353194021755,1.1690976536298612,0.7811639107403541,1.0314481824409722
2023-03-31,103553.87747222223,2919824643.535084,0.8634222555759269,1.134232203976389,0.8873695497602924,1.0489660125083333
2023-04-01,107178.81765277778,3048209109.11419,0.7536358497007294,1.1612783619090277,0.7202391399493736,1.0855797522625
2023-04-02,106329.11975694443,3005730403.179644,0.8354330997548222,1.1620366892065972,0.8051173822511222,1.063845839686111
2023-04-03,102203.75714236111,2859019947.072353,0.9411395973600177,1.1461638017840279,0.9681866634983235,1.0318368303402776
2023-04-04,96983.65697222222,2721325667.349853,0.9218613623282241,1.1070088718614584,0.9719596005476634,1.0675683019559028
2023-04-05,98907.50426041667,2803326120.0289364,0.8568989414045158,1.1162219077902777,0.865701148618767,1.0590262393979168
2023-04-06,99309.1123298611,2780102732.9121156,1.0891324251797705,1.1180725043381945,1.1375213178270516,1.0410558268600694
2023-04-07,100939.13310416666,2818227899.4267216,1.1210228725865874,1.0958810251364584,1.2043209096770322,1.0583977356083334
2023-04-08,101759.54337847223,2846821666.9323325,1.0684238718772197,1.0881883172840279,1.1834473892747055,1.1089598393
2023-04-09,101665.12077777779,2846274872.754271,1.0698250041820643,1.089240462617361,1.1892246442213468,1.1258821842753473
2023-04-10,110414.17759722221,3033343261.158523,0.7773453913251183,1.1314161652006944,0.7884671720529637,1.1405230237152777
2023-04-11,115208.20417013888,3466879835.113744,0.6294004805718006,1.1550675178934027,0.6154151015352607,1.1031284898552083
2023-04-12,113733.67449652778,3410223388.4123206,0.7363399978332158,1.1648847771211805,0.7194832562938599,1.0544179655493056
2023-04-13,113084.96922222222,3414458390.3914847,0.7132890544444999,1.1296730659350696,0.7285536439179082,1.0848342985690973
2023-04-14,105937.97571180556,3238992918.418117,0.7685054756097084,1.1247253711062501,0.778820887961571,1.053399567604861
2023-04-15,100771.95951041667,3058790506.7425995,0.8352551581627298,1.1197383704878474,0.8427736051730188,1.1234692465045137
2023-04-16,101214.207375,3066374110.106983,0.8732116123622786,1.1004381883309027,0.9096185464393298,1.1133405873937499
2023-04-17,99984.27656597222,2967962078.79208,1.11541058187178,1.0925788669552083,1.1530725909489103,1.0586452936461805
2023-04-18,99445.19429166667,2976610898.791202,1.0486633360185926,1.0814654566524304,1.1538491047108124,1.0772745016399305
2023-04-19,99563.03444097222,2942272359.34544,1.2664304649605413,1.05909625725625,1.332367272586526,1.0363198801989584
2023-04-20,98345.6225138889,2817719116.447977,1.4678335843836947,1.059174424940625,1.6968377276480786,1.0557108177628471
2023-04-21,103114.5855763889,2881305420.4858403,1.6181926190934623,1.1121381990940973,1.8138845753645876,1.0746897458913194
2023-04-22,105205.21301041666,2883979603.3156714,1.6192053430563398,1.149083397492361,1.8888662924950046,1.1533837946739582
2023-04-23,104618.34094444446,2883617073.041649,1.664844638032583,1.1524181907163193,1.864520409218677,1.103104201989236
2023-04-24,103084.1339861111,2832995495.197998,1.638150659303832,1.129200809607639,1.8624555051369671,1.082212235026736
2023-04-25,102286.74196875,2814226466.3663816,1.5675187011676084,1.138468093847222,1.7284960773177453,1.1034301981159722
2023-04-26,101843.78119791666,2936755404.7393637,1.1539949806906256,1.1763628727072917,1.2551392095956935,1.0620541559
2023-04-27,93685.46992013889,2729935601.402459,1.1054261538608918,1.2195571166854167,1.2094485783162283,1.0647200586347223
2023-04-28,101374.93778125,2971962372.6417513,1.0225967460326195,1.2502643016461805,1.0147757432821791,1.0562241499770832
2023-04-29,101701.78441319444,2977287942.9315314,1.045328308669286,1.246853044840278,1.0499743794943233,1.1136680254836806
2023-04-30,101255.57099305555,2969358924.900029,1.0577331323942982,1.2468200728534722,1.0842089067542082,1.1053470089454862
2023-05-01,101334.93526041666,2879459026.457014,1.4105889521074533,1.201297948959375,1.457478243338035,1.076510179045139
2023-05-02,104092.77976041666,2940265246.0848937,1.3946029581650903,1.1370376360739582,1.5740509293864267,1.1205708172600695
2023-05-03,99026.09252083334,2826121659.5407186,1.2463048991584837,1.1663654023461807,1.3344086373606179,1.122625554828125
2023-05-04,100959.34119097222,2924996598.8606825,1.1037021675715464,1.2013188189173611,1.1247851222515828,1.0924737367211805
2023-05-05,102568.31258680555,3000457410.59556,0.9900563110218261,1.1909005759163194,1.0246051360241137,1.0679038098253473
2023-05-06,102084.57071527778,2970787267.9635725,1.142537091340112,1.2168887446020833,1.1325603115033263,1.0564988674381945
2023-05-07,99402.27738888889,2868964722.2567043,1.2308394095421873,1.2060964250479165,1.3147554128740622,1.064112327484375
2023-05-08,103999.40406944446,2901514638.50509,1.6766987477171895,1.1430095504350695,1.8639378541597484,1.050157457660764
2023-05-09,107614.91820833333,2968600655.462375,1.7928595108644605,1.1185058722583332,2.0751449157222415,1.115581113342361
2023-05-10,106554.78083333332,2953318214.456169,1.6868271291962467,1.1142584767177084,1.9966511498920536,1.082726523615625
2023-05-11,105658.71534722223,2880063146.7148952,1.7652394822923543,1.1349876108184027,1.9708888666575162,1.079317852170486
2023-05-12,111143.36553819444,2943221124.304108,1.8796273149435139,1.1463827602715277,2.0438056522070185,1.0763960310104168
2023-05-13,107939.92611805555,2893442877.880049,1.7591632195110463,1.1613424460284723,1.8814465044539435,1.1055749584784722
2023-05-14,107532.83162847222,2887713533.450894,1.6450841302508723,1.1748978174711806,1.7682896460651116,1.1348274004194443
2023-05-15,107890.28046874999,2946630354.314708,1.4879815607902611,1.159150780538889,1.6431643356918213,1.095562756092361
2023-05-16,107968.95573263889,2920896037.8938813,1.5903795062883708,1.16275588696875,1.7124418759818667,1.083208568335764
2023-05-17,110166.91728819445,2973783598.653082,1.6542403023733288,1.1863595858489584,1.7832539010119919,1.1077877343625
2023-05-18,106697.64871875,2896044051.1775613,1.610340791599902,1.2353794888555556,1.6394218805708405,1.0758697256836804
2023-05-19,105259.82603125,2826702347.3149004,1.7967431895296748,1.2287707097777778,1.955870999271183,1.131885479732986
2023-05-20,104880.21976041667,2822913753.867674,1.7301490577838536,1.2200945180565972,1.9232122717612645,1.2279368440701388
2023-05-21,105927.69827430556,2856455976.090978,1.689193055293625,1.2343330662624998,1.827085326703258,1.1111291882447916
2023-05-22,107040.8855798611,2868844463.464997,1.771130754614285,1.2288868715326389,1.9975117996741483,1.1359961805795138
2023-05-23,105042.29555555555,2859869625.7362537,1.3591039435696721,1.2696504601291667,1.432439796476756,1.1312627257569445
2023-05-24,111661.36409375,2970353757.048965,2.131255798259805,1.2334782277868055,2.27606076931745,1.0449621247288194
2023-05-25,114443.79245138889,3008869808.1773667,2.0828453279977808,1.2031674753347223,2.354526147546626,1.1238680401329861
2023-05-26,109389.28212847222,2905202959.368822,1.7178230430229944,1.2407499038427083,1.902053575725662,1.1073858760913196
2023-05-27,107610.9383888889,2874344020.944742,1.5560053011296657,1.257370381885764,1.6615503768477597,1.2806733972104167
2023-05-28,111108.46772222222,3033672098.104448,1.2595503971678457,1.2435799318854166,1.3277834971580607,1.1362181607184028
2023-05-29,111335.61438888888,3101863173.0114303,1.202519364600023,1.3613107724458333,1.1533594982596902,1.1046137651333334
2023-05-30,111496.496125,3096732018.6669683,1.3710492957358156,1.2954860382875,1.398508683719272,1.0960408609899306
2023-05-31,112347.17332638889,3055634737.908018,1.8627523712227965,1.2660122064590278,1.9155950339322168,1.100827356178125
2023-06-01,112743.43015972222,3032386636.765909,2.227205903239626,1.2791175622774305,2.3921075230969278,1.1009364129503474
2023-06-02,113622.92100347223,3074105929.083951,2.0282335674968075,1.2658019493927084,2.2411881334256956,1.088725858845139
2023-06-03,113121.73948611111,3070162365.9523716,1.8897029914250447,1.2902932398333333,1.998030672527322,1.1887656036124998
2023-06-04,113092.04538194445,3070614268.0947065,1.820993717353633,1.2872088590350694,1.9431023225837667,1.2095882171569443
2023-06-05,116456.45560069445,3076632615.4349456,2.3342839932511876,1.278907288776736,2.4839924192689042,1.0276972241447917
2023-06-06,116030.62122222222,3025805656.5063334,2.282153483938392,1.219581010640625,2.6732104781707275,1.1119782905399305
2023-06-07,105679.81610069444,2819167067.015511,1.6881149430408544,1.3372220345694443,1.6699375944960115,1.0759745443197917
2023-06-08,104358.2904826389,2761021385.1796026,1.933345025244439,1.2854680914951389,2.109021643265095,1.096637184625
2023-06-09,102805.81080902778,2725604845.314166,1.8109820504118932,1.30318068675625,1.959031097501231,1.166741879978125
2023-06-10,104361.52166319445,2693928986.4205065,2.2809506965050095,1.2661022457513889,2.5494165234572614,1.0702634517847223
2023-06-11,101980.70580208334,2633425856.6365294,2.230690987764002,1.2351023187878472,2.6161815597144327,1.1120928121934028
2023-06-12,101027.90637499999,2612583810.590967,2.004532897389728,1.2372899112934028,2.317325733894012,1.0741063662333332
2023-06-13,102575.42934722222,2665023522.766165,1.9183599607371997,1.2422811483309026,2.1846240017558096,1.1082042827649305
2023-06-14,103355.55666666667,2668386100.0495825,2.066208149640367,1.2331240797934029,2.330639976836718,1.1077082372142362
2023-06-15,107402.5411076389,2697946691.086603,2.535768824454501,1.1865034042506943,3.0103987264597234,1.0788449385489585
2023-06-16,104935.30259027779,2704680963.7762904,1.7583787185346778,1.2191893864333334,1.940851685169175,1.1445481996194444
2023-06-17,104242.42690277778,2760104628.5322685,1.289320641646218,1.2774228822538194,1.3276472269945725,1.119345198015972
2023-06-18,104739.67552083333,2776938442.521846,1.324710863504102,1.2703107311208333,1.3594515999979315,1.1445471767802085
2023-06-19,106483.71552777778,2822862822.265489,1.283345654645478,1.257049621620139,1.3353257849362619,1.0665684226552083
2023-06-20,113761.22555555556,3094913664.1573424,1.0557862199772392,1.2436565449881944,1.0756086219548913,1.1633920346652777
2023-06-21,120696.25118402777,3534366729.099786,0.7988234128855992,1.3116239257836806,0.8104672933958896,1.094460821763889
2023-06-22,116874.8095,3517605457.418781,0.8254268697228248,1.3873403249017362,0.7849603875507621,1.0733958616788195
2023-06-23,119427.53585069446,3622044349.121221,0.7852915469929171,1.4237322679020832,0.7585574327729541,1.0647227988986112
2023-06-24,114346.74765972223,3500507488.298634,0.83614890316357,1.4323398380652776,0.8230296438915711,1.1081944924246527
2023-06-25,114842.1832951389,3515683148.187359,0.8667610259015136,1.4170142308347222,0.871498032651812,1.0940670804298611
2023-06-26,115190.65503125,3487422167.160124,0.9652067867977325,1.42713002824375,0.967642903776754,1.0738471856395835
2023-06-27,115994.16792708334,3540322330.1065674,0.9248125901819577,1.4444375622364583,0.9535460633723392,1.1100245232190973
2023-06-28,113312.42470486111,3432515129.345168,1.0236208101388735,1.4386741313954863,1.0298979165309547,1.0737757619270833
2023-06-29,115854.52425347222,3522695848.3633666,0.9375463815605496,1.4220404984111112,0.9899565433439785,1.1158371674888887
2023-06-30,114894.80767013889,3512837521.654134,0.9674363297969416,1.4629508356510417,0.9903232230367954,1.0774505376711805
2023-07-01,107538.25595833332,3280417034.5369425,1.038769330370667,1.5026470366055555,1.0489695419297542,1.1070079828236112
2023-07-02,109408.05772916666,3340781961.8756914,0.9991622987359325,1.5254257674395832,0.9872564006415807,1.2238480651354167
2023-07-03,113209.97261111111,3490134909.0621448,0.9095708707267414,1.5046156681663194,0.886862404160373,1.1969934245802083
2023-07-04,117128.42074305557,3628761453.6412625,0.878680046391245,1.4780031140479166,0.8140018231628968,1.1148279351309027
2023-07-05,113047.92915625,3458058128.6957235,1.0276727004734156,1.4678380055934026,1.0187067262575924,1.0932239039184026
2023-07-06,112114.06112152777,3421757875.370886,1.0624606708245,1.4604606462208334,1.1051165608305995,1.0897915372979168
2023-07-07,102547.91341319444,3094627771.7522106,1.2081202490653444,1.4023470959364583,1.3643601510398877,1.1037723877333334
2023-07-08,103282.37143055555,3120515808.661848,1.213901046124078,1.420837631537153,1.2982794874482837,1.242069454820486
2023-07-09,103529.92453472222,3132485845.637139,1.1850627024127292,1.4270019255215276,1.2648017272577599,1.1592771848430554
2023-07-10,103981.5476875,3146021644.3059664,1.1997483775694446,1.4052490940277778,1.3116000972222224,1.092301355
2023-07-11,106837.35797916667,3257825425.0478625,0.9801313912847223,1.4139860238194446,1.0403262717708333,1.1291280884375
2023-07-12,110701.88421527778,3384049788.717205,0.9863496175694445,1.4135713348958334,1.0132768548958333,1.1692835935069443
2023-07-13,112103.90836111111,3442509328.9888644,1.0316402457291667,1.3717962519097222,1.0887726304513887,1.1182952802430557
2023-07-14,108126.425375,3355216652.3257146,1.0151515015277779,1.3896537351041667,0.954479095138889,1.0396084550347222
2023-07-15,100883.4545798611,3056329338.2050033,1.456655076215278,1.2818845582986111,1.6143179418402778,1.1424980679166667
2023-07-16,101024.52907638889,3058918498.0770574,1.4288813050694444,1.2914856914930555,1.5999379558333333,1.1728008871180555
2023-07-17,103793.61477777778,3130534811.6377,1.4792922588541666,1.2764898339583333,1.6746562241319445,1.0903373763194444
2023-07-18,107184.04511805555,3208375376.1652207,1.6451996129166666,1.2395700819444444,1.814143071527778,1.0998335280555556
2023-07-19,105671.11363194445,3167014291.8719587,1.6213534538541667,1.2368642113194444,1.8315764715625003,1.1021099467013888
2023-07-20,106922.48044097221,3205345119.5129194,1.6030672955902778,1.2265462637847222,1.8304274579513888,1.0752326970833335
2023-07-21,108588.96277083334,3240513993.1139627,1.6877504227083333,1.2120534743402778,1.981137321423611,1.082555594722222
2023-07-22,106632.97623263889,3184650741.535005,1.564495550138889,1.2218600420833332,1.7878853974305555,1.2117063451388888
2023-07-23,103319.83909027778,3092448329.2180033,1.4777235517361111,1.2627045384722222,1.7005035364236112,1.2573650662847222
2023-07-24,107838.44893055555,3171579315.920128,1.8018078194791667,1.268271262326389,1.9725266592708333,1.0614321778819444
2023-07-25,110562.90699652777,3224783119.0925884,1.7782593301041665,1.2423268465277777,2.0379835492361114,1.2056654544097223
2023-07-26,106444.21429166666,3115703463.790986,1.5923105013541667,1.2844982122222222,1.8254494758680555,1.18325275
2023-07-27,110449.83342361111,3241017378.8901515,1.413510188263889,1.288317194375,1.555025830763889,1.2022828688541667
2023-07-28,109330.92850694444,3198788706.717539,1.4441838755208334,1.3072430293055557,1.5929763939236112,1.2245018838194444
2023-07-29,108377.10853124999,3177181823.911579,1.389772216111111,1.316063192465278,1.5308805267708334,1.445448093576389
2023-07-30,108310.04870486111,3172550712.297525,1.4360489002430556,1.3165462802777776,1.5610545210416666,1.2134940204513889
2023-07-31,108811.11160416667,3190599825.2889814,1.4415234153472223,1.3232468222916667,1.5769944240972222,1.2082521847222223
2023-08-01,110574.67328819445,3207890104.255454,1.8125130494791668,1.2821972895833333,1.9954145002430554,1.1008006080208332
2023-08-02,113146.9077673611,3330863926.1606936,1.5888417590625,1.38011288625,1.6040188278819445,1.0664788426736111
2023-08-03,112975.61720138889,3297143065.5276423,1.8103477025,1.3054422396527778,1.9813497414930556,1.1420148808680555
2023-08-04,112717.41223958334,3286942498.6074343,1.7662406786458333,1.2976184877777779,1.967773635,1.1659455874652778
2023-08-05,113866.49412152778,3308590190.4511056,1.9417097399999999,1.2846164553819444,2.165606858576389,1.3116712309722223
2023-08-06,111348.48558333334,3236227628.303354,1.9371442030208332,1.3021705570833335,2.1829968484375,1.3930589705555556
2023-08-07,111559.69063541667,3244639036.4454327,1.8997187268055553,1.2966278327430556,2.1450126885416667,1.1830020992361112
2023-08-08,116581.06042013889,3435395679.0022597,1.4397984969444444,1.3124818532986111,1.5711735187152778,1.196218706736111
2023-08-09,123648.74236458333,3673634701.117921,1.1172282141463417,1.3504083267247387,1.1392462234843206,1.2015816141666666
2023-08-10,118564.81525000001,3498559454.5539007,1.4042023723958335,1.3432975868750001,1.477054608125,1.1726194855208334
2023-08-11,118473.64365972222,3484161613.7481256,1.6140554785416665,1.333692701111111,1.7459067497222223,1.2674545511458333
2023-08-12,117531.81293750001,3456803933.2141685,1.6865619849652778,1.3354136897916666,1.8322675038541665,1.5926849499652778
2023-08-13,115874.77585763889,3405161715.595872,1.7620638357291667,1.3390925349652778,1.932623682326389,1.4599650087847222
2023-08-14,109949.30633680556,3232860773.535147,1.7197988699305555,1.3624088391666667,1.9177987721875,1.2504938715277778
2023-08-15,110059.12302083333,3228921655.7239428,1.7797064665972222,1.3626414792013888,1.9779505105208333,1.2923359533333334
2023-08-16,116016.74617708333,3378801966.4691978,1.957981006875,1.3561673005555557,2.2311233675347224,1.2003623893055557
2023-08-17,116927.01790277779,3298275920.0626698,2.3348303914930555,1.288876158611111,2.597890516145833,1.0652775991666668
2023-08-18,100933.27935763888,2654804485.0505314,2.006190814895833,1.0536830683680556,2.106140638298611,0.9899098061458333
2023-08-19,91695.4504375,2383588501.764884,2.171804042951389,1.2341863037152778,2.3248688496875,1.0151284397916667
2023-08-20,88890.63018749999,2321202801.6177573,2.301323265763889,1.2724601736458334,2.548744383819445,1.249203073923611
2023-08-21,90950.09894444444,2369962866.1785727,2.2574843107291667,1.2119588965625,2.4468313817013887,1.127956144513889
2023-08-22,90613.19492708333,2353705164.0045323,2.1963469809722223,1.1850983992708333,2.3532197715625,1.1973525280208335
2023-08-23,86404.47874652778,2260738373.330707,2.126635570798611,1.2201910439583332,2.25058808,1.0749941344444442
2023-08-24,85102.30527430556,2236553229.963692,2.023678718715278,1.2037697840972221,2.1312667454166667,1.1340217856944443
2023-08-25,85918.33204166667,2237622588.5219135,2.2016539416666667,1.2335991106597222,2.3868983680208333,1.1112165678819443
2023-08-26,84462.73557291666,2198809500.459477,2.1383118312847222,1.2434596351736111,2.3129063699305554,1.5912473953472221
2023-08-27,86351.27069097222,2250327506.2288003,2.119487240173611,1.2164525437152778,2.315434270104167,1.4130962622222223
2023-08-28,87715.60926041666,2282985794.385661,2.1839586222222223,1.193989332673611,2.3814401933680553,1.252326026388889
2023-08-29,89641.42445138888,2395225492.41492,1.7837708208680556,1.1969226564583333,1.9393435440625,1.0687275624305554
2023-08-30,90376.03736111111,2471566420.760391,1.419822601736111,1.2330779327083332,1.3626439427777777,1.1308814695833334
2023-08-31,87368.00140625,2348723781.473202,1.722785951111111,1.2318419169097221,1.7161274168402778,1.1639689185416666
2023-09-01,83795.62498611111,2169853824.335263,2.095640427777778,1.2464738723958333,2.357082123819444,1.1805021500347221
2023-09-02,82782.32985416666,2136872848.3497064,2.112484214861111,1.2597622757638889,2.364352499583333,1.181050029201389
2023-09-03,81258.30881944444,2104760476.706421,2.0483850019097223,1.2199512805208332,2.286281677986111,1.2780822470138888
2023-09-04,81310.68575,2105090487.168038,2.0639256355208335,1.2100569305902777,2.282461271979167,1.1896941166666666
2023-09-05,83351.82018055556,2144531120.8767385,2.18027674875,1.1835430691319444,2.412870142638889,1.1790696946180554
2023-09-06,84561.87252083333,2174700692.4214816,2.2367963165277778,1.183945535486111,2.489676147222222,1.1480998742708333
2023-09-07,84255.92211805556,2175915878.607165,2.1806803494791667,1.1878011863194444,2.4019900119791666,1.1488819803472223
2023-09-08,84352.46142013889,2194324001.7894974,1.8931498645833333,1.1754428678472222,1.975513019097222,1.1496856832986113
2023-09-09,83603.50197222222,2162179819.685011,1.8674468807291664,1.1416277091319444,2.024903820138889,1.4269264463541667
2023-09-10,82744.43917013888,2135591373.5370996,1.9072261392708336,1.1523112498611112,2.066224069479167,1.290242496875
2023-09-11,85456.0168125,2177541138.3022885,2.1400484160069446,1.1286324776736112,2.358683243576389,1.1334489594097221
2023-09-12,87958.32148421052,2274853705.5037904,1.7269270788771929,1.0939380468421052,1.90675057677193,1.1250208205614036
2023-09-13,88622.70676388888,2311048518.8668113,1.5552778605555555,1.1169782523611111,1.6279377549652778,1.1264322886805556
2023-09-14,89865.79498263888,2374990511.209688,1.3752122351736111,1.1216529390625,1.3852004080555556,1.1375882764583334
2023-09-15,90263.15881944443,2391062016.961486,1.3571109251041666,1.1028264372222223,1.3336658874652778,1.1453637588541667
2023-09-16,87556.72384375,2324126406.8802795,1.4420990441666666,1.111950079201389,1.4172692463541667,1.1953845486458334
2023-09-17,86377.500375,2290130908.511248,1.4090788704166668,1.111620459201389,1.3900106119097222,1.2133301552777778
2023-09-18,90548.78453472222,2431599071.288192,1.233802969548611,1.1080731183680554,1.2445455044444445,1.1013257008333333
2023-09-19,92078.53316666668,2489272710.6173844,1.2094613613541667,1.0943360962847222,1.2392789572222223,1.1550557698611112
2023-09-20,91467.44649652777,2479509403.160864,1.3506679956944445,1.0911627378472222,1.3380056369791666,1.1281153263541668
2023-09-21,92847.1265625,2485007965.102691,1.5415885390625,1.084655353923611,1.5452726407291668,1.1709752406597222
2023-09-22,92784.28014236112,2467926302.324988,1.579953426875,1.0889679311805556,1.6939213888194444,1.1363521898263889
2023-09-23,91585.37847569444,2432709766.808586,1.6272241664583333,1.0863445020833333,1.7439427852777778,1.3165732835763888
2023-09-24,91501.7700798611,2428896501.9753985,1.6401057241666668,1.0834638015277778,1.7623686314583333,1.6348515661111112
2023-09-25,91491.55178472222,2396145547.441536,1.7914692178819445,1.085112191875,1.9430920979166666,1.2063392273958333
2023-09-26,90992.82537847222,2387088712.563859,1.7389899867708332,1.0920632700694446,1.8499216901041666,1.1847681529861112
2023-09-27,91508.94498958334,2408569789.248555,1.6529883569444443,1.0967880096875,1.7776289451041667,1.1726477741319445
2023-09-28,90471.55897222222,2413647735.0156226,1.3591883230208335,1.0689021863888888,1.4454735514930557,1.110109439027778
2023-09-29,90472.77444444444,2437784008.5132093,1.1757289653472223,1.0772922576388888,1.1358616938194444,1.1562516693055556
2023-09-30,89269.87817013888,2406214986.2417164,1.2604697569791667,1.0907573557291665,1.245649603611111,1.2339106154513888
2023-10-01,91791.94964930556,2492344769.382013,1.2106046373263888,1.0924985208680555,1.2040802603472223,1.27811221875
2023-10-02,91708.14127777779,2571270537.7622747,0.9822743740277777,1.1182256575347223,0.9363972989583333,1.0983022047569444
2023-10-03,89482.76747569445,2458309946.0929003,1.2514277134374998,1.1129210029861112,1.2850029040277777,1.1393798297222224
2023-10-04,88414.38773611112,2431869561.3739944,1.369683619548611,1.0989735653472221,1.456194438784722,1.1337941812152779
2023-10-05,91575.12312152778,2529396953.0296125,1.2518274297569443,1.0974624039583334,1.298453528263889,1.1024030747222222
2023-10-06,92454.39003472222,2560628086.1776066,1.152152886076389,1.094017531875,1.2380728233680556,1.1190573912500001
2023-10-07,91756.56852777778,2561400320.34182,0.953537963263889,1.1163435399652777,0.9468539951736111,1.220965663125
2023-10-08,92110.85365972221,2570295788.0708766,1.0026594128819444,1.1194158371527778,1.000102366736111,1.2245514168402778
2023-10-09,92123.49822569445,2548356746.2776937,1.1846463781944445,1.1240519044444444,1.1944565915625,1.076541626701389
2023-10-10,91919.97430208333,2528733575.663198,1.2590947278819444,1.1124546867708334,1.3309649035763889,1.1035772564583333
2023-10-11,97241.72455208334,2625754949.487886,1.7052552498958333,1.1485745430555554,1.8168573134722221,1.14484149125
2023-10-12,97378.24203125,2605379202.2258463,1.7670241617013889,1.1667826986458332,1.8834413065277777,1.1643355500694446
2023-10-13,97101.90855902777,2602981845.2295723,1.6693472230555555,1.1697130219791667,1.8119892860416666,1.120151496076389
2023-10-14,98492.31064583332,2646467242.503451,1.6356952694444444,1.156284148923611,1.7971600639930554,1.303449312361111
2023-10-15,97971.67833680556,2637931805.7313204,1.5950003631597223,1.1536050658680557,1.758201888611111,1.3270743178472222
2023-10-16,93964.73066319445,2619452930.31001,1.1161532168402777,1.163193121111111,1.2267876992708333,1.0715563225694444
2023-10-17,89890.83602083333,2550554421.5904365,1.0183316941666667,1.1607367257291665,1.05236052,1.0895391307291666
2023-10-18,89238.65926041667,2533332340.7582126,1.0190431667708333,1.1553212490277778,1.0578327208333334,1.1246392652777777
2023-10-19,90116.15106250001,2565549941.893538,0.9933304681249999,1.123071583125,1.0394184941666667,1.1149693435416668
2023-10-20,94438.44265625,2777938069.4949093,0.7563758670138889,1.1258639331597222,0.7771894565972223,1.140731641423611
2023-10-21,93761.74888888889,2792588112.41674,0.738324155,1.1401236936111112,0.7333225194791667,1.1935623489583334
2023-10-22,94496.19870138889,2825248264.3284497,0.7247196941319445,1.1402552460763888,0.7022766619097223,1.2390178123958333
2023-10-23,97088.2938611111,2998480125.635559,0.6734998350694444,1.2082708947569445,0.6689060633680556,1.1298867700347222
2023-10-24,85297.92454166667,2908154030.3423758,0.8651179553472222,1.5108740163888887,0.8448722771527778,1.0571815330208334
2023-10-25,85141.18784722223,2923191579.357043,0.8748493317361111,1.5125960114930554,0.8463748617361111,1.0773791322222221
2023-10-26,84746.78727083333,2909723831.3109183,0.9090848038194443,1.488702364861111,0.8492073453472222,1.0552589310069445
2023-10-27,85322.73033333333,2898551076.0164165,0.9743666253819444,1.5215976025347222,0.9274897437847223,1.0308602968055556
2023-10-28,85043.3822638889,2899336248.401023,0.9636078064236112,1.4970663415625,0.9473004792013889,1.2068489905902777
2023-10-29,87193.15894791666,2992255718.2816043,0.9418495199652779,1.4843240758680556,0.9188369519791666,1.2191080651736113
2023-10-30,87049.50627083334,2998604334.062933,0.9832734735763888,1.4711966709375,0.9365672498263888,1.1332905106597222
2023-10-31,87092.39255902778,2995918235.7847004,1.0152650389583333,1.4857765947569446,0.9955681746875,1.1348319734375
2023-11-01,86975.24495138889,3009500863.0968757,0.9713950881597222,1.4743400567708334,0.9305983331944445,1.1279501234027778
2023-11-02,85276.53337152778,2998546534.3604503,1.0112638234375,1.4789303881944444,0.9353102951041667,1.0259366633680556
2023-11-03,82933.32029861111,2863388229.01319,1.075437960798611,1.4732343731597224,1.0688560746180555,1.0598203595138889
2023-11-04,83195.60501736111,2891703530.223847,0.9731617201736111,1.4219445319097224,0.9805812559027777,1.1908676019791669
2023-11-05,86144.55716666667,3019349669.5844326,0.8983005779861111,1.418302958888889,0.8718859509027778,1.1634423901041666
2023-11-06,87037.48542708333,3047348334.916265,0.9215558520833333,1.4321563237847221,0.8852573337847223,1.1807164907986112
2023-11-07,89183.65580208333,3118954297.424629,0.9958312596180556,1.4009714765277779,0.9619806814236112,1.0831129255902778
2023-11-08,88490.48248263888,3132993475.1677914,0.8828797893402778,1.3889684310416668,0.8081740690625,1.1152686365625
2023-11-09,89160.75045486112,3264672458.4354897,0.8303127782638888,1.3924817805208334,0.7910893517708334,1.0994115579861112
2023-11-10,79659.41482291667,2943979100.8146095,0.9959679084027778,1.4906298960763888,0.9845313308333333,1.0332139439583332
2023-11-11,80300.17850694444,2978531439.907629,1.0252718197560975,1.4366531365156794,0.9823611489895471,1.1356853646527778
2023-11-12,81323.05545833333,3017084620.480851,0.9864004424652778,1.4499978788541668,0.9568858297569444,1.212288735
2023-11-13,81469.61435763889,3005389566.687586,1.0506318900347222,1.3917683727430556,1.0444432628125,1.071268945486111
2023-11-14,80788.7265625,2928585602.0088263,1.125014907361111,1.3915768830555555,1.1657111126041668,1.0479033678472223
2023-11-15,81208.99877083334,2945276809.8842406,1.1015212704513888,1.3461958252777777,1.1582120600694443,1.115607436736111
2023-11-16,84229.75492013889,3113556713.1822968,1.0621477424305557,1.3343622673263889,0.9575604666666666,1.0541163772222222
2023-11-17,79035.44757638889,2874209117.085367,1.1987174057291667,1.3345740155902779,1.2784840123958334,1.024006292951389
2023-11-18,78962.86321527777,2882032638.0781436,1.1369644008333333,1.3571160679166665,1.1678792536111111,1.142759229236111
2023-11-19,79888.17971875,2927501837.447142,1.0698635637847222,1.3597515294097222,1.1124566392013888,1.216000178576389
2023-11-20,80464.35414930555,3001592332.974693,0.960395349929078,1.3912893489716311,0.9060947940780142,1.0614761300347224
2023-11-21,83400.91100000001,3098034894.5310283,0.9567093366319445,1.361860669027778,0.9043369127430556,1.0957078520138888
2023-11-22,79605.49821527778,2918222921.674719,0.9763529410763889,1.3081964185069443,1.0715291436458334,1.0971313711111113
2023-11-23,81519.12833680556,3042209472.3586392,0.876127422062937,1.3019397928671328,0.8071302848251748,1.1205434128819443
2023-11-24,82204.53078819445,3094267657.2765326,0.8298106737500001,1.2618220050694444,0.7748221489930556,1.1150171157291666
2023-11-25,79316.25170833332,2993945315.358014,0.8526279380902778,1.2297408516319444,0.8048860996527778,1.1823273491666668
2023-11-26,79609.86188194444,2991631015.5059032,0.9450117697902098,1.2259772091258743,0.8882127991258741,1.170211048923611
2023-11-27,79612.28102430556,2957371084.964765,1.086636783923611,1.1912556046875,1.0872443231597222,1.0718208760416668
2023-11-28,80439.42503472223,3011105627.230486,0.9875217091666667,1.19251266875,1.0035200727430555,1.105237601111111
2023-11-29,82967.24601041667,3147362282.3449626,0.7743307396875,1.1950678422569443,0.7178062768402778,1.0990540088541667
2023-11-30,83265.0956701389,3144743707.9048867,0.9078208577083333,1.1881098614236112,0.8750898563541667,1.1370116020486112
2023-12-01,87124.18185069444,3346111247.6876025,0.7335708696527778,1.1939885296875,0.6921585328472222,1.0935855653472222
2023-12-02,86984.63357291667,3381133532.854722,0.6982686159375,1.1620325035763888,0.6337178420833333,1.2843375284722223
2023-12-03,81852.90996180555,3236379444.7549887,0.760036756736111,1.1811159994097222,0.6878025751736111,1.1452271036458332
2023-12-04,83531.46710763889,3461788899.4972343,0.7173027369444445,1.2475221891319446,0.6890164531944445,1.1137908471875
2023-12-05,84113.82317013889,3566571928.831831,0.783465895625,1.2444020722916667,0.7277833161111111,1.0616308867708333
2023-12-06,84602.52538541667,3713041294.5052247,0.8978502582986112,1.2695214165277777,0.8569956752430555,1.0877793341666666
2023-12-07,85446.2007986111,3723101824.444891,0.9419076267708333,1.2706389815624999,0.9371525244097223,1.0178858011805554
2023-12-08,84386.67771875,3686174612.5499578,0.9634610173263888,1.283696786875,0.9964708594444445,1.102835619826389
2023-12-09,81919.33704166667,3608479297.563404,0.9824004143055556,1.2980660692708335,0.978513749826389,1.1197901771180556
2023-12-10,82952.65242708333,3637238248.1977406,0.9672047055208333,1.278594932222222,1.0132411716666665,1.2132825371180556
2023-12-11,77500.81496527778,3252415958.2673063,1.1874503583333333,1.2969935640277777,1.1337053585069445,1.0470248810416667
2023-12-12,76898.02419097222,3196424203.514692,1.216671268611111,1.362460549861111,1.3185320383333332,1.0929726980902776
2023-12-13,79407.66771527778,3307000305.309872,1.237847534375,1.3612759669444445,1.3341866830208333,1.0518731074999998
2023-12-14,77717.44387847223,3330254768.854522,1.1115688654166667,1.2986728383333332,1.1004372237152777,1.079105445
2023-12-15,76055.70358333334,3231652413.309419,1.1870052817361112,1.2743164613888889,1.1473663285416666,1.0826376077430555
2023-12-16,76338.4374826389,3229831634.4936857,1.1418802781944446,1.2800535992708335,1.2460126877777777,1.0905409706597222
2023-12-17,76811.24662847222,3224231640.763029,1.2446970404513888,1.2756450319791666,1.3456608202430556,1.0904532073263888
2023-12-18,77586.03862152778,3213687777.5422115,1.2783387319097224,1.2669105061805555,1.4489200677777778,1.116509607326389
2023-12-19,78021.95285069445,3334630344.287082,1.0949078119444444,1.315210302013889,1.0817220997569443,1.0552596653819444
2023-12-20,78997.7416388889,3413859688.070023,1.0535451815625,1.300966086284722,1.0662908016666668,1.062734667986111
2023-12-21,80861.88228472223,3538751165.704784,1.000513599375,1.284538545173611,0.9374110964236111,1.0941588961458333
2023-12-22,79620.29734722222,3489844529.5710907,1.0859461225694444,1.2881527921180556,1.0009045042708333,1.0863026823958333
2023-12-23,78770.62919097222,3442321447.0894527,1.1396719101041668,1.2856721159722222,1.0570104269791667,1.0886148303472223
2023-12-24,78616.37446875,3431274982.581808,1.1400056228472222,1.2672192197916667,1.0774294569791667,1.1064601011458333
2023-12-25,77832.60654861112,3374902251.36803,1.2012077932986112,1.2533760639930556,1.175656744548611,1.1478182123958334
2023-12-26,78994.74708680555,3376492234.3508782,1.5041690267361112,1.2806997873263888,1.4823201278819444,1.05352215375
2023-12-27,78130.53671875,3347928788.847135,1.3968248740972222,1.2527450127083333,1.4506827469097223,1.0774216678819444
2023-12-28,75413.14360416666,3239877835.0586295,1.3694213265972222,1.209234313576389,1.3491042863541667,1.1016831748611111
2023-12-29,75493.64302083333,3204572798.618396,1.5019246284027779,1.2307838497916666,1.6170168067708335,1.0630611021180556
2023-12-30,76502.8644548611,3224200217.4938397,1.5513667082291667,1.2526026206597223,1.6789017178819445,1.1050084192708334
2023-12-31,75233.56576736111,3196137726.1997104,1.3124369869097223,1.2526572538194445,1.4335198191666665,1.1330767297569446
2024-01-01,74914.01002083333,3209448754.1772437,1.2460205774305555,1.2530875449305556,1.3442452378472223,1.1034581116319444
2024-01-02,79834.9019375,3614320982.5234594,1.0353329525347224,1.2677471534722222,0.9610742480208333,1.012903030798611
2024-01-03,74308.15249305556,3271909592.216862,1.389211293611111,1.2728656101388889,1.345746462361111,1.0701142313541667
2024-01-04,70134.21922916667,3049133921.7012577,1.3132979921874999,1.2571983729861111,1.3997838533680556,1.0789563890625
2024-01-05,68982.55450347223,3018107487.442393,1.268767312361111,1.2418882863194445,1.2376002148611112,1.1022834766666667
2024-01-06,68031.18126041668,2980539520.1899323,1.2750969572916668,1.2636872153125,1.2375237416319445,1.1450336353472224
2024-01-07,70522.43127430555,3107343694.4758577,1.1553566595138889,1.2434997939583332,1.1491018768055554,1.0934538022916667
2024-01-08,72439.50628819445,3249955314.3264856,1.0557113128125,1.2488502461805555,1.0570777557638888,1.0968191855208334
2024-01-09,73699.62159375001,3437704414.079179,0.9698403429166667,1.3412152527430556,0.8332010649305555,1.054584495
2024-01-10,70803.94191666666,3243923793.48198,1.3824478057986112,1.333372910972222,1.4096696387152778,1.0426896201041667
2024-01-11,69648.85966319445,3243891234.143207,1.5169323465972222,1.3260981857638887,1.5691375352777779,1.026382512465278
2024-01-12,75992.70679166667,3423809968.321253,1.958049448715278,1.4053033347222224,2.106488235902778,1.0168736804861112
2024-01-13,75218.00257638888,3224559964.7340913,2.366226424375,1.4082375484722223,2.7729394350694445,1.0314740782291667
2024-01-14,76065.49645833333,3253020130.244095,2.3890461121527777,1.403181707986111,2.763826131284722,1.0485566760416667
2024-01-15,75868.1195763889,3233240766.4806814,2.2210288116319443,1.3199483286805556,2.6442618915625,1.0722131113888889
2024-01-16,74566.21008333334,3202087287.1075673,2.169059400173611,1.3188942773263888,2.460795536527778,1.0347465283680557
2024-01-17,75371.49330208333,3220785775.9066887,2.2039248636805557,1.3386006920833333,2.435153515833333,1.1006362345486111
2024-01-18,76650.0363298611,3239407224.207246,2.3228030678819445,1.3358110886458334,2.575462168784722,1.0265658407986111
2024-01-19,77772.97685763889,3212074548.076336,2.4042903161805556,1.2994672538541667,2.7202596953125,1.0664476270833334
2024-01-20,74596.67974305555,3104992682.206698,2.2599972128472223,1.3181407264236111,2.417377013125,1.0850411687152777
2024-01-21,74673.63705555555,3113497077.270815,2.202890535590278,1.2954326506597222,2.357370771458333,1.2597940203472222
2024-01-22,76709.6976875,3125237064.2128057,2.404619439652778,1.3056087362847224,2.565338186111111,1.0503591119097222
2024-01-23,76764.71073611111,3027104405.250113,2.2440018331597225,1.3293285654861111,2.4434529444791666,1.0689474413888889
2024-01-24,76067.56972569444,3036741694.0556855,2.121851999965278,1.3913020533333333,2.1809250899652777,1.0974879917361111
2024-01-25,77748.47783333334,3106228024.8536243,2.0696406727430556,1.3960570201388889,2.023202276666667,1.1297524106249999
2024-01-26,79117.94259027779,3238234191.9665704,1.7603450022222222,1.3350480126041666,1.7538704976388888,1.1017518572569445
2024-01-27,78693.39965972223,3290491184.139924,1.6587445585069445,1.3058016919097222,1.5433411431944444,1.0879334899652777
2024-01-28,76847.43655902777,3245226813.9725623,1.5820548310416667,1.267946554652778,1.5149771942013888,1.107581020625
2024-01-29,76155.00275,3233256554.4997196,1.5663889320833333,1.2771002531597222,1.5238243111111112,1.0870332716666669
2024-01-30,77208.97307638888,3350679966.9222746,1.3175627646180557,1.3045569359722222,1.2250766825694446,1.0526832257638887
2024-01-31,73802.68284375001,3166906670.5021453,1.320267147673611,1.2725005990625,1.283655071527778,1.0968073073263889
2024-02-01,73696.06534722222,3128440033.5207095,1.5457780042013889,1.3109464395833335,1.5518840600694446,1.0828729104166668
2024-02-02,74674.044,3215017934.551769,1.4241921097916665,1.3124120410069446,1.347880802013889,1.1546788114583333
2024-02-03,75508.64982638888,3253737848.4937563,1.379090945,1.318113847326389,1.2795584350347222,1.1000244780208335
2024-02-04,76804.27841666667,3292704158.8473377,1.504130421388889,1.3148023885416666,1.4400162577777778,1.2435063768749999
2024-02-05,78912.59243055555,3376229492.7151504,1.508380266076389,1.3329482490277778,1.5303200702430555,1.1726333569097223
2024-02-06,80525.95025347223,3458253915.242308,1.4681160407291667,1.3305215316319443,1.4981652730208335,1.1292802957291665
2024-02-07,79961.08763194445,3459350086.988174,1.3502608181597222,1.3442202643055556,1.30303024625,1.163804706875
2024-02-08,84882.21248958334,3809464424.756626,0.998835349861111,1.3219727986111112,0.9063465827777778,1.0521133503472222
2024-02-09,84313.2097048611,3941369252.7782984,0.8455331628472222,1.2637395835069443,0.7913587344444444,1.0932353155555556
2024-02-10,84923.40386458334,4019661277.7035775,0.8177833428125001,1.2788025705555555,0.7235946378125,1.0985754479166667
2024-02-11,88497.5420798611,4259492959.5752697,0.7507005644097222,1.3156134920138889,0.6668021786458334,1.0996221252083334
2024-02-12,90823.01340972222,4430841433.512177,0.755396571875,1.351250033125,0.6619518255902778,1.0862993064236113
2024-02-13,91536.84004513889,4543945537.841535,0.8201679810763889,1.3567350169444445,0.6969990034027778,1.0636612589930554
2024-02-14,89433.5200798611,4548210525.149909,0.7545075704166666,1.3277279939583333,0.6651389040277778,1.0714015195138888
2024-02-15,89457.38206944444,4659493592.618154,0.7141878417708333,1.3358038958680556,0.632568505625,1.0596813495833333
2024-02-16,88528.23417177914,4611121445.169252,0.7410585302453988,1.2924848765644172,0.6734732255214724,1.1304027551533742
2024-02-17,88190.62717708334,4554061975.590575,0.8118385990625,1.3105430210069444,0.7306059898958334,1.1515081233680555
2024-02-18,86633.54662847222,4484876638.647998,0.8147348395833334,1.3241289005555557,0.7523407436111111,1.1172759576041666
2024-02-19,86899.41737847222,4532269929.4353895,0.8185008451041667,1.3325714169791665,0.7349835597916666,1.1013722102777779
2024-02-20,88747.33564583334,4606542223.152078,0.8700568170138889,1.2930625404861111,0.8151788282291667,1.0741653681944445
2024-02-21,88387.50490972222,4551484655.310377,1.0001074236805556,1.3056806811805555,0.9534985363194445,1.0601782375
2024-02-22,86720.90490625001,4475391706.454016,1.0033952361458334,1.316896284826389,0.9665047030208334,1.0849817036458334
2024-02-23,87748.8126875,4485836249.441479,1.0843447627083334,1.3066753013541665,1.1094312736458332,1.079526674201389
2024-02-24,87922.90015625,4499555224.529346,1.0517723153472223,1.287858486388889,1.118664432777778,1.1531761785763888
2024-02-25,87066.85578472223,4498721626.535889,0.9828884419791666,1.266557314548611,0.965749530625,1.1713710613541666
2024-02-26,86686.64167708333,4537151917.887287,0.970341645798611,1.2720251152777777,0.9321325897916667,1.0966187780902779
2024-02-27,81507.79354513889,4606265037.980169,0.7958780863194445,1.3729115715625,0.7557805044791667,1.0902446133680557
2024-02-28,80130.28142708333,4751513332.895332,0.8528417620833334,1.4171818553819444,0.8196507559027778,1.0473183983680556
2024-02-29,75072.85827430554,4666083599.380237,1.103590779201389,1.5410871322222224,1.0773770360069443,1.0399023056249999
2024-03-01,74050.07018750001,4584898852.414005,1.154777968576389,1.5016484984375,1.154001488611111,1.0572838396875
2024-03-02,73300.90367708333,4547020665.856031,1.264870064375,1.5137286435416666,1.215451463298611,1.0986259706597223
2024-03-03,74190.69503472223,4618723999.892101,1.2544430681944445,1.5079662286805555,1.225571004409722,1.1310069068750002
2024-03-04,79677.48853310104,5212875630.508993,1.152133766445993,1.4559960209059233,1.1183503595818816,1.0674376236933798
2024-03-05,79877.50465277777,5299262557.819604,1.5032716411458333,1.5257187222222222,1.3013027478472223,1.038044795138889
2024-03-06,73904.01632986112,4874726079.154185,1.3828334592708333,1.6200985659722222,1.3234987192361112,1.067867625
2024-03-07,74393.6235451389,4972320639.084122,1.3944796739583334,1.6257296666666667,1.2678392961458333,1.0748530520833333
2024-03-08,74613.2696111111,5053029364.427009,1.3752825367013888,1.6020086284722224,1.2241043257638888,1.1268660243055555
2024-03-09,73516.95106597223,5021394662.933176,1.4366428051388889,1.5711222847222224,1.2610077833333333,1.1098347013888887
2024-03-10,77318.50823611111,5361090018.338501,1.1997742019444444,1.5433688125,1.0296576863888889,1.1107410034722223
2024-03-11,79032.28866666666,5615371755.699707,1.2163835839583335,1.536303736111111,0.9749412819097222,1.0802223194444445
2024-03-12,79646.65986111111,5711943146.178144,1.397712745972222,1.5371862743055555,1.086651373263889,1.0607057430555555
2024-03-13,80251.38020486111,5838708633.666431,1.3579150321527778,1.5821955138888888,1.1011722530902779,1.0443342395833333
2024-03-14,82585.74520833333,5964436630.29948,1.497058750798611,1.5519331041666666,1.243460328888889,1.06943296875
2024-03-15,78377.03772569443,5380501151.455652,1.930590675590278,1.4940470208333334,1.7975108329513887,1.0110075868055555
2024-03-16,78663.38376736111,5371593630.3819685,1.7808934126388887,1.4609265625,1.6856265034027778,1.0143866631944443
2024-03-17,77988.54810416666,5233933137.561518,1.7050904949652779,1.4193471875,1.8092525738541667,1.0525102881944446
2024-03-18,79061.41069444445,5360692642.93364,1.639475403125,1.5024144270833333,1.5752757447916668,1.0610971979166668
2024-03-19,79928.73363194444,5148248506.703564,2.106980219236111,1.5369740833333332,2.0663246232986108,1.0255932847222222
2024-03-20,77983.95475347222,4981449805.385457,1.8338385963541666,1.5392886319444445,1.8812920561458333,1.0658107152777778
2024-03-21,76825.43453472223,5123632979.7625675,1.6497738059375,1.5412776805555555,1.4555513577083332,1.0323354131944444
2024-03-22,75531.31194791668,4885395204.554811,2.024582400486111,1.5021365173611112,2.0026664194097226,1.0056393680555555
2024-03-23,73743.14712152777,4763695542.099007,1.8217803597569444,1.3974209756944445,1.8943346079166667,1.0828188333333335
2024-03-24,75559.22946180556,4930986230.05107,1.6149960672916666,1.3682435034722222,1.6425223354861112,1.1427305833333332
2024-03-25,77968.18554861112,5331154399.260217,1.3777914500347221,1.4061913958333332,1.2357228966319445,1.0722751597222222
2024-03-26,78768.85476041667,5543696783.725392,1.3555292927083333,1.4327852048611112,1.1437952361805557,1.0500984895833332
2024-03-27,81669.07824305556,5702093387.504763,1.4797911352430555,1.42192421875,1.3063429192361111,1.0427369444444445
2024-03-28,82783.19988194444,5833404335.145463,1.3909178907291666,1.4076905173611112,1.2316070977430555,1.0520640972222222
2024-03-29,82680.38528819445,5794098551.989879,1.5456082533680555,1.4037105138888888,1.3273932451388888,1.0764903298611113
2024-03-30,80823.64334722223,5658589353.53467,1.57507423,1.384942375,1.3938076043749998,1.1588089305555556
2024-03-31,81910.07582638889,5774396296.985157,1.4299687848611111,1.369884121527778,1.2833524986805556,1.1628069930555556
2024-04-01,83597.35948611112,5830275329.679044,1.6685491054166668,1.4094220381944444,1.5055330138194445,1.0381669027777778
2024-04-02,79748.72481944444,5295464634.937962,2.126342756076389,1.349135451388889,2.0384704281944446,1.036447763888889
2024-04-03,79684.23033680556,5262948412.860048,1.9735758465625,1.2482390798611112,2.1404950960416667,1.0623260659722222
2024-04-04,79884.53440277778,5345609993.568821,1.7565119287152777,1.2205750590277777,1.8848439251041667,1.08515171875
2024-04-05,76592.49580555555,5169909723.360381,1.7388145121527776,1.2404114375,1.6351700841319445,1.0936511180555555
2024-04-06,75895.51377083334,5163861899.477558,1.6300534185069444,1.196928611111111,1.5611564743402777,1.1160090625
2024-04-07,79040.84626736112,5486163865.72382,1.3449818237152777,1.205944409722222,1.220687107361111,1.1336198993055555
2024-04-08,80586.70505555556,5733287637.589781,1.2149587584375,1.3024548368055555,1.0693278652083333,1.1139202187500001
2024-04-09,80645.0884236111,5661345480.4016695,1.612865951840278,1.43001953125,1.4277818088541665,1.0924950694444444
2024-04-10,79752.47282291666,5521160429.252442,1.7436037450000001,1.35502634375,1.720610374201389,1.0498631666666667
2024-04-11,81710.5105,5759429153.290795,1.428411915451389,1.3687257083333333,1.2834124544444443,1.0870751597222224
2024-04-12,82769.02039930556,5758733325.718356,1.4822268962152778,1.3963449895833333,1.3940651500694445,1.0891906770833333
2024-04-13,76919.48174999999,5125478088.279423,1.8724763855902777,1.3755086493055557,1.9969965839930555,1.0534063194444443
2024-04-14,66970.51732638889,4296989678.623455,1.652525410625,1.3260041597222223,1.7203960701388887,1.0371959618055557
2024-04-15,67867.57871527778,4408289626.693269,1.745334155798611,1.264002875,1.7439080002777778,1.0375204895833334
2024-04-16,66249.22144097222,4170360961.9566574,1.990916045034722,1.2481076111111111,2.088107059236111,1.0689997916666667
2024-04-17,66504.98195486111,4154398745.3488564,2.0313264852083335,1.2770168333333334,2.104370532326389,1.0501791319444445
2024-04-18,67841.60562500001,4231200052.1544504,1.8459818571180557,1.222600673611111,1.9217159801736112,1.0813492395833333
2024-04-19,66551.84083333334,4240196118.7980595,1.5310861850347222,1.206426517361111,1.478671791076389,1.0673106006944444
2024-04-20,66201.63175694444,4247695650.128236,1.5215290289583332,1.231683576388889,1.5358538443055556,1.0796278854166668
2024-04-21,67320.82777430555,4370588148.418495,1.4577701952083333,1.2222504062500001,1.4309516650694443,1.08784959375
2024-04-22,67776.15943402778,4472204922.048504,1.3225716372916667,1.2046481909722222,1.2923870129513888,1.0907151354166666
2024-04-23,69298.10544097221,4603758553.01466,1.3786925269097223,1.18514209375,1.30089601125,1.0502811388888889
2024-04-24,69047.05928125,4537381283.704814,1.5618881239930555,1.210058875,1.5135034304166668,1.0461495381944443
2024-04-25,68974.78980208334,4426543831.653376,1.8097857447916665,1.2289987708333332,1.88435301125,1.0834304861111113
2024-04-26,67226.29503472222,4310360103.692139,1.7922727163194443,1.238240184027778,1.853232465902778,1.0833293645833333
2024-04-27,67489.64826041667,4256377053.8818793,2.097582710590278,1.2413747291666666,2.20113172125,1.1002987361111112
2024-04-28,67496.63004166666,4296899967.867152,1.9512480370833332,1.2003401805555556,2.1001972334375,1.1005610416666667
2024-04-29,67472.68459027779,4232494311.588451,2.054589905763889,1.1898276215277779,2.246838758576389,1.0646774652777777
2024-04-30,70542.1331111111,4355645738.844579,2.5064056842361113,1.262594607638889,2.6112099553125,1.0892785173611113
2024-05-01,71370.8425173611,4162946244.5354977,2.9066378876041665,1.3337990069444445,3.0147296764236113,1.0292074722222222
2024-05-02,69088.43758333333,4030568584.9940786,2.3493506389930556,1.322162861111111,2.424375613611111,1.0547053055555555
2024-05-03,69355.45978125,4205036255.091329,1.621019343888889,1.2292402118055556,1.6265560360069444,1.0906331770833333
2024-05-04,73803.67127777779,4679305403.755515,1.2517884218055555,1.1932595694444443,1.1594012024305556,1.1199140069444444
2024-05-05,72044.55928472223,4590549749.006268,1.2451371498958332,1.1587811041666667,1.1064478738541665,1.16195865625
2024-05-06,73180.53076041667,4675427616.544037,1.3023875335763888,1.1214073298611111,1.220801593263889,1.0622959201388888
2024-05-07,71670.93353472222,4548239366.161635,1.3574292555902778,1.1473617465277777,1.3472937960416667,1.05259903125
2024-05-08,71441.53902083334,4447195740.218015,1.6667114905208333,1.1793202847222224,1.6623971160069444,1.103042826388889
2024-05-09,70081.76243055555,4326655481.756369,1.864154531701389,1.1799535347222223,1.9268715477083331,1.1214784930555557
2024-05-10,71878.92565277778,4461851867.455332,1.9963036220138888,1.1964214756944445,1.9598418572569445,1.0792276215277778
2024-05-11,71146.93354861111,4332390056.566558,2.1224628324305552,1.1766633645833333,2.3237971408680553,1.1162282881944445
2024-05-12,70256.75327777777,4295192873.641842,1.9849381918402775,1.1876170972222222,2.1566055233680554,1.1543723159722221
2024-05-13,70864.98423611111,4416141090.727966,1.5228852323611113,1.2168458333333332,1.5191771238541667,1.09205665625
2024-05-14,69508.2662326389,4304835342.157803,1.7205786718402778,1.2716414097222222,1.6421245780555556,1.0844205069444444
2024-05-15,70191.67343055556,4462174040.397034,1.453579367673611,1.1854230208333334,1.4434776152777777,1.0841018645833334
2024-05-16,73356.15628472222,4823981746.935902,1.1367006371875,1.145581486111111,0.9222373188888889,1.0784966041666666
2024-05-17,72809.40835416666,4822003912.935242,1.1915332799652778,1.142403204861111,1.009563430138889,1.1015978263888888
2024-05-18,74931.29407638888,5013698371.750738,1.1212880389583333,1.1247872673611112,0.9398095952083333,1.1640613090277778
2024-05-19,76048.70183333333,5082088937.986911,1.1120265755555556,1.1167819895833333,0.9364386985069445,1.1705126875
2024-05-20,76609.91802083334,5177511373.349182,1.1549556088888888,1.1153724201388888,0.9876307726388889,1.0915655243055555
2024-05-21,77007.88599652778,5440804794.733803,1.074506215972222,1.4525718125,0.9456857480902777,1.0541667534722223
2024-05-22,78485.51731944445,5484578832.987073,1.3506057661111113,1.5623188993055555,1.16933599125,1.1098410104166667
2024-05-23,76015.10914583334,5233685514.149189,1.6389604528472224,1.5966744444444445,1.5010790893402777,1.0865471770833333
2024-05-24,71082.555875,4830190438.900851,1.9137014769791665,1.6183196840277778,1.8028095699305555,1.1080465555555556
2024-05-25,71472.51500347222,4931159206.9619465,1.5046312306597223,1.5325594861111111,1.40730293625,1.273920684027778
2024-05-26,71934.64079861112,4963278730.10417,1.5400953087152778,1.5263655763888888,1.4018411702430555,1.1915283298611112
2024-05-27,71673.41413194445,4959145036.809935,1.5838331495833333,1.508828628472222,1.4563754478819444,1.2040982500000001
2024-05-28,72720.92927430556,4966549059.366515,1.856462451840278,1.5125822083333333,1.731305874236111,1.0709650416666667
2024-05-29,74168.8914826389,5044067723.809497,1.9810113861805556,1.5312094965277778,1.9131825413888888,1.1033379270833334
2024-05-30,75254.0797013889,5135100240.715396,1.7974092834375002,1.4821692083333333,1.7790333111458334,1.1013649236111112
2024-05-31,75167.72322916666,5114252275.8279915,1.8933342807638889,1.5661462291666668,1.8484532657986112,1.0998032743055555
2024-06-01,76311.73345486111,5169426147.611899,2.058202144375,1.5717217743055556,2.0863527839930556,1.2216721736111111
2024-06-02,76136.73245138889,5167525940.019103,2.0282481245138886,1.5531778472222222,1.9981251899652779,1.1940338888888888
2024-06-03,78220.05130555556,5398386690.194289,1.5677708537847221,1.4654123645833335,1.4989767124652777,1.174226451388889
2024-06-04,79761.96819791666,5556498663.210348,1.4145809976041666,1.4310627222222223,1.2901010714583334,1.1636233715277777
2024-06-05,83376.328375,5927218549.40823,1.1531136341319443,1.3979067847222222,0.9251306963194446,1.1395086458333334
2024-06-06,83110.60125347221,5904860961.036569,1.2374558646180556,1.3941802222222224,0.9808928130208332,1.1427290833333332
2024-06-07,83791.79178125,5923434625.165739,1.3432923637499998,1.389529965277778,1.1103266862152779,1.045608128472222
2024-06-08,82703.96086111112,5742462339.554458,1.5928135823958334,1.3876961701388888,1.5057455776388888,1.1226858993055555
2024-06-09,83501.91015277778,5802262623.726759,1.5466697127777778,1.3981299270833334,1.5047997891666667,1.2180083819444443
2024-06-10,84884.59756597222,5909044120.0150385,1.516962629375,1.4128524479166666,1.4405883303125,1.2111464236111111
2024-06-11,84368.12015972222,5697691188.151907,2.0412692633680556,1.410756625,2.031774708125,1.0641493923611112
2024-06-12,82292.66752777778,5612393429.547126,1.765140753611111,1.3469112961672474,1.8242086902430554,1.1319327916666666
2024-06-13,80953.76967708333,5453554007.022895,1.9517607728819444,1.3336109375,1.9721177764583335,1.14700346875
2024-06-14,81389.05249652777,5413299204.06477,2.050720842673611,1.357488954861111,2.261281530138889,1.1329939097222224
2024-06-15,79857.66392361111,5286849975.552023,2.0019703156597224,1.4821367152777778,2.177718017951389,1.3674771666666665
2024-06-16,81142.62951736111,5390015450.313883,1.9796999950694445,1.4844379166666668,2.1355087102777777,1.2591143125000002
2024-06-17,80347.34896875,5317998415.319999,2.0932037064930555,1.4908926111111112,2.150064626041667,1.1095135520833332
2024-06-18,79507.5031875,5182782124.240299,2.2226907933680558,1.52453728125,2.3030305233680557,1.0389961562499999
2024-06-19,77016.77711805556,5015932562.327797,2.2396918175000002,1.4946747847222221,2.3838158268055554,1.1692357256944446
2024-06-20,75849.44879861112,4951014701.056416,2.203819768923611,1.4430425868055556,2.3991085330555553,1.0950331875
2024-06-21,76355.67223263888,4900740055.571636,2.487528727534722,1.5025204785714286,2.733851835451389,1.1360326354166665
2024-06-22,77686.08026041667,4992857256.248444,2.3605656178125,1.5124802013888887,2.5920862244791665,1.2160098750000001
2024-06-23,77924.89418055555,5002204278.0667305,2.32315214,1.4889920138888888,2.502819823888889,1.3787763784722222
2024-06-24,79280.62323263889,4872325795.298057,2.860126996145833,1.58159915625,2.9842042911805553,1.0680227881944444
2024-06-25,76134.9073125,4667212632.7525015,2.672418381215278,1.583034642361111,2.8436732065277774,1.1231242256944443
2024-06-26,75598.96089930556,4643680446.920032,2.450992711076389,1.5389839513888888,2.478421878263889,1.1785874444444444
2024-06-27,75018.13234722223,4600091112.525522,2.5326282509027775,1.6485202291666665,2.6284214505208334,1.2066970972222224
2024-06-28,76301.60172916666,4668918625.215453,2.6936246964583335,1.6706528854166667,2.7115232904166664,1.2092039722222223
2024-06-29,79072.32877083334,4818987844.095443,2.608744746319444,1.841964138888889,2.8100983141319444,1.1729803715277778
2024-06-30,82581.3884826389,5082949665.802021,2.3177188228125,1.8824487986111111,2.4221193567361112,1.2258783923611112
2024-07-01,83043.70350694444,5242854917.684308,2.055400505625,1.861559861111111,1.995125050173611,1.133077482638889
2024-07-02,83909.13127777778,5246833600.370484,2.2107436093402777,1.8991432256944445,2.175777536736111,1.1684915451388889
2024-07-03,86258.80046180556,5229213157.081431,3.000793791840278,1.9295496006944444,3.0916317452777777,1.0981261284722224
2024-07-04,89198.63359375001,5200354024.190904,3.1024257772916664,1.7889321006944445,3.2403744623611113,1.0727866631944445
2024-07-05,84412.92795486111,4703981742.4853735,2.609901429305556,1.6840578263888888,2.655259108402778,1.0593974722222221
2024-07-06,81525.62336458333,4647323029.076877,2.298247813958333,1.5328235763888889,2.276824377395833,1.141066079861111
2024-07-07,81147.85794791667,4651347051.621927,2.270128789548611,1.5844759236111112,2.090739459722222,1.1459424583333333
2024-07-08,79590.57481944445,4473481773.541413,2.2977247317361114,1.5862321666666666,2.3048880583333333,1.106453576388889
2024-07-09,78028.22380555555,4478227067.994396,2.0487026909375,1.5900893402777778,1.9854412585763888,1.1501245625
2024-07-10,70745.64006944445,4108397505.0825367,1.9426780831250001,1.6059718402777776,1.7882473388194444,1.108110732638889
2024-07-11,69620.30122916667,4029355382.0382657,2.0338225128125003,1.713483378472222,1.9338873783680555,1.1097656006944443
2024-07-12,72117.54691319444,4141580264.112999,1.9963112615625,1.6400132430555556,1.9171639452430556,1.1700966701388889
2024-07-13,67983.21822222223,3967001785.310223,1.7886518218749998,1.6275810069444445,1.6799103403472222,1.2300574131944444
2024-07-14,61173.93045486111,3669476814.2076645,1.4082392818402778,1.5648559652777778,1.2833699377777779,1.2143682500000001
2024-07-15,77594.82754513889,4882643050.938362,1.2253631526388888,1.4873127395833334,1.1313697965972223,1.12163621875
2024-07-16,83982.69141666667,5386283716.040743,1.364641345590278,1.3817989131944444,1.1361685998958333,1.0996499756944444
2024-07-17,82310.18861805556,5349896142.505052,1.2699442567013888,1.396287388888889,1.1101809114930556,1.0798398333333334
2024-07-18,79001.22485416668,5079039613.4325905,1.3571777347916667,1.4355318263888888,1.2419024533333334,1.109891857638889
2024-07-19,80347.91713194444,5227392638.518533,1.2844432349305555,1.390489732638889,1.1701371859375,1.1003801076388888
2024-07-20,82537.82504513889,5508333951.934282,1.128444703784722,1.2968475868055556,0.9621467651736112,1.2483282847222223
2024-07-21,82615.56341666666,5546952232.836656,1.1561421118402777,1.2735766666666666,0.9850671468750001,1.125811652777778
2024-07-22,81284.79669444443,5489696706.390415,1.261238147847222,1.3077266701388888,1.0664353053125,1.1088641006944444
2024-07-23,81721.64059375,5440276072.890702,1.3457869544097223,1.3147658020833335,1.2039113885416668,1.0947065208333333
2024-07-24,82314.58363194444,5437871998.874369,1.4125633054513889,1.3875843229166667,1.3530989823958333,1.143168152777778
2024-07-25,82972.67802777777,5359398647.340131,1.6737024400694445,1.5742094826388888,1.6091163928125,1.1212998645833334
2024-07-26,85574.70069791666,5754168253.864658,1.1728964770833334,1.515826548611111,1.0786441564583333,1.1450665451388888
2024-07-27,85993.32419791666,5868382593.583251,1.0741511706944444,1.489697295138889,0.9072692565277778,1.1623991076388889
2024-07-28,85727.54752430556,5811677959.571743,1.167883329236111,1.4781523819444444,1.030610269375,1.1501687013888888
2024-07-29,88764.11212152778,6089033501.028504,1.1773585469444443,1.4288455868055554,1.0429051605555555,1.125042923611111
2024-07-30,83546.76940972223,5544554434.043803,1.7623991464930555,1.4851168437500002,1.682685355763889,1.111466125
2024-07-31,82423.95344444444,5437840663.54644,1.907784090486111,1.4935503368055556,1.875793300347222,1.1286733402777778
2024-08-01,86233.98449999999,5530966681.681049,2.2326784584722223,1.57002803125,2.2671165169444443,1.08251675
2024-08-02,88262.81916319445,5632964870.410462,2.117239520625,1.806692465277778,2.012087574027778,1.0737370902777779
2024-08-03,86823.56022916667,5321236901.78424,2.4157607457291665,1.864901427083333,2.4651863940625,1.1199900555555555
2024-08-04,87526.49976041667,5247554025.4058275,2.4970422133680557,1.9022522395833334,2.5042343777083333,1.0933432916666666
2024-08-05,77561.26986111111,4144614874.4877567,2.3843032667708335,1.919550423611111,2.2756381058333335,1.0013392777777779
2024-08-06,76023.88271875,4244576566.0251446,1.8126257212499999,1.6253083576388887,1.7931960745486113,1.0404363506944445
2024-08-07,77863.0339826389,4384227548.382689,1.581113362361111,1.4873548472222222,1.5115418457291667,1.0352512847222224
2024-08-08,76191.20454861112,4432101002.144766,1.3833163819097223,1.485593513888889,1.3541438923958333,1.0971776284722223
2024-08-09,74613.1355625,4528025233.090388,1.3936783578125,1.528500701388889,1.2390588953472221,1.1196195381944445
2024-08-10,70834.83422569445,4299644836.445007,1.4934062264583334,1.4553188750000001,1.3859749360763889,1.1031218576388888
2024-08-11,71905.5483923611,4343149660.867259,1.4767920817708333,1.4195741666666666,1.362584290625,1.0949618368055556
2024-08-12,68783.55943750001,4056607943.9847565,1.691854324341637,1.4448303714285715,1.6458699735587188,1.093801298611111
2024-08-13,69652.37895833334,4158036098.6544952,1.7223034127777777,1.4382237361111112,1.6355164543749998,1.1334431701388887
2024-08-14,75405.48012847222,4530517405.868316,1.7611432274652778,1.3199137013888889,1.6404336417361112,1.0665712152777778
2024-08-15,79936.33310416667,4665130271.230349,2.226098168368056,1.2593638368055555,2.2266035332291665,1.0843710798611113
2024-08-16,82740.64502777778,4832978750.528821,1.9249626853125,1.1186203854166665,1.8746132981597223,1.0680085694444446
2024-08-17,82654.79231597221,4897556676.869634,1.5736709333333332,1.0908823194444444,1.4752982088888889,1.1662070590277778
2024-08-18,83460.54986458334,4977499262.04823,1.5681478466666665,1.1097510104166668,1.4434798141319445,1.1928846493055554
2024-08-19,82622.73014583334,4843258531.522788,1.9253530666319445,1.10463375,1.8687760512152778,1.1375983888888888
2024-08-20,83952.47111111111,5043093876.031966,1.6628576031597222,1.14088021875,1.543942666701389,1.1020517118055555
2024-08-21,83397.55232986111,4988692198.209992,1.7682808337847222,1.1402993819444445,1.714763476736111,1.085282722222222
2024-08-22,84243.70405902778,5109430661.96091,1.5040931271527778,1.1242302604166667,1.3189659186111111,1.1088244999999999
2024-08-23,85609.61168402777,5286692834.846359,1.389091810763889,1.0907116597222222,1.2832816848611113,1.096318940972222
2024-08-24,87355.48062847223,5594497407.1250725,1.0729677,1.0779300208333333,0.9282569776041666,1.1792378159722223
2024-08-25,88338.75061805555,5661502018.337582,1.0931088185069444,1.0501372604166666,0.9415071588541666,1.1317032326388887
2024-08-26,86496.92865277777,5506209692.439439,1.1738797972569444,1.0675281701388888,1.0251489931944446,1.1277075694444445
2024-08-27,85142.78180555555,5292594801.816995,1.6264141647916666,1.1229951805555556,1.5237796165972222,1.1154822395833335
2024-08-28,80995.97892708334,4800250699.395333,2.1963984494444446,1.0800917743055556,2.218748434513889,1.0552267256944445
2024-08-29,81515.3738263889,4864350296.060841,2.0583076380208336,1.0457747638888888,2.108508151909722,1.0828060937500001
2024-08-30,81427.81865625,4810469886.864994,2.1692333231597223,1.0548969895833333,2.2115356107986113,1.0980682604166665
2024-08-31,80835.18230902778,4774238023.737529,2.1612802971875,1.073869513888889,2.138108593576389,1.1570247847222221
2024-09-01,82461.52792013889,4799669934.491627,2.3652330546180553,1.0682155277777778,2.3199127319791666,1.1208661597222223
2024-09-02,82905.2558263889,4824688953.446469,2.108438937638889,1.0513231979166666,2.1940788146875,1.1660726527777776
2024-09-03,84332.01028472223,4940042348.219685,2.192232834861111,1.0865638125000001,2.1632405333333335,1.0968796145833333
2024-09-04,80966.87287152777,4627080581.245989,2.361147787152778,1.1052810277777778,2.3712335359722223,1.1370111388888888
2024-09-05,83604.37415972223,4747134675.177871,2.5796842403819444,1.15743184375,2.5083320849305557,1.0708518923611112
2024-09-06,84875.49968402779,4689876185.853576,3.0545290903125,1.1588116909722224,3.0914306078125,1.0178804548611111
2024-09-07,84366.84565277777,4573296318.719463,3.140690114201389,1.1401215555555555,3.2228383898611113,1.0620976215277778
2024-09-08,83935.5611875,4561174193.852901,2.8415652569444445,1.1059758923611112,2.8207191219097223,1.1258626250000001
2024-09-09,86813.7610763889,4832456906.407204,2.2627327000347224,1.022441746527778,2.179635959548611,1.1145433541666667
2024-09-10,86952.26931944444,4963532601.219354,1.8019916303472223,1.0165947534722222,1.6409253910069443,1.1397127152777777
2024-09-11,86516.43380902777,4921533098.5735035,2.038443294861111,1.00623796875,1.798946993611111,1.0896512291666667
2024-09-12,87268.2195625,5061457344.737032,1.6185949619791666,0.9779731527777779,1.4623705561805556,1.1691327361111112
2024-09-13,87292.20244097222,5121829588.196884,1.4810634614236111,0.9463918159722221,1.3098551512847223,1.0999484375
2024-09-14,88931.41422222223,5335320455.337148,1.2177727409027779,0.9399552638888888,1.0179847138194444,1.1148948020833334
2024-09-15,87980.70957291668,5275767655.748724,1.2483598029513887,0.9380851041666668,1.086550448402778,1.2368699131944443
2024-09-16,85567.05174652778,4989956055.729906,1.7836719591666668,0.9774625625,1.6516659445138888,1.0801371666666666
2024-09-17,85520.35983333334,5075765236.724663,1.524200292048611,0.9833679652777777,1.4548544194097222,1.0753139166666665
2024-09-18,84097.15842013889,5056180606.298056,1.4136390378472223,0.9864535868055556,1.2944901018402777,1.1455709583333333
2024-09-19,86962.07932638889,5446738524.241373,1.04002067625,0.9352476319444444,0.9371352868055555,1.0929078958333334
2024-09-20,87603.46003472221,5535428440.382172,0.9871481260416667,0.9882529756944444,0.8794456920486111,1.0684685
2024-09-21,87261.1024201389,5503775866.993196,1.0318323401041667,1.0173447083333333,0.9161925310416668,1.1987233124999999
2024-09-22,86147.94722222222,5421582109.517528,1.0592699633333333,1.0352732673611111,0.928516762673611,1.1759621875
2024-09-23,88638.37932638888,5628579690.531128,1.0440150318402777,1.0434454548611112,0.9403585388194444,1.1587837430555554
2024-09-24,89795.03821180556,5701669891.966041,1.0435896136458334,1.0296100555555556,0.9414894575347224,1.1203172118055555
2024-09-25,89952.93296180555,5733201189.28318,1.0783682161458334,1.0482166527777776,0.9394781962847222,1.0849846215277779
2024-09-26,88357.26444097223,5677353742.404446,0.952621549201389,1.0966146215277779,0.8710817521180556,1.1052067256944444
2024-09-27,88009.76283333333,5771901741.359289,0.8224361177083334,1.1141927847222222,0.7310468587152777,1.1140761006944446
2024-09-28,85876.37531597221,5644253219.851465,0.9081626308333333,1.1009232500000001,0.8139885726388889,1.212682388888889
2024-09-29,85190.96473958333,5596521735.395366,0.9446960496875,1.0914328229166665,0.8509246732638889,1.26434975
2024-09-30,88252.4143611111,5649040009.070482,1.2547122571180556,1.12352565625,1.1320186145833333,1.0541762812500002
2024-10-01,87830.45423958333,5521156518.714033,1.404321364097222,1.2506212152777776,1.3545215334027778,1.0563756770833335
2024-10-02,84436.29252777778,5173016185.814465,1.5483697636805556,1.2815597152777778,1.5473507134027777,1.1343530451388888
2024-10-03,83693.40473958333,5086040882.099261,1.6529931981597223,1.1905444270833334,1.6886975581597221,1.0799157534722221
2024-10-04,86016.46244791667,5292908738.217722,1.5221262031944445,1.1668003194444445,1.5544454114583333,1.1527570381944445
2024-10-05,84614.65885763889,5248794547.032591,1.3996504852430556,1.1320942847222222,1.3322242234375001,1.2034205902777777
2024-10-06,85280.85075,5308765140.589771,1.4127456937847223,1.1246602395833334,1.3514730702430555,1.244606486111111
2024-10-07,86780.20595833333,5498484158.468477,1.3270667744791667,1.1082976458333333,1.275649484027778,1.1440344444444444
2024-10-08,85665.34388888889,5345685788.657404,1.4425303925,1.1150193993055555,1.4413185992013888,1.1277031319444444
2024-10-09,86565.6953125,5352853299.6986475,1.5938508310763888,1.1687694930555557,1.5802505036805554,1.1047729409722222
2024-10-10,86927.88988888888,5263718758.433756,1.8800861149652779,1.1800027326388889,1.9260249716319444,1.1345833159722223
2024-10-11,85669.31938888889,5269198404.071733,1.6102582510416665,1.0828114131944444,1.6104349238194446,1.09132459375
2024-10-12,88525.71535416666,5568661182.861606,1.2014187259722222,0.998404375,1.121168410625,1.2437821840277778
2024-10-13,87873.99536111111,5510933967.640722,1.3180226561458332,0.9983507881944446,1.1686362201736111,1.369813579861111
2024-10-14,86673.56799305555,5614920964.020123,0.9581075483680556,1.0781153611111112,0.8818762984375,1.123396388888889
2024-10-15,85759.70938541666,5666335609.310977,0.8554685257986111,1.179421277777778,0.7339210437847222,1.0976716458333333
2024-10-16,85410.65960416666,5764025886.784949,0.7768530869791667,1.1702798402777779,0.6833705806944445,1.1188947430555556
2024-10-17,84555.70077083334,5686604480.297176,0.7866163609722222,1.208070065972222,0.6952778639930556,1.1006336631944444
2024-10-18,85420.11286805556,5819434852.013744,0.7127156937152779,1.2606685625,0.6432184659722222,1.1781464895833333
2024-10-19,86532.93171180556,5908127131.072097,0.7472477383680556,1.2591060902777778,0.6682910922569445,1.2202173645833332
2024-10-20,87147.90204861111,5965124985.896379,0.7600728173263889,1.262086642361111,0.6883295107986112,1.20384275
2024-10-21,88152.2391388889,6010261231.755253,0.8639819072222222,1.3200448090277779,0.7574698492013889,1.048658986111111
2024-10-22,87076.84632638888,5863748274.414936,0.9220021553819444,1.3588469409722221,0.8492958185763889,1.0847155972222222
2024-10-23,86006.34791319445,5729487879.636974,1.064076959375,1.4048124548611112,0.9778548121527777,1.0972405416666666
2024-10-24,84765.12288541667,5723785863.068029,1.0161342115277778,1.4053530381944443,0.9651857493055557,1.0715531527777777
2024-10-25,84423.75902777778,5709572033.841779,0.9890891889236111,1.3965001041666667,0.8865445986805556,1.0491559895833333
2024-10-26,81003.80317708333,5426658241.083238,1.0132387371527778,1.3676804756944445,0.9682883688541667,1.1198361840277777
2024-10-27,81368.6955451389,5486765790.02087,0.9567579736805555,1.3755231319444445,0.909271410173611,1.2904281493055556
2024-10-28,84780.38534615384,5821191169.403639,0.8030944317832168,1.3736509895104896,0.7211393473426573,1.2095108881118881
2024-10-29,90960.75959027777,6512778563.026704,0.6504007136458333,1.4074953159722223,0.5751821390972222,1.1663825138888888
2024-10-30,89673.87651041667,6479126822.061304,0.7114013755555555,1.4543338159722223,0.5960459295486111,1.1517475312499998
2024-10-31,90097.23149305556,6447176323.084511,0.8382297753819444,1.4922978715277777,0.7143830284027778,1.0874091701388888
2024-11-01,87928.21413888888,6134792087.225819,1.0531869251041668,1.625099829861111,0.9886550481944444,1.0859760381944445
2024-11-02,84754.54604166668,5893351618.685308,1.1137900388194444,1.6405290625,1.101650219236111,1.239478767361111
2024-11-03,84570.18623611111,5793326866.428993,1.2768683363194446,1.6636260173611113,1.2242940084027778,1.1729896631944445
2024-11-04,84215.38281944445,5765861576.023802,1.3413795535416666,1.7337048333333334,1.316419208923611,1.0956253402777778
2024-11-05,83646.47054166667,5769720305.81701,1.2864267635416669,1.7472222118055556,1.3124864362500002,1.1281163125
2024-11-06,87311.64339930555,6474346504.533486,0.828897226388889,1.5925955381944443,0.8244767253472223,1.0938042152777778
2024-11-07,89131.86986805555,6719889429.522588,0.8005798031597222,1.4678298402777779,0.7011877618055555,1.0487529687500001
2024-11-08,89409.34958333333,6808225039.705512,0.7289617575347223,1.3528215555555556,0.6391972023958333,1.065500472222222
2024-11-09,88915.01604166668,6791669716.507497,0.7087559376388889,1.2843200555555556,0.6134106745138889,1.1985335902777778
2024-11-10,87203.37991319444,6902998468.707786,0.6930814148958333,1.4257583923611112,0.6210378257291667,1.1040247083333332
2024-11-11,87650.88869791667,7290638427.873112,0.7204749956944444,1.486900888888889,0.6588677325347222,1.0736177708333332
2024-11-12,85462.86908680556,7523493920.856999,0.9480625450000001,1.7325784687499999,0.8225054747569445,1.0497609965277777
2024-11-13,84469.66308333333,7516706457.941265,0.8914708691666667,1.6893390277777778,0.7940822720833334,1.031795638888889
2024-11-14,84934.51354861111,7619392139.4459,1.0696079704166666,1.6160414236111111,1.0151954090625,1.0095783541666665
2024-11-15,84959.04942361111,7577297107.1721735,1.0286737305902778,1.6529940763888888,1.021386339513889,1.0440886597222223
2024-11-16,84446.14484027779,7694074780.805415,0.9097385994444446,1.6571137812499999,0.7891429332291666,1.1088510868055554
2024-11-17,84778.21771527777,7664694508.769623,0.9801083913888888,1.630517079861111,0.8743716936805556,1.101308236111111
2024-11-18,84512.86617361111,7692863943.691539,0.9810418151388889,1.6396398368055556,0.8991109884027778,1.0630396319444444
2024-11-19,85780.61049305556,7891517516.4749565,0.8741294968055555,1.6343248645833333,0.7761996430208333,1.1374642534722221
2024-11-20,87666.8660486111,8181825819.492793,0.7956905554513889,1.4874950451388889,0.6920828196180556,1.0721141631944446
2024-11-21,90293.62350694445,8767495753.18572,0.7428773008333334,1.438974434027778,0.6726344345138888,1.0896611527777778
2024-11-22,91122.4369375,8995417489.275604,0.8426181400347222,1.4253704722222222,0.7416965064930555,1.0523769305555557
2024-11-23,90449.60617361112,8893458199.425892,0.919726924548611,1.3541282743055556,0.8124377365277778,1.1868179409722222
2024-11-24,89336.39628472221,8709855479.395004,0.9957645436458333,1.3671865937499998,0.9168652912152778,1.1201611909722222
2024-11-25,89231.11513541668,8638155758.58636,1.1186441174652777,1.4149321319444443,1.0133473812152778,1.0540756319444444
2024-11-26,89089.84396180556,8304811249.584189,1.3629705922569444,1.5673544618055555,1.3258359009375,1.0422475902777777
2024-11-27,87540.09628472223,8253647861.367528,1.2267792486805555,1.629928201388889,1.208501019236111,1.0932919930555556
2024-11-28,86497.02003472223,8257830958.48546,1.1609605845138888,1.5589263055555556,1.0399020074305556,1.167876951388889
2024-11-29,86977.52754513889,8425439561.718526,1.0554288948958335,1.5796465347222222,0.9316040129166667,1.1604849409722222
2024-11-30,87302.15326388889,8447990641.878148,1.1270028635416667,1.6217254722222223,0.9658845726736112,1.17876971875
2024-12-01,86731.51526736112,8406399902.613458,1.1113668332291669,1.61835325,0.966461322638889,1.2057613402777776
2024-12-02,87300.33274652778,8391816836.395146,1.2111033823958333,1.5790287222222221,1.0567048969444446,1.0559168055555554
2024-12-03,87201.54628472222,8334436914.660268,1.225075276076389,1.5855440173611113,1.1011350469097223,1.1312633958333334
2024-12-04,88777.27333680556,8567977105.905384,1.2113632675000001,1.6215144375,1.0783063726041666,1.068687423611111
2024-12-05,95062.17972569444,9619674150.467907,1.095921912152778,1.8320342777777776,0.9113713521875,1.0422665034722223
2024-12-06,91045.45185416666,9007511883.130013,1.3513255204166665,1.6987411631944445,1.2195800608333334,1.06889184375
2024-12-07,88977.52442013889,8874845062.66346,1.268692728263889,1.7049526736111111,1.0885755704166666,1.1132292847222223
2024-12-08,89034.23201388889,8891258992.954056,1.284731072013889,1.6997191875,1.0891622330555555,1.1629030625
2024-12-09,89935.76423611112,8863873781.61556,1.42169806625,1.7305803124999999,1.2280192452777776,0.9930259513888888
2024-12-10,89204.03299652778,8642006572.390343,1.473108478298611,1.7662784583333333,1.3916368415625,1.0712277465277777
2024-12-11,91073.87358333333,9002148872.895384,1.1445074070486112,1.7293691770833333,1.0720172949652778,1.0835596666666667
2024-12-12,93152.27595833334,9385505599.657936,0.9629988751736112,1.7525586284722223,0.785526576736111,1.1513481805555557
2024-12-13,91351.32458333333,9178028321.766983,1.006510178125,1.7201849027777778,0.8529353191319444,1.1575232118055556
2024-12-14,92909.29447916667,9429780055.337517,0.8849396319097222,1.6864962743055556,0.7172184287847222,1.1840227083333332
2024-12-15,95782.71959027777,9821437761.641516,0.8320201188888888,1.6190001354166668,0.6771929337847222,1.2936761354166668
2024-12-16,95688.23937847222,10077239394.079641,0.8237081440625,1.7058259409722223,0.6512669315972223,1.1437578854166666
2024-12-17,94144.39739583334,10046127657.359404,0.7914607869444444,1.5918206423611112,0.635278408298611,1.113089767361111
2024-12-18,91552.03772916667,9515877184.587599,1.0704416280208333,1.6651766354166666,0.9300447195138888,1.0494796805555557
2024-12-19,92451.73381597223,9270167197.307808,1.3274972023958334,1.7145392951388887,1.3126528651041667,1.0390413680555557
2024-12-20,91842.63482638888,8853389958.106703,1.533547234236111,2.00969696875,1.5355121734722221,1.0279410972222223
2024-12-21,87961.58424652778,8589288451.960447,1.4431882789930555,2.0630544166666667,1.3902122034722222,1.113948923611111
2024-12-22,87638.35546527778,8436352726.938653,1.4946972493750001,2.149346986111111,1.454171206076389,1.0076777916666666
2024-12-23,88852.77365277777,8417900064.330836,1.695943930034722,2.127395836805556,1.7124327544791667,1.05497325
2024-12-24,90838.29223263888,8711071580.467402,1.6710466989583332,2.172360784722222,1.6549732563541668,1.1683735208333335
2024-12-25,91620.08945486111,9019000065.419266,1.2427319258333334,2.0550185833333336,1.1469749630555555,1.1276493784722221
2024-12-26,89894.8291875,8695234464.535486,1.4947935640625,2.101898232638889,1.3871305832986112,1.119770236111111
2024-12-27,89598.39315277777,8561214973.511782,1.5549217077430555,2.0946199895833333,1.5679491069444444,1.0807865694444443
2024-12-28,90256.95441319444,8546020635.896711,1.6717176926388888,2.1237211631944444,1.7494472603819444,1.1832404409722224
2024-12-29,90594.37160069445,8566516206.825914,1.7004829955208334,2.1608906701388886,1.6986954205555556,1.14795846875
2024-12-30,91092.73045486111,8511552758.378025,1.896137834895833,2.0429562048611114,1.9514596798958332,1.0766354965277778
2024-12-31,91551.20135416667,8582789780.948634,1.79895530125,2.081302079861111,1.8286263891319443,1.1321305868055556
2025-01-01,91515.89832638888,8598919115.423494,1.8582046726736112,2.0841865104166666,1.8881714481944445,1.181409670138889
2025-01-02,92876.06192708334,8943814146.608719,1.4121502010069444,2.0683748854166666,1.3628413717708332,1.117847517361111
2025-01-03,91359.56701736111,8883350345.612953,1.3037362958333334,2.1220080694444445,1.182251934548611,1.1097494409722222
2025-01-04,88731.67568055556,8696095649.03517,1.3030524090972222,2.1254178645833335,1.1438041730555557,1.1604603194444445
2025-01-05,82635.46441319444,8104081485.772819,1.3156479019097223,2.1201108854166666,1.1453825,1.191173482638889
2025-01-06,92379.40629513889,9252719997.344395,1.068311664201389,1.9907258020833334,0.933084914375,1.1333447986111111
2025-01-07,92188.66143055556,9209566763.74626,1.2315670844791666,2.044236513888889,1.0400163882638889,1.0813115034722223
2025-01-08,87315.82827430556,8342471269.476669,1.7157676585416666,2.2628940763888887,1.6485666077777779,1.0603048923611111
2025-01-09,89815.91411458334,8392869017.950065,1.9729978703472222,2.1729986076388887,1.9516211128819445,1.0726552222222223
2025-01-10,88548.79816319444,8339938091.124595,1.8279636716319443,1.9625227152777778,1.8807685582638891,1.0693755451388889
2025-01-11,88138.97063541667,8316819243.243754,1.7308759237152778,1.9531082569444445,1.696748692986111,1.1975528680555554
2025-01-12,88084.67812152777,8324172672.075016,1.7671914342708335,1.9257335347222222,1.7179707940625,1.1772322569444444
2025-01-13,87417.47336111112,8129351148.697139,1.8748680448958335,1.8536231875,1.8435887492708334,1.0273388645833335
2025-01-14,84908.03246875,8139521940.385899,1.4157082323263888,1.8300183124999998,1.3288846072569445,1.1188767777777777
2025-01-15,86242.000875,8455041632.990378,1.1974131449999998,1.8128478784722222,1.0833986280555556,1.088410909722222
2025-01-16,86112.52294097222,8568128365.969138,1.1164813720833333,1.8068044965277776,0.9223829146875,1.1100826111111113
2025-01-17,88655.40662847222,9113212622.436499,0.9374169608680556,1.6726000659722222,0.7999477994097223,1.1103718715277777
2025-01-18,89252.73887152778,9262697388.038551,0.9488784914236111,1.6673796180555556,0.7788946124999999,1.1821259305555556
2025-01-19,88381.73539583333,9255466224.628115,0.9727727008680556,1.7541097326388888,0.8076119814583334,1.1340095833333335
2025-01-20,85876.34525694445,8993948516.37708,1.1205860219097223,2.054090361111111,1.0005051241666667,1.0824278125
2025-01-21,86090.50543055555,8945320286.377508,1.180154586423611,2.0967664965277777,1.1000755155555555,1.0778580486111111
2025-01-22,85666.42551041667,8986002632.891771,1.1329827907986112,2.068639434027778,0.9596378353472222,1.1337172118055556
2025-01-23,84158.83580555556,8685294571.317434,1.3238665505338079,2.021387597222222,1.1954224331944445,1.0736564236111112
2025-01-24,81851.49501388888,8595575912.122812,1.0387145927430557,1.8687551562500002,0.9340038622222223,1.0733521597222222
2025-01-25,81347.42869444445,8514410888.401586,1.0907258507291668,1.8626432743055557,0.9674976341319445,1.1996627118055556
2025-01-26,82087.96146527777,8601750681.101517,1.1216965502777778,1.8774345243055555,1.0061109674305557,1.198325045138889
2025-01-27,85291.65780902778,8560469105.181292,1.7397686982986111,1.9169861527777776,1.6245872607291667,1.0120286875
2025-01-28,81425.99468402778,8333293470.797819,1.4166443957638888,1.7703340208333334,1.2770271907291668,1.0570641041666666
2025-01-29,81066.28689236111,8307853982.126,1.3372603757291666,1.8714478055555557,1.218097127048611,1.084491892361111
2025-01-30,83530.60803125001,8774998800.849913,0.9642334980902777,1.7630347395833335,0.8465273469097222,1.1433087395833335
2025-01-31,82478.40559722221,8576726346.201538,1.246010052951389,1.9761992361111114,1.0772049721527777,1.13212690625
2025-02-01,83219.63936805556,8483853212.698237,1.692949675798611,2.0386636319444444,1.5878331810069444,1.0897397881944444
2025-02-02,84119.30189583333,8334184491.8996935,2.028274001701389,1.9413210555555556,1.9364699814236113,1.0093875868055555
2025-02-03,79471.38730902778,7689737094.793588,2.003452437638889,1.9863895694444444,1.8755543491958042,1.0175663055555555
2025-02-04,77631.59816319445,7706434851.258471,1.6443221439930555,2.116271652777778,1.4320250078124999,1.0521940694444443
2025-02-05,76271.40708333332,7452701945.029866,1.7895940589930557,2.165916065972222,1.6482563871180556,1.0771206840277778
2025-02-06,76072.48456944445,7413293741.366335,1.7761448718750001,2.024566392361111,1.6945467394097222,1.1340945520833334
2025-02-07,75909.90874652778,7383700271.228958,1.8403414055555554,1.9992189722222224,1.7791346958333334,1.072082079861111
2025-02-08,76361.92303125,7350564234.959305,2.051670579409722,1.8810608854166668,2.0296065498263887,1.1258172083333333
2025-02-09,75388.59611805556,7274685534.431449,1.934725847395833,1.9738715520833334,1.8984387834375,1.1695276562499999
2025-02-10,75954.18028125,7380391804.012783,1.808698413645833,2.0082920034722225,1.694076946388889,1.0826572256944444
2025-02-11,77294.22353819445,7507231481.45496,1.8419279755208333,2.0040945694444443,1.7288751442708332,1.1398622048611111
2025-02-12,79182.93732986112,7619139100.034377,2.107987564201389,1.9073325347222223,2.0678229694791668,1.1705481597222223
2025-02-13,78790.84695486112,7593446083.164341,2.070309531875,2.037973184027778,1.9047894103819445,1.115723357638889
2025-02-14,78001.65785069444,7569253900.014219,1.7902038742361113,1.9252051597222222,1.6676144688194445,1.0544121145833332
2025-02-15,76978.37464930555,7508617694.359914,1.5688924034027778,1.9065289513888888,1.427476707951389,1.1632628020833333
2025-02-16,76587.66497916666,7440774785.638913,1.7117252590277776,1.8905595555555554,1.538753497986111,1.21080590625
2025-02-17,77287.53427430555,7423444098.389689,2.164119839375,1.8440304375,2.0624668946180558,1.1607096631944445
2025-02-18,80043.17735069444,7635062847.263061,2.3625308031597223,1.8639520694444447,2.2664964194791666,1.0804316875
2025-02-19,79330.37466319445,7609508723.918693,2.0235356589930555,1.9425016944444442,1.8742656095138888,1.0956248090277778
2025-02-20,79360.9119375,7731660339.0438385,1.4972587570833333,1.9082216562500003,1.3385269561458335,1.0763648333333333
2025-02-21,81271.25774652777,7942198370.737272,1.3736026472222223,1.8218518333333331,1.2018209041319445,1.08299115625
2025-02-22,80784.87660763889,7791229066.601939,1.8387825114930554,1.9709596145833332,1.7462796925347221,1.1770749270833332
2025-02-23,80058.36537847221,7686730672.494163,1.8816837141319445,1.8801333819444446,1.7569366123611112,1.1540540243055557
2025-02-24,83714.46152777778,7956043046.736341,2.2831064378819446,1.7559494965277778,2.144601914826389,1.1036257673611112
2025-02-25,88459.30901041668,7908678640.45186,2.976125140798611,1.719607465277778,2.863313099375,1.0160983645833332
2025-02-26,85040.77059375,7425616512.372672,3.049139469895833,1.9482349236111114,2.784901771388889,1.0491179027777777
2025-02-27,81323.34555555556,6930055406.956044,2.637210941423611,1.9793344375,2.432619319270833,1.110103263888889
2025-02-28,81727.07732986112,6698142348.33019,2.657806196076389,2.0229624270833333,2.3230113758680555,1.0391816388888888
2025-03-01,79113.44711458334,6730994601.307465,2.0338213918402777,1.9015863611111112,1.7745019714930554,1.123850871527778
2025-03-02,78975.21561458333,6973533433.061861,1.7958243187152776,1.8651420138888888,1.572529219236111,1.1119905486111112
2025-03-03,74859.90602430556,6805839263.736172,1.9016685158333333,1.8993482152777779,1.5288226920833334,1.0631750763888888
2025-03-04,70157.90301388889,5941749515.854215,2.5354444355902777,1.9057371805555556,2.1970505830208333,1.0622180868055555
2025-03-05,69361.48355555555,6151008982.624788,1.7604528504166668,1.9521495381944445,1.5561967481944443,1.06427328125
2025-03-06,69861.58165277778,6324602396.434859,1.4780392829513889,1.9990301805555555,1.2822474477083334,1.0822396006944444
2025-03-07,68812.50061111111,6057281444.558799,2.086955842951389,2.075840263888889,1.8151126563194444,1.0707746770833333
2025-03-08,69129.72958680555,5957308511.908262,2.5244819655902777,1.9598851354166666,2.2984668026041666,1.141243
2025-03-09,70085.22317708333,5909296159.60487,2.639605939375,1.9238435243055554,2.344726597708333,1.09123721875
2025-03-10,69541.29135763888,5629137908.0687275,2.9946851160069445,1.8456833611111112,2.797489561979167,1.065505
2025-03-11,69991.80775347223,5669463464.762169,2.5995798031944446,1.9186691597222223,2.3604186591666667,1.0365558194444444
2025-03-12,70088.16689930556,5784616458.385036,2.22526678625,1.9398877777777779,1.9422240530555557,1.058469409722222
2025-03-13,70690.04693402778,5816311772.547721,2.2624171709027774,2.0039991354166666,1.91526254,1.0632514097222223
2025-03-14,72117.87894444444,5993925266.411268,1.9183839740972222,1.9110251249999999,1.7483208478819445,1.0830843298611113
2025-03-15,72016.89022569446,6064027460.238119,1.4867138320833333,1.7085384305555555,1.3219188979861112,1.1874462083333333
2025-03-16,70366.3471875,5879690843.775789,1.6557289392361112,1.823509753472222,1.4319326638541667,1.1991738819444444
2025-03-17,69949.90233680555,5842565427.630831,1.7022658295138888,1.8583346875,1.5236179973611113,1.0434760972222223
2025-03-18,70326.87870833333,5803104709.111772,2.0551810643402777,1.9035946909722223,1.8351666288194446,1.1319013020833333
2025-03-19,71368.08732986111,5996679222.129775,1.6415234503819445,1.9310162881944446,1.483523052986111,1.0580789444444445
2025-03-20,73803.87279861112,6292280959.222578,1.4766274785069444,1.88712384375,1.2393881043750001,1.1369198958333333
2025-03-21,70616.17194444445,5940313251.7656765,1.7800124296875,1.932098798611111,1.5902788565625,1.1540442777777777
2025-03-22,70714.62193055556,5950844840.774792,1.7137533040972222,1.929115826388889,1.5423502309722223,1.2152140138888887
2025-03-23,70985.99427777779,6007838772.558095,1.557237244513889,1.868984,1.417941824652778,1.300829371527778
2025-03-24,76856.01888194444,6712088066.416541,1.0719025960763888,1.7499071597222222,0.9447404104513889,1.1620842430555554
2025-03-25,75722.05947916667,6609142253.610174,1.1018604952430555,1.5698964756944445,0.9672210716319444,1.1617889166666666
2025-03-26,72990.09254861111,6370961004.219448,1.0948311151736112,1.500154527777778,0.9769934401388889,1.1007380729166667
2025-03-27,70912.84734722221,6182370917.98092,1.1796507625347223,1.515726388888889,1.0676208008680554,1.0919483680555555
2025-03-28,72070.3330625,6135107425.6333885,1.7427165521874999,1.608584125,1.559894653298611,1.1077691145833333
2025-03-29,71785.76349652777,5967692945.621017,2.1810523697569444,1.699972204861111,1.9691681551041667,1.148137076388889
2025-03-30,70612.76485416667,5849851937.047298,2.0432705042013892,1.638593527777778,1.9320490143402778,1.0978505381944443
2025-03-31,70079.1738125,5770561618.750958,2.0514944320138886,1.6316070104166667,1.9121550071874998,1.1241079027777776
2025-04-01,70290.77690625,5906027024.4472885,1.6955961179513888,1.5701444305555556,1.5872949275,1.0931438125000001
2025-04-02,71521.74638194445,6084762300.300581,1.2616108656597222,1.5257293993055556,1.1066076631944446,1.1200478125000002
2025-04-03,69727.48617708334,5771080223.751823,1.7904274182291668,1.7033891076388887,1.6947383438194443,1.0811059270833332
2025-04-04,71709.62937152777,5977483625.668531,1.6599412739583332,1.7474756527777777,1.5423298771180556,1.0690559618055557
2025-04-05,72811.9293888889,6066274236.494229,1.5803012403125,1.7129224444444444,1.4120226005902776,1.2259359791666666
2025-04-06,71591.17336111111,5864462731.11618,1.906257109236111,1.8111323055555555,1.6807296109027776,1.1342600729166668
2025-04-07,72340.47504166666,5625333320.181767,2.2483122191319445,1.7933409965277778,2.0432054395138888,1.0440625034722222
2025-04-08,71208.9654861111,5602620549.974077,1.8787800307986113,1.7805818819444446,1.6672239259375,1.0899184097222223
2025-04-09,74805.53997916666,5864032722.72237,2.063531823715278,1.8441744756944445,1.8917728806944443,1.0304299444444445
2025-04-10,73544.31603125,5956544353.13857,1.4885309699305556,1.8758452604166667,1.2577872135763888,1.1011992673611113
2025-04-11,75493.25689930556,6194525179.844654,1.2907722842361111,1.833880611111111,1.1683987362847224,1.0605442430555554
2025-04-12,79052.36539236111,6649081905.626659,0.9080492684722221,1.735590357638889,0.7948456349305555,1.1884619305555555
2025-04-13,80067.06621875,6760180142.378131,0.9576425622222222,1.8596367777777776,0.8104625789930555,1.204989673611111
2025-04-14,77459.58609722223,6556158504.464264,1.0780694503125001,1.9741684409722222,0.9518627394444444,1.107660625
2025-04-15,77069.68088888889,6549412395.350201,0.9667894953356889,1.8503213074204947,0.8579193327208481,1.1673696770833333
2025-04-16,77996.43557291667,6548989224.300299,1.226713129375,1.848213138888889,1.1518330816666666,1.1356143263888887
2025-04-17,77419.73750347222,6544803864.8960495,1.0456402178819444,1.8188112465277777,0.9501650744444444,1.2142935868055555
2025-04-18,76897.17987152777,6504542665.914291,1.0380187421875,1.7531019236111112,0.9221237013541665,1.2461648715277778
2025-04-19,78546.09260763889,6681829432.010501,0.9806019790625,1.6702401770833335,0.8737306581597222,1.1317704513888889
2025-04-20,78453.78770138888,6647463851.267427,1.1452248030902779,1.6343678993055555,1.0021501582638888,1.1909311979166666
2025-04-21,82887.36558333333,7232359646.39744,0.8249675392013889,1.6033849270833334,0.7074484221874999,1.1683874930555556
2025-04-22,86410.44484027778,7747868797.933263,0.7312619609027777,1.433221829861111,0.6367640671875,1.1088244062500001
2025-04-23,83972.16446180554,7847701915.250338,0.7335206257986111,1.4294528020833335,0.6135317519791667,1.0774621076388888
2025-04-24,82086.24455555556,7629046536.2421,0.7915978375347222,1.446290722222222,0.6591647808333333,1.1394897291666668
2025-04-25,84180.92675347223,7930627883.61537,0.743111885625,1.3357644618055557,0.623628989375,1.1016153020833332
2025-04-26,84556.12135416667,7983317244.450407,0.7268609714583333,1.3338102013888888,0.6321959612152778,1.1790292430555556
2025-04-27,84234.80834375,7925496470.361286,0.776669560625,1.4025452604166668,0.6793288173611111,1.2244613506944446
2025-04-28,83122.12484027777,7837608198.376614,0.7805557644791666,1.3619295972222223,0.6937228697916666,1.082201548611111
2025-04-29,82179.77667708333,7790385393.663923,0.7808144999652779,1.43961815625,0.6705895918402778,1.169207472222222
2025-04-30,81594.58827430556,7706211704.20068,0.8287402947222222,1.4261637187499998,0.7369570691319445,1.1490652118055555
2025-05-01,84370.56370833334,8084207577.5718775,0.7155815007638888,1.3287872881944445,0.6297102060069445,1.1319379479166667
2025-05-02,87170.69699305556,8447946252.95762,0.673808692048611,1.2718660347222221,0.5792712273263888,1.1463274305555555
2025-05-03,84595.04235763889,8143061567.67072,0.7886844807291666,1.28329590625,0.69148810875,1.2464268437500001
2025-05-04,83008.414625,7931402025.177357,0.8619428133333333,1.303750326388889,0.7865540279166666,1.3284046944444445
2025-05-05,80963.61533680555,7638233893.25897,0.9403375774999999,1.2693489340277777,0.888743502986111,1.137921486111111
2025-05-06,81107.09884722222,7664542827.583409,0.9488999333333334,1.2639587395833334,0.8779286554513889,1.1695189479166668
2025-05-07,81114.75501041667,7851066266.45903,0.7394364372916667,1.3572423263888889,0.6283046519444445,1.0888421215277777
2025-05-08,83109.13867361112,8308422510.401548,0.6041276708680555,1.3817465729166667,0.5272435604166668,1.0761336493055556
2025-05-09,79782.11880208334,8215180299.874898,0.7400313245138889,1.6694881076388888,0.6045934742013889,1.0874435173611112
2025-05-10,79529.18164930557,8223399101.338359,0.7248059837152777,1.6397645555555556,0.5947051516666666,1.1687623368055555
2025-05-11,80405.45049999999,8372197293.5544195,0.7440873439930555,1.684137013888889,0.5964741354166666,1.0271719756944444
2025-05-12,82405.26652777779,8531035580.653896,0.8297415116319444,1.61542490625,0.7132990914930555,1.0804147743055554
2025-05-13,82272.06758333334,8498963349.891728,0.8579915736805556,1.6424692118055555,0.7418824185416667,1.1085681805555554
2025-05-14,81205.25217013889,8409562231.2064905,0.8784427132291667,1.6433491284722224,0.7364072320486111,1.1708089513888889
2025-05-15,80524.15883333333,8275859321.75434,0.9415662705555555,1.5872874513888888,0.8217168939583334,1.1074846944444445
2025-05-16,80465.05823611112,8350482579.99402,0.8219418213541667,1.5638578819444444,0.6969154676388889,1.0827706180555556
2025-05-17,79210.39116319445,8168014719.433038,0.8226677009722222,1.5609633541666668,0.7276513131597222,1.1657694791666666
2025-05-18,80734.78735416668,8405986871.388785,0.7805059011805555,1.4842130208333333,0.6879082486805556,1.2025652638888888
2025-05-19,80361.83265972223,8369241726.610648,0.9143529869097223,1.6402026736111113,0.785437660625,1.1010203541666668
2025-05-20,83000.85311111111,8771339734.536118,0.7222393000347221,1.5412786458333332,0.5890766951388888,1.1156893229166667
2025-05-21,85097.67261111112,9137346664.124468,0.6768281718402778,1.5368630555555556,0.5464659125694444,1.122425798611111
2025-05-22,89701.04592013889,9952481570.082277,0.5703405992708332,1.6242507083333333,0.45339280288194445,1.1210372118055556
2025-05-23,86934.94384027779,9552104073.268501,0.7248911767013889,1.6107993923611112,0.5709987845138889,1.0702018159722222
2025-05-24,84713.34378472222,9184734146.989326,0.8041985059027777,1.5958599583333333,0.7223387090625,1.0965367222222222
2025-05-25,86964.36683680555,9356088158.08521,0.8830766289930555,1.4578804583333334,0.8085515370138889,1.0712323368055554
2025-05-26,90062.76661458334,9861954073.838808,0.7082607871875,1.409880125,0.6089496424652778,1.114498142361111
2025-05-27,88174.38705555555,9645848297.575981,0.7303758183680555,1.4809197986111111,0.6126235515972223,1.1018788124999999
2025-05-28,87254.57141666667,9442935487.370476,0.9444660304513888,1.4532998402777777,0.8544090292361112,1.1541339513888889
2025-05-29,86245.40640277778,9262868362.046318,1.0753547674652777,1.4653990208333334,1.0231303347569445,1.086314701388889
2025-05-30,83659.84640972222,8805537252.222061,1.258960820451389,1.5175391145833332,1.2036442064583333,1.0513787222222222
2025-05-31,83063.34432986111,8641126394.404646,1.2936719563541665,1.5888647604166666,1.2380553925694444,1.0957788715277779
2025-06-01,83232.03590624999,8700949380.033808,1.2770594362847223,1.5865193125,1.1935568725694443,1.2367434027777777
2025-06-02,82426.49552777778,8633295566.181524,1.2769671659375001,1.5398929930555556,1.1739187426041666,1.084117361111111
2025-06-03,82116.66021875,8673843978.594204,1.1285997115625,1.4930998506944446,0.977295217326389,1.158309951388889
2025-06-04,81850.32949652777,8609912912.54364,1.120725462986111,1.4218895208333333,1.0189247559027779,1.1860643819444445
2025-06-05,81774.73135069445,8500184954.083485,1.2453500490625,1.4156993819444446,1.1620422571527778,1.1192280277777777
2025-06-06,83974.64420138889,8698312686.80074,1.0847740597222222,1.3302002986111112,1.0433920396527778,1.0748570520833334
2025-06-07,83292.11757291667,8757245520.56342,0.8761194079861111,1.3096423159722221,0.7315942009027778,1.1330443472222222
2025-06-08,83125.35872569444,8785662313.257404,0.8516991008680556,1.3408692569444445,0.6776836684374999,1.274667534722222
2025-06-09,83758.51814930556,8977573408.228897,0.7797024902430556,1.365527576388889,0.6273846921180556,1.1909809548611112
2025-06-10,85389.08131944445,9341305496.775549,0.7187581679513889,1.555576482638889,0.5232093423958334,1.1314403333333334
2025-06-11,84564.46524305554,9245773614.209126,0.752393900625,1.5948348819444444,0.5448582478125,1.1150786423611112
2025-06-12,81704.23163194445,8777345552.162483,0.922612249861111,1.5780701805555557,0.75933722,1.1737523958333334
2025-06-13,78080.55605902777,8178812722.751306,1.0699078651736111,1.45449421875,0.9813068209722222,1.1430162673611113
2025-06-14,78095.44903472223,8203552003.252833,0.9963300137500001,1.5076039895833333,0.8772103122916666,1.1716820763888889
2025-06-15,78713.59920486111,8289271470.70175,0.9570016721527779,1.478002829861111,0.8616791901736112,1.165004
2025-06-16,80023.83371180556,8565635105.489476,0.8300483893055556,1.4646700520833333,0.7326654402777778,1.1017869131944444
2025-06-17,77296.87783680556,8168671221.340539,0.9728055092013889,1.5295968263888888,0.8676345278819445,1.146124652777778
2025-06-18,77101.00141666667,8071268469.641765,1.1177869889930556,1.4805924722222223,1.0684889675347222,1.093690892361111
2025-06-19,77291.37361458334,8084638776.720361,1.1030834417708333,1.4818382465277777,1.0330084364930556,1.1627109618055556
2025-06-20,78313.1841076389,8186887112.577517,1.0814627023263887,1.4768569930555555,1.022577794548611,1.165093138888889
2025-06-21,76848.11107986112,7930574461.168606,1.2076928822916666,1.5257773368055556,1.2287251238541665,1.157199375
2025-06-22,77003.51845833333,7794317178.809599,1.2249334198958333,1.52117878125,1.1894290494791668,1.1212230243055556
2025-06-23,76873.00603819445,7839933144.609604,1.1220909422222223,1.4825387569444444,1.0303566140625,1.063079111111111
2025-06-24,74097.71944097223,7804945023.255181,0.8471479668749999,1.4861090104166665,0.7027500429513889,1.1376154791666666
2025-06-25,76567.4293125,8185327813.08824,0.7358161374305555,1.386179482638889,0.5976284009027778,1.1937685868055556
2025-06-26,77758.71091319445,8350929484.710403,0.6660791110416667,1.4224242951388888,0.5259896705208333,1.123197611111111
2025-06-27,76569.02180555556,8193244104.447084,0.6916165680555556,1.3978261215277776,0.5573473097916666,1.20328578125
2025-06-28,75531.59433333334,8098093470.123561,0.6876374165625,1.4208061180555556,0.5558071702777778,1.4120615694444445
2025-06-29,77390.8659548611,8327973908.538796,0.6909663184722222,1.3957222708333332,0.5574881597569444,1.3787378611111112
2025-06-30,77484.64051041666,8346421215.761,0.7183394746874999,1.462024673611111,0.5725311372222222,1.1415376666666668
2025-07-01,76035.82399305556,8092988808.241961,0.8032164087847222,1.5111056215277778,0.679683499513889,1.185325795138889
2025-07-02,77686.90215625,8369155033.380964,0.7216356023958332,1.4009037118055554,0.6176429447569444,1.194572267361111
2025-07-03,81994.6665138889,8968921259.029358,0.5999510267361111,1.3973034409722223,0.4622493642361111,1.2106454895833334
2025-07-04,81597.41682638889,8852339705.86853,0.7088702438541667,1.4164331840277777,0.5532803188541666,1.2341387743055554
2025-07-05,79711.33577430557,8611988697.16896,0.7602485766666667,1.4225593229166666,0.6443113920138889,1.4182829270833333
2025-07-06,78940.03018055556,8554554337.701711,0.7359591177083333,1.3857274340277776,0.6185125824305556,1.4198897326388888
2025-07-07,78985.74496180555,8573687207.880757,0.7550983933680555,1.3732109652777778,0.6117199009722223,1.136617361111111
2025-07-08,78209.13025347222,8481756823.4367895,0.7469501054513888,1.398748996527778,0.6338193403125,1.1983769965277777
2025-07-09,79839.91303472222,8730201959.519943,0.6991185107638889,1.4175220104166666,0.5583461376388889,1.1729885624999998
2025-07-10,85948.27582291666,9632748900.165792,0.6042673397222222,1.4865270243055555,0.4475489275694444,1.18930928125
2025-07-11,87233.89402083334,10241866467.833185,0.6558794490625001,1.714480201388889,0.4792985817708333,1.06782965625
2025-07-12,88137.75581249999,10360972637.988157,0.656267944548611,1.765231795138889,0.4774082545138889,1.1696657916666666
2025-07-13,88912.76205555555,10509118021.765522,0.6479485200347223,1.7165548090277778,0.4883550066319444,1.2108731944444444
2025-07-14,92050.62422222222,11116354997.179111,0.6599460388888888,1.8839352395833333,0.5165784869791668,1.1074301319444446
2025-07-15,91855.92386805556,10778165205.05478,0.9338883567708334,2.1070811631944446,0.7684424984027778,1.117518857638889
2025-07-16,89988.59006597222,10671223810.389107,0.8719099380555556,1.9887064930555556,0.7578798187847222,1.1275879270833333
2025-07-17,89166.02681597223,10585297501.644743,0.8398818946527777,1.9202059166666667,0.7002467723263889,1.089572684027778
2025-07-18,89848.18232291666,10674393039.454035,0.8755660982986111,1.9059940104166668,0.7248985067361111,1.154247878472222
2025-07-19,88467.13164930555,10441754985.436407,0.9251603515277778,1.797118420138889,0.8055958467361112,1.1437275347222222
2025-07-20,88256.44221527777,10416145701.556131,0.9661576363194444,1.7669654895833333,0.8641310325347222,1.1805943576388889
2025-07-21,86439.51605555556,10205050510.93998,1.0085286601811594,1.6546148472727273,0.8893103617028986,1.22758675
2025-07-22,89497.01541666668,10604780696.004921,1.0182842654263566,1.6710240902777778,0.8645531673958333,1.1106370798611112
2025-07-23,88757.41595486112,10510530782.235304,1.0380943635069444,1.87077309375,0.8312790653819444,1.1218023923611111
2025-07-24,88254.07997222223,10463341973.144917,1.0063236100694446,1.8329706354166666,0.8410525856597223,1.1766526979166665
2025-07-25,93869.60975,10912186213.352253,1.3207755392361111,1.7293763229166668,1.196936540173611,1.0474122881944445
2025-07-26,90073.39577430555,10606165536.93855,1.1276551466666667,1.7338462048611112,0.9429408573958332,1.19335596875
2025-07-27,89602.01710069444,10616024608.841995,1.024542276076389,1.7739262708333332,0.8408618864930556,1.2572812604166665
2025-07-28,91233.60346527777,10822789955.323736,1.082478027222222,1.9255893541666669,0.8511340634722222,1.0218654305555555
2025-07-29,91360.86637152778,10794783235.873081,1.1048304542361111,1.8183648541666666,0.9390053813888889,1.1483292465277777
2025-07-30,90920.18241666666,10705152212.822447,1.1017998223958334,1.8566749305555557,0.9635849196874999,1.0812206493055556
2025-07-31,91059.19680902778,10738919734.431255,1.1022440983680555,1.866103170138889,0.9233637079166667,1.0756782534722222
2025-08-01,89433.73544444444,10268567751.198616,1.3908121419097224,1.890517527777778,1.3711190706597223,1.0857974027777777
2025-08-02,87718.26353819444,9938432334.463413,1.488727230451389,1.8605639722222225,1.5160161497569444,1.072921079861111
2025-08-03,85850.16555555555,9765672568.742031,1.4884005447222224,1.8217162534722222,1.5288501289583332,1.1329939722222222
2025-08-04,85110.07710416667,9761428740.286318,1.4706677569791666,1.8005808958333336,1.4407450623263889,1.0721341597222223
2025-08-05,84632.79351041667,9652744457.308636,1.5568446057291667,1.8752486041666667,1.4462578353472222,1.0123179548611112
2025-08-06,83755.90119791667,9579885368.200993,1.4490743016666667,1.8597446493055554,1.3457633287500002,1.0693652777777778
2025-08-07,83861.4471736111,9713696619.122475,1.2911845065277778,1.8095659791666665,1.1537735990625,1.2417016979166666
2025-08-08,82986.87367361112,9679286119.318726,1.2410035600694445,1.8798500868055557,1.059829063263889,1.1529168993055556
2025-08-09,83401.48935763889,9736252199.768444,1.3435790009375,1.8839373402777777,1.161126769826389,1.3371051388888888
2025-08-10,85735.74154861111,10133021575.753918,1.2419628182638889,1.9941192222222222,1.0483575373611111,1.1651507534722223
2025-08-11,91925.77070833334,11064486364.550537,1.0613164732986111,2.181140107638889,0.8521019161805555,1.1266040416666667
2025-08-12,89381.76718402778,10650875039.63282,1.2186975963194444,2.1787864479166665,1.0523904766666667,1.114579090277778
2025-08-13,90840.34002083333,10973470723.134832,1.1736450915277779,2.2173316388888886,0.9430523136805555,1.0621027395833333
2025-08-14,93537.30310416667,11261439929.500555,1.2740095370138889,2.3831524374999997,0.9803273076041665,1.0392800868055554
2025-08-15,90922.22996180555,10741229398.111517,1.41948770625,2.1355465798611113,1.2752181553125002,1.1477273229166667
2025-08-16,89884.83207986111,10566217599.487995,1.4142664292361111,2.1130829305555556,1.3239086523263888,1.3739810972222222
2025-08-17,90043.12868402778,10611996856.672659,1.3851619273263889,2.0481112291666665,1.3224605757638888,1.1497386527777778
2025-08-18,88740.95854513888,10274652167.687183,1.6137119377777778,1.9821629305555557,1.5061259645486111,1.1088864270833332
2025-08-19,87478.26196527778,10021684352.150764,1.5828840794444445,1.9463741805555554,1.4931449994791666,1.0617164791666667
2025-08-20,86840.46894791667,9870062547.624397,1.646045324201389,1.8526896666666666,1.6847917571527777,1.1113320347222222
2025-08-21,87871.83344444445,9949745691.47433,1.7284076930902779,1.8339766388888892,1.6879344315625,1.1619474027777779
2025-08-22,88814.8549201389,10158300890.359161,1.6649179772916667,1.8539171631944444,1.672803242326389,1.152423295138889
2025-08-23,90428.54925694445,10441622701.002314,1.713451794409722,2.090589479166667,1.4635294210416667,1.2485800729166667
2025-08-24,92937.38096527777,10640100032.888847,1.8729795007291667,2.0816904479166665,1.679935330277778,1.1735874027777777
2025-08-25,93061.68883333333,10404896455.057302,2.0382837569444443,1.9512118437500001,1.9261788593750002,1.0728096770833333
2025-08-26,89279.44461805555,9842819690.376852,2.0583782068055556,1.8385063819444443,2.0722619184722224,1.0710747569444445
2025-08-27,88820.13749652778,9897689586.57853,1.9592749946527779,1.8479904201388888,1.8398309015624998,1.1280775555555556
2025-08-28,88414.45572222222,9943026369.880611,1.7343578857291666,1.8497386597222223,1.6300338065625,1.1546357881944445
2025-08-29,88682.84480350878,9732931865.540077,2.1440748317192986,1.9000220771929826,2.0058549906315792,1.1094601859649122
2025-08-30,89536.12642361112,9710601293.630564,2.3237437730208335,1.909624295138889,2.3377137969791666,1.2353373368055556
2025-08-31,89916.0141875,9780083214.990038,2.2548507465277776,1.8922874062500001,2.258183387951389,1.2796054374999999
2025-09-01,89810.62007638888,9747507634.06374,2.1329822397222222,1.9798719548611112,2.0767639240972224,1.0944523159722221
2025-09-02,89797.55163194444,9907829939.182253,1.778248489861111,1.9132220833333333,1.6415900540972224,1.100306701388889
2025-09-03,89673.07326041667,9996977996.14682,1.6512053747222222,1.8847694513888886,1.4580537646180556,1.0873690868055557
2025-09-04,89520.71366319444,9902040722.818052,1.8707508688888888,1.8876545624999999,1.6572524990625002,1.1876168333333332
2025-09-05,89206.4090625,9944445199.97133,1.7767947872222223,1.9919002118055558,1.6029279639236111,1.1203644722222221
2025-09-06,87217.77709375,9642595414.920788,1.9518865818402777,2.166620368055556,1.814449826076389,1.3266915173611111
2025-09-07,87988.05371180555,9758680443.160301,1.8965732898263887,2.0886679166666666,1.7691658312847223,1.3342939826388889
2025-09-08,90550.58450347223,10119715868.851925,1.7052725584375001,1.9494776215277778,1.5393197686805555,1.2686164930555557
2025-09-09,91798.16190625,10269959306.710094,1.7780685676041668,1.9529870347222225,1.5497053383680557,1.1747913020833334
2025-09-10,92652.1135,10441807641.878681,1.6366254704166667,1.9957714583333335,1.4289850802430555,1.1258894166666666
2025-09-11,93442.66799652779,10669973453.092587,1.3300763295833333,1.9869987534722222,1.1009118938541667,1.0774922361111112
2025-09-12,92464.25470486112,10674974947.537941,1.246917143923611,1.9959315694444446,1.03192826125,1.1260656770833333
2025-09-13,90872.09013888889,10521557971.416069,1.2608042764930554,1.871916420138889,1.027185529722222,1.2763890104166666
2025-09-14,88874.1775,10280559215.99815,1.275513086875,1.9398406006944444,1.0449693668402777,1.4152793194444444
2025-09-15,88598.01209722222,10206955937.4893,1.3441199845486111,2.097419309027778,1.1476125955555556,1.0666828125
2025-09-16,88379.67696875,10230207988.591627,1.2709685076388888,2.060320222222222,1.087812404548611,1.1565585208333333
2025-09-17,89796.94414583333,10439938075.542938,1.2561303591666666,2.0619696319444447,1.0448230398958334,1.1844146076388888
2025-09-18,89832.76834027778,10529497918.232841,1.1805492367708332,1.9673891701388888,0.9800334122916667,1.1174797152777778
2025-09-19,90217.99947222223,10490205157.701134,1.2867817240625,1.9254638715277776,1.0624895596527777,1.1228860277777777
2025-09-20,89667.22006944445,10374473341.724968,1.4041805439930557,1.932833875,1.2598418203472221,1.2986110868055556
2025-09-21,88777.6081076389,10253655962.998135,1.3973283444791667,1.8651523194444444,1.2628305633680557,1.5618528368055555
2025-09-22,88565.86526388889,10016253148.452705,1.5657990402777777,1.8011186770833332,1.4016512629513889,1.0520233611111112
2025-09-23,87485.53660763889,9839077254.789537,1.575057121701389,1.846278565972222,1.4977098596527778,1.2006407395833334
2025-09-24,88285.05268402777,9965644470.932426,1.4802030341319443,1.7780344201388887,1.4392713584027779,1.1630684652777776
2025-09-25,86731.4023611111,9641479387.044992,1.6877435480555556,1.8212688298611113,1.5838212148611113,1.052702704861111
2025-09-26,85516.38552083334,9350354398.529503,1.7540061126388888,1.9068219652777776,1.793279978298611,1.0880501631944446
2025-09-27,84892.45392708333,9285401182.789497,1.8068867130555555,1.909278878472222,1.7989582454513888,1.3139094479166666
2025-09-28,85264.05186805555,9366775035.797806,1.7274059115625,1.7756929479166665,1.7218492069097222,1.2215813368055555
2025-09-29,87343.34310416666,9851978140.785826,1.3489619228472223,1.6108398368055556,1.2535213552430555,1.0812281354166666
2025-09-30,88735.45873263889,10087582529.29554,1.2183706453819445,1.6209345347222222,1.0736642756944446,1.1396834583333333
2025-10-01,90795.16327430555,10541754624.593182,1.0120694161805557,1.5613191006944445,0.9044045211458334,1.1020413368055555
2025-10-02,92608.08059375,11044702129.407341,0.8722046257986111,1.6343906631944445,0.7297974817708334,1.1724521944444444
2025-10-03,94991.99609027778,11490367715.823364,0.7981755986111111,1.7258294722222223,0.6402789876736111,1.086532125
2025-10-04,96074.34360416667,11728776419.685966,0.7790669537847221,1.751051767361111,0.6228892234027777,1.1604208125
2025-10-05,99272.91430208333,12248740405.53305,0.7640214923958334,1.7808033055555557,0.6253621650694444,1.2291998368055554
2025-10-06,99392.87305555557,12363299988.063414,0.7480613065277777,1.7970479548611111,0.6175381610069445,1.1250229340277778
2025-10-07,96993.28365277778,11954177202.310112,0.8380505910416667,1.8463198055555554,0.6685168359375,1.0978292465277777
2025-10-08,92865.41202083333,11372941462.985905,0.8717129782291667,1.7858345624999998,0.7604393523958334,1.1955137673611111
2025-10-09,94259.65303472223,11473633411.530163,0.9673880752777778,1.7751943020833334,0.8024177792361111,1.0978241145833332
2025-10-10,93612.32447569445,11197549844.995874,1.1643883036111111,1.5924929861111112,0.9861478462847223,1.0732145381944445
2025-10-11,74026.81760763889,8268612585.95844,1.4986042398958332,1.8661485625,1.3333851001388888,0.9192054548611112
2025-10-12,73162.45946527779,8222955901.274119,1.6145257122916667,1.8117852499999998,1.5315155088541668,1.01882628125
2025-10-13,76696.40223958333,8816506492.99402,1.5880078404166666,1.4648447465277779,1.424881326875,1.014222888888889
2025-10-14,78042.43274652777,8780090380.67456,1.8627804083680555,1.4737789722222223,1.6346386092361112,1.02379121875
2025-10-15,79152.42342361111,8847896726.58081,1.933788972152778,1.3648086770833334,1.7352224991319445,1.0726435868055555
2025-10-16,79018.25757291667,8693395216.010551,2.290751315763889,1.2296560243055557,2.1350140106944444,1.1250658437499998
2025-10-17,80029.37393402778,8544020668.158936,2.5214236540277777,1.1782093368055557,2.304622225833333,1.0479254722222222
2025-10-18,81843.73047569445,8745728207.910896,2.3622568143055553,1.0518088645833332,2.1524919497569446,1.127096701388889
2025-10-19,81259.47478819445,8756442075.139797,2.3554848571875002,1.0276986562500001,2.152449109236111,1.1228428923611111
2025-10-20,81899.09582638889,9040898179.19575,1.9953620536111112,1.0029671215277778,1.8268418212152777,1.0798420555555555
2025-10-21,83200.53580902779,9126894256.246342,2.1090905190625,0.9691683055555556,1.8716590638194444,1.1121898506944445
2025-10-22,79498.49123263889,8583739696.128642,2.387757643888889,0.9756556805555555,2.241601012326389,1.1278469479166668
2025-10-23,76745.90585416666,8391866694.501271,2.136432024479167,1.0602326631944445,2.0136564144444447,1.0635225451388888
2025-10-24,78210.82559027777,8661369386.41167,1.824042253576389,1.0626306944444446,1.6565321687152776,1.101044125
2025-10-25,78421.77364930556,8734166964.339958,1.6909107513194443,1.0824935659722223,1.4980033184027777,1.2405386006944445
2025-10-26,80642.81847569445,9090932053.905626,1.5269775669444445,1.0752190138888889,1.3610245632291667,1.1066180659722222
2025-10-27,79703.12253472222,9171006911.165508,1.3398155872916666,1.2314122083333334,1.1704467636458333,1.0196705590277777
2025-10-28,77619.92000347222,8862117433.431105,1.4262070953472223,1.3446896666666666,1.2688668099652778,1.1964297881944443
2025-10-29,77054.29002777778,8647635293.867235,1.901059181423611,1.3435912465277777,1.730271986388889,1.1697754375
2025-10-30,78514.07189583333,8557025680.289348,2.51339243125,1.2262533645833333,2.3101608692361113,1.0658826006944446
2025-10-31,75373.25033333333,8262217654.577617,2.2138234751041668,1.5463760868055556,2.0906721513541666,1.1686072673611112
2025-11-01,77562.82360416667,8535255025.245753,2.0742147445486108,1.90846025,1.909911892847222,1.1030212534722221
2025-11-02,76784.78283333333,8468158101.650523,2.0316066454861113,1.879198625,1.8571218393402777,1.09399521875
2025-11-03,76695.48702777777,8249374655.648337,2.4674042538541667,1.8786220868055556,2.184520934409722,1.066564892361111
2025-11-04,78432.47904166667,8133844885.467632,2.6577788703819447,1.9625979652777776,2.412466802743056,1.0571977534722223
2025-11-05,84144.824125,8623585101.043404,2.788104775486111,1.8598864895833331,2.589348626944444,1.097388625
2025-11-06,82651.26791319445,8472951224.819407,2.670825724201389,1.9998076597222223,2.3602053159722223,1.093991795138889
2025-11-07,84539.18232986111,8600898741.214622,2.921752831388889,2.041797263888889,2.670709719479167,1.02987475
2025-11-08,85010.30685416667,8693755994.151527,2.873268326805556,2.1979275520833337,2.4844022089930555,1.03492465625
2025-11-09,84869.36159027778,8724401593.021614,2.76962880125,2.154438079861111,2.477379396006944,1.1636645555555556
2025-11-10,86915.30633680556,9202148414.47577,2.0563787315972224,2.1191753055555558,1.8186554239930557,1.0256246145833332
2025-11-11,85279.60393055556,8916352727.303339,2.307791005763889,2.066428090277778,1.9967264273611112,1.0525224930555557
2025-11-12,85526.91693402777,8817034927.303795,2.595475724201389,2.029864173611111,2.3811724738541664,1.0860487291666667
2025-11-13,87193.46423263889,8851755619.223818,2.774835186111111,2.0506275,2.573890765347222,1.083609361111111
2025-11-14,91468.23465972222,8846891947.810936,3.569261069618056,2.2247022118055555,3.171589648125,1.0092125729166666
2025-11-15,96551.37825347221,9256074538.104973,3.4233379739583336,2.4208743194444446,3.1224246718402777,1.1805726631944444
2025-11-16,97646.98155208334,9294532047.099667,3.653678269479167,2.4237801840277777,3.233090536319444,1.1092447951388889
2025-11-17,98666.92940277778,9296708997.353628,3.662540968923611,2.3633588784722224,3.1745974374652777,0.9920678125
2025-11-18,101817.57555208333,9341540407.904371,3.690746532395833,2.534057020833333,3.099360125902778,1.0494483541666666
2025-11-19,99960.3394375,9093676119.734993,3.7974980917708336,2.617687253472222,3.0676713975347223,1.0810416041666668
2025-11-20,101442.08304166667,9166359541.795677,3.749470909375,2.674299430555555,3.0079288860416664,1.0296978090277777
2025-11-21,101619.16705902778,8599131770.752354,3.9466761192361113,2.6068150868055557,3.172468460451389,1.0062179201388888
2025-11-22,98725.48580902777,8329709209.94504,3.22805969125,2.5189576701388887,2.461812213020833,1.0924747430555555
2025-11-23,98413.08999652778,8511688645.266605,2.887173895208333,2.3037541006944444,2.3730754508333334,1.0521843854166668
2025-11-24,95755.39422222221,8348348917.660812,2.7724228154861112,2.3154073993055553,2.224040229513889,1.0104318993055557
2025-11-25,91268.29614236111,7978952511.624156,2.8788091821527777,2.345446229166667,2.2671146516319443,1.0621690868055556
2025-11-26,89771.82573958334,7902365590.092312,2.7707889824305556,2.2935643958333336,2.243576260451389,1.024084829861111
2025-11-27,90498.20507291667,8254260780.4825115,1.938609463402778,2.04595521875,1.5935270580902778,1.0164002118055555
2025-11-28,90083.20017361111,8223061748.323757,1.917243526076389,2.13503703125,1.5800178509722222,1.1225659513888888
2025-11-29,88854.45072222222,8057209816.358152,2.023678532847222,2.2116459097222223,1.7175383194097222,1.1826177465277778
2025-11-30,89648.95428125,8170490544.963123,1.9726679027430558,2.1508657604166666,1.7184481797916666,1.2278879652777777
2025-12-01,89976.89360763889,7745684497.159117,2.6453219093750002,2.1497289375,2.160974212951389,1.0553201319444443
2025-12-02,89359.72139236111,7918600401.608044,2.0850844213541664,2.118803236111111,1.808563061736111,1.0701186909722222
2025-12-03,89827.34831249999,8338448407.004787,1.7037277124305554,2.0912330243055557,1.4315803096527777,1.1213702395833334
2025-12-04,89216.7359513889,8280489539.167591,1.7591923088541668,2.171162829861111,1.4195191003124998,1.1129431041666669
2025-12-05,88728.13354861112,8063785193.552568,1.9997193151041668,2.1761592881944445,1.622428661111111,1.1353883368055557
2025-12-06,87571.34560763888,7839130139.592372,2.2361854297569446,2.197970017361111,1.9177599202777778,1.0958333020833333
2025-12-07,87989.34570833333,7890803190.378884,2.2730253,2.2027986076388886,1.9578520898958334,1.1778266597222222
2025-12-08,87738.14431944444,7986099998.470546,2.3497601528125,2.24186490625,2.005928213055556,1.0449246388888889
2025-12-09,88409.22567708333,8074903425.980311,2.2256136347222224,2.2909743819444444,1.8784851246180554,1.0993822500000001
2025-12-10,87051.53832291666,8041912808.844269,2.107053887673611,2.292602909722222,1.7540028061805557,1.0510343020833333
2025-12-11,87146.41747569444,7894716076.52488,2.2898129314583335,2.38827115625,1.981470950173611,1.0487542395833334
2025-12-12,86871.39857638889,7951995714.467675,2.0797692397916667,2.2683844756944445,1.7603068322916666,1.0458895972222222
2025-12-13,87941.13223958334,7934813104.1184,2.3787222475,2.2961520590277775,2.1408712899305558,1.1661511076388889
2025-12-14,88546.24191319445,7920229765.540719,2.514909733993056,2.289018840277778,2.214028420277778,1.063863722222222
2025-12-15,89252.10535069444,7871903808.478563,2.7293641588194446,2.1831711666666664,2.4450237834027777,1.0587458506944445
2025-12-16,90169.65388194444,7825900883.847567,2.926121670798611,2.1568800104166663,2.6530490863888887,1.0880516180555555
2025-12-17,89293.29480555555,7754035678.571462,2.511110988298611,2.16122446875,2.1899352080555556,1.1350141354166667
2025-12-18,88358.17286805555,7656279974.392268,2.519942713715278,2.136423940972222,2.3153277389930556,1.0843635555555555
2025-12-19,91257.15694444445,7981501180.571172,2.049147947326389,2.1497246180555556,1.8496898922916667,1.1083088229166667
2025-12-20,91746.17282986111,8090966672.798735,1.8577621379861111,2.219955,1.5670039619791667,1.2291280208333335
2025-12-21,90861.67113194444,8018911887.235421,1.9584506880208334,2.2583807256944444,1.6388440340277777,1.1246437604166666
2025-12-22,90518.29070833333,8067538518.317493,1.944776955486111,2.2130937916666666,1.6539440540972223,1.1110063229166667
2025-12-23,92275.35676388889,8099392089.628063,2.5157901082986114,2.297915375,2.1427827842013887,1.167722923611111
2025-12-24,94157.78085763888,8216579376.531104,2.7206174120138886,2.3112926458333334,2.361659544027778,1.1626541770833334
2025-12-25,93059.48157638888,8164872358.2379265,2.4564216781597223,2.2960945763888887,2.1249225315625,1.0815939895833333
2025-12-26,93860.6940763889,8268881999.62541,2.3630818053472225,2.2632284756944445,2.0951548030208333,1.1249226145833333
2025-12-27,91958.79829861112,8044409204.232969,2.8377525267361112,2.326381375,2.4757834443055557,1.1117313784722223
2025-12-28,92450.53372569445,8111945021.574141,2.6369799805902776,2.3104330833333333,2.2769763571875,1.3226298368055556
2025-12-29,95493.70353819444,8427880391.707813,2.574158672152778,2.3278421006944447,2.2351716369791665,1.0969720243055556
2025-12-30,95430.39801041667,8386381128.324558,2.751321402777778,2.4387190625,2.458851491111111,1.1407038784722223
2025-12-31,94666.20501736112,8355917192.588913,2.536308626006944,2.3159702083333333,2.18870743625,1.1879818680555556
2026-01-01,94611.11938194445,8322009097.403909,2.9472812990277775,2.509362701388889,2.587016296909722,1.2923158784722224
2026-01-02,96361.21534722223,8612147132.738853,1.9208902294097223,2.2228242395833333,1.6593816573958333,1.1017859201388889
2026-01-03,96062.69494444445,8648962429.109446,1.7115803624305554,2.2098714444444445,1.4395164978125,1.2380724861111112
2026-01-04,97582.37859027779,8905780295.759424,1.5795875088541667,2.1599259618055555,1.3589268645833334,1.226179607638889
2026-01-05,97063.96062847221,9042646276.980337,1.3749653639930555,2.0974474062499997,1.2029669156944445,1.0810061944444445
2026-01-06,94871.32491666666,8856964705.543362,1.463481818263889,2.1930516006944445,1.2514280924305554,1.1314636249999999
2026-01-07,94636.40553472222,8704469039.755093,2.055004871076389,2.453906184027778,1.708598543923611,1.1527245937500001
2026-01-08,98514.51188194443,8931782884.809103,2.672062558576389,2.552246354166667,2.278607731701389,1.2123206145833334
2026-01-09,96635.03671180556,8770965944.50505,2.5196473763541665,2.386824916666667,2.1687009278819445,1.1282360069444444
2026-01-10,96043.59242361112,8700612692.149742,2.5902064683333332,2.41483109375,2.258951562777778,1.3122838333333333
2026-01-11,96364.85058680555,8743218219.234976,2.6134276154513887,2.3841111944444444,2.3036322090277777,1.2239278333333334
2026-01-12,94903.70137152779,8670107344.58825,2.3478647498958334,2.2379858819444447,2.0537041774305553,1.09991309375
2026-01-13,93856.25768055556,8694240391.104713,1.7505579932638888,2.056597100694445,1.5418649498958332,1.2314500868055556
2026-01-14,95340.67913194445,9144531056.424585,1.213698652361111,1.7455642673611111,1.0441784483333334,1.0758526562500001
2026-01-15,95690.42738194444,9211556485.21228,1.1804853009027778,1.803053763888889,1.016603407951389,1.1617741041666667
2026-01-16,96482.1255486111,9198478917.162209,1.3866050471527778,1.9691315798611113,1.2305610419791666,1.0599824791666665
2026-01-17,95405.84668055555,9089783162.57908,1.4893725426736113,1.9775926006944442,1.3166473272569443,1.3194539027777779
2026-01-18,96662.36233333332,9194317796.552803,1.5873161597222223,2.085830440972222,1.4263028061458334,1.5030971319444444
2026-01-19,94554.36414236111,8779989899.003706,2.2529304417708333,2.157859729166667,2.0204240080208336,1.2514850034722222
2026-01-20,97758.65009722223,8879922958.368605,2.679882157916667,2.2235098437499996,2.3431335846180557,1.1377115625
2026-01-21,99451.51433333333,8876253746.64199,2.7807315418750003,2.2019902430555556,2.5109863019444445,1.141768954861111
2026-01-22,99896.76589236112,8960366986.358381,2.695717302465278,2.106487878472222,2.3453319418055556,1.1866423472222223
2026-01-23,99855.27937152778,8947137127.55114,2.733511544375,2.13081009375,2.377679270173611,1.0547205208333332
2026-01-24,98950.78436805555,8854983422.013369,2.7253876770833334,2.1083807708333335,2.4120637606944446,1.4548218993055555
2026-01-25,101315.1766736111,8935117437.705528,3.0179708064583335,2.085447517361111,2.625750765625,1.2774340972222222
2026-01-26,102380.68335416667,8986878380.149248,2.853097667951389,2.0210329305555557,2.5640287798958337,1.0492538993055556
2026-01-27,101524.05524305555,8970592429.497759,2.641576605451389,2.020973642361111,2.3054502411805555,1.0968949479166668
2026-01-28,101689.8635798611,9088596185.192163,2.3003130737847224,1.9782363298611112,1.9945854302430557,1.0427270451388888
2026-01-29,103843.15078819444,9010802177.154367,3.0210006868055554,2.0611575520833334,2.578321459340278,1.1591197708333334
2026-01-30,103352.70048958334,8590194916.534939,3.3210043212152778,2.035020128472222,2.8623562384027776,1.0994598263888888
2026-01-31,99341.40155555555,8124392207.227507,3.002703470451389,1.9698025833333332,2.502261996423611,1.0970675798611111
2026-02-01,92418.39139236111,7220317404.356298,3.0862759831944446,1.89179596875,2.5763581484375,1.0742914479166668
2026-02-02,89565.38343402778,6949757937.843029,2.849799473958333,1.7040564965277778,2.444192325763889,1.0699064375
2026-02-03,89187.99352083333,6908581379.479995,2.9921083427083333,1.7227312708333333,2.4439141656944443,1.0866251909722222
2026-02-04,91358.43305902778,6859558281.298647,3.276633703923611,1.831445232638889,2.6801532855902774,1.084917267361111
2026-02-05,94393.04621527778,6518683752.786662,3.5090390831597222,1.7498276597222222,2.796851746284722,1.0432249131944444
2026-02-06,86644.13240625,5812790143.278488,2.561993501111111,1.4324154826388888,2.182784213298611,1.1045176944444444
2026-02-07,83589.5819375,5795632608.419053,2.103248848923611,1.3131653125,1.6801168885069444,1.1072073020833333
2026-02-08,81608.64043402778,5736953363.280585,1.949819091840278,1.2812174895833333,1.6123819729166666,1.1155828541666668
2026-02-09,79989.54295486111,5605968111.057099,1.975070498888889,1.2975361354166666,1.656820513263889,1.0656660590277778
2026-02-10,79808.97398958333,5521932405.173758,2.1138810468055556,1.2200433055555555,1.7591120210416666,1.0615369791666667
2026-02-11,81443.15202777777,5487711086.508935,2.3161888944791666,1.2326000590277777,1.938744903576389,1.065276659722222
2026-02-12,81174.72285763889,5434444563.2266655,2.2886142155902776,1.269277625,1.9544020056597222,1.0678050243055557
2026-02-13,79547.34616319445,5366692809.869331,2.1936832788541665,1.2806687777777777,1.9108378143055558,1.071338121527778
2026-02-14,79252.38536805556,5506170006.827153,1.9423005592361113,1.2332504062499998,1.6496224139583333,1.2390824062499999
2026-02-15,77854.23845833333,5411976294.975917,2.0099868024305554,1.2560402361111112,1.6768507004166666,1.1346940555555554
2026-02-16,76788.99557638889,5258070013.021326,2.271010784027778,1.269869638888889,1.9428787997916668,1.1289486701388889
2026-02-17,77525.48884375,5272145496.853524,2.4234756718402775,1.3661684583333333,2.030201942291667,1.06345803125
2026-02-18,79847.22249999999,5370366490.417856,2.5788247810416665,1.4126187222222222,2.2319895602430555,1.1140287361111112
2026-02-19,79994.86857291666,5337034606.179033,2.7367339717708337,1.3527258819444445,2.431217840451389,1.1269139826388888
2026-02-20,80723.8925451389,5452421300.536404,2.413174452222222,1.2532357604166666,2.1268178035763885,1.1277859479166665
2026-02-21,80627.09869097223,5491354998.698223,2.130788895555556,1.2892780729166669,1.8457235252083335,1.2694105243055556
2026-02-22,79830.67382638888,5411016073.916957,2.1137551203819442,1.2820729583333332,1.8320251547916666,1.2237971493055555
2026-02-23,79261.74354513889,5182542226.261479,2.704884685902778,1.2416129270833334,2.31377080125,1.0786947395833333
2026-02-24,81076.06852430555,5164149420.370575,2.7453091705902777,1.2501939895833332,2.4117706618055554,1.0523584270833333
2026-02-25,79209.40461805556,5273864522.366647,2.0950459488194446,1.1663400590277777,1.8717446247569443,1.1207680034722223
2026-02-26,79630.22696527778,5402865016.566631,1.9138712679166667,1.2049371944444445,1.6307120325694444,1.0526858333333333
2026-02-27,78985.66607291666,5256646014.471886,2.33320326625,1.1957262847222223,1.9952034817361113,1.1096723020833332
2026-02-28,79319.40696180555,5168118056.840983,2.529949382222222,1.1693962222222223,2.190841600833333,1.0890530625000001
2026-03-01,78304.00005902778,5213724360.847761,1.9385635870833333,1.2039894895833332,1.6488868600000002,1.1249100659722222
2026-03-02,79749.273875,5370565021.631678,1.6901939238194443,1.1432438298611112,1.4794518255902778,1.0830657361111111
2026-03-03,79594.23883333334,5405846706.765763,1.63678254375,1.1505102881944445,1.3903794124652777,1.1153161284722222
2026-03-04,86684.84494791666,6152965656.282664,1.2320085783680554,1.1135137361111112,1.0883166747222222,1.1613441354166667
2026-03-05,88593.02655555555,6385579181.983505,1.087975798923611,1.1180682048611112,0.9516142790972223,1.0788673993055555
2026-03-06,82918.41256597223,5776846431.35442,1.612240118402778,1.1675806215277778,1.4498768661458332,1.0884019583333333
2026-03-07,84055.46745833333,5700091978.899737,2.027546224861111,1.2114863194444443,1.9093865316666667,1.114800201388889
2026-03-08,83276.87875694444,5589595689.85702,2.161573808576389,1.2175210833333334,2.0412177432291667,1.1306326979166665
2026-03-09,81858.8158611111,5563518274.601716,1.925974066701389,1.1266252708333333,1.8516893117708335,1.1091260381944443
2026-03-10,82442.27989236111,5787420581.567759,1.3180600303819443,1.086549982638889,1.2338255372916667,1.1198751666666666
2026-03-11,81707.9072013889,5722953912.721761,1.3154580572916668,1.0399151111111111,1.2061916987152776,1.1255700104166666
2026-03-12,82645.58911458333,5783246256.53053,1.3400678681944445,1.0473151423611111,1.2179971952430555,1.099662625
2026-03-13,86639.95300347223,6208963389.732198,1.0854644322569444,0.987085517361111,0.9970314126736111,1.1476632569444445
2026-03-14,83966.59519444445,5938541619.969736,1.2953501422916667,1.0353718125,1.2176764825347222,1.179873173611111
2026-03-15,82542.22231597222,5907436005.977028,1.2851305064930556,1.0255575451388887,1.2144284686805555,1.1358724861111111
2026-03-16,86874.88751736112,6398148953.450314,1.0093479032291668,1.0599952881944443,0.9126872573958332,1.1594714444444445
2026-03-17,89659.96916319444,6666038838.500798,1.0191325541666667,1.0263197986111112,0.9144812059722223,1.1163861736111111
2026-03-18,90619.32479861111,6597182781.513774,1.182559278472222,1.0362689895833332,1.082828665486111,1.0632289652777778
2026-03-19,87446.90729166666,6140367881.728871,1.5704334027430555,1.0698797222222223,1.481595884861111,1.0572109409722221
2026-03-20,87051.53345833333,6120953283.721222,1.5868717364583333,1.0352149965277777,1.543135659201389,1.144297204861111
2026-03-21,87293.25877083333,6157701914.752054,1.520733806111111,1.0148032118055557,1.4631919761458334,1.1459096111111111
2026-03-22,87573.16469444445,6016595861.241077,1.742846686076389,1.021998642361111,1.6977263195833334,1.0867088333333335
2026-03-23,86869.30867708333,6044557002.030042,1.6211734449652777,0.9700637187500001,1.5912922049652778,1.104497361111111
2026-03-24,85691.13059375,6028254003.597115,1.6594624908680555,0.974271701388889,1.537109998159722,1.0977193368055556
2026-03-25,86831.19394444444,6170995693.399942,1.4637602856944445,0.9651851388888889,1.3762129534375,1.10662965625
2026-03-26,86869.84756944445,6051363937.185487,1.9079889250694444,0.9759069166666667,1.7645520415625,1.0419126319444443
2026-03-27,91579.54510416667,6150361567.172358,2.489066140138889,0.9504354652777778,2.375792146423611,1.0646166736111111
2026-03-28,95091.54028472221,6324382560.397617,2.5911668260069445,0.9401008784722222,2.575755498993056,1.2062011944444444
2026-03-29,95026.50610763888,6323160893.008633,2.2916060481597222,0.9348380625,2.287547058229167,1.127798392361111
2026-03-30,91510.2767951389,6144836632.62335,1.9605036697222222,0.9368405347222222,1.9477416460069443,1.1165679930555554
2026-03-31,90230.80153472222,6081298343.033513,1.9536028202430553,0.8985345069444445,1.9093747767013889,1.0757598715277779
2026-04-01,90324.53847916666,6173694124.204097,1.5575262987152778,0.8646664722222223,1.4805845945833334,1.126524798611111
2026-04-02,89328.67022916667,5962983097.0926895,2.065711750173611,0.9132103402777777,1.9558692664930557,1.07316559375
2026-04-03,90396.57924305556,6037242251.068556,1.8688022475347223,0.8880344930555555,1.7956285205555556,1.213046201388889
2026-04-04,90895.07038888888,6097689141.109814,1.7200572285763889,0.8653246666666666,1.6517059024305556,1.2051214687499998
2026-04-05,90350.81852083333,6069561844.182441,1.6542428631597224,0.8556578923611111,1.5679072771875,1.2160906319444444
2026-04-06,93836.93951041666,6510316907.564832,1.1563744967708334,0.8836264340277777,1.0842304739930555,1.0818452708333333
2026-04-07,90267.129375,6213120019.755749,1.3500711323611112,0.9265887256944444,1.271545231701389,1.1222273506944445
2026-04-08,90215.33665972222,6452082144.784347,1.0681032119444445,0.9945373888888889,0.9692524226736112,1.146982263888889
2026-04-09,91974.871625,6567026872.138835,1.0439741330208332,1.0552321944444445,0.9741662835763889,1.1159872569444445
2026-04-10,95073.89649652777,6878192234.5117,0.8732384042361111,1.035438722222222,0.8321055047569444,1.1291279340277778
2026-04-11,97310.27435763889,7097041328.575487,0.7928459423958334,0.9669383611111111,0.7494346461805556,1.2862743402777777
2026-04-12,93981.86679513888,6710560216.1796255,1.0579757153819445,0.9682529999999999,0.9769468553472223,1.1665037083333332
2026-04-13,92261.6258298611,6614084900.688966,1.1485450896527778,1.019289920138889,1.1087701415277778,1.1413487534722222
2026-04-14,97173.21442013889,7236360278.604992,0.7309264940972222,0.8887980624999999,0.6667037246874999,1.197830607638889
2026-04-15,97952.53617013889,7272395901.423047,0.8071116105555556,0.8862677534722222,0.7607144902430556,1.1129186770833333
2026-04-16,98482.28921527778,7354781514.541354,0.8089902273611111,0.8928469236111111,0.7599787654166668,1.1544060868055555
2026-04-17,102371.00759027778,7796424761.240221,0.7110301842013889,0.8641140312500001,0.6705129818055555,1.1852193368055555
2026-04-18,102938.90122569444,7862830565.662998,0.7365934796527778,0.8122172986111111,0.6960219262499999,1.26883353125
2026-04-19,97353.20027083333,7322939112.421253,0.8798497444097222,0.7823257048611111,0.8659030870833333,1.2269414444444444
2026-04-20,94761.11623958334,7121877410.506998,0.9211809369444445,0.7736455243055556,0.9428363853124999,1.1240453090277778
2026-04-21,95210.23879166666,7222539358.430367,0.8523247828125,0.7751596527777778,0.83762399,1.1441068020833334
2026-04-22,101379.55422222223,7921140606.869666,0.6356762532986111,0.8625543055555556,0.6125927315277777,1.1960370590277778
2026-04-23,99968.16044097222,7786071201.341352,0.6530610860763889,0.8412836736111111,0.6194404611111112,1.1333852777777778
2026-04-24,97290.20530555554,7567705501.582991,0.7384201780902777,0.7996093541666667,0.7050263559027778,1.1412801145833333
2026-04-25,96053.97994444444,7444148867.193649,0.8072714898263889,0.8200057777777778,0.7934919154513889,1.3178250763888888
2026-04-26,95903.4259861111,7474057432.771459,0.7780225932291667,0.8062218784722223,0.7672654950347222,1.1583550381944443
2026-04-27,97078.99785069445,7541808247.082965,0.8546804202777778,0.7744484652777778,0.8210192728819444,1.0560519027777777
2026-04-28,98308.99825,7519210188.018119,0.9566905432638888,0.8162694027777778,0.9266389463541667,1.1550746458333334
2026-04-29,97392.55378472221,7452798418.670275,0.8959107643055556,0.8256838229166666,0.8984741097222222,1.1632782708333333
2026-04-30,95536.71325694445,7271746345.39242,0.9656844559722223,0.8266103715277777,0.9693204278472223,1.2056061909722222
2026-05-01,100116.14091319445,7772210572.115624,0.7339095298611111,0.7819400972222222,0.7279978392708333,1.1568147395833333
2026-05-02,102564.49359722222,8033916044.187181,0.6198393213888889,0.7637843645833333,0.5956177800694444,1.3015495520833333
2026-05-03,103200.61617708333,8104267489.383601,0.6279514757986111,0.7911321909722222,0.5970979876736111,1.2979950034722223
2026-05-04,106452.56326041667,8481051998.084745,0.5793133344097222,0.7727387847222222,0.5568921928472222,1.11051009375
2026-05-05,112473.34645486111,9110722928.822588,0.5169982901041666,0.7662064618055555,0.5006026999652778,1.2646984895833333
2026-05-06,110433.72742708334,9004796283.269432,0.5518987291666666,0.7250083125,0.5389251322222222,1.14481453125
2026-05-07,105580.42536805556,8509897971.733963,0.6809091122569444,0.6979839027777778,0.6648673656597223,1.095965545138889
2026-05-08,102535.47365624999,8191276534.9111805,0.7673501079166667,0.6980079027777778,0.7707431840972222,1.179111361111111
2026-05-09,100730.77274652777,8103748142.886012,0.7546745899652777,0.70060771875,0.7664870810763889,1.2723241388888888
2026-05-10,99754.29682986111,8076695004.358126,0.711077105798611,0.7285456284722223,0.7168750455208334,1.2167726805555554
2026-05-11,97976.30141666665,7962830822.165669,0.7116744151041667,0.7503017083333333,0.6917592863888888,1.1104998472222223
2026-05-12,102971.52148611112,8320832701.73986,0.7216862348263889,0.8269208090277778,0.7037430856597222,1.1290188715277778
2026-05-13,104924.01801041666,8421033273.863863,0.8259957635763889,0.8958613333333333,0.8332598774305555,1.1241532395833334
2026-05-14,106280.83035763889,8533488645.045049,0.8125708902430556,0.90999321875,0.8364455751388888,1.143914486111111
2026-05-15,105985.65425694444,8488387132.424186,0.8703052102430555,0.9356918437499999,0.8640937060763889,1.1008491006944443
2026-05-16,101689.36778472221,7973675472.877214,1.1556073940625,0.9942349131944445,1.1764271530555555,1.2010285243055554
2026-05-17,102368.10283680556,7995547713.925899,1.2273376564930556,0.9973735381944445,1.2761686499305556,1.2403930208333334
2026-05-18,103152.23566319444,7928457438.000421,1.3967371913541666,1.0514499027777777,1.4184098260069444,1.0950869965277779
2026-05-19,104652.69177777779,8040560504.683066,1.4098648117013888,1.0763561284722223,1.4308424349305555,1.174514
2026-05-20,102567.44560069445,7924421656.221464,1.327432147465278,1.06916871875,1.367746064826389,1.1694583229166666
2026-05-21,101408.60056597221,7868653017.785236,1.2428968412152779,1.0591013229166668,1.2703372530555557,1.1061460694444445
2026-05-22,102286.12896875,7874485805.994161,1.3496163135763888,1.0660275277777778,1.3546435754513888,1.1525645833333333
2026-05-23,104671.17199305556,7900466381.496845,1.4677532790972223,1.1313102465277778,1.487491351388889,1.2408459618055554
2026-05-24,101328.98085416667,7779490134.771624,1.1812315101388888,1.1585625868055556,1.1570796144097222,1.1602836284722222
2026-05-25,99647.25555902778,7708100203.476759,1.084774289375,1.111328576388889,1.062380635347222,1.1454905173611112
2026-05-26,98997.59729166667,7581736894.333415,1.1905916246875001,1.1730692916666667,1.16053712875,1.1387150104166668
2026-05-27,101164.63151388889,7629003246.0815325,1.4861257595138888,1.3317410104166667,1.4983379869791666,1.0738858472222224
2026-05-28,104615.25310069445,7685554530.0703535,1.7757533453819443,1.33486196875,1.7760695676041667,1.1134956979166666
2026-05-29,105443.92716319444,7755353457.957081,1.6819358231597221,1.3784945,1.680299065763889,1.1053678055555556
2026-05-30,104048.19540972222,7669047548.382197,1.6282893591666667,1.3889786805555557,1.6396103995138889,1.2925279583333333
2026-05-31,104813.49126736111,7739254729.347506,1.5041174409375,1.3757438888888889,1.4989758255555554,1.2317509722222222
2026-06-01,105467.68819444445,7632341603.225635,1.825753077777778,1.4750062256944443,1.7734446171527778,1.1210555034722223
2026-06-02,107283.95841319446,7401760759.46026,2.2528596617013887,1.4895640416666667,2.124342230104167,1.1465899270833333
2026-06-03,106713.83307638888,7088141209.708464,2.3027400972222223,1.5610280520833333,2.246007097777778,1.0990119965277776
2026-06-04,101371.84623263888,6440594429.749398,2.089139556458333,1.351281607638889,1.9946551436458333,1.0484141909722222
2026-06-05,100481.57494097222,6217021491.549577,2.2264452974652778,1.2533734861111112,2.084085095173611,1.045837232638889
2026-06-06,101910.19215277777,6194099493.163171,2.031286631111111,1.1484757951388889,1.9271801924305558,1.0635496284722223
2026-06-07,101643.37455208333,6299277070.42886,2.035385261145833,1.1435004027777778,2.0118303548263885,1.1783605034722222
2026-06-08,98460.57771875,6234171394.579136,2.011521146840278,1.1759661805555557,1.886054257361111,1.0934060520833333
2026-06-09,98523.37897916668,6143493671.808115,2.1337924525694443,1.1804452916666668,1.9987676747222223,1.074315826388889
2026-06-10,100297.35978125,6178027356.941167,2.1528112280902776,1.1496130729166667,2.0601044484375,1.0952050104166666
2026-06-11,100519.13726041667,6317748981.382122,1.794602306423611,1.150716482638889,1.7419742547222221,1.125937857638889
2026-06-12,98321.83061805555,6248360378.081524,1.6688165100694445,1.2012471076388889,1.547797106875,1.1216877013888888
2026-06-13,99134.7822361111,6337586111.606283,1.5932258907986112,1.18661209375,1.5017804354513888,1.1371902638888889
2026-06-14,100813.78160763888,6489770513.676229,1.5238325522916667,1.1665122743055556,1.4278617758333334,1.2290925868055556
2026-06-15,103379.03184375,6838568215.445927,1.4490220420138888,1.2023224131944443,1.347799172951389,1.1718857847222222
2026-06-16,103359.08028125,6828528997.053154,1.4884252958680557,1.2283972743055556,1.3926653627777776,1.1348694375
2026-06-17,101603.79473611111,6627362632.656942,1.6208524671180555,1.1855867222222223,1.5386151748611112,1.1508101215277777
2026-06-18,99670.23547222222,6349704132.8024,1.9032995449999999,1.2018865798611111,1.8324278726041667,1.137464611111111
2026-06-19,98649.82854513888,6203048645.3089485,1.9410331461458332,1.1787456076388887,1.8898713040625,1.2059335381944445
2026-06-20,97880.08115277778,6236303141.457808,1.8369076495833332,1.2080753368055557,1.7788215578819444,1.1810552847222222
2026-06-21,99509.48145486112,6379687362.25566,1.714073995173611,1.1879339618055555,1.6100375522222223,1.1833116666666668
2026-06-22,100144.65203819444,6447019840.69247,1.6484576028819444,1.1485813125000002,1.6081548812847222,1.08709478125
2026-06-23,98780.51860763889,6209035841.786139,2.0568626849652776,1.1840810451388888,1.9742360868055557,1.0402265451388888
2026-06-24,99628.3062638889,6148957284.626454,2.2986805857638886,1.1325453402777779,2.231821285,1.0579329791666667
2026-06-25,102460.44690972223,6200443349.006222,2.394047203090278,1.1373314618055557,2.306438314861111,1.0650707569444444
2026-06-26,105259.62909722222,6292512651.691874,2.202112025972222,1.1843835902777777,2.1228116021180554,1.0934160138888889
2026-06-27,103637.487,6225711119.064,2.21606923,1.244948,2.13291472,0.538029
