date,oi,oi_value,toptrader_acc_ls,toptrader_pos_ls,global_acc_ls,taker_ls
2021-12-01,87667602.44444445,38652326.09315454,6.380622525676376,0.9546906664708332,9.070012597624906,0.970733851748264
2021-12-02,92500724.36805555,39024176.38981996,6.723323025576981,0.9622113739177084,9.422282188143026,0.9942903279763888
2021-12-03,95973985.06944445,39788251.65193047,6.666077296344958,0.9545457878694444,9.42859860432432,0.9737653864531249
2021-12-04,57751191.628070176,19528355.554992042,4.732159227326277,0.9569791316589474,6.005760361057205,0.9933604003347369
2021-12-05,44800793.065972224,14582656.990829904,4.06480398500898,0.9790003213430555,4.8841063971096865,1.0061358401434028
2021-12-06,43579661.791666664,13161133.236053163,4.022837626707988,0.9720060799135416,4.694384681437047,1.0260722118024306
2021-12-07,40809644.885416664,13372776.013968132,3.5824860511956933,0.9698702041208332,4.197685023360109,1.0346604781319444
2021-12-08,41624636.11111111,13345501.167861022,3.688224079467996,0.9614323197010416,4.380376987555987,0.9945042567913194
2021-12-09,39981242.253472224,12585508.811271671,3.935099397978943,0.9520129682972223,4.802383321029563,1.0224740185124999
2021-12-10,39911100.875,11884171.196502438,3.8129841069764328,0.9483102187979165,4.84424560472139,1.0229585804406252
2021-12-11,40678115.85069445,11889755.621533431,3.836589907238169,0.9692826448079861,4.89931166232341,1.0374245566350693
2021-12-12,42757596.68055555,12833319.557610027,3.6965894213460455,0.9746641446656249,4.6738859742701315,1.0249972680034722
2021-12-13,40703941.33680555,11638466.161938168,4.028035396941093,0.9741913990802082,4.966432356506656,1.0030383442559028
2021-12-14,40945329.04513889,11189863.144488614,3.555476854375266,0.9690887741875,4.528899669342839,1.0112264257326389
2021-12-15,41570967.526132405,11468455.657138614,3.3588231420669175,0.9741295006463414,4.169411058606839,0.9825726714578398
2021-12-16,43986676.20486111,12652792.722963644,3.4509886964945493,0.973521347082986,4.316236339742768,1.0597674499211807
2021-12-17,45346941.25,12372901.668578293,4.095176265287263,0.9697013708482639,5.151907432051352,1.0131675818378474
2021-12-18,46249727.222222224,12449852.336804636,3.871878922151139,0.9738314239583333,4.948135274399917,1.1306287253416665
2021-12-19,45863207.659722224,12371391.36131348,3.7129314914114513,0.9797465731576389,4.745197031816546,1.0260099089760417
2021-12-20,47078436.041666664,12188087.550785162,3.8110881772621994,0.9642700815663194,5.151290656352329,0.9859237278829861
2021-12-21,46033115.94444445,12603757.822908916,3.296519744779667,0.994197215971875,4.117950207665481,1.0561884362381944
2021-12-22,46347165.847222224,13260094.089896224,3.179962959798793,1.016777360590278,3.959488638062569,0.9726753751069445
2021-12-23,45885839.03125,13489710.360595793,3.221170294448267,1.0237431150114584,3.9477180174621633,1.049365187840625
2021-12-24,47118311.69337979,14581078.736797655,3.5828840008244565,1.0269631484132404,4.208994679538627,0.991338404761324
2021-12-25,48839917.92361111,15181432.688834451,3.278086165428021,1.021908394785764,3.6346207959897203,1.063852635404514
2021-12-26,48559851.72569445,15692726.593672134,3.422347168443926,1.0278866506979165,3.8373142752159017,0.9739405197944444
2021-12-27,49000935.659722224,16661664.159618054,3.3324283194902034,1.0173129679427084,3.6969957746183186,0.9967378158232639
2021-12-28,46245817.034722224,14702935.038285559,4.134942805353141,1.0137627663954862,4.635892483604816,1.014835179210764
2021-12-29,46140510.39372823,13783869.78382946,4.685284032745254,1.0633567773034844,5.488691381283803,1.0854576735853658
2021-12-30,44679311.208333336,12885205.37412022,4.839546652542277,1.0629801687885714,5.7429330218551335,1.0459191958605714
2021-12-31,46025474.74912892,13239431.830196515,,,,
2022-01-01,43466528.21180555,12562413.721444191,,,,
2022-01-02,50117329.71180555,15388351.836542167,,,,
2022-01-03,47832218.79513889,14694344.837708427,,,,
2022-01-04,45881625.496527776,13939706.79038868,,,,
2022-01-05,50428792.44444445,15624081.85251195,,,,
2022-01-06,45887972.1875,12701086.101148117,,,,
2022-01-07,44750053.114583336,12080660.959189523,,,,
2022-01-08,44646163.25694445,11730731.142121678,,,,
2022-01-09,44057047.49305555,11491674.650837388,,,,
2022-01-10,45805066.92361111,11716280.483208904,,,,
2022-01-11,45935427.989583336,11725146.857172094,,,,
2022-01-12,47301467.152777776,12869113.366174618,,,,
2022-01-13,47528054.989583336,12943292.840308446,,,,
2022-01-14,46589211.67361111,12347661.657296134,,,,
2022-01-15,46694065.52430555,12458447.132315636,,,,
2022-01-16,47249024.98611111,12734358.39287772,,,,
2022-01-17,48933925.11805555,12703665.045498343,,,,
2022-01-18,50930820.78125,13100783.088040497,,,,
2022-01-19,52666174.666666664,13176159.940712385,,,5.371020515421365,
2022-01-20,50363339.590277776,12572515.124878455,,,5.023100629387078,
2022-01-21,50647566.690972224,11191681.453590894,,,5.031779191472754,
2022-01-22,52690782.333333336,9608495.666970445,,,4.0510807768048736,
2022-01-23,50397739.722222224,9098220.588533241,,,3.969612985736193,
2022-01-24,51050448.39236111,8686536.78055532,,,3.770783948007813,
2022-01-25,52162139.003472224,9068588.408366987,,,3.6562992331394386,
2022-01-26,51839605.534722224,9163395.80714757,,,3.832530455734081,
2022-01-27,50355732.51736111,8692938.217636324,,,3.828558155728544,
2022-01-28,48815148.003472224,8599118.21777835,,,3.501789453841095,
2022-01-29,50537053.03819445,9203814.953064678,,,3.614192510389517,
2022-01-30,52006760.003472224,9648906.96228591,3.2950444030555555,0.9805766954166667,3.758808088680555,1.0748441945833334
2022-01-31,48519631.340277776,8728380.13033323,,,3.7819099868051995,
2022-02-01,49796890.833333336,9403212.560551204,,,3.3336190083606945,
2022-02-02,51284077.74305555,9566086.368412027,,,3.4414966202131,
2022-02-03,47851876.96875,8619845.955491653,,,3.4200338429361903,
2022-02-04,50928470.51388889,9750058.072850963,,,3.0152560604595284,
2022-02-05,48678492.20486111,10172268.159697667,,,3.1777552381799072,
2022-02-06,49024381.10069445,10722096.592484647,,,2.778275563332169,
2022-02-07,49370466.784722224,11436312.512845803,,,2.941974688660371,
2022-02-08,45223965.17013889,10143246.252706742,,,3.2269635446098195,
2022-02-09,45888279.55555555,10374149.686346155,,,3.463593522991057,
2022-02-10,46971769.958333336,11028393.426628724,,,3.0958308776968355,
2022-02-11,43280164.684027776,9560521.381283619,,,3.6958667176966244,
2022-02-12,42428609.020833336,8690753.615377376,,,3.8801221376795616,
2022-02-13,43045887.03125,8815546.129015714,,,3.899457564073808,
2022-02-14,42486579.496527776,8508719.817658087,,,3.7999988229994255,
2022-02-15,45478181.135416664,9781026.868841462,,,2.9230656315299375,
2022-02-16,46517037.822916664,10151303.675492782,,,2.824976866518795,
2022-02-17,48789093.621527776,10515064.118230931,,,3.149937447966116,
2022-02-18,50749717.416666664,10218757.687176814,,,3.5284290477575015,
2022-02-19,47553698.32638889,9362806.457308106,,,3.3652550854792773,
2022-02-20,46559499.63194445,8747754.890814044,,,3.351042095974288,
2022-02-21,46919816.07638889,8777055.904694272,,,3.304621536832418,
2022-02-22,50804837.402777776,8705913.76837181,,,3.2997884648075786,
2022-02-23,48885254.67013889,8740394.41118072,,,3.233915223491481,
2022-02-24,50255587.36805555,7845617.501229243,,,3.1997893578458716,
2022-02-25,49798535.88888889,8325848.488274074,,,2.8471228038100245,
2022-02-26,47612183.125,8396025.150202118,,,2.7875596002228225,
2022-02-27,47452534.09375,8106806.995613668,,,2.9749281125977665,
2022-02-28,60799570.36111111,10791312.814636469,,,2.5712638602210327,
2022-03-01,56856693.63194445,10899276.284300655,,,2.388855483701901,
2022-03-02,57047435.63888889,11353689.658047289,,,2.3396916912711965,
2022-03-03,54649220.99305555,10577490.585930116,,,2.4729115615131305,
2022-03-04,61799348.90625,12151991.205468189,,,2.4359719598370257,
2022-03-05,94425320.875,20102808.889269933,,,1.390059448441236,
2022-03-06,117728423.15972222,25680592.152014248,,,1.0079536570462642,
2022-03-07,58595871.50694445,11794777.50711794,,,2.074548246000672,
2022-03-08,71404217.03819445,13886584.7310477,,,2.597904764400603,
2022-03-09,83592732.25,16806266.000402946,,,2.8271123554332034,
2022-03-10,76073790.5,14613403.71140899,,,2.869829669304823,
2022-03-11,66413740.14236111,12909017.43455964,,,2.543166093250592,
2022-03-12,76073495.77430555,15221574.64205272,,,2.191556938362313,
2022-03-13,84604765.44791667,17347072.859531123,,,2.1472120933261385,
2022-03-14,82131723.39583333,15863205.396098664,,,2.1218710712278535,
2022-03-15,73219291.62152778,14043696.07630638,,,2.5103665223462577,
2022-03-16,67726938.0,13133678.257003106,,,2.6237906245825275,
2022-03-17,69889880.21527778,14160174.96468287,,,2.2719253726259234,
2022-03-18,68752401.91666667,14057426.50046682,,,2.4473821186094598,
2022-03-19,66460265.065972224,13982860.593205502,,,2.5045214981694586,
2022-03-20,64160637.41319445,13190078.641563328,,,3.0155622088129985,
2022-03-21,61911813.597222224,12480835.525141634,,,3.2549072078885626,
2022-03-22,68013082.31944445,14267089.66242759,,,2.8882464163180095,
2022-03-23,76999179.0763889,16153962.279604422,,,3.12918563441316,
2022-03-24,76290391.63541667,16779273.919364933,,,2.8504359713901852,
2022-03-25,82129328.125,19153790.692485232,,,2.3003044188653603,
2022-03-26,91458196.23958333,21982701.5420271,,,2.3698593453288797,
2022-03-27,89966429.78472222,22875070.69163187,,,2.3776785588846048,
2022-03-28,92096373.6701389,25090415.13144508,,,2.624820751125331,
2022-03-29,92401667.28472222,26155919.42422278,,,3.0048136737926514,
2022-03-30,94840115.28125,29437218.315761827,,,2.966332718314252,
2022-03-31,95572904.96875,28454389.06792748,,,3.9939476627155646,
2022-04-01,88110655.5763889,24550067.81629947,,,4.699793819797712,
2022-04-02,96636527.3298611,27654598.384874653,,,5.4516886328986915,
2022-04-03,96255430.15277778,27097207.295682814,,,5.265521925252538,
2022-04-04,91756439.0173611,25155369.62861548,,,5.031532360615135,
2022-04-05,80739363.72916667,21739816.26803792,,,4.5562185904246455,
2022-04-06,73625119.53125,18008338.696534805,,,4.8002645440169385,
2022-04-07,69464044.4201389,16448250.282126626,,,4.31540818799132,
2022-04-08,67340685.5625,16093436.492994167,,,3.9946224591528017,
2022-04-09,69283556.0,16569310.262802584,,,3.715305059179557,
2022-04-10,68845127.19444445,16553006.07421637,,,3.996363346314657,
2022-04-11,74288024.68055555,17161597.414928526,,,3.4153546982079934,
2022-04-12,67588353.04166667,15120261.33353972,,,3.5512205801719525,
2022-04-13,78573520.19791667,18585430.814330302,,,3.030044378104828,
2022-04-14,83237037.21527778,20332088.426016044,,,3.241007902650391,
2022-04-15,74797940.81944445,17851957.072566282,,,4.056278108266412,
2022-04-16,76119081.7361111,17948896.752601113,,,4.371683670583895,
2022-04-17,76087576.27083333,17753403.113378033,,,4.518092364805108,
2022-04-18,68007341.62152778,15004288.248981483,,,4.308313079280536,
2022-04-19,65987530.17361111,15134077.618017375,,,3.8663518961962726,
2022-04-20,73436372.52083333,16811973.649644203,,,4.364944135476318,
2022-04-21,73536849.71180555,16766982.953800675,,,4.274751141386165,
2022-04-22,71764872.0625,15870998.819602707,,,4.957157277036936,
2022-04-23,72315173.21527778,15838898.527867774,,,5.2467964465835095,
2022-04-24,71418493.95833333,15354464.38513634,,,5.241664572698764,
2022-04-25,68733392.25347222,13980461.592621718,,,4.9122492750221,
2022-04-26,73254453.64583333,15245901.757787658,,,4.556243407593089,
2022-04-27,68716009.56944445,13783482.25814156,,,4.499513313229791,
2022-04-28,70862622.09722222,14503269.870358296,,,4.323425513423891,
2022-04-29,68815392.55902778,13541560.601238668,,,4.571946023281665,
2022-04-30,64863515.32986111,12146830.14348723,,,4.546647072076033,
2022-05-01,61363768.13194445,10930391.190639995,3.606431852986218,1.0608751865,3.9422258464932542,
2022-05-02,59475226.76736111,10678975.348645281,,,3.673032142035071,
2022-05-03,62614936.729166664,11311245.423904067,,,3.7702564191763983,
2022-05-04,63262919.31944445,11704708.088372225,,,3.6805822854921195,
2022-05-05,62355985.979166664,11645502.429540602,,,3.704804642367569,
2022-05-06,64779949.96875,11218417.960376017,,,4.721952095302655,
2022-05-07,65307657.57986111,11157652.174663251,,,4.598082777813393,
2022-05-08,66958533.01736111,11000963.282948058,,,4.316802452429653,
2022-05-09,65437201.354166664,9865576.22482124,,,4.216766389917301,1.0031999426783185
2022-05-10,64879120.64930555,9349993.074778222,,,3.0514039597945675,1.0335144633530864
2022-05-11,59367325.875,7449606.052632157,,,2.9387293938982086,1.0314763067261905
2022-05-12,53508153.145833336,5231673.370383834,,,2.4896042504312836,1.0571062966993054
2022-05-13,52283491.635416664,5893561.650588708,,,2.308820129633899,1.0684327885836806
2022-05-14,51248565.378472224,5774798.550755002,,,2.234210060045691,1.1410600696579862
2022-05-15,53427376.347222224,6289919.394803688,,,2.2955280985823454,1.1051270601809027
2022-05-16,51795025.76388889,5990782.371539637,,,2.396935738437567,1.135829878346875
2022-05-17,53179399.104166664,6271990.390289789,,,2.4874751169958147,1.0877669313
2022-05-18,93467012.0173611,11742846.831367994,,,1.6371545837018884,1.0743428900211807
2022-05-19,104046016.40277778,12242258.954566801,,,1.7187950046200875,1.0492532883604166
2022-05-20,87068238.59722222,10573189.030730806,,,1.9083901908064544,1.1021908407361112
2022-05-21,77650436.75694445,9263969.537758105,,,1.9870919141266603,1.0719712739868055
2022-05-22,78316612.30555555,9581234.748094637,,,1.752973270151628,1.111413228167014
2022-05-23,72741034.36805555,9049451.705071978,,,2.0042252581625206,1.044010848560764
2022-05-24,65445183.104166664,7694119.179797526,,,2.420198495506099,1.1291799939743055
2022-05-25,67644372.39930555,8124915.611578352,,,2.283202284764686,1.0476321341534722
2022-05-26,65601023.753472224,7590188.658262372,,,2.1299196651214096,1.0877844413243054
2022-05-27,62664949.42361111,6827226.089044805,2.3094161649682468,0.9143105937760416,2.2086058866725344,0.9780617782267361
2022-05-28,65209855.53819445,7214620.7447092105,2.0379192307242437,0.9125196217274306,2.109656788282806,1.1333788305366548
2022-05-29,67833316.27083333,7614205.072890623,1.9853767940892877,0.9292227852895834,1.9704811933722286,1.1775913051638889
2022-05-30,70428973.7048611,8315213.236258896,2.182360608011839,0.9254537436732638,2.1854110066803765,1.0245209109965279
2022-05-31,66110327.51736111,8089755.6161228055,2.244382884747889,0.8721100380253471,2.4031366422361446,1.003897481035764
2022-06-01,69728164.9548611,8627771.320056356,2.156647954725909,0.8959242522152778,2.147053780802341,0.9650100297687499
2022-06-02,71289229.77777778,8763073.345449897,1.8144907751284092,0.9037243622791666,1.8131473931625846,1.060726258126736
2022-06-03,69599506.71527778,8486056.433170129,1.9319417624117203,0.9024888001631945,1.8687317215336219,1.0239523417371528
2022-06-04,81761093.5798611,10293035.891241627,1.8023874183158872,0.9115010610611112,1.9132456719503723,1.0940233030288193
2022-06-05,75099582.0451389,9426089.323101882,1.9683076641601862,0.9168282510111112,2.050419841766475,1.0486918108010417
2022-06-06,77609519.82291667,10217234.233863136,1.7883438373090053,0.9074597884857639,1.8841763122897979,1.1035764728104167
2022-06-07,69350576.74305555,8443098.669271002,2.275010338597898,0.8492675612343751,2.4058398651288186,0.9931033478489584
2022-06-08,62846337.39930555,7651810.876733616,2.064422188009235,0.8905613059329861,2.1901844160209993,1.0074112962482638
2022-06-09,64665645.215277776,7782384.61934445,2.099038565895453,0.8827994287552083,2.264504453368561,1.0474363075729167
2022-06-10,66240662.82638889,7727287.539357568,2.25019432291736,0.8855006870399306,2.3851855249883043,1.0498536213027778
2022-06-11,65824035.729166664,7266722.936606492,2.26497279217938,0.8905221471114584,2.3968874532113635,1.1556137143381944
2022-06-12,63677774.13888889,6393925.792122435,2.3561550712551753,0.8448129437256945,2.390576275177227,1.1483607476225695
2022-06-13,71423282.27083333,6576742.055844266,2.2157499902293925,0.8888054838541666,2.2114793959738503,1.026260186529861
2022-06-14,72560868.2013889,6779026.1247206535,2.240020654246793,0.9395793517739582,2.250636081057971,1.086927169057986
2022-06-15,75297243.9375,6941867.998987467,2.21012425665618,0.8790133604815973,2.2846984576371554,1.0559116857069446
2022-06-16,77521325.84027778,7441552.220761672,2.3468323629288568,0.8674275616496527,2.3436437163374837,1.028689194836111
2022-06-17,81220834.96875,7680012.540186929,2.150513226665934,0.8750445276152778,2.3630316557852447,1.1180646496923612
2022-06-18,83783544.69791667,7466783.856364259,2.034662250485383,0.8932327024555556,2.1710053269549263,0.9756694849885417
2022-06-19,80513252.7048611,7147646.391517551,1.9996707167392387,0.8982103490937501,2.2255878853700817,1.0967670850458333
2022-06-20,79342528.41319445,7304421.561817944,2.1174717165317762,0.8754113836819444,2.217862744724521,1.036824907417014
2022-06-21,69559497.85069445,6678139.120272795,2.164802142198157,0.8877177908652778,2.3611641019032685,1.0618703438621528
2022-06-22,58944060.48263889,5490720.041822366,2.2951231523407625,0.9514000749097222,2.3779217820203282,1.037114468525
2022-06-23,67853131.2361111,6489235.926754329,2.2674716745053125,0.9576432520364584,2.4353704883495246,1.1215977559263888
2022-06-24,70504731.55555555,7063099.007276096,2.1860371005620163,0.9627152984492228,2.3510612118732186,1.1389027563309027
2022-06-25,71644796.98958333,7299362.431487203,,,2.4170978783190713,1.1266472214649306
2022-06-26,69643622.8576389,7183718.664571919,,,2.6385678574645457,1.0410336369805555
2022-06-27,86962881.375,9222974.143071411,2.256341311075692,0.9727860322916667,2.1614177163654897,1.0642387765350696
2022-06-28,153127396.10416666,17035322.555874128,,,1.3186782011329161,1.0536335506677084
2022-06-29,116733343.54166667,11907465.103958633,,,2.5711253090213955,1.028274766926736
2022-06-30,97897948.60416667,9327306.626301501,,,2.585075704269805,1.056652641139236
2022-07-01,86850848.01041667,8312662.484714993,,,2.935818298032086,1.0874793891364583
2022-07-02,88368380.14583333,8539640.009766731,,,2.6287909122485162,1.115214987359375
2022-07-03,82252929.96875,8010854.972102521,,,2.481897446208359,1.0481682050621528
2022-07-04,76956895.7326389,7659970.847145771,,,2.352113685789245,1.031233922459375
2022-07-05,76897429.89930555,7655283.606298645,,,2.3800988798138287,1.0230665841159723
2022-07-06,74812181.0486111,7399049.572945878,,,2.473128870093457,1.0978554729631944
2022-07-07,74996380.57291667,7561577.43778518,,,2.485833939698386,1.0916567821663195
2022-07-08,71933843.9375,7337359.042574052,,,2.481854293000241,1.0456394612013888
2022-07-09,70845788.61458333,7274457.52184525,,,2.5914813584767575,1.2202849874052084
2022-07-10,83506554.1111111,8666216.153629536,,,2.1318951604895817,1.0539163028319445
2022-07-11,131782428.10069445,14181953.650555026,,,1.1812401415882745,1.103284044746875
2022-07-12,115689245.19097222,11992106.9174874,,,1.4705192062546504,1.0667792186760416
2022-07-13,93281426.65277778,9238674.895543193,,,1.9224798171323612,1.0749166061204862
2022-07-14,88730917.52083333,9018417.873622816,,,2.0835026803301826,1.045858919334375
2022-07-15,94348931.78125,9967603.716612961,,,1.8996136351863544,1.0816838669847222
2022-07-16,97080716.31944445,10439680.32963925,,,1.967326434178129,1.019862768585764
2022-07-17,90305112.63541667,9859260.57310158,,,1.8508673674652323,1.074248163704861
2022-07-18,87213423.43402778,9772377.767713644,,,1.9404319717202725,1.0341870629194443
2022-07-19,83375025.80902778,9665867.767658323,,,1.9677287585861316,1.0457073463333333
2022-07-20,81457076.9861111,9439629.302352492,,,2.03806298316885,1.0036040700041666
2022-07-21,72969978.18402778,7894527.192989464,,,1.9806041020007636,1.0783337086260416
2022-07-22,72992361.5625,7981130.861028742,,,2.1010460876786166,1.1308492278204862
2022-07-23,69030423.16666667,7448428.78667295,,,2.1628511701254363,1.08897982871875
2022-07-24,68648395.25347222,7514059.008480327,,,2.2929364067686615,1.1178702025663194
2022-07-25,70225715.81944445,7390323.27286809,,,2.5385597817541754,1.099189292665625
2022-07-26,69568225.72569445,7031262.519543506,,,2.4118830167662058,1.1116499192354168
2022-07-27,71072568.5,7475477.362960473,,,2.183240776934978,1.089803177340625
2022-07-28,81099128.1076389,9348743.364578743,,,1.8716502234278556,1.0531599112708332
2022-07-29,92517644.2986111,11582350.659505181,,,1.8149062162916354,1.04906165229375
2022-07-30,105859473.3923611,13759217.190969054,,,1.859836545397251,1.077049781057986
2022-07-31,92536568.34375,11825908.942348022,,,2.1128354914617997,1.0990327256868055
2022-08-01,121959763.2326389,16883489.76135518,,,1.4512505003086,1.0750114239107638
2022-08-02,174564851.8923611,24621684.391507655,,,1.2093876922970153,1.0176076673034722
2022-08-03,151993777.29166666,20723960.33992504,,,1.979439243329024,1.0427910940819443
2022-08-04,150735258.0138889,21544781.974863134,,,1.7629985166136728,1.0111966372697916
2022-08-05,140204361.875,20287302.881908208,,,1.7808686014671145,0.9735999996996527
2022-08-06,127680165.79166667,18810416.051344376,,,1.862618292971985,1.0806387065802083
2022-08-07,142432579.3263889,21536818.3058193,,,1.6322564567004112,1.0466457934267361
2022-08-08,132398777.77777778,20171837.165522255,,,1.923627736907565,0.9979066818975695
2022-08-09,116907834.0763889,17212652.543075923,,,2.1425152920663675,1.0148182272638888
2022-08-10,110516348.39930555,16351153.148079786,,,2.0785946227543155,1.0054034110222223
2022-08-11,110333910.05555555,16835488.120201077,,,1.8743654626356505,1.0187905923576388
2022-08-12,127775002.3298611,20023558.731567755,,,1.6990450823818575,1.0107953282159723
2022-08-13,140708156.1284722,22615427.405034933,,,1.3996992086427893,1.1018167092145834
2022-08-14,203613772.1284722,36919411.22449841,,,0.7814532068879223,1.079548821945139
2022-08-15,228314452.48958334,43464714.25045422,,,0.6984576285063961,1.0672933141819445
2022-08-16,298622793.09375,62364434.05183097,,,0.4087740661676217,1.0972601366284722
2022-08-17,295926274.6666667,63591259.171076655,,,0.43203006469056,1.1206934390572918
2022-08-18,316470469.8333333,69210411.50103454,,,0.5028624220302275,1.0697485463211804
2022-08-19,267390997.125,53323491.25223599,,,0.7807638962364772,1.0250812242614584
2022-08-20,228368502.03125,41740903.76306108,,,1.2422306825943699,1.014871529154514
2022-08-21,213267961.63194445,39824553.81002846,,,1.206909651478056,1.0439452447430557
2022-08-22,222432000.8923611,43797744.22814385,,,1.0098887941298278,1.0724130074871527
2022-08-23,337083753.4826389,78753763.7780723,,,0.44026863559925417,1.1004007282510415
2022-08-24,335228585.8159722,82309352.99545644,,,0.4966661790398509,1.0674326938656251
2022-08-25,287193879.40625,67243044.04997192,,,0.8086525787395765,1.0420728441208333
2022-08-26,259296317.05208334,58158157.90981676,,,0.9989935984320434,1.0239433348947917
2022-08-27,238270117.7534722,51303265.081928186,,,1.133405086298949,1.0636863036444444
2022-08-28,255334765.9548611,56694826.74227534,,,1.1229880662901193,1.059627362630903
2022-08-29,233779715.4965278,48977135.38873499,,,1.470498655089826,1.0262217345871527
2022-08-30,224037826.96180555,46164458.546730556,,,1.6504167799892793,1.0150705080399307
2022-08-31,246977549.41666666,51897773.61885728,,,1.3785762425383754,1.064697495626736
2022-09-01,223553486.66319445,46817848.08568307,,,1.411581767211743,1.016938374103125
2022-09-02,222755931.9513889,48482308.82644704,,,1.2859340434515,1.045031282910764
2022-09-03,210365242.10416666,46015125.64949863,1.0953321745727405,0.98304643801,1.4169643144546504,1.0457195465947917
2022-09-04,213229524.1423611,45400084.38852589,,,1.6050599454669738,1.0169235911743055
2022-09-05,222996954.39930555,46020595.07402757,,,1.7820033906877555,1.0354530336031251
2022-09-06,214340165.93055555,43050843.973781645,,,1.8215740048025029,0.9990033744611111
2022-09-07,192712784.6076389,36198167.04964363,,,2.0199794028812765,1.0280739760777777
2022-09-08,191777517.06944445,36136915.07333938,,,2.141779835691073,1.014327020121875
2022-09-09,193375472.81944445,38654175.3360611,,,1.8015683083615046,1.0290116786142363
2022-09-10,182225434.1076389,36711333.44987161,,,1.8495492646383849,1.0084741616670139
2022-09-11,183714209.6076389,38143736.804468356,,,1.7549223030529322,1.0014163821211806
2022-09-12,174142094.11805555,35449519.63533489,,,2.3585276385996377,1.002137294254514
2022-09-13,172231986.5902778,34585147.40159188,,,2.2427995373283753,0.9395043471118056
2022-09-14,171573455.22569445,33101358.39522922,,,2.4715334602697108,0.9788795012477353
2022-09-15,174008145.22916666,32824542.711898685,,,2.331292422523498,1.0093757769003473
2022-09-16,189194884.6215278,38300125.381768964,,,1.2906653281550158,1.0614188269878473
2022-09-17,216866125.46875,46812368.258080184,,,0.8834065438210137,1.0797793814670138
2022-09-18,280150502.0243056,65612548.240765296,,,0.5704807610338039,1.082579351320486
2022-09-19,329010008.1145833,78897018.51124382,,,0.5559613109722222,1.052023478298611
2022-09-20,355017765.7881944,86662364.79937544,,,0.5001501087152778,1.0372062113541667
2022-09-21,299987443.0729167,69252790.30635671,,,0.7442004107638889,1.02490888375
2022-09-22,313660829.3194444,77693748.95316654,,,0.606023626350392,1.0591156013857639
2022-09-23,366960024.7569444,99611957.88318191,,,0.4863075277048508,1.0162663127916667
2022-09-24,331425902.9895833,87623522.88915387,,,0.653599545674799,1.0460332155236112
2022-09-25,314489147.3333333,83664588.7626397,,,0.7293576066760596,1.0005363165940973
2022-09-26,272372467.1597222,68853927.7029433,,,0.9680480077350566,1.042670214470486
2022-09-27,273824370.1666667,70158579.17496385,,,0.9071819334544181,1.0216972239489583
2022-09-28,252176638.57291666,60490677.68022101,,,1.3405218226055957,1.0235813343291666
2022-09-29,260095585.90625,61280370.174113356,,,1.5188207161148306,1.0089326116694446
2022-09-30,255987376.20833334,60710856.54292003,,,1.5312468630352627,0.9704500755940972
2022-10-01,275884228.6111111,67182417.01159291,,,1.1217002057629963,1.0809301347048612
2022-10-02,262754918.2222222,60719840.55925569,,,1.781723162921259,0.9985617183510418
2022-10-03,259080207.23958334,56251913.39376229,,,2.2193667019011616,1.0241416749746528
2022-10-04,260553847.125,56899134.66065093,,,2.3890558951326204,0.9683916953652777
2022-10-05,268283682.6527778,58058269.06967226,,,2.390947670405099,0.9912983518180556
2022-10-06,263702519.09375,57051888.78194301,,,2.420177853939947,1.0376254774
2022-10-07,273786617.2465278,59440072.14153969,,,2.462812129757348,1.0268985526534722
2022-10-08,277811582.4131944,60129227.12736634,,,2.5703451176804806,1.0322247689364583
2022-10-09,282333880.2673611,60615605.109591395,,,2.8328187657994603,1.100149963761111
2022-10-10,291692802.6736111,60000373.42528648,,,3.2543135380608366,0.9743930942263889
2022-10-11,285276783.1111111,53974491.18685462,,,3.558990138942761,1.0464413970684028
2022-10-12,270654968.3368056,51902725.55671772,,,3.1762894324246447,1.0332215000378473
2022-10-13,259197039.125,46713008.54558471,,,3.0138041243310174,0.9770305472277777
2022-10-14,239120902.875,44531389.816464454,,,2.4665506391216443,1.0108508048194444
2022-10-15,250815359.3923611,44837966.82635035,,,2.616311037948527,1.1059885713263888
2022-10-16,245923249.80208334,44724367.3241708,,,2.6175594486173472,1.0463549839243056
2022-10-17,245029027.3472222,44892133.534404606,,,2.3686764587222955,1.038485072164236
2022-10-18,240368983.0486111,44253263.44675237,,,2.626121183576696,1.020051354313889
2022-10-19,239686330.44791666,42721752.26550536,,,2.8917951444975696,1.0162896925989584
2022-10-20,248260645.5347222,42011848.83188645,,,3.0776072843038347,1.0146990888149305
2022-10-21,268458552.0451389,46849486.70942187,,,2.3678482352759667,1.0682757587493057
2022-10-22,295958069.2152778,54621524.64006608,,,1.0639591509307122,1.1476802624614584
2022-10-23,262433390.1423611,47719692.27585019,,,1.4856891827729874,1.08814736384375
2022-10-24,256796608.5972222,47819215.53141312,,,1.62487812501731,1.0564738965819445
2022-10-25,280403788.5416667,54407073.19115607,,,1.2009239791322202,1.052519222359375
2022-10-26,257330876.70833334,51317842.794440806,,,1.3152523209991656,1.0477790958552082
2022-10-27,244074502.7638889,48825553.09863918,,,1.3109145147633625,1.0160118679840278
2022-10-28,245417475.6875,47500892.469309196,,,1.6844876538733933,1.0163489087843751
2022-10-29,244815015.03125,48871228.592173055,,,1.661163536186914,1.0380173507854167
2022-10-30,272129646.5833333,57047931.90600216,,,1.4973014588718405,1.027609021959722
2022-10-31,318500662.5868056,71427261.85016082,,,1.029236146831742,1.014792282535764
2022-11-01,287607189.7534722,64592250.86581895,,,1.2430613814010294,1.0112626868319445
2022-11-02,293543866.4930556,68106969.41489969,,,1.1128966629038886,0.9959957392149305
2022-11-03,295085380.7673611,71101449.42824721,,,1.0984007220736747,1.0075918056184028
2022-11-04,267251606.41319445,65288257.15648554,,,1.2130158248820062,1.0154692298145833
2022-11-05,282530984.2048611,74531183.53460911,,,1.06428892901561,1.00844063694375
2022-11-06,323121075.4340278,89856577.13203795,,,0.8883213105353378,1.0515154695548612
2022-11-07,308346670.3784722,84385116.2001291,,,1.040493011112581,1.0094689937631944
2022-11-08,269721157.2847222,66020459.08858013,,,1.8366120870064553,0.9686157267774305
2022-11-09,202445364.11805555,37911385.46667364,,,2.9295963613117086,0.9706057611743056
2022-11-10,165602693.29166666,31049989.492632907,,,2.552813440913281,1.013854697495486
2022-11-11,177595760.4722222,39091354.81960062,,,1.6860392703351081,1.0198763797975694
2022-11-12,166977993.32291666,35630218.001440845,,,1.7881169619555268,1.0128028556680555
2022-11-13,157402875.9097222,31978565.658451796,,,2.0962938543309213,1.0121463326024305
2022-11-14,165249924.1597222,32144175.7244208,,,2.3195248514837643,1.0255655773944445
2022-11-15,180068890.39583334,37465878.17196923,,,2.190352346008732,1.0074289051097223
2022-11-16,258202764.4027778,58841859.20740071,,,1.5739849901521787,1.0164576928069444
2022-11-17,275440172.4722222,63080998.56124798,,,1.6376833069884793,1.0034191817545137
2022-11-18,341008123.7048611,85377878.02214171,,,1.1715638600744835,1.039333956745139
2022-11-19,362219371.6736111,91816609.66161579,,,1.2445364743228624,1.027773256436111
2022-11-20,331469126.28125,73911585.50906783,,,2.1065172710027373,1.0640167625354167
2022-11-21,296166563.1701389,56551492.84811717,,,2.4460309581325763,1.0527332096315971
2022-11-22,298854540.8263889,53308635.619802706,,,2.660463373515265,1.0132806075899305
2022-11-23,287914161.7777778,52191060.12751724,,,3.15973356553533,1.018071328954861
2022-11-24,297515420.0416667,53133828.504864216,,,3.41042869945866,1.0128408143444443
2022-11-25,312546735.1666667,53803753.5549897,,,3.536676036863478,1.0272005138746527
2022-11-26,299225801.6944444,52363054.898447394,,,3.8279324056502384,1.0197842449656251
2022-11-27,301795421.1458333,52294384.576201506,,,4.143259076596446,1.0137088343381944
2022-11-28,312300902.7916667,50667161.289842255,,,3.9194316358192385,1.0434457153149306
2022-11-29,309546737.0486111,50847306.92790542,,,3.812858115879541,1.0297730839868056
2022-11-30,304752221.6805556,50044996.88876474,,,4.2831891506488695,1.0475815361270833
2022-12-01,309600893.9027778,50241666.852265626,,,4.543563975423852,1.0265982522572916
2022-12-02,322617944.0,52990112.27022931,,,4.032446438225333,1.039829164779861
2022-12-03,326110449.7708333,54593463.09700762,,,3.8823656370782578,1.0374872111114584
2022-12-04,325447619.2777778,54199980.12593216,,,4.319983881170284,1.0532694593864584
2022-12-05,322396002.8715278,53411860.4454546,,,4.766416513857886,0.958815855261111
2022-12-06,307706119.5138889,49554400.790709764,,,5.171753463699724,1.0422980130069446
2022-12-07,293580641.8854167,45405449.33653183,,,5.18742863898388,1.0264509937246526
2022-12-08,290253218.6805556,44113975.88421807,,,4.732708949217651,1.0736334708958333
2022-12-09,288041268.4965278,43690528.013218515,,,4.3036483531697245,1.0194499361847222
2022-12-10,304307131.3229167,45707228.35736496,,,4.689402691646445,1.0661568428583332
2022-12-11,307062073.3888889,45901032.42462098,,,4.855230375277735,1.0497544715288194
2022-12-12,303699531.7395833,41667171.25239537,,,4.63143200339,1.0241689022961806
2022-12-13,282760576.7118056,39025644.436448336,,,4.378779821661949,1.0621329311777776
2022-12-14,270049847.7013889,37599529.55289529,3.4568064120411295,0.9759661290940593,3.8785559783432473,1.0422404142045139
2022-12-15,297771371.3402778,41942227.79896553,2.7159629047539644,0.9850437430024306,3.0912696149010515,1.0664808128895833
2022-12-16,283642509.78125,38932741.21091706,3.0134030828820806,0.9961820956131944,3.3802945481010713,1.014114962882986
2022-12-17,250447595.9548611,29481272.610006228,3.0083890992739377,0.9750105190652777,3.7579683469593763,1.0553590357729168
2022-12-18,269983386.1875,32007567.732928105,2.8516166690544225,0.9768650784100694,3.348452795739028,1.0607008343347222
2022-12-19,281000145.8368056,32032216.57563214,2.7033933973587447,0.9413988963524306,3.122474377978,1.0161658986375
2022-12-20,262513751.44791666,29084392.71221094,2.5965110360889,0.9204359261003473,3.0538804480884236,1.0871706737517361
2022-12-21,256839932.1076389,28343661.28230856,2.676672489994303,0.9289290839562501,2.9483186141698052,1.0663604629871528
2022-12-22,251550352.64583334,27837816.428825356,2.6438724286582542,0.9496873545340279,2.9207339179312335,1.1064534691190973
2022-12-23,251792507.0034722,28022067.97315141,2.6476817158014128,0.9645057387611112,2.8143219203228083,1.1566517264125
2022-12-24,252352252.3298611,28177904.76846745,2.45284150613922,0.954445648895486,2.6341784865855136,1.1256851819708333
2022-12-25,246074311.24305555,27261627.392080627,2.519881245079049,0.9422411214923611,2.805108300600586,1.1804758730190974
2022-12-26,257372539.64930555,28211286.989661038,2.842333727526656,0.9352600278940972,3.2864829925209285,1.069468911048264
2022-12-27,256901497.2048611,27799022.652167257,3.154881562573194,0.9593429326760418,3.681680360538161,1.0996518867868055
2022-12-28,263425426.6840278,27497352.175108854,2.9489512638573627,0.9895239118934028,3.440737688749658,1.0551817002559027
2022-12-29,265206806.19791666,27293660.18298899,2.724280420871116,1.0139338962260416,3.1782161119561194,1.1312607487631945
2022-12-30,260194955.03125,26023914.186292812,2.825730816370314,0.9981621216368056,3.3521725870332983,1.059775406679861
2022-12-31,255566467.8576389,25702447.524598643,2.755689837717566,0.9899231237493056,3.1758634363234437,1.2199682720090277
2023-01-01,259371937.86805555,26055908.74778314,2.769649088381308,0.9898760044614584,3.181700142375395,1.123392892187847
2023-01-02,264190689.75694445,26839386.241520043,2.9266325859533957,0.9951791183232639,3.370332040648334,1.0963277256423611
2023-01-03,271417059.5451389,27556259.89362046,3.1626825893424924,1.0074527045055557,3.6749441191086114,1.111793131470139
2023-01-04,250094922.71180555,26056042.29325019,3.0732288798098195,1.0039010057548612,3.5504376186002533,1.0717832125895834
2023-01-05,268034609.3125,29909657.158184607,2.2415332158633903,0.9807586541135416,2.366590919239867,1.0632528233625
2023-01-06,267342208.4375,28859557.698277026,2.8320432338558246,0.9789567591927083,3.0582803533000114,1.0845917092423611
2023-01-07,249441433.1423611,27183334.16538343,2.8788243557610977,1.0070183009277778,3.1102924012821385,1.1272730952430556
2023-01-08,244627005.80555555,26554090.361643266,3.002535984526053,1.0011783226493056,3.4677063197249494,1.104913749745486
2023-01-09,222903485.27430555,25460203.584514216,2.816368607208104,1.0477667805701387,3.24155933494687,1.0130589907819445
2023-01-10,221888242.5625,26702448.309338175,2.36363890733087,1.067726318623611,2.7707074278699295,0.9748079593305555
2023-01-11,211216053.59375,24861393.939187538,2.6673162618500315,1.1043264830715278,3.1464994740315713,1.0410219738357638
2023-01-12,195625980.5138889,24265163.450397447,2.3536975297470235,1.07254242876875,2.6994694216034567,1.0258005683798612
2023-01-13,195822779.92708334,25031744.43846785,2.2934496401340785,1.0517962404256944,2.548555303534826,1.0009110790666667
2023-01-14,166721648.6076389,22808256.31273468,2.476452233145867,1.1525285002958334,2.829085682659267,0.9809619633677085
2023-01-15,165158615.6527778,22605019.21920393,2.5172756546461432,1.2011995996489582,2.7605063654136663,1.0038674646190973
2023-01-16,163951920.85416666,22577362.69656018,2.588802183839711,1.2087398988559028,2.855010677995466,0.9857288820201389
2023-01-17,158444164.4861111,21564065.971722625,2.609885285584922,1.2578881118388887,2.8572490439561817,1.0740367296458333
2023-01-18,154893669.61805555,20624674.62986905,2.6676092333170884,1.2623004900628472,2.9667876316328208,1.0235253900413195
2023-01-19,143394569.75,18086184.44623269,2.5084774400891807,1.2272319026225693,2.871005363461124,1.0863224813777779
2023-01-20,143559129.51041666,18563574.169041343,2.3178782380004677,1.1594387383493057,2.6345306182102894,1.0189415220246527
2023-01-21,151224193.69791666,20721111.496825825,2.4062708208627623,1.190484551721875,2.5874869921324004,1.0241004410427084
2023-01-22,156131467.3784722,21242107.30477742,2.5039215735178866,1.1817740188763888,2.8357788408106956,1.04043123765
2023-01-23,169868294.2534722,23627843.638640076,2.493934292249039,1.2618932890100694,2.825857298982959,1.0874053588886121
2023-01-24,175285809.15625,25605464.44981046,2.429339249575703,1.243508194215625,2.8444702759441562,1.0014700623239583
2023-01-25,166139121.3784722,22300010.25854583,3.0897436248233308,1.1931899842916667,3.7054048719697508,1.0133618964097222
2023-01-26,152430057.5625,20984434.111637425,3.021979790560485,1.186516190901389,3.536854086337913,0.9958873680888889
2023-01-27,152271657.0659722,20731860.637012377,3.2644627598127354,1.1923218680375,3.7840556859089594,1.021710901695139
2023-01-28,154452669.94444445,21379885.347336423,3.1056201952535094,1.2119532842802083,3.55008036872444,1.004706548820486
2023-01-29,149166651.18055555,20729827.38357296,3.0557183803844463,1.2110111350552082,3.6430259164983667,1.0421256381434028
2023-01-30,150635666.2777778,20668574.34995927,3.097355112526898,1.2178645274434028,3.520353836995573,0.9904462376010417
2023-01-31,149150584.03125,19784570.832025263,3.26745520595613,1.219130379373611,3.9832776086117523,1.0239026697086806
2023-02-01,147881666.2361111,19683987.016990524,3.1468579523251883,1.2583046891625,3.7034663989211927,0.9807467910385417
2023-02-02,179521297.85069445,25732909.64205018,2.8165224301850853,1.253627548084375,3.1736585521510454,0.9622506106045139
2023-02-03,191062963.85416666,27172694.51962659,3.1581789914443323,1.3448465984538194,3.6289433889041516,1.0142188279885418
2023-02-04,193880404.7638889,28277506.483650226,2.880755887316106,1.4022930233291666,3.201127372504842,0.9568951695215279
2023-02-05,177975757.84375,25403588.262973536,3.184072731463246,1.442423975134722,3.473783017590251,0.9888757868149306
2023-02-06,168552377.69444445,23557401.129644703,3.2828863488773448,1.4524418826770833,3.734380923517157,1.0203560232902777
2023-02-07,211753433.64646465,32134375.050404176,2.4748693181256387,1.3554250036070707,2.7936018707715653,1.0114626467348484
2023-02-08,258332328.72569445,42362500.89331939,2.143702328314661,1.399566199539236,2.1348782419437633,0.9807495356385417
2023-02-09,227736134.90625,33870307.27924497,3.306254260386474,1.5746949618663195,3.4914883388957145,0.9849609237104168
2023-02-10,197403812.45833334,27098035.658012837,3.3678783275801716,1.5772903463604167,4.104125921239769,1.0407241610305555
2023-02-11,188026649.05555555,25682678.415380657,3.5181797439043834,1.53551289573125,4.377212557303088,1.1358292206392362
2023-02-12,182931802.8784722,25117695.794877585,3.738792129985773,1.4927226030625,4.667248940053564,1.135264701954861
2023-02-13,166726055.6215278,21532655.40081558,3.7750670969745364,1.400098560078472,4.521984247722058,1.03685052049375
2023-02-14,162980715.2152778,21153678.893079355,3.8132778429840255,1.3183421012159722,4.525474534280644,1.0460710486038194
2023-02-15,156224253.6909722,21203400.29645561,3.2339167177253816,1.3218328027152777,3.8467656217055954,0.9883887563524305
2023-02-16,151453882.11805555,21452683.742401563,3.141079611958318,1.3763338494677084,3.616819721612035,1.0180725937211805
2023-02-17,137417362.8888889,19061193.62947026,3.053835650025958,1.3757233339579862,3.6996898010070964,0.9735903666625
2023-02-18,139745287.8298611,19672466.805192877,3.0231550258260516,1.3884828874687498,3.5166904850340135,1.0721759465187501
2023-02-19,142115680.96180555,20088203.437844984,3.174225749997473,1.3814269302184028,3.7217763985861274,1.0003515921125001
2023-02-20,148827938.00694445,21470262.6447121,3.1792037953986583,1.402142787923264,3.7441580876009075,1.0015503423288195
2023-02-21,149568349.1875,21351320.256044902,3.5982658220202888,1.504953046076389,4.188915979921821,0.9503858720618056
2023-02-22,148149933.35069445,20447154.845703788,4.0426174460865845,1.5512768659253473,4.734902771283651,1.0211390654805554
2023-02-23,144784276.5138889,20169951.594077058,3.5992853163838507,1.6372531332138889,4.25646760138579,1.0089970435312499
2023-02-24,146308682.44444445,20194229.937166657,3.4509715727767527,1.586904736715625,4.075598663335344,1.0320246104288193
2023-02-25,142523489.4027778,19117344.703600943,3.643757832824285,1.5458939886659724,4.417576579558275,1.0553301010607639
2023-02-26,135173000.92708334,18176252.20444332,3.6905654711194242,1.5559380429041667,4.448002096254631,1.2187609717430556
2023-02-27,135767870.8263889,18220077.42365216,3.6480368029718795,1.5793361011791667,4.336001570495288,1.0470589133642363
2023-02-28,136779488.74305555,18287898.38810632,3.6043218173337923,1.6123252497559026,4.214735824352914,1.022229424826736
2023-03-01,148650269.3923611,20142619.494495142,3.30045186514564,1.5047594846364583,3.9259662862833458,1.0521719898013888
2023-03-02,165037519.97916666,22221327.484144434,3.856679630019065,1.3424030807496528,4.850176549245812,1.0508696255472223
2023-03-03,144000223.03819445,18128246.68557306,4.1259530051220805,1.3329963303767363,4.797464712063826,0.9802758404302083
2023-03-04,138509883.58333334,17259122.109997913,3.7755690262310413,1.3480315471458333,4.429796746140845,1.0430789679711807
2023-03-05,135345427.76041666,16680649.26634287,3.6808965844473978,1.3238771875559028,4.331585953670956,1.1702290501263888
2023-03-06,140731540.28819445,17132135.788993925,3.744351656976003,1.2973446452871529,4.326606702971616,1.0787767932319445
2023-03-07,142073589.8125,17273779.81668529,3.7496353156216307,1.341913690964236,4.400068101602688,1.0363193863302085
2023-03-08,145771664.6527778,17129427.697975125,3.872481805857969,1.2877000239850696,4.627725135335533,0.9694937286079861
2023-03-09,149767148.7777778,16661033.690595478,3.5700005146214204,1.2030038381072918,4.447492384766769,1.045985583998264
2023-03-10,144832666.30208334,15362804.327822784,3.2910048476641043,1.2371430236864582,3.8691921530693674,1.0641167874604167
2023-03-11,135036344.57291666,14607070.121515803,2.9043940641487307,1.3057122651732638,3.2134543684794044,1.020873498684375
2023-03-12,134258977.64583334,14640827.224974027,2.8862611868981274,1.3356208241385417,3.0841215322421878,1.1074167641434027
2023-03-13,132535985.7048611,15327287.417173902,2.8455240125694443,1.3907879737152777,3.190805051284722,0.9761356007638889
2023-03-14,134838670.9548611,16196473.54466059,2.6560251729446724,1.3404073900194444,2.9781729273256605,0.9983713938947917
2023-03-15,129697273.52777778,15410794.250492133,3.069008139304782,1.293964388985764,3.3377108342079223,0.9929335258993055
2023-03-16,120874815.01041667,13997801.497101137,3.3034104316867827,1.249654212145139,3.6402169705248935,1.051101739089236
2023-03-17,117240609.55902778,14005173.23590172,2.686141885383202,1.3123225752329861,3.0644598016852083,1.048539631261111
2023-03-18,126899337.24305555,15629297.130934017,2.803057459625382,1.3277234086399305,3.1565502183258287,0.9988054569461805
2023-03-19,122854529.1875,14852009.160212656,2.7073650282849657,1.3209827684690973,3.139063042321583,1.020671590009722
2023-03-20,122637430.96527778,14720743.005714703,2.875175350123624,1.2878582194885417,3.292247745651947,0.9805441209569445
2023-03-21,119692904.55555555,14283189.695367768,2.7837714824058435,1.2726976289795138,3.160916174503505,1.0092335573930555
2023-03-22,122179474.8888889,14786039.668706775,2.7178741170286407,1.3022002179333334,3.0818736254377272,0.9717016607756944
2023-03-23,118839394.30208333,14389034.964674203,2.6087776154388838,1.3036022525923612,3.0185198581114356,1.04327612308125
2023-03-24,121225123.44791667,14502187.530683765,2.8555203753955105,1.344693862132639,3.2212065485684986,1.0115982590350694
2023-03-25,118818460.86805555,14144599.811644439,3.0079868054557197,1.365057057284375,3.344390445160732,1.0089119757649305
2023-03-26,123070227.7673611,14727488.693355296,2.719799453509738,1.3750499204600695,3.0684544640612286,1.1627845613614582
2023-03-27,128944114.65972222,15024431.398260348,3.197254469793142,1.3493485387756943,3.526792650653921,1.0024691992291668
2023-03-28,128933290.53819445,14709686.986188963,3.33522950953964,1.3169738944395835,3.796557621066125,0.9880211893430556
2023-03-29,134539291.2326389,15831243.432636095,2.5667953365996303,1.4027069833743055,3.084845519029399,1.0376050238236112
2023-03-30,142610202.79166666,16741159.980047831,2.9408573598565027,1.4095475260760417,3.47438353147608,0.999423284323264
2023-03-31,145878710.4826389,17241793.059339914,2.6842869665614284,1.397273434495486,3.2135127042208933,1.0065106691722223
2023-04-01,153305585.80555555,18450486.666384634,2.2386530920769574,1.4053987227559028,2.5901836115820545,1.0777367251413195
2023-04-02,153600123.20833334,18468579.70466279,2.378685663939849,1.4632949435517362,2.7918887091200233,1.0119324729572918
2023-04-03,153898143.2986111,18299391.7868598,2.6861327204376484,1.465705501484028,3.161462997412261,0.9431452922434028
2023-04-04,163095814.22569445,20398967.59441276,1.8810730363174908,1.4360875495958334,2.1837949438331297,0.9913283735652778
2023-04-05,167071462.08333334,21226617.432795655,1.9718430448252124,1.3908019170541666,2.341809095502578,1.0432868765649306
2023-04-06,179376919.8576389,22933898.842913598,2.2094847080679374,1.3442431723854167,2.5722304141299577,1.023915038579861
2023-04-07,184437121.19444445,23484431.940660138,2.2763458773762215,1.3607258750791666,2.674140336836522,0.9688392971357638
2023-04-08,256786045.80208334,34873399.62888695,1.3126274865671963,1.1937219533475694,1.2897807758501714,1.052918982501389
2023-04-09,228214729.96180555,30165466.95495195,2.3841145375112296,1.1744964583965278,2.310520963671325,1.052486439825347
2023-04-10,210217828.15625,26351756.19179773,3.4535388292251508,1.1617261580711806,3.6253529696977913,1.0402797325416666
2023-04-11,200859544.21875,26751672.855747,2.303233416340854,1.1960070567684027,2.715087281259776,0.9703314555048611
2023-04-12,188986228.72916666,24231599.55118554,3.65558194939672,1.240979984270139,4.007632211713438,0.9986079156270833
2023-04-13,193465616.0798611,25126657.701626275,2.8851648240519427,1.282453394878125,3.3349026152780077,1.0426095231111112
2023-04-14,200874654.0625,26763208.118027125,1.7391703166638834,1.298259180585764,2.1286426820073086,0.9883366861475695
2023-04-15,206019330.48958334,27368087.71739402,2.0025526158197775,1.3063504632885417,2.37806213608304,1.0220957887027777
2023-04-16,202320598.13541666,27142742.897440918,1.793733998494923,1.31701373855,2.1878982954570434,1.004720610736111
2023-04-17,210390149.55555555,28671354.865678385,1.6738259064741035,1.3403414572652776,2.1079180723058464,0.9804565785232638
2023-04-18,208015443.6701389,28533867.296471868,1.6345803834271344,1.3619597050100696,2.0742965809433587,0.9602878222996528
2023-04-19,193866601.33333334,26306075.901048295,2.645260538913819,1.5293190049447916,2.8356724621160856,0.9663828121256945
2023-04-20,185904955.8263889,24187576.915024437,4.371006922636179,1.5422495996111112,4.540619091601086,0.9682609190034722
2023-04-21,178560038.43055555,22489641.314688098,4.775495102758426,1.5385271865861112,5.0217505726683855,0.9515454112951388
2023-04-22,170724742.5625,20610613.81514676,4.54861746670024,1.5610910253111112,4.806407009833116,1.0979772758805555
2023-04-23,171018730.10416666,20667175.294223666,4.544132706657525,1.5690188166975694,4.711201537411247,1.023758008671875
2023-04-24,167994358.5173611,20335463.245323364,4.027073546315327,1.5431085600944445,4.2126340063880905,1.024592505820486
2023-04-25,186493213.75,23362611.209462307,2.413060480796915,1.2656526042069443,2.449146919359629,1.0671552797364585
2023-04-26,188381272.28819445,24130737.51048769,1.351520856199227,1.1685850456770832,1.5440120559133943,1.042217778745139
2023-04-27,179835815.08333334,23002505.30649302,1.1811408753460382,1.1871685471243056,1.4328737954207438,1.052207314959375
2023-04-28,181821615.0034722,23241377.91972758,1.255896439359908,1.2249911716520834,1.5210434944521198,1.0597487968756945
2023-04-29,177984202.4861111,22723029.47490259,1.4508852180531462,1.2577622643024307,1.7564295398948524,1.0856515092388888
2023-04-30,177104948.19444445,22487345.362572476,1.4334840788695482,1.248818083954861,1.7753536610031735,1.1019043966663196
2023-05-01,173058548.5486111,21803065.75039835,2.433819610924715,1.2727555004677082,2.7090483489087975,0.9958404702854167
2023-05-02,180539093.54166666,22787723.318599805,1.5737977185892496,1.2873516275739583,1.9097673358454612,1.0530444839340278
2023-05-03,176387296.83333334,22407878.514637753,1.3159407371965635,1.2877298806354167,1.6545311129339295,1.0224077992857639
2023-05-04,181653365.4722222,23430416.18515999,1.0451448076843184,1.3114641674489582,1.3366651894313781,1.1078680190854167
2023-05-05,178395256.4409722,23056662.22686207,1.082207774948949,1.3071230819805555,1.407780849218647,1.0581290321197916
2023-05-06,174369431.83333334,22166575.509212032,2.0285140751526747,1.3125519746135417,2.3197487517704656,0.947919364792361
2023-05-07,173079174.3715278,21711004.032596815,2.908295276881113,1.31657585370625,3.213692536658822,1.08146553645625
2023-05-08,168989998.85069445,19908766.61700057,4.768385998564543,1.3926941877243055,4.870539306913541,0.9416574239677082
2023-05-09,174454060.97569445,19722289.420303766,4.987982173942185,1.3658468930552083,5.0720953007184235,1.0738827500260415
2023-05-10,188659742.78125,20941284.44098132,5.106071563149205,1.2763563480892361,5.171721482353816,1.0621514564739583
2023-05-11,200912386.0486111,21661301.682419196,4.78951889660941,1.2303346176124998,4.7714627002391605,0.9902370867732638
2023-05-12,199284493.07291666,21057474.343887083,4.5137705482234045,1.2877726011368056,4.360188024951349,1.0654404574729166
2023-05-13,204695419.3923611,21717408.41266533,4.514868861860489,1.3623229068180556,4.424939029435189,1.1045694666055554
2023-05-14,203627052.49305555,21621217.382881314,4.541069236295472,1.3863893160409722,4.517037380255972,1.1361547824583333
2023-05-15,207396939.0659722,22375204.849529013,4.045085460045183,1.4370289145059028,4.125148362189806,1.041973853451389
2023-05-16,206679430.05555555,22255475.88122187,3.5466163766890206,1.4509370385840277,3.7159780710864374,1.0464190920916667
2023-05-17,208406699.0486111,22463001.890273906,3.2315458239570334,1.5357754668124999,3.4462769717820856,1.0508725038680558
2023-05-18,209305373.04166666,22461556.946011342,2.8848805657630483,1.645508489779861,3.192528944410955,1.0491359048416666
2023-05-19,206104102.85416666,22093664.978887126,2.3534120638084923,1.5904032637565972,2.7055224587762625,1.1481905596034723
2023-05-20,204193594.13541666,21841934.065806683,2.4244770558997297,1.5776828825552083,2.803580051179609,1.1347825462409722
2023-05-21,206374798.3611111,21877431.371594798,3.6761176907047144,1.5450153249517362,3.9180200998697603,1.1489063099795138
2023-05-22,217855149.39930555,22755358.699470464,4.345685531450008,1.491813377479514,4.559092100293829,1.1342078112427083
2023-05-23,221938432.2638889,23293347.900806714,2.78446123520379,1.5192255462822917,3.164385398108491,1.3588610365187501
2023-05-24,237353254.16319445,24197624.98556437,5.74572524216309,1.4871888272989584,5.72524479805837,1.0385534910440972
2023-05-25,247118488.66319445,24746540.60085509,6.178115271876972,1.5288102377284722,6.1115536979112655,1.0556143031850693
2023-05-26,264991156.80555555,26339729.17500762,5.976105335466277,1.4584778272461805,6.082221108924722,1.1431349990673612
2023-05-27,269936180.5277778,26934768.889169823,5.7969362127330735,1.4674550415083332,5.922273692973231,1.4498610987972222
2023-05-28,266663346.875,27003069.333572745,5.052181826783258,1.4978798021732638,4.98509561996806,1.155607921732639
2023-05-29,248062290.16666666,25230278.86026535,3.3287245472083846,1.5385890096559027,3.575655020645625,1.0350700771892363
2023-05-30,250960622.2951389,25230788.295589317,3.5681809088464513,1.46473186559375,3.87527157805742,1.2055625115670139
2023-05-31,264689463.30208334,26165711.774847526,5.582868555887662,1.4880513120444445,5.629374566085634,1.0861807373236112
2023-06-01,280009577.3263889,27783114.074513555,4.8516416515552825,1.4474445215288194,5.129475970467707,1.0316364956833333
2023-06-02,276596838.1944444,27989315.631609842,2.2614739284489698,1.380258774701736,2.719911148352967,1.1418930886309027
2023-06-03,280118244.84375,28270089.693441104,2.338637830101629,1.3671983890489583,2.7841753544320884,1.1397896327829862
2023-06-04,272807846.7326389,27910508.91970237,1.891697509501488,1.3840918423541666,2.3239198660222984,1.1314903118638888
2023-06-05,265146236.8472222,25943698.805416796,3.285848727442692,1.4175193774420138,3.5318027219587567,1.0165182254885416
2023-06-06,270075572.4375,25342255.605276603,5.3108071535574055,1.422229553438889,5.206277942420409,1.0195386201944445
2023-06-07,291265196.5277778,26318000.024544,5.767884552236854,1.4541534470697917,5.459618780870403,1.1084078187444444
2023-06-08,327334673.0902778,28462075.618469413,5.183158589837175,1.4329108471038194,5.215558403546631,1.1627089124871528
2023-06-09,330066245.3958333,28801288.175444882,5.124521743729545,1.4257560878274305,5.198800822383631,1.12968215801875
2023-06-10,236647830.57291666,17075815.028285526,3.4773532459381586,1.122179131512847,3.42648429862573,0.8894626399895833
2023-06-11,180883920.3090278,12369972.910713973,3.018285343984944,1.1946052538923613,3.0472941451920477,1.0857619698777778
2023-06-12,186929733.65625,12570963.402560003,2.7493615239695135,1.137924185761111,2.7218184442834334,1.0529997739652779
2023-06-13,185347109.0486111,12573267.175711162,2.833454688812913,1.1528692843791668,2.8650029714832574,1.1158082411128474
2023-06-14,175078351.23958334,11824753.36384572,2.8974100314116793,1.1898493411725695,2.9321897220900954,1.1769736809527778
2023-06-15,166281573.3298611,10904018.065391187,2.6088467496318577,1.181461226228125,2.7570116124695567,1.0271131479166666
2023-06-16,174514121.95833334,11620106.777387692,2.8104577612849733,1.1811907241843749,2.9144715904795784,1.1850739830503472
2023-06-17,173564249.86458334,11841232.971468009,2.6942798433327355,1.2204142929458335,2.821787204143778,1.323851475264236
2023-06-18,173361536.35416666,11828612.527766686,2.5035387427678226,1.2198224542319445,2.679547598789023,1.2206775923177084
2023-06-19,182185603.5034722,12297017.526028397,2.6988675867104766,1.2546687805760417,2.836543223102707,1.172679438303125
2023-06-20,190466981.70833334,13103628.695200492,2.713733517250179,1.27684701154375,2.732272344963492,1.1409352226159721
2023-06-21,182765843.5173611,13288292.665583141,2.3946747601152656,1.3649552510715277,2.499925970987151,1.0138321493552083
2023-06-22,168722923.22916666,12741261.494067352,2.123337128774695,1.409827984540625,2.2717492383606213,1.02348777898125
2023-06-23,157966375.58680555,11980334.524038494,2.0291069119259593,1.3607591329059028,2.183808239516261,1.0618947358354167
2023-06-24,155985241.4097222,12219031.090934245,1.9949749639977539,1.3436626241184026,2.0893761063779848,1.0579597220395833
2023-06-25,156596515.1597222,12608467.726900162,2.0600922177985352,1.3223639578968749,2.1880127977628114,1.049108165095486
2023-06-26,150528180.89583334,11755552.962516423,2.715573220486314,1.3431181368361111,2.7260676564825097,1.0549700281725696
2023-06-27,145329152.89930555,11273239.80188068,2.599217191323996,1.3509356642218748,2.6783522436677454,1.0950619751586805
2023-06-28,146564793.125,10911312.435139054,2.8464979109121633,1.3557160353444444,2.854807767404784,1.041265286585764
2023-06-29,143931054.9652778,10641219.407418465,2.7562630153742855,1.3391042957284722,2.8220941530162236,1.062271487379861
2023-06-30,141085680.53125,10613413.635279082,2.5048272304166805,1.358387872035764,2.635191549135964,1.0363684161645834
2023-07-01,140955298.76041666,10799953.314977348,2.0988348518749875,1.4137743679618056,2.233625631446737,1.1393495606059028
2023-07-02,149555388.5347222,11615869.378072167,2.1567737206821693,1.390450184971875,2.269086326792665,1.0261096491375001
2023-07-03,148549654.9652778,11738106.268834956,2.195505759291781,1.411366627472222,2.332522190008523,1.1113195395114583
2023-07-04,150628033.6527778,11943186.16425994,2.1660733373767957,1.4132654739590278,2.2306033489070427,1.0813007092381945
2023-07-05,152352872.125,11943273.039959181,2.2034451793968097,1.365114395588889,2.3266405807098822,1.0749642921263889
2023-07-06,142970655.4027778,11013835.948247738,2.6296640481817213,1.365541142746875,2.723936043377788,1.0177386493559029
2023-07-07,150874057.73958334,11458892.0782265,2.855598018290117,1.3283359319381944,2.792837286971322,1.1230018106565973
2023-07-08,158147843.2951389,12058768.749587052,2.7283313338693604,1.2845217152541666,2.581927069624595,1.1330976190232638
2023-07-09,157035692.97569445,11980424.041748382,2.667520161007881,1.2719672328739584,2.5673038585553716,1.2194830892527777
2023-07-10,153702160.9826389,11680795.940004982,2.588597419513889,1.30005343,2.459276070451389,1.0775701389583334
2023-07-11,149799179.0277778,11430239.772683952,2.563119708472222,1.3323992930555555,2.4886267799305557,1.178980388125
2023-07-12,164165079.2638889,12718991.329818608,1.8015408814236114,1.3121425381944443,1.8559488153472223,1.207866328888889
2023-07-13,167034167.0034722,13153308.248923652,1.8272076599305553,1.2998544442013888,1.9104896848263888,1.1649694147916667
2023-07-14,166475060.7013889,13765137.653765224,2.0957705497916668,1.3539577983680555,2.0582181922916667,0.9973780955208333
2023-07-15,152237102.9826389,12391322.080439663,2.161137044409722,1.4156933459375,2.086497334548611,1.1005787730555554
2023-07-16,151932940.0590278,12307683.636259498,1.9986402899305555,1.4166493091666665,1.965576105763889,1.1278392071527776
2023-07-17,148523798.9097222,11916423.148080977,2.2045194373958332,1.4434313622222221,2.2764841048958333,1.0403797958333334
2023-07-18,152013300.8402778,12115812.27085206,2.5317949930555557,1.4421259520486112,2.564116543125,1.0247814752083333
2023-07-19,154310067.05208334,12226351.311987326,2.643065059236111,1.408544897222222,2.7535596591666667,1.1027280507291666
2023-07-20,164468692.19791666,13052749.242422212,2.594505168888889,1.383250558923611,2.7362322031944446,0.9895996210416667
2023-07-21,167237923.47916666,13281610.788824882,2.2499677395833335,1.478730341736111,2.426965641875,1.1527492365625
2023-07-22,164515085.38194445,13010721.309844114,2.352325516527778,1.5144421312152778,2.5972053537152777,1.0982341593402778
2023-07-23,162098063.2986111,12863419.590258375,2.2075591159375,1.4992564507638888,2.4587628232291667,1.128001756875
2023-07-24,162315715.1909722,12619819.817786517,2.8127632124652777,1.4266402948611112,2.903977719097222,0.999069647986111
2023-07-25,159729470.28125,12313073.718643695,2.776625081666667,1.3899680740277778,2.7316126155902776,1.1685054941319446
2023-07-26,161781017.5034722,12370284.541835265,3.1078615778819443,1.3554233385069443,3.0182506986805553,1.0884682008680555
2023-07-27,160777597.4826389,12439838.479253292,2.536737537743056,1.3230415822222221,2.562579306840278,1.1005488344791667
2023-07-28,163947731.13541666,12670618.026854651,2.2743388336805554,1.2911381578472223,2.251716981388889,1.215259918888889
2023-07-29,180033999.55208334,14218452.131601494,1.7757322869444443,1.2471888687847223,1.838323513888889,1.3350788290277777
2023-07-30,182842094.66319445,14408320.444829592,1.900763176215278,1.225470055173611,2.0500115779166665,1.0431144234375
2023-07-31,160064318.35069445,12454848.574964866,2.8213335040625,1.3045914375347223,2.8186234271875,1.1396083234722223
2023-08-01,153914526.86458334,11829211.900705328,2.8914737267708333,1.3598236527777778,2.9089328618055554,1.1169774095833334
2023-08-02,150214153.9861111,11587753.785119168,2.7992365897569447,1.4217236887847222,2.8228531573958335,1.2249052910416667
2023-08-03,150044027.0590278,11528249.231242102,2.8983382088541667,1.369577492465278,2.946773357326389,1.1346516590972222
2023-08-04,152104694.7847222,11715082.731414996,2.9611437471180557,1.3758312495833334,3.0726148133680558,1.1557720210416667
2023-08-05,155841288.56944445,11878609.875499086,3.185182875173611,1.366424097048611,3.2999662016319444,1.9110593946180556
2023-08-06,155704836.4861111,11990765.298145516,2.9347999973263885,1.3744292970833334,3.0107563142708336,3.175307609722222
2023-08-07,157377429.65625,12040257.25151335,3.2432624122222222,1.3914258296875,3.278182409930556,1.31588744125
2023-08-08,155657291.6701389,11817877.498489236,3.4218439403819447,1.3645911323263888,3.510712733784722,1.2344713921875001
2023-08-09,155023842.6597222,11826110.20241585,2.887823278850174,1.3103731661324043,2.912198628989547,1.3251073802083333
2023-08-10,154478674.7638889,11740005.932857372,2.953129110659722,1.3139223711458332,2.9139694438194446,1.30174204875
2023-08-11,155193931.76041666,11689610.733838014,3.127082670520833,1.3431094045833332,3.053727900277778,1.2795496358333334
2023-08-12,153617557.7534722,11704464.72286769,3.0234762261805557,1.3438143550347224,2.9712178958680555,1.4282547302083333
2023-08-13,155339073.8715278,11876709.700172774,3.066965365277778,1.3451873296875,3.0872763485416663,1.6680514709027778
2023-08-14,157889582.22569445,11953441.58743538,3.375309007048611,1.3420342349652779,3.533689869791667,1.4945820446875
2023-08-15,160356242.06944445,11883847.560993984,3.592115897430556,1.319332943125,3.6859908970833337,1.1808180223263889
2023-08-16,158213729.7152778,11001971.566913476,3.590732484166667,1.314253127951389,3.6049371406597226,1.1279105157986111
2023-08-17,157318849.0451389,10685936.237977806,3.1966738518055555,1.2585826164930554,3.3048991282291666,1.0733027021875001
2023-08-18,129899843.65625,8249847.063313141,2.637293525694444,1.3126832443402778,2.6608755462152778,1.1138480279861112
2023-08-19,122877579.05555555,7869082.06080968,2.496850142673611,1.3315874794791667,2.5285448896875002,1.2103658663194445
2023-08-20,122347025.94097222,7954419.558305836,2.3476887792708334,1.3359285904166667,2.342869870798611,1.2980165163541666
2023-08-21,120869159.4861111,7774617.755312539,2.3988640969444446,1.3689814705902779,2.3311208339583334,1.0975515059027776
2023-08-22,123881797.61805555,7815658.352908332,2.5797780980208334,1.3716394444444444,2.580373917638889,1.0897466862499998
2023-08-23,125762173.3298611,7959979.848713517,2.6719532916666666,1.3882086614930556,2.7014394156597223,1.1662423894444442
2023-08-24,125893763.22569445,8012906.522007706,2.522322232673611,1.4089495988194445,2.5305513137152778,1.305483959236111
2023-08-25,125131179.56597222,7830671.348817446,2.5653962153125,1.3885421368750002,2.6325033597569445,1.1676758213194445
2023-08-26,124014734.80555555,7820905.046994884,2.347343333263889,1.3750855386805556,2.4420295962500003,1.7163769188811189
2023-08-27,123573543.4201389,7720231.337032859,2.4837508872222225,1.3727214696527779,2.5863390846180554,1.559060678472222
2023-08-28,127473697.4548611,7810097.833981618,2.893399462291667,1.333072220659722,2.8999130138541664,1.2344833373958333
2023-08-29,132641708.81944445,8185092.812913588,2.7380054891319445,1.2545460179166668,2.779318108298611,1.123178729236111
2023-08-30,129985318.71875,8212408.459880403,2.2685375170833333,1.3516297770833332,2.276872168784722,1.2053699726736111
2023-08-31,127746154.3576389,7923250.171845499,2.6578664433680554,1.2867708046180555,2.7018543836111113,1.3559012127430554
2023-09-01,128779289.33680555,7753524.285009723,3.1302458726041666,1.2804944547569446,3.190714707291667,1.1079975174305554
2023-09-02,127246702.4201389,7590579.690282386,3.21413356875,1.290670657361111,3.252941838263889,1.441621833298611
2023-09-03,122648369.46180555,7326518.69297922,3.2815551970138888,1.2914563267361112,3.3248331580555557,1.5327614110069445
2023-09-04,123523916.56944445,7382394.085420221,3.1585383784375,1.2584167659027778,3.206022464201389,1.220582369548611
2023-09-05,126144555.31597222,7491997.931095658,3.3333320998958333,1.2589128110069445,3.363909623819444,1.1891045578472221
2023-09-06,132936240.1388889,7893705.828609314,3.362596762465278,1.2340814363194446,3.392866250173611,1.3416580354861112
2023-09-07,134981835.86458334,7991436.133525539,3.295333506527778,1.211422113784722,3.344342806388889,1.279221064861111
2023-09-08,134348980.5972222,7954098.982595791,3.314767500208333,1.2049302944097222,3.344188001111111,1.5508513283680554
2023-09-09,133888178.4375,7914838.620155524,3.3810929184375,1.1983054228819445,3.4138815401041667,1.7923607581597223
2023-09-10,136080711.6388889,7861590.231400321,3.1701895670833333,1.2052375199999998,3.1496000195833336,1.1675285069791665
2023-09-11,139410089.08680555,7814249.783598643,3.3288047681597224,1.198691287048611,3.359919058611111,1.1295335336805554
2023-09-12,144200205.0596491,8088188.859689416,3.4406286759649123,1.2094954803157896,3.45547100277193,1.1090650215438596
2023-09-13,139852784.3611111,7833464.800736487,3.5016138383333333,1.2404528837152777,3.534521700277778,1.4075570574305556
2023-09-14,136334599.38541666,7753113.24533195,3.2783603572916666,1.240567865625,3.350277631284722,1.1658386531597222
2023-09-15,143354514.4409722,8342273.176534908,3.0962955964930554,1.175394954826389,3.164944215590278,1.1545163529513889
2023-09-16,136434999.6284722,8112005.951244729,2.5146669911805555,1.2927111858680556,2.576768331736111,1.095415273576389
2023-09-17,134333310.6284722,7780191.766600253,2.7310686014930554,1.24098856,2.713724897361111,1.1725308206944445
2023-09-18,136100923.2673611,7958769.778145371,2.444638712951389,1.2368063175000001,2.527482249409722,1.2366134039930554
2023-09-19,130503182.7361111,7714820.801539938,2.3608109741319447,1.2344413030902777,2.4518035077777776,1.3377147505208333
2023-09-20,126096709.53125,7448464.4547107965,2.3508461488541665,1.3459958876041667,2.434836862118056,1.243212396215278
2023-09-21,126522574.6111111,7428125.181779177,2.546565048576389,1.4138865568402776,2.5911682638541667,1.0531672585069445
2023-09-22,126902597.81597222,7447055.555624861,2.5898140222222223,1.427092476423611,2.651313080451389,1.5371676055902777
2023-09-23,132051475.58680555,7690056.082788186,2.8435956902777777,1.4018895334375001,2.8978825630902776,1.8049973792013887
2023-09-24,137132446.19444445,7920777.462309618,3.0071637440625003,1.3844684759375,3.0551418262847223,1.8396639698958335
2023-09-25,141369910.7361111,8150351.1729240585,3.2977670849305554,1.369243918923611,3.2593985868402777,1.6266032709375
2023-09-26,141528761.72569445,8161693.834745488,3.037956159583333,1.3708921214236112,3.0597929499305554,1.4864810002430555
2023-09-27,136852598.16319445,7864281.20517531,3.205149265347222,1.3562908519444443,3.2026123839930554,1.7524909665625001
2023-09-28,134026896.625,7762062.886930727,3.0486278952777774,1.3728926680902778,3.0624349899652774,4.480295727048611
2023-09-29,134729608.77430555,7955839.15164999,2.673703271111111,1.8222244510069443,2.6565161097222223,1.27424154875
2023-09-30,171215989.2777778,10554942.032021001,2.002623735625,1.4977483946180556,1.9735812090624998,1.2692201580902778
2023-10-01,166531913.71180555,10514494.446467556,1.8292178331597222,1.3905600792708332,1.8949759707291665,1.093683105138889
2023-10-02,158019845.0347222,9934907.55806948,2.0360633933680554,1.4045212923263888,2.036150980868056,1.135279830138889
2023-10-03,148212616.17708334,9075313.427589811,2.478673790833333,1.3660215556597222,2.517232259513889,1.1440389732986112
2023-10-04,145115965.6076389,8709345.775878517,2.637447944027778,1.3208604653819445,2.704962248680556,1.2049020300347222
2023-10-05,140976885.8923611,8549043.244717741,2.3608202956944444,1.2924229210069444,2.4035895248958337,1.3960470075347222
2023-10-06,141417174.4548611,8473030.866300479,2.455278748645833,1.2919789207291668,2.4852478415625,1.2588995855208334
2023-10-07,140344139.4965278,8440595.31248381,2.4052225220138888,1.3081104976041666,2.4839252719444445,1.6546355160763888
2023-10-08,140816662.22569445,8433328.66578999,2.5234893657638886,1.3153735854861113,2.631498704722222,7.600811326805555
2023-10-09,143086291.4722222,8256600.632542999,3.157957541979167,1.3231860082291667,3.2871270990972223,1.2216282127430556
2023-10-10,143083566.4027778,8080371.761501204,3.107638532673611,1.282233882986111,3.327743432083333,1.5835149036458334
2023-10-11,144931747.6701389,8108386.952271687,3.047816138263889,1.264185243125,3.208570250590278,1.4441926774305556
2023-10-12,144806230.9965278,7915730.03219551,3.239633273784722,1.2444960979513888,3.375583557569444,1.1869880785763889
2023-10-13,138563819.2326389,7588002.303036009,3.1644887616319446,1.2529683718402778,3.3098420521875003,1.216112739826389
2023-10-14,138854693.38541666,7676401.8282971,3.1822627521180555,1.2799338292708333,3.2479150986805556,2.393340915729167
2023-10-15,139443400.47569445,7761443.322443004,3.370516898888889,1.2822864421875,3.2306872777430558,1.3710886115624998
2023-10-16,141972452.07291666,8045237.147897429,2.7752726330902777,1.2379587297916668,2.7288271166666664,1.2686326344444445
2023-10-17,149189123.6701389,8344163.876847208,2.9853664130555555,1.2491070458680555,2.844198612638889,1.445440086076389
2023-10-18,166149836.88541666,9488027.754393771,2.052645542013889,1.1275539536111112,2.128381916284722,1.075963216840278
2023-10-19,168094471.72916666,9364800.839670522,2.698697316875,1.1508165578819445,2.749261129201389,1.2714689702430555
2023-10-20,163953129.9513889,9529290.383065935,1.8691776519791665,1.1204799002083332,2.0569771123958334,1.2295547254166665
2023-10-21,170374255.10069445,10211407.325420778,1.7744526348958334,1.123897014236111,1.967784315034722,1.1146514958680556
2023-10-22,174467323.36805555,10656790.737384574,1.8267212129513888,1.1530344152430556,2.001325025520833,1.083774956701389
2023-10-23,204793262.1527778,12957805.719258897,1.7012706150694443,1.0752326215624999,1.8844310961805553,1.055356158125
2023-10-24,191020789.69791666,12677469.521266293,1.7204982590277778,0.9069008134722222,2.0048935181944447,1.0575320768749998
2023-10-25,191860012.8298611,12627876.737782715,1.6924211426041667,0.9162581954513889,2.0111718472916666,0.9804497443402779
2023-10-26,192465694.06944445,12628469.978704702,1.7461726979166667,1.019124566736111,2.0911965219444446,1.094860198888889
2023-10-27,172553178.0763889,11006943.968344789,1.874040208923611,1.1944605875,2.189368403125,1.1388557491666667
2023-10-28,174752076.2465278,11377252.901636126,1.7007561883680555,1.2247280411458332,2.12745815875,1.0511946994791665
2023-10-29,173915511.85069445,11482530.669905566,1.7115631647222223,1.3011963149999999,2.1114130855555557,1.1355333869791666
2023-10-30,164649467.31944445,11061473.03474984,1.782227878472222,1.332974349513889,2.1794121468750003,1.1881507494444445
2023-10-31,166878720.83680555,11127893.62678302,1.8643900140972223,1.3708538886111112,2.2089422119791666,1.0591531416319446
2023-11-01,169042674.5277778,11279836.985343104,1.7587269619444443,1.4235413047916667,2.1016229372569444,1.024897829375
2023-11-02,163042617.6597222,11440956.703089109,1.8661693108680555,1.4189430099652778,2.1991635764930555,1.0063450448958333
2023-11-03,154766563.9201389,10706428.49229745,2.2282937184027776,1.4189673532291667,2.5499835465972223,1.0677588992708333
2023-11-04,161845108.1215278,11466491.318540784,2.044226619340278,1.3807711221527779,2.344295034340278,1.0416158641666666
2023-11-05,159690935.26041666,12079251.080822725,1.8239168757291668,1.3134231432291665,2.0791468819097223,1.0682907197569445
2023-11-06,167975895.85069445,13336263.679140331,1.7886615261805556,1.1973206610069445,2.034470807638889,1.0321646112152778
2023-11-07,156588655.22916666,12208599.776703224,2.164896198159722,1.402839081111111,2.2926012694791664,1.011009477326389
2023-11-08,154315916.02083334,12137905.972003706,2.072875595034722,1.273335532048611,2.2154699084375,1.087234835034722
2023-11-09,147165690.71180555,11550649.808372322,2.223504390034722,1.365642857361111,2.302757465659722,1.0157774062152778
2023-11-10,123400328.30902778,9489877.38573436,2.3312773546180554,1.6668827420138888,2.4609840663541664,1.1286189494444445
2023-11-11,143076781.53819445,11850758.436363166,2.263426746759582,1.6118830994773519,2.3571648873519164,1.0119696590277778
2023-11-12,142035366.1423611,11743612.539498216,2.4323176622569442,1.6409390828819443,2.510603665972222,0.9738618696527779
2023-11-13,137450371.66319445,11395975.488868162,2.568648095381944,1.6116761464236111,2.6649989220138885,1.0099856058333332
2023-11-14,127797703.90277778,10023713.913602468,2.933970321840278,1.5220808152083334,3.0898980695138887,1.0143712571180556
2023-11-15,129216831.59722222,10092110.468656171,2.895088818715278,1.3140418932638889,3.034346926388889,1.0798699065625
2023-11-16,127661069.14583333,10018913.854559278,3.0178538422222223,1.6970358063888888,3.086117345486111,1.0331777509929079
2023-11-17,123968435.53472222,9472701.245311141,3.0818309612152777,1.2686570104166668,3.2758868436458335,1.042809052638889
2023-11-18,123916307.14930555,9390525.701146774,2.858621177604167,1.292621751875,2.998984657916667,1.0733998097569444
2023-11-19,126870916.4826389,9646599.633438196,3.0286052203125,1.2675598053125001,3.1468662030555556,1.1513538537152777
2023-11-20,129333991.7986111,9981712.431791175,2.963390045851064,1.3631575910283689,2.941920975602837,1.067617605173611
2023-11-21,130551033.07291667,9676850.82777551,3.267145541597222,1.2995208839236112,3.4329144505555558,1.0039800161458334
2023-11-22,124207644.81597222,8781294.220330544,3.037095151770833,1.2213546744444443,3.218072864097222,1.0823588643402777
2023-11-23,121060121.3576389,8953716.419207351,2.5014969401052634,1.2785378814385966,2.647786202631579,1.0782126369444445
2023-11-24,125591659.12847222,9402204.806024186,2.5788295397222223,1.2558181064583334,2.6736021932638887,1.1219880868055556
2023-11-25,133033808.0173611,10154472.6983976,2.457758511909722,1.3349946880208334,2.4358249984375,1.1293447871527778
2023-11-26,130801394.99652778,9933311.603373883,2.6970495987062937,1.4622771722727272,2.5316667174475525,1.0139349010763887
2023-11-27,129860591.33680555,9552954.42716784,2.8008375175,1.3890247975694445,2.8147952494444444,1.0937879596875
2023-11-28,136616826.0590278,9933566.202795148,3.009403450590278,1.3915331113194445,3.0381342560069444,1.0687153054166667
2023-11-29,136997039.29166666,10032841.57400518,2.8546624254166666,1.4076873460069443,2.924456794201389,1.2037311194791667
2023-11-30,137824254.75694445,10064950.476784723,2.8819105150694444,1.362626328611111,3.102249112256944,1.2163558842013888
2023-12-01,145240074.5451389,10701249.122030117,2.765421076840278,1.328515893263889,2.855680012361111,1.1974691478472221
2023-12-02,149629920.625,11308241.81142772,2.4247499189930557,1.4072043933333334,2.413014661666667,1.2148518136458333
2023-12-03,153971750.3923611,11806763.5813343,2.411876372777778,1.3817919869097224,2.331970042361111,1.301180882673611
2023-12-04,157465818.56944445,12246631.238333978,2.4921831355208335,1.369840672638889,2.473021239826389,1.0600156618055554
2023-12-05,160273030.5173611,12577305.418910373,2.6697967442708332,1.556695236736111,2.5433434120833334,0.9874511534375
2023-12-06,162147389.66666666,13247166.426965572,2.452308940173611,1.517406530625,2.460833365625,1.014139358576389
2023-12-07,163041030.3125,13816729.718414044,2.0830226403125,1.3158128508680556,2.2123090150694447,1.0696192705208334
2023-12-08,166744998.9409722,14797614.82723142,2.2639569796875,1.3514325106597223,2.3958137764583336,1.0020706738194445
2023-12-09,166198560.9513889,15376292.939720144,2.496874773298611,1.4954406031944445,2.5363070702430557,0.9477169157291667
2023-12-10,165767475.13541666,15062873.931310449,2.5981067662847224,1.5650031796180555,2.705918219097222,1.045749630451389
2023-12-11,154262175.77430555,13002468.11056131,2.9542195960069444,1.47185712125,3.0273514826736108,0.9656114378125
2023-12-12,150433717.19444445,12526316.745862937,2.810849661423611,1.3908164330208335,3.0781081466666667,1.0976512062500001
2023-12-13,145255401.3263889,11992070.410382852,2.764561660451389,1.4662863811458333,2.955876049513889,0.9904807430208334
2023-12-14,140784516.39583334,12116620.047204753,2.696238832083333,1.531827319375,2.923075910138889,1.0324109398263888
2023-12-15,151344114.2361111,12820696.90724863,3.0746882215972224,1.5823379517361111,3.4460752280902778,1.074327267361111
2023-12-16,152174465.66666666,12662285.825452076,3.2414580435069444,1.4500651815277776,3.7004803711111114,1.160668614375
2023-12-17,155266405.1909722,12862584.880958723,3.2868373388194443,1.567186749513889,3.5226024346875002,1.0251999741666666
2023-12-18,148126100.5763889,11650832.579804914,3.3035394693055555,1.6285483161805556,3.495448376041667,0.9958522838194445
2023-12-19,143952820.40625,11494113.218191857,3.056852654409722,1.7256578628124999,3.2201350476388892,1.0623486826388888
2023-12-20,146281676.0763889,12076073.02985339,2.6328695208680557,1.6214356494444444,2.8136946486805554,1.0074667877430556
2023-12-21,141815201.47569445,11902016.72946575,2.8794473811111114,1.6747028285069443,3.0263317032291663,1.0042712280902777
2023-12-22,149638250.5659722,12826523.820707187,3.0983016585069443,1.7327224187847223,3.3162476947916666,1.0282197826041668
2023-12-23,149343298.8402778,12753880.421920804,3.3676103419097223,2.0911990251041668,3.388289035416667,1.0633311479166665
2023-12-24,154902662.0034722,13418001.033332346,3.3218751418055557,2.1250080789930554,3.3745584055902778,1.0489385945833334
2023-12-25,159657613.38194445,14163017.976359008,3.2514964887847224,1.9800582677777778,3.3654749990625,1.0243622037152778
2023-12-26,160051427.7152778,14241983.338269215,3.8381623874305557,2.1473547306944445,3.8428404315625,1.0226940548611112
2023-12-27,169607916.11805555,15663287.725541659,3.1862897742708336,2.1860237948263888,3.067595687430556,1.037456063923611
2023-12-28,164204642.1597222,15102143.829287427,3.5257669944791665,2.036615045173611,3.3181196977777776,1.012398958923611
2023-12-29,160577954.96180555,14321360.086729797,3.752643047430556,1.9510890779513888,3.6199611834722223,0.95607686
2023-12-30,159335918.3576389,14011999.315900322,3.621077537534722,2.0296426765277777,3.5473787735069444,0.9793001135763889
2023-12-31,157312685.1423611,13855108.741543163,3.568827628541667,2.104849570659722,3.535635094097222,1.0161759051041668
2024-01-01,152425455.0798611,13364705.673398692,3.5800233779166666,2.1694571973958334,3.4940443470486113,1.1603868565277777
2024-01-02,159267067.4375,14273562.659166759,3.777512435486111,2.1302287755902776,3.5401242779166666,1.0172545415277776
2024-01-03,146435578.41666666,12423855.128262399,4.0473393926388885,1.8868411677777779,4.007999632013888,1.0630403118402778
2024-01-04,129277363.56597222,10520141.086821772,3.827355676111111,1.5389430560416666,4.072469670798611,1.0365049242708333
2024-01-05,124182914.14930555,9931334.89578754,3.6520416685763895,1.4951114423611112,3.8375082728819447,1.0214388509027779
2024-01-06,127280737.48958333,9933391.964678472,3.5605618934027774,1.3716443164583334,3.703488396423611,1.0358595097569445
2024-01-07,129775279.3298611,10132156.38370876,3.2720624706597223,1.2317113569444444,3.5296227732291667,1.06756565125
2024-01-08,128422233.16319445,9483889.930158632,3.4683068323958333,1.09057265875,3.728922691840278,1.0376912023958333
2024-01-09,113823209.06597222,8563172.80559247,3.10269737,1.1027629992361112,3.2461051351388885,1.0128432689583333
2024-01-10,109727288.4861111,8264308.038174282,3.240465615763889,1.1141443198611112,3.3856634914583332,1.050510887951389
2024-01-11,117057029.9548611,9553961.670867853,2.908617802673611,1.1584305576041667,2.9692030225,1.0857788875
2024-01-12,116032976.46180555,9491783.510941816,3.152666713472222,1.2069006097569444,3.13156301,0.9440124342361111
2024-01-13,126736791.33680555,10686504.996707954,2.7224122150000003,1.1040810439930555,2.7517533673958336,1.0258275226041667
2024-01-14,130403006.3298611,11200129.911006417,2.851474004513889,1.0668425633333334,2.7437694810069444,1.0114962184375
2024-01-15,133704121.71875,11781006.037972055,2.7981796671874997,1.0653258101041667,2.8396909686805554,1.0750986878125
2024-01-16,201651928.5347222,20638938.105903473,1.792152569097222,1.0859089080555555,1.6004328693055556,1.034414922951389
2024-01-17,227711004.8090278,24000004.916410338,1.622310802673611,1.2493261123958335,1.3776270826041666,1.0515908180208333
2024-01-18,203446853.7361111,20106760.580348022,2.533926274409722,1.3371757069791665,2.311242206701389,1.0856115450694446
2024-01-19,180055626.32291666,16277664.186056435,3.378134437638889,1.4209751027430555,3.2160108841319444,1.1101545385069445
2024-01-20,182937486.9375,17675368.92704479,2.538878366284722,1.420535964375,2.603193154861111,1.0822626427430555
2024-01-21,217958645.0277778,22327869.947815884,1.8015204744444446,1.4656591929166667,1.5860026606597222,1.1257500147569446
2024-01-22,191759700.16666666,18037401.799436584,2.4987465080902775,1.6068637183333334,2.326637152048611,1.094377547361111
2024-01-23,184985270.36805555,17891552.771622814,2.0651959838541667,1.549941501423611,2.052975838819444,1.0386443397916667
2024-01-24,184346215.22916666,18048270.90884858,1.9113395108333333,1.5923557611805554,1.8459495663541665,1.0480466402083333
2024-01-25,218292376.55208334,22837533.53324119,1.6685512306249999,1.6040470601388888,1.584922508125,1.0380317655555555
2024-01-26,274686205.875,30587662.52991371,1.4570714755208334,1.5562052773263888,1.305984474375,1.0292137520833333
2024-01-27,251682201.10069445,27259064.607388426,1.9535254871527776,1.6418403848958334,1.8120530485763888,1.0830791394791666
2024-01-28,224762736.8402778,24260046.496999662,2.0224087363194445,1.7330189507291667,1.914127320173611,1.055159679375
2024-01-29,205332694.72916666,21788508.23585318,2.047316798958333,1.662110382048611,2.1548140789930557,1.0734772409027777
2024-01-30,195273089.97916666,20390191.49288638,2.054858295763889,1.5360495693749998,2.2368618052430556,1.0624497106944444
2024-01-31,175074880.4340278,17437004.93686282,2.06293724,1.50632656875,2.300413174513889,1.046770225173611
2024-02-01,182631998.89930555,18502457.452022187,1.9711081894097222,1.4652181860416666,2.1576057327083333,1.0243844560069446
2024-02-02,175599817.7222222,17908338.918440577,1.9971190689930556,1.5792631171875,2.177382994027778,1.0189046996875
2024-02-03,172500386.5347222,17789972.003905114,2.081327157638889,1.6155626512152779,2.2154272262152777,1.0489887304513887
2024-02-04,183597282.95833334,18774285.049752712,2.3800522029513886,1.6370918812847224,2.600398042673611,1.0086795774652777
2024-02-05,175027463.14930555,17416316.849261697,2.541052384166667,1.6431121322569444,2.8949259522569446,1.1317111380902778
2024-02-06,170526399.9722222,17099669.069291905,2.4050346963194444,1.7257167363194443,2.739762458923611,1.1125243607638888
2024-02-07,173540401.1840278,17390439.58930377,2.6147410575694447,1.7032888778125,2.9230904745833333,0.9983921460763889
2024-02-08,176327774.7152778,17876315.079602666,2.3281148242013887,1.9427888808680553,2.397794253090278,1.1581287992708333
2024-02-09,171288315.28819445,17402183.349724595,2.3870751640625,1.9848102550347224,2.507837638333333,1.1582401405555556
2024-02-10,171238964.2152778,17492767.030307125,2.5573009269444444,2.0134229300694444,2.61418566375,1.3206431187499998
2024-02-11,170118231.05555555,17222738.349574447,2.5190395258333336,2.0552745050347223,2.684617020069444,1.2084128287847222
2024-02-12,173327652.4826389,17385531.021765217,2.544450694861111,1.989920958611111,2.6970708727083332,1.0843050677083332
2024-02-13,182316720.20833334,18289558.47192883,2.7136221733680554,2.133704798958333,2.8033063659375,1.0964407166666665
2024-02-14,190819350.9652778,19486634.583388302,2.6307820762847225,2.0274565864930554,2.689591363090278,1.0508288733680555
2024-02-15,191194649.4236111,20387161.5907542,2.8859675916319443,2.1570336368055556,2.745097471736111,1.0078715638888889
2024-02-16,181672184.87116563,19798822.44765778,2.9741318400613497,2.443015599141104,2.8017524561349694,1.049436224601227
2024-02-17,190129521.56944445,21733958.627365597,2.840437172916667,2.068709424166667,2.8875765228125,1.0295587500694445
2024-02-18,185538223.94791666,21171147.464027394,2.9652815252430553,2.356195078298611,3.041730513159722,1.1609961571180554
2024-02-19,188362617.0590278,21877135.813808367,3.2218133818402777,2.504804964236111,3.406978739201389,1.006340188784722
2024-02-20,181892934.89930555,22100702.871777087,3.0637355296180555,2.4444438600000002,3.0591632652083334,1.0297032634374998
2024-02-21,182058517.4722222,22057754.724477936,3.059592190625,2.1729375075694444,2.9994568168402775,1.0805553717361112
2024-02-22,194991381.0902778,24639495.928278673,2.832415589479167,2.0607409151041667,2.9813634470833335,1.1234821491319444
2024-02-23,202366420.5,25738881.293410968,2.9724184615972224,2.0387801624305557,3.0856658507638888,1.0851705149305557
2024-02-24,181853765.13541666,22780665.53499224,3.0388814489930556,2.3922759645833334,3.2742944300694443,1.1452173497916667
2024-02-25,177506708.25,22592553.08069641,2.928635759270833,2.5429200072569444,3.194652926215278,1.0519960154166668
2024-02-26,182601793.69444445,24145375.04522475,2.7803962325347222,2.6304565751041666,2.873744770277778,1.0266752493402778
2024-02-27,186688151.1284722,26093983.72060892,2.8802019053819445,2.6711653514236113,2.8251277718055556,1.0210140230902778
2024-02-28,182387204.11458334,25691379.78879025,3.2748887212847224,2.906902051145833,3.139724972743055,0.9589878704166667
2024-02-29,163946689.28819445,23392082.885927975,3.320912418576389,3.3825732475,3.267636939652778,1.024234675451389
2024-03-01,174583978.34375,27456583.254657324,2.8333442261805555,2.5718873738194445,2.7152596406250002,1.0548799444097223
2024-03-02,179607147.49305555,28762520.115580354,3.3096020266319446,2.838289397743056,3.1797740464583333,1.0321130332291668
2024-03-03,181836889.39583334,28167498.7300023,3.8351349607986114,3.005224875902778,3.7814654739930558,0.9981001578819444
2024-03-04,176990535.04529616,26949118.361222338,4.213462276794425,2.498171745644599,4.412072418118467,0.9962026236933798
2024-03-05,164474837.10069445,24554055.666894335,4.043848845381945,2.381990625,4.326180670902778,0.9669883541666666
2024-03-06,132950044.375,19005341.768105816,3.381901441041667,2.1665276701388887,3.4402180799652777,1.02742109375
2024-03-07,128305828.37847222,19148448.617882453,3.540668296215278,2.3773826180555555,3.4031875217708336,1.017760329861111
2024-03-08,136537133.08680555,20778339.792105462,3.818850505451389,2.2744575416666666,4.006267537916667,1.0407414340277779
2024-03-09,137271617.08333334,21237861.564055208,4.002252728402778,2.3457950069444444,4.218119508229167,0.959897625
2024-03-10,134680839.5798611,20614961.221671157,4.468269695520833,2.4493831805555555,4.651899517291667,0.9856268715277778
2024-03-11,129857723.34722222,20144720.41731508,4.084211541875,2.3343833472222224,4.2435226090625,0.9988666354166666
2024-03-12,128727588.77083333,20301570.177277252,4.352312575486112,2.5446912708333334,4.337499263923611,0.9858611875
2024-03-13,141076967.51041666,22763914.57808851,4.394146010381944,2.5480752951388888,4.391979271319444,0.9911816423611111
2024-03-14,156272207.28819445,24978458.419976026,4.649411818576389,3.0082153090277775,4.554464298229167,0.9972628645833334
2024-03-15,146873154.9340278,21676122.968105063,4.848145279097222,2.917821447916667,4.806086330208334,0.9958529305555555
2024-03-16,143057915.5659722,20224543.77405575,4.836039800972222,2.9149188159722224,4.807097464166667,0.9773988263888889
2024-03-17,131758457.35416667,17908790.32066152,4.343809305486111,2.7305952604166666,4.315418795486111,1.0239576666666668
2024-03-18,129079223.27430555,17463716.71250116,4.177906079722223,2.7708762430555556,4.157315080729166,1.0179974305555557
2024-03-19,128947590.83680555,15983193.27953612,4.3540775521875,2.2456498333333332,4.228067092430555,1.0054533194444444
2024-03-20,124623321.75694445,15553582.619851,3.6521699959027774,2.0658143020833335,3.747430768229167,1.03786853125
2024-03-21,123889488.94444445,16761624.297617981,3.1377565188888887,2.1422636180555554,3.2009606715277776,1.0520959583333331
2024-03-22,128029175.6388889,17325345.64312969,3.7567902663888884,1.9881330208333334,3.802958377361111,1.0436381562500001
2024-03-23,130017369.5763889,17627056.452906705,3.4389503138194444,2.045198513888889,3.5349847657291664,1.0105871145833332
2024-03-24,126725627.80555555,17247805.831174754,3.442489350173611,2.18246784375,3.587691776875,0.9802451215277777
2024-03-25,126714371.21180555,18074709.312516954,3.6221172842361113,2.299232951388889,3.5233415259027776,1.0964109791666667
2024-03-26,131681475.84722222,19598135.625621483,3.692014903819444,2.2117958958333332,3.542823702986111,1.08712796875
2024-03-27,137515955.1111111,19882763.85637251,4.6624398228125,2.2322638715277776,4.399956302013889,1.0954493819444444
2024-03-28,139896188.23958334,19980679.9174358,4.9588907594444445,2.2149862638888886,4.704040051423611,1.1434496944444446
2024-03-29,147723540.6076389,21782382.847770948,4.585339933611111,2.2312073020833334,4.330022507500001,1.112021329861111
2024-03-30,152196522.13194445,22689071.11709915,4.794744889097222,2.1334120138888886,4.446131592430556,1.065258076388889
2024-03-31,156279152.875,23343084.549432322,4.565359751041666,2.2281957604166664,4.314114485347222,1.0991759479166667
2024-04-01,159215472.5763889,22689427.408445925,5.326816978090278,2.45731390625,4.772871786423611,1.0689772118055556
2024-04-02,158005113.69444445,20837173.5368094,5.817681662152777,2.5629454409722223,5.272972115868055,1.024933923611111
2024-04-03,159278270.53125,20860803.106305044,5.023728059930556,2.5780926111111113,4.589142244270834,1.0597696319444445
2024-04-04,158828756.85069445,22168149.3140013,3.559186407256944,2.0862780104166667,3.2492937194097222,1.1303524826388889
2024-04-05,154470479.0798611,21737052.976056386,3.8943052244444445,2.2935679479166664,3.599282461423611,1.1698706666666667
2024-04-06,157666606.02083334,23279803.01242026,3.7605935441666665,2.431993795138889,3.4041610979166665,1.0326492708333332
2024-04-07,162544125.9201389,24351064.00136721,3.9584429678125,2.4284468472222223,3.537485199826389,1.079699767361111
2024-04-08,160135612.57291666,24734493.756855067,3.8885457716666667,2.5334825243055556,3.5718062843749996,1.133061548611111
2024-04-09,164820356.21180555,25436344.533270504,4.540047061979167,2.7935594270833333,3.954699832916667,1.0931848090277778
2024-04-10,162617412.4826389,23718069.001158565,5.105944064409723,2.7913736458333336,4.5868265078125,1.1216287465277779
2024-04-11,160165991.02430555,23184977.039267473,4.870523286041666,2.694373645833333,4.4287958346875005,1.1582649791666666
2024-04-12,158903642.19444445,21344592.37196615,4.986741620138889,2.520570940972222,4.375703577638889,1.0456100729166666
2024-04-13,139377046.69791666,15653235.949700339,3.773331511145833,1.845058045138889,3.495247524826389,0.9198559791666666
2024-04-14,108634336.28125,10978199.341950348,2.9590496917708333,1.4813068020833333,2.749415105416667,1.0459439722222221
2024-04-15,102820966.81944445,10965041.355439391,2.4988446525,1.4906467291666667,2.3561159326041667,1.081151861111111
2024-04-16,106479980.65625,11062036.077830156,2.401420301701389,1.4370842708333333,2.3846630221527776,1.0756926319444444
2024-04-17,118816242.91666667,12866208.160007715,2.7191629217361113,1.1516727326388887,2.7390465163194446,1.126842736111111
2024-04-18,131730978.12152778,14298345.968737707,2.873410322986111,1.0537531493055556,2.950775889618056,1.0883229965277779
2024-04-19,132330240.53472222,14206649.019749505,3.008476430902778,1.0614767187499998,2.9164247399652776,0.9663910347222223
2024-04-20,126111121.6423611,14313040.157070538,2.694286720173611,1.2169453159722223,2.5540894916319443,1.1753343194444446
2024-04-21,114195862.37152778,13337732.303325934,2.737084630138889,1.30238875,2.641549686909722,1.0846382465277777
2024-04-22,113377577.16319445,13335866.057433927,2.1779450213194442,1.3526747083333333,2.1413606423263887,1.1048680451388888
2024-04-23,108341192.44444445,12693673.485253207,2.1531443587499997,1.3464716180555554,2.0195137588541665,1.1390305208333333
2024-04-24,110810936.22569445,13526795.463130143,2.127672352083333,1.2096599583333334,2.158121610486111,1.1445057187499998
2024-04-25,108285414.7986111,12763347.023022026,2.7544714070833334,1.1135432847222222,2.9097303897569446,1.0747555347222222
2024-04-26,102974713.90625,12112788.205997245,2.8655157739236112,1.1973810868055557,2.8583528311805555,1.0729509340277776
2024-04-27,102685214.69097222,11643774.700409986,3.134191454722222,1.2795073090277778,3.0321973246180556,1.211437673611111
2024-04-28,105654402.54166667,12010236.9081662,3.017730908541667,1.3095262465277777,2.8083096369097222,1.2013495
2024-04-29,111507205.1076389,12493891.37209268,2.7570124437152774,1.2683323020833333,2.5699269683680557,1.0819579305555556
2024-04-30,113518892.95833333,12464015.052987507,2.9848261813194443,1.2923456215277778,2.8204937346527776,1.1100559305555555
2024-05-01,114731972.89583333,12695866.735178731,2.6415377803472224,1.2001060625,2.6978209726041666,1.1124492118055556
2024-05-02,112339160.2048611,13005112.570513882,2.5495065971180555,1.2745520833333335,2.5050613766666667,1.1544036458333333
2024-05-03,111048238.1875,13124498.765553733,2.6255914830902776,1.3000402881944444,2.5165410931944443,1.1887881527777777
2024-05-04,112394303.90972222,13464305.846096484,2.6325527684375003,1.3179655000000001,2.533393018923611,1.2387337118055557
2024-05-05,114599561.59375,13682750.98574816,2.7104530639930555,1.3450323402777777,2.586269970486111,1.2642995
2024-05-06,123127281.5625,15235046.887380727,3.0042514052083336,1.4381773645833333,2.7275142976736113,1.2447924548611111
2024-05-07,142994202.7361111,18006163.086910922,2.843214860590278,1.4383255034722222,2.589084252638889,1.2525180069444444
2024-05-08,146569836.8402778,18398990.14228597,2.8990821204861112,1.45122221875,2.692379050104167,1.1220820173611112
2024-05-09,142309682.85069445,17501050.573201913,3.2466874613541665,1.4195162847222222,3.009129737395833,1.1747017118055556
2024-05-10,144089067.30208334,18448250.144569807,3.0708392839930556,1.4483643819444445,2.794978058888889,1.2621369861111111
2024-05-11,145628177.92708334,18020850.870142452,3.6056266929861116,1.4685725520833333,3.3152538655902775,1.2232546979166665
2024-05-12,142403693.56944445,17733461.34491946,3.363640390590278,1.5021651354166667,3.1184147363541665,1.2416969826388888
2024-05-13,146204476.35069445,17508965.573956296,3.3797651149652777,1.587265329861111,3.1685571429861112,1.0334493194444443
2024-05-14,138301995.76041666,15829495.153675,2.9801133214583335,1.5017879965277778,2.9620400071180555,1.1002647395833334
2024-05-15,132637785.33333333,15320909.893703984,2.3613618572916666,1.5395763541666667,2.4130499629861113,1.3093325034722223
2024-05-16,132061900.06944445,15765434.964909256,2.1822382674305554,1.6087809375,2.2206704236458332,1.168672673611111
2024-05-17,140353376.7326389,16708495.828296082,2.283993342673611,1.6454438958333333,2.284328473229167,1.2259934027777777
2024-05-18,143273076.72569445,17322490.77255697,2.071811400277778,1.5940276666666666,2.019427933090278,1.351668045138889
2024-05-19,140828665.8888889,16522057.562001534,2.5130115561111115,1.6241142847222223,2.398141800972222,1.3035499027777777
2024-05-20,139558823.19791666,16484447.084006002,2.3429045307291663,1.677818267361111,2.2050676487152776,1.1061664270833333
2024-05-21,137112390.1597222,17132086.89387463,2.0066467602430555,1.893130951388889,1.9860081345486111,1.115599201388889
2024-05-22,136451605.91319445,16825453.79550469,2.4321284441666666,1.9450919375,2.309627426388889,1.0950298229166666
2024-05-23,136929752.71180555,16264933.963824846,2.7775498590277774,1.9809652881944446,2.548817307708333,1.0788550243055555
2024-05-24,137250870.4097222,16011320.441981396,2.7183857277430556,1.9803822361111112,2.5147175646180555,1.1658081840277776
2024-05-25,148023029.5625,18269049.756996736,2.1596652918749997,1.8033670416666665,2.0591837398958335,1.2134817951388888
2024-05-26,203651563.8298611,27414255.955756046,1.75672453125,1.4322156770833334,1.7723852453125,1.115444736111111
2024-05-27,203133165.4826389,27390902.218483057,1.801778005138889,1.5443077604166666,1.9950760427430556,1.046614576388889
2024-05-28,206885168.5902778,30126089.499596816,1.2793725165625,1.6063696145833335,1.1881838617708333,1.00904409375
2024-05-29,225649244.1909722,34828606.581273325,1.0329434618402777,1.5429719583333332,0.8568850764583333,1.05184565625
2024-05-30,224594815.2048611,33615259.87245147,1.8662336430555557,1.7171902604166667,1.8508053370833335,1.1179451805555556
2024-05-31,209829872.0,30287233.163211863,2.487282016527778,1.9248784895833333,2.5372333221180554,0.9850367673611111
2024-06-01,206698519.45833334,30632633.227270544,2.234805677222222,1.9648974131944443,2.2964529788888886,1.0785151180555554
2024-06-02,204531117.43055555,29628135.87710052,2.427589566388889,1.9576854548611111,2.554679364027778,1.1710444375
2024-06-03,214261603.9722222,31018045.748028457,1.5492676796180556,1.8530195347222223,1.4753930128819444,1.047651045138889
2024-06-04,219900388.0034722,31835949.88832484,1.3620637570486112,1.8562342256944444,1.3325061225694443,1.1427256041666667
2024-06-05,216186180.60416666,31301860.908292845,1.947208540034722,1.9493016215277779,2.117276184375,1.1156390868055555
2024-06-06,214585567.2013889,30740743.3912391,2.731353184618056,2.1695217395833333,2.8355640536805553,1.0615051006944443
2024-06-07,207573923.5138889,28019745.55824703,3.1440875361805554,2.222043579861111,3.257466439722222,1.0699197291666667
2024-06-08,186936470.11458334,22517089.20029032,2.7955235651041668,2.1482131666666664,2.857455003819444,1.0879359270833335
2024-06-09,172839691.99305555,21248111.637564052,2.1489162628819445,1.7997380486111112,2.3661534852430552,1.1699522152777777
2024-06-10,169528702.02430555,21445116.150777332,1.9643029072222222,1.5882299270833333,2.1274804465624997,1.0866143368055556
2024-06-11,162269381.2986111,19690545.67789292,2.428305093125,1.6554154374999999,2.642324446597222,1.0690132743055556
2024-06-12,157140718.8784722,18694679.80563496,2.3964373389198608,1.7022482717770036,2.598989819477352,1.107445329861111
2024-06-13,164730002.25694445,19079582.717873894,2.6043098325347223,1.7240003993055555,2.755357871111111,1.1684625
2024-06-14,169784876.5277778,19182377.415175695,2.644820312951389,1.7680005416666666,2.8702962006944444,1.1101598368055554
2024-06-15,181860305.5277778,19107152.657653406,2.940536864340278,1.775324579861111,3.3035718598958335,1.1276574444444443
2024-06-16,197059053.125,19932178.926344927,3.137454287951389,1.7565055590277778,3.480885698402778,1.1023553993055557
2024-06-17,205454935.9652778,19355898.14998211,2.8575446587499997,1.9210670798611114,3.1500637303819445,1.0913366597222223
2024-06-18,190670771.5590278,15442086.181784362,2.160807470763889,1.963415222222222,2.3000575185416667,1.0469119861111111
2024-06-19,177502962.2847222,14329722.428666592,1.8840076690277776,1.6818691493055555,2.154680674444444,1.1965917291666668
2024-06-20,174418048.0,14073862.44485158,1.9982302968055556,1.5445001979166666,2.293882137361111,1.07521853125
2024-06-21,177881747.68055555,13996042.542480687,2.1660835306597224,1.5417639110320285,2.4240478453472223,1.1407440416666668
2024-06-22,175547352.4652778,13592182.29609738,2.176144350486111,1.516475638888889,2.5010475760069446,1.0812035833333333
2024-06-23,169812499.125,13138127.058845332,2.3053354110416664,1.506623920138889,2.648580543020833,1.131240878472222
2024-06-24,171382593.53125,12714360.495485589,2.5380294067708333,1.5019949930555556,2.5761632658333333,1.0784532013888888
2024-06-25,175540920.86805555,13783126.526827365,2.640315657256944,1.3906250833333333,2.562188438159722,0.9745655694444445
2024-06-26,163422295.99305555,12752370.93737441,2.808607971423611,1.5099989791666666,2.816445837847222,1.130383142361111
2024-06-27,160874463.5486111,12393081.648137564,2.798313594097222,1.49971046875,2.8442222696180557,1.1297803159722222
2024-06-28,164866720.3888889,12714370.755860649,2.9036238338888887,1.426884295138889,2.9289182135416665,1.1444645902777777
2024-06-29,165634046.8159722,12435599.261830492,2.9821655897569443,1.4056120694444445,3.0915963794791668,1.38126315625
2024-06-30,169105932.13541666,12492026.200904328,3.006895414513889,1.3898614409722223,3.1620926733333334,1.2846534201388888
2024-07-01,169223322.6736111,12816659.888060275,3.077733908611111,1.3801126493055555,3.1236400018402777,1.0942554166666667
2024-07-02,167600491.03125,12594979.75866782,2.983833241458333,1.4143521909722223,3.0766318092708334,1.10258328125
2024-07-03,163736966.44791666,11930272.42803308,3.2102092635069446,1.436008423611111,3.3144263747569442,1.1134213680555556
2024-07-04,160346492.6736111,10721894.661738507,3.1071289396875,1.3455651909722224,3.251915497673611,1.013497017361111
2024-07-05,142457285.71875,8468188.902646057,2.5412335136805555,1.1234851909722223,2.629929040486111,1.0410941875
2024-07-06,136138759.08333334,8900191.43874316,2.424729275,1.0751452569444444,2.474310948472222,1.0673672604166666
2024-07-07,132682986.7951389,8824204.204447938,2.4862576478819443,1.1562470486111112,2.394777950486111,1.1416891909722222
2024-07-08,129926558.95833333,8412194.786498489,2.5314650395486114,1.1693955,2.4605774585416667,1.026352361111111
2024-07-09,133073395.94097222,8777383.934880057,2.561432202465278,1.1805148159722223,2.5219115828472223,1.0683211006944444
2024-07-10,132805923.8125,8840536.717361722,2.5877496502777775,1.1791110381944445,2.534920608298611,1.3639642534722223
2024-07-11,131203886.0,8734640.29673735,2.605161765659722,1.2032906215277779,2.5415093387847225,1.1502583229166667
2024-07-12,129545266.31944445,8448588.353677131,2.5860956874305554,1.230960190972222,2.5877543728125,1.2811374861111111
2024-07-13,134422484.2326389,9014099.849804,2.4985751818055553,1.208150375,2.515048008854167,1.205675920138889
2024-07-14,134407737.43055555,9151887.023279488,2.561176537326389,1.2284576284722222,2.5319427231944447,1.2855717291666666
2024-07-15,137237259.5972222,9647472.21668185,2.627406840520833,1.174322017361111,2.6480818805902775,1.1190693541666665
2024-07-16,140120991.03819445,10079340.532970946,2.712200119513889,1.1285048194444445,2.6379647499652776,1.2787990208333335
2024-07-17,142713475.2986111,10511033.31818271,2.8244633473263887,1.104746170138889,2.672443286805555,1.1953720729166666
2024-07-18,140332339.05555555,10024208.78006017,2.9320169545833337,1.1620477951388888,2.801820756076389,1.2080756458333335
2024-07-19,136374305.16666666,9775236.00381988,2.7621260025,1.1332732916666666,2.6490953174652776,1.1252107222222223
2024-07-20,137886206.1909722,10173854.597749399,2.7048409709375,1.1693903645833332,2.477935083611111,1.3525335659722222
2024-07-21,138838536.8298611,10373050.39632972,2.6468235998958334,1.1734709895833335,2.478558707534722,1.134259204861111
2024-07-22,137974637.38541666,10108715.438005311,2.8040304705208334,1.2191121006944445,2.5823202760069446,1.1359778715277777
2024-07-23,135490126.3298611,9572780.76399469,2.8601667053125,1.1639735277777778,2.7396476192708334,1.1207174409722223
2024-07-24,137787966.4375,9630115.533701014,2.721010867048611,1.1563975208333332,2.7049162327430554,1.2436884930555554
2024-07-25,134212196.0625,8907274.329484388,2.6460631101736114,1.18095503125,2.5745560145833335,1.089031923611111
2024-07-26,139962594.36805555,9710189.141197182,2.561732510625,1.1441194236111112,2.4297104188541665,1.278082753472222
2024-07-27,146411473.91319445,10289510.24489246,2.6569543911111113,1.24270775,2.4981085952083335,1.2608552395833332
2024-07-28,149046927.5798611,10306209.96783588,2.7173118661805558,1.2917503333333333,2.562171313159722,1.2361770520833333
2024-07-29,149949878.06944445,10367819.98912143,2.6865235885416663,1.0950146180555556,2.6247468647569447,1.091369625
2024-07-30,151153694.5451389,10218024.144142281,2.8034273797222222,1.1208564409722221,2.713843078402778,1.1612768298611111
2024-07-31,156314779.98958334,10324155.80461375,3.0862374998958333,1.1850154444444445,2.9672663784722224,1.1286120416666667
2024-08-01,158780971.6701389,10029246.244445447,3.023541948784722,1.1999073159722222,3.0413247539930555,1.1084905590277776
2024-08-02,154611815.8402778,9520584.611820286,2.8909420869097224,1.1762768854166668,2.8651160704513887,1.17770053125
2024-08-03,154588257.38194445,9078972.33474064,2.799962361979167,1.085990545138889,2.8862839133680556,1.1362674444444445
2024-08-04,156833896.125,8879541.378738953,2.6560812242708334,0.9742103541666667,2.8713274171874996,1.1987422534722223
2024-08-05,154577426.59375,7550269.491341944,2.3410301239930558,0.9440780590277777,2.4596724965972223,1.0311944409722222
2024-08-06,146829198.58333334,7744834.715544062,2.1678876043055557,0.8945584826388888,2.2754391771180553,1.072911767361111
2024-08-07,146166212.21875,7675395.097547463,2.1979327691666666,0.9377969930555555,2.292894189305555,1.0991004236111113
2024-08-08,142775919.02430555,7660869.523731144,2.202431587361111,0.9246158229166667,2.2702365636111113,1.1885654513888888
2024-08-09,138750146.4548611,7655545.13597527,2.327851776666667,0.9511800138888888,2.238374957604167,1.1598364618055554
2024-08-10,139060060.7361111,7844121.92121547,2.2386192769791666,0.9536192048611112,2.2279720436805555,1.1180176319444444
2024-08-11,140988280.9236111,7935195.042773656,2.3367568620833334,1.0004609756944445,2.3346984012847223,1.1848748263888889
2024-08-12,138643290.58333334,7604479.003490124,2.2972808242704628,0.9311053024911031,2.334711375409253,1.1416061319444444
2024-08-13,140788033.33333334,7794248.008420084,2.240837882708333,0.9931956631944444,2.2728499814930556,1.226577107638889
2024-08-14,140258239.125,7790608.029445223,2.3468237627083335,0.9419917291666666,2.3454603800694445,1.2512216701388887
2024-08-15,140913923.56944445,7657958.876944257,2.334853903576389,0.929122017361111,2.3831492124305553,1.4197907743055556
2024-08-16,145043607.0763889,7640048.940789125,2.354769518506944,0.8964515659722222,2.505490361319444,1.2272100868055555
2024-08-17,148075018.41319445,7796736.763795997,2.3372520277083333,0.8994354930555555,2.457317742430556,1.5029129618055554
2024-08-18,149960235.2013889,8039764.203321891,2.2550171295833334,0.8875106631944445,2.4430481004166666,1.4010191840277777
2024-08-19,147800879.4965278,7929140.961520836,2.2972169479166666,0.9236578159722222,2.3847186159375,1.206398125
2024-08-20,149150315.7638889,8214594.394639745,2.238667638125,0.9583517118055556,2.2369262555555554,1.2186810104166665
2024-08-21,151203937.41666666,8485994.393603524,2.3455156980555554,0.9886291145833334,2.3385659373611114,1.296122232638889
2024-08-22,152616989.14930555,8777799.8726198,2.227996795347222,0.9812416249999999,2.2268748872916664,1.366959482638889
2024-08-23,152353846.625,9109269.868924921,2.219133113020833,0.9980572812499999,2.240936514131944,1.33941003125
2024-08-24,151526388.88541666,9410765.671788268,2.4610098051041667,1.2907130902777777,2.3936770170833332,1.349609201388889
2024-08-25,145304195.50694445,8804275.781545516,2.5302022027083333,1.3269009861111112,2.4315368221527778,1.3359544236111112
2024-08-26,143288433.36458334,8465861.584390018,2.524987046909722,1.3542848784722221,2.4302820614583336,1.1797935694444446
2024-08-27,145500173.5902778,8322184.114973156,2.4077298731944445,0.9392781423611112,2.3358487047569443,1.13017046875
2024-08-28,138572919.4027778,7501908.977272226,2.3347718864583333,0.8941648194444445,2.3425709851041665,1.1552063194444444
2024-08-29,136158769.8923611,7365588.2131765075,2.2687983212847223,0.9280727743055556,2.3324321610763885,1.1204104548611111
2024-08-30,142879312.85416666,7699121.762462866,2.154343812326389,0.8531859965277778,2.2600714875,1.0991962708333334
2024-08-31,142824738.63194445,7628443.786596354,2.2102964064583333,0.8309690798611111,2.3287804685069444,1.2195296805555556
2024-09-01,144497870.67708334,7492495.129154239,2.3396141580208334,0.8504807222222222,2.503369440034722,1.1697630555555554
2024-09-02,143724758.04166666,7372956.395662014,2.197297278541667,0.8232552430555555,2.443129624513889,1.1200532291666667
2024-09-03,148095376.5659722,7655356.533533742,2.225081741597222,0.83063828125,2.3768749159027776,1.1809317187500001
2024-09-04,145497665.02083334,7366054.60811671,2.126438456041667,0.8618580104166667,2.2657548668055556,1.2180361666666668
2024-09-05,140572483.85069445,7103508.986937463,2.10682310125,0.8734689409722223,2.1897215570486113,1.3286697847222222
2024-09-06,142144406.5173611,7028238.074259169,2.2149322868055554,0.8497520381944444,2.3067954298958333,1.0867274548611112
2024-09-07,146103370.2986111,7284762.90026077,2.002127991388889,0.8299582534722222,2.1460496827430555,1.2876768333333333
2024-09-08,149812932.84375,7650399.425660332,1.951353597013889,0.8390545347222222,2.0701569181597224,1.283066920138889
2024-09-09,150172579.76041666,7857200.349043316,2.0055625354861113,0.8628336805555556,2.113454510138889,1.1997405520833333
2024-09-10,144607787.2986111,7662757.544201574,2.1145589130208333,0.9009998854166668,2.1760308878819448,1.078906392361111
2024-09-11,148509754.2986111,7717885.796417617,2.174136247673611,0.8766500590277777,2.2065977419791665,1.191414
2024-09-12,147439766.20833334,7770309.42843936,2.20445881875,0.8274809722222222,2.2679204309375,1.2070713020833332
2024-09-13,150117157.4965278,8004169.291682677,2.2565705874652777,0.89879021875,2.28433358625,1.2981481493055556
2024-09-14,151725208.5138889,8140548.452481609,2.2544983878472222,0.7947287465277778,2.332588673888889,1.589225579861111
2024-09-15,150811389.94444445,8034564.861298723,2.260753032222222,0.7966423576388889,2.3727776915625,4.357791459930313
2024-09-16,150757901.3576389,7725411.959442069,2.1986995209027778,0.7862559236111112,2.3059821412847223,1.1668262847222222
2024-09-17,155398034.8159722,8032834.099964675,2.089672803645833,0.7688233437499999,2.2105222084375002,1.494897480836237
2024-09-18,156785971.90625,8112563.587205304,2.206118209375,0.7419303090277778,2.2971743371180557,1.202714125
2024-09-19,161026719.53819445,8913809.47995301,2.0990983546875004,0.7785025729166667,2.135552290173611,1.1786433993055556
2024-09-20,158279616.22916666,8934003.618859066,2.215847649652778,0.7101797673611111,2.246211586909722,1.117290982638889
2024-09-21,158587789.89583334,9221986.577143524,2.210682530798611,0.7660338229166667,2.188792448159722,1.4089838819444445
2024-09-22,161630931.1909722,9273392.429279149,2.2701582830208333,0.75997171875,2.2617774755902778,1.4475684548611112
2024-09-23,175405556.5972222,10445953.06851552,2.1161448327777777,0.7430739409722222,2.1646128108333333,1.2947718124999998
2024-09-24,183969188.88194445,11134615.597775258,2.0970800627430553,0.7496592847222222,2.105274910486111,1.3375976770833333
2024-09-25,225531188.16319445,14607087.84052246,1.9279038303819445,0.7265108194444445,1.9231614475,1.1038240590277777
2024-09-26,241954706.0347222,16427489.96176804,1.7116464288888888,0.6906915659722223,1.778067901909722,1.0326819375
2024-09-27,230047975.30208334,16047557.672233075,1.6552729863194444,0.7298260381944445,1.6024289864583334,1.0562610555555556
2024-09-28,214772502.49305555,14650828.662123552,1.8472878855208335,0.7655610347222223,1.7890539531597223,1.108245923611111
2024-09-29,205419166.0659722,14087403.666088874,1.8061805080208333,0.8921645208333333,1.7700770869444444,1.0759001909722223
2024-09-30,206117352.3611111,13862733.794852708,1.8939376090625,0.9046728298611111,1.8169028131597225,1.0718332708333334
2024-10-01,209316003.69444445,13511794.603577249,1.925326948611111,0.7789696006944444,1.8929066648958335,1.1364625069444445
2024-10-02,209257048.9409722,12645355.90512298,2.009802237326389,0.7590994409722223,2.0297364288194446,1.0120633958333334
2024-10-03,211075716.0451389,12461822.81331815,1.969925261527778,0.7236029479166667,2.0012861249652776,1.0320319340277777
2024-10-04,214152195.23958334,12953492.72496795,1.8691106925694443,0.6871192395833333,1.9494233522916664,1.1717376527777779
2024-10-05,220594732.77083334,13924031.095493458,1.7958908507638887,0.6769990034722223,1.9080478495138888,1.2649838923611112
2024-10-06,216401899.3611111,13531147.805927612,2.0141517857638886,0.632352232638889,2.2283380105208335,1.3877516388888889
2024-10-07,219994846.06944445,14125419.769237807,1.9507675585069444,0.64659025,2.1413160782291665,1.1998819444444444
2024-10-08,254516707.5277778,16838592.377912775,1.7921041825347221,0.7106572048611111,1.9251387536805555,1.1154092291666666
2024-10-09,312224126.8784722,21852421.614164963,1.665155564375,0.7648716944444445,1.764181466875,1.1577627118055556
2024-10-10,361287620.8194444,25096990.26456742,1.758316116076389,0.8184201875,1.9190061472916666,1.0957663263888888
2024-10-11,334209171.9791667,23191819.302807838,1.8913429322916666,0.8233072673611112,2.2117822407638887,0.973506295138889
2024-10-12,316963474.2013889,21936564.668970518,1.9190641386111114,0.9664860659722222,2.1574017364583336,0.9961930069444445
2024-10-13,315886890.9201389,23545174.40790482,1.577356189375,1.0465914930555555,1.7058532490625,1.0447329895833333
2024-10-14,322646135.6527778,24576080.132250834,1.6293416125347222,0.9944328715277777,1.7955303334722221,1.049014309027778
2024-10-15,333442513.0173611,26611084.94057186,1.5339911510763888,1.0089009861111111,1.6232090068055556,1.0161452222222223
2024-10-16,342388536.1458333,26950161.800978445,1.5976494114583335,0.9894964861111111,1.6718779842708333,1.1225180520833333
2024-10-17,317793985.0625,23560067.869204707,1.8194511487847222,0.9851235034722223,2.0744882738194446,1.06475828125
2024-10-18,288291619.2569444,21534831.117979657,1.731609527951389,1.0195662048611112,1.9347487865625002,1.1643634930555555
2024-10-19,278531938.9375,20852349.8537064,1.7618015161458334,0.9787517499999999,1.8359077898958336,1.2912475416666667
2024-10-20,264823845.39930555,19478571.0671088,1.9720332285069446,0.9793453055555555,2.0415612740277775,1.2216670798611111
2024-10-21,259846781.23958334,18959967.364268135,2.044956900347222,1.200973826388889,2.082001857048611,1.0719588993055555
2024-10-22,267529256.1701389,19325837.195481822,2.0289587490625,1.0747584166666666,2.1457793964236114,1.1209160694444444
2024-10-23,281231604.9131944,19454731.56588072,2.1966762509027777,1.0387415416666665,2.332302927638889,1.2332925555555556
2024-10-24,302094185.9444444,20254127.969054595,2.342668295034722,1.113515954861111,2.523021491597222,1.0598024305555556
2024-10-25,290754789.375,19020654.396278188,2.4633148054166667,1.2311133159722223,2.596695523680556,1.1015659444444443
2024-10-26,281235292.4097222,17348847.09902722,2.3989933979513887,0.9783855972222223,2.5790272984375,1.2014388263888889
2024-10-27,275665448.8784722,16971244.689495865,2.365640352326389,1.0403908958333334,2.526132093298611,1.2182972083333334
2024-10-28,286009302.6503497,17475670.250503726,2.437327724510489,0.9537212097902099,2.5814932358391607,1.0886559545454544
2024-10-29,268695335.1388889,16818831.682858814,2.305980114270833,1.0173679305555554,2.4550529388888886,1.131350454861111
2024-10-30,260053128.1875,16239033.976382596,2.4860865303125,1.2010594375,2.54914241875,1.1301094375
2024-10-31,250042573.21875,15226167.498585887,2.525563636597222,1.1887414409722221,2.6343241114930556,1.09241228125
2024-11-01,239916585.39583334,14158026.569524247,2.462523254652778,1.063556732638889,2.6367828038541665,1.117632267361111
2024-11-02,227415501.79166666,13388512.182316743,2.3542965267361113,1.0865282430555556,2.526076726840278,1.0077789652777778
2024-11-03,218523681.83333334,12187773.877428552,2.438388832326389,1.1229217777777778,2.61888845875,1.0390058993055555
2024-11-04,224549766.0034722,12401421.887639873,2.3515406459722223,1.0829004201388888,2.6027854680902776,1.1651575833333334
2024-11-05,229940104.2361111,12901374.95365986,2.4594787845833337,1.1264677604166666,2.789820694097222,1.0537917118055555
2024-11-06,211980175.8090278,12798564.662225133,2.3031149572569443,1.1211259895833332,2.4880485717708334,1.1005608263888889
2024-11-07,199202051.22569445,12291179.979798444,2.436384227152778,1.2282076805555555,2.522299242465278,1.1129208645833333
2024-11-08,186156503.9340278,11458154.51537418,2.52692302,1.4116916388888887,2.556658378125,1.1359234027777778
2024-11-09,190821007.4236111,11902235.74194557,2.5106164662152777,1.4211850034722222,2.521566704027778,1.1301336770833332
2024-11-10,187350748.5138889,12457130.452191725,2.4853582177083333,1.5157907916666666,2.4640630553125,1.0011501493055555
2024-11-11,178453443.9548611,12130211.846207928,2.462326155486111,1.7226919027777778,2.3051803147916665,1.04870921875
2024-11-12,176354199.6215278,12095761.430642389,2.579889750486111,1.6515566840277778,2.4221215131944445,0.9813164895833333
2024-11-13,165503250.49305555,10752593.02285815,2.676589968819444,1.8147761111111111,2.554272055833333,0.9513049375
2024-11-14,151070436.6388889,9838785.519421197,2.5025669968055557,2.255101145833333,2.431145038784722,1.0104157777777778
2024-11-15,154214367.67708334,9957255.566782596,2.322716956423611,2.445184625,2.2800911989930555,1.0540344513888888
2024-11-16,154802773.0763889,10967089.924920272,2.3605816267361113,2.6287416493055553,2.2880933977777778,1.1042840902777777
2024-11-17,162877449.88194445,11614996.182411239,2.744628448680556,2.739138270833333,2.5625549432291668,1.011091111111111
2024-11-18,169888697.0034722,12842938.047711072,2.6282582233333334,2.029086111111111,2.5226125716666665,1.0877458541666667
2024-11-19,195111409.8611111,15164938.352577977,2.635150686458333,1.4200123194444445,2.609494572152778,1.0228967881944444
2024-11-20,171468750.96875,12578883.178088354,2.6552591666319447,1.6942328159722222,2.6272146980208335,1.1129908333333334
2024-11-21,167126323.8472222,12230485.158479512,2.4976941195833335,1.7757659756944444,2.4763602481249998,1.0749471215277777
2024-11-22,172818094.1284722,13119376.785582934,2.5082432511111112,1.7789077152777777,2.463920033229167,1.0356740659722223
2024-11-23,172181865.64930555,14403947.54867577,2.606867418263889,1.9790898958333334,2.447206999270833,1.031380347222222
2024-11-24,166604402.36805555,15385566.848566422,2.6808431163194446,1.6870965,2.411849277013889,1.0445277326388889
2024-11-25,161334430.35416666,15158201.116512738,2.8193529557291668,1.7988213611111112,2.4764708918055556,0.9886011458333334
2024-11-26,156853195.10416666,14124230.683108937,2.7153944055555552,1.863173152777778,2.4315714884375,1.0115904131944444
2024-11-27,163014688.9652778,14888758.446442688,2.590855157048611,1.892541638888889,2.372938313159722,0.9818834618055556
2024-11-28,159247113.5659722,14614613.959909773,2.773833433576389,2.3232434826388886,2.5003110953125,1.0377074618055557
2024-11-29,167407171.35069445,16207423.981267367,2.7552473047569443,2.139374642361111,2.441056337013889,1.0590182187500001
2024-11-30,181273222.0486111,18465951.146175925,2.9350499380902777,2.147359170138889,2.6034883252083336,1.1027168819444446
2024-12-01,185805334.8159722,19498349.684640113,2.9811738845833333,2.2164023055555555,2.6402680435069446,1.027423986111111
2024-12-02,186083463.76041666,19554253.16296915,3.025649531145833,2.268333871527778,2.6031758424305553,1.0196704374999999
2024-12-03,178240421.7013889,20863032.974675138,3.4179974322916666,2.5812268993055554,2.8918096006250003,1.0278764791666668
2024-12-04,187549430.6527778,24069894.760495476,3.5288257132291667,2.6672232152777777,2.854759106111111,1.0274934652777779
2024-12-05,194517476.5138889,25739222.617524546,3.573498021979167,2.2831914618055555,2.939881057777778,1.0031990208333332
2024-12-06,195797900.2777778,25576400.43260853,3.885559509618056,2.194611857638889,3.2010082014583334,1.0781836111111112
2024-12-07,209505685.3472222,27190864.820707064,3.9637039701736114,2.337551791666667,3.238631853645833,1.030985125
2024-12-08,213835025.3263889,27861857.33933235,3.749246944409722,2.2552708472222225,3.2093496733333335,1.0540177777777777
2024-12-09,205285036.2951389,24842417.800245777,3.765930081875,2.202422621527778,3.2573863540625,0.9626251805555557
2024-12-10,168618319.5902778,17127593.445291445,3.087994615034722,2.2648716215277775,2.6054068616319443,1.0358218333333333
2024-12-11,165399225.8402778,17706050.161853813,2.918144785034722,2.2987949756944444,2.412959278923611,1.0039535104166668
2024-12-12,165386721.8888889,19763608.267622083,2.751735483159722,2.2036895277777777,2.2664095511111113,1.0697893055555554
2024-12-13,170961060.52430555,19648394.6080088,3.1731232396180555,2.37124525,2.6072143336458335,1.0620414305555554
2024-12-14,173447644.1284722,19520550.563613918,3.3623436546527774,2.440701090277778,2.775034640972222,1.07037596875
2024-12-15,169355956.8298611,18720038.602475487,3.330435293472222,2.451800302083333,2.784141646458333,1.0214956493055556
2024-12-16,171819660.0659722,18895988.78682627,3.1623691379166665,2.4676789305555555,2.5599698280555554,1.0034295347222222
2024-12-17,171783735.41666666,18402805.817298435,3.1173169470486113,2.3000404791666664,2.5787344357291664,1.0152645868055556
2024-12-18,170699466.38194445,17177579.239517607,2.562455498090278,2.1147063784722224,2.098305080625,1.0135027847222222
2024-12-19,168624362.69444445,15444618.295125356,2.455085530208333,1.9902478194444444,2.0626132769791665,1.0367962708333334
2024-12-20,164972607.2013889,13953529.426076189,2.5950890928125,1.8283687951388887,2.2287550755902776,1.0248985451388888
2024-12-21,161684714.9722222,14243752.822254082,2.6224743240972224,1.8709205902777777,2.201357242847222,1.0269009166666665
2024-12-22,152640057.6423611,12877756.074190848,2.534883805,2.017251079861111,2.1696659627777777,1.0105428506944445
2024-12-23,150468284.78125,12962604.364703165,2.5309162375,1.9594239722222224,2.231121182048611,1.0091208368055555
2024-12-24,153057299.88541666,14090270.675689563,2.5064087846875,1.97221015625,2.1973525124305557,1.0885484305555557
2024-12-25,157086807.9722222,14626111.781935824,2.5933964510416665,2.017684517361111,2.2785581828125,0.994566513888889
2024-12-26,155653424.31944445,13541577.996578319,2.560900366979167,2.0460971319444443,2.262361718333333,1.0686193090277778
2024-12-27,155540740.8159722,13463178.759539258,2.320564875,2.0014216319444444,2.113359901736111,1.1141800243055555
2024-12-28,155663596.69444445,13480724.493116416,2.3061621871875,1.9559508125000002,2.089691019861111,1.1531359409722224
2024-12-29,157624416.86458334,13649207.633405428,2.4271394967708333,1.9105789340277777,2.1475292346527777,1.0888783993055555
2024-12-30,156495543.32291666,13254546.040646983,2.5046254753125,1.9043657916666668,2.2420603009027777,1.0623347534722223
2024-12-31,155505786.7847222,12852944.532649646,2.572769504270833,1.9770740347222224,2.3104127429166663,1.023766670138889
2025-01-01,156524679.0798611,13041605.567792846,2.5734393509375,1.9217596493055555,2.329630880173611,1.0936980798611111
2025-01-02,161154874.75694445,14166408.6165372,2.6839997227430556,1.9163150173611112,2.4008326342013886,1.168233704861111
2025-01-03,162837969.18055555,14712522.552113958,2.7613161054166664,1.9968927256944444,2.370001536527778,1.0871311944444446
2025-01-04,167424239.85416666,15527927.914353367,2.989340614513889,2.4456698958333334,2.457371477083333,1.0994318923611113
2025-01-05,167657156.1388889,15376015.430026114,3.077964297847222,2.4900250416666667,2.512623551388889,1.1786024548611111
2025-01-06,170677090.8472222,16099994.524882883,2.9110264662847225,2.4225748194444443,2.431342978263889,1.0732602395833333
2025-01-07,170284075.6736111,15520306.39347807,3.0579786960069444,2.3540757430555552,2.521109280034722,1.0630172743055555
2025-01-08,165800346.16666666,13712508.71641213,2.7427406022916667,1.8155469687499999,2.3872993972916667,1.0833051041666666
2025-01-09,173690936.13194445,14325787.529889459,2.7603459772916668,1.5051264375,2.4973052928125004,1.1176358958333334
2025-01-10,165443449.9861111,13678632.995950185,2.737921317222222,1.4863981527777779,2.524158990590278,1.0879346736111113
2025-01-11,165190819.66319445,13659789.322309107,2.783087978923611,1.5171213055555555,2.569892692465278,1.2317461354166666
2025-01-12,165329301.04166666,13599203.698512498,2.7792300977430555,1.4838195208333333,2.5507368881944448,1.1669815729166666
2025-01-13,167100545.5625,12948979.384106228,2.7215210857986114,1.3687280173611112,2.4283324231944445,1.0136638680555556
2025-01-14,166355042.33680555,13255305.475245219,2.685125013263889,1.3444826701388888,2.4399061356597223,1.1417626388888888
2025-01-15,164692381.46180555,13660252.53007061,2.724559019340278,1.3797081666666666,2.392234397048611,1.1073079340277776
2025-01-16,166563701.2326389,14294282.658463692,2.881717381423611,1.4283432569444445,2.580167138576389,1.0819845138888888
2025-01-17,164727558.3888889,14564496.24254054,2.939290170833333,1.4693439965277777,2.6581421478472222,1.0992695625
2025-01-18,155517779.27430555,13149780.07140059,3.2039033326388893,1.4560100972222223,2.715373619409722,1.05779159375
2025-01-19,162045520.6284722,13192879.180027103,2.7075266906944444,1.431244888888889,2.416034631493056,1.0260596875
2025-01-20,170757705.2048611,13257980.417921443,2.5888713082986112,1.4692897118055557,2.3728181604166667,1.0521339374999998
2025-01-21,174496165.36805555,13273163.961449198,2.647791299340278,1.5599827118055556,2.4306463600694443,1.0572434722222224
2025-01-22,175102778.35069445,13567192.904571703,2.539113255902778,1.5378246319444444,2.1378183211805553,1.124294670138889
2025-01-23,176460225.06944445,13186878.039809339,2.671866185460993,1.5831660034722224,2.2065475575694444,1.058178451388889
2025-01-24,175087736.96875,13066876.916006923,2.8156659170833334,1.6048870034722222,2.4881610185416667,1.0599792881944445
2025-01-25,175145504.7222222,12855366.51844266,2.801816283229167,1.5831765659722223,2.477989178784722,1.321460107638889
2025-01-26,173028515.47916666,12992075.478735415,2.7949500864930554,1.5647510729166667,2.4845651939583333,1.0515486805555556
2025-01-27,174321602.81944445,11841224.977230124,2.859191914791667,1.5108638055555557,2.4941139396875,1.0604470729166666
2025-01-28,179055960.3784722,12242472.306785189,2.8817301931944446,1.46637646875,2.5483300385069447,1.090999875
2025-01-29,181768120.59375,11870526.562341552,3.118251372534722,1.2349402534722222,2.9054528442361107,1.1037408020833333
2025-01-30,168947166.39583334,11837130.158499042,2.796241671111111,1.4961320590277778,2.479429601215278,1.113768017361111
2025-01-31,162196740.47569445,11780085.477494782,2.7091695447569446,1.6245076250000001,2.3147190839236114,1.1539990798611113
2025-02-01,152981905.61458334,10797446.831954427,2.95262875,1.6112800868055557,2.4990447292708335,1.1710982083333332
2025-02-02,149740605.2361111,9437677.659624351,2.8867594535416665,1.5010065277777778,2.5240066484375,1.0206006493055557
2025-02-03,160096229.35069445,9015817.133502822,2.080779744965278,0.9739559722222223,1.9328821797902098,1.0162996180555557
2025-02-04,161665168.69444445,9535840.44641368,1.9831668197222223,0.9467629930555554,1.839635945486111,1.0554588125
2025-02-05,159808276.47916666,9223826.51880185,2.031430006388889,0.9749471562500001,1.8949570352777778,1.1601340208333335
2025-02-06,164051550.2951389,9184809.023821566,2.130300669270833,0.9522328784722222,1.9916577396874997,1.1154219791666666
2025-02-07,175903281.9375,9786710.42825466,1.7186449517013889,0.85611709375,1.6724373054513888,1.1861369895833334
2025-02-08,181601521.25694445,10140770.788166337,1.689975584548611,0.8060472916666667,1.6780332904166668,1.1360039097222223
2025-02-09,182162003.0972222,10702315.566427823,1.7751832966319445,0.8780846944444445,1.7263474677430555,1.1994558159722224
2025-02-10,178175205.10416666,10477515.228092732,1.8837588839583335,0.9171915694444444,1.8005259665972224,1.1563247881944445
2025-02-11,176161204.49305555,10546578.293000806,1.9598968759722222,0.9225238506944444,1.8851356105208334,1.2539450277777777
2025-02-12,159221645.9027778,9694597.543872003,1.7478209201041668,1.104200361111111,1.7211913059027777,1.152958704861111
2025-02-13,159824104.5590278,9893412.00135332,1.9209779979861112,1.0747765729166667,1.752664027013889,1.1660553055555556
2025-02-14,175993508.15625,10884242.488502504,2.0333943735069444,0.9571999305555556,1.9258359509027778,1.1884190034722222
2025-02-15,184167313.0590278,11116393.97539846,2.0266690053125003,0.8823098611111111,1.9791176322569446,1.2552648888888889
2025-02-16,182716597.02083334,10853884.936358491,1.8626479599305554,0.8112819409722223,1.8235136652777777,1.1596487048611113
2025-02-17,179636801.89930555,10832365.096272044,1.812826021736111,0.8007171319444445,1.7672482508333334,1.1322844583333334
2025-02-18,183039425.95833334,10407739.41339426,1.8891360453472221,0.7974195520833334,1.799597831111111,1.0100964965277777
2025-02-19,198680960.4201389,10821469.402987607,1.9988865648611112,0.9677354131944446,1.8580955109375,1.0359890833333332
2025-02-20,209095106.8784722,11203907.798290184,2.1763506268055557,1.081469451388889,2.0052628322222223,1.1524587291666668
2025-02-21,208310410.2673611,11086267.831669299,2.401451413159722,1.125969003472222,2.1436060658680556,1.2408113541666668
2025-02-22,203323297.2048611,10620252.378422953,2.172905265,1.096278829861111,2.053866854722222,1.1081699479166667
2025-02-23,203788205.4548611,10628171.805864232,2.0558560556944445,1.09100075,1.9128103454861112,1.2247094097222222
2025-02-24,211303864.69444445,10636136.409618787,2.0645672149305554,1.1060464236111112,1.9519410042361112,1.063594767361111
2025-02-25,215784525.4826389,10371243.249350626,1.9957663713541665,0.9675889131944445,1.9879380401041666,1.0193452534722223
2025-02-26,216040020.4548611,10797788.8636541,2.081672148090278,0.94289059375,2.0236079413888888,1.1777639965277777
2025-02-27,207276016.8090278,10570689.322882302,2.0778377872916667,0.9512628055555555,2.0548185893402775,1.3333166458333334
2025-02-28,199745980.21875,9820472.81230187,2.209899544722222,0.92227734375,2.172643410659722,1.1530315208333333
2025-03-01,197601763.7222222,9897287.908947421,2.2372493970833336,0.9100891875,2.1683634036111115,1.3342853368055556
2025-03-02,194338666.72916666,9985532.508494888,2.142550657013889,0.9045698298611112,2.1031395866319444,1.181812326388889
2025-03-03,198258734.86458334,9965419.965192439,2.3821299614930553,0.9718154166666666,2.2363253343055556,1.250785263888889
2025-03-04,215618032.1701389,9992252.362355419,2.2278812181250003,0.7812696145833333,2.2058560792708333,1.0187793645833334
2025-03-05,219329397.52430555,10524276.538129162,2.052292223993055,0.7447520833333333,2.0602803926041666,1.197135628472222
2025-03-06,216688317.0659722,10600562.367475534,2.0860884049305555,0.7574743229166666,2.0393587893055556,1.1119609548611111
2025-03-07,205706367.0173611,9895734.967508836,2.0728925540972223,0.8119122534722222,2.062058468125,1.201462451388889
2025-03-08,209749921.97569445,10000390.328627042,1.870816578298611,0.8027399861111112,1.9506455623958334,1.1604756944444443
2025-03-09,207606785.22569445,9459728.143909048,1.9442701213888887,0.7799146215277778,2.0510387630208333,1.1965244375
2025-03-10,209420840.375,9157982.654523127,1.8449547698611113,0.7620619340277778,1.9797211698958332,1.0755433854166665
2025-03-11,202845599.85069445,8702613.729062222,1.6600150516319445,0.7663505625,1.7384193550694444,1.1172489826388887
2025-03-12,187167085.38194445,8078350.480669288,1.7467028600694445,0.8663235,1.7538969301388887,1.213670173611111
2025-03-13,176176920.28125,7558109.168273967,1.8982056104166665,0.9264502326388888,1.794227579861111,1.244901923611111
2025-03-14,179694619.4861111,7809739.350688647,1.9365699691666667,1.0455425277777777,1.7645342494791665,1.2795701805555555
2025-03-15,189051386.7847222,8518157.167491443,1.8962453872569445,1.239002829861111,1.7598947966319445,1.2072018854166666
2025-03-16,183850896.07291666,8339270.234587631,2.0374292938541667,1.3015264444444443,1.8970838844791666,1.3740576666666666
2025-03-17,175235462.4097222,7904075.842010919,2.0907076443402777,1.288835392361111,1.9659423931597222,1.4154835347222223
2025-03-18,171979834.0902778,7708989.020380716,2.147412063611111,1.3008668784722222,1.8888626302430553,1.2156920104166666
2025-03-19,177610494.44791666,8160908.416680502,2.1172197822222225,1.3313667291666667,1.8346725592708333,1.2658323541666665
2025-03-20,178011444.8125,8137984.978296982,2.1980297168055554,1.3506874479166666,1.8639798266666665,1.3653164861111111
2025-03-21,170688986.8263889,7684006.561696346,2.1947550542708334,1.4069276631944445,1.9128115667708334,1.1515341979166667
2025-03-22,168657955.5347222,7772812.204879226,2.137132168645833,1.5474194305555555,1.903860740173611,1.3282180034722222
2025-03-23,171377299.58680555,7779140.951413425,2.4261157152777777,1.4990261354166667,2.0925250762500003,1.8186462743055556
2025-03-24,177561340.20833334,8372735.89171452,2.2651488122916668,1.3860563819444445,2.0191329058680556,1.451340638888889
2025-03-25,182543687.69791666,8800607.153748177,2.2554553406944446,1.30643403125,1.974828285,1.2224174965277779
2025-03-26,177548444.83333334,8596442.482140655,2.3902420770486112,1.365613670138889,2.057222124201389,1.3641697534722224
2025-03-27,179302728.8888889,8553307.566636812,2.162112560798611,1.3452041458333333,1.8597641356944443,1.4615708229166666
2025-03-28,181348558.01041666,8077920.010522238,1.9573711185069445,1.2698746597222224,1.7350304629513889,1.3340032847222223
2025-03-29,183068232.86805555,7715785.5248768395,1.8892926915972221,1.1872057777777778,1.7204317530902777,1.4587186284722222
2025-03-30,181297355.46180555,7652611.907605695,2.0037377509375,1.0867043333333333,1.80205581,1.2319901840277778
2025-03-31,180158003.5451389,7578974.7672804855,1.9446777625,1.0942616354166668,1.7776317148611112,1.1768939756944445
2025-04-01,183552505.0138889,7980522.597461945,1.7369410351041668,1.093013454861111,1.6625619685069444,1.144387079861111
2025-04-02,183237584.8298611,7762608.811368417,1.85212353125,1.143616607638889,1.7223967384027778,1.2096055381944444
2025-04-03,191816640.8298611,7752302.576596403,1.8376143694791667,1.0358170034722223,1.7403737850694445,1.2208251458333335
2025-04-04,183858174.53125,7654465.713700842,1.6446019424652778,1.09570415625,1.5896113234027778,1.1771829131944445
2025-04-05,185198768.1701389,7688152.4313694285,1.5456098327777776,1.1665667326388889,1.442594814861111,1.8271709131944445
2025-04-06,187078538.99305555,7525241.232850053,1.7600187959722222,1.1517676770833334,1.6396037934375,1.1116974340277777
2025-04-07,187919447.47569445,7177517.195516946,1.6475974157291668,1.1315460138888889,1.584988509375,1.11275896875
2025-04-08,183758045.7951389,6890426.157865022,1.6629460670833334,1.243280763888889,1.5716266287152778,1.2408489826388889
2025-04-09,181427337.5798611,6752261.476670871,1.686866745798611,1.2141404479166666,1.564746757326389,1.1808140104166667
2025-04-10,179462049.2986111,6927744.428899452,1.7802622858333332,1.3278960451388888,1.567027123923611,1.3584784583333334
2025-04-11,179446201.7361111,7044533.087666822,1.80140294375,1.2836612118055557,1.6102903474305554,1.2013326840277778
2025-04-12,186676067.4097222,7334930.72102068,1.9685056171875002,1.4081108854166666,1.7386124689583333,1.4443917118055554
2025-04-13,185487519.65625,7233301.356342208,2.125821919791667,1.4715488368055556,1.864871460034722,1.2686885451388887
2025-04-14,185648717.05555555,7016854.480317261,2.123579984618056,1.4903146215277778,1.8973131008333333,1.2002016354166667
2025-04-15,185421015.8611111,6819472.6793315075,2.125273073404255,1.422456304964539,1.967646364558304,1.4643664097222222
2025-04-16,193253526.7673611,6903954.926814758,2.1065691013541663,1.3321340069444443,1.9328831464236111,1.5061725902777778
2025-04-17,203544454.0972222,7227209.694918034,2.0538490414236112,1.2632225868055555,1.896320560486111,1.4547671805555555
2025-04-18,207389252.7326389,7522512.203760496,2.0250758275694443,1.351389690972222,1.8533916134722221,1.2442316909722222
2025-04-19,207561878.125,7749858.400321053,2.1214533306944445,1.4089495868055557,1.9349817253472221,1.7802450277777777
2025-04-20,210766834.2465278,7899964.288852138,2.1785068575694444,1.5040027465277777,1.9908819631944443,1.4303750243055555
2025-04-21,215717810.7465278,8172494.969580227,2.2214050917708335,1.7064816145833333,1.9829066806250002,1.3835699479166665
2025-04-22,215430120.31944445,8176330.492482581,2.311806854861111,1.629452746527778,2.1054689978819443,1.1892313298611112
2025-04-23,217998021.39583334,8899028.217074228,2.2784372165277778,1.8663261770833333,2.0903887664930556,1.3199290381944444
2025-04-24,223979194.14583334,9135596.201289166,2.332795628784722,1.9403570034722222,2.1801802036458335,1.2809562430555554
2025-04-25,222668342.59375,9350361.112445638,2.461170866215278,2.1327436597222222,2.3413391928125,1.2125380208333334
2025-04-26,216649379.2777778,9283431.809186826,2.4991647529166667,2.154644125,2.3555276972916666,1.3141748090277778
2025-04-27,202020345.3784722,8403681.031838454,2.485701242430556,2.1469441284722226,2.2667025242708334,1.2800486458333333
2025-04-28,196207927.7361111,8109631.139789562,2.618242058090278,1.9563651770833335,2.3676332812847223,1.3207530590277778
2025-04-29,194472116.8090278,8171788.7347149765,2.571557958263889,2.2954960416666665,2.3299542559722224,1.2592573263888889
2025-04-30,192523543.85069445,7906674.070690027,2.6229633726736115,1.9047896180555557,2.3790456409375,1.2505429548611111
2025-05-01,188764751.7951389,7905214.3969446905,2.392455986215278,1.8814502534722222,2.1517635561805557,1.4138104895833332
2025-05-02,190947237.1736111,8098067.55975898,2.387793246111111,2.0218938194444447,2.158134546631944,1.42170546875
2025-05-03,186020560.3784722,7688134.552446895,2.551850615451389,1.975080138888889,2.3079211897222223,3.977541753472222
2025-05-04,182055974.7951389,7174644.441696104,2.508992431527778,1.5747346354166667,2.292204370625,1.416240329861111
2025-05-05,179740065.7951389,7064364.6972606145,2.452651016736111,1.4325566527777778,2.249079204826389,1.2340044270833335
2025-05-06,183264531.03819445,7103086.854928585,2.3958932063541667,1.3642831284722223,2.2553231393055553,1.1660583472222223
2025-05-07,189881897.8576389,7409210.804837996,2.2440126887847223,1.406662920138889,2.1271320739236113,1.1932600972222223
2025-05-08,189040388.4201389,7921184.616101523,2.014031645173611,1.494706472222222,1.846936135798611,1.2648501111111112
2025-05-09,192304464.02083334,8728351.291197296,2.4090032988541665,1.6688541701388888,2.2298024089930557,1.4082273125
2025-05-10,189928686.90625,8943312.069311753,2.6258139040972224,2.010283590277778,2.328565179479167,1.338208704861111
2025-05-11,187906435.6875,9062750.386392416,2.7590028047222224,2.166826579861111,2.360614167638889,1.1991928402777778
2025-05-12,188608572.25694445,9129514.99440287,2.782524485659722,2.1739625381944445,2.393158340520833,1.0942883055555557
2025-05-13,189896249.06944445,9135691.696640875,2.546848673611111,2.1991951527777776,2.1992358580902778,1.1106751805555557
2025-05-14,193782297.11458334,9472315.077451857,2.6989920627430557,2.3557098020833336,2.3389931130208335,1.1654144270833333
2025-05-15,196688701.32291666,9011345.745048039,2.3672761467013888,2.252682409722222,1.8823669122916666,1.0610632743055557
2025-05-16,199307640.3402778,8963105.687666483,2.1355860751736113,1.9755880694444445,1.8119337840972223,1.1576827326388888
2025-05-17,196555953.8611111,8423129.565738702,2.1080296318402776,1.9192124375000001,1.8073993890625002,1.1172254479166666
2025-05-18,192272773.03125,8404602.262528861,2.113718844409722,2.0689538645833334,1.9053974925694444,1.2458466145833333
2025-05-19,185095705.11805555,7969690.135550923,2.277058898472222,1.9580932916666667,2.0126928608680554,1.1938642881944446
2025-05-20,188830191.15625,8221200.233868486,2.1861956965625002,2.0453371666666667,1.9844276852083336,1.1801702534722223
2025-05-21,192920701.09375,8587136.298061525,2.1412861879166667,2.0117558958333337,1.977908415659722,1.3152701527777777
2025-05-22,200784374.9826389,9350981.128221892,2.1112599128819443,1.90358065625,1.9024492419444445,1.2033666354166668
2025-05-23,202188846.56944445,9324640.42247936,2.3455519622222223,2.134712559027778,2.0225519180555556,1.1651266805555556
2025-05-24,202957459.4409722,8926799.48876031,2.3460171960763887,1.6707221597222222,2.1976455698958333,1.2010834375000001
2025-05-25,199698254.77430555,8544901.225434385,2.2963985436805556,1.60451559375,2.148281121666667,1.2317499479166667
2025-05-26,190017217.34375,8302001.21628336,2.178648898784722,1.7301183819444443,2.0076447975694443,1.139344423611111
2025-05-27,184202593.94791666,8093191.9853863185,2.1531109142708336,1.8047547916666664,2.014414313576389,1.2833924965277776
2025-05-28,184290809.9513889,8063050.7668284625,2.3610181695833337,1.7112106458333334,2.186282044548611,1.2963513159722222
2025-05-29,184333019.61805555,8021576.203739477,2.4960985893055554,1.8689846562499999,2.2562017144444444,1.2253397465277778
2025-05-30,190109591.8402778,7643556.177556392,2.3078788263541665,1.685285486111111,2.043474026840278,1.1363558368055555
2025-05-31,191751601.30208334,7388811.20615761,1.9178127724652778,1.5450694479166667,1.939880950138889,1.1356335381944445
2025-06-01,195629171.1840278,7644966.850211733,2.025147809479167,1.4209969305555556,2.0845913322916667,1.3732853402777776
2025-06-02,206646956.03819445,8152070.082041336,2.138241990798611,1.2926830590277776,2.203765950173611,1.2617095104166667
2025-06-03,198227162.3402778,7984967.332141606,2.0644948459027774,1.4560665625,2.161987157465278,1.5590314375
2025-06-04,195259602.6527778,7767142.704149779,2.070622999027778,1.551219934027778,2.0618934660416666,1.3966842777777777
2025-06-05,198975540.22916666,7650694.21473954,2.153386067326389,1.5710081145833332,2.184087002361111,1.3630259618055556
2025-06-06,208090763.06944445,7782879.318441469,2.08840664125,1.4230194236111111,2.1469149400694447,1.8182223541666669
2025-06-07,210296669.64930555,7989546.383131838,1.9936468078472223,1.4026330625,2.0891609130902777,1.9653879583333334
2025-06-08,210207770.50694445,7985083.326690233,1.9868163219444444,1.4534615069444445,2.064962216423611,1.852374513888889
2025-06-09,207065295.2152778,7913209.03093069,1.9452359325347222,1.54743628125,1.9409605785416666,1.7217290763888888
2025-06-10,209897907.5451389,8318964.8415314425,1.9513547454513889,1.5904251145833335,1.8776942416666667,1.4396132986111112
2025-06-11,207795769.71180555,8337050.59925781,2.2326754331597223,1.6560928923611111,2.1007292083680555,1.2092409131944446
2025-06-12,202958428.60069445,7749258.922247782,2.2789957722569443,1.5317215555555554,2.141137331840278,1.2853973020833334
2025-06-13,212059286.9201389,7609132.880555689,2.1355968104166667,1.2931773194444445,2.0423478361805554,1.237340548611111
2025-06-14,205489030.0138889,7452733.679030201,2.1915367979513887,1.35162496875,2.1258930345138887,1.6009084305555554
2025-06-15,202214538.2222222,7329724.089624418,2.2176981327083336,1.3727340659722223,2.2221677925,1.982182392361111
2025-06-16,202826274.7048611,7517159.398167496,2.2141539518749997,1.3831029930555556,2.2143078610069447,1.2569794444444444
2025-06-17,200095211.25694445,7205375.737878139,2.2097033049305552,1.3727219965277777,2.1532582010763885,1.5221478958333334
2025-06-18,209234663.9236111,7348645.936020273,2.1565302128819446,1.2937603125,2.15282619875,1.4266800277777778
2025-06-19,216756416.91319445,7593233.551956379,2.117396843715278,1.2077032048611112,2.1355664808333334,1.6177037847222222
2025-06-20,214559300.7986111,7519800.431717496,1.9019656844791666,1.2247003368055556,1.963144596736111,1.5912796805555556
2025-06-21,209964547.51041666,7175370.889718149,1.8396567355208333,1.2633299270833334,1.9024482869444443,1.4041392847222223
2025-06-22,213765441.20833334,6881584.535229528,1.7235328124305556,1.267550576388889,1.7712677100694443,1.1042436875
2025-06-23,214947828.5625,7106405.161776893,1.6663488113194445,1.2563070659722222,1.6902663934027777,1.1096233194444443
2025-06-24,211558248.59375,7468846.429153027,1.7779113530208335,1.2984432569444444,1.7494004960069445,1.6074762152777777
2025-06-25,211063591.0347222,7515654.579744963,1.9283158928819444,1.2381496805555556,1.8472093408333332,1.2826129270833333
2025-06-26,210913571.5347222,7392041.861295246,1.9528959711458331,1.1028696041666666,2.0091629947222223,1.308170173611111
2025-06-27,206755073.71180555,7105141.06372023,1.8884412929861112,1.1090026284722223,1.9520413851041667,1.2937043645833333
2025-06-28,206747403.13541666,7226665.96510835,1.8777101415277775,1.1845619166666668,1.8742793302777778,1.5221071770833334
2025-06-29,198400013.8576389,7027623.943638227,2.040846599861111,1.2654240034722222,2.003336938090278,2.1984268541666667
2025-06-30,195889405.47916666,6963801.178285128,1.9932154815972223,1.2804522604166666,1.9561600395138887,1.2556241840277778
2025-07-01,198494667.58333334,6818531.981419459,1.998289691527778,1.2661728368055556,1.9724766834375,1.5830146597222223
2025-07-02,200897146.13194445,7065705.518317368,1.8748596021180555,1.1792567743055555,1.871041330763889,1.4398015833333333
2025-07-03,207696867.76041666,7629357.20099247,1.8473796212152775,1.2749431944444445,1.7837331731597221,1.6984303506944445
2025-07-04,206642321.1215278,7324499.154711667,1.9232429330902778,1.2235841909722223,1.8036066697916668,1.3786759722222222
2025-07-05,196542426.35416666,6853037.17260042,1.8779086291319445,1.234963388888889,1.8015508988194446,2.026460413194444
2025-07-06,195139769.7326389,6891468.678633457,1.7998102568055556,1.251649423611111,1.7556626116319445,1.2843155243055557
2025-07-07,194102551.10069445,6903944.354326726,1.7551389372916666,1.2495500416666667,1.7647435127777777,1.4204342604166666
2025-07-08,195527672.25,6881065.274412623,1.9435795981250001,1.2906898229166666,1.8772818957638888,1.5262017916666666
2025-07-09,195611866.36458334,7148705.892616743,1.8396013282986112,1.4109260798611112,1.7953727387152776,1.271244027777778
2025-07-10,210008714.5,8006066.4101855755,1.8877206712847223,1.6327080555555555,1.8184993023263887,1.3187691493055556
2025-07-11,205117284.8923611,8321944.846576535,2.0032240937152777,1.8487824444444445,1.9301717262152778,1.1097525902777778
2025-07-12,200197988.70833334,7984969.050731949,2.078117658298611,1.8745916562499998,1.936474141736111,1.4418764131944444
2025-07-13,203369728.36458334,8227947.331815503,2.0667795804166667,1.75597678125,1.9531783811458334,1.3270821840277778
2025-07-14,209775633.5138889,8599416.511661807,2.0456208455208333,1.7213136145833332,1.9685052798958336,1.1967705694444444
2025-07-15,205836661.29166666,8196319.265743196,2.2374816890972222,1.655753361111111,2.065174641875,1.389606232638889
2025-07-16,203463209.89583334,8463392.769184234,2.1121027712847225,1.9137066666666667,1.9030653977777778,1.1955873680555555
2025-07-17,203347105.0625,8544814.320148509,2.0933398815625,2.170224302083333,1.9142750401041668,1.14087221875
2025-07-18,199883710.5798611,8719914.976641057,2.238022267083333,2.1556044826388887,2.051759464409722,1.26039459375
2025-07-19,200005631.1909722,8539293.519952793,2.5093425028819443,1.9747238749999998,2.240964225451389,1.43486325
2025-07-20,199913202.97916666,8951136.24461966,2.349935400659722,1.9949144166666666,2.133050208298611,1.0920688055555554
2025-07-21,193391615.33680555,8926106.572184296,2.412980303862816,2.352611314079422,2.119531366884058,1.4921415381944445
2025-07-22,189751384.875,8586704.289931465,2.5558253646718145,2.5822888229166665,2.179366660763889,1.281468107638889
2025-07-23,190855671.9409722,8434931.970311714,2.6987015268750003,2.4593271284722222,2.2699024525347222,1.207156138888889
2025-07-24,190808376.58333334,7972432.968457488,2.764475488784722,2.273199027777778,2.3041899706597224,1.0982789444444443
2025-07-25,194746393.1701389,8033284.24171888,2.7472975265625,2.238260572916667,2.3012437274999997,1.3179483055555556
2025-07-26,198456475.64930555,8443046.602708692,2.494506320034722,2.533066052083333,2.0964102030555556,1.2669442465277776
2025-07-27,199433870.25694445,8619892.846527858,2.3462534943055555,2.479038993055555,2.020803909409722,1.4316734756944445
2025-07-28,203423722.61458334,8797856.610511871,2.6196271148263888,2.2984007569444445,2.2820988185069444,1.2218002569444444
2025-07-29,207927933.55555555,8604653.675918832,2.4545417359722226,1.9642478298611112,2.2254294388541664,1.2845038333333332
2025-07-30,209684232.6284722,8481481.58375037,2.3338179181944443,1.8808986423611112,2.101173128611111,1.1752046909722222
2025-07-31,205202077.09375,8316705.886520058,2.211361599618056,1.8904156388888889,2.0093222000694446,1.2121090972222222
2025-08-01,201387912.08680555,7662291.545086576,2.1056724755555556,1.8201202847222224,1.9432496738194445,1.1358849444444443
2025-08-02,204064333.05208334,7630078.442288105,2.034631226458333,1.5890128541666666,1.9438938037152778,1.6392555972222222
2025-08-03,201244720.01041666,7605502.296753357,2.110495434965278,1.5497744270833334,1.9895376221527776,1.3187005868055557
2025-08-04,200993386.90625,7850180.280730005,1.9911929461111113,1.7821818402777778,1.8549602205208333,1.3207904548611111
2025-08-05,201165888.69444445,7880326.596753304,2.095991812951389,1.8255652430555556,1.881064273472222,1.1685817083333334
2025-08-06,205015371.5138889,7948166.064407112,2.085721238923611,1.6670280868055556,1.9198964445833333,1.2672269131944445
2025-08-07,205605028.5798611,8190105.475066044,2.1200712773611112,1.7276725416666665,1.9821810136458333,1.4809231006944445
2025-08-08,208685665.3263889,8637893.742470901,2.099156640625,1.529858951388889,1.9597604717361112,1.3344963298611112
2025-08-09,204445287.75694445,8832141.252704246,1.9796538199652778,1.5488098993055557,1.8854844955555556,1.6473507291666667
2025-08-10,207869058.2152778,8932646.98399546,2.1397973903819447,1.5919472847222222,1.9862805802083332,1.389271607638889
2025-08-11,209731006.2673611,8884465.093391903,2.269524461423611,1.6552567534722222,2.090228081423611,1.115172722222222
2025-08-12,208305790.0625,8742003.001205334,2.151519059340278,1.6311929409722223,1.9979664229861112,1.1737261493055557
2025-08-13,209749911.0763889,9183791.103509942,2.108888611111111,1.7986742673611111,1.861037260451389,1.2850025208333333
2025-08-14,194156670.2465278,8198700.8176019145,2.4860128567013886,1.7514116979166667,2.081169039201389,1.1131399305555556
2025-08-15,190600769.59375,7657783.84682025,2.5426344728125,1.4686618472222221,2.225131770138889,1.1043271527777778
2025-08-16,179201679.97569445,7314558.216986965,2.2657775923263888,1.3871095520833334,2.057213423576389,1.1976027743055555
2025-08-17,172822700.5590278,7213837.139759572,2.124152565833333,1.4183390868055554,1.9591053196180555,1.2925436527777778
2025-08-18,172628710.75,6913207.45568624,2.3550073704513887,1.4559512534722223,2.0444500612152776,1.5565770798611112
2025-08-19,185411347.8472222,7316423.434156146,2.3775650168402778,1.3491292916666666,2.1358589407986113,1.2735247569444443
2025-08-20,188178213.1875,7444632.154140131,2.3635691588194443,1.2799781493055555,2.157806321076389,1.2428958368055556
2025-08-21,176745713.7777778,7062050.156513187,2.2509620303125,1.3200729930555555,1.9451843619791669,1.309512013888889
2025-08-22,179342302.1736111,7258531.391746261,2.100125074340278,1.458578152777778,1.9089525923958333,1.1610623263888888
2025-08-23,183918246.21875,7694862.677977403,2.1274121641666666,1.7982210833333332,1.9278769185069444,1.3531061631944443
2025-08-24,183204043.6909722,7472741.1205886435,2.295887357291667,1.8308939166666667,2.036300974861111,1.4574699479166666
2025-08-25,187027955.5763889,7390630.4375899555,2.337677985138889,1.7142793472222222,2.0772286023263886,0.9768027638888888
2025-08-26,189062730.1284722,7359119.27642964,2.1320401437847223,1.46331553125,1.9562022133680554,1.2576115277777777
2025-08-27,190160927.1840278,7531814.608695948,1.9346490594791668,1.4312208784722222,1.7747024837152778,1.3094990208333332
2025-08-28,192224448.01041666,7711398.91633812,1.864890347361111,1.4499277986111112,1.7094310051041668,1.6437675694444445
2025-08-29,192272241.57894737,7593847.670883637,2.1475030881754384,1.6962435333333334,1.849883897894737,1.1413189789473686
2025-08-30,195159986.86458334,7665402.183529226,1.9975939952430555,1.5037461041666667,1.8291371126388887,1.6106136666666666
2025-08-31,195722544.25,7922566.891374801,1.767147298576389,1.4658073298611112,1.644176163263889,1.474662875
2025-09-01,190906772.0277778,7504057.233333515,1.9596602289930556,1.4210935694444444,1.8144857562152776,1.1405992152777777
2025-09-02,177832397.79166666,6972323.327742272,1.8701203099305554,1.386967201388889,1.770624980451389,1.2470871562499999
2025-09-03,170522573.39583334,6727904.6269300375,1.8792929475,1.4615727777777776,1.7501280292708334,1.5402947291666667
2025-09-04,170521140.25694445,6647443.9094247185,1.9430271727777777,1.4855150694444446,1.8394730838888889,1.3873590694444444
2025-09-05,169967954.5590278,6682996.946189349,1.8469366939583334,1.4332875555555555,1.7909515701736112,1.3082797673611113
2025-09-06,176364852.46875,6912259.521168524,1.8839921305555558,1.5555807222222222,1.7649121226041666,1.3669677916666667
2025-09-07,180538758.7673611,7163256.10462279,1.7099364488888888,1.5547189861111113,1.6229547227083332,1.865433809027778
2025-09-08,195498003.52083334,8026265.995183673,1.6743471880902776,1.6418734618055555,1.5992873328472221,1.4573733541666667
2025-09-09,193170581.86805555,8149494.035435249,1.851827133125,1.6670859756944445,1.7276763403819446,1.2910047743055555
2025-09-10,192412291.5173611,8149077.794173664,1.9249786467708334,1.5682533125,1.787440846979167,1.4829872361111112
2025-09-11,199387160.73958334,8385015.798745568,2.016258462361111,1.7092684097222222,1.875310120173611,1.4180078402777778
2025-09-12,201835373.03125,8627892.200268151,1.965712864375,2.0926588819444443,1.7976601602083333,1.330715034722222
2025-09-13,202851150.3125,8861050.274955433,2.1182008299305557,2.176331885416667,1.8917975914930554,1.4789204895833334
2025-09-14,196177200.3611111,8441984.227675833,2.1842440858680554,2.1992181979166667,1.9491042592708334,1.1979703645833333
2025-09-15,189765320.0,7822653.776019035,2.4087721905555557,1.91127740625,2.0976947335416667,1.468242732638889
2025-09-16,189310817.6736111,7771996.718209397,2.420884483298611,1.7869468402777775,2.1119331928472223,1.4375937013888889
2025-09-17,191922140.30555555,8003877.900827076,2.233937885277778,1.7438894270833334,2.0416286659027776,1.362655079861111
2025-09-18,194430153.57291666,8400974.023038434,2.069782092395833,1.8803915659722223,1.9057677710069443,1.4676760243055555
2025-09-19,196840913.47569445,8379165.743808869,2.264599276215278,2.0943447395833332,2.0051524803472223,1.2443836145833334
2025-09-20,198157585.3159722,8361907.382284469,2.2459722851388886,1.8921541805555553,2.0320716749305556,1.2998568472222223
2025-09-21,196230334.69444445,8307495.376855056,2.229925647222222,1.9516776493055557,2.0045414956250003,1.3014378090277778
2025-09-22,187822187.8159722,7409952.396342065,2.6146596118055556,1.5775661006944446,2.2910635042708334,1.1096314236111111
2025-09-23,184845409.5590278,7295562.249092309,2.445620591076389,1.4334669861111111,2.2108249208680553,1.2734886944444446
2025-09-24,182878817.6701389,7348259.751144967,2.2220780880555555,1.4055086666666667,2.0817633607291666,1.2589220347222223
2025-09-25,184765081.3611111,7210461.231552512,2.2559948198958333,1.3676881493055555,2.109096497673611,1.1830674618055557
2025-09-26,183217256.3576389,7102138.521944282,2.3697458423958335,1.4138478993055557,2.1783959275,1.3521596215277778
2025-09-27,188617093.9652778,7387786.599708422,2.4640183566666667,1.5407098368055554,2.250334333402778,1.5152443715277777
2025-09-28,188235920.82291666,7324987.721159183,2.424709868645833,1.55218921875,2.2394179185416667,1.2260389444444444
2025-09-29,191258809.0763889,7603682.512690695,2.0379849532291665,1.5457956979166667,1.8870257839583333,1.2304759131944445
2025-09-30,193180482.3715278,7619251.237179965,2.067099387951389,1.6019139444444446,1.8045604779513889,1.3345548819444444
2025-10-01,211233979.99305555,9082758.244161446,1.7506992138541666,1.4916478680555556,1.6216051984375,1.2567358680555556
2025-10-02,231574798.76041666,10593571.67116493,1.8559602100347223,1.6311938055555555,1.6889314363541665,1.1571749999999998
2025-10-03,235257344.82291666,10623807.522789372,1.996799891909722,1.9536348125,1.6742070383333332,1.1786868923611111
2025-10-04,230651415.67708334,10314927.132593518,2.0280846513194444,2.1778828263888887,1.6549975477083332,1.2670862430555556
2025-10-05,224394665.9201389,9962834.956038684,2.0647485937152776,2.1790351631944445,1.7273188465972222,1.3895518958333333
2025-10-06,221302343.27430555,9751012.256484559,2.2827336773958335,2.240569315972222,1.8396670530208334,1.4596456979166668
2025-10-07,233372471.3472222,10133783.367401853,2.3107772880902777,2.3046040694444443,1.8501182778472223,1.2473144236111111
2025-10-08,240038613.9965278,10105193.736268722,2.2767298397569444,2.292259590277778,1.7877084051736114,1.3325550034722222
2025-10-09,239946891.4548611,9876044.234269045,2.1832742682986113,2.139654114583333,1.7584494673611113,1.2311011527777778
2025-10-10,230551196.2673611,9103567.71967471,2.119497425138889,2.0652435277777776,1.803763952951389,1.15901903125
2025-10-11,191278235.43055555,6174576.851797383,1.1735269198611111,1.7205409930555555,1.2249817148263888,0.9938727326388889
2025-10-12,185111987.0034722,6154727.445060155,0.9770311978472223,1.42051009375,1.0358416775694446,1.0300931770833333
2025-10-13,172570837.4236111,6173099.565363824,0.9261319626041666,1.3473771319444445,0.9876663221875001,1.2766478958333334
2025-10-14,168210162.27430555,5932366.493611149,0.8950007630902778,1.24201759375,0.9979363971180556,1.33246525
2025-10-15,167602343.0798611,5888186.199852196,0.8920433723263889,1.3118517569444446,0.9851255715277778,1.2530397152777777
2025-10-16,163429070.30555555,5558543.600645398,0.9773317626388889,1.2200140034722222,1.0693170190624999,1.25909846875
2025-10-17,169456416.88541666,5534123.155377162,1.0228816104861111,1.2091932083333332,1.0792265172569444,1.0816716597222222
2025-10-18,174070441.46180555,5706161.183577634,1.0239336639236112,1.210945173611111,1.0946254163888889,1.4657104409722224
2025-10-19,176121403.3784722,5784921.154740595,1.0221278021180555,1.1928876840277778,1.0544377127083333,1.4814952395833334
2025-10-20,180282388.5486111,6004603.863116402,0.9671146199305556,1.116629892361111,1.004499307361111,1.4033850694444443
2025-10-21,175781896.10069445,5769910.031626277,0.9393599788194444,1.1017328819444443,0.9649009170486111,1.3030620138888889
2025-10-22,174517767.2986111,5560334.364827842,1.0100751114583335,1.1688956631944445,1.0295489470486112,1.2762198854166666
2025-10-23,176916488.41666666,5645944.205226009,0.9737374230902778,1.1216750104166666,1.0211210422569446,1.574386138888889
2025-10-24,180581734.4375,5824823.789975207,0.9042999567013889,1.0846630902777779,0.9501869969791668,1.9604910694444446
2025-10-25,178121010.6527778,5778351.040977774,0.9334210657291666,1.0862298784722222,0.9569087910763889,4.418083666666667
2025-10-26,174662736.875,5764245.864850622,0.8743311888541666,1.1014707291666666,0.9300728874305556,2.2190748611111113
2025-10-27,180852450.18055555,5991575.976403758,0.8744512842013888,1.0594916875,0.9316084362152777,1.4300315381944444
2025-10-28,182732898.94444445,5953224.479405756,0.8630342300694445,1.1210229861111112,0.9470241513194444,1.2506286458333333
2025-10-29,177791092.0972222,5719766.780263817,0.8998616958333332,1.175563576388889,0.9806660225694444,1.3691628611111113
2025-10-30,181121432.93055555,5608770.918408925,0.9213125660416667,1.225657972222222,1.0052339775694443,1.0693246527777778
2025-10-31,184931616.3263889,5687427.9475447275,0.9282822213541666,1.2509559895833333,1.0081278499305555,1.5599634965277778
2025-11-01,182384791.9722222,5680719.952691813,0.8798774586805556,1.2053735243055557,0.9872270074652777,2.8166831875
2025-11-02,180434142.8611111,5672120.77077253,0.8169059305208334,1.1750880798611112,0.9154476248263889,1.4092587430555554
2025-11-03,182289331.77430555,5421398.090866822,0.9221348386805555,1.266278638888889,0.988640546875,1.0472173159722222
2025-11-04,188217499.27083334,5376267.276127299,0.9057427690972223,1.2218019097222221,1.0009031837152778,1.0252999166666668
2025-11-05,187069943.9409722,5330046.249644636,0.936288075,1.401364267361111,1.0064645225,1.2330536354166666
2025-11-06,182464218.5798611,5319038.542463865,0.9354179897569446,1.3975852847222223,1.0393624788194444,1.187076826388889
2025-11-07,179280207.3888889,5721374.8562818635,0.9931006515972223,1.3556392743055554,1.1060111522569445,1.0184504791666666
2025-11-08,169094012.97569445,5750602.540362174,1.3310065396875,1.5476028611111112,1.3680623500347222,1.1842157604166668
2025-11-09,172798638.625,5822082.616116887,1.304191593125,1.6120306215277778,1.3374763700694445,1.2541789895833333
2025-11-10,171298795.1909722,5878731.253456791,1.2965167947222223,1.690977590277778,1.3293228616319446,1.1959683055555557
2025-11-11,160937390.5,5413209.67010547,1.2909298478819444,1.7919965208333335,1.3221211979861112,1.1794983645833335
2025-11-12,154276121.81944445,5094192.04236904,1.3802880067361112,1.8365190208333333,1.3936300813194444,1.2284669131944446
2025-11-13,152261095.97916666,4953633.787549242,1.4403740811111112,1.988696079861111,1.4294522929513889,1.1896522916666668
2025-11-14,156652448.9826389,4893587.044679161,1.6417552550347223,1.9659198194444443,1.5999997193055555,1.1999223472222222
2025-11-15,166373825.86458334,5268537.384754649,1.5170273369444445,1.9185129722222223,1.5112506732291666,1.5551541631944443
2025-11-16,160539668.9097222,4993556.621906127,1.540652267534722,1.9161823368055555,1.5598559173611113,1.4699406875
2025-11-17,163405687.3923611,4991292.891384479,1.5424383499305554,1.8412074027777778,1.5822158506250001,1.515745826388889
2025-11-18,172831808.3159722,5270903.73026133,1.3602178779166667,1.8282987465277776,1.4643286868402778,1.214733375
2025-11-19,178276755.7152778,5323339.226287928,1.4744558753124999,1.8198610486111113,1.4856012070833333,1.3106690243055557
2025-11-20,172281804.9861111,5069491.966881896,1.4628069908333332,1.7601694374999999,1.4579237424305556,1.4781832534722221
2025-11-21,175353614.89930555,4912815.801369685,1.6615043824652778,1.6068360451388888,1.6884076727430555,1.1002446319444443
2025-11-22,180312419.83333334,4999939.093063891,1.4394035407291668,1.5014033333333332,1.5251083500347222,2.56330084375
2025-11-23,185076473.9097222,5183582.987185355,1.4622637983333333,1.5168796145833334,1.5562548257291668,1.81834328125
2025-11-24,184200134.8715278,5188586.0999071095,1.3780486086805555,1.5122814270833334,1.4478312971875,1.2493363472222223
2025-11-25,179027145.02430555,5163600.3887022175,1.2393896864583334,1.5614058715277777,1.3046370773958333,1.5190117083333332
2025-11-26,178843423.64930555,5187437.488361362,1.2752815811111111,1.4149815555555554,1.3879982181597221,1.563776017361111
2025-11-27,176301711.55555555,5149514.021770019,1.2792644288541668,1.3921110625,1.3931781422222222,2.091017673611111
2025-11-28,189417219.47916666,5690421.762073562,1.212209843611111,1.352376263888889,1.3292825422916668,1.3099823506944446
2025-11-29,207755968.35416666,6382526.057170553,1.1907063542708334,1.2038495659722221,1.3080294894097222,1.4240425520833333
2025-11-30,201827517.9652778,6220729.110729904,1.1243440126736113,1.2240584930555556,1.2435658529513889,1.2031921284722222
2025-12-01,190232384.38194445,5441643.7250081645,1.5276791281597222,1.148487201388889,1.568913672013889,1.2965197361111112
2025-12-02,198022492.36805555,5824917.790660376,1.4178181645833332,1.1835863055555556,1.4861635971527778,1.8688037326388889
2025-12-03,203588290.99305555,6276917.317824233,1.2205201203819445,1.3775414305555556,1.3461094202083332,1.6886209652777777
2025-12-04,200274909.6597222,6101362.336102297,1.2821235041666668,1.2665908854166665,1.3675056679166666,1.5028648506944444
2025-12-05,188037957.6701389,5635847.910105592,1.3127156967013889,1.3464705243055555,1.3582625328472222,1.385890701388889
2025-12-06,214933495.5486111,6588891.040884697,1.2474382293055557,1.255364173611111,1.3170817011458333,1.4274531076388888
2025-12-07,238970689.00694445,7419006.417951298,1.1875272290972223,1.1440286805555555,1.268628865625,1.4006900729166665
2025-12-08,229361729.2013889,7214701.423359905,1.1679727993402778,1.1182399409722223,1.278083827048611,1.3251050243055555
2025-12-09,243591156.77083334,8071945.24613436,1.0789176194097223,1.1426927881944444,1.1444946923958335,1.2413227152777777
2025-12-10,236186901.58680555,7726419.732952876,1.1662475228472222,1.1459719131944446,1.2313493850694444,1.4540074652777777
2025-12-11,241120614.8472222,7956346.076053328,1.1602498350694443,1.2206054027777777,1.2701967127083333,1.181352767361111
2025-12-12,242196619.6527778,8062738.820900657,1.2112940387152777,1.21258884375,1.3443440583333333,1.241350795138889
2025-12-13,239068537.2152778,7996680.604503959,1.1645209272569443,1.2258876666666667,1.3119868862847222,1.1619635972222222
2025-12-14,221454884.84375,7280794.774528512,1.1725660291319444,1.3460462499999999,1.274436888263889,1.4478447951388889
2025-12-15,211494023.1388889,6704733.739428375,1.3969577180208335,1.5412035694444444,1.4540578376041666,1.482785
2025-12-16,214731383.80208334,6501070.631174672,1.3590311629166667,1.6119678194444444,1.3608023585763889,1.8672935694444444
2025-12-17,211905518.2986111,6316242.94785068,1.2279388081944445,1.601613357638889,1.2149521208680556,1.5033670972222222
2025-12-18,203602545.0972222,5889760.977287157,1.274320934861111,1.6731187083333332,1.2835182046875,1.3987106180555555
2025-12-19,244869203.08333334,8001359.346207553,0.9266631484375001,1.3937170069444444,1.0091430155555556,1.1857391145833334
2025-12-20,330968170.6597222,12182906.582149645,0.8878461490625,1.13496090625,0.9712877571180556,1.1010891805555554
2025-12-21,313155077.2847222,11415074.679669715,1.0015499466319444,1.2243419965277778,1.074327249201389,1.1748252326388888
2025-12-22,288723512.7465278,10368459.636262452,1.0562075344791666,1.3438976180555555,1.126424254861111,1.3162985069444444
2025-12-23,279890849.2118056,9800737.58807794,1.1234072594097222,1.4258396909722224,1.1545140290972222,1.5939992881944445
2025-12-24,279356497.15625,9768510.24390877,1.1285594703125001,1.4387283368055557,1.1517509106597223,1.6042316493055555
2025-12-25,272134222.6180556,9446396.25301713,1.1419849853472224,1.5450225381944445,1.1203518141319444,1.597807607638889
2025-12-26,269741163.4548611,9468501.445293015,1.1130066246180557,1.5703518229166666,1.0738323968402779,1.6648369791666666
2025-12-27,276635928.2013889,10036527.927875675,1.0895634840625,1.5851451145833333,1.107549600451389,1.4447823819444445
2025-12-28,268335305.8402778,9785910.195245618,1.0803362035763888,1.677493013888889,1.1139714488194443,1.6811030208333333
2025-12-29,268542414.6284722,9972747.113285992,1.055058485138889,1.7472478298611112,1.0553814045138887,1.254539125
2025-12-30,260905850.79166666,9835776.777575381,1.1358819308680554,1.6937894270833334,1.192277043125,1.4100263784722222
2025-12-31,331224775.3680556,14277503.083931483,0.9614722131250001,1.1624343125,1.0176864084027777,1.1236990034722223
2026-01-01,318999711.4652778,13444525.16647106,1.0943359820486112,1.1499574930555554,1.1890880841319444,1.179708420138889
2026-01-02,321369566.6701389,14033186.274470408,1.1545192850000001,1.2306153368055555,1.30827108625,1.2295006319444444
2026-01-03,331049280.6076389,14869215.406959452,1.0897331514930555,1.2131754513888888,1.1970285840972223,1.2162112569444445
2026-01-04,319941780.9340278,14470029.324154798,1.057779435902778,1.3364611944444444,1.1171549514583332,1.431519701388889
2026-01-05,313298202.09375,14255904.782015843,0.964024665138889,1.5352401840277778,0.990478571701389,1.3730987118055555
2026-01-06,302127045.5590278,13307891.9863675,0.9087097083680555,1.667690315972222,0.8832555721527778,1.2807708229166666
2026-01-07,305694553.0486111,13225279.042412318,0.8263066417013889,1.8491291736111113,0.7661155361458333,1.2823647534722222
2026-01-08,318476158.6666667,14121938.286334509,0.8338923901388889,1.8152226631944446,0.8230267873958333,1.2355253993055557
2026-01-09,317273945.15625,14203341.101793382,0.9142576097569444,1.8817897013888887,0.9160009501041666,1.222934263888889
2026-01-10,324020812.8055556,15050229.44617334,0.9364059472916667,1.861745684027778,0.9471817528472223,1.3926704270833334
2026-01-11,341338272.28125,16734508.576861143,1.1398395896180555,1.662434454861111,1.1462540314583334,1.2185318854166667
2026-01-12,325476267.84375,16073579.873894224,1.2595390127430557,1.7207743854166668,1.283447123125,1.1906673229166667
2026-01-13,362372495.8819444,19323573.308872815,1.2144830896875,1.5263031076388889,1.2579955778125,1.210612125
2026-01-14,359112085.0,19912373.931902796,1.2292039637847223,1.489125097222222,1.2720385925,1.202223388888889
2026-01-15,367064597.9479167,20734095.705594003,1.2718967060416668,1.4635333229166667,1.2824588697222223,1.0623511701388888
2026-01-16,388280654.15625,22627759.172957066,1.324847836736111,1.5224733333333333,1.447845058576389,1.142197934027778
2026-01-17,383352468.6527778,23154171.896899536,1.2559097519097222,1.4990663680555556,1.3674018303819446,1.1570411145833335
2026-01-18,381764595.8645833,23434762.122124538,1.3057734121527778,1.4851182430555554,1.4021553920833334,1.1123196527777777
2026-01-19,355061726.6909722,20476376.339629997,1.4062764814930555,1.4891465972222222,1.3701132655208332,1.033447125
2026-01-20,361002305.8298611,19560209.09971685,1.3898737867708333,1.6069848402777778,1.3135939187152779,1.0897056354166665
2026-01-21,371226624.375,19205042.516760033,1.1970778126388888,1.8054254930555556,1.1190024356250001,1.172662201388889
2026-01-22,364749711.6284722,18921758.890105862,1.1531272284375,1.8511922361111113,1.120959635486111,1.210999847222222
2026-01-23,367285131.4444444,18656463.273169726,1.038612973576389,1.9468266701388888,0.9939615207291665,1.1865230173611112
2026-01-24,383105917.6145833,19740145.2274756,0.957379625451389,1.9100446875,0.9310604028472222,1.1275953576388889
2026-01-25,397694297.5451389,20566593.34916851,1.108103870486111,1.8238737847222224,1.1067559679166665,1.138550076388889
2026-01-26,392677804.4409722,20286113.67787929,1.1109844572916667,1.8397778472222224,1.101592962951389,1.2128748680555554
2026-01-27,413946766.1006944,23167953.920752242,1.2241744323263888,2.0182350798611113,1.2201129227777778,1.1689778229166667
2026-01-28,423986957.4305556,24062102.658877596,1.3612445259722223,2.0138797187499997,1.324470627638889,1.2202215972222221
2026-01-29,416888009.2395833,20984873.74878374,1.1847611021527777,1.6849763472222223,1.0993308957986112,1.1211173472222222
2026-01-30,437419213.1944444,21097163.920453206,0.8738254358333334,1.3951955625,0.8056004422916667,1.1206513090277777
2026-01-31,412871327.5,19099727.248522546,1.0222207810416668,1.4193305868055555,0.9301860160416666,1.1494005069444446
2026-02-01,431956064.8611111,19789717.859869674,0.9768406306249999,1.3684908402777778,0.8496393338541667,1.0824099618055554
2026-02-02,432077679.90625,19928557.77586587,1.1721988253819444,1.3159780381944444,1.0597546949652776,1.2343364652777777
2026-02-03,417911141.4340278,18475678.660230145,0.929178758923611,1.406072878472222,0.8160882700347222,1.0631482048611112
2026-02-04,420152733.4409722,18733813.98444211,0.8240639794791667,1.5248771180555556,0.7193150223958333,1.2005698090277777
2026-02-05,426930323.8472222,17817198.48422816,0.9064708698611111,1.499510329861111,0.7696041895486112,1.0281242326388889
2026-02-06,427468656.7743056,17231479.712724388,0.8544228205902777,1.335369607638889,0.7328583891319445,1.1642481875
2026-02-07,437024724.0138889,18368850.10640438,0.9227818865972223,1.3045869027777777,0.7956043980902777,1.2730540868055555
2026-02-08,428718307.8020833,18035375.14056145,1.017168142673611,1.3184774097222223,0.8852055655555556,1.2171677465277777
2026-02-09,420786824.9618056,17125583.319864005,0.8714457441319445,1.3230078402777776,0.7428208089583334,1.1617130555555555
2026-02-10,444348945.7777778,17559202.228506085,0.6535247031944444,1.3445071215277777,0.5656574841666667,1.12193709375
2026-02-11,437841640.6180556,17074956.63378288,0.6202677386805555,1.44265040625,0.5330656697569445,1.0266849826388889
2026-02-12,429055060.4305556,17054522.052202832,0.6081143929861111,1.5480806909722222,0.5219035886805555,1.1101206597222222
2026-02-13,428854491.4722222,17358509.26578939,0.6462016554513889,1.595195076388889,0.5589254415625,1.3315006493055557
2026-02-14,431517179.5173611,18479813.935515262,0.7597549172222222,1.6602357291666667,0.6363791995138889,1.2990235138888888
2026-02-15,430173062.53125,17873803.64181724,0.7851586231597223,1.7596117395833335,0.643822072986111,1.1497949062500001
2026-02-16,446996772.9583333,18195369.998407617,0.6501027037152778,1.7768354895833331,0.5444133430902778,1.2101048645833332
2026-02-17,444710477.5833333,18114966.542248927,0.6563680321180556,1.7627337743055556,0.5474019015972222,1.22292159375
2026-02-18,440928768.2604167,17740764.861575063,0.6540528064930555,1.8127939236111112,0.5409433454513889,1.1915358020833333
2026-02-19,439153333.0972222,16992518.586192347,0.6530271517013889,1.8723180277777776,0.5427997842361111,1.10682259375
2026-02-20,444458655.4375,16494774.428811656,0.6539545191666667,1.767170111111111,0.5295633630902778,1.0091298819444445
2026-02-21,442255374.90625,15932147.216203395,0.648596797986111,1.7207552291666666,0.5277122860069444,1.1245681527777778
2026-02-22,451814414.6597222,15581646.349250022,0.6410694373958333,1.7134361527777777,0.5189421315277778,1.2166330381944443
2026-02-23,446535002.7430556,15156820.674902204,0.5928745880555556,1.7336125138888887,0.48743436625,1.1219999618055556
2026-02-24,442952450.15625,15030696.989891022,0.6400172884027778,1.8109981909722224,0.5294000048958334,1.2462885868055555
2026-02-25,454841602.3958333,15695642.42328155,0.6778805586111111,1.9522461805555555,0.5576103356597222,1.0817788993055555
2026-02-26,445921792.8125,14872968.796263939,0.7308487443055556,1.9250291145833331,0.5827440664583334,1.2624374340277777
2026-02-27,440444421.9548611,14629928.218840662,0.6794603931250001,1.6865005729166667,0.5697325306944445,1.1554877708333333
2026-02-28,444389184.8229167,14727074.447679961,0.732317284375,1.745390982638889,0.6089237553472222,1.1976296631944445
2026-03-01,443786738.8090278,14988829.4805234,0.8532878183680556,1.8558337187499998,0.6890487072569444,1.066925423611111
2026-03-02,441925758.4027778,15050849.522953467,0.8611966638888888,1.9400617118055554,0.7193432152430556,1.3468995520833333
2026-03-03,422375487.1840278,15174291.70153889,0.9546434267361111,1.686715065972222,0.8355615124305555,1.1809915833333333
2026-03-04,392089809.3159722,14506333.517313078,1.199287039236111,1.6792918854166665,1.0623371402083333,1.384226125
2026-03-05,384369722.0555556,14627091.515973574,1.2147898383680555,1.6722856423611112,1.0997160322222221,1.2001509166666666
2026-03-06,375557103.34375,13802557.317503922,1.1981432696874998,1.8348329409722222,1.094563434548611,1.3934210520833334
2026-03-07,382244378.5625,13397086.87981329,1.1791301599305557,2.025053951388889,1.0262138178819444,1.4739221145833334
2026-03-08,381244420.5173611,13477001.91314943,1.0951992898611111,1.916050576388889,0.9369261806944444,1.217943253472222
2026-03-09,380215583.0763889,14393093.41932442,1.1873321526041667,1.7757897604166668,1.1104595630555556,1.1959283229166666
2026-03-10,370445928.28125,14611942.226936541,1.232803636736111,1.8869750555555553,1.1504386217361111,1.1457615520833333
2026-03-11,356117057.0625,13656384.26023084,1.2728669124652778,2.034973048611111,1.1546728842708331,1.1496126493055554
2026-03-12,354309829.9618056,13331170.249700192,1.2598282118055557,2.092106142361111,1.1204729019097224,1.333025513888889
2026-03-13,353033632.125,13400431.094839614,1.1483031544444444,2.084272482638889,1.004248775173611,1.1775925138888887
2026-03-14,351236490.7951389,13334087.568952963,1.108461452326389,2.0432881145833335,0.9829767198611111,1.3283409479166666
2026-03-15,351225077.0381944,13322025.768368647,1.155776176076389,1.9974416979166665,1.0285988255902778,1.3629814791666666
2026-03-16,345626926.6354167,13561960.792605424,1.0864910080902779,2.0041384131944446,0.9684517493402777,1.3805397847222223
2026-03-17,338363251.4236111,13242832.20869001,1.1459707261458334,2.0357648402777775,1.0182297382291667,1.262033625
2026-03-18,334274762.0555556,12580073.706497062,1.1207199279861113,2.1210385347222225,0.9753178888194444,1.243313472222222
2026-03-19,341521116.7638889,12224584.69876917,0.961447041875,2.0955586458333335,0.8194246997916667,1.3559826458333335
2026-03-20,341945772.0451389,12267877.78600531,1.0035082542361111,2.126986,0.8605909928472222,1.8622713055555553
2026-03-21,345752991.3541667,12502921.662660792,1.1117597128125,2.1006944444444446,0.9687649596527778,2.028919857638889
2026-03-22,341856715.25,11971838.274040285,1.1893357752777778,2.1433985138888887,1.0347018948263889,1.2135846145833333
2026-03-23,334493680.6076389,11782010.900966043,1.1553910050347223,2.1921241076388887,0.9975761809374999,1.2281344375
2026-03-24,333044266.6041667,11925229.756930772,1.2732249637847222,2.4269519201388885,1.08412188,1.4875421944444445
2026-03-25,337512435.9479167,12144940.00974729,1.340809421875,2.54152871875,1.1431163497222223,1.6486149201388889
2026-03-26,338081108.9375,11907560.329990108,1.3065678510069445,2.707565197916667,1.1008756688194445,2.2124977569444444
2026-03-27,343958719.9791667,12122976.75790164,1.3356422061805555,2.9087593472222224,1.1093431592708334,1.53929178125
2026-03-28,394704650.3993056,15131027.591394195,1.1343009137847222,2.550061357638889,1.0162659027083334,1.1608925729166666
2026-03-29,447804897.7083333,17844235.144326903,1.0521925833333334,2.0161309652777777,1.0164200895138888,1.1490136180555557
2026-03-30,448724644.4201389,19130354.39895664,1.1427205013194444,2.19964921875,1.1090909674305556,1.1043129340277777
2026-03-31,439050701.6319444,18767366.934412286,1.1917139585069443,2.04108675,1.1867613477083332,1.1850786076388888
2026-04-01,414640532.3125,17266148.56745932,1.2410305028125002,2.270662201388889,1.1846526890277778,1.2879745243055556
2026-04-02,393986347.0972222,15670055.792507665,1.404748893715278,2.3677379340277778,1.290776125451389,1.1181301527777778
2026-04-03,379747195.65625,14979146.101497604,1.3516185770833333,2.5524372152777777,1.2262035055902778,1.238939079861111
2026-04-04,374454002.34375,14598843.268940665,1.2646317210069444,2.7172176319444445,1.09119729625,1.1599232847222223
2026-04-05,373725473.4375,14363562.874167401,1.0644429544791665,2.6308278923611113,0.8894291522222222,1.6487805451388888
2026-04-06,370568148.1944444,14408212.191297524,0.9767593597569445,2.576230704861111,0.8181565839930556,1.2231465868055555
2026-04-07,365253175.7916667,13739782.335707016,0.9019966355208333,2.581236371527778,0.7495439914236112,1.2168030729166666
2026-04-08,350359325.4791667,13520385.785972185,0.8649613064236111,2.7971758680555556,0.7084941744791666,1.2369838888888889
2026-04-09,348064186.2743056,13467416.568920083,0.8233255130208333,2.833004736111111,0.7020910998611112,1.3554237847222224
2026-04-10,345204788.2604167,13578176.24148806,0.8871927527083333,3.02650603125,0.7588475129166666,1.4010713472222223
2026-04-11,350911559.8888889,13816362.037785416,0.9749957470833333,2.89224196875,0.8369745671527777,1.3336611354166665
2026-04-12,349536218.0868056,13124391.487396142,0.958025876423611,2.574177048611111,0.7923240276388889,1.2269572847222223
2026-04-13,356631319.6805556,12933149.861562442,0.8823640858680556,2.473191517361111,0.7152907919791667,1.2687103159722222
2026-04-14,358305391.1041667,13149347.671627335,0.8864567102430556,2.296972625,0.6992121627083333,1.1713297430555556
2026-04-15,375019953.8923611,14657604.750333369,0.8431503747916667,2.277151958333333,0.6948787038194444,1.334845548611111
2026-04-16,400180405.4791667,17093225.407630898,1.1596815028819445,2.2912946215277774,1.0092529651388888,1.1349085347222223
2026-04-17,353489221.9270833,14658686.285904711,1.362411180451389,2.92464221875,1.1083400640277778,1.186923670138889
2026-04-18,347707936.9027778,14283196.176280104,1.2709989097916667,3.3378886215277777,1.0366969940625,1.2892268125
2026-04-19,353757457.9826389,14368011.347309513,1.2772902867013889,3.364972548611111,1.0596299196180556,1.2503748541666666
2026-04-20,404966758.4479167,18003935.75376458,1.3704736153472221,3.002615642361111,1.2657149437847222,1.105097201388889
2026-04-21,428007693.4895833,20028681.061072905,1.535119282152778,2.62858246875,1.4934732549305556,1.1915838854166667
2026-04-22,426273078.8784722,20111526.560187165,1.4973850545833334,2.6500325555555557,1.405226808611111,1.2901818194444443
2026-04-23,439072387.4930556,20833121.22028043,1.4283270117708333,2.743114295138889,1.345475038263889,1.2073638368055555
2026-04-24,450753252.0381944,21868603.704266444,1.6479880451736113,2.9461843506944443,1.530861894409722,1.253009076388889
2026-04-25,444351609.1145833,21751197.58392295,1.6255359205208333,2.9538685972222223,1.4989913644791666,1.2496120034722222
2026-04-26,449508830.25,22430179.044600412,1.580756480659722,2.960923222222222,1.4642379958680556,1.2264688055555557
2026-04-27,448530884.8298611,22139294.121956795,1.5409015123958332,3.1094130208333333,1.4201050721180557,1.1168753506944444
2026-04-28,438777105.2534722,20776890.92638864,1.4754016627430557,2.97887371875,1.3260310644791666,1.1067595798611112
2026-04-29,420288487.6875,18783543.79662821,1.124389015347222,2.992836,0.948978663263889,1.086456673611111
2026-04-30,406858181.0451389,16765213.76758096,1.0348020722916667,3.2663060694444446,0.8072562076736111,1.0556466006944445
2026-05-01,405155801.3715278,16846570.187322866,1.0055648574305556,3.3158819687500003,0.7858185046527777,1.1954713229166667
2026-05-02,415880922.7916667,17203319.3491649,0.9635174737152779,3.156272847222222,0.7418873953124999,1.3207466875
2026-05-03,407654195.5833333,16366757.188955609,0.9443589588541665,3.3282756041666666,0.7281253384375,1.3330104999999999
2026-05-04,400850802.8125,16154535.54798068,0.9503334928125001,3.367480611111111,0.7467187614236112,1.3071600590277779
2026-05-05,402351367.5416667,16495242.467237089,0.9388805895486111,3.2271775347222222,0.7256487262847222,1.4125902256944445
2026-05-06,399848758.7604167,16928514.151899267,0.9715363310763888,2.9860988819444447,0.7435101269444444,1.297477954861111
2026-05-07,396009421.6284722,17115764.7057686,1.0110265069097222,3.0361016493055555,0.7681604574305555,1.262043201388889
2026-05-08,401519670.0868056,17982128.337088328,1.0759619478472222,3.0003523229166666,0.8313520582638889,1.2504905416666667
2026-05-09,408021169.4756944,18492261.367456183,1.0967300459375,3.028230600694444,0.8412935815277778,1.3154953958333335
2026-05-10,394191341.1111111,17894164.506654292,1.0784902761805555,3.0564236805555556,0.8451194469097223,1.1160722118055555
2026-05-11,380824768.0486111,16774634.883785078,1.1246042866319443,3.277378263888889,0.8517632665625,1.0966066145833333
2026-05-12,378697727.8506944,16380598.99459768,1.1262613342708334,3.164221979166667,0.8338395802777777,1.2423903506944445
2026-05-13,373278709.5208333,16346560.3020638,1.138925169236111,3.1157659583333333,0.8719065562152778,1.2245835833333334
2026-05-14,362460988.3020833,15601333.305376146,1.2656826232986111,3.11418259375,0.9714109950347223,1.2501106805555555
2026-05-15,368583908.7291667,16376606.126735859,1.368587597986111,2.795123628472222,1.1053789913194445,1.1342393229166667
2026-05-16,384846634.7777778,17736619.843172252,1.5220613954166666,2.3546098194444443,1.3632246575694444,1.1020275972222222
2026-05-17,432619503.8541667,20776062.26914408,1.798437577638889,2.065653861111111,1.6802199875694446,1.2103938333333335
2026-05-18,431109905.8506944,20463792.481303666,1.9167696583680554,2.192204076388889,1.7767984078472223,1.0395159895833332
2026-05-19,451095732.9791667,21763551.735445786,1.9871240717708334,2.3049485902777778,1.863424478020833,1.0962497222222223
2026-05-20,447368918.1701389,20540609.74241759,1.9700861672569445,2.7144481770833333,1.7070729001041667,1.1696846354166666
2026-05-21,474951150.9305556,20989004.748327263,1.4177191064930554,2.788636,1.1462671111805554,1.0566401875
2026-05-22,482421710.3541667,20706591.69212325,1.1657622909374998,2.8639267256944443,0.9152307626041666,1.1236716006944443
2026-05-23,449025550.1875,17280395.00203074,1.0635562046875,2.577765204861111,0.8276405015972222,1.0176510208333331
2026-05-24,463035249.1076389,17225347.49173953,1.133917636388889,2.2451168854166665,0.8972293010416666,1.0709259027777778
2026-05-25,468992921.09375,17282244.804055735,1.089254249861111,2.2593636458333335,0.8690592571527778,1.3097575104166668
2026-05-26,475938526.7777778,16998307.691545997,1.1093039172569443,1.943228048611111,0.8785764503819444,1.1476884236111111
2026-05-27,478468575.71875,17291810.99767904,1.0827560501388889,1.9803782569444444,0.8546288517708334,1.2107909861111112
2026-05-28,437361565.9444444,15196425.822800372,1.078759612013889,1.9535745763888888,0.8461485726736111,1.053652892361111
2026-05-29,414143955.5069444,14000637.675787369,1.1157418096180556,2.014804076388889,0.8508084567708333,1.1110170277777778
2026-05-30,420705654.5590278,14196436.183870206,1.102312755659722,1.9360706423611111,0.8425189209375,1.1875509583333335
2026-05-31,433339795.9583333,14384872.693822991,1.1159540617013888,1.9811622604166668,0.8538109852083333,1.0787144756944445
2026-06-01,436837420.0451389,14965824.892590506,1.126548480451389,2.0947229340277778,0.8543125019791666,1.0403624097222222
2026-06-02,417929248.0798611,14703432.166847058,1.2602881062847222,2.5205803819444443,0.948994754375,0.998803420138889
2026-06-03,379046673.9201389,12736194.20449134,1.2849333100694444,2.873028854166667,0.9819896509027779,1.10152315625
2026-06-04,373840775.9270833,10621308.6290406,1.224080893576389,2.3404529305555553,0.9398021772222221,0.9795596979166667
2026-06-05,421030736.7256944,10449608.694129352,1.1310764995138889,1.5457123090277778,0.8812597396180556,1.1234536979166667
2026-06-06,398350353.7361111,9823397.746654598,1.1675355441319446,1.457045701388889,0.9361929102083333,1.1932353784722223
2026-06-07,378298364.6666667,9516791.56274498,1.2066992916666668,1.7795473368055557,0.9854766940624999,1.0388725104166667
2026-06-08,392739090.4305556,9995412.450123863,1.2158000339930557,1.822212486111111,0.9688197448958333,1.0819718541666665
2026-06-09,433621102.7673611,11742759.881878909,1.3642964116666667,1.7472937395833332,1.1371739965277776,1.0642497465277776
2026-06-10,442869238.5486111,12266647.51486836,1.8167173682638886,1.660334451388889,1.5944488442708333,1.0641802847222221
2026-06-11,445308687.2534722,12249073.43202322,1.9346149220486109,1.5264283333333333,1.7095189994444444,1.1017997326388889
2026-06-12,487936993.4027778,13148614.40841355,1.9175753505555555,1.6303287048611113,1.625623873715278,1.006225236111111
2026-06-13,513252289.2916667,13189924.350023353,1.49056383625,1.5267094201388889,1.1935117825694443,1.1340293125
2026-06-14,547739026.7083334,13978982.028560355,1.2906649454861112,1.3942131284722223,1.0141254614930555,1.1574324861111112
2026-06-15,554464793.21875,14139302.094371658,1.2042353858333332,1.45889253125,0.9566844001388889,1.08077940625
2026-06-16,584987705.4652778,14285960.45234893,1.0822828940625,1.3099988333333334,0.8671996906597221,1.0024133923611112
2026-06-17,570890939.0972222,13847744.683153732,1.058853353298611,1.5754754097222223,0.8466101590972221,1.0171622569444443
2026-06-18,569056677.5763888,13166591.523544071,1.0426828791666667,1.5289762673611111,0.8181839840972223,1.031773888888889
2026-06-19,584162788.3055556,12602313.898451196,0.9713268371180556,1.4844191840277778,0.7595497249652777,1.0363931493055556
2026-06-20,581580407.9791666,12623680.407205615,0.9689625422569443,1.4028091909722222,0.7529318555902778,1.1109268402777779
2026-06-21,574688655.5,12293324.606188305,0.9865422175347223,1.4524837152777779,0.7653041226736111,1.0815883958333332
2026-06-22,583201798.8923612,12012704.345793791,1.0061606844444446,1.5299950277777778,0.7779182038888889,1.0654675694444444
2026-06-23,578508252.0347222,11198419.567637421,0.9542608584374999,1.7152644652777778,0.7195486638541666,1.1999657118055556
2026-06-24,537296466.8333334,10410412.724389179,0.9497451393055556,1.705835440972222,0.7193785520486111,1.1778145104166666
2026-06-25,510798230.8402778,9373456.812210223,0.9175722701736111,1.7044312361111111,0.7061217853125,1.2131632777777779
2026-06-26,490892959.71875,8783094.264406057,0.8940277969444446,1.65503878125,0.6999978638194445,1.2229486354166665
2026-06-27,479837477.0,8617881.08692,0.8910801,1.678268,0.70435381,0.295605
