date,oi,oi_value,toptrader_acc_ls,toptrader_pos_ls,global_acc_ls,taker_ls
2021-12-01,87199.6415173611,15794034.964694653,2.8686590801478364,0.9827668841274306,3.9584818869891296,1.026054130410764
2021-12-02,89424.81326041667,15732813.201008238,3.9346777555597137,0.9787850348239583,5.297879497209025,1.0240140160597222
2021-12-03,91886.50105555556,16079225.289990868,3.9393489581170047,0.9688769260649305,5.439025007997679,1.0264519969072916
2021-12-04,60006.63245964912,8731009.812834822,3.4021509572336575,0.9722873095329824,4.317354510965379,1.0126368673164912
2021-12-05,47252.790593749996,6455605.432091545,2.921797762964747,1.0072674931163195,3.567277132013641,0.9829281028229168
2021-12-06,44840.89020833334,5852754.768660972,2.7847246039018305,1.0026313642274305,3.352849764198737,1.0214472585996528
2021-12-07,47910.57326388889,6649455.468058842,2.8993995281565144,0.9870877784177083,3.5960201597564003,0.9912212202430557
2021-12-08,49181.71016666667,7052541.00811915,2.790950481613811,0.9706062239399306,3.4958776332491244,1.0096431135475694
2021-12-09,47806.986236111115,6834216.694953848,2.7396760728569185,0.9557172043197917,3.3320966529656735,1.0183822575204862
2021-12-10,44764.899496527774,6143075.929745051,2.858987847369863,0.9467895405232638,3.5026467032314157,1.0768501044979166
2021-12-11,49138.057916666665,6798502.941702869,2.3025152701916074,0.9286198842600695,2.8176947052947257,1.0436284348621527
2021-12-12,50050.77336111111,6886797.401710876,2.506852047211287,0.9302393646243056,2.994921442514508,1.0429926032902777
2021-12-13,50911.67547916667,6687250.334894288,2.814865549448274,0.9100184227027778,3.440656222922909,1.0527866938934027
2021-12-14,52542.65082986111,6774494.835238282,2.544790085146032,0.8824295750260416,3.1958447113806963,1.079403479134028
2021-12-15,53342.221477351915,6929132.285636158,2.594083562368309,0.9017469706125436,3.226311146485671,1.0263983457808363
2021-12-16,51419.383149305555,6874699.313570115,2.302645991026909,0.9225053212493055,2.862136281595371,0.9948684830715278
2021-12-17,49768.47634722222,6433445.44649319,2.6629791449737152,0.9124882970961805,3.3262077490775,1.062288505040625
2021-12-18,55250.19680208333,7192842.202359715,2.2936527070390587,0.9424589534177082,2.7509275341559465,1.020276500220139
2021-12-19,55451.774236111116,7259751.7605234245,2.1107872925199125,0.9443468648791666,2.568275027991462,1.0340004577413195
2021-12-20,55881.205368055555,7049108.64259214,2.501236307515517,0.9221624675395833,3.213917804821019,1.069026018453125
2021-12-21,55747.430309027775,7274555.367112685,2.195425914121089,0.9378188187777778,2.690917639974921,1.064501829788889
2021-12-22,58500.32184722223,7924872.780270381,2.3558719405389588,0.9856549553267361,2.883505578819325,1.1088705734256945
2021-12-23,61116.44913888889,8379387.213634706,2.7248885376898344,0.9823631859697917,3.476279527632527,0.9568738522038195
2021-12-24,61841.08818118466,9336512.98987227,2.339133912464413,0.9581252648777003,2.764827193577937,1.0770630565818815
2021-12-25,56542.568524305556,8541413.450181955,2.941677272569388,0.9672391623111112,3.4909217880749512,1.1401360019354165
2021-12-26,57276.208260416664,8527386.348218424,3.604363654823125,0.9851858747107638,4.449043347925021,1.0675060331256945
2021-12-27,57657.85061458333,8787084.198336437,3.3584749666156557,1.0070557814395835,4.1702075334311175,1.0470662415284722
2021-12-28,54533.84631944445,7673337.274071306,3.876370603440626,1.0062390658399307,4.748081721273832,1.133235798471875
2021-12-29,58624.343578397216,7907902.30833181,4.123256466658763,1.052316143279094,5.167600324699286,1.1350152084219511
2021-12-30,62287.68928472222,8288746.099266443,4.350185766715368,1.0613767467022857,5.472563906369455,1.0621532810445713
2021-12-31,63523.63546341463,8588203.740222981,,,,
2022-01-01,59721.60731944445,8133193.131679664,,,,
2022-01-02,56147.88830208333,7818595.381047134,,,,
2022-01-03,54834.00596180555,7690316.653284177,,,,
2022-01-04,59435.013704861114,8131427.103756343,,,,
2022-01-05,66420.51197222222,8852986.531098953,,,,
2022-01-06,75039.2378125,9152096.67227427,,,,
2022-01-07,83935.58547222223,10625538.646590717,,,,
2022-01-08,95730.79378472222,13149964.070410535,,,,
2022-01-09,103024.67707291667,14964190.077060223,,,,
2022-01-10,108461.48830902779,16061543.685097389,,,,
2022-01-11,94828.17973958334,14096485.29561612,,,,
2022-01-12,90377.58966319443,12822680.13067326,,,,
2022-01-13,90641.33059027778,12853282.89986311,,,,
2022-01-14,79352.9627013889,11312988.401701944,,,,
2022-01-15,83084.16644097221,11703676.510607567,,,,
2022-01-16,81750.2491875,11369030.396857206,,,,
2022-01-17,76252.83734375,10334225.382797733,,,,
2022-01-18,77305.23175694444,10154881.051506573,,,,
2022-01-19,74834.72879513889,9673053.722798713,,,3.6389238165966886,
2022-01-20,76040.73592013889,9846076.99859172,,,3.6536561102574265,
2022-01-21,71283.67794791667,8301812.109878663,,,3.4800214098352096,
2022-01-22,66381.90979861112,6477267.7593971575,,,3.1417943787330156,
2022-01-23,63875.9552673611,6200786.22725599,,,3.014049114910157,
2022-01-24,75265.84541666666,6770960.919070362,,,2.8610775007592206,
2022-01-25,71820.04885416667,6458666.140464524,,,2.674819640690045,
2022-01-26,66059.48007638888,6082978.3960356,,,2.701458098016628,
2022-01-27,63511.27145833333,5777877.057706474,,,3.1344114321876018,
2022-01-28,60302.418531250005,5607853.320295888,,,3.469879534075701,
2022-01-29,59347.903638888885,5679228.814820896,,,3.4305166419684943,
2022-01-30,57951.19122916667,5541390.263091096,3.0819207424652775,0.8847183768055555,3.4600685423958333,1.110572619409722
2022-01-31,65043.1033263889,5935922.394981103,,,3.394700893979391,
2022-02-01,63430.50752083334,6062011.627289887,,,2.8601114561150407,
2022-02-02,64628.07778472222,6237954.858764502,,,3.0352095971268978,
2022-02-03,65730.98084722222,6103593.47183558,,,3.194539218783556,
2022-02-04,64750.91132291666,6356557.886835526,,,2.8731070381048776,
2022-02-05,60145.12136111111,6253704.952721961,,,2.7849449429975413,
2022-02-06,57239.763479166664,6050940.038117875,,,2.728394873570442,
2022-02-07,55044.04977430556,6159355.458599314,,,2.554362779199616,
2022-02-08,58460.68686458334,6628616.520618487,,,2.7929595533606406,
2022-02-09,59437.61459722222,6799102.075381161,,,2.9925190857987665,
2022-02-10,57486.632524305554,6548812.342047039,,,2.787723293157219,
2022-02-11,60065.702406250006,6672334.351639056,,,3.1400822490145206,
2022-02-12,65441.28375347223,6761520.337035131,,,3.5354496339689834,
2022-02-13,66275.78097569445,6865308.713589301,,,3.393809124648448,
2022-02-14,70021.39829513889,7121332.981625744,,,3.183263500382845,
2022-02-15,65001.40958680555,6966480.102074509,,,3.019440924913513,
2022-02-16,65173.463625000004,7116306.443220469,,,2.7323788917557206,
2022-02-17,82047.53552777779,9217532.475153688,,,1.9466854967292053,
2022-02-18,73287.74618402778,7822900.873576757,,,2.971528925614022,
2022-02-19,68841.07605555555,7139351.662293823,,,3.166904831258643,
2022-02-20,68049.57334722223,6660155.519931831,,,3.1200085158296895,
2022-02-21,66446.21359027777,6388526.596319853,,,3.155126292932626,
2022-02-22,70143.52118750001,6273383.64642325,,,2.9913760697849963,
2022-02-23,67364.77985763889,6266513.09539121,,,2.6074171447951633,
2022-02-24,65663.34578819445,5453060.555949508,,,2.8728994251301665,
2022-02-25,65603.77375,5866892.658883013,,,2.580319930313017,
2022-02-26,63783.84070486111,5964599.506469462,,,2.3451936812836185,
2022-02-27,66139.74619097222,6050296.345185407,,,2.556751181547874,
2022-02-28,68981.38710069444,6346274.80282357,,,2.6281566647486554,
2022-03-01,69723.48587152778,6955488.460408707,,,2.4813341443622843,
2022-03-02,71345.05097916667,7107703.551549796,,,2.51387577106637,
2022-03-03,77751.85246875,7727326.461056058,,,2.1457908513773427,
2022-03-04,71983.07659375,6729172.069134889,,,1.9692963117401605,
2022-03-05,75403.18120833334,6705154.407536128,,,2.114924848207316,
2022-03-06,69214.24059722222,6074770.079334297,,,2.4259433187393293,
2022-03-07,46276.09476388889,3983648.151585073,,,2.775898953756821,
2022-03-08,72342.22983680555,6431279.560557132,,,2.842946499282144,
2022-03-09,90425.66838888888,8972989.619617747,,,1.6692276084664472,
2022-03-10,93735.86303472222,9269870.366565056,,,2.0748558561393455,
2022-03-11,102019.35695486111,10197147.616070148,,,2.210180917017513,
2022-03-12,98664.88838541666,9623989.37386812,,,2.8125790259593324,
2022-03-13,97059.74200347223,9537874.101124829,,,2.438134694704655,
2022-03-14,90825.74702430556,8613506.850478824,,,2.837168938224402,
2022-03-15,88547.86603819445,8457392.789354015,,,2.4959062529452782,
2022-03-16,85897.12371180556,8292209.74780769,,,2.1329114541703844,
2022-03-17,91539.380125,8930053.795022428,,,2.4209762087301185,
2022-03-18,92046.37821527777,8799896.91352553,,,2.5864008456268617,
2022-03-19,92372.45972916666,9341863.692783311,,,2.0994101577020183,
2022-03-20,121622.63796875,13377696.390823163,,,1.5543635918798293,
2022-03-21,147854.92593402776,17570023.686074127,,,1.0004287884679968,
2022-03-22,140184.86015277778,17879031.905776575,,,1.088156597756984,
2022-03-23,145406.32094791665,19060304.680264607,,,1.1808525415336948,
2022-03-24,131179.45940972224,16874569.29087144,,,1.4583430240424642,
2022-03-25,116209.24446875001,14801218.499562144,,,1.5409033375799603,
2022-03-26,112671.56022569444,14459736.348016582,,,1.3740573406495884,
2022-03-27,109967.66625347223,14092329.529386545,,,1.6744359905314312,
2022-03-28,106490.79903125,14232611.82954358,,,1.9644266048678343,
2022-03-29,103400.2979375,13535640.975542651,,,2.093800934327091,
2022-03-30,105353.87720833333,13938908.566107733,,,2.0747905673875255,
2022-03-31,111229.17367013889,14702482.702367047,,,2.3390436853979515,
2022-04-01,108639.06655208333,13808167.016225284,,,2.3635034412546805,
2022-04-02,111861.01354861111,14473851.508897742,,,2.4202753611968815,
2022-04-03,115539.61106944445,15040372.515098356,,,2.3652249794332114,
2022-04-04,108958.80614583334,14273831.583687454,,,2.226720532483841,
2022-04-05,105169.81928472222,13832388.404372085,,,2.28241097925286,
2022-04-06,97640.66072916666,11826894.932061002,,,2.2057768388393146,
2022-04-07,92934.82912152779,10670470.481960166,,,2.612068746258235,
2022-04-08,90533.48061458333,10344659.434670134,,,2.713229531691727,
2022-04-09,97134.25374652777,11004881.068980671,,,2.550647101856727,
2022-04-10,103001.62138888889,11638120.629313564,,,2.819410193600536,
2022-04-11,104758.23478472223,10990290.616426392,,,3.096160721186086,
2022-04-12,107209.6706076389,10958378.602383332,,,3.271073739507453,
2022-04-13,113724.6545625,11810114.19208903,,,3.1426040749044364,
2022-04-14,118402.76232986111,12411546.03150461,,,3.0386288412246647,
2022-04-15,126341.53717013888,13705351.79441894,,,2.435434663521923,
2022-04-16,120738.55638541667,13114266.161714995,,,2.446662713379828,
2022-04-17,116794.71318055555,12645926.405957142,,,2.5157610298684485,
2022-04-18,112857.42694444445,11829995.777340047,,,2.511211131181675,
2022-04-19,117246.79680208334,12712955.881910436,,,2.6258645033385157,
2022-04-20,124998.03894791666,13452594.84705166,,,2.7548830248128215,
2022-04-21,125490.08659027779,13391455.4524966,,,2.7056020670124874,
2022-04-22,118642.92106250001,12311561.44528873,,,2.5852738713467973,
2022-04-23,119725.21554166666,12350519.252058571,,,2.7413223162930525,
2022-04-24,123127.38064236111,12447056.02125849,,,2.885153849607141,
2022-04-25,124726.6617326389,12105376.427194022,,,2.915213612311437,
2022-04-26,122666.76387152777,11977301.654209234,,,2.8245192826993044,
2022-04-27,127567.74605208333,12088922.872852892,,,3.4848013124682695,
2022-04-28,128666.98857986112,12409876.359814672,,,2.9795712654276647,
2022-04-29,134698.54405555557,12811846.07191342,,,2.630024112860764,
2022-04-30,130707.7948298611,12074029.086502682,,,3.1644878364261824,
2022-05-01,121171.02357291666,10596731.032336915,2.1627659574468083,0.9948932611,2.541738502374626,
2022-05-02,120462.77222222222,10733985.97272052,,,2.3040745554117774,
2022-05-03,123117.33694791667,10974579.696512492,,,2.2484927482596495,
2022-05-04,123000.98637152779,11154393.73346531,,,2.5998876754189055,
2022-05-05,125978.1774375,11681605.55666954,,,2.656416382335327,
2022-05-06,129972.73300694444,11292739.610459484,,,3.3174777127982455,
2022-05-07,134436.01404166667,11506809.039106704,,,3.2910479624520597,
2022-05-08,135243.21492013888,11234026.48549773,,,3.146013990895304,
2022-05-09,131684.39619444445,10316346.009902606,,,2.949147692331854,1.009974218055752
2022-05-10,124395.11353124998,9241641.30036263,,,2.5168274679340286,1.0759582169302468
2022-05-11,116902.47284722222,7797934.005179226,,,2.665050238121381,1.0348673456304762
2022-05-12,102384.20475347222,5447992.693041229,,,2.0749149271870237,1.0011855593645833
2022-05-13,92499.68684027778,5443976.84501879,,,1.7454131538320465,1.0315654788381945
2022-05-14,90346.23380208334,5321899.0010407735,,,1.552187293030612,1.157241806147222
2022-05-15,99551.32496527777,6057820.989460863,,,1.7208767826161464,1.1707792365243055
2022-05-16,126774.97292361112,7403631.607372102,,,1.8172606854903062,1.0718967914777777
2022-05-17,130846.07837847222,7756786.092142903,,,1.601935708884736,1.143599930567361
2022-05-18,133564.20006944443,7802446.743234898,,,1.6672355254444287,1.06034957985
2022-05-19,128544.14558680555,7249468.886717733,,,1.7091291673411952,1.081424100145486
2022-05-20,127531.71911458332,7402386.393417047,,,1.646911754236634,1.0958046488517361
2022-05-21,126858.52437847221,7233165.973998137,,,1.9401185474318363,1.0411655060479168
2022-05-22,125134.64144791669,7331265.675126189,,,1.7542835986145393,1.1130450095069444
2022-05-23,139125.1370763889,8701705.466006974,,,1.2895567277419082,1.1058562347190972
2022-05-24,131845.88246180554,8017540.040229625,,,1.633941419538391,1.1328905919871528
2022-05-25,138957.77161111112,8656529.009983825,,,1.601985370220297,1.0406096194315972
2022-05-26,135216.69977777777,8121060.528536147,,,1.6429129716570172,1.1403273296753471
2022-05-27,128820.39446527777,7220735.361300401,1.850259774437271,0.8851620240458334,1.8940967872960965,1.042773983763889
2022-05-28,132065.7252673611,7384059.712005881,1.6676438911429938,0.8859382008868056,1.7654455664342315,1.2192395016715303
2022-05-29,131142.85547569444,7422101.988254603,1.671887854879672,0.9000828177065971,1.740730429779515,1.258770048378125
2022-05-30,130774.54552430556,7928524.769764834,1.665477031045523,0.9208678254979166,1.745163981325292,1.0772110313045138
2022-05-31,129374.76820138888,8108198.966807444,1.7421337317554966,0.9448634445017361,1.8378381167915687,1.1121486528802085
2022-06-01,137984.26359027775,8720163.011063108,1.7812231798919127,0.9341046736715278,1.7855319957022324,1.0549048759013888
2022-06-02,133136.12460416666,7877227.71121137,2.001736913543429,0.9314655878666667,1.9291916005608942,1.1789571072149305
2022-06-03,138112.41929166665,8050728.6847624695,1.9461597427080954,0.8919058613135417,1.8940069968654936,1.2299536204559027
2022-06-04,136731.25134375002,7951614.3833290255,1.9286720273655449,0.8725565891392361,1.9524167644432104,1.2065700340493057
2022-06-05,135802.44701041665,7935195.218588089,2.024293122705866,0.8869704105694445,2.0887268085984747,1.285656981978125
2022-06-06,133882.40784027777,8133304.898610521,2.177206552670748,0.9270453905322916,2.2331441066298026,1.0783543415527777
2022-06-07,133455.68877777777,7788651.506887724,2.2460564979414315,0.919001683126389,2.3635882673134283,1.1209044165833335
2022-06-08,125979.67792708334,7352372.952355612,2.4760025941338313,0.9588697931784722,2.5893792984979696,1.141294716174653
2022-06-09,125739.41374999999,7266207.244020255,2.4639739380417103,0.936158015713889,2.6835612724248126,1.1498045315996528
2022-06-10,125982.27148958335,7023335.485655167,2.2916298724866597,0.9311116420503472,2.446767104925482,1.2514756224104167
2022-06-11,124784.91974305555,6472069.935382654,2.348009703573533,0.9403330439895833,2.4315540658352996,1.23000771225
2022-06-12,121208.5980625,5782285.318946278,2.255734616506443,0.932275195548611,2.3232936024274284,1.109918226621875
2022-06-13,115377.22402083332,4896609.553576076,1.86674440682559,0.9172667562309028,1.9190539914990046,1.0537666218975694
2022-06-14,110405.52730208334,4692960.590428951,1.8118688123119229,0.9190809254472223,1.8663770891572586,1.048839865384375
2022-06-15,106688.91127430556,4471857.7779055545,1.9456548032515175,0.9362493080972223,2.0267853841089525,1.00066031550625
2022-06-16,100834.52700694445,4371689.87398131,2.0508514876377983,0.9536241814621528,2.0894097730268886,1.0887705364402778
2022-06-17,100379.71105208334,4355251.448827234,1.6445166327373761,0.9480175248309028,1.6839114568457794,1.098214991853125
2022-06-18,97644.82669097223,4064559.711317151,1.786096936012916,0.9412579015638889,1.881666709742409,1.155366700376389
2022-06-19,97850.26877777778,4149895.200441055,1.7935435804646909,0.9451685113722222,1.930647887889795,1.1162885565472223
2022-06-20,98831.6237673611,4419360.273685055,1.9098618362740432,0.9621798757177084,1.887809482460882,1.1164057418954862
2022-06-21,96916.31308680556,4543265.350644675,2.094316110987053,0.985607403614236,2.106903697450753,1.0405052205149306
2022-06-22,99296.69275694444,4547577.56111595,2.0658982376746935,1.0094987102118056,2.0659574712908513,1.107216842425
2022-06-23,105491.58057291666,4969531.693740921,2.038305297270372,1.0233362467444445,2.09297506243969,1.0704716825562501
2022-06-24,115840.53228819444,5828353.780291877,1.9893271156846808,1.0758814351217616,1.9460587872400272,0.9866862179006944
2022-06-25,118837.69653819445,6126204.825970487,,,2.1811120447914365,1.2360113860083333
2022-06-26,118503.43396875,6129443.766571587,,,2.235085492982188,1.13066190648125
2022-06-27,116795.13325000001,5845359.7418692745,2.0119663672107477,1.0808665714333332,2.0809153359610297,1.0925614125586807
2022-06-28,116000.80435763889,5594602.278374597,,,2.1933560812397612,1.1304914409090279
2022-06-29,121212.84258333332,5511139.5072823865,,,2.6875393992891237,1.0585678990590277
2022-06-30,122168.64724652778,5122084.584887031,,,2.753251817525555,1.112475618228472
2022-07-01,116377.83014930556,4866671.215634954,,,2.540452136242796,1.1188358268503473
2022-07-02,116022.14141666667,4871769.540379334,,,2.183913150892169,1.0508828091725695
2022-07-03,115107.69940625,4874542.8397252355,,,2.2127804997313043,1.2728529061979166
2022-07-04,114761.25844097223,4900345.270720867,,,2.431220131970795,1.2052750776350694
2022-07-05,117323.68324652777,5100163.162591532,,,2.373969871352872,1.1377427006190972
2022-07-06,113458.5138611111,4943338.96073744,,,2.197519254350945,1.063403088875
2022-07-07,114391.59580208332,5119386.143967757,,,2.218058808312427,1.1831395790579862
2022-07-08,117637.66737500002,5422013.780548202,,,2.0919828857966225,1.1772155997760416
2022-07-09,116580.50042361111,5517823.766433222,,,2.2216460346043836,1.2974106138270833
2022-07-10,122506.5286875,5664500.688396922,,,2.1679246655957964,1.2618323776125
2022-07-11,118185.17711111112,5163674.502271894,,,2.317676071426808,1.1867488056621527
2022-07-12,120996.26492361112,4972904.267972727,,,2.5696453350597013,1.1782291022062499
2022-07-13,123982.73129513889,5079168.327761106,,,2.3362831875374606,1.1117382627829862
2022-07-14,118176.3132326389,4960771.7241841145,,,2.328546525614027,1.2181296230621528
2022-07-15,103446.80559027779,4536814.589871109,,,2.1560396392681995,1.1383919454059026
2022-07-16,104464.83920833335,4533284.09083413,,,2.1184949877875554,1.2031534318270833
2022-07-17,111831.59622569445,5137502.434978752,,,1.968849072648709,1.1628881763135417
2022-07-18,124803.11562847222,5968731.730489554,,,1.8515361583549184,1.097726292069097
2022-07-19,124477.16477430555,6106280.2689691745,,,1.936347452088639,1.0986241598861113
2022-07-20,125641.0575625,6201338.0416164305,,,1.8589476966919771,1.1121321476958332
2022-07-21,126451.28148611113,5979624.9005406825,,,1.676194968224314,1.1367213792809028
2022-07-22,132450.75917708332,6512488.233013873,,,1.6364802220077623,1.1398078161836807
2022-07-23,132684.15926041667,6414547.96259347,,,1.8303813124330226,1.0835900751125
2022-07-24,132210.70915625,6438048.241880697,,,1.790683481736452,1.23673432624375
2022-07-25,139549.39286805555,6520750.196973878,,,1.8847622987204526,1.106023447451389
2022-07-26,135200.82999305555,5914326.665622618,,,2.0366133508302697,1.164948105201736
2022-07-27,129572.55155555555,5802528.37321743,,,1.9976925417909028,1.1988162423600695
2022-07-28,136906.86659722222,6857774.032797167,,,1.790183803622745,0.9895512312232638
2022-07-29,139478.83395833333,7299725.942867382,,,1.8268175318368742,0.9796146843465279
2022-07-30,127771.25789930555,6639673.450865744,,,1.944951945286384,1.0886287568347222
2022-07-31,124567.87039236112,6459961.251480197,,,2.0105658291094013,1.1144118668791667
2022-08-01,123442.21873263888,6235991.129107836,,,2.0074044094705563,1.0750495494871528
2022-08-02,121331.46910763888,5892408.473037669,,,2.093890592468795,1.079679351225347
2022-08-03,124082.51031944445,6117212.299481337,,,2.2095156798850852,1.0754395522854165
2022-08-04,121678.80314930555,6003294.329884002,,,2.2665443582913003,1.1239724088121528
2022-08-05,120311.46369444445,6152250.115892314,,,2.2858676614260114,1.0987665482385416
2022-08-06,124319.84586805555,6529141.660636472,,,2.07218949034929,1.3061793182017363
2022-08-07,134393.34916666668,7186963.278662234,,,1.8710229720841935,1.1739050391645833
2022-08-08,128152.94240277779,6980061.374273191,,,2.122753495256149,1.0903154609878472
2022-08-09,131798.95705208334,7225860.134226803,,,2.0551513183612453,1.0207661520875
2022-08-10,116440.51124305556,6173320.733432997,,,2.3428129453839537,1.0670895031555556
2022-08-11,117199.67777777779,6550453.74647909,,,2.115513575897417,1.03759075963125
2022-08-12,122996.55710069445,6792183.526936762,,,2.202418820107753,1.1137621249489582
2022-08-13,125243.95915277778,7101452.259600777,,,2.017675878395314,1.1226469859791668
2022-08-14,121896.30046874999,6881720.116619095,,,1.9277318775190255,1.1929643803246528
2022-08-15,118093.74486805555,6396068.7228907,,,2.250558359917558,1.040702154564236
2022-08-16,113041.54170486111,5972662.157096749,,,2.5322352828318757,1.0845561869642362
2022-08-17,118817.11937847221,6330850.114918074,,,2.2692617640576858,1.0809141791534722
2022-08-18,128441.35094444444,6824750.658370907,,,1.9514566781956846,1.048538122220486
2022-08-19,123476.2766076389,5791500.405644482,,,2.158731483365593,1.0654854841677084
2022-08-20,123800.39840625,5637184.92128086,,,2.437230457438118,1.1671105346090278
2022-08-21,121083.48304166665,5601680.007830955,,,2.424216416739098,1.142204980209375
2022-08-22,121736.70491666667,5577598.374049199,,,2.324708051704056,1.0956815163288196
2022-08-23,122733.964875,5840391.108025801,,,2.2876764848546847,1.029934244820139
2022-08-24,126627.01910069445,6199569.037324809,,,2.0032187468769904,1.1330963624159722
2022-08-25,125169.67618055556,6185135.850465913,,,1.8593572286497166,1.0886212453333333
2022-08-26,126313.88862847221,5932542.840846128,,,2.2133915230923122,1.0573059538659721
2022-08-27,123846.52336805554,5533877.850457849,,,2.2814922002379827,1.1671101691326389
2022-08-28,127138.42547916668,5754044.968695156,,,2.3059557035592495,1.2194473232774306
2022-08-29,132926.41800694444,6074852.422493763,,,1.9426178184699496,1.2135224148239585
2022-08-30,145184.00182638888,6799190.984296343,,,1.9261031409795,1.0941159004552083
2022-08-31,143090.94209027776,6485331.887332879,,,2.356427168854461,1.0255257873770833
2022-09-01,135938.24970138888,5997872.105679646,,,2.50899955737482,1.2038799603982637
2022-09-02,133729.0647638889,6040421.138433623,,,2.315929470707888,1.1800315996829862
2022-09-03,137216.90680902777,6335963.472008908,1.9713707347058318,0.9477269258150001,2.037706010883062,1.1842647490465277
2022-09-04,153464.1161076389,7193062.555772426,,,1.8784979152202044,1.386053216332639
2022-09-05,158721.50693055557,7510264.657537525,,,1.8299735407186257,1.1451544802767362
2022-09-06,146308.4646597222,6786616.692528595,,,2.162747361220191,1.0778511640673611
2022-09-07,138846.94477430556,6046967.710064638,,,2.507083384568936,1.1195900084020833
2022-09-08,143431.21763541666,6501884.616361208,,,2.1307968244355346,1.2327586787184028
2022-09-09,148626.01331944446,7132776.400833295,,,1.880102997502692,1.1422333191899305
2022-09-10,167233.09448958334,8218765.350257401,,,1.6725284032653152,1.1278708036451388
2022-09-11,150992.32546527777,7285072.180149997,,,1.9285071606660604,1.1579999901524305
2022-09-12,143554.5554201389,6918092.31772819,,,1.925579180652655,1.2143973307354168
2022-09-13,130517.85034027779,5968727.175619844,,,2.261205810939418,1.1122799930666667
2022-09-14,123552.81872569444,5508374.274320439,,,2.503265067243765,1.1841184538181184
2022-09-15,128154.29911458335,5667784.197444763,,,2.579140390570555,1.1074569105024306
2022-09-16,132425.09039583334,5799512.520549279,,,2.4470139582293875,1.1897367666722223
2022-09-17,133442.41904166667,5896811.19823538,,,2.4586596324359626,1.5118379956024306
2022-09-18,139019.0044201389,6020125.901450198,,,2.515602066091842,1.1172743443399304
2022-09-19,139843.0170590278,5610549.905171411,,,2.498244368715278,1.1630827224305555
2022-09-20,145229.28462152777,5923905.262139083,,,2.4308896444791666,1.243762704548611
2022-09-21,145094.0346875,5887067.659614727,,,2.267835693229167,1.1924086617708332
2022-09-22,132881.63847222223,5452156.200326864,,,2.3515863559758516,1.1997231154222223
2022-09-23,127891.10997569445,5333210.0407882575,,,2.3986543947160666,1.088038856670486
2022-09-24,131072.61294444444,5526869.012088012,,,2.417582302363606,1.4326436788885415
2022-09-25,131602.83777430555,5498408.607652277,,,2.3591489662288296,1.4285866137288195
2022-09-26,143474.71442708335,5915196.370762606,,,2.3170930803165466,1.1704420531847222
2022-09-27,142221.43645833334,6053558.488234357,,,2.2527831157105873,1.1805554087440973
2022-09-28,145098.20339930558,5932910.55981858,,,2.746603986633657,1.1499420340364583
2022-09-29,143697.62491319445,5958974.761872683,,,2.285617606259036,1.3740232029524304
2022-09-30,146571.53083680556,6178745.285574481,,,1.9973514029732102,1.1916088793243054
2022-10-01,143748.74878124997,6052691.267008136,,,1.9902731814341774,1.1733768221194445
2022-10-02,150915.5572326389,6203959.833137176,,,2.2078525638036783,1.1968414318756944
2022-10-03,154052.2246736111,6247119.078734022,,,2.453584958205106,1.1449047821732639
2022-10-04,150819.2347534722,6321708.827903185,,,1.9444728210167637,1.2982737883267361
2022-10-05,166297.535625,6978407.793094721,,,1.3877133826721584,1.1629267717854166
2022-10-06,165265.19389583333,6996783.197045688,,,1.3579923294584606,1.296718039315972
2022-10-07,155446.2877777778,6513389.411137823,,,1.7672124506887217,1.384710475210764
2022-10-08,157354.17907986112,6677230.592750895,,,1.565041460081385,1.4671665331888888
2022-10-09,158406.61964930556,6759287.011585002,,,1.5451994882582614,1.5140459119760417
2022-10-10,164117.2819861111,7043401.790849577,,,1.5218072054570209,1.3446068745197917
2022-10-11,171710.8245,7074479.179579231,,,2.0476498674772894,1.1232338024833333
2022-10-12,174941.98552430555,7321546.925220933,,,1.8958426757360631,1.3215707689680556
2022-10-13,163672.37268402777,6574259.482806624,,,2.254586948727064,1.1771430621809027
2022-10-14,154241.36904513888,6287202.885271256,,,2.3072115314778596,1.1938712712260415
2022-10-15,155304.69107986114,6296605.462922212,,,2.210054444910784,1.324440738668403
2022-10-16,169240.92322916666,6986399.498093071,,,2.022663991094926,1.4501278944868057
2022-10-17,176803.6182847222,7312026.829561207,,,2.1906046465173454,1.1491050825284723
2022-10-18,184099.4183576389,7537288.944409071,,,2.574728842045903,1.1335223581725693
2022-10-19,178832.18123611112,7218601.653373564,,,2.638235958216657,1.0968499748770835
2022-10-20,177929.36216666666,7118942.624825854,,,2.7858178614884053,1.1801255376125
2022-10-21,186492.7663923611,7424813.10389742,,,2.684519862299073,1.317468293257639
2022-10-22,182450.16655555557,7408136.356199243,,,2.311240046694336,1.54414182518125
2022-10-23,179575.84073958333,7316559.101474284,,,2.2960681824122937,0.9895972071624999
2022-10-24,174390.7915972222,7061863.7732388945,,,2.422427914792914,1.0621135369611112
2022-10-25,173973.3105763889,7051562.341151466,,,2.4131378762034448,1.203808272971875
2022-10-26,181536.91897916666,7651234.265161574,,,1.970834451787634,1.187422992423264
2022-10-27,190885.49235416666,8065690.396152375,,,1.943606932882333,0.9988047667881944
2022-10-28,173760.28724305556,7257469.844937226,,,2.420136409709617,1.2022709027607639
2022-10-29,181648.1097534722,7834637.34236856,,,2.0618391885404264,1.1763979415899304
2022-10-30,176453.29140277777,7514102.731616227,,,2.25334274972768,0.9869454138864584
2022-10-31,175899.78496180556,7355549.075588278,,,2.3908895926814395,1.181773871384375
2022-11-01,189351.24966666667,7900221.8693032,,,2.4090594651404302,1.1936860774909723
2022-11-02,194695.5194236111,7936946.946501366,,,2.74113326547038,1.0737149926125
2022-11-03,181628.76846527777,7628912.0671241665,,,2.366894253438359,1.1422732444500001
2022-11-04,183249.03764930557,8011646.971748897,,,2.1559841150862185,1.092373423029514
2022-11-05,185556.59174305556,8406508.476547018,,,2.093282397956627,1.2139877305840276
2022-11-06,189924.2192048611,8574717.549804017,,,2.0416480046195473,1.1674945818781248
2022-11-07,213178.9337326389,9758630.459688863,,,1.6899550807186992,1.1141042716614582
2022-11-08,206836.7516076389,8766688.284538744,,,2.154081097848156,1.006948063459375
2022-11-09,192363.01215277778,6911126.960200217,,,2.5279993341760303,1.0170978420503471
2022-11-10,166750.5555451389,5798406.117448303,,,2.182370543909323,1.033966725909722
2022-11-11,150100.71110069443,5428381.348766807,,,2.110419862048165,1.0308618010038195
2022-11-12,143482.03808680555,4894673.442081891,,,2.531180172924682,1.0551168975368055
2022-11-13,153530.92534375,5175276.5551028885,,,2.4985871639058406,1.130309435784722
2022-11-14,152807.66788194445,5081745.564782037,,,2.3875667037985124,1.0883214824041667
2022-11-15,147280.20701041666,5079711.768056924,,,2.1942145376997106,1.1367078691135417
2022-11-16,146087.50588194444,4944696.414634115,,,2.3484080397998044,1.0641066351489583
2022-11-17,149768.71349652778,5035453.904654734,,,2.460451519703581,1.2820751942965278
2022-11-18,161565.64553472222,5493511.020767017,,,2.446307343642574,1.2333500015961805
2022-11-19,200515.92684027777,7015725.968188059,,,1.6173524130175605,1.3097233303847222
2022-11-20,204638.87227083335,7249780.768075841,,,1.31852250602764,1.2838910916025
2022-11-21,186419.46616666665,6406424.846255863,,,1.925330749996893,1.1475366409961805
2022-11-22,195882.9300763889,7003332.326345888,,,1.5405346174745196,1.121967890626389
2022-11-23,270328.4986284722,11329972.584271496,,,0.750182973610804,1.1144563467444444
2022-11-24,294208.4000034722,12482849.548921682,,,0.6123743191869836,1.140121159715625
2022-11-25,255765.13657291667,10494882.584420886,,,0.8557986676176708,1.1258823538486111
2022-11-26,225938.87319791666,9320686.315463748,,,1.02631651379999,1.2479265450569443
2022-11-27,216238.34630902778,8971655.011976862,,,1.077828733906867,1.2316227560135418
2022-11-28,207311.82362847222,8209891.501029639,,,1.4758246040430627,1.0554120324934029
2022-11-29,235297.15858333337,9950803.587438518,,,1.11757850055833,1.127840606001736
2022-11-30,247731.29384375003,10730317.739438415,,,1.0707416112078667,1.1841576237812501
2022-12-01,268857.06861111114,12009964.209066305,,,0.9454462898725341,1.1583940198892362
2022-12-02,297565.69527430553,13486474.815674476,,,0.8079125587683906,1.1679230342184028
2022-12-03,293977.40640625,13295063.825031176,,,0.831834006757918,1.3193424490284722
2022-12-04,282209.0923715278,12629353.0818291,,,0.9279545391032354,1.313510543904514
2022-12-05,285202.47854513885,13313359.049729245,,,0.863506653244958,1.1253862289743055
2022-12-06,297668.77844444447,13825438.78174079,,,0.8876134505297357,1.1960962830218749
2022-12-07,295203.8935104167,13379208.336616574,,,0.9896580963217487,1.1136535555628473
2022-12-08,272150.2195972222,12038099.003733605,,,1.1262877861961424,1.2926020451083333
2022-12-09,320818.8202951389,14922692.719880607,,,0.7047632555274002,1.2017625738024307
2022-12-10,347795.0926458333,16290972.263696572,,,0.667174437831812,1.1758494345135417
2022-12-11,332925.36363541667,15681376.922008418,,,0.6917956184359183,1.1989011156319445
2022-12-12,353565.2487777778,16740109.858426034,,,0.6839731363730096,1.1530284635635417
2022-12-13,351242.0310104166,17007147.302110907,,,0.6478413537316915,1.1330238239791666
2022-12-14,306597.8583819445,14992704.1739751,0.6708889783356593,0.8902674769257426,0.7135353338368492,1.1778309096104165
2022-12-15,298586.02133333334,14277719.204840032,0.7429492223582838,0.9058430925114583,0.7701876922130402,1.2165833296631945
2022-12-16,257806.86375694443,11712154.474619474,0.9310671024154146,0.9170498188829862,0.993145245293985,1.1542424516826388
2022-12-17,235164.2874652778,10004981.59552847,1.1067235127911486,0.9246114984899305,1.1959801512607615,1.2119570927760417
2022-12-18,234336.89310069443,10006504.806102492,1.1509934532187003,0.9246100547885416,1.2411529771766288,1.3614458153965279
2022-12-19,247455.03106944443,10539471.070614297,1.0825545164528665,0.9742179183184027,1.1711760374662368,1.2771715819979166
2022-12-20,222639.33337152778,9418761.250705324,1.2382926160128769,1.038285761317361,1.3872496097598253,1.08922865415
2022-12-21,220991.06583680556,9336795.233922107,1.2363733348030546,1.0929507325996528,1.4027161769539935,1.190591951054861
2022-12-22,229147.09121180556,9711096.41717407,1.2037755901707687,1.0683016217201389,1.3351553284421598,1.1781922005118055
2022-12-23,229918.76934375,9872757.83514628,1.2521660589641703,1.0702216694,1.3067117245528257,1.448153463454514
2022-12-24,279191.2746215278,12232071.959720563,0.9661827430902368,1.0647160720006945,0.9577951163659336,1.2832718395881946
2022-12-25,279087.83427777776,12281606.797705442,0.935814170655739,1.0501194540506944,0.9556020498646755,1.2853169152399306
2022-12-26,275669.6490208333,12386231.496641533,0.8532481332182633,1.0211491942475694,0.887041509270314,1.1829896501548611
2022-12-27,251596.90286458336,11199710.460548786,0.9245583253299308,0.9977324961020835,0.9770482167105521,1.2083162422458333
2022-12-28,217770.91181944445,9393250.088494437,1.123221482942362,1.0260206146805555,1.1739985288139403,1.2240305914607639
2022-12-29,231613.31353472223,9968574.263923168,1.107765681188074,1.0571974447347223,1.1488114089056394,1.2977083797934028
2022-12-30,235402.6809479167,9865454.493291363,1.1400109931316222,1.070144161284375,1.2265867583099959,1.094586373046875
2022-12-31,236603.500125,9990002.181664968,1.1072694144296615,1.0676773485288193,1.2191146012885103,1.2970550419663196
2023-01-01,232077.31277083335,9676539.36558608,1.2433237448879708,1.0718450273961806,1.3755103731081195,1.2163431249177084
2023-01-02,229983.4644513889,9900175.376462115,1.1611416097669816,1.0899735085194444,1.2352615545381496,1.3085157005402777
2023-01-03,220118.5575486111,9496193.096799564,1.327411784720404,1.0986642881256943,1.3602318892642133,1.2508057725263888
2023-01-04,225668.13045486112,10076196.584764145,1.1877839759738176,1.0977638433322916,1.2773886735852715,1.1916303057399305
2023-01-05,226179.96792013888,10262848.961303608,1.1071784480640956,1.08610292645,1.1379145761390974,1.1547580588743056
2023-01-06,219007.98709375,9888520.207531443,1.150851259271998,0.9914270513809027,1.2233205453892206,1.1621194096399305
2023-01-07,231068.31805208334,10738365.347945042,1.008653186195274,0.9748954935895833,1.0199055849245389,1.4601294711475694
2023-01-08,238877.09697222224,11253034.753276344,0.9340841162980921,0.9847805994045138,0.939567092062792,1.1011628098180557
2023-01-09,237250.66321180554,11730078.710216105,1.0172554308214699,0.920106229345139,1.0281603133923556,1.1510226467708333
2023-01-10,220120.40458680555,10668974.260172494,1.0827986631148299,0.9231005307579861,1.1240515368026411,1.1399073385961804
2023-01-11,219529.0303298611,10470133.74357567,1.1545045572636736,0.9788028180006945,1.2280796158102798,1.1734590474649305
2023-01-12,220241.01807291666,10711331.70112137,1.2195471864259988,1.0835367587555556,1.2370620078460435,1.134349641992361
2023-01-13,233591.5223715278,11627916.250135839,1.284582454381531,1.2422894676934026,1.228974801571394,1.1602291211614584
2023-01-14,215288.7561111111,11183058.083096722,1.5847418503601878,1.3218075667114584,1.6777426424137512,1.0574977780413193
2023-01-15,209763.8216736111,10752353.147418419,1.6704228127873015,1.3476816590989584,1.8164047961120842,1.0964579821302083
2023-01-16,199802.21355555556,10067315.44951604,1.6633369676252407,1.3554856711527778,1.869450816633462,1.0534647835809028
2023-01-17,205720.11390625,10173284.07573508,1.6422239459114416,1.3592614662319444,1.8276902384315248,1.0773161470163195
2023-01-18,207947.87979166667,10134088.357767796,1.7257225410585333,1.3604181327083333,1.908230753683365,1.0438460002854166
2023-01-19,202133.76385763887,9719218.636580788,1.4945665054827437,1.3490561333128472,1.5591932150594197,1.0815155758211805
2023-01-20,210327.48802777778,10505348.910195401,1.2856647782523491,1.4207726612902778,1.2094981973210284,1.2392487134333332
2023-01-21,201283.7946979167,10544035.140935732,1.582341247286918,1.4468624148836806,1.5101897686389174,1.011493366759375
2023-01-22,201707.38779166667,10503271.002435263,1.8208137463182004,1.4285014776385419,1.6769729848586588,1.1669505014121528
2023-01-23,195898.86883680557,10331043.009487504,1.8185796211787482,1.3792580676010417,1.696721267489847,1.2938470981916665
2023-01-24,197279.52246527778,10213487.294171833,2.1521355078221585,1.3238714427152778,2.2463774184124308,1.1642292513263888
2023-01-25,179545.0456041667,8939494.465433624,2.2038604218751443,1.358023630770486,2.3354930993974383,1.1112985928902779
2023-01-26,188366.47773611112,9510012.78503481,2.2054440804550226,1.3371720900003472,2.5875745616685286,1.0859911058503473
2023-01-27,195432.28455555555,9986189.985792538,1.9506702177841864,1.3381309344618055,2.1866633287628554,1.1287112945482638
2023-01-28,196589.1569027778,10035664.1928488,2.049195072454828,1.378059287549653,2.136701040115897,1.2038300932253472
2023-01-29,330474.9390381945,18837533.035240605,1.0119998803127304,1.17907897865,0.7942846730711115,1.0634287604927082
2023-01-30,293259.59677777777,17040816.65723719,1.0501854271911073,1.1272173697916665,0.7838072780783005,1.1078561693347222
2023-01-31,284060.9182708333,17173443.742202528,1.0381598064280215,1.0425905949736112,0.8585302185489524,1.1134949800836804
2023-02-01,224675.3913472222,13574332.234026112,1.2357411655974997,1.0692518826003483,1.0368238137862498,1.0419985358739583
2023-02-02,210260.60892708332,13145408.58528064,1.3979726876044938,1.0809957228899305,1.1370990609457108,1.0757594440583333
2023-02-03,194978.54786805555,12167524.80192465,1.4310986870213815,1.0706081653746529,1.2913013878758481,1.06570091869375
2023-02-04,188313.93474652778,11650793.605019463,1.6185109747923287,1.0977157730725695,1.5245796668840788,1.128635907890625
2023-02-05,193045.2101875,11613741.674367264,1.728925852449924,1.0737803003354167,1.7412112550246652,1.0899296557687501
2023-02-06,198180.07977083334,12238905.109953038,1.4068445063061712,1.1160425962729166,1.2965964142729791,1.1030638831253472
2023-02-07,217239.50492708333,13957274.398887856,1.1134278251717942,1.0945458246652777,0.9322718011682305,1.114672859002778
2023-02-08,210626.69850694446,13683410.506609013,1.2243523515853356,1.1485457903527778,1.017362693874477,1.1426619679854166
2023-02-09,183983.27992361112,11320167.708191372,1.4378855651683042,1.1455243853850694,1.3256830327346938,1.0994309096013888
2023-02-10,184965.14407986111,10701278.61257899,1.7892718807616967,1.2181648417961806,1.8064144069233248,1.1363728403607638
2023-02-11,205051.13522222222,12379836.766180899,1.5885877562581021,1.2152306333083334,1.5928429032491356,1.1286268459138888
2023-02-12,213651.0162361111,13323956.43788582,1.5206552391887236,1.293500703848264,1.372780365473349,1.1978271255072916
2023-02-13,210484.1160902778,13189211.71606179,1.4135486083212099,1.2876198371805556,1.2652977959283314,1.025574673640625
2023-02-14,221737.98063194443,14430162.17626803,1.2320015876269181,1.2415080177145834,1.0628746706578003,1.1106793717979166
2023-02-15,264251.37391319446,18399940.95630318,0.9952131755637311,1.1902835497493056,0.8156054175160261,1.0973728256263888
2023-02-16,240479.6000208333,18059491.68164145,1.1942450177280657,1.1577322368288194,1.0338928339693547,1.0401106063118055
2023-02-17,228130.83622222222,16611570.558049086,1.3811130705620924,1.1572530227784723,1.3147142249550678,1.0705208975770835
2023-02-18,216677.01525347223,15840267.565541025,1.4981289501751256,1.1878776142159722,1.4631327717975262,1.1327348036347222
2023-02-19,209807.10757986113,15040646.755404182,1.632191795905979,1.1997213905444444,1.6268116126207344,1.0805907301715278
2023-02-20,193778.68262152778,14058020.29628634,1.5133309500043024,1.2573087584996527,1.606119049206631,1.0576266238100696
2023-02-21,196404.55383333334,13981369.61895042,1.7268837016290637,1.3109920039944445,1.8181863201990156,1.1418066361170731
2023-02-22,196322.29448611112,13826597.759214489,1.717357950613828,1.3345169110666668,1.7266974790811203,1.0159866242777778
2023-02-23,198865.51610069445,14319004.634223344,1.7306926346721951,1.3642816746673612,1.6878947126636035,1.0682621288517362
2023-02-24,206155.9384270833,14442093.369352967,1.843150515413731,1.3723150801864583,1.9129320418237228,1.0700207662868055
2023-02-25,208211.0449861111,14387837.215169497,1.9180249914991738,1.384709477984375,2.0690463577712443,1.0413266671628472
2023-02-26,211123.98635416667,15029953.37452673,1.833407394538217,1.4068572701194446,1.928344255548435,1.227683515184375
2023-02-27,218238.3006736111,16018666.591064237,1.6666400272745419,1.4360596017256944,1.5444086969380584,1.1283564512947917
2023-02-28,217621.8010902778,15795441.939684477,1.6144140593957126,1.3823042755274306,1.5367781115908525,1.1262069084541666
2023-03-01,208887.06160069443,15241763.672538668,1.607773672539349,1.35568491739375,1.6737963543388998,1.0265832921961806
2023-03-02,213284.14078125,15468561.081638806,1.644728244702161,1.4321831282006945,1.6954969174348444,1.1168572027892363
2023-03-03,216868.0104236111,14875415.177902494,1.8382410834266432,1.43510856476875,1.9591641615729405,1.0423624245590277
2023-03-04,218001.10141319444,14913265.115804387,1.7638233323728878,1.482490579721875,1.8856451009861341,1.1795398003260416
2023-03-05,218938.26885416667,14629209.515371367,1.8741617489447688,1.4676375755493056,2.0541157912765224,1.0426349946520834
2023-03-06,252349.86467708333,15871961.166479124,2.268266942144079,1.4347897881298612,2.523557018272214,1.0566462277878472
2023-03-07,251512.33186111113,15592655.707595445,2.3868515669759955,1.399351021286111,2.7206546838960532,1.0699459187423612
2023-03-08,245101.77131944444,14824972.917639876,2.364101040688153,1.448685656953125,2.652606672291099,1.01639687794375
2023-03-09,239262.7304027778,13921108.084971555,2.2672714667664895,1.4743370014975694,2.4391230294141546,1.0561806088010417
2023-03-10,237937.6467048611,12006563.019849796,2.156067514059041,1.344910842170486,2.2554410039379555,1.023233010421875
2023-03-11,233470.32067361113,10887187.51220785,2.1148999635398575,1.2360227192093751,2.2892668789795705,1.0692214465690972
2023-03-12,232555.10610069445,10928769.375575993,1.8584561731826459,1.2339084657597224,1.9719818939081568,1.0361311004861111
2023-03-13,218297.19059722222,11810908.887692487,1.6224109503819444,1.2873615115972223,1.672890597638889,1.0058591648611113
2023-03-14,208774.2269409722,11906226.291667514,1.5877379617510274,1.286600062092014,1.6603489920856012,1.0152372747472223
2023-03-15,196865.22380555555,10975557.316553967,1.8074119750919013,1.319444124564236,1.8514951071698635,1.0397058102211805
2023-03-16,190309.21993402776,10014516.236151785,1.8275889960276805,1.2831708991930555,1.952899891716851,1.0561267854881944
2023-03-17,188230.25648263888,10326790.181141315,1.9293769743812466,1.2941274574777777,2.04629775970592,1.009294493632639
2023-03-18,185656.72963194444,10768684.10895092,2.0593411818666696,1.315281990792014,2.0640765087832604,1.004452016
2023-03-19,186437.33278125,10598361.51484646,2.216654492037475,1.3066322253611111,2.2935614721463384,1.0592860932850696
2023-03-20,184581.50505902778,10478050.124391176,2.08467204107674,1.2783745142232639,2.158340030331398,0.9728476285003472
2023-03-21,187274.35292708332,10614093.358051449,1.82785561800193,1.2299792780440972,1.949504633134144,1.0497875203680556
2023-03-22,190358.9523715278,10874605.059678782,1.7906715825219581,1.2453967987177084,1.8886053074614944,1.0604525947826389
2023-03-23,229634.23239930556,13891863.550492749,1.4259042516026839,1.2479084930538196,1.3905440236718218,1.0622123764725695
2023-03-24,229707.41760069446,14253068.33941383,1.2593846741216117,1.322776015695486,1.116988825171185,1.0160209740815973
2023-03-25,210079.4485451389,12560702.017476507,1.6124997099795808,1.3972111726572918,1.5855993324931172,1.114431241106597
2023-03-26,191273.30205902777,11306739.971068613,1.7836421425849187,1.3798808667041667,1.930158691154396,1.1399669683104168
2023-03-27,191843.42475,10924484.614274805,1.954617593498919,1.390539308328125,2.0643814386946833,1.0598705490586804
2023-03-28,188160.27880555557,10461124.651697177,2.0150788628224374,1.3423043205465277,2.119896779957811,1.0430942027069445
2023-03-29,183236.5115138889,10583892.75462148,1.9585103579835008,1.3761384780072916,2.057303563667621,1.0428671684159723
2023-03-30,186421.51344097222,10579213.741322173,2.2416147712515,1.3537722001378472,2.3514793208035787,1.030306457126389
2023-03-31,188229.1767222222,10704275.202503018,2.26013769152501,1.278232593071875,2.4312028213830965,1.0656674851465278
2023-04-01,184313.4170416667,10837527.830539592,2.034229076026748,1.3113505689409723,2.1505302017453674,1.1663891319298612
2023-04-02,183954.84775000002,10676748.867886208,2.226346994168713,1.335046895970139,2.3646611733418594,1.206760277887153
2023-04-03,191137.81489236112,10892392.742108416,2.309709585193249,1.3183499582083333,2.4638197664335824,1.0753851260184026
2023-04-04,190697.31891666667,10963202.190817276,2.3498352507444493,1.3651199589600695,2.4371111733097597,1.0988068545166667
2023-04-05,191099.36797569445,11095750.690860292,2.3068013492661255,1.395282983320139,2.3797782567540446,1.0198562385739585
2023-04-06,192705.6797222222,10936524.456163513,2.736276808739137,1.386651281046875,2.8311036293317526,1.1095397465267363
2023-04-07,198572.78190972222,11107652.060362574,2.5218447893927567,1.3527235480302082,2.7310137441811784,1.2859117328159722
2023-04-08,199303.2877638889,11141726.870027663,2.514326327553918,1.3325383415322916,2.7570595533911,1.4267624796430556
2023-04-09,202253.83850694445,11185494.126890995,2.549858634203555,1.339079735328125,2.744064964813757,1.2873482637350695
2023-04-10,200230.91094444445,10781519.925490867,2.388146865311179,1.3927381138684027,2.5385677659434887,1.1665159167934027
2023-04-11,197810.51722222223,11366857.363144623,2.0523041937289945,1.5182396818711805,2.102543877568085,1.0288954971034723
2023-04-12,200957.5306388889,11167241.726991342,2.406754192392087,1.4257394723090278,2.703159612246598,1.0068804335333335
2023-04-13,197375.27345833334,11181159.059100341,2.1989752182250224,1.4505381223100695,2.3958444253184377,1.1453739592246528
2023-04-14,199390.3963090278,11623161.758530036,2.309953475349621,1.4511412215375001,2.3580482088882215,1.0607130260072917
2023-04-15,193940.27967708334,11554178.522891425,2.1372376196680025,1.474112073961111,2.019028843435613,1.0964722173795138
2023-04-16,194981.29941319444,11679002.486400036,2.234444989020104,1.4476302775618057,2.1142267330936413,1.0420773311468752
2023-04-17,197156.06213541667,11654385.009754386,2.376469292522813,1.4469372411614583,2.273860706428923,1.0885054988392362
2023-04-18,203131.57048958333,12067601.080648385,2.0928205390906975,1.3734155161232637,2.1170433929895234,1.0404531050447916
2023-04-19,204024.3265138889,11385016.562903171,2.629341566242081,1.41638055225,2.6993100826331125,1.1477940416826389
2023-04-20,207305.14750347222,10860096.100960735,2.53611455734795,1.3653752867947917,2.9180904805384364,1.040534846459375
2023-04-21,207952.79120138887,10564458.392553505,2.5491164972732303,1.3917355753395835,2.8762629878322445,1.0319608881013889
2023-04-22,215038.0344548611,10611633.852665879,2.5353054895699048,1.3801250627670139,2.8297563619120165,1.2087904811076389
2023-04-23,209732.90342708334,10507300.201048328,2.3348239604552234,1.4002501353743055,2.634775612827484,1.0077692559322917
2023-04-24,207046.38831597223,10349089.007712454,2.3711945939168855,1.429021775054861,2.6827604942055037,1.0077879095260416
2023-04-25,211985.42188541667,10572513.264415989,2.4594636683787297,1.3877460056399304,2.6376662078564195,0.9983747691805556
2023-04-26,210270.46479861112,10799960.992390957,2.3863878636285634,1.383309314339236,2.54250166710658,1.0348243162194446
2023-04-27,206632.61622916666,10360008.929692859,2.381091658835844,1.4046831532375001,2.7019549115141506,0.9950418875142361
2023-04-28,198929.77656597222,9956027.92754165,2.4064751367133543,1.3974556048819444,2.6246744805636144,1.1839157626940973
2023-04-29,198480.4722986111,10033739.885813074,2.4701223242676105,1.4209993649770833,2.6018925761268794,1.0678898876017362
2023-04-30,197730.82827083336,9940983.667407399,2.651142384745473,1.4979473495940971,2.9323009838024685,1.092249618219097
2023-05-01,204850.30470833334,9985196.23183279,2.917606382071583,1.492064391146875,3.26611922718069,1.1633699819371528
2023-05-02,213928.32610416666,10316473.5427647,2.8254675867255035,1.4257952350881944,3.260008077824147,1.2175731204190974
2023-05-03,224021.49561805555,10742036.840662695,2.744848670748772,1.3706645396145833,3.1675875272280716,1.1813424710284723
2023-05-04,226085.81188194442,11034669.40669138,2.542333333798605,1.3766982669013887,2.937178129933875,1.2188073693843748
2023-05-05,232835.5686840278,11323685.572575592,2.669296255556053,1.36505741280625,3.2052692464114476,1.1699800653489583
2023-05-06,242280.00435763889,11331431.524607442,2.8982825701299473,1.3529763224694444,3.211276078607161,1.1295307521541667
2023-05-07,251421.83316319447,11505302.218671754,2.712549898138584,1.3089885819027778,3.1267989534779015,1.1536547086416666
2023-05-08,236911.20686111113,10240540.850970933,2.7984171357297223,1.3817694099809028,3.0462090245104894,1.1278020490145833
2023-05-09,242264.0081423611,10012019.102521414,2.7090588652777314,1.3587139991569446,3.0328748111005446,1.0720015855336806
2023-05-10,234226.36602083335,9901963.526553322,2.569680551942047,1.3907389324055555,2.975405575663072,1.077597712625347
2023-05-11,229815.56522569444,9492888.331951326,2.8785504721894624,1.3668075558211805,3.325415537219925,1.1085460760864583
2023-05-12,230590.8790451389,9183357.235577127,2.8570550289749734,1.39769535351875,3.2334781997268616,1.1455253836795138
2023-05-13,223206.83460069445,9019655.047948178,2.703837058718463,1.47896043875,2.9560725902941183,1.129512800017361
2023-05-14,220632.92511458334,9001293.133851144,2.5007171875826404,1.4853855022461806,2.7573712446794176,1.2710255110649304
2023-05-15,229132.22086805556,9627441.581607627,2.4634566818912687,1.5163227415680556,2.665765969112961,1.1460154065631944
2023-05-16,238154.29490625,10147659.41324641,2.4146886075050116,1.5632541196479166,2.604168165196718,0.9954572865572917
2023-05-17,248669.77300347222,11000058.252328657,2.07592732594445,1.4498641558996528,2.2840690624742153,1.107439352937153
2023-05-18,237031.99102430558,10383270.210146187,2.316751432006514,1.3810829990809028,2.535717045017541,1.1094949976788195
2023-05-19,235507.76325,10374210.7462931,2.1044328695133414,1.3452703939552082,2.3110665550753104,1.0743326652625
2023-05-20,235972.76597569443,10404757.536675785,2.1859528928471175,1.3602536201878472,2.291542312330753,1.2787084972322917
2023-05-21,229159.9663125,10017693.474847505,2.2200274683388974,1.377598933351389,2.3547943975508434,1.2138627370229167
2023-05-22,225634.1573159722,9828728.554085396,2.0666025616347543,1.4096886449513888,2.124707940036664,1.1885721886572918
2023-05-23,226272.52525694444,9905152.93122198,2.1899366192068723,1.4337861573791666,2.3063180025990118,1.2096247658215278
2023-05-24,233871.32822569445,9722485.822207276,2.4396897000238207,1.4021841072756944,2.682099745596469,1.2851222272201388
2023-05-25,230569.3718159722,9419358.631481871,2.5608606927482174,1.4694836402694444,2.7739713126732854,1.4405484027586806
2023-05-26,234857.02834375002,9743123.90649876,2.4693431922734073,1.4822121246413194,2.739392293634389,1.2333680388954862
2023-05-27,236886.0152152778,9962255.203646554,2.3933415753630785,1.5113927323180556,2.6928492076695703,1.7431780858498258
2023-05-28,232532.70172916667,9974151.310268575,2.443732590900707,1.575921009821875,2.5407738878484483,1.3010538292833334
2023-05-29,221936.18456597222,9632197.712178132,2.3069774615223273,1.5771819814454862,2.4378699498610312,1.141136719610764
2023-05-30,218919.656875,9527165.784189058,2.215632509412415,1.5120551867659724,2.382470189324555,1.3433209301180555
2023-05-31,230235.5494097222,9805101.610050667,2.3664526719551047,1.5014556274607638,2.4673854092066994,1.2300925032
2023-06-01,244984.80104861115,10228461.5915884,2.4151545344544965,1.4907209140694446,2.6357620601484095,1.107242895002778
2023-06-02,242064.56579166665,10263190.928274373,2.282221484604195,1.5015175559395832,2.524611724667173,1.3144750022381944
2023-06-03,246667.66946874998,10512085.99375003,2.5160496739337925,1.5025865706659722,2.702539780397324,1.4722538508652778
2023-06-04,240044.12594444444,10343361.529434524,2.3902001895875773,1.5541289944680556,2.5930050077407523,1.2591629481586806
2023-06-05,243711.41739930553,9987216.158529509,2.742751475364105,1.5242992190690972,2.9564643345858013,1.2035775562364583
2023-06-06,241265.3346875,9469807.13136776,2.8598550531256537,1.4668362550993055,3.1870381593016694,1.2875639360086806
2023-06-07,245502.1250486111,9577911.010711063,2.7169168725997097,1.4772335139923611,2.9410535550683594,1.5404130131038194
2023-06-08,244914.1591597222,9447565.86898688,2.4982989613220155,1.4852134296996526,2.7996996861169468,1.52548180146875
2023-06-09,246795.39856944446,9547201.565531068,2.565524940802816,1.504774700975,2.8575438575439325,1.576240489711111
2023-06-10,240409.01003472222,7446916.501526601,2.4238160880848008,1.3575058231875,2.602068876385106,1.1268473675645834
2023-06-11,218871.1148888889,6410679.466532633,2.3340441822799964,1.1705210096423613,2.635201624149717,1.2205980799402778
2023-06-12,224693.12464930554,6467444.633041568,2.0671486669709607,1.0799305551927083,2.3206328992834995,1.5004695070399305
2023-06-13,226698.55398958334,6600711.505114289,1.9963101353970742,1.0481036315020833,2.246078828155781,1.1885753206309027
2023-06-14,218780.9394236111,6519738.834205213,1.8526409880489807,1.1208515204145835,1.8896945307883608,1.1456097207805556
2023-06-15,198043.88674305554,5815927.234670515,2.0600767152335364,1.2036591316177083,2.218406784214759,1.253057132310764
2023-06-16,208191.4135347222,6284801.757400401,2.11069124511848,1.2672727359982638,2.2103367391782553,1.8584369100621525
2023-06-17,216156.85959375,6720116.05061757,2.0026718484285504,1.2983060419875,2.0753343148754997,1.5440430818427082
2023-06-18,207715.42306597222,6409397.0302668335,2.203335887145816,1.3276628219013888,2.257943878907712,2.11713416510625
2023-06-19,197863.41122569444,6028149.165602838,2.2142482600182714,1.3295007430854167,2.3475890073747196,1.6876680724753472
2023-06-20,226336.59210416666,7203075.586962167,1.7401281428471833,1.2004078730756946,1.72601432140206,1.8969884568631943
2023-06-21,227660.9692673611,7595841.710018624,1.7124263632991736,1.119373938795139,1.7197602785733201,1.1861622857815972
2023-06-22,215649.4189097222,7256027.005888581,1.9922814165801874,1.1333711735246528,2.0285633359966906,1.2182177602440971
2023-06-23,215695.65627777777,7342504.851572593,1.8817760822968945,1.179200752563889,1.9975893460833065,1.2162947313861112
2023-06-24,210886.39823958336,7365549.619219938,1.9872245791588368,1.313178105086111,2.014964372063462,1.2838773701597224
2023-06-25,200814.82278125,7148581.175564443,2.10366036953042,1.3471288282055556,2.132199160845902,1.1980902749965279
2023-06-26,199844.97860416665,7022854.604852082,2.2157480999349795,1.35631657939375,2.3036139974620125,1.0918104875743055
2023-06-27,220496.12946875,7954886.925309756,1.7738825973333423,1.3109123243652778,1.8477654965889876,1.1221955453611112
2023-06-28,215623.75417361112,7483672.756051178,1.8925946142103411,1.3480048150524306,1.9479219266428782,1.2319918580506946
2023-06-29,204924.51731944445,6985905.91076332,1.8733476075989808,1.3559664778774305,1.9403420161641673,1.2430205651059028
2023-06-30,207576.9832777778,7654698.893383037,1.7298170839665805,1.319228612148264,1.8385283260089755,1.0707979976559028
2023-07-01,209041.09907291667,7941747.2395490175,1.9656174179086845,1.3312981587954862,2.002537830494136,1.1111093061944444
2023-07-02,211665.6402326389,7963248.164486708,2.09667661134364,1.3373449053527777,2.107911100049845,1.0641383881152777
2023-07-03,212229.4859201389,8021859.390630594,2.3534256509451295,1.3676121316545138,2.3887485914999425,1.1608565904788195
2023-07-04,209240.58692361112,7786306.904790226,2.348709153225316,1.3543914955319445,2.5930439215272574,1.0882227821086805
2023-07-05,209824.70746180555,7475703.486417372,2.256961244457312,1.3372334871152778,2.5418803063147526,1.151043248646875
2023-07-06,202839.26353819444,7053973.2197345905,2.259574856135112,1.35672276794375,2.48912417363313,1.1947545033972222
2023-07-07,196736.84741319445,6639422.755832274,2.3396380094867486,1.3906176814020832,2.543031347875362,1.3221315350708334
2023-07-08,200345.5989548611,6713574.138864599,2.42263975424145,1.3718574468666667,2.665080905572396,1.379927312392014
2023-07-09,208160.34489583332,6976247.839083386,2.3629789639846206,1.3535563057763889,2.625539033559207,1.8854052616666668
2023-07-10,207873.57161458334,6907302.910764754,2.4037693569791667,1.3657021352777778,2.6769266497569446,1.1248987191319444
2023-07-11,207562.16005208332,6931111.47687524,2.414378809201389,1.3714551605208334,2.763797672604167,1.5552634219791668
2023-07-12,205711.54608333332,6910142.625134457,2.391865634652778,1.3661537725347221,2.5135110209027776,2.332273343923611
2023-07-13,207763.53034027776,7080341.277171198,2.405278390972222,1.349694175,2.5691169538541665,1.1735928801041666
2023-07-14,211066.10431597222,7459920.417730093,2.4276832538541666,1.4584172194791667,2.3721627003472223,1.1125930535416666
2023-07-15,218577.0317638889,7453709.688273079,2.657181434375,1.3828070593402777,2.731086574722222,1.2339552477777778
2023-07-16,249280.41724652777,8345152.517111467,2.755964794270833,1.2527132441666666,2.9162265801736114,1.1379470877777778
2023-07-17,263570.91177083337,8692727.064633701,2.635165489583333,1.1644550071180555,2.9588339013888887,1.147339069201389
2023-07-18,254652.52845486108,8266438.758852816,2.593752401527778,1.1798461188194445,2.8889736711805556,1.3124483718402777
2023-07-19,239815.39335763888,7748803.749679344,2.212530663090278,1.205878023611111,2.3255776048611114,1.3181239325694445
2023-07-20,229510.2136736111,7457778.349669259,2.112964916909722,1.3363700190625,2.2084952805208333,1.4119098536458334
2023-07-21,225315.41194444444,7396493.63478606,2.2112289654861113,1.408362678784722,2.294410113715278,1.348185129826389
2023-07-22,227650.63313194446,7519698.817925119,2.2179148618055553,1.4221583691666666,2.2358305216319447,1.4358598994791665
2023-07-23,223398.91747222224,7449848.750711816,1.9765503247916665,1.4192787252777779,2.0476294397222223,1.368428504375
2023-07-24,214638.0889722222,6985195.870858166,2.2739674750694445,1.4390602216319444,2.3786802021875,1.6052206074305557
2023-07-25,216053.4346909722,6827282.393022594,2.332635047326389,1.3771542123958334,2.4777833502430555,2.1329011711805554
2023-07-26,222837.8158784722,6972513.949781018,2.285803596423611,1.2932468286458334,2.5510324103124997,1.4249323470486113
2023-07-27,218485.97111805555,6919647.63347285,2.1772882184375,1.3224179285763888,2.398641546840278,2.0307977587847224
2023-07-28,216886.27629166667,6959531.886079069,2.066201644861111,1.3560040129861113,2.267643359548611,1.434820212951389
2023-07-29,218917.7544340278,7071074.968229823,2.066540393055556,1.3820308391319445,2.157113647361111,2.3452163386111113
2023-07-30,226451.32747569444,7291516.183806255,2.1710072986805553,1.3630755112847224,2.268851990868056,1.4376681905208333
2023-07-31,222460.10501736111,7086590.926598197,2.4422811369444446,1.3707816299305557,2.5817391744791665,1.3766592272222222
2023-08-01,236542.3119201389,7385063.784147803,2.498238153125,1.344295207534722,2.711074620277778,2.432404559305555
2023-08-02,233274.43234375,7426881.345448088,2.2315010354166667,1.3719330767708333,2.416960003298611,1.3965015319791667
2023-08-03,244164.6259826389,7780484.863381136,2.2119654681597223,1.3206848963541669,2.475038469965278,1.3978031277351917
2023-08-04,247817.92105902778,7708759.695550689,2.5078367759027778,1.312262442326389,2.865288325590278,1.2211662078125
2023-08-05,259370.91184027778,7965766.041775263,2.5342592572569442,1.289022829375,2.881245596215278,2.7718132287152777
2023-08-06,254288.36707638888,8023750.190076361,2.202386534895833,1.3075896627777779,2.443206979513889,1.6187250007291665
2023-08-07,255129.9541215278,8337109.2919935025,1.865839635729167,1.3325170640277777,1.9250737960416666,1.3880930606597222
2023-08-08,251034.62528819445,8233025.749254297,1.946079016215278,1.3854702549652778,2.0230877259374997,1.6232325970833332
2023-08-09,240311.8642013889,7918300.169482433,1.9602062870383274,1.4526958979442508,1.9545022090243902,2.4017238373263887
2023-08-10,238037.9913263889,7754108.886998819,2.1905070490625,1.4980856777777778,2.200695247951389,1.756652447638889
2023-08-11,242828.77156249998,7892390.748272177,2.187176803611111,1.5106171118055556,2.294954058125,1.6375762207638889
2023-08-12,237520.8593576389,7694616.439732918,2.3016233278472225,1.5287940498958335,2.3983775345833336,1.9273920995486111
2023-08-13,232398.6482326389,7458335.161914811,2.464812648611111,1.5277700333680555,2.5728917646875,3.946621342152778
2023-08-14,232016.35573611112,7434366.347633197,2.5090176480902775,1.5299447891666667,2.5886666668055556,2.330881274201389
2023-08-15,233050.337375,7259104.608107239,2.657788293333333,1.5150804686805557,2.7995086990277778,1.9147002199305554
2023-08-16,230074.13312847223,6701087.351227688,2.6674005602083337,1.5034826695486112,2.877966246875,1.3275357053472223
2023-08-17,223746.7349583333,6299862.044095791,2.5242017012152775,1.5120931918402778,2.7291877799652777,1.2319479992708333
2023-08-18,205857.47281944443,5410075.627499417,2.1414633613194445,1.4514151113541667,2.2628677285069445,1.1935983522916667
2023-08-19,206027.38412152778,5459922.361027926,2.316315300729167,1.461901633159722,2.3883130745833334,1.7268657089510489
2023-08-20,204105.58472569444,5488726.081330206,2.2140332290277778,1.4561286303124998,2.2837308152083335,1.6906166997916667
2023-08-21,201350.4206736111,5348034.961597292,2.2697450718055556,1.4757245452083334,2.3013402428472225,1.4069432093055554
2023-08-22,202742.55834722222,5341770.751114396,2.289535441770833,1.498267141388889,2.346694213159722,1.5830647498611112
2023-08-23,221158.2360902778,5842130.673102559,2.480791359826389,1.4058683052777778,2.5421641821875003,1.3966031086458335
2023-08-24,242564.46533333336,6239475.963480668,2.5354383357291663,1.2469029975347223,2.6757364558680554,1.5628250925347222
2023-08-25,252058.87072222226,6331835.011544835,2.3097617757291666,1.1274176460416667,2.6285502609027778,1.3065814556944444
2023-08-26,241448.23325694446,6140166.743165617,1.897981707326389,1.1787066516666667,2.165377797951389,3.510825316167247
2023-08-27,235550.202,6024101.863098322,1.9512485886805555,1.1993613235069445,2.174261967951389,2.2440764371875
2023-08-28,229491.1571423611,5937274.036793489,1.9992171642361112,1.22142198625,2.1357865053819447,1.3574324071875
2023-08-29,218955.09942708333,5749932.379193759,2.023484590208333,1.2463493065972222,2.137339417361111,1.2826261070486111
2023-08-30,219469.15186458334,5904154.353715374,2.2631389087847222,1.2915121289583333,2.002800467951389,1.526864458611111
2023-08-31,223928.51802430555,5953642.651887044,2.3673495876041666,1.2847433352083335,2.1340402620138885,1.4503309127430555
2023-09-01,221307.42270833335,5687994.137429591,2.3538307554861113,1.2959014181597222,2.2909594787847225,1.6786026931944444
2023-09-02,220474.3387465278,5553336.017288085,2.2188556896180556,1.2898249180555554,2.188754951388889,1.4767763400694445
2023-09-03,222892.2366423611,5687645.63249721,2.017974434618056,1.2668141923958334,2.0369099994791666,1.808901096701389
2023-09-04,222424.4506875,5685835.972332547,2.0267056383333335,1.2755640414583334,2.0577997555902776,1.4680091400347222
2023-09-05,219737.79035416667,5632688.644664314,2.037826302638889,1.2839043788194444,2.0723031081944447,1.6692295643055557
2023-09-06,224188.13888541667,5726434.826272251,2.1618614877777778,1.2840042596875,2.1987748025,1.7128254897222221
2023-09-07,221503.16712847224,5715519.272413296,2.092149329861111,1.2890387095138889,2.112500605277778,1.5962323809374999
2023-09-08,205798.32943749998,5376526.142322541,2.0479367805902777,1.34959787,2.059108062361111,1.9695438717361111
2023-09-09,201742.61477777778,5314322.571049414,2.121757590763889,1.398256702361111,2.1918828215625,4.8850744710452965
2023-09-10,195740.72167361111,5054684.740967916,2.136703993090278,1.4261789023958333,2.172438117118056,1.2853467736458333
2023-09-11,200970.89517708332,5036901.687946547,2.0579723484027777,1.399522788125,2.1265910604513887,1.237586307361111
2023-09-12,197894.77772982456,4998095.09055487,2.0399986714035085,1.4298812294385965,2.078583005719298,1.5015670001754386
2023-09-13,200172.05522569444,5099087.622759365,2.052056710486111,1.4470160513888888,2.108273595902778,1.696300120347222
2023-09-14,205635.82606597221,5268677.56555749,2.266548792604167,1.465088422986111,2.291056578784722,1.7634323825
2023-09-15,204583.20453472223,5307626.982578788,2.3355380801041665,1.4787766113888887,2.350008811770833,1.405981901111111
2023-09-16,205215.75631250002,5486842.814232317,2.4765739163194445,1.4773430214930556,2.4188940319791667,1.972616619236111
2023-09-17,199275.50815277777,5231086.836358288,2.4760081826388887,1.504626629861111,2.2713555061805555,5.348704930104167
2023-09-18,195956.22860069445,5136924.927950263,2.3114185853819444,1.4813512372222222,2.2267016492708334,1.343908683923611
2023-09-19,197802.69039930555,5179432.8860886935,2.354963439861111,1.4593975468055556,2.3026600495833334,1.8915323209722221
2023-09-20,198625.76587847222,5222469.915664721,2.2052276814583336,1.463965092638889,2.1501022270833334,1.453958304236111
2023-09-21,198118.53491319445,5208187.501290725,2.3470391039930556,1.475721145625,2.1827112453125,1.373327423298611
2023-09-22,194705.3010763889,5147337.011834408,2.1470330754166667,1.435039824513889,1.9909265948958332,1.6125272505555557
2023-09-23,202397.67610763886,5407814.397027083,2.1150347275694443,1.4268430146875,1.9071689576388888,1.5686527881944443
2023-09-24,206709.2140902778,5512001.98303002,2.0841257390972223,1.4212241209027778,1.892620734513889,8.356349346909722
2023-09-25,203841.56487847224,5448033.693235853,2.007582659166667,1.4633471426388889,1.9242632181597221,6.992009303541667
2023-09-26,212846.86630208333,5719810.297521252,2.0808033063194444,1.4664603767013888,1.935541775486111,1.555083084201389
2023-09-27,210063.46475347222,5576155.778103174,2.033687463402778,1.486438765625,1.924069296076389,1.365897728923611
2023-09-28,206159.97935416666,5495630.1173791,2.121812483298611,1.4656113509375,2.0259118733680554,3.616194997743056
2023-09-29,207663.04327430556,5640393.435050235,2.0722633243402777,1.4819268981944445,1.819105944375,1.5744170564930555
2023-09-30,206167.15580902778,5689418.083654629,2.0231769654166665,1.4769254387500002,1.7882792448611111,2.258807273715278
2023-10-01,202799.78209722223,5653760.433956776,2.2906861571180555,1.490341925486111,2.041415934826389,5.108583300244756
2023-10-02,200791.91247916667,5621840.103368398,2.417269745902778,1.5163669209375,2.084281249895833,1.380494888402778
2023-10-03,197343.69669791666,5423647.267011854,2.2762824159374997,1.4874631032986112,2.065482662638889,6.827930443333333
2023-10-04,193258.80627083333,5186194.761728533,2.3365995564930557,1.4822720962152778,2.121057247951389,1.4434201603124999
2023-10-05,195747.33489583334,5286572.874076089,2.200233137604167,1.4749102053819445,1.9939783093402776,1.942582242951389
2023-10-06,194629.4938159722,5251271.056917284,2.2679614211111114,1.472716435625,2.049553835763889,2.2870761621875
2023-10-07,194137.81346180558,5219966.517909807,2.3320423409722224,1.4567541858333335,2.1390686096875,2.3834161529861113
2023-10-08,198522.31051041666,5289873.267883539,2.4524644990624997,1.4751690815625,2.254122424652778,2.2406872681597223
2023-10-09,202398.0951388889,5297180.1116746,2.4138888132986107,1.4977404189236112,2.2985957126041665,2.1360292436805555
2023-10-10,201439.3019965278,5224625.362485596,2.3072493997569445,1.5096874406597223,2.1958111901388886,1.5734172298263889
2023-10-11,202309.67047222223,5150320.933168301,2.441541962361111,1.5415830466666667,2.316021648125,2.8448149487500003
2023-10-12,203529.16941319444,5114975.6462887265,2.3364564930208336,1.4898049839236112,2.285248464722222,2.282862517881944
2023-10-13,205007.6972986111,5159716.850031909,2.2460839825,1.5123570853125,2.221524190451389,2.1484450044791665
2023-10-14,203734.92886458331,5201732.5585998725,2.2979378584027774,1.5228137778472222,2.260282646215278,3.435644153576389
2023-10-15,202453.90323263887,5178824.075590325,2.3823498733333333,1.5198894055208332,2.328003128576389,4.175258731458333
2023-10-16,205639.70344444446,5315215.405366483,2.510579003472222,1.52347412375,2.4198972574652777,2.2139528217013886
2023-10-17,204370.92809722223,5178762.908819905,2.576134714409722,1.477288825451389,2.4386310469444443,1.419513791875
2023-10-18,207491.715375,5164843.8704468645,2.257183140625,1.3804356977430556,2.1259861237152777,1.9698581771875001
2023-10-19,206852.7196875,5124620.692678135,2.1067671645486112,1.3543575936805556,2.0503230262152776,1.9182683345833336
2023-10-20,206704.9901701389,5247562.6713374555,2.1498586100694443,1.405839310763889,2.1304165785069444,1.5009973677777777
2023-10-21,207168.40088541666,5351483.835654071,2.2559976858333335,1.3871245233333331,2.1825071798958335,2.6887840254166666
2023-10-22,204450.8339201389,5309342.973804681,2.464297977222222,1.4992531197569443,2.3147375773958334,1.960522296076389
2023-10-23,197076.74509027778,5235684.653821509,2.453055657361111,1.5441961444791668,2.2305696672569444,1.4639167578125
2023-10-24,206794.25631250002,5782079.33875448,2.522029511597222,1.5715094091319444,2.525350253263889,1.2744100788194443
2023-10-25,201518.5383923611,5605071.618881742,2.5079527267361112,1.5154626753819445,2.3083220924652776,1.2532097253125
2023-10-26,207001.0989236111,5794105.561751471,2.302468497152778,1.4243943912152777,2.218946686666667,1.1723689295833333
2023-10-27,202649.31652083332,5602853.9366061045,2.408118737083333,1.4729297346527777,2.330062336388889,1.4114604367361112
2023-10-28,209277.26621180555,5894880.41205637,2.3528000364583335,1.399856306736111,2.4652584964930555,1.7011271644097221
2023-10-29,205912.0977361111,5861505.532874624,2.5582854575000002,1.4599584933680554,2.544548131875,1.6116773206944446
2023-10-30,210232.69397569445,6078670.05366366,2.500181372986111,1.426379622222222,2.5974288263194447,1.8699159862152779
2023-10-31,212842.7284375,6319536.026315268,2.7934582452430554,1.3619662355902777,3.1710912288194444,1.4952856059027777
2023-11-01,205786.67295833334,5984985.682720306,3.002580913923611,1.4026671805208333,3.418169229583333,1.185991565798611
2023-11-02,208038.38506944443,6087138.635247708,3.1007492258333333,1.3706045744097224,3.2495584568055556,1.3278429381944443
2023-11-03,203303.07890972224,5802536.834185561,2.690111478125,1.2893109627430555,2.7343942908680554,1.2456634064930556
2023-11-04,204884.10844444446,6019854.359298439,2.5826994630902775,1.3327797323958332,2.596068158263889,1.4548847842708335
2023-11-05,204187.4322222222,6183557.787413723,2.4681400817013888,1.3729345776041668,2.3568769451041667,1.3256199661111112
2023-11-06,196643.10590277778,6031685.23804674,2.581441173020833,1.3577500293055556,2.473302415243056,1.295879367361111
2023-11-07,188420.3123263889,5843861.273934977,2.581351030138889,1.3967282673958334,2.658433968472222,1.205010633715278
2023-11-08,192371.03927083334,6011998.992308666,2.5038086182986112,1.318830385138889,2.1686364236805553,1.2576896942708333
2023-11-09,187784.41384375,5869025.494663837,2.7196128428125004,1.3616797546527777,2.4164169303819443,1.1563039805555555
2023-11-10,171030.91463194444,5352472.890077047,3.0200520275,1.3898964126041666,2.8104837851041666,1.1847053171527777
2023-11-11,176515.2387361111,5708797.229014207,2.786832087456446,1.459053362543554,2.245669373902439,1.2045723594791666
2023-11-12,172544.2811875,5712723.089431114,2.5819002013194443,1.3160771874305555,2.0865710596875,1.1436860287152777
2023-11-13,169337.2862673611,5620908.909867586,2.889713252951389,1.3245843734375,2.5457311686458333,1.2545086727430557
2023-11-14,168343.0202326389,5340657.50550378,3.3783517405555554,1.2439773302430557,3.462204707291667,1.1021904188541667
2023-11-15,172554.69372916667,5468739.352875841,3.776779209270833,1.307664078125,4.207387437777778,1.2476283591666666
2023-11-16,182516.0048298611,5785239.870467477,3.824765689375,1.3218465677777778,3.9768152930208336,1.1373853182867133
2023-11-17,181314.48813888888,5565338.786687111,3.7086862873958335,1.137741872361111,4.226924497013889,1.0613590203125
2023-11-18,184075.07571180555,5501144.824006869,3.8213308673611106,1.1972146958333334,4.410015754479167,1.373302399236111
2023-11-19,187397.10993402777,5616180.2750659315,3.9089069371875005,1.1674717504861112,4.576443029548611,1.5397867220833334
2023-11-20,184250.82918402777,5677816.888667215,3.572145544219858,1.1861058922695036,4.095564642446809,1.3205590304166668
2023-11-21,185830.9427777778,5593260.713909098,3.579677339722222,1.126425205625,4.148310826388889,1.1119248221875
2023-11-22,185977.59718055555,5321173.103459572,3.5416640241319444,1.092845056388889,3.9547114052083336,1.4456069064930555
2023-11-23,186776.33272916666,5489620.394010584,3.3104674179298246,1.1282499181052632,3.573143750982456,1.648886250625
2023-11-24,184959.29405555557,5546207.452240106,3.2063164228472223,1.112118792638889,3.4498841019097224,1.6240612389583333
2023-11-25,186929.06739930555,5754206.5433702255,3.619782930798611,1.1299075515277779,3.901881835555556,1.6651165231944445
2023-11-26,187126.88114236112,5779778.952550579,3.8865024375524477,1.1633564336713287,3.883964068076923,1.424334810763889
2023-11-27,189414.34688194445,5675788.562125385,3.9954724447222225,1.0905556146180555,4.056136759131944,1.463866649861111
2023-11-28,190653.99611458334,5689122.666403843,3.851173896701389,1.0572190808333335,4.2895230424652775,1.848495029861111
2023-11-29,191331.61310416667,5727536.380877724,3.7534444797222224,1.0878531022916667,4.007385807291667,1.7027664423263889
2023-11-30,192655.26744097224,5791425.435524202,3.567081078229167,1.0694743353819445,3.5779073257638894,1.543734801597222
2023-12-01,193530.45243055554,5884989.767070856,3.475309173125,1.1039783021527778,3.6063526172569444,1.7719215719444443
2023-12-02,195814.00104166666,6130801.3643492265,3.400568707326389,1.1720096725347222,3.5918030469097224,1.7768216329513888
2023-12-03,191945.94948263888,6046682.910552187,3.4556249535416668,1.192838050625,3.4772444153819446,2.073578378576389
2023-12-04,183738.22057638888,5903971.6098724855,3.482522061909722,1.2132433509375,3.3846853553819445,1.4888642437847224
2023-12-05,186917.18619097222,6010338.313755124,3.7016835071874996,1.2683591219097223,3.488269179861111,1.4948583203472223
2023-12-06,183185.3108263889,5923130.5316210985,3.687501655451389,1.316317307951389,3.5230292275694444,1.2382458326041668
2023-12-07,182173.49346527777,5967353.5226063095,3.4290075061805556,1.238560020625,3.398919640625,1.4507780163194444
2023-12-08,187197.85542708333,6345600.828138913,3.0221414087152776,1.2179005827083333,2.9383595188541665,1.3653706514583335
2023-12-09,187915.10878125002,6603986.198491764,2.8745845111458332,1.3574318664930556,2.5760187330208333,1.363615812013889
2023-12-10,183325.3351388889,6460771.415459617,2.9545067801041665,1.2670370828472222,2.693539653611111,1.4391379546875
2023-12-11,167094.0918472222,5472131.296733414,3.447584499548611,1.2641710505902777,3.189927307013889,1.1774911752430555
2023-12-12,166909.68563541665,5463360.668512377,3.26833694875,1.2082147937499998,3.3209973891666666,1.274871762951389
2023-12-13,167138.7370659722,5467926.632133987,3.3121420791666667,1.208884748125,3.370605986840278,1.2618179225694446
2023-12-14,171325.6896770833,5767621.519114721,3.3495570100347223,1.2200551763541667,3.324825972847222,1.2657561392361112
2023-12-15,176845.9183125,5873402.924779677,3.697057129027778,1.3095064869444444,3.573645830243055,1.2829203733680556
2023-12-16,171563.52043055557,5607283.649826838,3.8150211912152776,1.2352694956597223,3.872409211319445,1.3679504306597223
2023-12-17,173255.76494097224,5634228.434108151,4.562310486354167,1.2556812757638889,4.3665709101736105,1.297696962534722
2023-12-18,172499.13962152778,5338102.021178008,4.556116251944444,1.2448092596875,4.433095362881945,1.2647605205555557
2023-12-19,177684.95645833333,5546467.035295945,4.692205339097223,1.2364310007291666,4.504477434618056,1.4216951086458334
2023-12-20,185250.81172569445,5750197.677088716,4.545427563993055,1.2508878873958333,4.511425744861111,1.5347016901736112
2023-12-21,185953.96349305555,5904334.271000437,4.293367378194445,1.2659496611805556,4.268604827013889,1.336059013159722
2023-12-22,194125.12746875,6341980.156989121,4.328357789722222,1.2698191686805556,4.267827923680556,1.0963973174652777
2023-12-23,194205.7070659722,6314469.48199022,4.578718558402778,1.3457414277430555,4.058818885208334,1.3578085481944444
2023-12-24,192516.76739583333,6538619.503622251,4.256751056527778,1.3637605251736111,3.8626133967361107,1.2052562169791665
2023-12-25,186805.27403124998,6545882.85454101,4.2178438725694445,1.3849637555555556,3.7622951135416667,1.3047610062152777
2023-12-26,185738.41101041666,6634733.003412442,4.341732341805556,1.423442033611111,3.923110330590278,1.1955727114583334
2023-12-27,189785.71109375,6966488.346507884,4.0364378184375,1.4282825894444444,3.7268565446875,1.140316891076389
2023-12-28,193312.5357326389,7231581.6162958285,4.523670078229166,1.3880503545486111,4.100708655451388,1.1773665589930555
2023-12-29,248281.38646875002,8572038.061483542,4.839485058506944,1.2941786875694445,5.041961785520833,1.2295742400694445
2023-12-30,288414.4951145833,9512726.157452026,5.092705977083333,1.1922150935069444,6.048386428298611,1.1767870823263888
2023-12-31,277695.9940416666,9078784.812940361,5.1832975115624995,1.2181455829166667,6.194224021666667,1.1771453385069444
2024-01-01,258124.97064236112,8297372.735251632,5.150095184548611,1.2725028284027777,5.974669477083333,1.1844445201041667
2024-01-02,240179.26677083332,7997423.4731572615,5.249066365798611,1.3270665714930556,5.628188222604167,1.1503751397222224
2024-01-03,224827.7280625,7022398.863001045,5.183808236631944,1.4028279997916666,5.429005771041667,1.2271605301388888
2024-01-04,193211.46641319443,5714332.926955951,4.8869435915625,1.4400257279166668,4.959065759930556,1.0375028244444444
2024-01-05,193454.44612847222,5662784.984082628,4.613139645138889,1.4483059416666668,4.771275779513889,1.151790062951389
2024-01-06,188827.72592013888,5412937.281475391,4.569267429791667,1.4607484134375,4.852509683159722,1.2331993510416668
2024-01-07,181835.18610763887,5185178.111715552,4.679922633229166,1.4708950609027778,4.968990705173611,1.2294495494791666
2024-01-08,176903.569875,4793956.255279237,4.272683224131944,1.4033449909375,4.679286644618056,1.1077848304513889
2024-01-09,182891.1668888889,5053142.283570427,4.0093792067013885,1.4586192458680556,4.164823681701389,1.1750454971875
2024-01-10,182139.1502013889,5057602.4586180905,3.988810892083334,1.3980166339583333,4.277640517326389,1.1069598423263889
2024-01-11,177356.31134027778,5314868.202700917,3.9966415852777777,1.4862483145486112,4.141907014583333,1.211866125
2024-01-12,181628.30859027777,5457510.323037931,4.0647041794097225,1.5242940468750001,4.120771773229166,1.1407530979861111
2024-01-13,188615.93338541666,5491750.745935748,4.120795852638889,1.530783534201389,4.242741188680555,1.250114266701389
2024-01-14,183564.07890625,5350739.4533097055,4.149892925347222,1.5124240402430555,4.242984036006944,1.417614750763889
2024-01-15,183418.01237500002,5342774.917548179,3.971343025104167,1.4953372806944445,4.121917576006944,1.2481526297569445
2024-01-16,182048.71669791668,5360868.153074178,4.000491827638889,1.4853897155555555,3.9726983865625005,1.3164034308680557
2024-01-17,190247.31029166665,5545310.068824601,4.368521413680556,1.4876280786111111,4.069829298854167,1.1576560514583332
2024-01-18,188758.09910416667,5381438.658000893,4.237892808541667,1.5567511193402777,4.157137911388889,1.3640333192361112
2024-01-19,196729.80247916665,5342944.023347098,4.037789208506944,1.4661231337847223,3.9842453094791668,1.3880215177430555
2024-01-20,194381.81828819445,5447379.879059934,3.2219628539236114,1.4974173760069445,2.9701605078125,1.4135310220833333
2024-01-21,184258.87022569444,5342541.111858446,3.0174726509375,1.5677590558333334,2.7463202127083335,1.7737178619444443
2024-01-22,180101.40236111113,5065121.962521967,3.137149417847222,1.5792087440972222,2.990055082013889,1.309589994826389
2024-01-23,175517.3336111111,4730652.574218786,3.450870171875,1.5369072666319445,3.4320657114236113,1.1440142443749999
2024-01-24,173372.59137847222,4682804.262501547,3.3727863119444446,1.4869755869097223,3.1225131486458335,1.4594037146875
2024-01-25,175264.11762152778,4691319.694330992,3.2338494701736114,1.4086174509722222,3.335092079722222,1.3982030490625
2024-01-26,179882.04966666666,4947391.921681773,3.4908802405555557,1.3958395971527777,3.4973967591319446,1.2659965672222222
2024-01-27,183634.71548611112,5108062.11120701,3.5644406578472223,1.4479848545833334,3.4520810455555555,1.9253981752430558
2024-01-28,182736.19105208333,5112650.976571183,3.400316900104167,1.4645132727083334,3.2873406798958333,1.5008789205902777
2024-01-29,188096.7005034722,5224595.362068408,3.420832524166667,1.4369372775347222,3.3371392405555556,2.3084074827083336
2024-01-30,184384.59366319445,5185725.8167638695,3.462706472708333,1.4766488239930555,3.311353885138889,1.6962347727777778
2024-01-31,194943.07013541667,5286292.148034304,3.5686560840972223,1.4224365877083334,3.728254862152778,1.4879086311458334
2024-02-01,199332.8047534722,5353232.398033971,3.3675016059027776,1.4367206722569443,3.3388477931597222,1.3907464856944445
2024-02-02,195366.58469097223,5334463.92867187,3.0021200797222223,1.485760765451389,2.370261885902778,1.619963360625
2024-02-03,190228.8478888889,5243021.635789521,2.9885655826041666,1.535441883298611,2.7702504886458335,2.025338534409722
2024-02-04,190829.26424305554,5203601.085534564,3.039545699027778,1.5144281204861112,2.93462127375,1.8587002232986112
2024-02-05,191520.87513194446,5190811.816999013,3.3488252646875,1.4996098956597224,3.294538092951389,1.7207124230208333
2024-02-06,194658.65283333336,5282168.37407289,3.3117909533680554,1.476369431423611,3.2759773750347225,2.315868605173611
2024-02-07,212229.9679965278,5621980.590525646,3.4552069763194444,1.4003851741319444,3.5259315746527777,1.834385768784722
2024-02-08,211399.18700347224,5663228.196853226,3.4228891029513893,1.428377948576389,3.585781533298611,2.4642940975347223
2024-02-09,215668.46094444444,5880741.5291695455,3.7391154220138887,1.4473701121180556,3.7264552322222224,1.4856067053125
2024-02-10,213920.9309583333,5857519.984630051,3.647930587083333,1.4901713337847222,3.6633497977083334,5.237656761736111
2024-02-11,208409.78061458335,5786932.665965382,3.5383298580555556,1.5538084668055554,3.5942279244444446,1.8706016364236109
2024-02-12,209445.88835416667,5805159.0241452,3.5900154224305556,1.5418389488888888,3.648368656770833,1.3113221481944446
2024-02-13,206816.81560069445,5803492.118748818,3.671992435138889,1.6332959358333334,3.470249598923611,1.6927217405208335
2024-02-14,215158.2375625,6023525.434686277,3.957659068819444,1.4817813335069445,3.904202771701389,2.036015945729167
2024-02-15,227852.57972569446,6531078.933316619,3.906581136909722,1.4576765713541666,3.8437414014930553,1.2905065453472222
2024-02-16,228154.93807361965,6650509.870938136,3.923754990674847,1.5351912787116564,3.8242832071165647,1.348415937177914
2024-02-17,233331.17771875,6817399.478912587,3.991833525868055,1.5583696045138888,3.835105302083333,1.4000995797569444
2024-02-18,232054.61315625,6943936.819280186,4.2216459126388886,1.5292723494097222,4.025557472118056,1.482133789861111
2024-02-19,223789.13300694444,6711585.740853168,4.506841419826389,1.5773072248263889,4.460061850694444,1.3604126938888887
2024-02-20,232978.06729513887,6979698.645041193,4.366946538194444,1.4713165753125,4.7910538546875,1.2573065679166666
2024-02-21,223222.85689583333,6517565.711042999,4.215895249930556,1.3691257348958332,4.594878574652778,1.16442670125
2024-02-22,229702.88186458332,6872249.217285481,4.208046545659722,1.3460649152083333,4.415903647951389,1.1721036918055556
2024-02-23,238714.62210763886,7022574.198216647,4.3519798942013885,1.3158476446527778,4.5942123059375,1.2324384929861112
2024-02-24,240096.91409027777,7253253.175716068,4.2566409585416665,1.3370372397916668,4.334859851944445,1.2895334860416667
2024-02-25,246153.1067847222,7439350.800516415,4.542666991631944,1.3777116265972222,4.47744285375,1.1534173740625
2024-02-26,251737.2274722222,7804144.795200307,4.456837190243055,1.3793970052083333,4.189537507291667,1.0946811454166667
2024-02-27,249261.75795138892,7999486.679395354,4.468837876875,1.4422561075347222,4.1521483946527775,1.0056435367708334
2024-02-28,243828.479625,7772989.122957934,4.291981865069444,1.4917603360416667,4.133365823888889,1.1743192480208333
2024-02-29,238141.68077777777,7791381.321449803,4.441574543020833,1.426605656076389,4.354331087083334,1.1822761113194444
2024-03-01,247991.56667361115,8213905.453987396,5.209274774618056,1.4422202643055555,5.017531707291667,1.3440122590624999
2024-03-02,245406.1335590278,8804657.201071644,5.369733726701389,1.7134003006944445,4.6874123828125,1.1276558796180556
2024-03-03,243744.272625,9255862.170490384,5.312813291354167,1.6608811228819444,4.600247151736111,1.0307718196875
2024-03-04,228067.97288501743,8884932.630934717,5.227013008048781,1.69754637630662,4.637422227073171,1.1483047212543553
2024-03-05,219877.01325694442,8554917.836183544,5.012719111840278,1.7101652881944445,4.620206037951388,1.1181612569444443
2024-03-06,193780.48361805556,7254767.924487161,4.797321417395833,1.7988068923611111,4.4960921563888885,0.9959697534722223
2024-03-07,203386.30402083334,7949267.839778591,5.120974906493056,2.0223052777777775,4.5326229284375,1.1142905416666666
2024-03-08,219771.31266319443,8640236.405797362,5.041708823263889,1.920662746527778,4.522862508298611,1.1442678055555555
2024-03-09,215374.5249965278,8704174.86829061,5.278896935034722,2.1179922569444445,4.448065899756944,1.1667322812499998
2024-03-10,208449.7899201389,8420874.63727753,5.195907338472222,2.0851181701388892,4.601063929097222,1.2292635833333334
2024-03-11,204467.3270486111,8505550.956529979,5.089416592256944,1.7697451215277777,5.053964892638889,1.1211516319444443
2024-03-12,212234.89310416667,9018450.889356403,4.879484233229167,1.8589704479166669,5.061785353159722,1.0532683819444444
2024-03-13,213630.26537847222,9153211.031710716,5.6015556441319445,1.816178215277778,5.449384328541666,1.1127527777777777
2024-03-14,209324.12652083335,8648803.738970539,5.826569667013889,1.7430471493055555,5.920707406493055,1.2230054583333334
2024-03-15,197728.34065972222,7594748.924912742,5.190891359409722,1.5874492569444445,5.421071106180555,1.035595170138889
2024-03-16,188976.3541701389,7184021.780254581,5.100675436215278,1.5966271076388887,5.307974363576388,1.092090888888889
2024-03-17,189200.51812847223,6924698.518764085,4.5113699333333335,1.46963290625,4.974583172743056,1.0670088159722222
2024-03-18,185630.02873958333,6693595.964903615,4.58090495798611,1.470762857638889,4.976310164375,1.1702795138888888
2024-03-19,189076.16415277778,6305872.794148588,4.431582404479167,1.3125198854166666,4.845311987118055,1.0970931666666666
2024-03-20,178693.306875,6059396.374264697,4.218485725659722,1.21045309375,4.551975567881944,1.0077958576388888
2024-03-21,171473.00595138888,6137290.724731572,4.194410839513889,1.29781684375,4.295848499861111,1.1862862743055556
2024-03-22,169624.23141666668,6021150.597613763,4.583096868784723,1.2870240798611112,4.68580344875,1.1140505798611111
2024-03-23,172108.17511805554,6140073.424088582,4.586226789618056,1.2666561944444445,4.621959291423611,1.1303800138888889
2024-03-24,169272.94340624998,6151231.124708394,4.317771738923611,1.3076249618055555,4.384111684375,1.1735032916666668
2024-03-25,172873.6714513889,6465144.765146752,5.035487640868055,1.3586451979166665,4.728479447743055,1.3971602083333332
2024-03-26,183843.25055902777,7089860.288236326,5.284695657604167,1.4042399756944444,4.865322559861111,1.3520347951388887
2024-03-27,192062.67932638887,7326320.001105856,5.307724016875,1.4339599965277778,5.134533837569444,1.181224079861111
2024-03-28,191211.17940625,7326301.479563285,5.132912706423611,1.38692084375,4.998828217152778,1.3379589618055556
2024-03-29,193892.3834652778,7574007.123854401,4.979090719999999,1.4102585625000001,4.905632248229167,1.3770801076388888
2024-03-30,190681.35004166665,7486966.428402164,4.997317746979167,1.3898142256944446,4.774719694201389,1.2998399965277778
2024-03-31,186237.47666666668,7387204.153644294,5.030876095798611,1.3726037534722222,4.782587320173611,1.1743023819444445
2024-04-01,189455.26236111112,7302481.517074909,5.056849807604166,1.3593549652777779,4.8498887370486115,1.3166779895833334
2024-04-02,189961.60677083334,6821622.656048997,4.730716919548611,1.2848065972222222,4.574182647083333,1.2847938506944443
2024-04-03,186983.61071180555,6758483.009936371,4.283229312291667,1.2320985104166668,4.221241553611112,1.3690858750000001
2024-04-04,181210.93558333334,6612320.562974844,4.215156007430555,1.2320577361111111,4.162934889166667,1.2795871180555556
2024-04-05,179520.4349652778,6500202.7299268795,4.540163451666667,1.2512250381944443,4.423470722118056,1.2720884097222223
2024-04-06,184178.62605902777,6769073.230443941,4.355047181631944,1.2401006319444443,4.297973488333334,1.4102661770833333
2024-04-07,189278.23482638889,7091411.534413512,4.809522322083334,1.2146544097222223,4.4417931034027776,1.4966607708333333
2024-04-08,185878.26172222223,7138674.1185392495,5.022218883055555,1.2533220173611113,4.5225542383680555,1.241318951388889
2024-04-09,190367.2288090278,7325869.319091814,5.422747289548611,1.407707534722222,4.6177070140625,1.398351763888889
2024-04-10,200067.87993055556,7322265.419897562,5.210041123888889,1.326999090277778,4.650214307465278,1.23005528125
2024-04-11,204039.51963194445,7555775.143410106,4.765421861944445,1.3276673715277778,4.322840627013889,1.2428613611111112
2024-04-12,193309.92277083333,6924350.01471604,4.6754772419097215,1.3186751041666667,4.259864372256945,1.1930500902777779
2024-04-13,155179.25352083333,4762610.315816108,3.551599890659722,1.1417105868055557,3.5131265520138886,1.1145124513888889
2024-04-14,148015.61018055555,4315771.265741737,3.0534996235416667,0.9353060416666666,2.9297042884027777,1.1435358541666667
2024-04-15,142176.84764930556,4194630.711838388,3.277861293020833,1.1687960138888889,3.0854057825694445,1.2398644305555555
2024-04-16,151078.40103472222,4219306.690317015,3.1980159826388888,1.3058606041666667,3.2295548544444443,1.0342230034722222
2024-04-17,156399.78189236112,4337580.36303271,3.200414689201389,1.4317726076388888,3.1860534400000002,1.0561390694444444
2024-04-18,143954.24416666667,4075854.2819934115,2.9115596935763888,1.105625576388889,2.9278447801041665,1.0956044444444446
2024-04-19,134438.5127986111,3944224.802075016,2.944931291909722,1.0624683645833333,2.726159101597222,1.0211984756944446
2024-04-20,130870.74704861111,3958713.7095658844,2.977548870034722,1.0242477222222222,2.5938411760416664,1.2431875833333335
2024-04-21,133556.9264201389,4128451.166737991,3.186144069340278,1.1388070590277777,2.7441656337499998,1.1436604652777778
2024-04-22,140221.78754513888,4399190.017061156,3.258272811701389,1.148188513888889,2.792076409722222,2.582296895833333
2024-04-23,143182.48366666667,4499110.970873321,3.47019580875,1.1654952673611112,2.999968369965278,1.1904688541666666
2024-04-24,144085.92620138888,4494778.712887493,3.456171815277778,1.1785981388888889,2.9095261907291667,1.20878603125
2024-04-25,141685.5437951389,4284126.482919017,3.4764389197569443,1.2079074027777779,2.9583524098958334,1.14958725
2024-04-26,146469.90194444443,4439075.971216892,3.626027667152778,1.2425724930555555,3.058460517326389,1.2202377881944444
2024-04-27,148862.42378125002,4402129.980244378,3.8426294571180555,1.3224608958333333,3.1878137454861113,1.3266466423611112
2024-04-28,147613.0453159722,4400379.449256087,3.8533974413888887,1.3575221458333333,3.185230452256944,2.966790274305555
2024-04-29,151382.80957291665,4385421.748145323,3.783176699166667,1.3665749305555555,3.1529686934375,1.0386795277777778
2024-04-30,151236.95813194444,4273100.837791293,3.642516848055555,1.369813076388889,3.068795152638889,1.1211060729166666
2024-05-01,152996.35338888888,4237179.112645853,3.397143170902778,1.424817423611111,2.982789255416667,1.2053524965277778
2024-05-02,148373.13756597223,4252392.2910754355,3.2334003488194445,1.4909510381944444,2.770707320034722,1.3063683854166668
2024-05-03,148034.96759027778,4357468.809549388,3.482998627673611,1.5076613715277778,2.8204192539236113,1.2933136458333334
2024-05-04,151301.2414409722,4475825.970959386,3.5555587849305557,1.5173006354166665,3.0895837730902778,1.710713375
2024-05-05,157938.93158333335,4586012.224194462,3.774684737847222,1.3867917395833333,3.331153626875,3.165569701388889
2024-05-06,157571.26422916667,4619031.444697064,3.7052937481249995,1.4239552569444445,3.2653593226388886,1.2407115833333333
2024-05-07,154860.60296180553,4493124.069831318,3.5825309712499998,1.5466119756944443,3.0894837742013888,1.3513953298611112
2024-05-08,152039.81770833334,4382460.237129792,3.4745761387847223,1.5968389375,2.8655323358333336,1.20242546875
2024-05-09,154541.63551388888,4568539.716976893,3.3805503386458335,1.5351717847222224,2.7269713348958335,1.5588598645833334
2024-05-10,155478.5990763889,4622156.901000647,3.503634932048611,1.6028570486111111,2.8062290603819444,1.7194452152777777
2024-05-11,152688.1146388889,4434955.1034159595,3.7272877289930557,1.5970823472222222,3.012457871701389,2.0387709965156797
2024-05-12,157385.81871180554,4453661.118096206,3.5249928431944446,1.554349079861111,3.527248339826389,1.7038153888888887
2024-05-13,164774.6594375,4605698.54142359,3.549182816388889,1.4545431458333333,3.584454469097222,1.2778021874999999
2024-05-14,170325.19301041667,4736512.04974789,3.4120700893055558,1.4758410347222222,3.2980721774305555,1.6662061493055556
2024-05-15,172224.45179513888,4844682.600227604,3.2682302242361114,1.5012526666666668,2.893954004861111,1.3926974583333331
2024-05-16,169925.98484375,4946029.230389023,3.285678252361111,1.533703611111111,2.098955433159722,1.305254128472222
2024-05-17,161798.40548611112,4785622.756424472,2.9718496044791665,1.5455719131944443,2.2627519558680556,1.57712371875
2024-05-18,158225.22450694445,4712402.957395668,2.873340157638889,1.6815779756944444,2.194179322361111,4.3345261149825784
2024-05-19,159817.81007291668,4696756.106427499,2.8474377323958335,1.7609912986111111,2.4619339541319447,6.214431777777778
2024-05-20,164655.3648125,4850899.689372668,2.974267779340278,1.7723241701388888,2.6439319420833334,1.9141718923611113
2024-05-21,165373.82705555556,5121998.208375861,2.970714405625,2.096924548611111,2.3660515189930553,1.5704811805555556
2024-05-22,165007.8781736111,5089430.128502186,3.023984164826389,2.1719181527777778,2.514625321701389,1.4093505
2024-05-23,164882.83769097223,5029660.578272605,3.131139077361111,2.1926666215277777,2.9632703071527775,1.310375843205575
2024-05-24,172371.40215625,5224513.09699335,2.955534731111111,1.9113888715277778,2.4232965116666665,1.3246321527777778
2024-05-25,174156.12303819446,5321912.609584802,2.630451073125,1.7360329201388889,2.2553525793402778,1.8778381986062718
2024-05-26,173874.34650694445,5239145.886413503,3.0590704679861114,1.7401414930555557,2.8491147714583334,1.6052947499999999
2024-05-27,173913.93185763888,5277289.792692007,3.1480844902083334,1.7631030937499999,2.684272954861111,1.5219316319444445
2024-05-28,173589.09097222224,5264499.987009551,3.227095057638889,1.8143420798611112,2.5233052472569444,1.5184805
2024-05-29,182057.09018055556,5482214.461149213,3.1714916429166666,1.7540043888888888,2.6541032490624996,1.941087576388889
2024-05-30,177808.30258333334,5320085.542624326,3.0772595544791668,1.767048076388889,2.8200692083680554,1.3136142986111112
2024-05-31,171037.73464930558,5142118.905258693,2.883716535659722,1.7937057430555556,2.573688585590278,1.315409732638889
2024-06-01,168790.96458680555,5098821.309712274,2.7450957948263888,1.8247997256944446,2.4238335429861113,1.9075848125
2024-06-02,174379.87925347223,5203475.767753143,2.9838106371527777,1.7835593958333336,2.7633903278819445,2.282995548611111
2024-06-03,186126.47788194445,5516537.3760384405,3.129291199652778,1.7161118923611112,2.8269984972569446,1.8657168923611112
2024-06-04,192045.95893750002,5699977.221137684,3.051551812013889,1.76090621875,2.8105936394444444,1.4479668013937281
2024-06-05,195236.16496180557,5919977.481740641,3.0905994894444446,1.8262721979166667,2.533748623159722,1.6091980243055555
2024-06-06,198905.11711458335,6009194.700534223,3.3292145755555556,1.9804101666666665,2.8518881152777777,1.5857852604166667
2024-06-07,196772.8412673611,5833162.022505473,3.2423137530902775,2.106330996527778,2.933954886493056,1.7952359062500003
2024-06-08,196226.11229513888,5344128.365119349,3.4870673000694445,1.85408584375,3.320981351875,1.997952607638889
2024-06-09,203956.40669791668,5381430.293056396,3.4229799147916666,1.4256032222222224,3.4109803573263893,3.21541665625
2024-06-10,199504.62219791667,5278807.795756634,3.4713106402083334,1.4603618819444444,3.429680758472222,2.0267303055555552
2024-06-11,198637.36380555556,5091254.064899699,3.5721888556944443,1.6215592708333333,3.3103521353125003,1.311225045138889
2024-06-12,190609.3197152778,4990600.619956505,3.275713694340278,1.6210110208333335,3.0595015381249997,1.3604484583333334
2024-06-13,181549.34128125,4762253.787197034,3.1488924899652777,1.7071040277777778,2.8070330386805558,3.168585662020906
2024-06-14,179228.2493611111,4663930.701736566,3.055982041319444,1.76434090625,2.7575852154861114,1.4504960833333334
2024-06-15,185470.2420625,4812523.946564408,3.075397746423611,1.77356540625,2.7938740865972225,2.9301560278745646
2024-06-16,184049.08082638888,4743038.583400467,3.0880800865625,1.7745572708333333,2.6858524202430556,6.904911600694445
2024-06-17,186108.2044826389,4682127.081527319,3.1879296374305555,1.6255525868055556,2.7870259282291667,1.3134782916666667
2024-06-18,165293.97266666667,3795097.3745396566,2.7848569392013887,1.5565283090277777,2.5031266501041665,1.4751850763888887
2024-06-19,156450.3013611111,3665297.6849632366,2.5241208244791666,1.4977977708333334,2.2599971211111107,1.148363548611111
2024-06-20,154263.94528819446,3668718.3967084903,2.3812033071874996,1.5622546597222222,2.0292584707638888,1.4986017569444445
2024-06-21,158004.96985069444,3756681.501164947,2.3525652624999998,1.5788742669039146,1.9407893534027778,5.976803159722222
2024-06-22,162644.1804236111,3892688.9432396707,2.1989921982291665,1.6156633472222222,1.873925886736111,2.346960038194444
2024-06-23,161208.63148611112,3882744.9809955764,2.199135362638889,1.6178289340277778,1.8281657969444443,1.2726644791666668
2024-06-24,174869.92024305556,3996775.127137945,2.673286388923611,1.5071853888888889,2.2355409882986113,1.3052394479166667
2024-06-25,170971.63489583333,4060588.8346048817,2.663446875173611,1.69935540625,2.2143832507291665,1.36463234375
2024-06-26,170348.38379166665,4079197.675804505,2.913185408472222,1.7765562152777779,2.3678983485069445,1.3892843611111112
2024-06-27,168658.69753819445,4087716.9897179776,2.6870574943055554,1.8805758541666668,2.118286228888889,2.1800395156794425
2024-06-28,174647.79752430556,4327704.960198592,2.5289688557291665,1.9470347291666665,1.9531223899305554,1.626856732638889
2024-06-29,178840.59114930558,4434503.166076342,2.4517745338541665,1.925839875,1.9316346926736112,3.1085360555555557
2024-06-30,179699.43036458333,4374322.025730247,2.8426689913541665,1.8908294548611113,2.3121040015277776,2.3314799062500002
2024-07-01,172976.2415486111,4246077.990525457,2.8468164833333334,1.9872743402777777,2.323084072048611,3.5233406388888886
2024-07-02,170726.90850694443,4122299.5260087773,2.993234434027778,1.7772994340277777,2.5081745225694445,2.303061260416667
2024-07-03,172800.62133680555,4191252.917054286,2.852273239027778,1.7416680208333333,2.3840380079513888,1.8496744895833335
2024-07-04,183736.962125,4253041.888370755,2.8384814727777776,1.341165142361111,2.4775894858680556,1.4526288819444444
2024-07-05,179178.31589930557,3842304.633570507,2.3841530800694444,1.1992788993055554,2.174896149340278,1.1672487847222222
2024-07-06,171407.82703125,3934421.262934554,2.334640625173611,1.3339842847222223,2.0649448132291663,1.4411875659722222
2024-07-07,166375.75899305556,3838420.4800269506,2.422462540277778,1.3162434548611113,2.1248556675347223,1.3134813229166666
2024-07-08,163270.28266319443,3690040.1003237115,2.4430877802430557,1.1000122881944445,2.173170188333333,1.248445361111111
2024-07-09,166481.17467361112,3929272.4727050196,2.518913747777778,1.0565677847222221,2.1913104761805555,1.507505107638889
2024-07-10,175881.61971875,4175411.283002881,2.5756795817708333,1.1101942638888889,2.187848143020833,1.552145934027778
2024-07-11,172517.97658333334,4115621.7212901637,2.4905356834375,1.0136359930555556,2.1588498146875,1.7686628159722222
2024-07-12,153076.5745486111,3678501.6641935385,2.3148203350694443,1.0097746805555556,2.056241574826389,1.5568936341463413
2024-07-13,150478.52469444447,3815227.143412609,2.0228433721875003,1.152680222222222,1.8095551236111111,1.6906434270833333
2024-07-14,167210.24700347224,4366165.887625721,1.9005290375694446,1.1875468437499999,1.722863771840278,1.4754434930555556
2024-07-15,173862.96147916667,4726928.249056691,1.859859133715278,1.1467982951388889,1.6330663899652778,1.5300833645833334
2024-07-16,178637.4279375,4844013.640370226,1.9024830271527777,1.2222986145833332,1.6489212414930554,1.48123703125
2024-07-17,177372.3337638889,4971810.7367083235,2.032106877222222,1.2729093159722222,1.683518070763889,1.3862624375
2024-07-18,170379.06992708333,4709546.114856936,2.012264624409722,1.3209244409722223,1.6292603493402777,1.809327673611111
2024-07-19,154633.75089583333,4201848.451262205,2.0007325071527777,1.3645218819444445,1.7418109858680557,1.2975891805555557
2024-07-20,155524.31527777776,4331821.9408237245,1.9536880037847222,1.398710625,1.6811431881249999,2.045171173611111
2024-07-21,163226.53008333332,4600593.742463982,2.0522524960069446,1.37756196875,1.6922798230902778,2.4361816655052264
2024-07-22,180801.28311458335,4959627.669190014,2.3949550235069443,1.3310271180555555,1.9731537114930555,2.017685857638889
2024-07-23,175455.54771180556,4699564.11968552,1.7292737613541667,1.2380298958333333,1.6894778750000001,8.25356843902439
2024-07-24,170098.07014930557,4574323.5695975255,1.7019250600694444,1.2928559861111113,1.6074684966666668,1.76511284375
2024-07-25,165700.63621180557,4228666.896407988,1.7623894018055557,1.3348453263888889,1.6477070383333334,1.4726986909722222
2024-07-26,157969.9549375,4165618.4212894747,1.7651873853819444,1.4299971284722224,1.5143293121527777,45.079484031250004
2024-07-27,151219.52044444444,4061428.547167347,1.7912779743055556,1.6033759027777779,1.4805850388194444,2.364044257839721
2024-07-28,150476.14050347224,4023597.341724615,1.8855611190972223,1.5635825659722222,1.593435468888889,2.5502904027777777
2024-07-29,151582.9168125,4140520.3916015155,1.8161373779166665,1.5835542881944444,1.5200130033333332,2.322349878472222
2024-07-30,152731.94769444445,4080788.7905454454,1.8592792704513887,1.6082378888888889,1.570636001875,2.558334243902439
2024-07-31,154347.0843576389,4105163.234205116,1.8108020037847221,1.5870292256944445,1.553365779236111,1.5126615868055557
2024-08-01,158763.71546180558,4079004.369897584,1.844460611840278,1.60226121875,1.6345266984027778,2.410754934027778
2024-08-02,152388.41660069444,3820012.343055364,2.107534630486111,1.70814853125,1.7385717375694445,1.3508085729166668
2024-08-03,141144.43688541665,3407618.898260008,2.062982754583333,1.6476572256944444,1.722207873923611,1.4058280972222221
2024-08-04,138206.09910069444,3172918.860917026,2.1239206010069447,1.54928403125,1.7672460740625,1.3844891944444444
2024-08-05,134271.86570486112,2848101.121729072,2.1384519529861112,1.5594122395833334,1.743264705,1.0482457395833333
2024-08-06,135512.35654166667,3043897.4765997194,2.1307066061458335,1.5180858506944446,1.8289179972916665,1.14989890625
2024-08-07,134031.8056840278,3010557.5546114203,2.220236339895833,1.5225010034722222,1.8332361347222224,1.19689359375
2024-08-08,137277.50992361113,3188239.6750736185,2.211088849201389,1.501191857638889,1.830974749375,1.392793065972222
2024-08-09,141571.11147569443,3399750.011546309,2.418908300868056,1.614110486111111,1.8969730264583333,1.4207952881944443
2024-08-10,141411.83,3439572.0238465695,2.211994163263889,1.4881929305555555,1.8342553204861112,1.9152326666666666
2024-08-11,135556.27301041665,3314561.5707960064,2.1387999753819447,1.5141702812500002,1.732517054861111,1.7229191458333333
2024-08-12,133501.6076423611,3283005.838829685,2.07264989590106,1.5845831201413427,1.6629582309574469,1.5083353333333334
2024-08-13,139524.35220833332,3555505.85597782,2.063559427395833,1.5822874340277777,1.647577107048611,1.4767898819444445
2024-08-14,132001.1878090278,3371513.0902756103,2.0630314097222224,1.4986025902777778,1.723577952361111,1.5374388333333333
2024-08-15,138871.11647569446,3526767.2161196545,2.137319464965278,1.5021194861111111,1.7301675489583335,1.948240534722222
2024-08-16,138788.9040173611,3514206.3374988944,1.9782435135763887,1.5151993645833333,1.7074604419791666,1.3742815972222222
2024-08-17,139070.56309027778,3554253.405382953,2.0201525288888886,1.5210011423611112,1.730064270173611,1.7371197256944444
2024-08-18,143805.74872222223,3746948.580673302,2.1997630327083333,1.4825913333333334,1.7641204781944444,2.027189388888889
2024-08-19,138756.7427013889,3563503.1990196807,2.2883855765625,1.468748548611111,1.8965640659375,3.693898222222222
2024-08-20,144025.33204166667,3696517.1720438343,2.323694174201389,1.5822399965277778,1.9176326365972223,2.067427010416667
2024-08-21,149386.2146388889,3783294.190751607,2.394484085451389,1.5711505243055557,1.9978921905902776,1.8695079340277776
2024-08-22,149126.7517152778,3888509.584723292,2.4241780822569443,1.7246346805555557,1.8934072940624997,1.7592829965277776
2024-08-23,147373.8264826389,3888324.3843832784,2.5578659545833333,1.7556649687499999,2.0273891556944448,2.016535486111111
2024-08-24,145002.23532638888,3900585.3745648423,2.7134152955208335,1.8827583541666668,2.106154990590278,1.495374630662021
2024-08-25,147361.62207638889,3898513.802288496,2.7205364724305556,1.9530747673611113,2.1071885876041665,1.6812452256944443
2024-08-26,145157.78545833332,3714229.037323182,2.6794439516319444,2.008183326388889,2.077102670486111,3.0898106875
2024-08-27,154919.64710763888,3795334.520970078,2.510021526423611,1.8496416284722221,2.060704085798611,1.3301708055555557
2024-08-28,156145.19312847222,3729913.6036500973,2.4667989476736114,1.7479584201388887,2.02482595375,1.2505368472222222
2024-08-29,149993.2978159722,3565462.9465294,2.5092021269444444,1.87139484375,2.0731218992361113,1.905834045138889
2024-08-30,149350.4210625,3475838.5311457734,2.454311348923611,1.820479704861111,2.0525270190625,1.7007121111111112
2024-08-31,148816.75456250002,3497827.5568550024,2.3548194014236112,1.5889006527777778,1.9498510360069443,2.2385180625000003
2024-09-01,146850.60577430556,3405986.587795908,2.3012400897222225,1.5943383993055555,1.9303601865625,2.386398432055749
2024-09-02,147191.2977951389,3406635.0791771915,2.341360654861111,1.5134977534722223,2.0996928991319446,3.3289450416666666
2024-09-03,145865.41574652778,3549881.742487533,2.1862010584375,1.5069867256944445,1.8681365107291665,1.276775857638889
2024-09-04,147823.42734722223,3554598.7463080524,2.0046060078125,1.3243642256944446,1.8230028871180555,1.5193722534722223
2024-09-05,152281.67073958332,3613958.917968509,1.9794740245138887,1.4754312048611111,1.7692948696180555,1.49938996875
2024-09-06,155506.74211805555,3671117.3592075543,1.950495840590278,1.6341729027777778,1.739358191909722,1.2618908819444445
2024-09-07,159570.99756597224,3728111.743940233,1.8615118160416668,1.7304535763888889,1.6808675836805556,2.3059172326388886
2024-09-08,162435.0462048611,3887214.981415818,2.0547201065625003,1.8520400590277777,1.7610744909722222,1.4545721354166665
2024-09-09,160631.2165451389,3863488.893247164,2.1717885271180553,1.8898541180555557,1.9062329118402777,2.290456739583333
2024-09-10,161434.2597986111,3875421.144690579,2.333762977673611,1.7999307812499998,2.0406429888541666,4.630577333333333
2024-09-11,158001.02106597222,3744414.843362111,2.2386289389583336,1.7522288402777777,1.9830066213541666,1.4275594006968642
2024-09-12,149673.82437152776,3599835.710684979,2.2498862155208332,1.7805210486111112,1.9715974654861113,2.166698407665505
2024-09-13,148157.48243055554,3565289.56789149,2.339275179479167,1.786146628472222,2.065804274652778,1.9444430384615385
2024-09-14,145915.67856944446,3543535.9690520787,2.1650630551041665,1.81892834375,1.971439954097222,2.820444815972222
2024-09-15,143571.44227083333,3481925.492608099,2.31531567625,1.8019882534722222,2.0988465096527777,2.2905803715277777
2024-09-16,143014.64016666668,3334963.005212674,2.2083409296875,1.6343837986111112,2.0121180262847225,2.219992371527778
2024-09-17,137937.25021875,3268729.26061864,2.1137701881944446,1.6054434722222224,1.9057998423611113,1.753534787456446
2024-09-18,135584.51969444443,3231145.8300591176,2.2702304966666667,1.600576236111111,2.0003312812500003,1.9560347118055554
2024-09-19,143435.48061111112,3585571.4739799625,2.2678898255208333,1.55506375,1.8231411713541665,1.6371108229166667
2024-09-20,152503.9274965278,3811585.586094158,2.470122339409722,1.4160048472222222,2.000340180972222,1.798460638888889
2024-09-21,152393.3255173611,3836190.842762485,2.601871258541667,1.4648780138888888,2.0454980270486107,3.194801427083333
2024-09-22,150692.3266701389,3760216.0181209277,2.672335714409722,1.519839673611111,2.0666273860416666,1.6063469583333334
2024-09-23,149715.4364027778,3751726.7312382217,2.813987961770833,1.5389521284722223,2.167108219201389,2.4813654270833334
2024-09-24,147229.38043402776,3744621.0102053103,2.761474366701389,1.60324790625,2.099336763472222,1.5265293680555556
2024-09-25,147797.26121527777,3811186.2414804334,2.793283055208333,1.6179094722222223,2.1419105566666667,1.6141905868055555
2024-09-26,152727.0723888889,3950404.1134284055,3.0457699278819446,1.6819738090277778,2.3047787693055555,1.5685258819444445
2024-09-27,158763.68262847222,4154175.5182178137,3.178023966145833,1.6509282430555556,2.425897295659722,1.553050045138889
2024-09-28,162417.09255555557,4216171.110375215,3.1039139207638886,1.6391312847222224,2.4428293212152776,1.74003821875
2024-09-29,155838.73734375,3978520.578904945,2.7856388834027777,1.6451906597222221,2.3679813894444446,1.4314883402777778
2024-09-30,153366.43052430556,3830897.0056700003,2.7196560970833334,1.6985231701388888,2.3076020046875,1.3076853854166666
2024-10-01,152737.43378472223,3663912.3155091316,2.604607424791667,1.7855427326388889,2.379143520347222,1.6588565138888889
2024-10-02,148554.50980902778,3426504.749728846,2.540849505590278,1.664456454861111,2.2377899971875,1.131769423611111
2024-10-03,145605.7922361111,3325861.3733561984,2.318019114965278,1.6651607708333334,2.1675790070833334,1.2146512152777778
2024-10-04,141727.22089583334,3295515.011782663,2.235325013298611,1.7026804791666668,2.0767404422569444,1.4833094027777778
2024-10-05,141338.76024652776,3355359.0490293605,2.191711439513889,1.6707741388888888,2.0060560665625,1.7931404722222222
2024-10-06,140710.03309027778,3387365.84187827,2.0255971705208333,1.671161222222222,1.7639102581944444,1.817534434027778
2024-10-07,141129.03259027778,3417420.412497259,2.2136564356597224,1.7599547847222223,1.846026068611111,1.6765220972222223
2024-10-08,141763.61204861113,3316035.0529445945,2.276977339027778,1.7481495416666666,2.0251316197569444,1.4724401666666667
2024-10-09,144164.64248611112,3324764.9241938703,2.1963745880555554,1.74941815625,1.9624191549652776,1.9385465659722223
2024-10-10,145054.85168402776,3297321.128014691,2.31133948,1.7880680520833334,2.0763153220833335,2.354836697916667
2024-10-11,145592.3339201389,3426551.160553702,2.204636433159722,1.7191225138888888,1.9982848346527777,1.4516024041811848
2024-10-12,149998.0736423611,3586695.4039047295,2.3013095493402775,1.6458313402777778,2.1463586203125,1.92291534375
2024-10-13,149124.58233333332,3547179.343868584,2.3640527249305556,1.710207440972222,2.1539678500694444,2.77347109375
2024-10-14,145695.08292013887,3506937.7386517823,2.4196748175000002,1.7837748854166666,2.1985707201041667,1.5513857534722222
2024-10-15,147475.8446215278,3574801.838771084,2.475435707986111,1.8683774131944446,2.1625871917013892,1.441742128472222
2024-10-16,146218.39652777778,3530098.1007133666,2.5120559920833334,1.8997150624999999,2.2527560628125,1.4678510694444444
2024-10-17,146222.69672916667,3476242.980873677,2.533803846597222,1.9381554305555555,2.241775952465278,1.7615002326388889
2024-10-18,155678.51209027777,3689327.6552697886,2.4942266685416667,1.7758875694444445,2.2048570503819445,2.998328487804878
2024-10-19,157692.46250694443,3779072.2186996415,2.574331642847222,1.793196298611111,2.1954119914583337,2.4319507630662023
2024-10-20,157278.61891319446,3814943.3653255585,2.6567013043055554,1.9655238819444445,2.1757360010416664,1.662683295138889
2024-10-21,159132.64777777778,3860932.012088875,2.792169655763889,2.024832871527778,2.2177472195833334,1.5851104895833332
2024-10-22,163779.25187152775,3864609.227536062,2.9611299407638887,2.045665670138889,2.390519715625,2.1506784756944444
2024-10-23,173741.3353541667,4016500.0909710135,2.9564117154166665,2.074379086805555,2.414804981111111,1.4830115520833334
2024-10-24,174248.75669791666,4057570.77476662,2.8963324386805556,2.224345416666667,2.3680828225,1.4942206319444444
2024-10-25,173291.30115625,4013705.240565547,2.9102480839930553,2.2209323576388886,2.3802229907638885,1.7432427142857143
2024-10-26,170143.57227777777,3745778.058753001,2.884486604236111,2.0665359444444444,2.4720605022569444,2.1541335540069686
2024-10-27,168842.75254166668,3749258.6503781057,2.7503703,2.0529505659722225,2.3576953746180553,2.90334681184669
2024-10-28,165519.93866083917,3702460.6530566174,2.746400858986014,2.0880996293706295,2.348579897027972,1.4197952587412588
2024-10-29,158887.72478819443,3658397.9275929765,2.842953134409722,2.0437409965277777,2.346252479166667,1.7657357073170732
2024-10-30,158094.23758680554,3674970.5980228204,2.8662779035416666,2.078866986111111,2.322401278958333,1.5830069791666666
2024-10-31,159507.56729513887,3612650.0401236764,2.756712550520833,2.114391361111111,2.2328523382291667,1.4852160972222221
2024-11-01,164988.9765138889,3676430.539624415,2.5550468321527777,2.1096635868055555,2.2143901795833334,1.793564388888889
2024-11-02,167018.7541875,3739848.9624499255,2.346445724513889,2.0897554131944442,2.0758483250694444,3.7000297986111113
2024-11-03,170805.37675694443,3718612.534482531,2.308937107986111,2.0279809756944447,1.9841867465277778,1.2246904965277778
2024-11-04,168884.38715972222,3678965.409013504,2.3600757009027777,1.9474174305555556,2.070215030138889,1.5156145555555556
2024-11-05,167402.0079826389,3648492.542494524,2.4069120258680554,2.123611604166667,2.1669218283680554,1.1484377482517483
2024-11-06,180056.54622916668,4125804.2326735877,2.8120600383333336,2.258959982638889,2.3917760939583332,1.4771900069444444
2024-11-07,183309.22939930556,4318025.364208429,2.8164190153472224,2.4462759131944445,2.397110467361111,1.3852384652777776
2024-11-08,181897.04400347223,4277082.9261989705,3.0804595119444445,2.4628465,2.5246444216319444,1.7072863472222222
2024-11-09,181816.68740277778,4389104.375539228,2.7144647480902777,2.420235923611111,2.098166692638889,1.3593289513888889
2024-11-10,175760.36258680554,4506501.443551611,2.4852379115625,2.4575797569444444,1.784926947986111,1.3398556319444443
2024-11-11,166027.65889583333,4326767.22355266,2.845686722465278,2.2572501215277776,1.9347293816319444,1.3315941770833333
2024-11-12,173734.3320798611,4540528.855268902,2.7397042235763887,2.302027461805556,1.8905744105555558,1.2419118854166666
2024-11-13,175516.86249652776,4477447.0273888465,2.5070569734722223,2.1294315,1.7262903315972222,1.225821482638889
2024-11-14,165531.87008680555,4233658.652489532,2.203050726597222,2.1869283194444447,1.718041637986111,1.2448464826388888
2024-11-15,172679.27154166668,4487300.419546555,2.045499857326389,2.100672201388889,1.6746730891319443,1.3350654618055555
2024-11-16,176130.7676284722,5061761.84987225,2.1322920277430555,2.062171375,1.747801714548611,1.4042621944444444
2024-11-17,180453.63371875,5160828.7405035235,2.6866009484722224,2.1134045347222226,2.1106316657638886,1.29220184375
2024-11-18,179966.52502777777,5183879.661137244,2.6760029846875,2.174815513888889,2.156310030173611,1.27255384375
2024-11-19,188371.08751041666,5512020.313408866,2.7492157740625003,2.231329458333333,2.211665240659722,1.3423667604166667
2024-11-20,191134.41796180556,5305859.558641974,2.3921974138194444,2.199982048611111,2.0301044638194443,1.3248416840277777
2024-11-21,188712.22230208333,5403790.294096656,2.2897877671874998,2.326392111111111,1.9470242612847224,1.3346972361111111
2024-11-22,203617.67227083334,5929930.23054393,2.93301592375,2.294468208333333,2.3025583093402777,1.4457188715277778
2024-11-23,210820.31958680556,6772049.8507759245,2.7835425315277775,2.1852589722222224,2.1620432913541667,1.2205673090277778
2024-11-24,206958.5647326389,7052248.994290808,2.572892178020833,2.287321104166667,2.0263867811111114,1.2403236215277778
2024-11-25,197306.8420451389,6701500.677990637,3.214952053576389,2.5127368472222225,2.3721639496527778,1.1559116215277776
2024-11-26,191800.71396875,6311671.352099227,3.003730011597222,2.165092565972222,2.3132464387500002,1.2135145416666666
2024-11-27,224660.29396875002,8084612.099383993,2.4106013826388892,1.977523,1.8775411020138888,1.249630371527778
2024-11-28,226016.67335069444,8239277.139249719,2.568608742604167,2.1503195694444446,1.9852849269444444,1.3553265069444445
2024-11-29,208404.54247916664,7603719.962751927,2.8087746153124997,2.1476671666666665,2.114862849652778,1.4282801041666666
2024-11-30,209431.18096180554,8072313.058157761,2.7800443624305555,2.089329361111111,2.1363418996180554,1.2945934826388887
2024-12-01,215002.69211458333,8714277.15556918,2.8329497130555557,2.288761315972222,2.1649248510069445,1.2861175868055554
2024-12-02,349694.1774861111,18513837.35283442,1.8645079382291665,1.2886927326388888,1.5843962663541666,1.053566795138889
2024-12-03,293894.6389756945,16311316.065799018,2.1308777076041667,1.4900306076388887,1.6933395111111111,1.1380875416666667
2024-12-04,253818.67708333334,14903677.324438982,2.334153689236111,1.9146538402777777,1.7660349350694444,1.0338764027777776
2024-12-05,231804.91336458334,14099035.695561757,2.397184431354167,2.1272117812499998,1.7539936872222224,1.0646449756944445
2024-12-06,249089.04368055554,15318725.695575386,2.7529307231944444,1.947321659722222,2.2677370109027777,1.09109346875
2024-12-07,245440.94820486114,14835361.04843897,2.8007431129166664,2.005326635416667,2.2283536652430556,1.1868290347222221
2024-12-08,243320.5919548611,14351495.775504008,2.788180929097222,2.3068383645833332,2.2720523809027777,1.2406064236111112
2024-12-09,258067.87512847222,13790413.702045105,3.2894740307291666,2.1736901215277777,2.5565144403124997,1.1053545104166667
2024-12-10,244712.7777013889,10954397.593826782,3.109160138888889,2.0146920625,2.3433596039930555,1.1157527361111113
2024-12-11,228396.04401041666,10698659.813529145,3.2925334445833334,2.3595926666666664,2.5886708290625,1.129255107638889
2024-12-12,224776.42956597224,11127327.275928624,3.3676951486458333,2.3523194687499998,2.5826096121875,1.035635548611111
2024-12-13,234572.01497916665,11400817.533714937,3.277086545381944,2.5958293472222222,2.3395263867708334,1.1578280902777778
2024-12-14,240360.72949305555,11331806.412974158,3.3582264521180556,2.8877164201388887,2.3187761155555555,1.2108293888888888
2024-12-15,243181.27156249998,11168752.004681014,3.298820305104167,3.0392966215277775,2.279807564375,1.0744288819444445
2024-12-16,245281.62878819447,11135078.751744943,3.609475440173611,3.3343743854166665,2.4233122912500002,1.06208346875
2024-12-17,247167.61613194444,11056750.533297224,3.1870807806944446,3.285573454861111,2.2736728367708334,1.2052178819444446
2024-12-18,245983.90144444443,10385638.055515239,3.2901300781597222,3.3229353055555553,2.3500900735763888,1.171464857638889
2024-12-19,240556.6742395833,9213280.069152763,3.2152421691319444,3.1736434097222226,2.2231287473263888,1.1089010902777778
2024-12-20,241906.54103472224,8758700.240008703,3.0697778721180553,3.0476467430555556,2.1110104659375,1.1258398194444446
2024-12-21,231928.02805902777,8738247.008369215,3.2719012609027778,3.3416556284722225,2.1790853349305555,1.121008201388889
2024-12-22,220438.62249305553,7849997.732625361,3.2835441819097224,3.764000513888889,2.206562242361111,1.2247955138888889
2024-12-23,213525.34185416665,7811709.670663733,3.120254149270833,3.7473867465277775,2.1395408414236115,1.1344860694444445
2024-12-24,207432.57671875,8583790.873818036,2.926569717777778,2.759530208333333,2.159226718472222,1.2078034791666665
2024-12-25,220310.43026041667,10074571.138500752,2.5722936675694448,2.0207170243055557,1.9756528114236112,1.1911182118055554
2024-12-26,235394.4117361111,10057003.350036178,2.676592248923611,1.9170154548611111,2.018367372951389,1.2289647569444444
2024-12-27,235656.2208541667,9521745.520631999,2.759181029965278,1.9002983159722224,2.132538196388889,1.2567514791666667
2024-12-28,221896.60219444445,8910701.894996647,2.6965568816666665,2.1898725694444447,2.0560743735763887,1.300308826388889
2024-12-29,210245.83603472222,8690495.14096886,2.8920268703472223,2.557660552083333,2.0729617484375003,1.2419402152777779
2024-12-30,197876.60656944444,7880949.609810512,3.0186509148958334,2.646190065972222,2.1718029504513887,1.131008888888889
2024-12-31,183441.15646875,7018611.416764181,2.9270249601041667,2.815017878472222,2.186916543576389,1.4172684375
2025-01-01,180848.14820833332,6970008.159939949,2.7987028165277774,2.985920951388889,2.0913053069444443,1.3854439375
2025-01-02,185848.8497638889,7438953.992874769,2.9577922195138893,3.2010340138888886,2.120373812361111,1.1988717083333333
2025-01-03,188370.34614583332,7807457.785443036,2.9667377467708334,3.1193068333333334,2.099394605798611,1.206403402777778
2025-01-04,187294.98569444445,8017312.059733563,3.063262777708333,3.3584266041666666,2.1110846812500004,1.255062263888889
2025-01-05,190012.38977777777,8161872.449041476,2.9311796163541666,3.0630603333333335,2.0758039187152777,1.2883806458333333
2025-01-06,189419.11561458334,8239091.2559970515,2.9218149860069444,2.6989290694444446,2.1032556786805556,1.2452355833333335
2025-01-07,184439.02671180555,7645312.420567681,3.222505555173611,2.7192419861111112,2.2443418604513887,1.1665906979166667
2025-01-08,180366.02304166666,6785945.269038654,2.998723963298611,2.609234215277778,2.2089939384374997,1.11587665625
2025-01-09,184077.29597569443,6810719.155873509,3.0354634770833333,2.5486117604166667,2.1888299570138887,1.2031226180555556
2025-01-10,185451.3098090278,6874365.648176952,3.0445610546180557,2.673372725694444,2.278800937847222,1.3031055
2025-01-11,184451.99095833334,6882219.170941707,3.1786879274305555,2.821620420138889,2.3557481862847225,1.19391109375
2025-01-12,182017.43863194445,6740137.479383357,3.0908630584722223,2.8826891284722223,2.218566572361111,1.467947107638889
2025-01-13,191823.10215624998,6726630.437642899,3.1686076151736113,2.792635302083333,2.2498714736458334,1.1899638541666666
2025-01-14,192317.52653472222,6987735.20957055,3.1650692096527777,3.0038844166666667,2.3491234668055556,1.4529316944444444
2025-01-15,192804.50713541667,7421290.740584923,3.2033154318749997,3.2242244756944443,2.334184321284722,1.3389005555555555
2025-01-16,195336.47739930556,7735184.998267765,3.430213494826389,3.753142302083333,2.2682347866666666,1.3252362569444445
2025-01-17,201514.10484722222,8640266.036401348,3.074872086944444,3.408376534722222,2.1128447746875003,1.3291078506944443
2025-01-18,193858.94769444445,7895499.3566997545,3.3882568981944443,3.882525427083333,2.292637264826389,1.285572170138889
2025-01-19,196725.05664930554,7542305.802634084,3.26947793875,3.7871408263888893,2.2661343484375,1.09313228125
2025-01-20,198528.98952777777,7270558.667871705,3.4319330997916664,3.4967463229166666,2.3895268106597225,1.1758424791666666
2025-01-21,196370.88964583335,7142900.9923583055,3.4625172921875,3.6769492777777777,2.3944822569097224,1.07014059375
2025-01-22,192655.3832951389,7055361.3325133445,3.5451869416319446,3.844406059027778,2.404135519479167,1.362482545138889
2025-01-23,189814.09893055554,6688104.622803954,3.6788187233802816,3.6828835972222222,2.4958855754166667,1.2177075000000002
2025-01-24,196263.38180555555,6937277.569877446,3.5861127534722224,3.5937503437500005,2.4718575874999997,1.286345204861111
2025-01-25,203038.1205104167,7151415.198230024,3.339344069201389,3.540083295138889,2.3624360795833335,1.3400373611111112
2025-01-26,207870.4971076389,7294758.997991925,3.557487236319444,3.703683263888889,2.4433451855208332,1.9243193680555555
2025-01-27,208179.98263888888,6748404.628464787,3.5069290236458333,3.4009264409722224,2.3552806111805555,1.2195775312500001
2025-01-28,201562.11524305554,6589595.5898112655,3.5346339912152778,3.784593666666667,2.3523086808333336,1.4005871701388888
2025-01-29,201990.8841736111,6413716.106831757,3.528086632743056,3.784296565972222,2.4316204739583336,1.4343871319444446
2025-01-30,203322.9647777778,6832707.873551514,3.456099926979167,3.608296548611111,2.334127278020833,1.5005369166666667
2025-01-31,204461.45942013888,6928197.954829937,3.8638712571875,3.722342420138889,2.472174451319445,1.5287612569444446
2025-02-01,210373.70613541667,6999547.104240326,3.7298444239583333,3.722642899305556,2.4482635936111112,1.5208684895833333
2025-02-02,209480.91477777777,6105854.254706324,3.481861611423611,3.324231333333333,2.3518386424305557,1.092834013888889
2025-02-03,193127.33534722222,4805903.190640662,2.8076365869444446,2.5911179444444445,1.9061031645804196,1.0237868020833334
2025-02-04,174239.32825694446,4448474.492674509,2.8458443393402777,2.9699933923611113,1.9901642502083332,1.0620804305555556
2025-02-05,176194.4078090278,4522948.631440474,2.452540911736111,2.7183128854166667,1.7218470538541668,1.326186284722222
2025-02-06,177172.33121180555,4433829.727837526,2.4272542479513888,2.618950472222222,1.7344163631944445,1.2776159409722223
2025-02-07,176856.2309826389,4429272.278256265,2.2508512138541668,2.4196341631944445,1.689806439375,1.3894432708333335
2025-02-08,159682.5313611111,3986216.755601084,2.386497835694444,2.34336896875,1.8046048224652778,1.4668518993055555
2025-02-09,160753.00046875,4165881.547989279,2.601559966111111,2.573592177083333,1.9082296060416668,1.5666967916666668
2025-02-10,159296.80176388889,4214246.274642769,2.7823638433680555,2.7141349687500003,2.0201048844097222,1.4662210416666666
2025-02-11,163727.31724305556,4500075.194619704,2.8579825244791666,2.8751163506944444,2.0540137887847223,1.22145403125
2025-02-12,161243.0156909722,4327483.692023424,2.798146892916667,2.908807875,2.0262648793402778,1.4567227361111112
2025-02-13,164884.10115625,4556440.500141632,2.919949274166667,3.0817154166666665,1.9967652679166668,1.269097486111111
2025-02-14,171985.30614930554,4797830.2808176335,2.964841409131944,3.0390187048611113,2.0394659148263887,1.3819791354166666
2025-02-15,170510.5173541667,4690479.062886272,2.9482259474305557,3.036495996527778,2.053918336284722,1.7471550940766551
2025-02-16,169524.62635416666,4566215.809271686,2.7882127390972222,2.7092762256944445,2.0624325054513886,1.7146480138888889
2025-02-17,171893.31594791668,4584085.134739188,2.8610599664930554,2.6398925416666668,2.1228045328472223,1.5600095486111112
2025-02-18,165769.500125,4274753.912359699,2.5761819339236114,2.596213420138889,1.9981844068749999,1.3441493541666665
2025-02-19,167528.09019097223,4353849.332412296,2.519337255763889,2.5706028159722223,1.9553217277430557,1.3984442291666666
2025-02-20,167432.64296874998,4503373.259260203,2.527397997638889,2.844791996527778,1.9335407359027776,1.6856907291666667
2025-02-21,173614.0515347222,4774801.392263678,3.043790248125,3.1413663645833334,2.125897186944444,1.4801741076388888
2025-02-22,178148.13198958331,4820209.052903805,2.784907546145833,3.186366,2.1351766236805556,1.64075084375
2025-02-23,182544.85070138887,4970652.565952368,2.8480836034722223,3.2670900972222223,2.144150581284722,1.7055461180555556
2025-02-24,178177.75228472223,4565226.807648574,3.0677421698958334,2.7448443159722222,2.2855395872569444,1.2987389027777778
2025-02-25,175243.13456944443,4234960.759358973,2.748288926076389,2.3305220798611113,2.1224970634375,1.17620921875
2025-02-26,177869.15274305557,4585377.972511199,2.6415407926388887,2.14295228125,2.1103906223958333,1.4941292916666666
2025-02-27,177960.74259027778,4701146.457372551,2.644025056215278,1.9678002187499999,2.1437437406944446,1.3088871319444444
2025-02-28,173243.7646284722,4346039.284385492,2.66355423125,2.05466490625,2.200193301944444,1.3445894375
2025-03-01,169311.87598611112,4316479.132002162,2.596335701597222,2.09747659375,2.1627929982986114,1.5815069722222221
2025-03-02,167199.37896875,4359281.102730451,2.6855863361458336,2.1524547951388886,2.2264949673958334,1.4179936006944445
2025-03-03,173893.0967986111,4482352.090889777,3.052816786076389,2.300189802083333,2.316778794965278,1.3544756909722222
2025-03-04,178377.8327673611,4215414.911533014,2.7740953832291666,1.947350829861111,2.2625357482986113,1.0290746006944445
2025-03-05,171224.99664583334,4167602.270440961,2.9984919452083334,1.996260232638889,2.2747675949305557,1.5903692638888889
2025-03-06,168717.7083888889,4180048.054989549,3.11449816375,2.1220614687499997,2.2500497861805555,1.3375576909722222
2025-03-07,174790.99623611112,4255760.417945175,3.0970753211111113,2.263720625,2.2381364243055555,1.5095308263888887
2025-03-08,172489.74504166667,4162109.3077291953,3.0086502187152777,2.4775575069444447,2.2045175352777777,1.232684
2025-03-09,171464.6867326389,3956754.900957199,2.9172201730902776,2.3118432291666666,2.1808938774305555,1.73611096875
2025-03-10,165350.7035,3647878.5944117364,2.838245749375,2.245388232638889,2.160356402951389,1.3316772847222222
2025-03-11,152518.82207986113,3272324.1527701477,2.7278571415277777,2.1801029340277776,2.0319031517708335,1.3699865763888888
2025-03-12,155261.4658402778,3378708.0200996753,3.0129108508680553,2.1596943159722226,2.1095478768055553,1.5366587048611111
2025-03-13,159413.82161805558,3490510.532588718,3.1125669324652776,2.1389589618055553,2.1356840078819443,1.3016392152777778
2025-03-14,158994.7126701389,3583699.519004575,3.107909150868055,2.437755489583333,2.142535971527778,1.5562654097222222
2025-03-15,163657.49908333333,3738370.412308708,3.0742408016319445,2.5912318680555555,2.14433816625,1.8998090451388887
2025-03-16,172258.4265486111,3932804.2888986003,3.0294881117013888,2.5495339756944446,2.0716047608680555,1.9309298125
2025-03-17,179388.18346527778,4139783.413249149,3.0799886950347224,2.462768611111111,2.1460404290972224,1.62714834375
2025-03-18,183841.33502430553,4218382.90415911,2.9036446138194445,2.38424509375,1.9872188456597222,1.3739719097222223
2025-03-19,176456.2478784722,4252555.54521976,2.4029597889930554,2.1914346631944444,1.7160364781597222,1.38914053125
2025-03-20,178184.08865972224,4277064.496611481,2.4552959852777776,2.2319388854166666,1.7233988226041665,1.8451567132867135
2025-03-21,169321.61758680557,3943323.5823073494,2.683104772013889,2.2857388194444446,1.9111866546180556,6.697929628472222
2025-03-22,171093.04903472224,3977728.3043194916,3.1791248918750004,2.2774405902777777,2.290543561423611,5.180010138888889
2025-03-23,177845.22885069446,4124258.754629529,3.2396119018055556,2.153590850694444,2.291001437395833,2.3231850659722224
2025-03-24,170964.74564930555,4058682.0223197704,2.953003698090278,2.22976975,2.1745181888194445,1.7133418125000002
2025-03-25,165749.66013194446,3965699.454806366,2.9856834521527778,2.336110472222222,2.1695739360763886,2.191877673611111
2025-03-26,165249.92976388888,3996701.5015053772,2.9791945321527775,2.4602154270833334,2.118375707291667,1.995677611111111
2025-03-27,169341.88124652777,4080690.416562245,3.1345825280208333,2.583513295138889,2.1721581362152778,2.2289989375
2025-03-28,170202.71434027777,3921777.7845313633,2.970767146736111,2.364261795138889,2.1345530186111112,1.5138131111111113
2025-03-29,169699.76518055555,3718359.116177348,2.9820052538888886,2.2300841527777777,2.1470600132986113,1.6313809027777777
2025-03-30,170563.90409027776,3724278.8167239185,3.0439122391666666,2.1283235243055554,2.185172048784722,1.58539346875
2025-03-31,164251.88641666668,3632259.6106419335,2.990808115694444,2.2289911979166668,2.132057444965278,1.6611874479166666
2025-04-01,167154.7775,3784882.1959326374,2.9409483314583333,2.2936922708333336,2.0997766153125,2.5166475555555556
2025-04-02,168504.31578819442,3727481.5261873566,2.9001477239583333,2.1771948090277777,2.125970185590278,1.7010403784722223
2025-04-03,164946.95189236113,3538640.9061038336,3.0361522667361114,2.334067878472222,2.1112275413541663,1.9125243472222222
2025-04-04,165179.13822569445,3568988.3052785625,3.058229497291667,2.4681779027777777,2.1337257038194446,2.0443227743055554
2025-04-05,162327.2037986111,3489303.858361989,3.1141001687500003,2.5196011145833332,2.160785377361111,4.118929667832168
2025-04-06,159001.69519444444,3321568.2514579482,2.9745850086458336,2.467927840277778,2.1403676655555555,1.8648678181818183
2025-04-07,160998.3825763889,3114739.9810912265,2.8387194378819443,2.510183045138889,2.0562652647222226,1.4043665520833333
2025-04-08,160493.93011458335,3145469.8689963617,3.039279253923611,2.5545124097222223,2.0907730771875,1.3295358888888889
2025-04-09,159836.39068402778,3166294.209126071,2.9270473439583333,2.835615371527778,2.064792421701389,1.311599597222222
2025-04-10,159949.97035069446,3234822.8018088094,3.2250547598958335,3.072215097222222,2.1538143306944444,1.8386479861111111
2025-04-11,159958.1813159722,3258368.0220004357,3.062981746840278,2.8767721770833337,2.0885879002430556,1.6694446111111112
2025-04-12,162464.90902777776,3387046.4306842904,3.030024065138889,2.894243763888889,2.0925893982986112,2.0827709965277776
2025-04-13,163062.23669097223,3401361.1035438497,2.9458897837499998,2.9252327534722222,2.045331215798611,1.4836733519163763
2025-04-14,165078.10518402778,3427663.9090440683,2.737482270486111,3.0904809097222223,1.9622056984374998,1.3269810694444444
2025-04-15,168193.62617708335,3457325.316898818,2.802954985886525,2.9501590992907802,2.0146599430141845,1.6473374895833333
2025-04-16,176234.6178263889,3563112.689711335,2.900146816840278,2.9287329583333332,2.097857170451389,2.176811190972222
2025-04-17,174731.35621180557,3544187.168748863,2.801970166076389,3.145112375,2.023516169652778,2.863537017361111
2025-04-18,174269.2345486111,3608102.9558357354,2.7988391145138887,3.5541982430555557,1.99745147125,2.798202369337979
2025-04-19,177918.01131944443,3758099.992230935,2.783826308784722,3.62150365625,1.9457719271180554,2.5643098536585365
2025-04-20,178320.3243923611,3784066.218083238,3.0028649044444444,3.6926293749999997,2.0987778630208336,2.1769350104166665
2025-04-21,184996.6905347222,3936202.8711162806,3.2027081144444445,3.5576871458333335,2.1777315692361108,2.0931893506944443
2025-04-22,191290.38595833335,4045682.0722895116,3.1596690128472225,3.3198433680555555,2.200460496423611,1.70212809375
2025-04-23,194169.41326736112,4345337.058955869,3.253505647048611,3.89028715625,2.1438147055555556,1.4297110729166667
2025-04-24,194872.77451041667,4287988.6532895425,3.544854820694445,3.908252041666666,2.208411148125,2.352614204861111
2025-04-25,196062.62514930556,4387030.048071151,3.621200260486111,4.6273267222222225,2.2713542553125,1.61986312543554
2025-04-26,206560.2018402778,4648948.970606947,3.759107473298611,5.1545850486111116,2.391785435347222,1.8301803576388889
2025-04-27,206130.50068055556,4478507.148339654,3.616620818645833,4.854190409722222,2.3810260478819445,3.003325895833333
2025-04-28,230320.44180902778,5355194.952105997,2.9241134274305556,3.1451265451388886,2.1673190240625,1.3570372013888887
2025-04-29,242878.9191597222,5714592.893079465,3.0768069055555554,3.0217888125,2.211342494826389,1.2962093958333334
2025-04-30,251255.02038194446,5859298.813753315,3.0305726171875,3.2510807638888886,2.2664094872916665,2.2731784826388886
2025-05-01,249995.09448958334,5835636.530379325,3.206713249375,3.6646061041666664,2.363744528055556,1.8688903819444442
2025-05-02,242294.39303125002,5658772.986511547,3.0953537396875,3.6846700451388887,2.3131367220138888,2.1351829791666663
2025-05-03,239233.29214930555,5503672.692509925,3.1229616747569446,3.5312045104166665,2.331050741875,2.269100722222222
2025-05-04,238590.9663090278,5245909.430122656,2.9092534942361112,3.220836732638889,2.232827865104167,1.4675112167832167
2025-05-05,247467.97223263892,5409523.111214807,2.786212991076389,2.8129909166666667,2.0797526060069442,2.1854075208333335
2025-05-06,242151.61570833332,5165013.854189193,2.9085544790277775,2.9966050277777776,2.1772870671875,1.8175964090909091
2025-05-07,228247.12635069445,4853778.317464805,2.9694810091666666,3.3528961979166665,2.120128773055556,2.345994048780488
2025-05-08,226671.3401527778,5070383.919324976,3.1187186973611114,3.8048420798611113,2.235011102638889,1.6256792118055554
2025-05-09,222396.19988541666,5282747.624435474,3.6441219347222225,4.744325013888889,2.325463859270833,1.2518227569444444
2025-05-10,223714.48488541666,5421427.206988672,3.7293318287152775,4.488219902777778,2.279768757673611,1.7831179687499998
2025-05-11,228996.69721180556,5658891.305751705,3.946934423784722,4.639804336805556,2.3916140738541665,1.495964454861111
2025-05-12,229415.2040520833,5725070.948290419,3.9565242325347225,4.488746590277778,2.435013733472222,1.3579581458333334
2025-05-13,227982.57695833332,5620920.403450232,3.6798263772916666,4.501164208333333,2.3276146251041663,1.2430241597222222
2025-05-14,230115.99484722223,5823614.5455161445,3.624984027222222,5.0282191875,2.253251417986111,1.7993931840277777
2025-05-15,230425.40234375,5505842.768468951,2.9348782391666663,4.146802322916667,2.053648398784722,1.2262838263888889
2025-05-16,221906.87905555556,5277910.637754831,2.586810022638889,3.564694715277778,1.893527581111111,1.372495201388889
2025-05-17,222914.05763541666,5118932.948495094,2.455847787048611,3.3883130486111113,1.8735665487500002,1.533186673611111
2025-05-18,220948.11938194445,5157289.762813532,2.0944339107291667,3.160496201388889,1.7385412608680555,1.5540249652777778
2025-05-19,219990.67341666666,5086420.43520434,2.2082945813541666,3.2751364652777775,1.7637587129166665,1.6965140486111112
2025-05-20,218261.82724652777,5106622.454570051,2.297971252013889,3.1555693263888887,1.8308348633680553,1.6631319270833334
2025-05-21,221533.44398263888,5240337.49611091,2.472256982326389,3.1343961840277776,1.9299589079166668,2.2196662195121952
2025-05-22,224946.27578819444,5555404.053014722,2.4521506584375,3.081825079861111,1.9245901220833335,1.620099638888889
2025-05-23,220391.85203472222,5408195.634492715,2.679593684513889,3.6782503819444443,1.9423655359027778,1.9460630972222224
2025-05-24,217832.41663888888,5109678.879709192,2.48324226375,3.080396920138889,1.9439553352083334,1.4638209340277777
2025-05-25,220427.49955555555,5074392.531727698,2.267270440451389,2.758303388888889,1.7216755709375,1.646294951388889
2025-05-26,218315.74309027777,5168021.567863268,2.1405187467708333,2.6127701597222224,1.5751059605208333,1.712946107638889
2025-05-27,213781.7681701389,5107685.055615956,2.19206936125,2.8331262777777777,1.5950044472569445,1.672297670138889
2025-05-28,211435.89898958334,5040838.983119942,2.3433772458680555,3.0640067083333333,1.6651818447569444,1.5696605833333335
2025-05-29,207420.4384236111,4899241.980704339,2.4067246443055557,3.1574108958333333,1.7975915121527777,1.6851333541666667
2025-05-30,209052.9495486111,4702112.179798862,2.369975593194445,2.857440190972222,1.7774489852083333,1.2635921875
2025-05-31,194942.26238888886,4234995.6710083205,2.367884158090278,2.7929964305555557,1.8419369008333335,1.5451143402777778
2025-06-01,191630.5043125,4193577.9279051293,2.5126582492708334,3.003134805555556,1.9390315268402776,12.89050446875
2025-06-02,195065.32538194445,4274379.222245302,2.8072389637152777,3.4455048159722224,2.0660765730902777,1.7273320347222223
2025-06-03,192022.60254513889,4289005.072014105,3.029323567152778,4.391306243055556,2.1097068780208335,3.8509152430555553
2025-06-04,197652.5908888889,4377047.895355638,3.063352951423611,4.343070604166666,2.0934881733680557,1.785727298611111
2025-06-05,203799.3504375,4338608.081855955,2.6676640999305556,3.6304563645833334,1.968893806875,1.5252020902777776
2025-06-06,205134.10476041667,4313328.451979684,2.5122079696875,3.3561045694444447,1.9168623398958333,1.4036801319444445
2025-06-07,204237.91042013888,4399131.701153031,2.5143174322222226,3.737912152777778,1.88157048375,2.4281390624999997
2025-06-08,207519.6396284722,4465795.522852692,2.624563610798611,3.5026896145833333,1.8732992255208332,2.4884965052264807
2025-06-09,206433.29963541668,4457608.418480109,2.706105232013889,3.4872023645833337,1.9606101862152778,3.497401378472222
2025-06-10,207045.5024826389,4633827.663492352,2.6507672040972223,3.7766015034722225,1.9230252335763889,1.6025092951388888
2025-06-11,215159.74400347224,4801536.764867734,2.9470568843055553,4.156240371527778,2.0326653655555558,2.3819947604166667
2025-06-12,218686.50865625,4656974.432248419,2.567782765659722,3.6186109826388893,1.9324193604513888,1.5771625729166667
2025-06-13,215991.29541666666,4344780.213731317,2.463285175416667,3.0188212465277777,1.9493513507291667,1.3896580798611111
2025-06-14,212137.5130763889,4311828.782172216,2.557149104548611,3.1305509618055556,1.982471459513889,2.4312835958188157
2025-06-15,211944.96435416664,4275548.471704778,2.6159069628125002,3.0368553923611112,2.0689740344444445,3.351024615384615
2025-06-16,212722.4567361111,4374175.171191117,2.6686323177430555,3.0407445937500004,2.067235055625,1.8336374270833333
2025-06-17,217942.37919791666,4351157.318570617,2.540803461736111,3.0455333020833333,1.9676416772916667,1.562937861111111
2025-06-18,219349.11973958334,4310635.861144134,2.4794717758333333,3.0547238159722223,1.9599968497222224,1.28113303125
2025-06-19,218010.34409722223,4311032.290151985,2.567391375798611,3.2016844583333333,2.036001216840278,1.577688513888889
2025-06-20,216904.29621180554,4285023.786442075,2.5923489350694444,3.2752070381944445,2.0579438506944445,1.6637821319444444
2025-06-21,218787.8920659722,4228346.484737711,2.3707646403472222,2.951295145833333,1.9683151809722221,4.477158392361111
2025-06-22,220722.9177638889,4046018.0426325044,2.2498116115625,2.5911972604166666,1.9383927634027778,1.883393013888889
2025-06-23,217496.92946527776,4063181.933568882,2.296999512465278,2.7275440694444444,1.8997726587847221,1.7232482673611111
2025-06-24,216163.28968055558,4310167.235916419,2.810697207013889,3.4001486666666665,1.946008735486111,3.8962852916666666
2025-06-25,209858.5983888889,4193695.8743738127,2.705132888715278,3.34562290625,1.9954674859722223,9.551694197916667
2025-06-26,208156.0035972222,4081013.5099657476,2.3273842877777775,3.1322575868055558,1.9515615735416665,1.5726423472222222
2025-06-27,210567.08325694443,4073525.0145871365,2.243027299236111,3.0742211631944443,1.917740850486111,2.0726188576388886
2025-06-28,212443.56083680555,4153849.8577470663,2.310815293958333,3.0781090625,1.9111362070138886,11.59444973611111
2025-06-29,210222.64615277777,4189926.859457097,2.403041406111111,3.409473652777778,1.9491525419791667,11.130517888888889
2025-06-30,210166.31856944447,4238459.236079711,2.462894078923611,3.2969746875,2.0131740124305555,1.4642210104166666
2025-07-01,205718.25285416667,4034252.8199275616,2.193551397326389,3.0538925069444445,1.8731162639930556,2.029911392361111
2025-07-02,205626.1110347222,4078001.4504285436,2.185521701388889,2.897553861111111,1.9359182902430554,2.9601222152777775
2025-07-03,213888.9283888889,4397035.461024869,2.310555515451389,3.1818871250000003,1.952921124270833,2.9481861458333336
2025-07-04,213180.13098958333,4271012.501006806,2.2974746931597223,3.243563770833333,1.9534597970833332,2.490638861111111
2025-07-05,211648.10784027778,4187931.743071722,2.1013265844444446,3.322853236111111,1.9214434514236112,7.8439222187499995
2025-07-06,207284.80695833333,4133277.624474931,2.2018987931944443,3.358811204861111,1.987387236423611,3.3665188257839724
2025-07-07,205685.64048958334,4113821.156896631,2.3366965772569444,3.38169115625,2.0284772488541667,1.8570929268292684
2025-07-08,208384.92402777777,4141908.1815032978,2.216916653541667,3.644419493055556,1.9569879157291667,3.3231784166666665
2025-07-09,215943.94272569445,4371360.267162813,2.2503362368055555,3.5844135173611114,1.9890517201041666,3.0298461219512194
2025-07-10,221446.41648611112,4634647.160333935,2.5303125470138887,3.4485013437500003,2.0751493414583333,2.1045666041666666
2025-07-11,225973.30437152777,4963945.628286772,2.8963149472222223,3.4828325520833334,2.191250078784722,1.5811731319444444
2025-07-12,222013.50832291666,4810569.802810769,2.7308321505208335,3.3723619513888887,2.0599023874652778,1.5232203159722222
2025-07-13,215462.18478472222,4811867.906117738,2.591424724722222,3.4254390798611114,1.9312748036111111,1.5837936840277778
2025-07-14,216031.35312847223,4880550.923182113,2.717145122986111,3.666042024305556,1.9664839371875,1.4865022847222222
2025-07-15,221852.90443402776,4802373.2587054605,2.665376086666667,3.7483744409722224,1.9815919777083333,1.7737468993055556
2025-07-16,228590.88002777778,5120140.630811546,3.4319915627430557,4.693761336805555,2.301926532777778,1.7912317465277776
2025-07-17,231058.75899652776,5235105.182416764,3.555324983402778,4.677252458333333,2.3928561075694446,1.5966231874999999
2025-07-18,248349.5899861111,5878943.383769677,3.448862896493056,4.572811548611111,2.319933993611111,1.3640467048611111
2025-07-19,245756.3976909722,5832611.763507584,2.972632997291667,4.323893236111111,2.0953561058680554,1.7117121909722224
2025-07-20,243180.00577777778,6116422.469572585,3.073608237673611,4.152561791666667,2.096611322083333,1.497856638888889
2025-07-21,241190.60737847222,6097509.603901778,3.778934601263538,4.307832696750903,2.3057928381454547,1.3748585868055556
2025-07-22,271869.5023993056,6762985.638561389,3.1995040901930505,3.8307951666666664,2.0710692681944445,1.3875608472222223
2025-07-23,277762.3966840278,6855863.090664547,3.0361961493055554,3.7787672152777776,2.020119607291667,1.4439536527777779
2025-07-24,263760.86152083334,6053407.02720647,3.071405555798611,3.5494901215277777,2.0710156412847223,1.2377691319444444
2025-07-25,264649.18021527777,5973064.103270921,3.2670240378819444,3.5713218333333336,2.162355219513889,1.3684311319444444
2025-07-26,277794.8417604167,6281267.732602473,3.64063705375,3.934896861111111,2.2779998314930556,1.736332263888889
2025-07-27,274031.6357361111,6239524.680629959,3.6956984179513888,4.062881548611111,2.2748425776388888,1.696482517361111
2025-07-28,267827.11315625,6125627.820754581,3.2742479362152777,3.883562131944444,2.0239572353819444,1.4406582534722223
2025-07-29,273345.82389583334,5873183.924635894,2.6760899322222222,3.3315253923611112,1.7552473385416667,1.5297731180555556
2025-07-30,273795.6222986111,5753821.797210816,2.585623141319444,3.021127125,1.7445678450347222,1.3625011493055554
2025-07-31,276235.6598854167,5923290.486338505,2.419926853611111,3.378681510416667,1.6648115815625,1.1674754131944445
2025-08-01,283570.44097916665,5829368.789200296,2.1915682899652777,3.1532458055555552,1.6322110710069444,1.1838311597222222
2025-08-02,283114.0371770833,5724518.945240509,2.143674479131944,3.174389333333333,1.6525851806944445,1.2988654444444443
2025-08-03,280968.5780277778,5723116.033956141,2.3605679419791668,3.4421785381944443,1.7427931844444444,1.780849173611111
2025-08-04,285840.5297986111,6003364.126596467,2.6656423388888886,3.6021542361111107,1.8196223540625,1.3665940833333332
2025-08-05,283775.8609166667,6015333.85703253,2.7067820187847222,3.9026939930555553,1.7822956172916666,1.6303197291666667
2025-08-06,280083.75262499996,5889553.376503335,2.6824621964583333,3.7886024305555557,1.831562886215278,1.8104222951388889
2025-08-07,283084.4354097222,6056721.318810327,2.8571525749999998,4.052957243055555,1.8913228421875,1.7896759340277777
2025-08-08,289505.34994791663,6453510.653434558,3.013245330416667,3.6191516041666665,1.8757477975694445,1.26580125
2025-08-09,294657.1534409722,6775547.109517258,3.079753230972222,3.5727348645833334,1.9151576669791668,2.0954077395833335
2025-08-10,292852.4568680555,6750370.2925849715,3.0300134475,3.7726846527777775,1.854246198888889,1.6034819791666668
2025-08-11,294084.8437951389,6812413.1387074245,2.721857874965278,3.359191555555556,1.7773536659027778,1.4773529930555556
2025-08-12,294584.66667708335,6743199.781277623,2.556187570173611,3.114585534722222,1.7712333451041666,1.7092436354166667
2025-08-13,290044.68223958334,6853654.934851389,2.9454189678819445,3.7065315868055557,1.8857592994791668,1.4517816527777778
2025-08-14,290385.7770381945,6700989.606119244,2.924302539965278,3.6305257083333333,1.8412319970833333,1.3172120104166667
2025-08-15,295196.89540625,6561193.588102106,2.7163914066319443,3.2744346249999996,1.8603096468055556,1.4356394216027875
2025-08-16,294727.07697916665,6712198.523458579,2.7285378609375,3.49647178125,1.8458222373263888,1.8044217812499999
2025-08-17,294908.7879270833,6863483.691535905,3.0202308091319443,4.112653190972222,1.8420074621527778,2.1151024583333333
2025-08-18,298996.0949340278,6670692.499221054,3.073700589826389,3.945044909722222,1.8834384864236111,1.1728688402777778
2025-08-19,293350.7473715278,6426282.662159953,2.834817680138889,3.952629423611111,1.8879563021527777,1.271056670138889
2025-08-20,285610.08599305555,6209197.325054019,2.854426087847222,4.192574548611111,1.870306786076389,1.2862878402777778
2025-08-21,286144.5086319444,6293475.61049025,2.849748946701389,4.396308708333333,1.8320829371874998,1.2427198854166666
2025-08-22,289125.4820902778,6458115.901481254,2.8707567538194443,4.317091538194444,1.8942319476388887,1.2662157083333332
2025-08-23,294450.141,6812551.511951416,3.2906990876041666,4.72179184375,1.9728516422569444,1.8520644340277777
2025-08-24,294551.15839930554,6759790.763078625,2.6349344912847226,4.17835584375,1.7974601359374998,1.3094211666666666
2025-08-25,290943.7033958333,6505315.488291924,2.4683726728819444,3.4388670520833333,1.8038462614930555,1.1360342847222222
2025-08-26,288566.53305555554,6420856.712498048,2.2897132188541667,3.3826734652777777,1.7197898673611112,1.3617811666666666
2025-08-27,290302.6117361111,6761236.993523893,2.261694273923611,3.1694459791666665,1.6260887392708332,1.7180294305555555
2025-08-28,292262.124625,6859501.0007012375,2.175712311423611,3.330376375,1.5976122306597222,1.4241890833333333
2025-08-29,286199.49670526315,6553046.950807705,2.2890204227368423,3.690701915789474,1.6412514315087718,1.6894244631578947
2025-08-30,287352.1639965278,6572897.323326081,2.302371821215278,3.341043319444444,1.7242561614583334,2.0080361875
2025-08-31,316802.1494548611,7649154.7451471025,1.9896909812499999,3.042002604166667,1.598368721875,1.6689543159722222
2025-09-01,301897.4257430556,6904282.415133746,2.1245501531944444,3.4538790833333333,1.7304175384027778,1.490285670138889
2025-09-02,290460.0194861111,6684807.346275433,1.9774350821180553,3.5958011840277777,1.663257963125,1.349615190972222
2025-09-03,293791.5671215278,6950944.282666042,1.9714277022222224,3.6492751250000004,1.6296036731249999,1.6844613194444444
2025-09-04,292494.53396875004,6871486.107223385,2.0009806493055553,3.597669625,1.6254272055902779,1.4342200902777777
2025-09-05,297282.92367708334,7072894.919016626,1.974507276875,3.426562753472222,1.6236188213541667,2.0180258472222223
2025-09-06,292073.00002430554,6914307.73864584,2.072522446215278,3.386208,1.6851361709722221,2.8926876306620213
2025-09-07,294899.31921875,7164638.99191111,1.982020494236111,3.6524538506944446,1.6154770529513889,1.9077793229166664
2025-09-08,294292.3456041666,7409786.051521741,1.9639640025694445,3.4977721423611112,1.6324844983333333,1.4501087534722223
2025-09-09,284004.3294340278,7122631.177920054,2.285206957013889,3.666390065972222,1.809883473298611,1.3931521354166667
2025-09-10,280458.5513055555,6935887.087993574,2.4012019259375,4.230540506944444,1.832308910138889,1.5744951041666666
2025-09-11,280163.69729166664,6899013.631029983,2.5668528138541666,4.605118322916667,1.901021122673611,2.1478288958333334
2025-09-12,282912.75129166665,6975012.178517317,2.7898511680902778,4.397587232638888,1.999598262048611,2.2775735381944444
2025-09-13,284150.53121875,7152749.7762033865,3.0090104577430554,4.646013944444444,2.068209912986111,1.5011785659722223
2025-09-14,272343.35299305554,6702481.350356455,3.2297277078124997,5.397160319444445,2.204943287951389,1.3116871145833333
2025-09-15,260826.2040173611,6145249.622074961,2.9963582213194444,5.079927840277778,2.1515880586458334,1.3196328680555556
2025-09-16,266623.94281597226,6267278.5699873045,2.4610827265277777,4.662964472222223,1.8052484127083335,1.5980879097222223
2025-09-17,264282.60248958337,6205474.155463922,2.910810710902778,5.290036760416666,2.0537340938541666,1.3524941805555555
2025-09-18,266371.2139375,6454962.156088551,2.8158100782291666,5.9256238819444444,1.9674231272569445,1.5071547847222222
2025-09-19,262760.0723402778,6229118.923966479,3.1387030449652777,6.573420246527778,2.1348759132291666,1.2544063541666666
2025-09-20,267457.11100694444,6217392.112312928,2.5640547885416667,4.864239826388888,1.883413970902778,1.8388024097222224
2025-09-21,267783.18607291667,6181930.842175774,2.8775982928819444,4.8915160590277775,2.039128685451389,1.8055912083333334
2025-09-22,256156.06897916665,5438199.218020428,2.639199223125,4.250106201388889,1.9849576744097222,1.1786937083333333
2025-09-23,248509.55047569444,5233652.939194363,2.590529194722222,4.257306256944444,2.014149465034722,1.374690048611111
2025-09-24,241837.27098263887,5145253.386136081,2.787802787361111,4.29328190625,2.102511860381944,1.9991224687499998
2025-09-25,240149.62079861114,4937823.760839349,2.8845571568402777,3.8073564791666663,2.1476896391319444,1.6667246597222223
2025-09-26,234387.45219791666,4752564.25434711,2.9897337902777776,3.6963314722222225,2.2047404973958336,1.530457826388889
2025-09-27,233887.31637152776,4878199.9463592,2.863821707361111,3.842386791666667,2.039679998611111,1.5741216794425086
2025-09-28,229953.11796180555,4792251.101877746,2.8257517340972225,3.8999889965277776,2.0509575814236114,2.660310909722222
2025-09-29,231354.8197847222,5110758.87249653,2.353981604861111,3.2812628229166667,1.7026001652777778,1.4734744652777776
2025-09-30,233019.84162152777,5226009.063320312,2.151215686701389,3.2291270347222225,1.5419210818055555,2.208902267361111
2025-10-01,269208.78267708333,7077447.378652291,1.7941219393402779,2.578059548611111,1.3729561224652778,1.2467460937500001
2025-10-02,361458.3045555556,11999002.70575108,1.4710714964583333,1.579322673611111,1.3189990992361111,1.0547871979166665
2025-10-03,330511.18798958336,10927274.358440854,1.5670036813194443,1.7711294270833333,1.364509368576389,1.16682228125
2025-10-04,338297.74967708334,10599068.229264475,1.4561874690624999,1.962500111111111,1.2172469122222223,1.1757043194444445
2025-10-05,311118.04052430554,10874065.059349682,1.4939316377083331,1.7855021527777777,1.2818094669097222,1.04058875
2025-10-06,295028.8758576389,10239661.15068739,1.4272518850694444,1.9193847986111112,1.1906897726041668,1.082820232638889
2025-10-07,277111.5970104167,8957528.841170158,1.4169573671527778,2.251728628472222,1.137406061736111,1.4521074756944445
2025-10-08,257320.0882951389,7892372.889804293,1.4815084915624999,2.147499809027778,1.279802710763889,1.2520813819444445
2025-10-09,256372.43294791665,8253118.141116846,1.4214562834027777,1.8520010763888888,1.2826470876041667,1.1253021909722223
2025-10-10,293067.27997569443,12636458.907781389,1.273724874513889,1.5532221562500002,1.2162327225,1.0179144375
2025-10-11,227902.80509375,8703148.110258572,1.524675529861111,1.4149916388888888,1.5515920852777778,1.06659346875
2025-10-12,270934.5683993056,13697588.32731937,1.170217283888889,1.2074889756944445,1.1826364076388889,1.0376910347222221
2025-10-13,275910.89915972226,14729079.522769116,1.2583251042361112,1.2300278472222221,1.3105250768749999,1.0505040208333334
2025-10-14,241508.43973958332,11106222.682085453,1.357176816909722,1.4410446909722223,1.3638299201041668,1.0816743923611112
2025-10-15,231931.36372222222,11025862.105578704,1.239051764861111,1.1055068993055555,1.4369211323958333,1.0660075659722221
2025-10-16,236023.55620486115,10876302.583493568,1.1091161260416667,0.9059183333333333,1.3280555561458334,1.0827164826388889
2025-10-17,234716.96478819443,9862882.54833919,1.164438311701389,1.0129310347222222,1.2701263184027778,1.08021215625
2025-10-18,236311.84434375,10449548.78536457,1.0975915315972222,0.8292160173611111,1.2606146338194444,1.069999392361111
2025-10-19,237785.22910069447,10351946.961324297,1.003439498125,0.8857480798611111,1.124972598472222,1.0989680243055555
2025-10-20,233192.81540624998,10655233.637392081,0.9090362117013888,0.9133240555555555,1.0077719057291668,1.0781309861111112
2025-10-21,239536.72816666667,11112274.947310723,0.9871081926736112,0.9021952395833333,1.0795229529513888,1.0201471319444444
2025-10-22,240167.7629826389,10626786.067161737,0.9512666164583332,0.8762084756944444,1.060957357951389,1.0820238020833335
2025-10-23,245682.70021180555,10278330.475141238,0.7294435230902778,0.7586995972222222,0.8128919348263889,1.0903354652777777
2025-10-24,257047.13892361114,10668296.175129853,0.6520407790972222,0.8314495347222223,0.7275472728819445,1.0543624756944443
2025-10-25,251385.2108576389,10420704.416523136,0.6342728580208333,1.0385166875,0.6690679569791667,1.2795563333333333
2025-10-26,266517.9016423611,12358460.848691849,0.6590637776041667,1.198787798611111,0.7311223734027777,1.1120173402777778
2025-10-27,300285.5409548611,15165303.34519047,0.8925197279861111,1.323737357638889,0.9210183618402777,1.111539173611111
2025-10-28,298051.45636805554,14194900.621410478,0.9185874723263888,1.5140352361111111,0.9304610981597222,1.1960050972222223
2025-10-29,278279.4035034722,13103016.806252217,0.8624109395486111,1.4221960555555555,0.9143456363194444,1.1773823124999998
2025-10-30,251770.91471875,11311963.056385241,0.8561961893402779,1.432568204861111,0.9030411101736111,1.1257392569444444
2025-10-31,244407.66526041666,11474798.027651498,0.8152870465625,1.261834048611111,0.903276217326389,1.1832825729166667
2025-11-01,414880.46181597223,27686154.21544805,0.6530025335763888,1.2957000104166667,0.7230912003125,1.0553868402777777
2025-11-02,491045.41699999996,41908861.64359306,0.5261611471180555,1.034569892361111,0.5704382468055555,1.058012392361111
2025-11-03,510155.3744513889,47570661.66771636,0.5640041156597222,1.0710395208333334,0.6069955845833334,1.063913659722222
2025-11-04,489876.9225069445,61816303.03247532,0.7205377935416667,1.3075400798611112,0.7944183880208333,1.0107417256944444
2025-11-05,470078.5034270833,51877279.85325806,0.9845771422569444,1.6923869270833334,1.0923298739236111,1.0070875173611111
2025-11-06,475563.30628472223,52331533.838834204,1.0764871221180554,1.677693,1.2159900219097224,1.0013445659722222
2025-11-07,457451.6512951389,50471244.22892032,1.394225020625,1.8351795069444445,1.591159619375,0.97500009375
2025-11-08,457503.6108541667,38171529.7979168,1.212295818888889,1.806459298611111,1.1880444088194446,1.0298823715277778
2025-11-09,451243.98210416664,37641161.82451002,1.1811506459027779,1.5093122118055555,1.2876453171527777,1.0073230555555555
2025-11-10,464844.46489930555,37022995.075836346,1.18380035,1.613159184027778,1.304412898298611,1.036303503472222
2025-11-11,479919.8057777778,33732479.17275009,1.1687652876041668,1.9733781944444442,1.204833751909722,1.0228669791666667
2025-11-12,444798.04011458333,30424648.856214866,1.062153649201389,1.8848040243055557,1.1198538607638888,1.1079258993055554
2025-11-13,411505.0703715278,27374929.981717974,1.0406052827777779,1.6956245243055554,1.0497637687152777,1.1145189097222223
2025-11-14,399385.0675694444,27442831.61123521,1.0592038020486112,1.4173627916666667,1.1077693660069443,1.0084234652777777
2025-11-15,451293.60600694444,36850069.41075186,1.4201625938888889,1.4649634375,1.501008302326389,1.0286206770833333
2025-11-16,503768.6984618056,45400548.63238858,1.7394666765277778,1.8071738645833335,1.7706597443055554,0.9928914305555556
2025-11-17,539005.7874895833,44749444.3229436,2.057750353715278,2.0668956006944446,2.129742905,0.9840582222222223
2025-11-18,464537.82816319447,35632292.45776278,1.856194542326389,2.501666027777778,1.8827039329861113,1.0212794895833333
2025-11-19,448516.8717847222,34136221.16189917,1.6214288717708334,2.28407946875,1.7109587754166666,1.0104466909722223
2025-11-20,445639.1944583333,34982264.45032991,1.8160911048263888,2.1177403888888886,1.8999091819444445,1.0311088159722221
2025-11-21,427819.1607465278,28338404.354772206,1.5455870377083334,2.0648308993055555,1.5636493901736113,0.9920056076388888
2025-11-22,437539.48454166664,24722127.702451423,1.0732796885416667,1.9167199236111112,1.0531823541666665,1.0648987638888887
2025-11-23,422883.1206979167,25124855.236600727,1.043220999097222,1.5737508020833333,1.0781913790277777,1.0072799965277777
2025-11-24,414545.25436805555,23686345.50249205,0.9849481149652779,1.593318201388889,1.0042141480555555,1.1262847743055557
2025-11-25,396213.2914479167,22216216.429014638,0.9297636259722223,1.5514577013888888,0.9499607621875001,1.130249375
2025-11-26,416821.3429861111,25780830.17597805,0.9030183070486112,1.4958908229166665,0.9399350546874999,1.0537968472222223
2025-11-27,486384.3160104167,31221748.43347901,1.0803182539583334,1.7339899097222222,1.099573378611111,1.0849238506944445
2025-11-28,494906.9670416666,29040952.704702448,1.1216713349305556,1.8325924652777776,1.1388032532291668,1.1198248159722222
2025-11-29,484585.04134722217,27662233.174383562,1.0667139768055556,2.0147252430555556,1.0863993173263888,1.1612701597222221
2025-11-30,474949.2250729167,26395409.37294842,1.0653920228472222,2.071173920138889,1.0878535995833334,1.0748649583333334
2025-12-01,458742.42566319444,22244112.51437883,0.9388878105902777,2.1113499305555554,0.9323244851041667,1.2234972881944444
2025-12-02,450339.83205555554,21440562.777758613,0.9157376737847223,1.8165476840277779,0.9364104487152777,1.1476198715277777
2025-12-03,512263.6610798611,25009396.24713607,0.8635255023611111,1.469998576388889,0.9244793669791667,1.0758077743055556
2025-12-04,530684.0396180556,26186830.32068906,0.9193275544791667,1.6450276006944444,0.9478309170486112,1.0746307361111112
2025-12-05,531265.4127326389,26032540.174233958,0.9469305104166666,1.7272060590277778,0.962887462361111,1.1277892465277777
2025-12-06,556717.8737986111,26230620.669469163,1.0067427608333333,1.5254586041666667,1.070833677048611,1.1355450729166667
2025-12-07,553418.1223541667,25322041.06683808,1.0265754036458334,1.4525469097222221,1.0630987165277779,1.163529892361111
2025-12-08,526848.5682222223,25260218.260201953,0.9555556610416667,1.5138806284722222,0.9666211144444444,1.1562307708333333
2025-12-09,535658.3123784722,26267090.99712981,1.0198828498611112,1.7191606423611112,1.063028136701389,1.013630954861111
2025-12-10,495715.633125,24434230.355188344,1.0416803781250001,1.6760265798611111,1.0722704149305555,1.18226859375
2025-12-11,504006.6873229167,23866003.095806632,1.016552897951389,1.4741565486111112,1.0816640435069445,1.1823545798611113
2025-12-12,515617.3850694445,24325262.687001493,1.1156383399305556,1.601077284722222,1.1853138276388888,1.2031785104166668
2025-12-13,525632.4587743055,23920753.08723391,1.1812902184027778,1.5805722708333334,1.2849882179861112,1.1559213055555555
2025-12-14,536979.31478125,23336820.08627579,1.1061348405208333,1.5205223020833332,1.1850911704861111,1.1737142395833333
2025-12-15,536491.29715625,22384592.649160318,1.1051291562847223,1.474023263888889,1.1514568844097222,1.203994767361111
2025-12-16,478722.21665277774,19558449.13276021,1.1036583975694443,1.5337940833333332,1.1298365935069445,1.217172170138889
2025-12-17,457202.0797013889,18178130.98519431,1.1971135690624999,1.5991194583333332,1.2002560449305557,1.1840196701388888
2025-12-18,452084.2383090278,16957890.534760404,1.0919076190625001,1.7045412152777777,1.0799406402777778,1.1833369270833334
2025-12-19,440705.07371875003,16510786.404242095,1.0137990418055556,1.6181943854166667,0.9845731659375,1.1578186354166666
2025-12-20,430017.7559409722,16977400.212905943,1.0359593018055557,1.7328090590277778,0.9897482717708334,1.3256525833333332
2025-12-21,426038.0157569444,16546015.532009803,1.1706859915624999,1.78499125,1.0954407660416665,1.374279798611111
2025-12-22,428941.0151805555,16471710.106715908,1.11866507625,1.8774296701388888,1.0538133668402778,1.2924232986111113
2025-12-23,418139.19080902776,15774903.895327479,1.1317860017708332,1.8726785972222224,1.0402875729166667,1.3015969375
2025-12-24,415206.70571874996,15476770.035704844,1.1589316481944445,1.8787639826388889,1.0515133425347223,1.264971670138889
2025-12-25,412536.40747569443,16187757.915039727,1.2318825752430556,1.7749013472222221,1.0915486075,1.2946287743055556
2025-12-26,398340.43319791666,15538842.04934509,1.3855821906944443,1.872476201388889,1.2343552627777779,1.336138795138889
2025-12-27,435266.52897222224,18548353.771628466,1.4480043898263888,1.5663215833333333,1.311287048125,1.26749096875
2025-12-28,479302.76723958337,21218697.763476543,1.6948502766666667,1.4791915347222222,1.5487630744097223,1.1940465
2025-12-29,426014.8686597222,18503958.54671174,1.7066149494791665,1.7054462326388888,1.5441527790972223,1.152190809027778
2025-12-30,411807.3444375,17602523.88776164,1.7775384163194445,1.7515665833333331,1.5868964020486112,1.2593577569444445
2025-12-31,396458.26342013886,16686803.7736381,1.6439299986805556,2.012139878472222,1.4509741168402777,1.133532232638889
2026-01-01,401087.6990173611,17003251.685260132,1.4957972194097222,2.115637104166667,1.3220261789583332,1.234881034722222
2026-01-02,413102.59624305554,17450565.68442155,1.281111620590278,2.1609665868055554,1.1460789604513888,1.1400210416666665
2026-01-03,427835.0088611111,18394812.218142986,1.038398650972222,2.095058208333333,0.9247010193402778,1.322800888888889
2026-01-04,428049.68005902774,18451493.59113215,1.0366732477430556,2.0692480069444446,0.926035571423611,1.19875975
2026-01-05,416569.5856354167,18024403.103017222,1.0193929478472221,2.0771482604166667,0.9071990495486111,1.1917983888888888
2026-01-06,414291.2113159722,18450797.37217651,1.0210182084722221,2.0508273229166667,0.9004448838194445,1.1815006006944444
2026-01-07,410728.9996319444,17338826.89706696,1.0182846828472223,1.9596162986111112,0.9189014200694445,1.0822419409722221
2026-01-08,443035.0135416667,17389073.085263148,0.9380664155555556,1.620904215277778,0.8583719453472223,1.2678631354166667
2026-01-09,458102.7939548611,17690320.143148664,0.9393214231597222,1.4517667256944444,0.8729677658680556,1.1355225694444444
2026-01-10,462010.5687326389,17211420.219375886,0.9746738499652778,1.51950215625,0.9075544826736112,1.22606375
2026-01-11,471531.7573993056,17656394.73195009,1.010358146875,1.4474484895833333,0.9441707200347221,1.2266116909722222
2026-01-12,492879.43526041665,18753038.626743168,1.0597140214930556,1.4031233194444444,1.0276664302430556,1.1956718854166666
2026-01-13,747998.0347430556,40038368.76412698,0.9013894779166667,1.2197784999999999,0.8778968657638889,1.0365308680555556
2026-01-14,892151.1414791667,63097784.802361555,1.0426440816319444,1.0520078263888888,1.0140989428472222,1.0740675277777778
2026-01-15,759322.9488784722,61391114.18216476,0.8848887692708334,1.0232773993055555,0.8607773824305556,1.0507228541666667
2026-01-16,813378.4198472223,72190550.83259021,0.8204047697916667,0.9825652222222223,0.8624376253472222,1.0520105104166666
2026-01-17,781701.4126076389,61045453.55736078,0.9885034435069444,1.0180624687500002,0.9942420738194444,1.0586409965277777
2026-01-18,751526.5240243055,59919355.625270404,0.9984240118402778,1.013358826388889,1.0993804179166666,0.9908853819444445
2026-01-19,693132.9982881944,55320984.22020644,1.2078144012847223,1.1365187291666665,1.2681045977430554,1.0446194131944444
2026-01-20,645113.2494340278,46496692.409912325,1.1882810114583333,1.130668513888889,1.2024982430555555,1.0794575243055555
2026-01-21,618745.940236111,42819792.18992368,1.159871407326389,1.0904630902777777,1.1924644054513889,1.1158980520833335
2026-01-22,605785.5823159722,39753884.7597411,1.1662902113194444,1.2017490381944445,1.139189504513889,1.0382436805555555
2026-01-23,628589.3981909722,42717093.41572933,1.1333937948958335,1.1794656666666665,1.2110603988541666,1.1191641770833334
2026-01-24,600356.346125,39177916.68608246,1.190571914236111,1.20479746875,1.249456912777778,1.1491226840277777
2026-01-25,591545.5473888889,37013573.13000858,1.0903474394791666,1.3590123958333333,1.1037589869791669,1.0705764166666667
2026-01-26,598465.6326388889,35636119.45467234,1.0105746957291666,1.4096877604166667,1.0256994110069444,1.1664458784722223
2026-01-27,590701.6779479167,36608768.586483225,1.0403859329861112,1.3631566805555557,1.1087045440277778,1.0910600798611112
2026-01-28,564471.9635000001,34132834.6393389,1.0703680059027778,1.4423966770833332,1.0942734783333334,1.1094293090277778
2026-01-29,575171.6105034722,32288231.760232978,0.9677020805555555,1.3302672777777778,0.9566351320486111,1.1636518229166668
2026-01-30,579550.0706041666,30060197.07833157,1.0055478111111111,1.6126138055555554,0.9172282740972223,1.0625444791666667
2026-01-31,654428.8710659723,30486903.069252525,0.9271320147569444,1.9589245729166669,0.8113498285069444,1.0675198090277778
2026-02-01,659808.0087083332,29300945.514058337,0.8691888064930555,2.0892828368055554,0.7702171666666666,1.1336972013888889
2026-02-02,639852.6760868055,28258910.941444576,0.9550962964583333,2.241777427083333,0.8559303026388889,1.153366111111111
2026-02-03,613256.7986076389,26542006.68255607,1.0007655778472222,2.161193361111111,0.8940053549652779,1.15704190625
2026-02-04,638427.4419305555,26459221.84937649,0.9498974195486112,2.0919218020833332,0.872467236875,1.1460206909722224
2026-02-05,669620.3513194445,25342945.54214621,0.9413453175,1.6418767256944444,0.8397594992361112,1.0298403541666667
2026-02-06,621107.9162395834,22565900.937664665,0.9385713868055555,1.4867092847222223,0.7771485994097223,1.0718704375
2026-02-07,607600.8486666667,22215841.060097698,1.0573061202777778,1.4944539375,0.8284087555555556,1.1770699652777779
2026-02-08,602292.6119513889,22056604.973843638,1.0522740927430556,1.4700837430555556,0.8594739119444444,1.1647978854166667
2026-02-09,612626.8205972222,22208121.198978014,1.0820281031597223,1.4350162604166665,0.8960074385069444,1.1172660729166666
2026-02-10,589699.0793506945,20887234.77063301,1.1133032070833333,1.6110274756944445,0.9147217303819445,1.1819876145833335
2026-02-11,601943.5650659722,20488041.465782158,1.1119969186458334,1.6125051006944444,0.9198333560763889,1.1680658645833333
2026-02-12,600202.4561284722,20482537.911146205,1.067212198576389,1.5220877708333334,0.8758836361805555,1.1424528472222222
2026-02-13,590375.7711909722,20968393.193565417,1.001494297222222,1.45619946875,0.8389430441666668,1.1195618298611112
2026-02-14,594983.5028819445,23179799.373646695,1.008086527361111,1.53757065625,0.9159493591666666,1.0784584305555556
2026-02-15,544017.3409166667,21187763.49588385,1.0279123227083333,1.4502204791666666,0.8902434727083334,1.1204948298611113
2026-02-16,483775.28604166664,18184135.00143747,0.9603185419097221,1.3154451979166666,0.8396602817361111,1.0957076006944444
2026-02-17,472676.9693819445,17790905.940204132,0.9481196060069446,1.3392320277777778,0.8229527302430556,1.16598090625
2026-02-18,464663.96783680556,17212390.1300727,0.9119111636111111,1.3551296006944444,0.7900671281944445,1.1929318854166668
2026-02-19,467393.97103125,16400207.55643295,0.8889406927777777,1.3598321493055556,0.7865253676388888,1.1011941041666669
2026-02-20,490954.0406701389,16693072.212637087,0.877148468125,1.4558698194444444,0.7719662801041667,1.0501521284722222
2026-02-21,477765.30796874996,16510774.108657002,0.8885384261458333,1.4447687673611112,0.7817187408333334,1.1529966215277776
2026-02-22,475536.83698611107,15950238.258368531,0.8870527457986112,1.475874736111111,0.7903014513888889,1.359787027777778
2026-02-23,446282.32362499996,14483384.4413893,0.9336069903124999,1.3886407986111111,0.8114219589930556,1.1448581875
2026-02-24,430329.07403124997,13817639.816159025,0.956160990173611,1.543404701388889,0.8292711224652778,1.1161283541666667
2026-02-25,431667.30049305555,14723939.066244332,0.9731407252430555,1.4516461145833333,0.8415080428472222,1.147079767361111
2026-02-26,409059.8094583333,14264298.391886447,0.9667601003472223,1.5494545451388888,0.8107409792361111,1.1061705555555554
2026-02-27,398124.1180347222,13582532.332588268,0.9580166419444445,1.5122992118055556,0.7980197079513889,1.1880463229166667
2026-02-28,413824.5342326389,13251001.79165822,0.9847001218055556,1.4721315833333335,0.8109689672569445,1.0389241180555555
2026-03-01,434853.2590451389,14281987.595814718,0.9896691278472223,1.8658585104166667,0.79101586625,1.2870624583333334
2026-03-02,436776.5989583333,14424915.926566608,0.955777230625,1.9745564583333335,0.7708026577083333,1.176584142361111
2026-03-03,436346.1482777778,14697395.521646082,1.1166824734375,2.2991935694444443,0.8523051160763889,1.2315387395833333
2026-03-04,419458.73185069446,14633043.981251834,1.3586814247569443,2.6233054583333333,1.0722765148958333,1.2439233333333333
2026-03-05,379998.62724305555,13162497.497596351,1.376882158298611,2.730826638888889,1.0753379544444444,1.2314983611111112
2026-03-06,365671.11310069443,12252694.23101727,1.3996463726041666,2.750512118055555,1.0985594488194446,1.2263667430555556
2026-03-07,373369.4523645833,12065724.659671813,1.2748662834722222,2.4853849166666664,1.0156841642708332,1.2811244131944446
2026-03-08,379442.9723368056,11798525.722841315,1.2088371849652777,2.5131736319444444,0.9900167161111111,1.0751070694444445
2026-03-09,365310.29290625,11600394.395201726,1.1311114243055556,2.2711810312500003,0.9230035952430556,1.1930467708333332
2026-03-10,353283.0671388889,11580286.530221831,1.2599860762847221,2.4980096006944446,0.9973124465277778,1.1633340138888888
2026-03-11,369747.79798958334,11905129.530990738,1.166038305902778,2.5386956909722223,0.9246515814583334,1.1056096875
2026-03-12,372435.8116423611,12102664.575354913,0.9849957851041666,2.5187276527777778,0.8131651706597222,1.2215051666666668
2026-03-13,372047.58786111115,12341870.211798374,1.0524481209375,2.745177284722222,0.8604759888541667,1.2151892534722224
2026-03-14,369956.11134375003,12020004.386138676,1.0305262948611111,2.494212114583333,0.8862199575694444,1.3489368020833334
2026-03-15,388929.2649548611,12973807.278657353,1.06855189125,2.720950361111111,0.9077770747569445,1.1814346909722222
2026-03-16,418103.3804756945,14549657.040995669,1.2089865584027777,2.9831097881944446,1.0227140141319444,1.1580974097222223
2026-03-17,421358.26317361114,14859950.818104416,1.3431732162847223,2.9694358819444444,1.1310073034722223,1.1621375833333334
2026-03-18,387495.4517951389,13212178.55431579,1.2745351290277778,3.1095170277777777,1.0677625593055557,1.0915221909722221
2026-03-19,392222.3872222222,12468868.079053292,0.9744064944444444,2.8368430625,0.8234343965277778,1.1204800833333333
2026-03-20,388986.8030138889,12346139.3404051,0.9496276209375001,2.316288697916667,0.8381352417708334,1.236412190972222
2026-03-21,377172.29220138886,12254788.132014206,0.9696675467013889,2.320028541666667,0.8612982495486111,1.2684356388888889
2026-03-22,382113.2101909722,12103393.336488316,0.9676404809722222,2.3367213993055556,0.8395354393402777,1.0894310729166667
2026-03-23,373091.22938888887,12559869.925708188,1.2072311040277777,2.302069670138889,1.0521308331597221,1.226934451388889
2026-03-24,356675.44399305555,12211579.91126119,1.5821205005555554,2.9624748159722225,1.3470352131249999,1.2382014166666666
2026-03-25,365650.12437499996,12507631.465016173,1.5491263961458333,2.9357383194444444,1.314346435625,1.2845152569444445
2026-03-26,352779.15873611113,11666435.304189036,1.5770026432291668,3.100868111111111,1.3039946799652777,1.2740901909722222
2026-03-27,349332.6333993056,11211237.581477338,1.428556457986111,3.1131052604166665,1.187284702986111,1.2337704756944445
2026-03-28,351441.7190798611,11181638.04301735,1.103682104375,2.705437204861111,0.93641220125,1.2824396354166667
2026-03-29,345955.8813472222,11013980.096778926,1.1920070158333333,2.691286239583333,1.0527120710069444,1.6465893576388888
2026-03-30,330045.7448541667,10674152.335168835,1.2843046429166667,2.7747283506944442,1.1131037872222223,1.2518373472222222
2026-03-31,339077.0875173611,11027073.072210906,1.335554090138889,2.7203669375,1.124256078298611,1.271502576388889
2026-04-01,361880.78559027775,11725821.08113999,1.4130949953819443,3.131413986111111,1.1602003214930556,1.2264581944444446
2026-04-02,385980.16405208333,11642628.532277595,0.9551725492708333,2.4217748923611113,0.8114685276736111,1.075474097222222
2026-04-03,404790.6669409722,12196772.007223139,0.9237262727430555,2.1899046770833333,0.8017748250694444,1.2088695590277778
2026-04-04,424055.62987847225,12704051.422572248,0.9255579780555555,2.1984702743055555,0.8067865583333333,1.471223
2026-04-05,401148.9296423611,12088428.386111343,0.9197512216319443,2.2199806041666665,0.77714285,1.2090502118055555
2026-04-06,380658.0089166667,11701616.688789042,0.9092663596874999,2.3352486145833335,0.7643806460069444,1.1499470902777778
2026-04-07,369397.5876458333,11339735.58046177,0.904150080798611,2.3856438229166668,0.7715331914930555,1.378385784722222
2026-04-08,371441.26064930554,12228040.233463993,1.1627293014583335,2.8040345486111113,0.9328506699305557,1.1589270243055556
2026-04-09,351789.57115277776,11661007.813884579,1.6426593694097222,3.4582794513888886,1.3758946850694445,1.2523350416666665
2026-04-10,458672.9309548611,19099113.427972358,1.5164006577083333,2.5237619687499997,1.4429665772222222,1.064121361111111
2026-04-11,470828.8326770833,21438298.96201966,1.2712952374652777,1.7481090173611111,1.2223118169791667,1.0984946006944445
2026-04-12,402271.1467708333,17273565.156678285,1.3541477433333333,1.7075773541666668,1.2151859683333333,1.2733036493055556
2026-04-13,395770.1364166667,16304921.230210794,1.4086623975694446,1.9287266736111113,1.28746588125,1.1070831215277779
2026-04-14,385883.4268402778,15384086.08576331,1.356116564513889,2.647240875,1.149501582013889,1.132907420138889
2026-04-15,398879.6954722222,15254292.38072203,1.3355367472916668,3.150261309027778,1.0942241252430556,1.1889557256944443
2026-04-16,416472.29260416667,15656897.770733915,1.261014281284722,3.2200186979166663,0.9964471385416667,1.218771361111111
2026-04-17,451074.26433680556,16676386.043124136,1.2265628130208333,3.5648629618055554,0.9481157367708334,1.4253737534722222
2026-04-18,439669.4300069444,15729375.127157675,1.2036534668402779,3.495070642361111,0.9344407048958333,1.2741419583333333
2026-04-19,424999.72122569446,14521605.257821003,1.1403385732638889,3.089248767361111,0.8742315621527778,1.2770448125
2026-04-20,416493.2732777778,14202131.909500644,1.0927773715972222,3.0346271701388887,0.8695218131944444,1.3419081284722223
2026-04-21,424897.5661319445,14872953.437712826,1.1077635778819444,2.9257894131944444,0.8872003487847222,1.1872138541666668
2026-04-22,416906.5867534722,15178356.912479639,1.1240144327083332,2.5938275034722222,0.9021887058680557,1.1892337222222222
2026-04-23,405748.4205104166,14360981.955335017,1.090097983125,2.863342545138889,0.8691559175347222,1.2570896215277778
2026-04-24,410087.58376041666,14969000.24914647,1.1600612706944444,3.021337284722222,0.9022336868402778,1.2815558784722223
2026-04-25,406210.9632986111,14710370.27761889,1.1999053872222223,3.0564032500000002,0.9242638405902777,1.339122482638889
2026-04-26,403966.4961979167,14759753.397085227,1.1950422097569444,3.152373361111111,0.9253445262847223,1.4715117673611111
2026-04-27,383365.5690902778,13663499.71429535,1.1862062791666665,3.284742822916667,0.9111968699652778,1.2462671597222221
2026-04-28,380722.4052569445,13349680.094338395,1.1422183430902777,3.470211184027778,0.8740435404513889,1.2958169791666667
2026-04-29,380933.01810069446,13254958.50399035,1.1020843508680556,3.436929704861111,0.8464905403472223,1.3172119756944445
2026-04-30,372088.3552951389,12856317.728931295,1.0309062596527778,3.574137930555556,0.7933194890277778,1.4299542395833333
2026-05-01,381462.0448159722,13864728.418251878,1.078756011284722,3.3915564513888885,0.8442089365972223,1.2102028541666667
2026-05-02,396677.16690625,14820901.974347616,1.2820742558680556,2.915842239583333,1.0166238327083332,1.180819215277778
2026-05-03,415962.35315277777,15865358.299109565,1.477288294201389,2.9753411041666666,1.166998178263889,1.3345730868055556
2026-05-04,572084.7118298612,26926711.02849504,1.3457623881944445,2.145511527777778,1.258016864375,1.0776484340277779
2026-05-05,606537.6767395833,28138555.80274398,1.4864972572222221,2.0937878020833334,1.3613795537152777,1.1221160972222224
2026-05-06,667865.174954861,35373669.86964229,1.6301281675694446,2.3835538645833334,1.5401961949305556,1.0555420868055556
2026-05-07,628855.5779722222,32346082.430306163,1.6070917738541666,2.3326604166666667,1.4557281302430556,1.1330964479166665
2026-05-08,594649.0721319444,29562016.030569058,1.530180463576389,2.6113728993055556,1.2999926664930554,1.1312381215277778
2026-05-09,567644.2451215278,28427179.99043788,1.514543275590278,2.692827076388889,1.2560038449305555,1.0473531145833332
2026-05-10,553431.0834097223,27002027.504876744,1.3575152720833334,2.658637670138889,1.1225351471875,1.11148675
2026-05-11,534369.2157048611,25071661.46414718,1.1736658597569445,2.9663311701388886,0.9171517079166667,1.1706247534722223
2026-05-12,521619.9966180555,23902433.5632772,1.1159256383680556,3.13011325,0.8596060612847222,1.2357493020833334
2026-05-13,501755.5646111111,22729118.10742697,1.1211290838541668,3.2396696944444443,0.8877891780555556,1.2303668819444444
2026-05-14,463960.76118055556,20753697.551289883,1.0864368526736112,3.172896076388889,0.8589013686111111,1.3269161875
2026-05-15,448727.4327291667,19995714.439907137,1.1351995009722222,3.2401567986111113,0.8925070964930555,1.1817933159722223
2026-05-16,439225.7214270833,18314233.362438742,1.0661292800694444,3.074008545138889,0.8367522874305555,1.2594732118055556
2026-05-17,444886.50590625004,18457987.935453907,1.0500255723611112,2.9635340069444442,0.8455724195486112,1.3177987465277778
2026-05-18,445472.2882118055,18455922.687388025,1.1386553846180556,2.8041248125,0.9150641119444445,1.1908699409722223
2026-05-19,427622.5285416667,18186172.223190323,1.5464337640972223,3.126977607638889,1.2391572428472222,1.3130795243055555
2026-05-20,448544.68804861116,20806334.56641991,1.6340780936805557,2.8580663854166666,1.4153030263541666,1.1004513993055556
2026-05-21,516851.74757986114,25333914.397110555,1.778893950902778,2.2921539340277777,1.6063464335416666,1.0785807013888888
2026-05-22,538058.8172395834,24717249.202780683,1.7581833575,1.9540862256944445,1.5368151600347222,1.1640743506944444
2026-05-23,474784.6163472222,21048289.563829307,1.5700241725694444,2.204908,1.3812209170486112,1.1639536180555554
2026-05-24,454272.0816840278,20761506.813950617,1.6847482433333334,2.6165159965277778,1.4700321778124998,1.1748029166666667
2026-05-25,465067.8931909722,21284820.86492927,1.6799792619097222,2.7501653263888888,1.5105582497569445,1.0963045173611112
2026-05-26,457538.3845208333,20209078.498007525,1.3954403255208332,2.7867219930555556,1.2004423619444444,1.202540673611111
2026-05-27,447032.18772569444,19389900.697280772,1.269498757673611,2.7721939895833336,1.0464700998958334,1.2463986006944445
2026-05-28,442793.8090972222,17713504.113381296,1.050960764097222,3.1864016770833334,0.8022774890625,1.0901530833333333
2026-05-29,439528.2864270833,17551258.823205218,0.9826101210763889,3.641937194444444,0.7497226734722222,1.0580688541666667
2026-05-30,457114.2502673611,17998661.32092726,0.9648902576388889,3.8040710277777783,0.7383428311805555,1.048561642361111
2026-05-31,462658.4997361111,18303582.420820553,0.9852023995833333,3.6566217604166664,0.7675601657638889,1.1068621493055555
2026-06-01,456526.2406458333,18105538.97366429,0.9785919352083332,3.5200564826388887,0.7583948318055556,1.0196791180555556
2026-06-02,446463.1871145833,17505360.650178403,0.9921082696180554,3.7116650555555557,0.7525437690277778,1.0966886041666666
2026-06-03,435619.4911979167,17176864.447609097,0.9846862782638889,3.849265451388889,0.7711634651388889,1.0841237465277778
2026-06-04,422868.6823298611,15059679.728721049,0.9819818450347222,3.7855210347222226,0.7508891835763889,1.0379186909722222
2026-06-05,431833.28253819444,13717025.842327956,0.9686551984374999,3.7969036979166666,0.7243527734374999,1.0265463541666666
2026-06-06,414757.2225173611,13002430.924177052,1.0693506000347222,3.614550736111111,0.8114278592361112,1.0845681180555555
2026-06-07,411840.47245833336,14729819.360526998,1.1624386040972223,3.126499041666667,0.9322629000694445,1.0991580104166667
2026-06-08,389075.2868090278,14376713.457589349,1.6057884350347222,3.2286321180555557,1.3055714113541665,1.1685404444444445
2026-06-09,362333.1356875,13258365.08530386,1.6720289805208333,3.3653336527777777,1.3378759178819444,1.1346318819444443
2026-06-10,337551.68740972225,11675199.226924133,1.4043991184722222,3.2846111041666664,1.0915147027083334,1.1224961111111111
2026-06-11,345914.4329236111,12073930.810155315,1.2470363096875,3.5349868437499996,0.9733274977430556,1.249388767361111
2026-06-12,373412.2314548611,13135514.665537521,1.2958790327777778,3.9945623125000003,0.9946379502430555,1.31154803125
2026-06-13,375986.7280451389,13158263.697483761,1.1229331216666667,4.002063399305555,0.8535373781597222,1.2456105625
2026-06-14,373277.4241388889,13304037.810797997,1.1778752793402778,3.8649284236111114,0.8845654615277777,1.2250013194444445
2026-06-15,382150.97764583334,14818441.688608546,1.3551548196527776,3.758084694444444,1.0233021723958333,1.091280982638889
2026-06-16,386005.7622638889,14575717.395936035,1.6626712889583333,3.786089100694445,1.2960483657291666,1.1408955381944446
2026-06-17,389333.8812673611,14499159.38862135,1.5159047802777779,3.971425114583333,1.172714129861111,1.1697911354166668
2026-06-18,386582.4578541667,13789324.288282327,1.1396356695486112,3.8595243506944445,0.8297478901041667,1.25898575
2026-06-19,383478.4492881944,13535081.859142981,1.0189132828472223,3.891154545138889,0.7394359165625,1.2469804687500001
2026-06-20,383863.58926736115,14133754.537312485,1.2964277051388888,3.9295362743055557,1.0041910621527779,1.326620670138889
2026-06-21,373237.46537152777,13573126.968823515,1.6186379085416667,3.9273162916666666,1.295132633923611,1.2137585277777778
2026-06-22,397180.6703541667,13908665.421510065,1.0494732511805556,3.868046138888889,0.7815407289583334,1.1905059305555554
2026-06-23,395447.36305208335,13875366.990568982,0.9028160168402777,3.7130821249999997,0.6671369325694445,1.252334704861111
2026-06-24,387887.67966319446,13535066.398366507,1.1847143130902777,3.583077538194445,0.896325155486111,1.1264119340277778
2026-06-25,389593.7500034722,13225892.359033171,0.9575547344444444,3.719675107638889,0.7020852252777777,1.195143673611111
2026-06-26,368935.93680208334,12565316.65585154,1.0131387363194444,3.9314266979166663,0.7639567238888889,1.1224791666666667
2026-06-27,365131.94,12492118.79048261,1.05831622,3.873103,0.79666522,2.29222
