date,oi,oi_value,toptrader_acc_ls,toptrader_pos_ls,global_acc_ls,taker_ls
2021-12-01,1005400652.9861112,214714345.74325657,7.603547388533844,0.9524396917236112,9.131060917245774,1.0289088932413195
2021-12-02,991549276.6736112,208138886.20017493,8.273994775496117,0.9559201120291666,9.606038931181665,0.9994174345045139
2021-12-03,992248102.2777778,204730419.17902493,8.854806701354997,0.9579409424986112,10.211605960110834,0.9692865502961805
2021-12-04,748464456.1964912,132466425.98602544,5.7357553284066185,0.9356361190063158,6.495804704573183,0.9591039773754386
2021-12-05,685898889.6145834,118606344.26475185,4.56054181544708,0.9269773657788194,4.964992465887756,0.9858057819885416
2021-12-06,660429969.3645834,111910821.91872112,4.428402812828326,0.9070838330288196,4.763698911033728,1.0112365433930557
2021-12-07,680347912.6979166,121833185.30228305,4.03513517595454,0.8982176117638888,4.478605514926575,1.0074338745961804
2021-12-08,651970670.0972222,116116137.07897653,4.080595454026347,0.8934493819072917,4.450147405619204,1.0909944989937501
2021-12-09,647427140.6944444,113656283.99701047,4.3510515269130785,0.8770596465836805,4.681733177291101,1.0675330386097222
2021-12-10,636437571.9583334,107710684.38292451,4.5663999090643745,0.8693420767496528,5.077909160580832,1.0114184872940972
2021-12-11,633138188.2708334,105725835.6271583,4.591346397811959,0.8650510283552083,5.2002616361575855,1.0317886329673611
2021-12-12,639032789.1423612,107705172.37973455,4.592761000925909,0.8683602318989583,5.185549445098191,1.0094825736927084
2021-12-13,648194617.2569444,105026691.29628175,4.91233093730603,0.867404951453125,5.5065505987020344,0.9998063570864583
2021-12-14,803240857.125,143760090.43094975,3.1802675008366386,0.8733302186940972,3.3075624641748806,1.0528321331753472
2021-12-15,822645843.9651568,147705982.1349811,3.4185826039965987,0.8498405886069686,3.068532902785336,1.017357504971777
2021-12-16,804899293.0729166,144171672.67772377,3.9288594754126325,0.7826007464625,4.106447460988786,1.0045752318399304
2021-12-17,797506549.21875,136643301.49544868,4.351631078032581,0.7713790014538194,4.789196038211342,1.0037689313440972
2021-12-18,771540313.6006944,132179200.24102071,4.117582796935086,0.7612579616774305,4.691201610144037,1.0037615856840276
2021-12-19,776521194.9236112,133203505.83836296,4.074689993061117,0.7744570576430555,4.637136630337294,1.0317750080809027
2021-12-20,758217976.8784722,125856251.86096331,4.594534317881076,0.7827961124354167,5.326085900818332,1.0156966757256944
2021-12-21,746475586.0729166,126601261.83073115,4.397750980727984,0.8526067668548611,5.0951544634636186,1.0404320683954862
2021-12-22,740075072.3090278,128297512.87080961,4.212948793251542,0.8734851745392361,4.931642394959834,1.0213335283645835
2021-12-23,738323648.9305556,130912117.21349648,3.87378500294846,0.8920387294350695,4.596076831465825,1.02637568574375
2021-12-24,751568965.0557492,139688517.180674,3.962706879457527,0.9170770337993033,4.450018872743083,1.0091019894348432
2021-12-25,760777288.4444444,144260302.62381062,3.7816116845704375,0.9310873621694444,4.454431812842049,0.996013897804514
2021-12-26,755165555.4965278,142664267.55352923,3.9521949236714513,0.929245339226736,4.674463083818816,1.0216083952829862
2021-12-27,764190308.0625,145477085.11871403,4.142889322439815,0.9365227834840277,4.961376567575779,0.9846733444319445
2021-12-28,714717402.46875,128128237.78793651,5.268927574661334,0.921397621,5.877595364064106,1.0042233578468749
2021-12-29,688498217.4668989,119396139.35976481,5.713681717913034,0.9332035736933798,6.394231491563979,1.0274296646902439
2021-12-30,681384204.8368056,116959150.47794159,5.850944969191855,0.9245060200102858,6.579932711845435,1.0479037661925714
2021-12-31,700115170.1672474,120265617.05164866,,,,
2022-01-01,699407074.4826388,120138178.88848029,,,,
2022-01-02,708790733.7430556,122677674.0447418,,,,
2022-01-03,726708581.7256944,124532442.87694696,,,,
2022-01-04,739367744.9652778,125817079.41081598,,,,
2022-01-05,736645146.8541666,123436371.85681288,,,,
2022-01-06,665853092.25,105156975.13720292,,,,
2022-01-07,648826330.4027778,100438022.68712619,,,,
2022-01-08,648041727.3958334,99920540.76903298,,,,
2022-01-09,622316469.1215278,94164378.0705711,,,,
2022-01-10,612539183.5243056,90161166.92641813,,,,
2022-01-11,668210903.3298612,99455063.79536954,,,,
2022-01-12,681761814.5104166,106496885.26572058,,,,
2022-01-13,679344527.3923612,114311691.23052926,,,,
2022-01-14,894169151.7013888,169041928.40500903,,,,
2022-01-15,881503149.03125,165831745.07394633,,,,
2022-01-16,850435219.0104166,152627421.4814955,,,,
2022-01-17,824671363.7638888,140533106.37579912,,,,
2022-01-18,810644268.25,134774590.17421088,,,,
2022-01-19,786944867.9479166,128943782.30393608,,,5.967877876486726,
2022-01-20,777579928.7777778,127508466.04261166,,,6.069829484722581,
2022-01-21,672837532.2951388,101760320.64897968,,,6.3571321873587046,
2022-01-22,596071893.9479166,79599697.09051985,,,4.948172443467338,
2022-01-23,558012078.5763888,77038797.5202773,,,4.475931297743498,
2022-01-24,542315451.7291666,72850695.94374011,,,4.315012054714406,
2022-01-25,560741664.2291666,77640279.14853765,,,4.183263568006954,
2022-01-26,570284189.0,83443940.75839844,,,3.9007299300224645,
2022-01-27,538344762.625,75989353.44922592,,,4.006462033138676,
2022-01-28,523678692.9652778,73417764.18963769,,,4.266634657325454,
2022-01-29,525350561.0763889,74809980.70149149,,,4.1330500626787305,
2022-01-30,531947640.2118056,75283158.10546611,3.739932635173611,0.9036812145486112,4.1232460884027775,1.0410260369791666
2022-01-31,559800319.0138888,77759338.85626152,,,4.181576847786157,
2022-02-01,549012413.2361112,78158812.95986904,,,3.812693346969575,
2022-02-02,563563246.8020834,79811804.15559489,,,3.96962291451581,
2022-02-03,565688678.1458334,77487536.96780175,,,4.428985659282481,
2022-02-04,560939298.5104166,78936426.46850541,,,4.196477994335714,
2022-02-05,573852050.25,85052914.24708474,,,3.6550651156050753,
2022-02-06,581527971.2048612,86146971.33591165,,,3.754613505911408,
2022-02-07,614610740.7430556,98510667.04499725,,,3.58063759098614,
2022-02-08,607652983.2777778,97175416.69649976,,,3.8024458927261713,
2022-02-09,593264747.4236112,93710043.60289459,,,4.236085360583055,
2022-02-10,593281343.1944444,92911467.95723987,,,4.355779919412852,
2022-02-11,577383409.4375,86999759.52883875,,,4.799911282841117,
2022-02-12,573410869.4722222,82477844.6402582,,,4.788862378844182,
2022-02-13,626961702.3194444,93965835.80375795,,,3.5468420626006516,
2022-02-14,621843907.6006944,90488117.85891789,,,4.120901185498983,
2022-02-15,618400717.9548612,92253741.77641444,,,4.414818106974356,
2022-02-16,618933081.6666666,92249079.46662162,,,4.423618305578453,
2022-02-17,606856684.4444444,88197248.61290686,,,4.72429849882952,
2022-02-18,587496804.9409722,82150082.54844297,,,5.087975176329852,
2022-02-19,612351409.9722222,86605415.19237804,,,4.618467806843369,
2022-02-20,614976352.4930556,84487911.43425873,,,4.9588426484435715,
2022-02-21,611811952.3263888,83782452.3278692,,,5.230127573984833,
2022-02-22,598163508.7395834,76944933.32728039,,,4.909537434614268,
2022-02-23,594942743.7638888,78341667.50159279,,,4.782627913894511,
2022-02-24,614580505.2986112,72059774.09850623,,,4.36684649942934,
2022-02-25,595184445.0798612,73795911.13963634,,,3.6751184500463308,
2022-02-26,574200876.5590278,73223894.12142417,,,3.3995069270152745,
2022-02-27,554544965.9722222,69492385.83025475,,,3.359481451006135,
2022-02-28,541372975.9166666,67959834.25342472,,,3.6413935161608273,
2022-03-01,519105985.9166667,69011161.13369782,,,3.272535078106101,
2022-03-02,518167788.4027778,69141155.02562074,,,3.344710594218408,
2022-03-03,508763374.4722222,66712817.76388245,,,3.459689285925609,
2022-03-04,527520918.1145833,66363358.53769151,,,3.914439736380397,
2022-03-05,545905589.8541666,67433146.79401658,,,4.43410075025499,
2022-03-06,552147223.6875,67949676.81284422,,,4.5609468011921415,
2022-03-07,362739484.8888889,43497050.49333548,,,4.676788249437146,
2022-03-08,529605323.1770833,62430854.67305732,,,4.637051378748994,
2022-03-09,572790619.7291666,69533272.1885897,,,4.3725162033156195,
2022-03-10,569599242.5798612,66687650.04503344,,,4.958497444998542,
2022-03-11,578608801.9513888,67128688.26719834,,,5.040156161559694,
2022-03-12,586466212.6527778,68153323.68320677,,,5.211232663002922,
2022-03-13,600852256.1111112,68833877.43593062,,,5.520493729143962,
2022-03-14,620375731.6875,70352612.0709336,,,5.171642318372988,
2022-03-15,607264745.3194444,68260608.64308886,,,5.678395331649288,
2022-03-16,607802304.1180556,69391886.37143226,,,5.355026765107244,
2022-03-17,608843130.75,71248795.88615502,,,4.397892304843675,
2022-03-18,611689668.0138888,71073315.14542335,,,4.6691461503919935,
2022-03-19,640850592.5069444,77810538.07036969,,,3.930238847056008,
2022-03-20,626022290.1493056,75554507.90797509,,,3.8427848766271473,
2022-03-21,623860790.8923612,74639276.17382175,,,4.257080962223937,
2022-03-22,650146320.2118056,79801157.94260779,,,3.764009365062277,
2022-03-23,679810620.46875,84490244.25367545,,,3.856954926442029,
2022-03-24,800228714.6458334,108835185.03371677,,,2.807540163639682,
2022-03-25,768940650.4895834,103018502.0757252,,,3.2862266916454397,
2022-03-26,742388576.3368056,98755751.25671019,,,3.5514963801793056,
2022-03-27,766997444.375,107472505.38175988,,,3.009039035479716,
2022-03-28,792635587.8993056,118228684.86514264,,,2.910177932448756,
2022-03-29,789885962.1284722,114838472.50582659,,,3.234012455514928,
2022-03-30,789096679.8368056,112733670.06306697,,,3.5584485600712648,
2022-03-31,803815428.9513888,114962563.22566243,,,3.7043354887533675,
2022-04-01,701717333.9131944,96819475.87430516,,,3.7444848229789582,
2022-04-02,736614660.1736112,104617857.1363963,,,3.646668601894702,
2022-04-03,758567469.7326388,108357236.15535943,,,3.5598659605608876,
2022-04-04,850654603.2569444,124509688.01782706,,,3.3745833613450964,
2022-04-05,1039898456.6284722,165798399.2285477,,,2.688112040849511,
2022-04-06,1133313344.8923612,175699421.54963142,,,2.890319380800944,
2022-04-07,979202920.0763888,141486055.54501078,,,3.8041198014484996,
2022-04-08,926055624.3263888,136431714.29435173,,,3.8718580943798053,
2022-04-09,880325247.9236112,125882990.91379513,,,4.098680120402953,
2022-04-10,1001415258.5729166,151267216.4215375,,,3.1056108367242605,
2022-04-11,938864252.1423612,133966625.0465469,,,3.4601548912983073,
2022-04-12,823167188.9236112,113479684.03162639,,,3.9893554284678783,
2022-04-13,810835572.7465278,113318399.13545366,,,4.141128324333948,
2022-04-14,862127931.1423612,122108564.79140359,,,4.011966530694348,
2022-04-15,921399780.9965278,134064313.27445933,,,3.3908116343552033,
2022-04-16,907924548.5833334,131286525.79908289,,,3.6442523080467444,
2022-04-17,896863861.5590278,128411526.73886739,,,4.101070384210447,
2022-04-18,834235495.3680556,114498406.45432742,,,4.634958488585668,
2022-04-19,846587774.3229166,119356192.92692688,,,4.093116549669074,
2022-04-20,901481846.7361112,128829184.61404651,,,3.8267436406885613,
2022-04-21,890486060.4409722,124497024.00674285,,,4.412666687001874,
2022-04-22,857378238.3472222,116928513.84163088,,,5.190242555077485,
2022-04-23,855709144.0173612,115559669.95326406,,,5.467213783815797,
2022-04-24,856933648.53125,114193947.11259875,,,5.340172010455769,
2022-04-25,1034650106.96875,146456424.3117872,,,3.8384156772326676,
2022-04-26,1578009709.1006944,240127948.9568207,,,1.9111959883032814,
2022-04-27,1229712104.875,172274767.70340225,,,4.004720374172891,
2022-04-28,1167233733.8784723,162302207.87852773,,,4.590718705509216,
2022-04-29,1113527282.4756944,153638921.2065043,,,4.5147536007207885,
2022-04-30,1059960910.7152778,141843981.9258448,,,4.612193031403604,
2022-05-01,926443500.0729166,121523763.66044706,4.345205479452055,0.8455068028999999,4.940997381557252,
2022-05-02,923256829.5138888,121098117.87542592,,,4.812894929148612,
2022-05-03,917050171.6909722,119336891.7498152,,,4.985729630752462,
2022-05-04,920569169.9409722,121036838.54847836,,,5.13623623875581,
2022-05-05,909585827.9166666,120529713.43560876,,,4.955682941912991,
2022-05-06,891022539.7638888,113375225.80961426,,,5.605919505782828,
2022-05-07,893385972.3854166,114480363.43188186,,,5.1576927436032,
2022-05-08,901280087.6388888,113147867.13615936,,,5.35546541443869,
2022-05-09,837794342.2326388,97954414.66052158,,,5.067768539218999,1.0322091569442478
2022-05-10,687656765.0763888,76385169.13616791,,,3.89385074656572,1.0213727961067902
2022-05-11,608347117.0381944,59842081.66284765,,,3.6828722491560817,0.9794579084304762
2022-05-12,569145755.3854166,45613831.15331999,,,2.8851651889079677,1.0239329690104166
2022-05-13,554699184.0277778,50088501.67766484,,,2.5480696445366697,1.00823744535625
2022-05-14,528990886.3715278,46663622.84262887,,,2.3677970290892745,1.0180462956565972
2022-05-15,532705026.7534722,47464762.203426324,,,2.5238645087912737,0.9949380327965278
2022-05-16,548751794.9861112,48372964.65351273,,,2.4591761263822427,1.035230003257639
2022-05-17,559673456.9097222,50105823.842622526,,,2.4222598890953693,1.057448728490625
2022-05-18,583023152.5486112,50915714.440965384,,,2.431338636715086,0.9994739917729167
2022-05-19,600268542.2361112,50999454.50349753,,,2.5015525924324873,1.0399460750649305
2022-05-20,588012631.6180556,50221692.25614176,,,2.440909884696666,1.0339634476680555
2022-05-21,596487897.9618056,50200880.7688038,,,2.725855258695647,1.074122955429514
2022-05-22,622594463.6041666,53024017.241518356,,,2.7378893734782364,1.0602799549003472
2022-05-23,640431219.0694444,55146185.433525845,,,2.7062370833509712,1.054493009896528
2022-05-24,613742238.0347222,51063794.06278974,,,2.928021160293507,1.0616056906034723
2022-05-25,598269052.9722222,49748225.066921614,,,3.0052262029666035,1.0332786900052084
2022-05-26,618243031.2673612,49353060.569228455,,,3.2424652614387943,1.0248347006142362
2022-05-27,661561115.3958334,52433118.33495641,2.4387727323435855,0.9313194483458332,3.103644119147214,0.9839143104232638
2022-05-28,720247778.4340278,58916603.040160164,2.5728191299648127,0.9420554752277778,2.756066435442382,1.0341302697907475
2022-05-29,709111434.3159722,57895373.10367695,2.7548403161623765,0.9465879358336805,2.942593242401796,1.0403564933791667
2022-05-30,679588574.3506944,57832344.540015146,2.8207362191895062,0.9624986435166666,3.0850983056930943,1.0552693925215277
2022-05-31,639641639.1388888,55138237.69889111,2.9334290666295546,0.9329918893604167,3.17555660271457,1.0195836611739582
2022-06-01,629352600.0798612,53281641.11975078,3.044719530775101,0.9509668109319445,3.141265666253158,1.0156422392444444
2022-06-02,606680182.4027778,49459068.379860245,3.1771103076754885,0.9252032539854166,3.4367755655127987,1.0435461711215277
2022-06-03,626462754.1909722,50837180.824180245,3.280558805001394,0.9151137649576389,3.466267762550439,1.0549169039454862
2022-06-04,643622433.1458334,52290080.636065885,3.188794396541278,0.907478160535764,3.4359002668245098,1.1252152543972223
2022-06-05,643996564.53125,52480827.66829048,3.249121151453292,0.9147675615097223,3.4872630237311486,1.1274371726524306
2022-06-06,621213832.6180556,51446212.42450833,3.2799115795685743,0.9500980850118056,3.546774704392074,1.023181039454861
2022-06-07,618700034.0069444,49516493.40257711,3.386900909173334,0.9210334026364583,3.639683005603281,1.0795752294465277
2022-06-08,598103191.90625,47867606.208721645,3.473226075772052,0.9310453397444444,3.7718664948081804,1.0241295234739585
2022-06-09,614389890.6770834,49008544.42788071,3.497964373717445,0.9331287756850695,3.853670054395339,1.1595017984482638
2022-06-10,624835365.1284722,48417788.720531434,3.611827028799435,0.9216359065652777,4.038733002027378,1.0693172424878472
2022-06-11,634639241.1493056,46267018.71894024,3.4987510452995547,0.9071464262211806,3.8180454255138363,1.0775638643444445
2022-06-12,649047849.0173612,43028087.73313949,3.193228769868769,0.9150955271805555,3.357954141333502,1.0710961808458332
2022-06-13,679331523.7048612,38464364.11798141,2.8743974765323603,0.957827801067014,2.956076479008066,1.024233047292361
2022-06-14,659333339.25,36402591.15435512,2.5194776551855305,0.9960178133194444,2.670453592805578,1.0739154805225695
2022-06-15,663255070.4861112,36188113.16721891,2.4985324641939872,0.9672420026475694,2.714265192530838,1.046963049495139
2022-06-16,643095966.3055556,37174269.5483465,2.5565100694841565,1.0027392376385416,2.616101528155182,1.0317342102416667
2022-06-17,617166365.9375,34985480.66943396,2.378008092259749,0.9832355151555555,2.585343090395405,1.0753803872149306
2022-06-18,651844927.4513888,35116100.5088819,2.4445920557778336,0.9916593072329862,2.6259612420727096,1.0895602174552084
2022-06-19,735744489.78125,41747255.18668164,1.9098643513455649,0.9728455594284723,2.0660485764953944,1.0585693115875001
2022-06-20,679317921.8715278,40250670.88203589,1.923717630126797,0.9927929392239583,1.9896077130521812,1.0330863015777778
2022-06-21,695100685.5590278,44429766.61442758,2.0232563712491256,1.008145679959375,2.193529866989732,1.0257788223503472
2022-06-22,652758899.15625,41025643.71783816,2.2646269546696765,1.0010499958993055,2.42086606365519,1.0280456764524306
2022-06-23,633146888.9861112,40176105.14520773,2.2200969274617344,0.9886596034784723,2.534290470067605,1.0310634900159723
2022-06-24,638335133.4097222,42125440.43336229,2.203483532271984,1.0074763108440414,2.4215686906326908,1.0229247994736113
2022-06-25,633360274.3263888,42649457.60286792,,,2.31445283264801,1.0273617179944443
2022-06-26,707124090.5520834,50655030.62309822,,,1.9886122909528963,1.1001829436774306
2022-06-27,922065326.2013888,68759494.6504716,1.065278136785668,1.0203341607833334,1.3297313089774017,1.062146889302778
2022-06-28,744204481.4236112,52114179.28930175,,,2.0331999822797435,1.074108185823264
2022-06-29,657237502.3020834,44170688.1655477,,,2.2254568289752106,1.0335571216854165
2022-06-30,646828311.1423612,42166127.847564384,,,2.1100500619141744,1.0626295403177084
2022-07-01,578254937.2777778,38111999.7965009,,,2.1893987374080366,1.0510722883878474
2022-07-02,613890985.7256944,40998525.860809624,,,2.1430164854264477,1.1024157812524307
2022-07-03,582902343.6319444,38492943.14787208,,,2.1500299661021334,1.1315376162819444
2022-07-04,610159582.75,41174589.86757913,,,2.1744489234756745,1.1495346165482638
2022-07-05,633545808.7847222,42975717.5954348,,,2.2797945447609607,1.0655382938590279
2022-07-06,636962157.5069444,43084251.38070762,,,2.2639093182900782,1.058185504057639
2022-07-07,656378268.6701388,45548134.12614967,,,2.220237339837701,1.0541127185899306
2022-07-08,628394495.4270834,44093499.846016936,,,2.4415092698089977,1.0187606370732638
2022-07-09,641532755.9652778,44622298.337036334,,,2.6107574024618665,1.110873789792361
2022-07-10,628208647.7534722,42545887.0958355,,,2.678591218117313,1.0016521958350695
2022-07-11,630578306.7708334,40732468.88198962,,,2.7017139982072362,1.024661212734375
2022-07-12,651370050.1527778,40013756.58968468,,,2.724940558289632,1.0924394552909722
2022-07-13,683044604.0381944,41256050.21137216,,,2.830000026305315,1.166833013596875
2022-07-14,723573904.6111112,44178693.638665944,,,2.7990103606445786,1.103445141904514
2022-07-15,683732267.5833334,43051161.75115088,,,2.6173601025385747,1.0656693249104168
2022-07-16,662722299.4513888,41746811.86121538,,,2.4097881874151703,1.1174478663472223
2022-07-17,677237218.9166666,43449773.64728738,,,2.404293420221077,1.0532290773447917
2022-07-18,697235244.6458334,46068905.258596644,,,2.4100023147842182,1.082385644415278
2022-07-19,700845407.4097222,47412628.64468631,,,2.6750975205586602,1.0449241521069446
2022-07-20,757118043.4340278,54326048.129161015,,,2.548258434437173,1.0387139287034721
2022-07-21,760039009.2361112,52402290.570106626,,,2.3963365008294417,1.0435303543697918
2022-07-22,720243777.4270834,49987867.62824418,,,2.6341706188475573,1.014461395344097
2022-07-23,685405455.5208334,46440220.36496818,,,2.785826813052245,1.041770553867014
2022-07-24,668992537.8888888,45648401.662002824,,,2.890500665709661,1.103674821539236
2022-07-25,655706759.6944444,42544019.86687963,,,3.0044996980491216,1.0639429931461806
2022-07-26,646277533.2534722,39642152.91773624,,,2.9829119048458725,1.0197988585350695
2022-07-27,655558902.3819444,41510473.48865461,,,2.960141806078254,1.0298122847298612
2022-07-28,650074548.7534722,43823323.02672356,,,2.5974082515044135,1.074213696892361
2022-07-29,631217025.28125,43909388.552634425,,,2.686478151466377,1.0235928335006943
2022-07-30,662534625.7430556,46821360.46280749,,,2.7364494837816515,1.0195537242079862
2022-07-31,648534942.7847222,45592340.00474803,,,2.811897608036082,1.0323576978145832
2022-08-01,625435029.5833334,42982582.061867304,,,2.8519006225284897,1.062262139345139
2022-08-02,599007885.8819444,40067195.550944544,,,3.0372686429108593,1.018736530413889
2022-08-03,614211460.1875,41290499.573078424,,,2.9630067180840616,1.0331360819944444
2022-08-04,609276680.84375,40654897.69736417,,,3.0811750324691047,1.07348755046875
2022-08-05,644253355.53125,44347434.28158746,,,3.0702755225191143,1.1051259502673612
2022-08-06,663663557.7743056,46249099.2721779,,,3.1240201149132787,1.067082015282986
2022-08-07,642678839.3263888,44250350.75082365,,,3.4150803594186265,1.1167825572756944
2022-08-08,697650125.9618056,49057179.0793807,,,3.315313604289936,1.0383713115916668
2022-08-09,775254245.3958334,54439677.032599755,,,3.2672013202557326,1.0233071240027778
2022-08-10,723245971.65625,50165827.23525754,,,3.3094217738474305,1.0875404760489582
2022-08-11,787116539.9340278,56456726.570455916,,,3.1473424402784422,1.0087827258413193
2022-08-12,785121063.9201388,55815132.55340342,,,3.1787415181897516,1.0524317661256943
2022-08-13,818140691.7708334,59947391.62095836,,,2.840085972902709,1.0270112575604167
2022-08-14,1015651393.84375,79432994.03554362,,,2.3561090465636343,1.047351021198611
2022-08-15,971083395.8923612,75514267.68065754,,,2.584408086971284,1.0275633004475695
2022-08-16,1232740439.8159723,103853414.91627958,,,1.644019800579096,1.0470611746354166
2022-08-17,1171846378.9236112,98141486.87297922,,,1.6112617831780063,1.0247643248947917
2022-08-18,1013420189.1458334,81003243.59656471,,,2.3933806992602404,1.0200686495885416
2022-08-19,887500006.25,62667162.49187912,,,2.6943679299973344,1.0163371729069446
2022-08-20,806260571.5902778,56054695.585055396,,,2.752061683544305,1.0318500673590278
2022-08-21,797565365.7569444,55158733.13230702,,,2.9529726887581633,1.0771180858156248
2022-08-22,826542482.8819444,55598317.91560804,,,2.7813733866382133,1.077117779295486
2022-08-23,833363396.0729166,56956472.15005275,,,2.425019648386353,1.0373402202052082
2022-08-24,829856537.125,56545413.23159514,,,2.8277434818017486,1.0367459057138888
2022-08-25,840048282.6979166,57925329.99751375,,,3.0973362800471342,1.0290073464937501
2022-08-26,845803506.5451388,56817465.23563552,,,3.1497739904881494,1.0181857736836806
2022-08-27,787765363.1006944,49921881.02488248,,,2.9483527535928378,1.069295857496875
2022-08-28,763331946.0520834,48531201.41038615,,,3.0880876938569473,1.0357185527680555
2022-08-29,759286565.0798612,47380632.363245904,,,2.9977032583394956,1.1114158702614583
2022-08-30,754246706.5069444,47375425.87716358,,,3.1450431427802292,1.1196306926385418
2022-08-31,752498124.0069444,46936509.42386411,,,3.062824416607343,1.10913420761875
2022-09-01,759325922.8402778,46521333.915305205,,,3.1681645626871338,1.0610646513368056
2022-09-02,755400678.5972222,46743486.27600799,,,3.188116677476927,1.1695939246708333
2022-09-03,763759240.1736112,47451568.258953825,2.667145031502777,1.014244395215,3.2172050408638717,1.1772239101184028
2022-09-04,775215374.9722222,48749632.18932708,,,3.0868139975482296,1.100941460576389
2022-09-05,791615956.7222222,49299937.27439276,,,3.1230116296272548,1.1612803328652777
2022-09-06,801539418.6736112,49697665.80066939,,,3.2504369960351496,1.046121097278125
2022-09-07,779651635.2604166,46469684.85494258,,,3.170940699858102,1.079195315980903
2022-09-08,758602856.7291666,46024447.650643244,,,2.8418988672817695,1.1549826991329861
2022-09-09,733897527.9861112,46240146.42497929,,,2.9037724407706595,1.0926386945465278
2022-09-10,725159790.8645834,46463108.86534612,,,2.9172789599462705,1.1233649034298612
2022-09-11,740439823.5659722,47423229.33950926,,,2.885073858783268,1.086720012611111
2022-09-12,741439182.3055556,47299432.354421355,,,2.7013547785374836,1.071688261848264
2022-09-13,757118171.2916666,46948994.030818075,,,3.0934838467750256,1.0335908619711804
2022-09-14,740729864.9791666,44930868.447082736,,,3.413787654562091,1.0743523749602788
2022-09-15,765035622.4131944,45898981.791798025,,,3.4453048908024373,1.0203587586357639
2022-09-16,758543012.7361112,45130098.391371936,,,3.4516724895792894,1.1446761008010418
2022-09-17,742262947.1458334,45350919.74387744,,,3.2540289843006205,1.2589158891381944
2022-09-18,749424073.8020834,45345155.168238424,,,3.289421227087486,1.1689663252510416
2022-09-19,743629961.78125,42626037.208060354,,,3.511651413263889,1.0487327729861111
2022-09-20,728970623.6180556,42662447.07145955,,,3.2177470791666667,1.0537266777083334
2022-09-21,725014526.9340278,42473217.49875131,,,3.112802600798611,1.0288904412847222
2022-09-22,712597258.03125,41721618.418528825,,,3.176609664848648,1.2058787979246528
2022-09-23,756763155.1944444,46463265.31815223,,,2.7347988954325735,1.0986217822708335
2022-09-24,1011380070.5590278,66084340.969270736,,,1.7179092169227648,1.0707339422475695
2022-09-25,868486697.7777778,54240547.44148697,,,2.849694511784264,1.1274093973225694
2022-09-26,833751317.6736112,50814524.0062806,,,3.5362125644734252,1.085066781160764
2022-09-27,821738330.1944444,50676346.93492469,,,3.377148875776407,1.1274112369298612
2022-09-28,790386537.5555556,47489073.348203324,,,3.656674860147703,1.114375124446875
2022-09-29,802017500.9201388,48343621.8998175,,,3.5975873530992235,1.0603207521121527
2022-09-30,802669888.1597222,48701170.12296642,,,3.5396108319216553,1.0662602224875
2022-10-01,845992808.0451388,51828816.87203321,,,3.2758516650033793,1.1319865013465278
2022-10-02,819191620.1319444,49311885.38146424,,,3.7638960504605277,1.2655784137444444
2022-10-03,836469045.0208334,50105034.2612981,,,3.962658329810389,1.2121967080319445
2022-10-04,942414260.4340278,58636988.87805108,,,3.0555134917233606,1.1084872716684027
2022-10-05,1208445383.53125,78051790.45160659,,,1.3346099545296468,1.0958108329715277
2022-10-06,1103146323.6979167,71400703.7770146,,,1.6860355231103776,1.0839656660711805
2022-10-07,1028897405.9965278,64542941.48478598,,,2.6023763411644483,1.1388269458253473
2022-10-08,993214307.6979166,61749709.58318135,,,3.0653958971121877,1.2901196646121529
2022-10-09,980091428.1493056,60602642.52696441,,,3.3649337666091483,1.349696170971875
2022-10-10,960717420.15625,58708209.87198106,,,3.8958976464420823,1.0926389121802085
2022-10-11,872319630.1944444,51966750.570370786,,,3.6796975952289506,1.086874666340278
2022-10-12,873451223.2326388,52479230.747155696,,,3.3626084074450886,1.2107208361413193
2022-10-13,859826829.9548612,50262716.119332574,,,3.5478175860083985,1.0736441538725694
2022-10-14,832964400.3368056,49750353.99036139,,,3.2536413383007536,1.1178089154795139
2022-10-15,831868765.21875,48865834.271074794,,,3.376674367118159,1.3520107917534723
2022-10-16,836637389.65625,49319525.79486725,,,3.3823199688384724,1.3117156410409723
2022-10-17,857486564.2222222,50897342.990316294,,,3.2671689945974816,1.167569988682986
2022-10-18,868704607.09375,51654653.433783606,,,3.0720565351038047,1.1533986311680555
2022-10-19,892361208.6840278,52960275.67109039,,,3.017034860767429,1.1482715735107638
2022-10-20,891795124.4861112,53123538.03328583,,,2.887882765339444,1.1338143819791666
2022-10-21,881529979.3090278,51781670.54044935,,,3.2238230901311646,1.1781443855822917
2022-10-22,873936585.15625,51932363.69809139,,,2.9315849668590483,1.4538904079555557
2022-10-23,871630438.2777778,51877328.788699634,,,2.867692886988446,1.3192938269909722
2022-10-24,902365590.8506944,53721398.47045177,,,2.9627053694991914,1.1393139262802083
2022-10-25,1012092339.5138888,61719703.36672362,,,2.55785461379123,1.2686778459368055
2022-10-26,1404659731.5138888,95571826.85042189,,,1.5174692066739133,1.0857708649340276
2022-10-27,2009753411.9861112,155590116.15708292,,,0.8863226374246835,1.0172400152239585
2022-10-28,2368816329.5902777,192367753.38335097,,,0.8057364108653067,1.0315136732086807
2022-10-29,2435588910.4895835,261068644.13420916,,,0.7731287286111111,1.033228792013889
2022-10-30,2310307804.107639,284767695.88158137,,,1.0183996775652568,1.0030022438288195
2022-10-31,2281276899.3402777,279320129.1521051,,,1.1348277346370006,1.019612611171875
2022-11-01,2670233961.298611,372886028.3218738,,,1.0261672627282623,1.0120039227284723
2022-11-02,2387236857.0277777,321595240.7940854,,,1.3142567814557293,0.9936666426427083
2022-11-03,2038038428.0451388,265884314.41529453,,,1.6772455858906117,1.004456641128125
2022-11-04,2038614631.6944444,249366145.8902748,,,2.1249288330888465,1.0254856700635415
2022-11-05,2064910910.0104167,263305973.0923783,,,2.264908561401745,0.9771708755340277
2022-11-06,2012981005.0486112,247250344.00154537,,,2.355855129126663,0.9875682346357638
2022-11-07,1997563927.2291667,231276571.1941667,,,2.3758330604815665,1.0211609695795139
2022-11-08,1755781268.7465277,176684326.6019529,,,2.53110817057501,0.9906365665336805
2022-11-09,1298281855.2256944,109368264.81296171,,,2.697555080865748,0.9844630630197917
2022-11-10,1160756634.875,98020347.15862876,,,2.717368333020615,1.026768125919097
2022-11-11,1041195188.1840278,89104731.2969084,,,2.715484250807566,0.9782636623722222
2022-11-12,1186270768.6770833,104615258.89940639,,,2.2369976307272874,1.0094883280958333
2022-11-13,1139814564.7881944,99384347.83270039,,,2.483365632013051,0.9872197121576389
2022-11-14,1029516929.0902778,87516139.45015295,,,2.79372282099522,1.013484500554514
2022-11-15,1042658840.6145834,90722399.57887971,,,2.804199390588533,1.0050321253805556
2022-11-16,1161612618.2395833,100321426.84714134,,,3.009478286536518,1.0203691177027778
2022-11-17,1155102397.2152777,98087918.30026166,,,3.1281401677983744,1.01871726908125
2022-11-18,1124301816.0798612,95640467.49031074,,,3.091341531626668,1.0854921172784724
2022-11-19,1180404966.0520833,99249800.55522566,,,3.256953889604493,1.0668206674298613
2022-11-20,1208408500.6388888,99684117.19110797,,,3.4381783244261563,2.212253526615384
2022-11-21,1195541647.6597223,90124543.5524208,,,3.553576653150736,1.045821321447222
2022-11-22,1132676724.8819444,86302267.09575897,,,3.259702917294334,1.108801271190625
2022-11-23,1188074385.5833333,95999253.26031192,,,2.8073120712964874,1.0805247475243054
2022-11-24,1203818880.9583333,98244898.43639845,,,2.7072131805113724,1.0519655400986112
2022-11-25,1385474546.2881944,119069967.33532114,,,2.0999304219665844,1.1020582254402778
2022-11-26,1674517283.7326388,153541154.7743588,,,1.5342775413244245,1.0639017550246528
2022-11-27,1979452162.0590277,197389342.7049281,,,1.2380901754096496,1.0509902753215277
2022-11-28,1675666290.9513888,159282750.08050925,,,1.627442162670713,1.0276546961715278
2022-11-29,1847963599.3055556,187841946.15753067,,,1.3695603737140472,1.0458977811065973
2022-11-30,1883371350.5659723,198187961.01026297,,,1.3623817026401606,1.0387290118197916
2022-12-01,1788792404.9756944,184412025.11809403,,,1.612969855102578,1.0071380423489584
2022-12-02,1677315473.0763888,166756684.3622377,,,1.9376420482134682,1.0133980056625
2022-12-03,1679581768.0104167,169053012.39085338,,,1.719115679484832,1.0565747446381946
2022-12-04,1782777940.9652777,184072913.7892859,,,1.4532457912039458,1.067527245303125
2022-12-05,1831793859.9930556,190290695.29014862,,,1.7093590990389902,1.0109759021218752
2022-12-06,1826512448.1006944,183513931.68110478,,,2.34932365316547,0.9901101691513888
2022-12-07,1739898652.7604167,168924420.43958524,,,2.531949581839328,1.016907645188889
2022-12-08,1675523051.5972223,162003137.2946529,,,2.4411700526934084,1.0721978589878471
2022-12-09,1662115666.4652777,162072252.17080057,,,2.276557426133493,1.0395784283569445
2022-12-10,1673767031.1215277,161907749.24395207,,,2.3714960896437263,1.1468211354538194
2022-12-11,1663272358.4652777,160050629.53382787,,,2.5762334297890983,1.0440421699090277
2022-12-12,1560798506.3402777,138872609.58607042,,,3.0306411250301917,1.026828774382986
2022-12-13,1418342324.6458333,128028677.48225053,,,2.9185827808220037,1.0638761826961807
2022-12-14,1388344335.2326388,125832079.29169615,2.6732403504849267,1.1791344928772276,2.96949793948084,1.049467895293403
2022-12-15,1424890145.6805556,123874461.33538716,2.8566846814798286,1.168045260212847,3.3104350417249866,1.0584588264510417
2022-12-16,1452762349.1388888,120605706.40375066,3.146545687217446,1.1708901732333332,3.6588023895484776,1.0637524328975694
2022-12-17,1351693942.78125,104557612.99847835,2.9004833132843095,1.0730208356965276,3.4527512432906526,1.0315118640399306
2022-12-18,1346048507.7222223,105853440.61167587,2.9872445375757866,1.077141740748611,3.4407920436021318,1.0864966455006944
2022-12-19,1379851301.6770833,104948361.10138135,3.129310502470024,1.0655297867815972,3.5377140423842124,1.0418498100687499
2022-12-20,1467971299.8958333,108703025.77584183,2.7832553019581274,1.0342859299069445,3.3699961220211607,1.067017674659375
2022-12-21,1476692999.9027777,108021558.90113991,2.9445273876205085,1.0555416353913194,3.296838377207985,1.0613578935645833
2022-12-22,1496321972.8194444,112011220.61280616,2.6442637781205045,1.0394847699864582,2.925768503140576,1.0741929533236112
2022-12-23,1575899475.53125,122148826.91628782,2.148528605600541,1.0267345524475695,2.2400189777490254,1.0686727916614585
2022-12-24,1581402432.4513888,122228979.21794353,2.3290737262329766,1.0311233011701388,2.4438946593521393,1.1266924464909722
2022-12-25,1591561083.7847223,121288791.71535009,2.5681540124942384,1.0403142229354168,2.7186760547527413,1.082083731801389
2022-12-26,1545284421.7152777,116841659.66941255,2.69038274776794,1.052211604184375,2.9552765153107208,1.0654183735961804
2022-12-27,1594209547.7118056,118679975.41547154,3.032992697891909,1.0653236490621527,3.431211125919136,1.082336506757639
2022-12-28,1658696789.0243056,118259711.96257715,3.229249795258523,1.0461382167173612,3.816273273162162,1.0252991775965277
2022-12-29,1670604411.0902777,118026752.5149291,3.1560922481035347,1.051688404903125,3.9011992339554404,1.0782080830743057
2022-12-30,1678066833.5243056,115337324.16390897,3.124330062976574,1.0543440541913194,3.7359365589364577,1.0145465049854168
2022-12-31,1624730549.8993056,113096539.31938273,2.6788416129523354,1.0268641038340278,3.1000976942994,1.097435583990625
2023-01-01,1589620116.4270833,110901976.5891072,2.593205209200563,1.043126697920139,2.9020759578895845,1.1074934842333333
2023-01-02,1555791801.6944444,110962397.67525755,2.6012685259572454,1.046411386192014,3.0645601622875933,1.103133969312153
2023-01-03,1569489765.1875,111533428.1776368,2.9005362772557017,1.0816822532090278,3.3326369790355685,1.1010411514131944
2023-01-04,1575270291.9756944,113595980.76777048,2.8593055449811198,1.107298554692361,3.251709978307178,1.0758278127003473
2023-01-05,1591488582.5659723,116165216.7902987,2.834090033062944,1.1299572622503473,3.146843467796313,1.0272368228934028
2023-01-06,1638992505.34375,116955002.58321498,3.234840751591818,1.1296953933486111,3.590559074874283,1.0814696081152777
2023-01-07,1634644671.2361112,118097261.10168543,2.7497879239744396,1.1555171709274306,2.9399065496811456,1.1633541688097222
2023-01-08,1670959903.6701388,120290880.1034221,2.8995754704132333,1.184658296648264,3.1641821549924334,1.0711047054822918
2023-01-09,1648236459.8506944,125656315.81481546,2.7413371414470835,1.285417745970486,3.061100087099922,1.0141729579291665
2023-01-10,1520589468.3090277,116228667.52362226,2.6569149001418055,1.3771729651298612,2.982830893318349,1.0209075670760417
2023-01-11,1520091806.9895833,116540183.96858695,2.6890196417825853,1.4564259535048611,2.973336571943089,1.0200634982798613
2023-01-12,1594117563.03125,125935193.75725429,2.5572130183184356,1.4854814112378472,2.799853556068799,1.0517064669458334
2023-01-13,1633991711.6597223,131568002.98763251,2.541786320755355,1.4541849420621529,2.811258573158492,1.0355031814541666
2023-01-14,1583306177.9027777,138082065.8947263,2.5588687799339827,1.5099243545475693,2.9651778174406984,0.9848514031923611
2023-01-15,1568894643.2951388,133365544.8107273,2.7614859935405343,1.5895248364024306,3.0572626240737004,1.0383493173166667
2023-01-16,1544707888.7743056,131315436.96986318,2.8027919248707476,1.5766975417513889,3.223754738093284,1.0023961015621528
2023-01-17,1510013114.09375,126591196.91152515,2.847372168524688,1.5889722855229165,3.3212800113053427,1.0227676836954862
2023-01-18,1554350734.5486112,132037535.82966685,2.738602766662348,1.583820318015625,3.1429881745409323,0.9788444815701389
2023-01-19,1467286593.7465277,118916748.56800231,2.947296408243576,1.5957565416756945,3.435900561762277,1.0587260268350696
2023-01-20,1527481308.6527777,125548984.9003517,2.91758867854763,1.5736746232180556,3.3454379330527804,1.0638815390607639
2023-01-21,1713467795.4270833,148897229.7235466,2.8024811080890033,1.5719005728562498,3.028801551429385,0.98770760340625
2023-01-22,1773473203.28125,154354737.36420354,2.8978826795024464,1.6031974306572918,3.2465024653547987,0.9978973539833333
2023-01-23,1882483310.3576388,167775130.431212,2.8503179791287754,1.5782859968694445,3.148750426126228,1.456015853279514
2023-01-24,1861532192.6284723,165015135.434152,2.9304356525558677,1.6257196507965277,3.2191179679503623,1.0189635622579862
2023-01-25,1670139501.9479167,141134111.58812678,3.2775700929790137,1.6777262682350695,3.8261637993221793,1.0192343938746529
2023-01-26,1668786743.0555556,143993297.72493494,3.2599596705538394,1.669118255813889,3.6853551569716703,1.0086415241336806
2023-01-27,1660823155.4409723,142624292.22902596,3.429578578817772,1.7034608352965277,3.8676600009259587,1.0560626075475694
2023-01-28,1824570892.4895833,161784719.9700479,3.1681953880494067,1.6237569300545138,3.4188275994769364,0.9889033054361112
2023-01-29,1773093162.4375,158495630.87581277,3.12561858368913,1.6882921358288194,3.4632208129625117,1.0733054553545138
2023-01-30,1761307069.6666667,154532487.60097453,3.326331875197857,1.7208901181552083,3.6110545616399157,1.002030077214236
2023-01-31,2092207259.1631944,195301253.30074045,2.3218542341263153,1.5226783515232638,2.4458036548625466,1.0111449148958334
2023-02-01,2039515584.6423612,188393037.23514387,2.8737464315579646,1.6156217139533102,2.8509969564273705,0.9749420329715277
2023-02-02,1927750247.8958333,180377879.42056194,3.063668835320359,1.6883772270534723,3.119946929666502,0.9817667098371528
2023-02-03,1822503148.0868056,167492209.59815797,3.5392621857394193,1.7384731015288193,3.9122570596694977,1.0158872184663195
2023-02-04,1977331528.34375,187661568.8245774,3.1134368298859503,1.7051267808614583,3.312873087610738,0.97858672955
2023-02-05,1967655591.0104167,184570835.82465962,3.6795895564308085,1.723913711992361,3.899266083023347,0.9964429244934028
2023-02-06,1869977609.8611112,171826099.3323586,3.961814477348079,1.8054055749163196,4.484763477669553,1.0151205803506944
2023-02-07,1839869182.7777777,167586963.56588367,3.936459121976001,1.8027051764871527,4.669797892328789,1.031343513792014
2023-02-08,1840072014.7430556,168091653.9883257,4.2558817894193774,1.8265459737684029,4.717240740478144,1.037747512825347
2023-02-09,1726387641.8854167,150300367.95517802,4.271380444844003,1.7781561552024305,4.724268670725258,1.0057060254305557
2023-02-10,1504632682.2326388,123055537.83321802,4.194599764812401,1.7067587270128473,4.689157801335636,1.0593642881520833
2023-02-11,1543453634.3055556,126130314.1587322,4.315167980065814,1.560284377306597,4.831337236493266,1.12767159133125
2023-02-12,1583825055.0520833,131632015.93937363,4.050744441254319,1.4992106263361111,4.542231003787298,1.1122148187902778
2023-02-13,1564283842.1944444,127905673.01266398,3.9691433476954767,1.5403663282013889,4.583852769610785,0.9992183291538195
2023-02-14,1507625526.1041667,123839570.21767277,3.7929954573020535,1.6262861599802083,4.362597074458614,1.1076254410913196
2023-02-15,1594580238.1458333,137469875.97669935,3.1632808427979904,1.6114725839003472,3.537351009961012,1.0359423247302084
2023-02-16,1721400042.6076388,152970272.8210695,3.0421087680256442,1.6818937923673611,3.2152686220356,1.0032998092413195
2023-02-17,1616233010.7708333,140222909.1342704,3.550410380303752,1.7548783019017362,4.0217727101186505,1.0239095775611111
2023-02-18,1645521738.3958333,144875727.0986535,3.3287296943755926,1.7868745633281249,3.672763094516983,1.0402831305565972
2023-02-19,1658154905.8333333,146379563.44453204,3.421593159094235,1.8143776666993057,3.7797370590431885,1.017205538589236
2023-02-20,1618000016.46875,142179686.41938397,3.592638219562421,1.8207950784229168,4.1247612036698555,1.0732103117861111
2023-02-21,1642984114.2465277,142776320.67757455,3.9228314339915045,1.8411815581656252,4.4538586459111125,1.0115006141547038
2023-02-22,1611850356.5069444,136706290.51491836,4.381335464611736,1.7647341455861112,5.070235206950277,1.014224145154861
2023-02-23,1573425864.1284723,133853565.49484417,3.911087993932896,1.812365525720833,4.748742549041048,1.027336221898264
2023-02-24,1592145891.125,132138168.9501662,4.7013266250532375,1.8277949960663196,5.55035799262169,1.0450315210180556
2023-02-25,1574426007.9513888,127432521.75169653,5.009501523555314,1.6565971126854167,5.714876495608213,1.0614799534496528
2023-02-26,1574640512.3090277,128090745.01661894,4.9980123257861235,1.676727914470139,5.720570596122588,1.1861069015413195
2023-02-27,1632297841.4236112,132607133.93410675,4.7767360008392785,1.6863571865267362,5.5986115689741665,1.0973047492760417
2023-02-28,1660259317.71875,135422865.6902401,4.4733564898500875,1.711434277228125,5.2208290905153545,1.0568743539840277
2023-03-01,1686232629.7916667,137996461.15074256,4.403025397658851,1.75158280390625,5.162840340136338,1.0948996729815972
2023-03-02,1701334290.84375,137245179.49641013,4.8368489149603064,1.763682496637153,5.759716419643862,1.0606158835836805
2023-03-03,1546179914.4340277,117742516.52854379,4.8103927545761245,1.6034016698534723,5.434744286464307,1.0204323967638889
2023-03-04,1495402272.3229167,113427274.68264075,4.485423967167922,1.5559155067711805,5.063969433247636,1.0813379921881945
2023-03-05,1462328378.3090277,110107453.82660575,4.397345665125299,1.5045462271697916,5.121105793978495,1.1253060292131944
2023-03-06,1473420454.0138888,109338453.28648871,4.5507239963609205,1.4992118893809028,5.35903088669887,1.1205074277253473
2023-03-07,1496042300.1736112,111256561.7579002,4.681120715116804,1.48118060698125,5.417642269921396,1.0436950013996527
2023-03-08,1508217731.3333333,110121555.22487114,4.814632304619891,1.5065495066329861,5.589869845871978,1.0712782649395833
2023-03-09,1476064377.0034723,104211043.79596487,4.708336896567403,1.5095726702795138,5.382594216993945,1.035914763469097
2023-03-10,1321467210.7291667,86015080.19410676,4.625193518430106,1.241973277335764,5.086648217261168,1.0067032970822918
2023-03-11,1238286244.3715277,80939594.2663367,3.997711998335391,1.1600131688069444,4.552074510372595,1.00707697214375
2023-03-12,1214165981.9131944,80774045.4565122,3.5791628473551387,1.207542644539236,4.02505442927602,1.093736033009375
2023-03-13,1193949398.7048612,84685875.48967604,3.4340279103819444,1.4494147594444444,3.7745044828125,1.0258617153819445
2023-03-14,1247616945.7013888,92079151.78912732,3.281733746304857,1.5221318136770834,3.5880624855882903,1.036585502776389
2023-03-15,1328881756.5069444,96308100.26788892,3.689291739304575,1.5023263348208333,3.9252967640672236,0.9985611073892362
2023-03-16,1282744051.0347223,90262506.21548109,3.6043536016698434,1.381222340815625,3.9739154152038387,1.039104691753125
2023-03-17,1359619649.5590277,100952213.9275598,2.708237605981159,1.5889136401638888,3.1295927061872364,1.1221047341680555
2023-03-18,1447461871.0659723,110623573.82535625,3.370753105712276,1.7303736284510416,3.660685753849968,1.0008248542135416
2023-03-19,1369884903.9652777,102358798.24729373,3.8833350031939613,1.8066016055086804,4.293469321131406,1.0309906763520833
2023-03-20,1343615322.2777777,98454606.89394282,4.241996928372249,1.754687869404514,4.573483526463526,0.9757396712083334
2023-03-21,1350972539.1840277,99186816.20843449,3.705076036860702,1.5515790390618056,4.090033814777729,1.0392096579916668
2023-03-22,1359585067.0277777,102280701.51991604,3.0649700740146053,1.6860750931934028,3.333632599386016,0.9968648703416666
2023-03-23,1437183926.8923612,109320023.97152157,2.840920422800797,1.7164415375309028,3.1959406785048525,1.0797908042100695
2023-03-24,1481324662.9305556,111718291.66669236,3.889787986950599,1.9215817748135418,4.036027197432532,1.026109684829514
2023-03-25,1396684858.5034723,104175558.32824415,3.449866914172373,1.8662036115878473,3.839801236747719,1.0239268172697917
2023-03-26,1350473651.1527777,100446239.45623025,3.8033169466216563,1.763914776375347,4.073296682268289,1.1285655604187501
2023-03-27,1352589586.8194444,99231208.5102827,4.030867416982493,1.6735182616027777,4.34563124668055,1.019984427190625
2023-03-28,1339674571.96875,97340407.54772013,4.330797028910582,1.5444684781618057,4.542677805711506,1.0942144612277778
2023-03-29,1453903693.7951388,109708746.94579244,2.363720618946791,1.7682443401236112,2.756994228223759,1.1580563657822918
2023-03-30,1466331221.0,109713012.5862695,2.6467834300098807,1.8867859236149305,3.048644237214517,1.0210983476777777
2023-03-31,1479751054.2986112,111451735.40934817,2.495272621909502,1.8401403744368057,2.9218049722717647,1.1819019345916668
2023-04-01,1695857888.3055556,132727692.14430875,2.300008765783657,1.7617739072253473,2.5635833734465603,1.0701834799833334
2023-04-02,2115465112.7777777,172928004.75104174,2.7072917855620133,1.6439990414885417,2.53275530932996,1.0357452459416665
2023-04-03,2045803634.3333333,170963160.88255146,4.164834704037322,1.6498980500614584,3.9165199742424437,1.0253660641899307
2023-04-04,3083996640.6319447,300546469.10174584,1.3669666884564982,1.5241932871923611,1.2817253683344736,1.0085805800038194
2023-04-05,3288794544.3472223,314794630.0302605,1.7483544397162267,1.7299713151854168,1.5909985625501952,1.003271324109375
2023-04-06,3174113734.5972223,285913165.01713634,3.130671667251872,1.8802630876506943,2.577911129227683,1.0311219081482639
2023-04-07,3075140882.951389,255239476.61183473,4.08808574628964,1.7333865587520831,3.334841515704776,1.058860586421875
2023-04-08,2982953392.9756947,246535790.49609742,4.24068120971211,1.617408966253125,3.9048748089256367,1.022504129556597
2023-04-09,2872270031.857639,236336872.64836162,4.443399837051433,1.6509845019746527,4.240606928526812,1.0651836301152777
2023-04-10,2758379847.03125,222454331.28247476,3.9994392380349075,1.7013444787673613,3.9352623001675844,1.0101639540760416
2023-04-11,2632258796.3125,222926098.10432112,3.4134049479339894,1.7966674958034723,3.5008576139978493,1.0270295014513888
2023-04-12,2534618993.4895835,208708912.15144026,4.252075623804469,1.7707151383395834,4.323192400944743,1.0236225859972223
2023-04-13,2726629738.7118053,233502748.94740438,2.6040588460957106,1.6656251875218748,2.9303765189323965,1.088503208702778
2023-04-14,2869110101.7604165,255783217.78577027,1.8367776467072017,1.7529275602003471,2.077520959101901,1.0528179999527778
2023-04-15,2758900291.5069447,245363403.32199702,1.8013286580967838,1.9048965964097222,1.9822999517045423,1.0881158538916667
2023-04-16,2803912444.5590277,251888488.12669352,1.7590492401368591,1.898236047365625,1.9634236088882346,1.162331210590625
2023-04-17,2883904996.1840277,263568456.62074172,1.9137064623796352,1.849651619596875,2.068587872878541,1.028504389168403
2023-04-18,2890153421.048611,268070321.77270618,1.7784934789583398,1.8469925147569444,2.0116773573854982,1.0149600978784723
2023-04-19,2695348106.451389,243757624.79870543,2.9844905570600258,1.8857413699416665,2.99930336028333,0.97059743705
2023-04-20,2762453657.361111,244361826.74816883,2.993263063838989,1.7721653378100695,3.2106077959419532,1.0203239160482638
2023-04-21,2492714929.6319447,206001564.54177415,5.287274232455148,1.4781390294274306,5.337648022314307,0.9789422322746528
2023-04-22,2255312748.3229165,179082990.34797958,5.185564648925812,1.3768776265045137,5.269490705897746,1.1158539743239584
2023-04-23,2186395696.986111,173720428.46099043,5.084967167440879,1.3454359714305555,5.217121781359864,1.0136342548545139
2023-04-24,2083613342.5173612,164249517.71470043,5.422838997648754,1.3290402039097222,5.58429033078502,1.049418346173264
2023-04-25,2060909825.1111112,162066628.43988633,5.380946753758652,1.3181184910427082,5.517202294108619,1.1079690953993055
2023-04-26,2077148481.9340277,167361615.34962043,3.950064855585617,1.3799553873690973,4.174518725937023,1.1448264284625
2023-04-27,1931560072.4791667,154266067.47465357,2.1039372576923157,1.4276953258364584,2.510135111967341,1.1327803663100695
2023-04-28,1935342511.7777777,155006101.21450242,1.9015419675098097,1.4668500007520833,2.270395257637347,1.0768441545166665
2023-04-29,1985896270.9583333,160946230.46541673,1.7933432648789922,1.4359999156760417,2.1292095290855526,1.12185564525625
2023-04-30,1988943431.6527777,160818534.30432424,1.8612612617917574,1.4301531058208332,2.1913491950150217,1.2336673155434026
2023-05-01,1910738098.1875,150301384.44381607,4.9071238738055,1.3671000918645833,5.009661667074783,1.1145295377885416
2023-05-02,1929180967.0381944,151462898.73276937,5.417151573531924,1.363857339565625,5.432902453577333,1.1311495392684028
2023-05-03,1954516160.8784723,152931845.1952616,5.079229400027012,1.3270087482329862,5.205414321948985,1.1686323539993055
2023-05-04,1965618556.7777777,154974239.6148592,2.5254065675647315,1.3636901309232639,2.9266681468928204,1.1631214908885417
2023-05-05,1985521271.6909723,156646394.1182238,3.5419087233215776,1.3293779380072916,3.9867796843126957,1.1683625070784722
2023-05-06,2046332813.3229167,159371831.18543547,4.877024233616331,1.3694371702600696,4.921712476239964,0.9192960114298612
2023-05-07,2034429118.6111112,156504765.60538346,6.55251285430795,1.2196881787434029,6.636873794894674,1.2231881167881946
2023-05-08,1946471676.4895833,144249934.99742666,6.90087702303241,1.1694795071784723,6.8306539476477,0.9886177959704862
2023-05-09,1819657922.90625,132198708.70602342,6.173753375615233,1.09495311391875,6.050777634598891,1.1171900248125
2023-05-10,1778552765.5208333,130121660.78233688,4.265510274958517,1.1014955534684028,4.329023806100722,1.0834304803128472
2023-05-11,1738167400.6840277,124591025.76164249,4.214563419860654,1.1009343229208333,4.351890469055408,1.041691600923264
2023-05-12,1778398193.46875,126705870.07521264,3.11507953767032,1.1184881351524305,3.337104117189178,1.0873754702270833
2023-05-13,1753540637.4652777,125957964.85894418,2.550756701359686,1.1457224578743057,2.8346647702441228,1.1589386657444445
2023-05-14,1766207608.0833333,126986076.5204304,2.6391661568560307,1.1581714784906252,2.956214806219455,1.154349941404514
2023-05-15,1812298094.3506944,131483029.4317192,2.1054827555191555,1.1791005110979167,2.4985622329413553,1.067819968839236
2023-05-16,1785727664.4131944,128589105.07270177,2.63840704408138,1.167576563657639,3.0347048986127696,1.1179271431013889
2023-05-17,1895616591.2986112,139578585.22284123,1.8287135768827403,1.216071979446875,2.2106682403248907,1.0401836657625
2023-05-18,1962787764.1145833,144981747.25491917,1.7944645629114926,1.2550741596267363,2.171638773462324,1.1418582349079862
2023-05-19,1930844254.9861112,141955029.8565369,1.5630802637654255,1.2802487206052084,1.9560429660995038,1.2035542381177082
2023-05-20,1931832607.8680556,141751293.45406136,1.5613021502381863,1.305917215542014,1.988742644296274,1.3574274810375
2023-05-21,1934984807.5138888,141428389.15481424,2.116822620948673,1.3162793192159723,2.5710060566317,1.158072579010764
2023-05-22,1926118292.2534723,139511680.91393575,3.2845437453346022,1.2374295375260416,3.4655344900885843,1.243309692839236
2023-05-23,1929022153.8055556,140842647.51043278,1.381465779841366,1.242933934970139,1.7677296287749191,1.2023383778024306
2023-05-24,1952773213.6041667,138880620.34903994,5.543394173060625,1.2344800983208333,5.582760681295364,1.0452561916395835
2023-05-25,1931468287.1319444,135967010.72043005,6.624995097352727,1.202408420401736,6.588985875507682,1.1386621970364583
2023-05-26,1975959557.0104167,139933354.66083634,5.500783452072351,1.2233658406295138,5.6763108999267065,1.3092521777222224
2023-05-27,2000711822.1284723,142998783.47834074,3.3176076115162334,1.2759520344645834,3.6960280059471233,1.5260278493350694
2023-05-28,2088987522.0902777,151882874.9186542,1.2495749880905493,1.3695305360989583,1.5554555573199538,1.299450842567014
2023-05-29,2049611820.3333333,150102700.7447492,1.1460490746099383,1.3907333193170137,1.4709249511891318,1.2203701151697917
2023-05-30,2069326744.6215277,150391674.79798242,1.2849269341855456,1.3872074758052082,1.6562114301193374,1.205200297125347
2023-05-31,2069120678.6701388,148105947.5755561,1.6075767934772784,1.352691963752778,2.060035712777553,1.1582928992534722
2023-06-01,2076308176.5694444,148766389.17456475,1.6451080733894439,1.33825181698125,2.1147210227845608,1.1449463315184027
2023-06-02,2125590005.8680556,153281014.57685375,1.5130674663541217,1.3722829007940973,1.9691179834828907,1.4084122295315973
2023-06-03,2180418724.3194447,158100580.90842837,1.2889122884782642,1.417591809007639,1.6847584132654765,1.4332416025916668
2023-06-04,2192078508.4131947,159571034.02984282,1.2766250658298373,1.4297141404972222,1.660336656519563,1.2997985357166666
2023-06-05,2128997456.6770833,148912778.44358018,3.5693569165644194,1.3657519803170137,3.745718738353322,0.9481141799322916
2023-06-06,1906860811.5277777,129435058.31518663,5.746357200564022,1.1565852511152779,5.815289531489771,0.97850337271875
2023-06-07,1878148392.5625,128489299.14762712,3.746304180942627,1.173182120740278,3.7506247594380997,1.0648742289295139
2023-06-08,1832395554.09375,124218018.33243322,5.651190070521173,1.128782491917361,5.589071780872754,1.0827032493614583
2023-06-09,1914002868.6736112,131089410.93163282,3.100691733343205,1.1679786093440974,3.305801515212453,1.1340132121072917
2023-06-10,1529008678.2534723,95681018.82413867,3.392788507521894,0.9323233904624999,3.5430054686539094,0.9265612285145833
2023-06-11,1285746391.1805556,79434880.15378931,3.4287731212349533,0.9112313923527778,3.7306005146184926,1.0933732417760416
2023-06-12,1241661725.3263888,75877742.27370854,3.259322421831346,0.9349681161034723,3.4698954347549265,1.0845647399180556
2023-06-13,1245030241.6180556,76710261.18139519,3.1712319422003308,0.9299897743989582,3.4467480764651612,1.128651687148611
2023-06-14,1227220229.0034723,75487083.24672163,3.270538817595432,0.9601659223447917,3.5380089287630065,1.2267768735836806
2023-06-15,1262128839.2361112,76697252.01779296,2.895722144601659,0.969287966425,2.8971498132830793,1.0710818273065972
2023-06-16,1306545830.2777777,80686028.84212795,2.4190610436211566,0.983836200036111,2.335239356402437,1.2272069229871527
2023-06-17,1277942464.8854167,79583081.10462084,2.760326555796881,0.9929077038201388,2.793109317950362,1.1722070348833333
2023-06-18,1262669101.9618056,78544407.94990481,2.7779842422735084,0.9924673126309028,2.943630801400281,1.1915616747961806
2023-06-19,1243308541.8784723,77139265.25879553,2.6444258977292647,1.002464821271528,2.7063686466641577,1.21318477626875
2023-06-20,1247513978.2534723,77475557.5692096,2.7960107048145755,1.0466856132267361,2.9446965774970773,1.1762848174027778
2023-06-21,1283740423.7152777,82834418.5195243,2.0341414802107933,1.0514075853256943,2.3254668997869623,1.0969068906909722
2023-06-22,1324996775.5138888,88774843.41663127,2.230592459191128,1.092700912689236,2.4949291409588406,1.1147241534121528
2023-06-23,1314166501.0520833,87965895.94986834,2.398375509282837,1.091413281642014,2.6824646044833007,1.1013535313711804
2023-06-24,1320188916.1666667,88855995.06895515,2.3915017817785196,1.1357330432697916,2.6244782660396955,1.1000599411652778
2023-06-25,1296373234.8194444,87125095.84429178,2.2358283708705007,1.107177922648611,2.525265145607848,1.08024245314375
2023-06-26,1280556391.1284723,83928756.96874972,3.082419762525264,1.0864623281,3.36256771583563,1.0341609839829862
2023-06-27,1267685245.2013888,82696035.31405878,3.429672265450532,1.0233115696562498,3.6860943979683642,1.1687834696875
2023-06-28,1286175290.7569444,82400553.28431419,3.702286570647745,1.0249050076208333,3.9559577396149654,1.0110821248079862
2023-06-29,1213883019.1527777,76596044.53434096,3.7405478529541187,0.9677936216093751,4.012299690735985,1.1304510416371527
2023-06-30,1177015728.2118056,76758049.88688503,2.3172984107377133,0.9494467307322917,2.6678702661898313,1.0537594284163194
2023-07-01,1347656820.6805556,91992842.28167862,2.1602415073935513,0.9725405540256945,2.4146071041486903,1.054064942579861
2023-07-02,1361625145.0486112,91858351.41340709,2.8154188959234183,1.0393035049100694,3.001309176852913,1.059846354960764
2023-07-03,1403489594.8333333,95475730.52461667,2.117798234525153,1.0973970315270833,2.4130230250312747,1.0758287747590278
2023-07-04,1448771897.5243056,99795544.99542695,2.265263257319436,1.1468524697875,2.5032178912661993,0.9730174640916667
2023-07-05,1432683123.4548612,96953194.42030135,3.7979809923214396,1.1088333307291667,3.894492616255376,1.0193153087732638
2023-07-06,1310452508.0381944,87319683.00502886,4.224194571061798,1.0629298342208333,4.355162217268035,1.0817912515458332
2023-07-07,1272336845.8368056,83136593.39309601,4.452525349869803,1.0192996313631943,4.71741371893771,1.0482182050642361
2023-07-08,1292269367.8958333,84414942.26625921,4.480251166152241,1.0234336832097222,4.747736017879823,1.1224485332336807
2023-07-09,1281060501.53125,84203154.0506139,4.165976291229305,1.0283374567770833,4.438746777406006,1.213880499376736
2023-07-10,1279573058.2881944,82888377.89058614,4.332112092291667,0.9904838369097223,4.603779196354166,1.1364996859027778
2023-07-11,1269666777.0277777,82480806.62808025,4.020787676527778,1.0076636955208333,4.231007873611111,1.1493692127777777
2023-07-12,1272628263.5590277,82766577.29671623,4.068614437534722,1.0311326319097223,4.170883416041667,1.1889542409722222
2023-07-13,1329933018.6944444,88582013.72629878,3.174936687152778,1.0658821510069445,3.391481441076389,1.2472044678819445
2023-07-14,1463411440.53125,102589503.64302097,2.2088513042708335,1.1583293987152778,2.306928945034722,1.0098479183680555
2023-07-15,1726980304.1631944,123925310.28556164,2.353522663472222,1.2188933269444444,2.491157660451389,1.0699490812152779
2023-07-16,1703910194.1215277,120592938.39772749,2.7750306997916665,1.3680525146527778,2.979665419305556,1.0835090358680555
2023-07-17,1631641326.0,113849314.92911103,3.909256130347222,1.357094373125,4.208802846736111,1.0389154677777777
2023-07-18,1564685088.6493056,107699016.97523417,4.0320203610763885,1.3564413503125001,4.322739959722222,1.0869726499652779
2023-07-19,1595542637.9409723,110869211.55719596,3.293674913333333,1.3392909651041667,3.551951631909722,1.110464629826389
2023-07-20,1722473173.8402777,122005965.68923587,2.6813485332986113,1.3593832611111112,2.984675251458333,1.0352574414930555
2023-07-21,1913960431.0416667,139085265.3084791,2.1506896895486114,1.3805590801041667,2.407502447673611,1.0403049863541667
2023-07-22,1889271684.5347223,135682276.59228337,3.5320834428819445,1.4462825631944445,3.469586902048611,1.062420376215278
2023-07-23,1838761794.4131944,131909915.642894,3.657279426875,1.449093583576389,3.7522219426388883,1.1088381195138888
2023-07-24,2045513621.4131944,150979965.45264205,2.5120867999305556,1.3852117497569445,2.6422719752777777,1.0249254511458334
2023-07-25,2558613042.6944447,200518853.7067157,1.265364059236111,1.2111393911805555,1.4202945510416667,1.0350660904513889
2023-07-26,2589679009.4756947,205312987.25931045,1.5932190059375,1.2469935163541668,1.6228167608333335,1.0175105922569445
2023-07-27,2333498975.1006947,182733790.5588088,2.0434591630902776,1.2908469865277779,2.1385617051388888,1.0450231354166666
2023-07-28,2195868298.4270835,169146084.64209318,2.525550381736111,1.2893628688194445,2.6218765146180556,1.0698137353472221
2023-07-29,2178865129.5034723,170874225.80606723,2.0775567618055555,1.28219750375,2.2446760148263887,1.066361648125
2023-07-30,2253088811.25,179233369.66579294,1.6941799804513888,1.2975378302430556,1.835807304097222,1.0481514422222222
2023-07-31,2033245650.7465277,159584054.73115742,1.9848491170833331,1.2673273920833334,2.2895321784375,1.0575560299305555
2023-08-01,1981785193.0659723,152415204.25786936,3.1009181730208333,1.2427686503819446,3.3006317303819444,1.0692638444097222
2023-08-02,1947631329.1319444,148412185.48741448,2.9573935368055557,1.2911313038888887,3.247736423888889,1.0580311057986111
2023-08-03,1941968947.0104167,143948275.2795867,3.9731478936458333,1.2734301883333332,4.313742588055556,1.0610473077083333
2023-08-04,1937754413.4513888,143479783.87748274,4.006671430277778,1.2751273496875,4.356317027152778,1.0568104036805555
2023-08-05,2030820099.5590277,153084711.3551318,3.2100887215625002,1.2424281449305556,3.5234284106597222,1.0878280350347223
2023-08-06,2024429703.7465277,152248911.75060132,3.1070624905555553,1.2894540769791667,3.358540398888889,1.099479788576389
2023-08-07,2019257024.9131944,149725783.5306798,3.5186221172569443,1.3223544616666667,3.8714383904861114,1.0909478936111112
2023-08-08,1961075126.4965277,145364179.43254462,3.5562613611805554,1.3014607346527778,3.896773953090278,1.0874691665277778
2023-08-09,1899582714.0659723,142746593.27848566,2.822010434041812,1.3393631136585367,3.087668030243903,1.118209603611111
2023-08-10,1998816409.7638888,151423735.6699421,2.5858546519444445,1.3665499755902777,2.78969332875,1.0654170006249999
2023-08-11,2059328505.1354167,155602940.29032242,2.7176769113194443,1.364982770277778,2.9383522908333335,1.0836433794444444
2023-08-12,2136032974.2222223,163557108.06868508,2.4340891217013887,1.3687589065277779,2.5871072753819444,1.0815109036458332
2023-08-13,2101001709.0868056,159736307.84338745,2.6433607771527776,1.3977546122569444,2.8137753922916664,1.1889577138194445
2023-08-14,2034354246.2256944,152059800.3312883,3.2330155393055557,1.3934312502777777,3.713450669479167,1.070389784861111
2023-08-15,2022759648.0902777,148871702.43690053,3.610133465694444,1.3042825447569444,4.115310587534722,1.0123681102430555
2023-08-16,1799086569.5451388,125421427.24757245,4.709648898680555,1.2031422405902779,4.962527428958333,1.0589706358680555
2023-08-17,1693741269.9861112,112529953.08839725,4.490663649722222,1.145020090138889,4.685764361493056,1.0515613903472223
2023-08-18,1302510152.0798612,81110775.9129904,2.8413740261805556,0.9761554665277777,3.206665750763889,0.9847246014236111
2023-08-19,1343819907.5138888,85403996.1334526,2.3141660989236112,0.9968193145486111,2.696434787326389,1.146471391215278
2023-08-20,1367844829.6597223,87490521.5415128,2.4196189352777777,1.0203866808333333,2.7640062043055553,1.2688623708333333
2023-08-21,1368314491.8645833,85995377.31466264,2.622564367847222,1.0333207135416667,2.9456736501041667,1.1170979352777777
2023-08-22,1376529387.1076388,85978499.4981092,2.6557000223263887,1.035523714375,2.995929038888889,1.1390405316319443
2023-08-23,1297731271.3020833,82228759.92705509,2.4861498911111113,1.0005155827083334,2.851051227534722,1.0697627488541666
2023-08-24,1272066686.8645833,80481261.5000552,2.457026307951389,0.9991522221875001,2.8207219953125002,1.084844763784722
2023-08-25,1264647418.4965277,78998953.06623626,2.68591595125,1.0223013186458332,3.061015256909722,1.1503750122916667
2023-08-26,1249167540.5208333,78618567.16856255,2.6417107615972224,1.0488489368055556,2.9565739046180557,1.8254888729965155
2023-08-27,1250736840.4444444,78897395.28091004,2.5590650025694446,1.0425660629166666,2.9063581934722222,1.376080395
2023-08-28,1226347273.3923612,77001003.97785835,2.4826455596527777,1.0322889232291665,2.8624348892708333,1.2727274432638889
2023-08-29,1250117910.3888888,80721323.74963751,2.271801806840278,1.0643008375347223,2.5705638548263887,1.096379645798611
2023-08-30,1285988901.9618056,84183213.70626538,2.3587382036458333,1.1125563527083333,2.5775231393055558,1.0741396663541667
2023-08-31,1299317741.4166667,84837743.87789708,2.772872725347222,1.1223701882291666,2.943849927465278,1.116017954375
2023-09-01,1285191688.7881944,81737481.44830954,3.7477082808333333,1.1392044365972223,3.940896220381944,1.181894307326389
2023-09-02,1276286190.0763888,81035148.39238876,3.8617118001041666,1.1114097663888889,4.003415196111111,1.212620770138889
2023-09-03,1273407920.9375,80616742.54606985,3.6726323999305555,1.0945436234027777,3.9284563562500003,1.3673796774652778
2023-09-04,1282834664.2048612,81003024.59082356,3.5943885228819443,1.0675509119791666,3.968782382256945,1.2175815601041666
2023-09-05,1309078296.0277777,83463572.27912575,3.605329747083333,1.0542779403472222,3.6341417757638887,1.2153118225347221
2023-09-06,1276827446.4375,81377172.99485263,3.7032287269444444,1.0598902930902776,3.786991972638889,1.2361924271875
2023-09-07,1273763997.5277777,80639703.01687193,3.8046819752430556,1.0651350916666666,4.040569101770833,1.3200756129513889
2023-09-08,1299455774.6006944,82255193.01723705,3.450263069027778,1.063409850625,3.7303024997222227,1.2576844179513889
2023-09-09,1309898177.7048612,83166466.02252093,3.245742768784722,1.0747536916666667,3.264392403784722,1.7404294069791666
2023-09-10,1247586129.625,77167204.65722819,3.7978639686805553,1.048506888715278,3.9826392048958335,1.1077108654166665
2023-09-11,1234953659.8159723,74901432.30461858,3.734956180972222,1.0326150073611111,3.9748670778124997,1.1389398321527777
2023-09-12,1225087908.2736843,75010186.51410024,3.3066274096842103,1.019492280982456,3.541797909263158,1.1830938291578947
2023-09-13,1255526546.9861112,76650098.8675223,3.086012577604167,1.0586819997916668,3.3667813759375003,1.1997876585069445
2023-09-14,1251808300.0381944,77122977.59266654,3.04865297125,1.0584973380555556,3.267326636354167,1.2134740036805556
2023-09-15,1240138545.875,76856788.09910682,3.3049161930555555,1.0626230993402777,3.3341136000694447,1.2424979685416666
2023-09-16,1241408422.7152777,77265581.57424498,3.0138968608333334,1.0982566507986111,3.1216631055902777,1.3127280477430556
2023-09-17,1234114417.6041667,76404878.45684958,3.142195502604167,1.1204268953125,3.2678352032638887,1.2606524889930555
2023-09-18,1221855730.5868056,75656225.16445279,3.0877728873958334,1.0981328194791666,3.2871669392708336,1.2053940256944444
2023-09-19,1229756579.9618056,76838111.50414845,3.057772255,1.1174754725,3.1390909103125,1.1610871711458333
2023-09-20,1213840327.5520833,75698201.53291881,3.1771795111111114,1.1231321696875,3.334077390138889,1.117198825798611
2023-09-21,1271626869.0381944,78803492.30578686,3.213277600902778,1.1345737652777776,3.447577470173611,1.2364349368402778
2023-09-22,1228533746.4756944,75561742.58241959,3.501700633576389,1.1218398962847222,3.791732031493056,1.2976865656944445
2023-09-23,1248389553.6770833,76817721.05848819,3.3032136708680557,1.1303137102777778,3.591259600972222,1.6094449623958333
2023-09-24,1252646431.8715277,76910159.32409158,3.1129203609375,1.1231529533680555,3.426798275,1.7098709139930555
2023-09-25,1291704494.8645833,78565242.42961234,3.2229746546180555,1.1250117296180555,3.607717016145833,1.4843459128819445
2023-09-26,1318545630.7291667,79965322.12764597,3.2482940561111113,1.1481316159375001,3.5886836123263888,1.2124495153819443
2023-09-27,1315592714.8055556,79775663.64895147,3.4488485152430552,1.1755769372569445,3.7992041418749998,1.2833814686458334
2023-09-28,1338602783.2986112,81622277.81316131,3.1778696578472223,1.1897493552430556,3.5385559611111113,1.2875526729513889
2023-09-29,1380821519.8958333,85296129.64174707,3.008792480486111,1.2166028502083333,3.2091819942708337,1.1598745019444445
2023-09-30,1389650774.875,86151636.59401238,3.1733969971875,1.1843192816666666,3.2743810133680555,1.298927725763889
2023-10-01,1426532681.0763888,88896057.7171393,3.208411563854167,1.1685006790277777,3.3167569504166665,1.255521829548611
2023-10-02,1474381052.3819444,92829877.31267275,2.880317346493056,1.1618695661458334,2.9598940618055556,1.1028474787152778
2023-10-03,1426160545.8680556,88063757.93053389,3.6209685988888887,1.1654214965972223,3.904777325173611,1.1832602998611113
2023-10-04,1442510030.9201388,87989846.49830987,4.088850619583333,1.1564669596875001,4.473696965138888,1.1435676003125002
2023-10-05,1451391747.5381944,88613842.12347998,3.5074954728819443,1.1431211940625,3.8924158207291666,1.1526996462847223
2023-10-06,1444319155.2395833,88289568.76627299,3.3269298502430558,1.1230697101041667,3.758371321805556,1.3348806813541667
2023-10-07,1431699349.0590277,87837026.37329842,3.442798308854167,1.146406519548611,3.662064938125,1.3831670644444445
2023-10-08,1418409555.3888888,86748535.84353583,3.637281700902778,1.1648375781597222,3.877852290694444,1.3290955104166668
2023-10-09,1413658343.7638888,84175823.57870108,4.309229797604167,1.1432842991319445,4.565250282638889,1.1305829333680555
2023-10-10,1389292194.0034723,81747560.27085383,4.408890118958333,1.1219947170833333,4.6964654964236106,1.4813270634375
2023-10-11,1395690421.6319444,81784721.71321128,4.280670781284723,1.136624341875,4.569851367465278,1.2058784846180555
2023-10-12,1385925213.625,80354852.66141278,4.298675355243056,1.1303010924305557,4.648949955243055,1.5075804156597221
2023-10-13,1407233355.7777777,81821227.36970809,3.9722639848263888,1.1178333313194444,4.333449021145833,1.418494580625
2023-10-14,1420996238.1041667,83805706.1526826,3.789454530069444,1.1095084760416667,4.057037058263889,1.4731158613541666
2023-10-15,1411738046.8402777,83828332.6455931,4.041999116493056,1.1288702911805555,4.140453595208333,1.4320171028125
2023-10-16,1421441234.5208333,85078112.25597273,3.3787758871180555,1.105462491736111,3.7122548323958333,1.285333595
2023-10-17,1411853325.2534723,83974117.94411767,3.1938180230208335,1.0710372759722222,3.5612751745486113,1.338212333888889
2023-10-18,1410783424.1944444,82852685.20689207,3.4535391754513887,1.0817047822916668,3.859521479444444,1.3201996871875
2023-10-19,1434781656.5138888,83700917.96049291,3.7300181719444447,1.1097276715277777,4.110770381631944,1.3791213127083333
2023-10-20,1452087193.3819444,86680051.57132435,2.7535459494791663,1.0965777486111112,3.1560268554513886,1.1805693644097222
2023-10-21,1461458778.9895833,88450458.12198168,2.5937716828125,1.1071036328819444,2.999163770243056,1.2672094440972221
2023-10-22,1452031322.3020833,88578935.39529714,2.6698495959375,1.125469549236111,3.0114408672916664,1.2612231319791667
2023-10-23,1649891163.0208333,105217891.5638253,2.3257416447916666,1.1727712741666667,2.713228036736111,1.04238961375
2023-10-24,1657352011.7361112,111199908.56917818,2.5820400545138886,1.2775458644444444,2.8003363732291664,0.9927697549652778
2023-10-25,1690161631.65625,112913732.28271167,2.6089069188541667,1.3123285394097222,2.904885562395833,1.0315531590277778
2023-10-26,2033052922.2986112,145378399.5618159,2.332994379826389,1.3639863851041667,2.704994263576389,0.9776340435069445
2023-10-27,1979238786.4722223,138848793.15631062,3.0247932708680554,1.4255507658680555,3.1765757228819442,0.9989789679861111
2023-10-28,1937289278.7395833,133170981.2242195,3.182271100590278,1.4435604169444445,3.539168629201389,1.0747067374305557
2023-10-29,1880224132.5138888,129773305.77873397,3.1310172893055555,1.5284786085763888,3.3733658752430555,1.0846597765625001
2023-10-30,1879925609.6631944,130195632.35808308,3.1181858675347223,1.6081466003472222,3.4245917027083332,1.020458182222222
2023-10-31,1878957128.6076388,129229468.73129994,3.2302794459027777,1.6846492772916666,3.547308388715278,1.0329546287152778
2023-11-01,1812750265.7881944,122227273.45451647,3.3584160997569446,1.7239461413888888,3.730771318402778,1.0441031676388888
2023-11-02,1822469448.0868056,125425005.50030096,2.958367009097222,1.7425618894444446,3.333557228576389,0.9727601580555556
2023-11-03,1790260689.8715277,120807865.87863928,3.237543524236111,1.8056606068055556,3.6292537102083333,1.0774238813194446
2023-11-04,1810732271.7951388,124212782.11214522,2.736324183090278,1.9085820134375,3.0709533436458334,1.1406558647569445
2023-11-05,1868122218.9548612,131148304.58103313,2.748713633020833,2.024204887743055,3.0074513508680556,1.0499683828819444
2023-11-06,1983296469.2326388,144952336.40227208,2.6670914684722224,2.1385471079513887,2.867180391458333,1.0686965490277778
2023-11-07,2078862146.0034723,153891089.5844438,2.937558063125,2.380514231076389,2.907606812847222,1.0314453631944445
2023-11-08,2097698570.3611112,156113231.46858937,2.8732819347916667,2.3526789344444445,2.9535312253125,1.0539415684027778
2023-11-09,2049992728.4895833,153471529.56619194,3.2057381132291667,2.4571100830208334,3.2040326065625,0.9659119391319444
2023-11-10,1819066092.9965277,134999412.8418359,2.9506510189583333,2.4135539521875002,3.1564063389583334,1.0390556304166667
2023-11-11,2066950402.4375,163127850.76426837,2.893471695749129,2.2641280286411147,2.897547662752613,1.0072461620138888
2023-11-12,2036160004.2743056,159412111.74645054,3.4175746520138888,2.382967465694444,3.3728857277777777,1.0013121752777776
2023-11-13,1964350970.09375,151211215.53786612,3.8134383153124998,2.682463812986111,3.895999368715278,0.9807596050347223
2023-11-14,1874339548.6979167,138485320.6998711,4.0209043628125,2.708647191388889,4.334451349895833,0.9828011589236111
2023-11-15,1822774052.0659723,134981446.17186442,3.113164069097222,2.6989898464236113,3.485805980451389,1.0761952668402777
2023-11-16,2117575062.8680556,166045534.71045268,2.8590334646875,2.7764846432291663,2.898938951215278,1.089732662986111
2023-11-17,2655981065.267361,220013138.46604806,2.662577125972222,2.600642021666667,2.582228625659722,1.0343376889930556
2023-11-18,2770324731.7430553,229031242.51903966,3.026396585277778,2.852085459513889,2.852241194340278,1.0279323638541666
2023-11-19,2634276543.3541665,207817206.97407138,3.9398472406944447,3.185269760451389,4.054951401076389,1.0250004277430556
2023-11-20,2533524293.25,203084148.8746283,3.711493970851064,3.4572005650000004,3.8118504251773047,1.040264623923611
2023-11-21,2284544413.875,174069142.26210564,3.878590761840278,3.5032893261805556,4.389783871215277,0.9696952152083332
2023-11-22,2054481179.4201388,153432108.1363241,3.5730391206944443,3.230704995729167,4.2354060004513885,1.0505816252430555
2023-11-23,1982427406.84375,150421990.75258556,2.9513569903508774,3.2960404620350876,3.24629130958042,1.064155625173611
2023-11-24,2001301343.2152777,154927824.18358383,2.7489817122916667,3.1468309871180558,2.685959379409722,1.0599904043402777
2023-11-25,2002261781.1215277,157290012.3482404,2.6569040227083334,3.124174768888889,2.565198576111111,1.092204024826389
2023-11-26,1967813250.4652777,153110995.21569696,2.8638625415384613,3.448538555944056,2.7894530005244755,1.0590000965972222
2023-11-27,2025459043.2430556,159538601.20891306,2.6262187253472224,3.3857198396875,2.6063431154166667,1.0220296914930556
2023-11-28,2020358045.1875,159172014.47214332,2.5878611440972223,3.1264182047569444,2.702740786215278,1.0828211452083334
2023-11-29,2117290788.0104167,171262956.53502443,2.2267502268055552,2.635575920902778,2.082524542083333,1.0603153592013888
2023-11-30,2260760429.3333335,185924231.58932868,2.063010618090278,2.4597002251041666,1.9564447263888889,1.1530106716319444
2023-12-01,2354060942.3993053,196914112.94074684,2.0566220696527777,2.5363410791666663,1.9236162356944446,1.085314315
2023-12-02,2342221396.0833335,197788532.25420722,2.144746461805555,2.688643966909722,2.015155642361111,1.1061166977777779
2023-12-03,2390448957.232639,203505071.26835993,2.321629805277778,2.8990775934722226,2.136612846423611,1.0685273106944444
2023-12-04,2429961560.4166665,215050257.3598032,2.3341886503819445,3.03764191875,2.2652183197916664,1.0635442805555555
2023-12-05,2473881342.6631947,224130292.8064189,2.555028726527778,2.993775822465278,2.459264180138889,1.0036654301041665
2023-12-06,2605081448.9409723,258646242.51991218,2.610745172013889,2.9141528319097225,2.5360592052430553,1.0198254218402778
2023-12-07,2587704396.25,247900069.32444817,3.336367717847222,2.9006203215277777,3.4385129022222225,1.0269926080208334
2023-12-08,2562010635.736111,251437019.18919474,3.0881869415625,2.9416064749305555,3.2777921556944443,0.996028311875
2023-12-09,2552008453.579861,259207100.7468321,3.0240236241319445,3.235585085381944,3.0201918405208334,0.9762722212152778
2023-12-10,2507596296.892361,251656420.83441654,2.8068018396527776,3.5121272981944447,2.8941862447569444,1.0288493618402779
2023-12-11,2467607738.8784723,239512578.76703247,3.604593234826389,3.536112992048611,3.4880674204861113,1.008536537013889
2023-12-12,2325693955.5625,220760615.54984787,3.2395083261805557,3.2942722992708333,3.51533278625,1.0052485618055556
2023-12-13,2199662219.263889,204863156.1834818,3.5928311198611116,3.3518580716319444,3.7215966764930553,1.0127743000347222
2023-12-14,2096899709.2465277,202843251.70788774,3.013988643645833,3.3996132287500003,2.9687183265277777,1.0440073208333334
2023-12-15,2099152280.5347223,201104053.0145118,3.603905188819444,3.5617275102083332,3.4630878883333334,1.000127274513889
2023-12-16,2069271862.9548612,195240316.9495014,3.816689447569445,3.669759860833333,4.003908358194445,1.0901770389930556
2023-12-17,2073170594.3680556,196877837.52718654,3.3387634254861114,3.7973414420833334,3.5826812573958335,0.9818932488194445
2023-12-18,1989553368.6840277,180424235.49522677,4.092692375902778,3.6895494642708337,4.334525644513889,1.0643284053125
2023-12-19,1951701655.1284723,179150661.36866775,3.3211651598263887,3.636648975520833,3.4715378791319447,1.0395415291666668
2023-12-20,1958753516.5173612,178677462.52657372,3.6703420583333335,3.605018927326389,3.9857274002430554,1.0790133186458333
2023-12-21,1995371472.4895833,184524624.99403253,3.329327793159722,3.7078149596874996,3.6555322926736107,0.9954511188888888
2023-12-22,2073732684.2673612,194661785.43993175,3.8609425985763886,3.431372101111111,3.984610001875,1.0493059154166666
2023-12-23,2047589420.3993056,190767925.7357035,4.304564094444444,3.844456238784722,4.405651701423611,0.94350463625
2023-12-24,2043950072.5,191494661.59905082,4.206003990451389,4.126116444270833,4.278533934722223,0.9772021104513888
2023-12-25,2042152631.5972223,190590162.75664657,4.172274539756945,4.218517372291667,4.401389067326389,1.0282205813541667
2023-12-26,2067149171.6215277,190937482.54041234,4.982067735763889,4.2646791253472225,5.104038441388889,0.9995263150347223
2023-12-27,2017892848.2256944,186224633.05872208,4.266686073298612,4.400344504826389,4.493960849375,1.0723812692708334
2023-12-28,2022331389.7881944,188110926.33255732,4.180895887291666,4.34297836454861,4.254754116458333,1.0215293342708334
2023-12-29,2006597522.7569444,184072205.7673379,4.677119475486111,4.428818658472222,4.986916377048612,0.9932816067013888
2023-12-30,2000529736.8402777,181111954.40639782,5.0582665309375,4.575289998611111,5.536586647395833,1.0720477959374999
2023-12-31,1992668708.2465277,179824869.4223037,4.965202857118055,4.642412346701389,5.599874146006944,1.0879905362847222
2024-01-01,1977456785.4444444,178849211.32806486,4.7034807525,4.670006307430556,5.296845173333334,1.121901222951389
2024-01-02,2030097626.7638888,187701028.35085496,4.649917373125,4.394616559618055,4.7001855119444444,1.007558642673611
2024-01-03,1919413661.9895833,167357318.3993474,5.179061278090278,4.252463407118055,5.440349298541666,1.0029645604513888
2024-01-04,1646803821.875,136602157.47860035,4.644172717847223,3.600153139409722,5.175220449270833,1.0466605735763888
2024-01-05,1597297030.3784723,131927793.518566,4.6898737483333335,3.3424902443402775,5.048487185277778,1.017802513576389
2024-01-06,1552874709.2465277,125731491.74532832,4.621829233090278,3.3030051977777775,4.884695731631945,1.1160913200347222
2024-01-07,1544766655.3611112,123826376.08068722,4.4323742853472226,2.851752719861111,4.834973991076389,1.167193586875
2024-01-08,1409178926.9027777,110877625.22898977,4.1164583349652775,2.662592513263889,4.555884366597223,1.0536604303819446
2024-01-09,1368720282.6423612,108633193.20271763,4.117294417673611,2.5102673662847224,4.471968204861111,1.0164127694097222
2024-01-10,1376917638.3506944,109066750.70517935,3.9055140930902774,2.3012109443402777,4.4234114090972225,0.9995239030555556
2024-01-11,1317984853.0625,111303479.82175878,3.841297948263889,2.3593890859375,3.895621825729167,1.02761446375
2024-01-12,1339750933.2430556,111409062.47384077,4.166873036875,2.2883592421527776,4.274692498159722,0.9967057471875
2024-01-13,1332956572.7326388,107362058.90643507,4.688377968784723,2.3813555296875,4.999516717222223,1.0593833397916665
2024-01-14,1334710371.65625,108882099.23759037,4.154244537708333,2.4558779436805556,4.4398705268750005,1.0322578909027778
2024-01-15,1317995641.3958333,106799256.61857636,3.9108703871875,2.466293441736111,4.286377972951389,1.0264782652083335
2024-01-16,1344784615.6215277,109343013.3324197,3.956690861041667,2.5684788340277778,4.151223814097222,1.04922452875
2024-01-17,1356420863.5138888,109455860.17872953,4.204479862222223,2.549995750798611,4.478314965347222,1.0024826111458334
2024-01-18,1359082187.3854167,108253756.60271737,4.4002548090625,2.7488547009375,4.486184932291667,0.9665045217013889
2024-01-19,1381271511.53125,107538854.97332454,3.9337194233680557,2.711093616979167,4.369804402986111,1.0945684385069443
2024-01-20,1489467371.4965277,119494017.32709527,3.274833973680556,2.657821520625,3.6245180678125,1.0610410500694445
2024-01-21,1894108274.8368056,164362023.88116175,3.0059011067013888,2.394441020347222,2.8025642208333332,1.0826801105208332
2024-01-22,1766116557.7708333,146775815.4474559,4.401078195590277,2.745694352326389,4.101934014444445,1.0792991357291666
2024-01-23,1665101302.8576388,130802627.46833624,4.642133707118056,2.901748541736111,4.894045973854166,1.0405317403819445
2024-01-24,1609078193.0625,127111980.29129833,3.765757200173611,2.7536050538194443,4.040495831736111,1.1184753333333335
2024-01-25,1604847415.5520833,125126495.36518295,4.024146074583333,2.9071257686458334,4.365388617638889,1.0665219414583333
2024-01-26,1595472592.1354167,125976326.28925122,3.484685071076389,3.003495440763889,4.059226777013889,1.0755726196527777
2024-01-27,1612896369.59375,128698251.72849059,3.3107703860416664,3.063405188263889,3.741617991458333,1.1540762285069444
2024-01-28,1655773450.3888888,132214202.41084859,3.3550298271180554,3.1481364827083334,3.7131365713194446,1.0045919833680557
2024-01-29,1710653533.0243056,137769543.6328217,3.103047395763889,3.109561998715278,3.4521780018055552,1.0786375210069443
2024-01-30,1786306590.7847223,145112760.57609499,3.248898099375,3.058910807534722,3.5129013043402777,1.1199595210763889
2024-01-31,1757889721.7152777,139678130.56253624,3.6088004396527773,3.0851202245138887,4.001433687951389,1.025666181840278
2024-02-01,1720629964.7743056,135874854.96083874,3.717736791354167,3.134853600138889,4.207406453020834,1.1065555373611111
2024-02-02,1732011025.3020833,137482467.75909984,3.5463990803125,3.1775401196527775,4.039198540868055,1.1704216959375
2024-02-03,1738660095.8923612,137546662.29241318,3.5815486684027777,3.13047031125,4.142385439930555,1.277690624236111
2024-02-04,1748547146.3229167,137960507.8625573,3.631540376423611,3.086208365277778,4.322008525104167,1.119201403611111
2024-02-05,1709937499.1840277,134471028.73811945,3.754325268263889,3.2460639027083333,4.348386689895833,1.1506074638888888
2024-02-06,1711551226.0694444,134374613.27053225,3.896135274131945,3.343171829513889,4.4998420496875,1.1570076011805555
2024-02-07,1701568123.3055556,134437836.4615063,3.7896878122916666,3.592108269236111,4.274149512222222,1.1307849932986112
2024-02-08,1763478029.4513888,141321754.72843564,3.4392854891319447,4.000787546111111,3.539135854131944,1.1340744437499999
2024-02-09,1819789494.2951388,147694072.68714437,3.3956934432291668,4.329742444340278,3.4828275943402778,1.181648569965278
2024-02-10,1861065442.7777777,151258260.02861103,3.5847647766319444,4.4974340327430555,3.589401604965278,1.198955868298611
2024-02-11,1887866445.7430556,154661148.05390686,3.479943644826389,4.574665223055556,3.4865230957986113,1.2173005712152778
2024-02-12,1898056866.8472223,153594489.86202672,3.7472491064930558,4.592451041562501,3.9471643085069448,1.1213972647222221
2024-02-13,1977137704.0625,161792139.7416443,3.7874284515625,4.419058528472222,3.747395898611111,1.12728010625
2024-02-14,2092664528.6215277,174297276.09881043,3.567657863368056,4.0473433689236105,3.5738328321527777,1.1231382904166667
2024-02-15,2217372460.71875,190389927.98325604,3.641507946840278,4.080234243680556,3.5332960559375,1.0590985051041666
2024-02-16,2167873427.141104,186719494.40135464,3.715886973251534,4.575771290858896,3.641284800122699,1.0711985039263803
2024-02-17,2162709806.9965277,182092851.21389097,4.284057436701389,4.7468954135069445,4.227015851493055,1.2044480856597222
2024-02-18,2155329489.9652777,181321758.72976428,4.0506021215625,4.569084636111111,4.200189156006945,1.2045589731597222
2024-02-19,2178141762.1180553,189642842.4484395,3.5495495118402776,4.605633319826389,3.4126949584027777,1.0826406475347221
2024-02-20,2160270436.0381947,187792007.77283907,4.376922539097222,4.742370709756944,4.149294513020833,1.0661570421180555
2024-02-21,2012308186.2013888,169276914.28132972,4.774611610590278,4.547385714131945,5.035027737256944,1.079503230763889
2024-02-22,1971391603.9201388,166756925.36573103,3.7120785790625,4.721523860868055,4.1298601398263886,1.1051163815277778
2024-02-23,1985746627.3715277,167258371.47108555,3.7271072694791667,4.594477341145834,4.0968211828819445,1.0308641494444446
2024-02-24,2052074365.4027777,175304854.44674084,4.043951378611111,4.849869259791666,3.9393922743750003,1.1788136511111111
2024-02-25,2084534183.0208333,179673564.6957084,4.103371663854166,5.043859602152778,3.8063762248611113,1.2146979751041667
2024-02-26,2080066349.6666667,179542552.1789762,4.283097936597223,5.045340370868056,4.2169981136458325,1.129390217013889
2024-02-27,2319661849.0868053,219014440.7302645,3.5545858213194443,4.116050187256945,3.1971884068402776,1.0789465224305554
2024-02-28,2484625945.7395835,254886718.58439943,3.9457849535416667,3.916664929270833,3.5396192367361112,1.0433233621180555
2024-02-29,2635914385.326389,329380470.5376206,3.8350578946180556,4.4705926668750005,3.427558460277778,0.9856528911805555
2024-03-01,2535382482.861111,320649156.97411275,4.224972129756945,4.868299127777778,3.9214972845138885,1.0280498143402776
2024-03-02,2574738464.079861,365577490.4096904,4.552599667916667,5.160328829027778,4.049067477048611,0.9876200903472222
2024-03-03,2501465013.1145835,355401640.5735881,4.5547323890277776,4.978949580555556,4.102677391631945,1.0231879253125
2024-03-04,2590625188.965157,430754950.75760585,3.8493212104878047,5.527627135888501,3.39169556825784,1.0179384006968641
2024-03-05,2577156624.7534723,452970426.23202497,5.105360208368055,5.821529795138889,4.783834142534722,0.9795776840277779
2024-03-06,2249400093.96875,361287626.0072901,5.1158700786805555,5.040306114583334,5.009292712881945,1.0191614756944445
2024-03-07,2244767547.6979165,346686191.40982735,5.111677511423611,4.296374506944444,5.307032439305555,1.0360248506944445
2024-03-08,2329762742.704861,387018078.4797348,4.484390489479167,4.338075701388889,3.7881898764236106,1.0482310347222221
2024-03-09,2397500983.7604165,412508355.4178372,4.428044596493056,4.415744246527778,3.8731325345138887,1.0184536666666668
2024-03-10,2443176270.8680553,425064028.5212044,5.714526655868055,4.972191579861111,4.820398154305555,1.0000402326388889
2024-03-11,2343388580.34375,405870000.7809803,4.984657628194444,5.675269010416667,4.531085417152777,1.036924388888889
2024-03-12,2327288217.6319447,397670869.9467416,5.695263736840278,5.004802701388889,5.284037317187501,0.9995017604166667
2024-03-13,2264397832.7916665,385013897.30391043,4.981949786527777,4.556706465277778,4.767821622986111,1.020056576388889
2024-03-14,2456740879.420139,438644928.4887841,5.601113919548611,4.929174947916667,4.605121586215278,1.022951857638889
2024-03-15,2169661551.125,357878454.5392111,6.148400087395833,4.738283201388889,5.892032370833333,0.968180326388889
2024-03-16,2206461236.6597223,341589195.5178137,5.457939196423611,3.893723079861111,5.889810774687501,0.9929318159722222
2024-03-17,2304186765.1041665,343261104.0420623,4.271703635972222,3.7577477256944443,4.745997427604166,1.0515367743055557
2024-03-18,2247618685.6597223,330419182.8049661,4.822531301527778,3.849057079861111,5.294769554097222,1.0056615
2024-03-19,2205503462.9409723,292714135.8138682,4.553240771944444,3.930827010416667,5.096384721805555,1.0156536388888888
2024-03-20,2226856246.75,300787660.5667667,3.945584582083333,4.265076131944444,4.510009160069444,1.0388380520833334
2024-03-21,2310438739.3194447,352339810.6478389,3.070356504583333,4.314181236111111,3.071388231041667,1.0138066458333332
2024-03-22,2305985554.3958335,356492151.0938785,3.7317034821180552,4.605071357638889,3.658687671284722,1.0263663333333333
2024-03-23,2416690795.611111,396974625.78820354,3.0683049502430553,4.135488125,2.730765415277778,1.0584863194444445
2024-03-24,2528784107.625,436061026.2922369,2.937939765486111,3.7547769305555554,2.4916533549305555,1.0742078194444444
2024-03-25,2468988936.9375,433768061.03028697,3.3446021194791666,3.82950578125,2.9908002607986113,1.0821531111111111
2024-03-26,2481398055.423611,446968008.3095119,3.242633990451389,4.2087955,2.9781648755902776,1.0506408680555555
2024-03-27,2595142970.9583335,481019883.9594109,3.3597883272569447,4.409440815972222,2.6649006157291666,1.0454056006944445
2024-03-28,2967284235.8680553,624236239.5128734,2.5800170660763886,4.308730020833334,2.0939005332291667,1.0294829652777777
2024-03-29,2912714220.4027777,626274412.1309785,3.011668197673611,5.346048340277778,2.4409351118055556,1.034253517361111
2024-03-30,2860602895.9131947,592751186.2529922,4.4968102246875,5.908405513888889,3.6485931379861114,0.9992858263888889
2024-03-31,2761648590.1909723,579171262.8063502,3.054422347013889,5.757390555555556,2.9853190738194444,1.0228871145833334
2024-04-01,2699862983.1909723,560616110.7714095,4.382237312083333,6.394763232638889,3.936988485451389,1.054893892361111
2024-04-02,2601662311.2569447,488989724.30911094,5.8535061914930555,6.622177989583333,5.225184365451389,1.0067978715277777
2024-04-03,2469977162.6666665,447144257.0290939,5.115425601319444,5.64742284375,5.2593730283680555,1.0269980659722222
2024-04-04,2353945965.2743053,423996049.3446808,3.6499103671527777,4.872031243055556,4.138781185590278,1.0302803958333333
2024-04-05,2193454545.8055553,384176442.09145546,3.7711449096875,4.492307836805555,4.322963949375,1.0069466527777777
2024-04-06,2206519674.8194447,402857210.89342386,2.795962266215278,4.209418913194444,3.0650690189930554,1.0303059583333334
2024-04-07,2280945773.3090277,449511678.7898749,2.2829000620833333,4.3046680625,2.3532207892708334,1.0441109826388888
2024-04-08,2349164139.09375,475950675.90026736,2.3106151750694446,4.43694425,2.358776156840278,1.062903267361111
2024-04-09,2338687010.0868053,454949648.64495075,4.532331330173611,5.415586149305556,4.066056535312501,1.0216292534722222
2024-04-10,2304709862.579861,441310580.1651746,4.598551784340278,5.578596513888889,4.228021713680556,1.0138973298611111
2024-04-11,2328075454.923611,456011416.1420329,3.746157131388889,4.954205190972222,3.512223062326389,1.0284005347222223
2024-04-12,2267414914.2604165,433274357.27190405,3.6201393104861115,5.269189440972222,3.428080919375,0.9869230243055556
2024-04-13,1960624068.7916667,325390638.17361134,3.8886109402430558,4.326707614583333,4.0912763702430555,0.9802616944444443
2024-04-14,1735937717.25,266735348.24324703,2.317498302638889,3.9055450833333336,2.718987442326389,1.0068467118055555
2024-04-15,1702185371.0625,272330626.6995146,2.3677795160069444,3.845718954861111,2.817806499513889,1.0103465833333334
2024-04-16,1657374563.8194444,256515999.5956092,2.6170717778472223,3.9818494270833336,2.9840954442013885,0.9918017013888889
2024-04-17,1635626644.0694444,249466400.2058912,2.478087866145833,4.173135208333333,2.9234078232638887,1.040752128472222
2024-04-18,1583096016.5104167,234629846.01293066,2.307808307951389,3.7397267395833333,2.885931482326389,1.0131964791666668
2024-04-19,1531646870.2048612,231277377.4811808,2.225358178159722,3.687411368055556,2.6236222216319445,1.0454980624999999
2024-04-20,1512683752.5520833,236950207.5349722,2.6411357061805556,3.6751088368055553,2.9308236678125,1.0350215
2024-04-21,1512773372.5138888,242850674.64788854,2.740361317013889,3.9801469548611106,2.982692408819444,1.0589840381944446
2024-04-22,1531323802.1875,245289252.84052747,2.689679162013889,3.5256543645833336,3.1586731264583334,1.0461085868055555
2024-04-23,1550918594.5243056,247714983.68900537,2.8610289774305553,3.335796045138889,3.3385415167013885,1.0165204930555556
2024-04-24,1589930926.7083333,251609356.97199652,3.1691767925694445,3.458694760416667,3.6678948016666664,1.0603705069444445
2024-04-25,1624508851.2743056,245308597.3111045,3.651601041805556,3.114422625,4.236288526597223,1.0557362569444444
2024-04-26,1640627554.0277777,245581792.10945526,2.9548537154513888,3.0221512013888887,3.671666804652778,1.013962263888889
2024-04-27,1624442601.5381944,237390233.11799282,2.8092609773958332,2.973785809027778,3.5555437146875,1.054204954861111
2024-04-28,1639390956.9861112,245045191.8474758,2.3655285752083333,2.9740743368055558,3.091960835034722,1.05628471875
2024-04-29,1689946559.0729167,241124349.16528803,2.7035729540972224,2.7223742222222223,3.6388300468750003,1.0573262847222222
2024-04-30,1648569624.9548612,226727534.60306466,2.97585712625,2.796721576388889,3.8136754341666665,1.00103609375
2024-05-01,1549407067.0590277,197366066.2744316,3.0697911500347224,2.8032572986111113,3.7886823258680553,1.0436664861111111
2024-05-02,1480194769.2534723,192306317.8322531,2.585505984791667,2.4375373229166666,3.2340856399652775,1.0331915694444445
2024-05-03,1449904943.5625,198532761.407302,2.4908376548263886,2.4140756215277777,2.957809398541667,1.0574775868055555
2024-05-04,1576447471.8298612,246603625.91592106,2.3113980068402777,2.343238583333333,2.4061915986458335,1.0395137395833334
2024-05-05,1588541786.4340277,254745676.0485264,2.4634659695833334,2.3302898645833334,2.3971835428819444,1.0521492222222222
2024-05-06,1541667285.4548612,247598308.53917488,2.638938143645833,2.172819065972222,2.711009722638889,1.0483472916666665
2024-05-07,1441509834.8576388,224490747.91461375,3.178660843090278,2.2005631284722225,3.3034959425694446,0.996916486111111
2024-05-08,1490464339.8194444,220767887.74087414,4.186173002256945,2.3737750243055555,4.1606210759375,1.061475548611111
2024-05-09,1464862775.8611112,216321066.81168127,3.827718350555555,2.4025894097222222,3.8998196673611107,1.1136571180555555
2024-05-10,1421727773.8541667,210647147.73551843,3.0507681007986114,2.2725441631944445,3.3810177960069443,1.0724280173611112
2024-05-11,1444589592.7708333,208112042.87233415,2.909110696875,2.0933201354166666,3.59391399625,1.0519469375
2024-05-12,1402082393.1111112,199643570.4942103,2.873213660763889,2.128893302083333,3.523751007361111,1.2104310868055554
2024-05-13,1504947463.1805556,218798903.3677275,2.3676835926041666,2.061251722222222,2.8718334926041664,1.0984309201388889
2024-05-14,1599556516.8472223,237800937.84746915,2.5417054670486112,2.2589998854166664,2.809602115798611,1.1275013958333333
2024-05-15,1569734298.9756944,235682536.20706633,2.6995773186805554,2.237482125,3.1151937098611113,1.1110944652777777
2024-05-16,1613433619.9479167,247336496.6710169,3.3604495590625003,2.4544313090277776,3.311574129305556,1.1209267083333332
2024-05-17,1576208445.7152777,240718279.0299619,3.1063649024999997,2.4351451041666667,3.360188239201389,1.1677607291666667
2024-05-18,1601846945.8645833,246944134.66101176,3.049504894895833,2.63282021875,3.2213118331597226,1.1169329027777777
2024-05-19,1584059528.3888888,240435753.1423858,3.2418522983333333,2.624240972222222,3.5842189614930557,1.0708624375
2024-05-20,1561175174.8715277,238920978.76586792,3.1181135527083335,2.5528716319444444,3.335056240451389,1.0905080694444445
2024-05-21,1738368453.3298612,288457724.9888764,2.8241920360763886,2.9812602847222225,2.7859141681944446,1.0751443749999998
2024-05-22,1824815278.7951388,306189831.3490248,3.240487661840278,3.0126720381944443,3.107113163715278,1.0659553541666666
2024-05-23,1759279675.65625,287591365.013612,3.5778850236111115,3.479575538194444,3.526829130625,1.0490732430555556
2024-05-24,1756642264.7048612,284982483.68165153,2.8764231972569445,3.193382479166667,3.1851171608333333,1.10850434375
2024-05-25,1827364282.3645833,305100650.17411304,2.6131655044097224,3.1009116909722225,2.8327551376041664,1.11506003125
2024-05-26,1884541639.6840277,319876955.3216453,3.0332031613194443,3.304208392361111,2.890360738784722,1.1142087569444445
2024-05-27,1869714036.9826388,314754768.3927377,2.919784707673611,3.3516034375,3.095151841215278,1.1362858437499999
2024-05-28,1799157744.0486112,297254610.04569656,3.0109186509027777,3.2859206527777776,3.351471865763889,1.0481343055555556
2024-05-29,1816425123.9305556,301777259.25609165,3.007615074861111,3.212897625,3.2294864978819446,1.0682878159722222
2024-05-30,1738827167.9444444,280916993.99799645,3.3129788436458334,3.210031420138889,3.8464821895486114,1.1118099618055557
2024-05-31,1644630864.8541667,262372918.43129233,3.858474077222222,3.1694576111111115,4.463109318368056,1.0459334097222222
2024-06-01,1594803047.8645833,255201533.65724203,3.211525009201389,3.4741792777777776,3.577108854097222,1.1018851805555556
2024-06-02,1611491526.9722223,255516630.05889824,3.1098477221875003,3.37925940625,3.790024579166667,1.157340034722222
2024-06-03,1633193175.1215277,262049184.17979854,2.733582666875,3.3735056180555554,3.217509679895833,1.0848853611111111
2024-06-04,1642529684.7951388,261948029.83005053,2.7737534900347223,3.2578798819444446,3.451197913541667,1.1197124722222223
2024-06-05,1719093794.4375,280383860.0418144,3.160027582013889,3.1831358541666663,3.256863436423611,1.0959485347222222
2024-06-06,1721562562.4826388,279232987.2211341,3.839553237569444,3.2970330590277777,3.9479816734722224,1.1600380416666667
2024-06-07,1686738641.5590277,266067208.63523272,3.8718708130555552,2.989135166666667,4.294226491840278,1.0063687222222222
2024-06-08,1536297716.7569444,225619891.86328626,3.3549053983333335,2.576419152777778,4.06125787625,0.957287482638889
2024-06-09,1546439028.9444444,226609699.30815545,2.817928753888889,2.4089359930555556,3.6041233006944444,1.0915412638888888
2024-06-10,1513641944.3368056,219791945.08396143,2.7202704481944444,2.4277285694444446,3.641210726388889,1.1663984722222223
2024-06-11,1450119431.2708333,203181010.39080215,2.9604844346180554,2.5631156145833334,3.861957862708333,0.9817638645833333
2024-06-12,1562066281.40625,223756827.87820598,2.7333518875609757,2.3547855783972125,3.408445017630662,1.1853614166666668
2024-06-13,1732634687.5034723,247943337.82638332,3.1201644492708334,2.6502892361111114,3.7128826765625,1.1080251041666667
2024-06-14,1679704919.6284723,234519726.38420004,3.1057832119097224,2.7007705347222224,3.842973429826389,0.9916154965277778
2024-06-15,1507370671.59375,205373502.44944814,2.8456086207291666,2.502840142361111,3.573581562291667,1.0997774027777778
2024-06-16,1503484600.8159723,204665229.27343178,3.059093666840278,2.5000219062499998,3.7287255552083334,1.1392544861111111
2024-06-17,1528932189.4930556,203609288.4824472,3.594106695416667,2.4226277673611114,4.0942630094097225,1.0652212951388889
2024-06-18,1484069399.1597223,179870892.86772883,2.8167777225694444,2.089444034722222,3.2504841597916663,1.0098207083333335
2024-06-19,1377274739.2465277,170687882.36059007,2.3374570589583334,2.023151204861111,2.8258735752777775,1.11681728125
2024-06-20,1286729183.90625,159787228.86053753,2.5888191885069443,2.0943218090277775,3.0700908065625,1.0620778541666667
2024-06-21,1255539088.6979167,155463073.49401745,2.632644084340278,2.089365132142857,2.9049188438194444,1.035599701388889
2024-06-22,1227572461.2951388,152504939.72740626,2.6133182538541666,2.1741474722222223,2.9081848888541666,1.1524805208333335
2024-06-23,1237481157.4340277,153463019.38677534,2.7288662878125,2.1172186111111113,3.052247178611111,1.1327167777777778
2024-06-24,1187866472.9236112,140933990.2292832,3.3536341410069443,2.1467755104166666,3.575798167777778,1.051613673611111
2024-06-25,1191635167.7638888,147844798.15760726,2.613574000416667,2.291363236111111,2.8990515603125,1.076612875
2024-06-26,1295928971.4166667,161608005.98185414,3.255913187048611,2.488553958333333,3.434147025972222,1.0898699409722221
2024-06-27,1289421196.6944444,159091192.15101606,3.342500382638889,2.579472940972222,3.6610993269097225,1.156676517361111
2024-06-28,1302633655.1041667,163352294.95202696,2.9772924110416668,2.5196470972222222,3.188155616840278,1.0814878194444444
2024-06-29,1275816449.4791667,157303078.71848977,3.1540061013541667,2.4335230069444447,3.614373300173611,1.2300551875
2024-06-30,1284492362.7430556,157304086.58766922,2.8915494974305553,2.3555383645833334,3.4466591719097224,1.1321820520833332
2024-07-01,1284640979.0972223,160956562.78663954,2.6260050819444443,2.4792896076388886,2.973593152361111,1.0893144583333332
2024-07-02,1269883371.3680556,157102551.38374802,2.7028225221527777,2.3889341215277775,3.086551952708333,1.1492915625
2024-07-03,1287935066.9479167,154915845.28593946,2.865572973888889,2.3432491076388886,3.381814980451389,1.065407076388889
2024-07-04,1343353175.2604167,149163081.71412468,3.008452057222222,2.0510269027777777,3.5557025445833332,1.0816912222222221
2024-07-05,1265490450.5,127056713.51555473,2.3780979849305557,1.7666057777777777,2.8481819340277776,1.0523693888888888
2024-07-06,1215329851.15625,132734874.41834524,2.0141774091319444,1.671617517361111,2.505811603194444,1.06939753125
2024-07-07,1173867381.7395833,127922213.20703796,2.436958748125,1.8438878993055556,2.7072618060069447,1.091128840277778
2024-07-08,1112280748.6666667,117935170.2297192,2.370897101701389,1.9874521319444445,2.7548317254861114,1.055620277777778
2024-07-09,1118545599.9270833,120491906.7146293,2.4535303952430554,2.052825482638889,2.7605474729166666,1.0691439826388889
2024-07-10,1102766242.2743056,119592981.8669908,2.637777136076389,1.9745450555555557,2.861833657604167,1.064162545138889
2024-07-11,1088669262.5486112,117788643.9841384,2.7918232602083335,2.0045452048611114,3.0378826015972225,1.1225732152777779
2024-07-12,1073889848.1805556,114513338.79911861,3.1426543029513887,1.899512173611111,3.3568531979166667,1.1884213229166667
2024-07-13,1107981555.3194444,121570920.88038042,2.7079677863541667,1.896730378472222,2.8282054518402777,1.131934159722222
2024-07-14,1107616233.7083333,125254488.9129454,2.534913965625,1.9753309270833332,2.5152235912847223,1.0582707847222224
2024-07-15,1111811657.3402777,132342422.39920123,2.067023422951389,1.778788732638889,2.1709642025,1.0984470972222222
2024-07-16,1120868886.2083333,138875685.78887594,2.2768483161458333,1.7555365868055555,2.2891677253125002,1.0662281770833333
2024-07-17,1129589947.1215277,140441838.66471344,2.3726002084722224,1.7075038333333332,2.4203265193055556,1.11065684375
2024-07-18,1132820112.6736112,136944791.31637037,2.6746039929861114,1.689578888888889,2.6780570656944445,1.08701115625
2024-07-19,1123303721.9479167,136503503.4740751,2.348816911041667,1.7350710590277778,2.4573854624652776,1.1236954895833333
2024-07-20,1273667168.2083333,164880028.81719983,2.0194251868055555,1.8541348611111113,2.0162625971180557,1.1213642256944445
2024-07-21,1409871647.4305556,187460003.3048215,2.2740551072569444,2.0074253819444445,2.179372972604167,1.0784216284722221
2024-07-22,1580140419.2118056,219810825.84836105,2.383355597152778,2.080648138888889,2.270786402152778,1.0371357881944445
2024-07-23,1500440423.5833333,200606669.66324222,3.201848249965278,2.122264045138889,3.0000256230555555,1.0899447013888888
2024-07-24,1428742180.40625,187672224.61762163,3.1011776211458333,2.18005640625,3.1086715678472223,1.096096673611111
2024-07-25,1355460365.8854167,168054374.92605713,3.379267429652778,2.296610229166667,3.403234794201389,1.0750022291666665
2024-07-26,1427257670.3298612,186031317.84545064,2.0767146881944445,2.1486863368055555,2.3974422253819445,1.1071360555555556
2024-07-27,1498725983.2638888,201153629.91358677,2.2052197039930554,2.258263197916667,2.2841020191319448,1.09192825
2024-07-28,1452117355.15625,188822772.8373596,2.877102852638889,2.2825995694444448,2.8786648112152777,1.26637596875
2024-07-29,1402132284.3680556,184741475.06029224,2.204888690902778,2.2815658645833334,2.4614531228472223,1.0593842152777777
2024-07-30,1361962610.2534723,174166365.9086057,2.5906674724305554,2.410649131944444,2.893516271840278,1.1721548854166666
2024-07-31,1283198669.8611112,160544145.31748527,3.1777969471875003,2.4719347743055557,3.387636254305556,1.0902734131944445
2024-08-01,1216992425.1527777,144838089.4610018,2.981520602951389,2.3948644131944445,3.330021243229167,1.1015247916666668
2024-08-02,1192403416.4583333,137558336.53092512,2.7864016805555556,2.46980084375,3.0984359244444444,1.084159815972222
2024-08-03,1190848711.4722223,132078054.43725814,2.6857752171180556,2.5577419409722224,3.11780403875,1.160170267361111
2024-08-04,1214781129.4722223,128777822.15082902,2.554065242986111,2.4455863541666667,3.0010145102083334,1.0639922118055556
2024-08-05,1059444606.3576388,96863488.08227153,2.4784153914236113,1.9566963888888889,2.764278388159722,0.9995851666666667
2024-08-06,1029312286.6006944,100363492.17625171,2.246807541840278,1.4479749027777777,2.6580349451388887,0.9978428506944444
2024-08-07,1070114068.9895834,104886189.05048995,2.2701625063541666,1.397475371527778,2.596064246111111,0.9923635555555556
2024-08-08,1067092941.3576388,107796021.4165491,2.349343568090278,1.4956747152777778,2.561574686041667,1.1149793263888887
2024-08-09,1056050162.6388888,110130322.37651606,2.7444956451041667,1.7232968159722222,2.7580819572569446,1.0789724895833332
2024-08-10,1023060346.6041666,106809227.93041994,2.672376154965278,1.723171986111111,2.6960637650347223,1.155482920138889
2024-08-11,1040371379.9097222,110597503.64520466,2.7191407903472222,1.6067339166666668,2.728256528923611,1.0878227534722222
2024-08-12,993320742.9131944,103553114.48613834,2.576311687793594,1.4917349039145906,2.8166128954285714,1.175522357638889
2024-08-13,975065929.0416666,102846789.93176891,2.79112985375,1.6568286840277777,2.836139373715278,1.0933815902777777
2024-08-14,989828703.7013888,103345603.55491,2.6734900419444445,1.6229178888888889,2.8677124736458333,1.0735677291666665
2024-08-15,1012473862.6458334,103261091.05591112,2.4706269929166664,1.5022935868055556,2.8154753155208336,1.1056545069444443
2024-08-16,1006238122.2256944,101107936.8671946,2.376898765590278,1.378365107638889,2.6412632135416665,1.0992934027777777
2024-08-17,1011300712.4513888,102794550.94735116,2.2676692253125,1.39793053125,2.4722660616319443,1.1892421493055556
2024-08-18,1013012867.4618056,103835185.14666371,2.1863929164236113,1.4226147083333334,2.4490347941319444,1.1827989305555555
2024-08-19,1037173745.0625,103875455.93078609,2.3026552555555555,1.3786633923611111,2.6890220096527777,1.2168012430555555
2024-08-20,1106227120.6527777,115018914.33169408,2.337092816840278,1.4916992222222223,2.509390835555555,1.0969164375
2024-08-21,1111157527.1875,116035581.12197867,2.740643854930555,1.447430454861111,2.832318443923611,1.0970028194444443
2024-08-22,1089218391.2916667,114921952.55988479,2.956233773229167,1.4729954895833333,2.7981618194791666,1.13094546875
2024-08-23,1104706658.0520833,120253903.32575314,2.8443452441319446,1.5503019027777778,2.636918103611111,1.1510815833333334
2024-08-24,1112956109.8125,125501414.47213905,2.9475557328819444,1.761580684027778,2.753819860208333,1.154734170138889
2024-08-25,1101202740.5,121204611.36973388,3.1075186649652777,1.7540705,3.0278354437847224,1.19202053125
2024-08-26,1087288518.1180556,117110566.1426656,3.0024373454861113,1.7403620555555555,3.0755236080902777,1.1200885659722222
2024-08-27,1087573648.2118056,113385749.23013854,2.659869766006944,1.7478039444444444,2.9138486986458334,1.0981818819444444
2024-08-28,1026646568.0381944,102163441.13640337,2.563553106736111,1.5982741076388889,2.964677390208333,0.9997480868055556
2024-08-29,1004831033.0659722,100997334.73737492,2.8051675105208336,1.6283323125,3.1319497321875,1.12613540625
2024-08-30,1014569967.4791666,101896010.52715258,2.808222568576389,1.636398972222222,3.0513139756597223,1.2206942951388888
2024-08-31,1004321012.59375,101731367.95317124,2.848419217673611,1.788002684027778,3.007670635208333,1.201353625
2024-09-01,1037691703.3611112,102565110.00242163,3.3346230350347223,1.6677920729166666,3.4827091750347225,0.9880341284722223
2024-09-02,1046543201.8263888,101231830.25478323,2.5761449670138887,1.4567020590277777,2.9248081764236114,1.1278050277777778
2024-09-03,1033265394.1909722,102001130.01780452,2.9179952833333336,1.5696966527777778,3.0786438470833333,1.1767695381944445
2024-09-04,1014537787.15625,97982174.7884591,3.041310283819444,1.5595571701388888,3.213364610590278,1.1897736493055555
2024-09-05,1002215874.3020834,97827473.16421121,3.0904487918749997,1.6173857361111112,3.1352196303125,1.0452771770833333
2024-09-06,1084770844.6180556,103469113.78371206,3.4025352527083332,1.5401313854166667,3.4921292797222225,1.0060339409722223
2024-09-07,1100274159.5972223,103396929.46329953,2.7816162064930556,1.4144635868055557,3.1609599879513888,1.127862496527778
2024-09-08,1080222027.75,103130246.19627056,2.8698549189930556,1.5183578263888888,3.009835994305556,1.1772644305555557
2024-09-09,1058103420.2013888,105075235.8321845,2.8235390754861114,1.6575314409722222,2.761536310381944,1.1857092465277779
2024-09-10,1090401449.40625,112310318.63219756,2.8141246810416667,1.9491333854166666,2.4291696172916666,1.1866922465277776
2024-09-11,1075805890.9305556,108434654.25302285,3.204811117465278,2.0480408125,2.866898427326389,1.1066860555555555
2024-09-12,1065726440.2604166,108748009.91410568,3.089408179409722,2.052952590277778,2.9076340916319445,1.1523219131944444
2024-09-13,1188357514.3611112,124898684.11479253,2.7735611094791666,2.0069813715277776,2.6095413521527777,1.1516558194444444
2024-09-14,1246664236.6736112,132156571.94982573,2.758700674861111,1.9480473680555557,2.470565751111111,1.1747657395833333
2024-09-15,1237901712.0833333,130223240.65624383,2.865300989444444,1.9625414791666667,2.6701622578125,1.1381094131944445
2024-09-16,1164194851.5798612,117329000.06939334,2.9045872278125002,2.029110517361111,2.9967964525,1.0412974861111113
2024-09-17,1108125679.8576388,111547793.34433967,2.438856678854167,2.1501415833333333,2.721791968090278,1.0848430868055554
2024-09-18,1127656060.6666667,113810360.67015286,2.5188390233333333,2.3280661631944444,2.7365308544791667,1.0589654583333334
2024-09-19,1131746334.6458333,118678257.14922242,2.3603496365625,2.4954989652777777,2.38815685375,1.1268193541666667
2024-09-20,1136510763.9444444,119868671.21268092,2.87105540125,2.5846643645833334,2.658427346215278,1.0814256840277778
2024-09-21,1186146449.9756944,126840657.38404574,2.9880167034722223,2.6290943715277777,2.6142542306944443,1.217862625
2024-09-22,1225406512.1388888,131237601.17726977,3.069307763715278,3.115106017361111,2.643266047638889,1.1324998159722222
2024-09-23,1186680094.2916667,127091019.62340829,2.8066083288194448,2.5162132743055556,2.6493291702083335,1.1274119652777777
2024-09-24,1237565173.2013888,134213352.3902094,3.004476886770833,2.4242263680555554,2.590804678402778,1.1841729618055554
2024-09-25,1282368631.1979167,140489823.01074558,3.1237638803125,2.7446775902777776,2.5805512975694445,1.0172423923611111
2024-09-26,1428338998.8229167,163034274.90042537,2.522291979965278,2.384807097222222,2.204889855868055,1.101269142361111
2024-09-27,1516808588.4479167,186236639.2705727,2.0922822033680557,2.365796583333333,1.9728558350347223,1.0832399166666666
2024-09-28,1546055480.1423612,195416945.05555522,2.2901586369444447,2.3851062881944447,2.077419096979167,1.028931829861111
2024-09-29,1578521306.2256944,200655656.87697995,2.338586149166667,2.3655136631944442,2.2164002303472223,1.0978972638888889
2024-09-30,1560542864.5069444,187504283.49278045,3.103660245277778,2.592833920138889,2.8142220367708335,1.0260501875
2024-10-01,1395198135.2916667,158661642.3591069,3.421454245486111,2.810097597222222,3.248579757604167,1.0065508368055556
2024-10-02,1284396409.0729167,136744541.5282524,3.2436609781944443,2.4582630694444445,3.327275342048611,1.01471971875
2024-10-03,1237220916.5972223,129257936.48338982,3.1732775318402777,2.430087625,3.3000856665625,1.0258097569444444
2024-10-04,1214329034.0555556,131173770.41222127,2.6294780447916666,2.1285806736111113,2.876449250208333,1.0668975590277778
2024-10-05,1216374941.4756944,132549174.70727532,2.4995395212847225,1.9549831701388891,2.730876226145833,1.1115530347222222
2024-10-06,1219582532.0659723,134119350.78027667,2.548966706076389,1.9721757881944444,2.7048527919444445,1.1527793715277777
2024-10-07,1267612268.6388888,142526739.560885,2.5676537564236113,2.0111233888888886,2.7398001513541668,1.036729295138889
2024-10-08,1265479169.6006944,136221363.30513513,3.0598495141319444,1.8248369479166666,3.2506128808680557,1.0230534930555555
2024-10-09,1261720957.6319444,137319743.01905888,3.005379162673611,1.7704802604166667,3.106393483541667,1.0577270694444445
2024-10-10,1275612571.2604167,135651907.58559334,3.2850056775694445,1.7842662708333334,3.4525405973263887,1.0312665243055554
2024-10-11,1280108938.1597223,139330759.7802048,2.918315951076389,1.7504658055555555,2.9638733327430553,1.0781119340277778
2024-10-12,1304413733.1076388,144947106.52983367,3.0467227503472225,1.905990625,2.8623048140972225,1.1468622847222223
2024-10-13,1326578794.1180556,147130261.0117207,3.0564188378124997,1.9163408506944444,2.8651206013541666,1.1512647916666667
2024-10-14,1324846966.6701388,150334979.46144053,2.580028142048611,2.0444193680555554,2.5394547190972223,1.0761770520833334
2024-10-15,1353056382.59375,156357574.9902526,2.9596027138194447,2.2196713194444446,2.713595588020833,1.0284359236111111
2024-10-16,1692805120.34375,209527032.53882715,2.1760898475,2.2068849652777778,1.9368571011805555,1.0577678229166667
2024-10-17,1818182724.5486112,225093557.48127836,2.3309829672569444,2.3629843854166666,1.9958537912847223,1.0817460208333332
2024-10-18,2132824501.71875,289095884.73637044,1.343797591701389,2.226930229166667,1.2081024589930556,1.0923247673611112
2024-10-19,2290724908.1527777,328192257.2152295,1.1596795654513887,2.323780166666667,1.0559932664930556,1.1070414930555554
2024-10-20,2197814081.6041665,310721609.24186206,1.4529092381944446,2.4006848958333333,1.3097878487152779,1.0674459305555555
2024-10-21,2210764785.798611,319010537.6184587,1.4821490615625,2.534576635416667,1.315358736875,1.0773883888888889
2024-10-22,2152899881.0243053,306077721.6568539,1.5606612937152777,2.519642826388889,1.4182462510069445,1.0350520277777777
2024-10-23,2054841443.4236112,284048439.63093495,1.850888985798611,2.4323488645833335,1.7156778636458334,1.103832045138889
2024-10-24,2086748768.5694444,292657948.7954643,1.7387424116666665,2.77183896875,1.6591566004166667,1.1191603194444444
2024-10-25,2023183411.6701388,278819602.2184325,1.8674207278819444,2.8730671076388887,1.834008780659722,1.0727020208333333
2024-10-26,1989153262.1493056,268002629.6051947,2.0100796172222224,2.73544090625,2.055091973472222,1.0519177743055554
2024-10-27,2044624410.3090277,285339567.8696986,1.7021429925,2.7807742604166665,1.6651996475694444,1.1662448125
2024-10-28,2383297422.1503496,354749434.25139,1.3763813578671327,2.810786332167832,1.3097580662937063,1.0778749195804196
2024-10-29,2816772553.78125,475781326.7138512,0.9650281199652778,2.5968455833333333,0.9203762212847223,1.0541468020833333
2024-10-30,2746941350.048611,470278042.12951165,1.0957162284722222,2.885216597222222,0.9877432990972222,1.0162687465277778
2024-10-31,2606961997.15625,437359027.2135694,1.2286014468402777,2.95744775,1.116281165451389,1.0273778506944444
2024-11-01,2427354115.736111,389551063.5082856,1.5458035699652777,2.9542748784722224,1.4595389329513888,1.040892486111111
2024-11-02,2277092148.329861,363461023.80742747,1.6027083896180556,2.896649,1.563735741875,1.0220582951388888
2024-11-03,2244946565.7256947,337378415.55299807,2.085272987361111,2.6606481284722223,2.0274418340972225,1.0116656840277778
2024-11-04,2317757146.9097223,358408555.0298787,1.8145607467361111,2.5283541805555556,1.857779924548611,1.0612918645833334
2024-11-05,2516258676.9756947,425210901.2011375,1.2223640679513887,2.324154958333333,1.3173923438888888,1.0627375833333332
2024-11-06,2736094233.8958335,538101668.5982115,1.4193609789930557,2.379556076388889,1.559440666875,1.0197316875
2024-11-07,2642296617.263889,510665577.5788747,1.947789145625,2.5321416111111112,1.9541259810763887,0.9875806388888889
2024-11-08,2655298629.8958335,522982452.0056768,1.8455071799652778,2.6251385208333335,1.8686610475694445,1.0459755416666665
2024-11-09,2835622000.6597223,585669614.6340371,1.6052950302777778,2.8977690486111114,1.5826825229166668,1.0321795451388889
2024-11-10,2743053535.8645835,672189670.9689872,1.660789535173611,3.252858767361111,1.6064824850694446,0.9930976041666667
2024-11-11,2718290137.3958335,818135657.49333,1.6748519003819444,3.0824636041666666,1.5842855992361111,0.9795130520833334
2024-11-12,2662199938.1284723,1015746206.4728557,2.0806439739236113,3.2193994965277777,1.909196710659722,0.9774841736111112
2024-11-13,2601116223.8125,1010568318.2186023,2.3347275875694447,2.6596369895833334,2.270661703402778,0.9750986215277777
2024-11-14,2489287690.8368053,975910036.5708869,2.622093783611111,2.710921930555555,2.619001550798611,0.9729959131944445
2024-11-15,2534587265.6770835,934037806.1347001,2.808526784826389,2.48535878125,3.0154803433333335,1.0177271944444444
2024-11-16,2645052495.4340277,989367260.9602542,3.1217036526041664,2.7384056944444444,3.217949954513889,1.0103420763888888
2024-11-17,2601974482.1770835,938436233.5783885,3.2973843488888885,2.9917576319444446,3.3210773713194444,1.0113867708333333
2024-11-18,2620491417.8715277,971206778.5461394,3.2791349635069444,3.081352232638889,3.267038178576389,1.0219877118055556
2024-11-19,2611030424.8229165,1015040962.0960039,2.7656135633680554,3.0940217256944447,2.636254983125,1.0322517743055555
2024-11-20,2529214957.3958335,972662327.4631715,2.969650340138889,2.997751611111111,3.0178968176041665,0.9593461840277777
2024-11-21,2530893907.576389,972162398.4085767,2.781291209340278,3.017881295138889,2.87442142875,0.9999467812499999
2024-11-22,2798477989.4791665,1113561254.6880634,2.9772515687847223,2.976052701388889,2.737801411354167,1.0397060486111112
2024-11-23,3113331925.8472223,1388913183.385206,3.1266692323611114,3.6224403993055554,2.8063333158680557,0.9956557534722221
2024-11-24,2926422997.4791665,1250287040.7814968,3.7185493506944445,3.7931083402777777,3.4973728222222222,1.0038999965277777
2024-11-25,2947825277.4791665,1228133948.5304854,4.016954483888889,3.7294143055555558,3.8187620244097227,0.9885482916666667
2024-11-26,2723322301.0868053,1061793972.217771,3.907740595,3.4881855,3.8060213683680555,0.9791260798611111
2024-11-27,2632984276.8854165,1041075532.3980517,3.5534939280555555,3.6069502465277776,3.4536811322916665,1.0010556041666667
2024-11-28,2690674002.888889,1084148050.9185336,3.8842943840277777,3.576706503472222,3.821314756388889,1.0034528506944445
2024-11-29,2726187529.888889,1131253691.2641044,3.694182004479167,3.9054223854166668,3.310632721736111,1.012253215277778
2024-11-30,2886317609.6840277,1225189388.5751154,3.8196190694097223,4.2538153888888885,3.1904924841666666,1.0226821805555555
2024-12-01,2900885448.21875,1247881290.0359547,3.7962997358680557,4.251454923611111,3.184983451215278,1.0191163958333334
2024-12-02,2837635761.3680553,1214336901.223123,4.403185301979167,4.602344055555555,3.8749039759375004,1.0140318611111112
2024-12-03,2710402557.8958335,1123492068.046004,5.000355293055556,4.702733222222222,4.733139757708333,0.9967637222222222
2024-12-04,2662456218.5520835,1108355970.79719,5.148706051527778,4.9904993541666665,4.893451756527778,1.0070666180555556
2024-12-05,2798159389.3055553,1228281206.0944436,5.200728628263889,5.315125552083334,4.436015195208333,1.008307298611111
2024-12-06,2781292472.5347223,1207339685.3609574,5.137796869861111,5.481808045138888,4.639450417743055,0.992704125
2024-12-07,2854698007.829861,1279836923.9600627,4.945324712847222,5.447939243055555,3.938212905798611,1.0584682569444446
2024-12-08,3054716211.6944447,1412704394.1520724,4.635002455243056,5.212983364583334,3.6727311594097225,1.0301493020833332
2024-12-09,2830743341.2118053,1242609571.2656531,5.616077136076388,4.961853250000001,5.010803846979167,0.9379365208333333
2024-12-10,2457543107.8020835,980363370.4593495,4.822411669548611,5.037089329861111,4.690310892013889,0.9871107430555556
2024-12-11,2385395684.28125,958006017.4533823,4.441861345034722,4.731309881944444,4.411242882569444,1.0793235798611112
2024-12-12,2412011858.4618053,995796955.3142161,4.2628410111458335,4.546039784722222,4.173491861041667,1.0148241076388889
2024-12-13,2416475902.6493053,980421414.675739,4.319611748333333,4.840051302083333,4.307022963888889,1.00680509375
2024-12-14,2465567657.861111,990789663.8836738,4.889510164201389,4.895696,4.776045925902777,1.1145067534722222
2024-12-15,2387674783.107639,955646307.1577753,4.498805336736111,4.698008920138888,4.490583064930556,1.0095314131944444
2024-12-16,2442263640.0659723,985986412.5975475,4.907895739340278,4.755486555555556,4.599793529409722,1.0544379131944444
2024-12-17,2461235278.0902777,986498301.0958017,4.844577175034722,4.928637965277778,4.881822178576389,1.0360862118055556
2024-12-18,2439742260.4305553,933265805.3577067,5.185959279722223,4.349030090277777,5.330226662986111,1.01373671875
2024-12-19,2323003656.107639,810284306.9575264,4.9871520034375,4.020985277777778,4.947105556875,1.0107818993055555
2024-12-20,2043260031.7986112,629421165.8033514,4.433347658784722,3.556409934027778,4.231259975173611,0.9904183576388887
2024-12-21,1897066320.6805556,622478362.4091582,4.223076108611111,3.510393486111111,3.8131817852083336,1.017247951388889
2024-12-22,1859246363.3958333,587514352.5503902,4.249998785555555,3.733841392361111,3.9004502641666665,1.0051006909722222
2024-12-23,1850494062.0347223,582130576.5598087,4.328803729201389,3.605266895833333,4.019826101597221,1.054538152777778
2024-12-24,1828782411.0625,597446184.7720277,4.325141840729167,3.7667591562499996,3.7154846537847224,1.0619835069444443
2024-12-25,1854119868.4027777,616885666.5618082,4.178220680208334,3.315457395833333,3.615367826979167,1.0474959895833333
2024-12-26,1849085973.8958333,590842146.2448235,4.589330659513888,3.2777391736111112,4.267110264479167,1.0542133541666667
2024-12-27,1849686108.6840277,582441775.7756565,4.316738222083334,3.125093934027778,4.359481619236111,1.0569816736111113
2024-12-28,1889565863.8680556,601123016.0485733,4.062090609201388,3.076605611111111,4.030232749513889,1.0844335868055555
2024-12-29,1885934509.4270833,606724790.2773678,4.274139486145833,3.387520295138889,3.893936354826389,1.0718713333333332
2024-12-30,1867235616.4236112,592667904.1301252,4.32924595375,3.3820015034722224,4.251337372048611,1.0757478993055556
2024-12-31,1874829879.0104167,594961620.1906598,4.192311661979167,3.6420486006944444,4.044743993541667,1.0681017291666666
2025-01-01,1886472007.2986112,601982973.6275371,4.383738777777777,3.744247215277778,4.2451967087847216,1.1064950104166666
2025-01-02,1947180990.6701388,655161392.1545528,3.898329465833333,3.9301614861111114,3.3643075258680555,1.09874275
2025-01-03,2007466067.2847223,715463514.6433711,3.751934758541667,3.7746338958333334,3.1367183324305556,1.0687279965277776
2025-01-04,2100898499.34375,812957338.4785522,3.3407864022916667,3.7436660381944447,2.7666057336458336,1.0876665902777778
2025-01-05,1995493970.40625,769114115.7515519,3.632042817569444,4.092577826388888,2.9737947972569447,1.1865670208333334
2025-01-06,2125361937.6215277,820709884.4312804,3.793581457777778,4.076405256944444,3.2937802740277777,1.0557734340277778
2025-01-07,2098635475.7743056,794629815.6537466,4.092559404444445,4.362563888888889,3.534497450902778,1.0347969131944443
2025-01-08,1974741328.2708333,682473800.9383184,4.67377941625,4.342573232638888,4.343676382604166,1.0908536458333333
2025-01-09,2019481040.8784723,667113699.612653,4.941971996631945,4.155863819444445,4.634869612847222,1.0422558541666667
2025-01-10,1958447907.3472223,647980465.8447462,4.857937475381944,3.4400766458333334,4.708625812569444,1.087932232638889
2025-01-11,1932022711.7256944,648127219.1479688,4.402883391909722,3.590035017361111,4.201011507152778,1.1115751527777777
2025-01-12,1960854499.8506944,663536779.9444824,4.427517405520834,3.2878024097222225,4.2464071275,1.0939877604166666
2025-01-13,1987342722.1770833,651099862.774391,4.503813591736111,3.1849705000000004,4.354423167465278,1.0427600972222222
2025-01-14,1965215131.5347223,686046589.2211093,3.9697157576041664,3.237908934027778,3.6071352202430558,1.0921537326388888
2025-01-15,1987788111.8402777,725748517.3497866,4.114511023263889,3.2357833680555554,3.54621009875,1.1048763229166667
2025-01-16,2012753719.5277777,762640880.3454361,4.281679330590277,4.003530465277778,3.4082879387152776,1.0769794756944444
2025-01-17,2093906539.5590277,845467623.4869905,3.7322529345833337,4.028058142361111,3.0435442793750003,1.0500915451388888
2025-01-18,2146275154.2986112,860847825.8981063,4.5177957844097225,4.63566134375,3.5193776955208333,1.0896622256944444
2025-01-19,2146941805.1909723,829164983.9865611,5.1540882853125005,4.838474649305556,4.277372445972222,1.0111316770833332
2025-01-20,1961349551.7743056,717963337.5411114,5.2648463636111105,4.7883838333333335,4.865062513854166,1.0202839583333334
2025-01-21,1972681779.2222223,715498579.9573512,5.378279181493055,3.8769144930555552,4.838125625173611,1.00883253125
2025-01-22,1961561145.8645833,714826981.3603138,5.674348552881944,4.696019628472222,5.059286172326389,1.08207409375
2025-01-23,1905418847.3402777,670654723.6438587,5.876056911281139,4.454736135416667,5.589128884166667,1.0281932916666667
2025-01-24,1858619342.875,661453636.8791459,5.531877114097222,3.480757690972222,5.000912439861112,1.0526952430555554
2025-01-25,1841728661.6319444,648065930.4302197,4.937941584756945,3.318487253472222,4.876175584791667,1.06585309375
2025-01-26,1853843512.5659723,651848831.8167759,5.081810540763889,3.283962638888889,5.010820953506944,1.0751118645833335
2025-01-27,1868689694.8715277,602965716.474859,5.587281156076389,2.6214796701388887,5.543406155034722,1.0334597013888889
2025-01-28,1746430364.15625,577378657.9507381,4.998531390798611,3.0343536284722226,4.649218894375,1.0331206770833332
2025-01-29,1743123144.2326388,569639199.3450109,4.848104814930555,3.0912488159722225,4.7700667582291665,1.0658499340277778
2025-01-30,1721140471.4340277,571321892.0254387,4.814801434236111,3.2517556006944446,4.417575630868055,1.1122722152777778
2025-01-31,1770681925.3055556,584548987.2584631,5.252649666770833,3.2876694513888887,4.760902335659722,1.0937047256944445
2025-02-01,1837255272.9166667,592623459.5849265,4.739008809930556,3.23131375,4.706280624895833,1.103366642361111
2025-02-02,1843416649.8923612,537961985.3631854,5.432566791180555,3.153712576388889,5.435936484826389,1.0345767395833334
2025-02-03,1673427416.3923612,430116354.0718805,4.055474810729167,2.205405552083333,3.9334362924825172,0.9859875
2025-02-04,1636610468.3958333,441860116.9948962,4.0237897446875,2.3169243506944444,3.6927907615277777,1.0487498993055555
2025-02-05,1621598029.8472223,425713783.59122676,3.9471167937500002,2.2891077569444445,3.7475009659722227,1.021336982638889
2025-02-06,1627139951.5694444,416819945.96885085,3.6328250262500004,2.352583090277778,3.664386626805556,1.0307847430555555
2025-02-07,1620392405.0069444,406721990.8997892,3.9157668320833334,2.3864092118055553,3.8077660750347224,1.0513727395833332
2025-02-08,1653918710.2048612,411690281.5763177,3.380629505138889,2.2333678715277774,3.392970432048611,1.1002165625
2025-02-09,1650203652.1493056,417709883.4051779,3.193325339027778,2.1968319687499998,3.2011084001388888,1.0725172430555556
2025-02-10,1630511681.5659723,409501775.1719288,3.723733621944444,2.4126673680555557,3.5971783015625,1.1421792916666667
2025-02-11,1670808140.15625,433081601.1282528,3.6097627727777777,2.4340237951388892,3.350781592326389,1.1230854722222223
2025-02-12,1679283757.5381944,429614493.4295783,3.7277923103125,2.3223554895833334,3.558243352638889,1.0967078159722223
2025-02-13,1705142995.7847223,442128426.24764764,4.0780512748263895,2.395950680555556,3.592196507326389,1.0912272465277777
2025-02-14,1726135256.15625,464569487.2169014,3.276504012673611,2.4931990625,3.0201431006944444,1.0751796249999999
2025-02-15,1672210768.1319444,460643911.52303916,3.1677393607291666,2.4827211631944444,2.913051511111111,1.080679795138889
2025-02-16,1622106145.0104167,436062925.56171787,3.2917474546875,2.4494725833333337,3.215260876354167,1.1299483472222223
2025-02-17,1614178040.2395833,422911222.8564743,3.5230227803125,2.436280767361111,3.552827455659722,1.0987983263888887
2025-02-18,1635522044.03125,411035985.65130293,3.834311441076389,2.5126218680555557,3.842021383888889,1.0900549479166668
2025-02-19,1641233996.2881944,414487000.9130797,3.6224985878472222,2.455690465277778,3.6110716618402776,1.0816180451388888
2025-02-20,1659985168.9618056,421866208.70112336,3.285474638159722,2.349656798611111,3.3439283927083334,1.0821661979166666
2025-02-21,1663942341.2013888,417398470.6155288,3.6745028303472225,2.2938610625,3.709276297986111,1.0410113159722223
2025-02-22,1694815008.7534723,413915567.6238721,3.5611969446180556,2.0103964930555556,3.889713696701389,1.107993875
2025-02-23,1644164685.2569444,400747049.9431809,3.5771748079166668,2.21332478125,3.7067027905555556,1.0770493020833334
2025-02-24,1692863433.7673612,386982096.78181577,4.294663620347222,2.2292410625,4.351772151388889,1.0272594930555554
2025-02-25,1668548609.7256944,345578333.35907054,4.566536822534722,2.2503829305555554,4.435339438715278,1.0350018819444444
2025-02-26,1660703027.9930556,344931029.92181486,3.869054242743056,2.321940923611111,3.9876427046875,1.0530639722222221
2025-02-27,1705858314.9479167,353227621.1946449,3.7728541593055556,2.3787559305555557,3.809086641076389,1.1179835902777777
2025-02-28,1671764209.3888888,323723388.4291081,3.9368307263194446,2.261092017361111,3.8763705106597226,1.0284273229166667
2025-03-01,1640753940.4305556,334385880.839302,3.3210913738541668,2.392940732638889,3.169536488576389,1.1444582881944445
2025-03-02,1604016040.5381944,344205701.15182817,3.441497115486111,2.6511545,3.2954951138194444,1.0319100902777778
2025-03-03,1582151742.1701388,344351189.27394557,5.198638606736111,2.8951785451388887,4.2835752580555555,1.0836738159722221
2025-03-04,1539723984.0381944,298866079.37394124,4.776823660972222,2.4016076805555553,4.4976581421180555,1.0402586006944443
2025-03-05,1546740343.6319444,311465544.8899036,3.626719410034722,2.3211092777777775,3.695261004652778,1.1495911423611112
2025-03-06,1474055847.2708333,305037236.12376773,3.7527329029861107,2.3954853263888887,3.6568414317708338,1.1436929930555555
2025-03-07,1555350439.0381944,313024537.4446311,4.435587614409722,2.5211943645833332,4.188493686388889,1.0651726840277778
2025-03-08,1546921207.7881944,302379605.92497194,4.276464205243055,2.570524152777778,4.248421596527778,1.14658571875
2025-03-09,1626178700.3090277,295662686.91268384,4.3741868715625,2.352221291666667,4.352756611701389,1.0367795173611112
2025-03-10,1609459561.7569444,269711033.22107863,4.139223652569445,2.198949486111111,4.125013511666666,1.0476731701388888
2025-03-11,1520281088.09375,243064665.0465342,3.7580732002430555,2.0042706423611114,3.6428420830208332,1.028310017361111
2025-03-12,1519545493.3402777,252858112.8550864,3.2331973443402777,1.9750294444444445,3.143550659201389,1.0685761145833332
2025-03-13,1527468694.2986112,256474693.1205503,3.3853576235763887,2.1349845277777777,3.0772143238541667,1.070559184027778
2025-03-14,1511724643.0555556,256867669.74326098,3.3984966896180553,2.1888391666666664,3.089857535416667,1.1797215208333334
2025-03-15,1516932807.5972223,264630701.744971,3.0913105021180556,2.153009559027778,2.8382963254166667,1.0532126284722223
2025-03-16,1498897143.9652777,256962359.20882046,3.3044250193402775,2.1684305104166666,2.9919062741319444,1.099433111111111
2025-03-17,1506239405.2951388,260076086.70113504,3.5168670882638886,2.1285333194444447,3.1560271205902777,1.1675019722222222
2025-03-18,1478701291.1111112,246637511.1536628,3.298887056979167,1.9869815520833332,3.2251942978472226,1.0648694340277778
2025-03-19,1499802908.5902777,255896539.63105255,3.212961868090278,2.1010528541666664,3.1039243680902775,1.1406347534722223
2025-03-20,1539251687.2083333,265494447.2739946,4.005907069791666,2.298620034722222,3.372121267013889,1.0455945486111111
2025-03-21,1463563267.7986112,246049204.9259506,3.642766527118056,2.1970560833333335,3.491776182048611,1.04435003125
2025-03-22,1485967601.2708333,250256668.84543765,3.3476728074305555,2.049650513888889,3.3115730238541667,1.1284507395833332
2025-03-23,1525142357.7430556,259338881.22113264,3.211403895416667,2.041892152777778,3.109077357638889,1.2043979201388888
2025-03-24,1598722078.6076388,285668506.7952908,2.970473427013889,2.152589652777778,2.733817650173611,1.1938625902777777
2025-03-25,1675004915.34375,313361000.0904705,2.6338107579166667,2.162287958333333,2.2863940253125,1.1316716006944445
2025-03-26,1681866622.3368056,330497801.07598037,2.584346676840278,2.07893340625,2.190045471215278,1.0504755729166666
2025-03-27,1614878327.9409723,313516697.81673247,2.764661120520833,2.0189639895833333,2.4459118157291666,1.0440750555555556
2025-03-28,1591903816.6215277,290893496.67481494,4.0276516259375,2.1653334444444443,3.285222585,1.0901261840277778
2025-03-29,1559849653.7847223,269595700.1429732,4.306912478680555,2.169825614583333,3.6175419844791668,1.0837651493055556
2025-03-30,1454274250.0555556,246688866.92136943,3.594478908888889,1.9065526979166667,3.4570799089583333,1.0365923333333333
2025-03-31,1447453098.2291667,239069845.91075557,3.9641011527777774,1.897389673611111,3.604080561979167,1.0691412916666667
2025-04-01,1438806101.59375,246068993.85790443,3.4933041383333334,1.7582556180555555,3.2996222455208333,1.1198133090277778
2025-04-02,1478415550.2534723,253000705.54877964,3.544771394513889,1.835852996527778,3.2373779104861113,1.0154711354166668
2025-04-03,1537500887.125,248524131.5304257,3.867356607881945,1.6911715381944445,3.632610324201389,1.0752514409722222
2025-04-04,1515850447.1354167,251882862.01013926,3.1597584476041667,1.5829169444444444,3.0764493411458336,1.0672806840277778
2025-04-05,1525642092.1388888,257581520.90147284,3.6596628690625,1.8693027361111112,3.093846052048611,1.1758885243055555
2025-04-06,1504472941.28125,242952774.8849498,4.241513668472222,1.853089701388889,3.5727506998611114,1.0772950208333334
2025-04-07,1488971666.0868056,214209207.11160162,3.544631682604167,1.5865927777777777,3.0496158111111114,1.0485537881944444
2025-04-08,1437030669.1006944,214168210.92074454,3.1447526866666666,1.6710983819444445,2.6098267185763886,1.0764227361111112
2025-04-09,1447039428.9027777,215285885.5432874,3.0454537159374997,1.7702844270833333,2.6240677385069446,1.0489272013888888
2025-04-10,1442434893.3506944,223815905.91177267,3.350917523576389,2.0233037708333335,2.5547054884375,1.0602575555555556
2025-04-11,1410430679.5243056,223032420.76747474,2.793380993090278,1.9599527534722223,2.295175155347222,1.1170475104166666
2025-04-12,1496092124.2708333,244908930.17786396,2.541921005729167,1.915887767361111,2.092840991944444,1.1690151527777777
2025-04-13,1527044264.6319444,251473060.34219217,2.642745486736111,1.9885155520833335,2.113452628923611,1.1309156840277776
2025-04-14,1524940802.7430556,248880640.16198832,2.9205468105208334,2.065329517361111,2.3939820706597223,1.0503081736111113
2025-04-15,1482175362.0486112,233895762.62698483,3.152604569540636,1.8194372544169612,2.6044403711660777,1.0796311666666667
2025-04-16,1489067167.8125,229598610.2947816,3.528791818576389,1.8915688923611111,2.8649664298958335,1.180396527777778
2025-04-17,1459268304.5138888,228050594.62171134,2.9852896839930554,1.9501290763888888,2.5282095118402776,1.1324147013888888
2025-04-18,1486609966.5173612,231894922.01147082,2.5822946979166668,1.9285569479166667,2.349688186597222,1.1334828958333334
2025-04-19,1516347820.0590277,239717358.2869309,2.539221484236111,1.9916815972222222,2.2393439516666667,1.1346678368055556
2025-04-20,1518202898.8576388,236460109.07059324,2.8576089214583336,1.8715033611111112,2.478167010104167,1.0707280972222222
2025-04-21,1601983408.0034723,256364833.28501335,2.925195005659722,2.0122165868055557,2.330177998159722,1.1293434270833334
2025-04-22,1708418151.8194444,285275090.2781946,2.393172242986111,2.067438378472222,2.018476023854167,1.1039675312500001
2025-04-23,1827095289.1319444,330079111.9598782,2.769777509166667,2.115537857638889,2.125609670208333,1.0566309756944445
2025-04-24,1863123454.1458333,328558286.2456751,3.0008271426736113,2.5049051944444445,2.220914517708333,1.0872979756944445
2025-04-25,1806327984.5486112,328140554.2329948,2.608997178576389,2.584590111111111,2.019894396388889,1.0840246388888888
2025-04-26,1764268551.8194444,323704451.09151196,2.8907028038541664,2.4522112847222224,2.2637881290277777,1.0488165069444444
2025-04-27,1681123543.6458333,303173210.487976,2.934614358229167,2.470431652777778,2.272954328854167,1.0584633194444446
2025-04-28,1637193231.3125,292306143.60306334,3.0277038111111114,2.3723556979166665,2.3924904808680556,1.0341432256944445
2025-04-29,1609494144.1909723,286818223.5743613,3.0535281610763887,2.4435566944444442,2.448445658333333,1.0924109513888889
2025-04-30,1600352010.1840277,277376855.0433185,3.077085498888889,2.2745690173611113,2.622851894270833,1.0194273333333335
2025-05-01,1592887991.4756944,283618561.7966589,2.921538414583333,2.3548399930555557,2.3175824984027775,1.1076476354166667
2025-05-02,1657645575.46875,300386178.4769332,3.0107356955902778,2.392754135416667,2.1865409834722223,1.0989003368055554
2025-05-03,1658496809.2708333,296057642.6095327,3.338794274513889,2.6085527847222223,2.3549127084375,1.06527946875
2025-05-04,1616991142.0694444,281050117.43893266,3.094497647430556,2.615003809027778,2.4258170878819443,1.1104614583333334
2025-05-05,1598830691.6145833,273753930.6782352,2.9098089164930556,2.3942154444444443,2.5140546094791665,1.071833579861111
2025-05-06,1615001811.2430556,271566919.7894399,2.9572919195138887,2.402358416666667,2.5046919548958333,1.1258332881944444
2025-05-07,1574512402.5902777,270857229.1902899,2.9196507622916665,2.0752487361111114,2.3574707251041667,1.1606891597222222
2025-05-08,1690911285.65625,312844990.98525864,2.562788731770833,1.9643280381944446,2.122683659930556,1.1617416215277778
2025-05-09,1801611325.8611112,364823876.2221883,3.5157429684722223,3.6356542708333333,2.491047341215278,1.0292309513888889
2025-05-10,1883631534.5104167,423633549.7103131,3.201618633472222,3.1461361145833333,2.3784109710416668,1.0338141666666667
2025-05-11,2013809729.7013888,472376508.8299086,4.27212414579861,4.586776583333333,2.883876156875,1.067182892361111
2025-05-12,1937739643.1284723,459598752.099894,3.953270671111111,3.4258598645833334,2.8966903193402778,1.0115603229166665
2025-05-13,1899743535.6979167,436279663.5524866,3.640195823888889,3.3447391597222222,2.7849959515625,1.03702925
2025-05-14,1927608788.9930556,454723499.61778593,3.9543882558333334,3.5135601041666664,2.9075076451736113,1.0395174583333333
2025-05-15,1835468723.4826388,414931226.2179247,4.360230776701389,3.6179428854166664,3.260000873611111,1.0157232812499999
2025-05-16,1781709772.0625,401851631.34130025,3.9775671909375,2.8815024513888887,3.1396174630902776,1.0591720972222223
2025-05-17,1748256669.9479167,377463925.9723036,4.009684524826389,2.7270839097222224,3.1833304576041663,1.0176027569444444
2025-05-18,1783993202.0277777,398731099.9357128,3.6999570538541664,2.7981907604166665,2.9342738945833333,1.0654370104166668
2025-05-19,1772164395.1493056,391368612.4794404,4.093831674652778,3.096599503472222,3.3506688122569446,0.9697225381944445
2025-05-20,1741825669.0798612,388588744.2232876,3.3750804072569442,2.913746465277778,2.901407577048611,1.0036500381944444
2025-05-21,1816186992.1944444,415343645.32713366,3.785489414166667,2.90337953125,2.967335568298611,1.032276861111111
2025-05-22,1932009105.9027777,464788363.9847366,3.5039851260763886,3.324957277777778,2.5706207549652778,1.0691577534722223
2025-05-23,1978110130.59375,474769423.7455008,4.196720495625,3.5386914131944445,2.949319248541667,1.03292784375
2025-05-24,1866651093.0243056,424864713.42350084,4.078144360694444,2.789440732638889,3.3238839200347225,1.0496607256944444
2025-05-25,1811501674.84375,399691390.5898101,3.8793040518055557,2.854454295138889,3.2444982474999997,1.0558721249999998
2025-05-26,1780198598.6527777,402486224.97756076,3.063945103402778,2.671177003472222,2.7832735350694446,1.0594934166666665
2025-05-27,1809214832.15625,410333748.99117494,3.686891934166667,3.002216409722222,2.9586813161805554,1.015198190972222
2025-05-28,1823627431.2291667,404427079.64794034,3.1793556322569447,2.993135836805555,2.9495360539930555,1.0509511458333334
2025-05-29,1838659899.8263888,408141981.4767733,3.255290785208333,2.866669277777778,2.9808764072916665,1.0084531006944444
2025-05-30,1873231089.9375,380815083.19425094,3.7331814333333333,2.483767354166667,3.3793107266666667,1.0233750138888889
2025-05-31,1850410753.2708333,353143489.0150012,2.8113726794791667,2.4151429756944447,2.874626145798611,1.0728144444444443
2025-06-01,1784470057.2430556,340202379.1493223,2.424742087708333,2.3961588194444445,2.6202305998958333,1.135990267361111
2025-06-02,1776239648.65625,340068252.41279435,2.6269084581944444,2.476343486111111,2.601462713125,1.1227740937500001
2025-06-03,1771562651.5416667,346431436.451671,2.788707748159722,2.284921184027778,2.832404719201389,1.194701107638889
2025-06-04,1794075695.2638888,346214862.9456576,2.6434893692013888,2.3483778958333335,2.639324963888889,1.0800618124999999
2025-06-05,1843667620.0069444,340548772.65238065,2.6795476534027776,2.3430857916666668,2.7339456734375,1.019166013888889
2025-06-06,1768953084.4305556,313186332.01595825,2.5009127471875003,1.8844002638888888,2.7055317290625,1.190065125
2025-06-07,1749679426.8854167,321966619.281057,2.4191163531944446,1.9955715868055555,2.3417845634375,1.1120725208333333
2025-06-08,1771847995.4583333,326038207.90779,2.4502893501736107,1.9585474548611108,2.1746648265277777,1.1273091180555557
2025-06-09,1752110526.4444444,324387701.15646017,2.3963070593749998,1.9426273020833333,2.1553071070486114,1.1413515243055556
2025-06-10,1688681283.5763888,325972825.4020333,2.7838086886111113,2.3048362291666664,2.354971577013889,1.0849128715277778
2025-06-11,1723373154.8125,341816697.81020045,2.7787650766666667,2.3118818819444447,2.3869822877083333,1.0376557222222222
2025-06-12,1711653066.3958333,322173671.37707525,3.1053950641666663,2.4292721284722223,2.9867798216319446,1.0840441458333334
2025-06-13,1666385501.09375,292124555.53097755,2.8309656977777777,2.1383072395833334,2.9759820196527778,1.0556213680555555
2025-06-14,1685820186.8333333,298751734.0780243,2.612260067673611,2.1692673124999997,2.67878452875,1.1658522395833333
2025-06-15,1742760625.1076388,306064274.1183223,2.640933837013889,2.1616585381944446,2.785968380138889,1.2033814513888887
2025-06-16,1735654051.4548612,307946991.32006633,2.982133943159722,2.092623454861111,3.0369011310069443,1.1177354895833334
2025-06-17,1724654795.3055556,295275538.28708416,2.7172929741319445,2.273712774305556,2.917845596076389,1.1084156319444445
2025-06-18,1749107864.8576388,295935414.9807141,3.1224985621180554,2.413452423611111,3.0936851181944447,1.0491141423611112
2025-06-19,1757402887.5381944,298543017.28391427,3.290862925034722,2.4761749305555556,3.102541435,1.2342463541666666
2025-06-20,1781213265.5659723,297682638.80127937,2.9722146173611113,2.4298876006944443,3.033410198888889,1.0519626180555557
2025-06-21,1809059433.125,290942692.92281306,2.589757085277778,2.19460340625,2.8738310118402777,1.089250732638889
2025-06-22,1750672947.7256944,266681119.95700693,2.8132640402430558,2.2890740034722223,2.8324803838194446,1.0510162013888888
2025-06-23,1689244297.4236112,260915444.81308544,2.903382671423611,2.1692421215277777,2.74300959,1.0857425868055557
2025-06-24,1656458950.0138888,271459640.38410884,2.696068817743056,2.184126902777778,2.5728965911805557,1.1239428333333334
2025-06-25,1675906121.9270833,276915400.7052197,2.700313383784722,2.114263246527778,2.465338178263889,1.1131792291666667
2025-06-26,1699897897.5729167,275876097.3893617,2.960154558472222,2.139035753472222,2.5983674200694447,1.0611230902777777
2025-06-27,1679125306.2951388,269580372.3172672,3.253699996770833,2.1279665381944444,2.775376874548611,1.1606071145833332
2025-06-28,1673215915.6597223,272017789.65658617,3.290491632708333,2.1246920833333336,2.716629047534722,1.2058502152777777
2025-06-29,1680593720.6805556,275988233.19615877,3.2926191494444446,2.0184974444444443,2.652326885729167,1.2775241770833334
2025-06-30,1728652016.1666667,286851565.1014092,2.76219717875,2.1802571944444447,2.527203899791667,1.0968335104166667
2025-07-01,1757274441.6354167,282839606.5343181,2.379231678125,2.268006861111111,2.307946590416667,1.0643775173611112
2025-07-02,1780690184.6736112,292384968.47049856,2.346954590416667,2.0615818506944446,2.306851980798611,1.2216078229166667
2025-07-03,1946542555.3298612,334583055.5676191,2.842127866076389,2.080380951388889,2.3043868224305557,1.1471295034722222
2025-07-04,1910101654.5451388,317644549.02460873,3.5172918557986113,2.2598245451388888,2.7860914747569447,1.1053912881944443
2025-07-05,1838027193.625,300823409.08966184,2.4081944252430554,1.9982644722222223,2.5154415097569447,1.2227900381944443
2025-07-06,1846809341.5416667,308420116.22223467,2.6614603492708335,2.0319615972222222,2.5568735155902775,1.2700361319444444
2025-07-07,1898501256.2673612,323402898.5348594,3.0899354459375,2.195510489583333,2.5348934023611114,1.0898817708333333
2025-07-08,1839755346.0104167,311497634.7264504,2.873898637361111,2.22562225,2.602105271666667,1.1433975972222223
2025-07-09,1881530544.7361112,326898580.27857405,3.0322589678125,2.139501902777778,2.5105652885069443,1.10384565625
2025-07-10,1964961398.0729167,359574892.3499415,3.266033778576389,2.6727364618055556,2.5118176246875,1.0870177986111111
2025-07-11,2032922172.375,409190606.4946898,3.343408862673611,3.0037681493055555,2.510278385520833,1.0562127152777778
2025-07-12,2076243686.4270833,413438897.99712473,3.5994872567708334,3.921560982638889,2.5807597178819446,1.1423941909722222
2025-07-13,2096922456.6388888,417457728.44827086,3.4540191912847225,3.7608340590277773,2.5376001995486113,1.1284810868055555
2025-07-14,2117440906.875,428637543.0703743,3.4148078671180553,3.8029498784722224,2.671372867569444,1.0313715868055555
2025-07-15,2160394199.3680553,417396645.58284086,3.5041022240277777,4.062473510416667,2.7625757580555557,1.0323937569444446
2025-07-16,2269056161.0416665,461987554.0778755,3.0990501578125,3.489426336805556,2.5763089977777778,1.0384067743055556
2025-07-17,2435276098.079861,519756001.57757825,3.4222809382291666,3.759410364583333,2.6519421124652776,1.0097603541666667
2025-07-18,2650844192.9965277,628896626.6182569,3.7723333609027776,3.926471125,2.7300139927430553,1.0594951006944444
2025-07-19,2868474560.5590277,704674519.7885723,3.4890420448958332,4.1409965625,2.5626933563194445,1.0440794583333333
2025-07-20,2961859591.0,763596430.7225877,3.6407885211458333,3.9387500381944442,2.7280803617708336,1.02931465625
2025-07-21,3024261525.2083335,824869381.353332,3.5578255088363635,4.252845905454545,2.778823247090909,1.0428311875
2025-07-22,3049887350.232639,812010744.9465781,4.20356185255814,4.464067170138889,3.0266800294097225,1.0177174131944444
2025-07-23,3024631619.1875,766899380.6224895,4.639610802881944,4.814265413194445,3.2952189601388886,1.0604932395833333
2025-07-24,2817087433.5,669618697.9870392,4.454556563923611,4.376467260416667,3.327128953715278,1.0813456458333333
2025-07-25,2754966782.53125,630258196.2421409,4.755728011909722,4.262503836805555,3.584447531909722,1.0276634097222221
2025-07-26,2766615763.5104165,656167781.0953685,4.203100350243056,4.23409571875,3.2695306324305555,1.157722388888889
2025-07-27,2788940265.267361,665123618.0797001,3.8764427544791666,3.8904948541666666,3.197271338680556,1.0862593229166668
2025-07-28,2838209720.7534723,673275629.619195,4.402023816284722,3.518921746527778,3.4348077708680558,1.0406252777777778
2025-07-29,2769578725.6284723,624444649.822559,4.054781174479166,3.2143016041666663,3.45361535375,1.0899209756944446
2025-07-30,2718353228.3125,599620509.723893,4.140326649444444,3.1775416145833333,3.345302668784722,1.0441899895833333
2025-07-31,2677294826.2708335,587190514.6812052,4.061765286597223,3.3032983715277777,3.333366455069444,1.1337286319444444
2025-08-01,2646995800.5833335,546098607.7672024,3.607296043333333,3.427152503472222,3.184335093819444,1.0512447673611112
2025-08-02,2559879510.7222223,505744123.8310638,3.6652174086805553,3.6734550694444446,3.1811797893055553,1.0385083020833334
2025-08-03,2569505319.6840277,506522132.2231509,3.5261213306944446,3.356315611111111,3.1110191625347223,1.1067341770833332
2025-08-04,2509750661.3125,510965211.2733998,2.8979606887847225,3.001107440972222,2.817736048611111,1.0938321736111112
2025-08-05,2433405941.2534723,494557135.90897316,3.4384308063194444,3.0694432881944445,3.0051692968055557,1.0180795451388889
2025-08-06,2387324249.6041665,480848674.83779454,2.9576354157291664,2.967290777777778,2.7817872130555554,1.048034482638889
2025-08-07,2379549248.0972223,501940559.5070448,3.3697608179166667,3.027205041666667,2.859022953472222,1.0701539930555555
2025-08-08,2399132342.267361,537748860.5262898,2.996171655590278,3.4418575416666664,2.539331862847222,1.056982638888889
2025-08-09,2498526191.263889,594466490.2991277,3.0087168773611115,3.230336638888889,2.509653207638889,1.0565263090277779
2025-08-10,2514846578.6805553,591736334.7703896,4.073522303819445,3.850689232638889,2.9552536933333333,1.0715066319444444
2025-08-11,2520497244.1006947,584677114.7584484,3.3530858294097223,3.770156027777778,2.6884140628472224,0.9769451979166666
2025-08-12,2464816206.9305553,560841664.1115396,3.6848225767708334,3.3941494305555557,2.962262300347222,1.0475533784722222
2025-08-13,2603570468.2222223,630346572.1468766,4.188337874201389,3.5590853298611114,3.118153723715278,1.0419449722222223
2025-08-14,2615301393.1319447,616354955.1606736,4.8990762072222225,3.6684085659722223,3.4446866798958333,1.0201252048611111
2025-08-15,2457736344.3472223,558670825.3459144,4.156126754201389,2.7185708993055555,3.390980086145833,1.0454065972222222
2025-08-16,2423256479.545139,558925506.3131826,4.188103743506945,2.8469522499999997,3.397096362048611,1.0669954270833335
2025-08-17,2422824936.611111,566831271.7340842,4.391103888229167,2.657468597222222,3.4444032534375,1.0303444027777777
2025-08-18,2426793177.9270835,543603054.4836998,4.573574190069444,2.649468534722222,3.6710859893749994,0.9978420104166665
2025-08-19,2382713915.2916665,516743785.8223084,4.1767864794097225,2.761234583333333,3.4593390203125,1.0149338680555555
2025-08-20,2316313278.2881947,498365086.3665815,3.6032582278125003,2.8310176874999997,3.2501557447569445,1.0900485486111111
2025-08-21,2316167435.076389,506377821.4476331,3.756579838506944,2.843646354166667,3.125180930902778,1.056017951388889
2025-08-22,2397213237.28125,538990807.6329048,3.732805935069445,3.0047524791666667,3.155492722604167,1.053203420138889
2025-08-23,2698299878.4166665,637195858.449524,4.107421647534722,3.8134575381944447,2.7976030944444443,1.1084112326388889
2025-08-24,2623417535.0520835,612712675.9191331,4.363646744861111,3.993338440972222,3.0586170666319443,1.0860167256944444
2025-08-25,2533484221.298611,558960997.2753434,4.884287198090278,3.4596531840277778,3.7110517406250003,0.9334734131944445
2025-08-26,2468297695.8194447,525623453.48499763,3.775216002048611,2.5915872083333333,3.4882367966319445,1.0098819826388887
2025-08-27,2382409686.829861,524245122.64733493,3.3767060944444447,2.805515670138889,2.94676396875,0.990159579861111
2025-08-28,2350688971.9791665,522982946.6730438,3.7863626148263894,3.1585594131944443,3.107083182465278,1.058477222222222
2025-08-29,2369907154.235088,511660109.457404,4.07266344091228,3.37113469122807,3.3039528158245615,1.0052886070175437
2025-08-30,2391634258.7604165,515316133.0947416,3.7879078660069445,3.2665439131944445,3.2620669746875,1.1084769409722222
2025-08-31,2390385530.59375,520481487.85476613,3.7032007485069443,3.392865253472222,3.119139239340278,1.074739111111111
2025-09-01,2313112016.0520835,491428294.5782584,3.7149761289236114,3.2705831805555556,3.2513470807986113,1.10501771875
2025-09-02,2285131310.6770835,485164010.805821,3.3844819369791668,3.167347232638889,3.093840682951389,1.0731436631944444
2025-09-03,2369956415.7395835,515033133.3561535,3.329076491875,3.156789090277778,2.8196126515624997,1.0966739965277776
2025-09-04,2455883089.875,527659926.68920994,4.120388182604167,3.4189345034722223,3.1591958228819443,1.0331247743055556
2025-09-05,2374252310.2395835,512492588.20047545,3.945694958333333,3.514656954861111,3.2421395484027777,1.1285963576388889
2025-09-06,2381157550.2465277,512509133.5241416,3.976627573090278,3.7954200555555553,3.2273793284722223,1.0968683090277778
2025-09-07,2427715567.21875,534064439.0607459,3.5943569982638888,3.3016290694444446,2.922927546006944,1.1432509583333335
2025-09-08,2775666479.6319447,652801543.7135231,3.394833267534722,2.9517320520833334,2.674574131388889,1.1361307256944444
2025-09-09,2891701980.451389,694362637.7298621,3.8803292162847223,3.6317326944444446,2.7814544118055555,1.0712603159722223
2025-09-10,2847508139.2465277,688458354.0379754,3.912082638229167,3.876835961805556,2.849317457569444,1.077065517361111
2025-09-11,2892512372.5416665,722873164.2271218,3.751437037083333,3.7276727986111116,2.665744029236111,1.0123410034722222
2025-09-12,2975263298.1770835,787845818.3939574,3.4019521438541664,3.918699715277778,2.4795172446527776,1.0463546805555555
2025-09-13,3255666118.9270835,938203650.9281688,3.456199218020833,4.439797666666667,2.5248538370138887,1.0402095
2025-09-14,3414198005.701389,970175725.4090424,3.7447225311458334,4.811789951388889,2.663105846909722,1.0450499895833334
2025-09-15,3453702490.78125,929269892.4734392,4.401229015868056,5.375952923611111,3.0945438400694445,1.0326976770833332
2025-09-16,3354647841.2222223,894231504.6505283,4.409726767604166,4.938124645833334,3.166175886770833,1.051121579861111
2025-09-17,3122596529.4027777,838155243.6683844,4.513323956875,4.931927673611111,3.326634388715278,1.0016889652777778
2025-09-18,3146721437.625,885202048.854132,4.016262548263889,4.167399541666667,2.9294738680555557,1.0143548680555556
2025-09-19,3025626461.4965277,822616884.9884696,4.2718975907638885,4.167694489583333,3.0574799289236108,1.0094762048611112
2025-09-20,3020942329.3229165,803324638.578386,4.149069659930555,3.784479708333333,3.3860103427083335,1.1058369479166668
2025-09-21,2973390167.5868053,790065665.1660743,4.08680282625,3.6267022118055556,3.350580572291667,0.9794656284722222
2025-09-22,2811237104.545139,680688685.8589519,4.785043448402778,3.6248168402777776,3.659170471006944,1.03317390625
2025-09-23,2727311941.236111,654267318.7320614,4.459988414791667,3.150163986111111,3.5587238017708334,1.0136759722222222
2025-09-24,2743583360.1944447,662642815.7158481,4.162341372291667,3.202458479166667,3.454501077013889,1.0561053402777778
2025-09-25,2664391044.951389,616190424.1858554,4.633502121354167,3.7320489826388887,3.768741555,1.015846642361111
2025-09-26,2631562850.71875,598712959.880317,4.165497595590278,3.393063982638889,3.6169285294097224,1.0762261666666666
2025-09-27,2619197087.142361,604129588.579387,4.3189760584375,3.755421260416666,3.5448768091319445,1.0344383159722221
2025-09-28,2589817668.7256947,594378360.4862714,4.346591632986111,3.6634678715277778,3.573776447326389,1.1192315972222222
2025-09-29,2567509121.9305553,600276967.1456859,4.596913316006944,3.734621482638889,3.648228261909722,1.0351096736111112
2025-09-30,2513784064.6145835,581110621.3745629,4.664515420833333,3.4981895,3.8211229577430554,0.9957883090277778
2025-10-01,2468671131.3020835,593258625.8690709,4.374600320208334,3.6422970104166663,3.5617237739930556,1.0634370069444445
2025-10-02,2591927926.3506947,663338633.4920621,4.365968338298611,3.580009128472222,3.377771030659722,1.047459079861111
2025-10-03,2708439503.7395835,698689125.0893555,4.6044522188888894,4.22005140625,3.272215070451389,1.0219670381944443
2025-10-04,2635685578.5694447,663069321.1185073,4.556528865659722,4.619084388888889,3.24185868,1.0687396388888888
2025-10-05,2684114996.5729165,688527416.1714996,4.373122679270833,4.4918703055555556,3.187351738090278,1.0837993923611111
2025-10-06,2767221106.329861,721641841.8299663,4.043592090625,4.057408399305555,3.080284213298611,1.0329936701388889
2025-10-07,2826753862.201389,730543577.0799305,4.655526929513889,4.891784295138889,3.259401984166667,0.9924421458333332
2025-10-08,2709100544.5659723,681967446.5830321,4.413229395972222,4.311319215277778,3.456889137222222,1.0458212256944444
2025-10-09,2625139323.84375,649784231.4381518,4.822540006631944,4.32280021875,3.5722515673958335,0.9995623541666667
2025-10-10,2576082515.1145835,616118522.649298,4.719567049479166,4.3131184027777785,3.5495213590625,1.0124898541666667
2025-10-11,1900037674.6006944,363763804.778104,3.080505951041667,2.508513954861111,2.5937334931944442,0.9806965555555556
2025-10-12,1721598199.7048612,336016293.50540787,2.9525286921875002,2.0089790104166667,2.6313907597916666,1.0381624791666666
2025-10-13,1676419049.6354167,352458579.8904375,3.0843709131944443,1.8907359444444447,2.683612741006945,1.0089054201388887
2025-10-14,1573289696.9479167,319453914.7274211,3.2519818397569447,2.272628253472222,2.6678828103472223,0.9868424895833334
2025-10-15,1481557841.1145833,298013662.0198937,3.1884747516319445,2.3049658541666664,2.6851411585763887,0.9910903645833334
2025-10-16,1518927062.1145833,295225451.64722675,3.278174100451389,2.20502328125,2.8712101114930553,0.9956594826388889
2025-10-17,1498766647.2569444,276731300.3725145,3.417851985625,2.2379916180555557,2.8940794921874997,1.0158936041666666
2025-10-18,1467996594.1597223,275312178.5761192,3.190922792048611,1.9799324861111112,2.788192880138889,1.0506993506944444
2025-10-19,1549110508.7465277,299218802.756719,3.1133915330555557,2.178853361111111,2.7056386355902777,1.0225722708333334
2025-10-20,1691117649.1875,336723859.5433107,3.1296563555208334,2.402205149305556,2.610633827013889,1.049883048611111
2025-10-21,1672979734.875,329940370.2541893,3.088973227013889,2.770216597222222,2.5095202153819445,1.0562105104166666
2025-10-22,1542936333.4131944,295308387.73362625,3.3307204749305557,2.6060399513888886,2.7599496444444447,1.0786045173611112
2025-10-23,1469842438.7847223,284614453.281271,3.280843655451389,2.8051606215277776,2.7088747300694447,1.0832339270833333
2025-10-24,1469276763.6215277,288692576.66050327,3.2008655300694446,2.876942201388889,2.586330176388889,1.0834596006944444
2025-10-25,1488757883.5173612,294219101.601817,3.187904101076389,2.9108205034722223,2.4410331358680555,1.1179514513888889
2025-10-26,1541564994.3159723,307929192.4147983,2.9839023580555555,2.6447679097222223,2.323605820486111,1.1272666597222223
2025-10-27,1569881903.3229167,321138371.9120092,3.0757322877777775,2.8185344930555556,2.3522634259374997,1.0286145312500001
2025-10-28,1521900546.2465277,303093792.52766204,3.119752495208333,2.9690375555555555,2.4757958644444447,1.02411009375
2025-10-29,1520353921.8368056,294797893.74045616,3.0421808094097225,2.375443576388889,2.645963086388889,1.0293720173611112
2025-10-30,1559858746.8298612,289886754.60546285,3.0377343249305557,2.009828996527778,2.659619105486111,1.01215975
2025-10-31,1496551614.1145833,277249999.2181115,2.981045879861111,2.3237107361111113,2.693925025034722,1.131701371527778
2025-11-01,1473805330.9479167,275218212.79356104,3.029948520902778,2.451842357638889,2.669713468611111,1.136385579861111
2025-11-02,1507744588.1597223,279568074.80025077,3.0109279028819445,2.3621113368055555,2.656569052395833,1.0170928923611111
2025-11-03,1561101054.0798612,270379986.6316864,2.9620701828472225,2.349216236111111,2.592679304861111,1.0058038402777778
2025-11-04,1546663406.78125,253245789.58382934,2.707997385451389,2.4729782708333334,2.3640117854166665,1.0110900763888888
2025-11-05,1571728103.8298612,258976451.44473088,2.7894459772222224,2.6368980659722223,2.3634719589583333,1.0992986666666666
2025-11-06,1523088793.9166667,247950129.07573688,2.8971469309375,2.750158166666667,2.4663642207986114,1.0313464097222222
2025-11-07,1509777709.8263888,255187740.8484044,2.7667569004166666,2.912218545138889,2.3914205454861115,1.05963715625
2025-11-08,1605291598.2916667,285625532.05807346,2.7925848580555557,3.1471999965277777,2.2496521369444444,1.0566371388888889
2025-11-09,1561958606.8680556,274895111.717957,2.9023536563541668,3.372203875,2.390025569375,1.082914125
2025-11-10,1562303991.2152777,282709939.06073534,2.945421915590278,3.2446360868055555,2.4476723248263887,1.0090390243055554
2025-11-11,1543756863.3368056,273735328.391407,3.0036034751041667,3.280514079861111,2.4522698878125,1.0677053229166666
2025-11-12,1534059444.7048612,264480495.4087936,2.906852196770833,3.13526671875,2.4830581069791666,1.0140139756944444
2025-11-13,1583596789.625,270582813.7700372,2.8469596007291664,3.0709239756944444,2.416608602847222,1.0394907222222223
2025-11-14,1687672733.9861112,273858142.8368266,3.0063043761458332,3.1993282291666665,2.590976769270833,1.006154204861111
2025-11-15,1729607698.8333333,281190098.2152373,2.862147844826389,3.1689099791666666,2.5028271848958337,1.1367024444444445
2025-11-16,1713723033.1319444,275385388.5294395,2.9991473399305555,3.1760104479166666,2.579628968541667,1.0223043194444446
2025-11-17,1706965198.1875,270712931.234617,2.934804015798611,3.29019421875,2.5696335505208334,1.044252329861111
2025-11-18,1726419004.4548612,271401850.8107073,2.7269432189930556,3.1219112743055555,2.435224484340278,1.1383380625
2025-11-19,1764176691.4895833,275408712.5753987,3.0290062561111113,3.2152988055555554,2.531616418923611,0.9936766250000001
2025-11-20,1732195522.2465277,268385490.80385166,2.8883764741319444,2.9388793854166666,2.4812830953819445,1.0789652881944445
2025-11-21,1553756995.6736112,221016443.06712252,3.061394355173611,2.459573017361111,2.570824998402778,1.0372071666666667
2025-11-22,1418218676.6631944,196617777.02086863,2.976021202916667,2.1694073125,2.508437351527778,1.1289841145833333
2025-11-23,1392449937.3784723,200911917.11436626,2.850501386597222,1.9663813263888887,2.5330348477430555,1.0950798923611111
2025-11-24,1445167427.84375,213638087.77187735,2.897154835555556,2.1629675729166666,2.4808232120833336,1.070496496527778
2025-11-25,1491356415.6944444,224239314.53315198,3.1628226231597223,2.127070236111111,2.5532373636805556,1.0353441944444444
2025-11-26,1408795511.0868056,214612404.14602733,3.171439232777778,1.9615280416666667,2.5564306294791668,1.113496034722222
2025-11-27,1416443421.8298612,217642276.22833708,3.2706783938194444,1.9027386666666668,2.6652237285069442,1.1306200972222222
2025-11-28,1425717150.84375,215234721.77874336,3.1208630904166665,1.7655385520833333,2.604064982638889,1.03586371875
2025-11-29,1374968839.25,204960530.11035672,2.8253794494444446,1.8108395659722223,2.4149604939930556,1.194442732638889
2025-11-30,1365012145.6909723,203621055.84474847,2.7329144501736113,1.7670418229166667,2.3839815309722225,1.1261994965277777
2025-12-01,1391249993.6493056,189368216.55226725,2.7744811222916663,1.6625721840277778,2.365498339166667,1.008829607638889
2025-12-02,1464177022.5972223,204688015.07911265,2.5338485219097224,1.7290196493055554,2.2588500094444446,1.1475668506944445
2025-12-03,1420044335.9618056,212429043.704709,2.725244458298611,1.7925985,2.255675672673611,1.152251232638889
2025-12-04,1454503607.2256944,217534109.8387511,3.1306041303819447,1.9681348958333333,2.4260960926736113,1.1611188055555557
2025-12-05,1450272038.8263888,208147301.90828705,2.9825317033333336,2.2909572361111112,2.3447273938541664,0.9928838680555556
2025-12-06,1429888698.0763888,199501036.0290493,2.842039138368056,2.0374652604166665,2.376509858611111,1.2079568298611112
2025-12-07,1422243881.0729167,198449034.27495348,2.8202785620486113,2.010393986111111,2.381593804548611,1.0987210798611111
2025-12-08,1390965904.7013888,197810813.9088381,2.6932712920486113,1.940172375,2.29305634375,1.1240894479166665
2025-12-09,1455071285.2465277,209700904.88922793,2.6784854030555554,2.054948104166667,2.210874755347222,1.1214046840277776
2025-12-10,1485821482.2395833,217286833.97174442,2.9884483178819448,2.0192992361111113,2.381482165798611,1.0935918125
2025-12-11,1529267252.0590277,211957715.59516218,3.0056213033680557,1.9775705833333335,2.5811398435069446,0.9751380937499999
2025-12-12,1484557714.2638888,206425177.16291618,2.5314523077083333,1.9599644826388891,2.325689075451389,1.0480938750000002
2025-12-13,1463210143.5625,202524588.7789401,2.4736219090625,1.8806681006944446,2.3068326503819443,1.1680895208333333
2025-12-14,1454634464.9131944,198521818.724748,2.5188645654166666,2.0468863958333334,2.3062804617708337,1.1517372534722223
2025-12-15,1516299501.2013888,202601349.87312594,2.541189608611111,1.8871038472222221,2.3853620256944446,1.0462831909722223
2025-12-16,1518851839.3854167,198095968.3388965,2.4866039543402776,1.9418183923611112,2.295556044652778,1.1148446006944444
2025-12-17,1435617401.3402777,185870213.49440476,2.3667950005208334,2.0996880208333333,2.1632378652777775,1.0510449687499999
2025-12-18,1460471691.0868056,182916502.18775165,2.434974137083333,2.177160875,2.2295255110416665,1.0408454965277778
2025-12-19,1416625992.6284723,181590035.24063507,2.0609705709375,1.9566102916666668,1.9137897927430556,1.11391121875
2025-12-20,1421919832.7673612,187253291.68552244,2.141661042638889,1.9702840069444443,1.8453990098958333,1.2587412881944444
2025-12-21,1449872088.6215277,189647757.05262998,2.3648902104513887,1.9556425590277777,1.9990314606597224,1.1692512395833332
2025-12-22,1433452725.1006944,189907006.07723394,2.319148178888889,1.8844304513888888,2.040542041284722,1.1522299756944445
2025-12-23,1453766956.4027777,189751276.3775345,2.466932215381944,1.9221595416666668,2.1694075580208336,1.0683306319444443
2025-12-24,1495330967.1493056,191612599.00777856,2.691477097847222,2.0000344097222222,2.277079779027778,1.1769417569444445
2025-12-25,1521715802.4201388,193576158.17369068,2.530649740763889,2.0067112569444445,2.1808941651041667,1.19678315625
2025-12-26,1608860262.0659723,199559626.16592947,2.564449757326389,2.0046266631944447,2.2273559984375,1.1323885729166667
2025-12-27,1704197308.6319444,209301387.63211015,2.699943328263889,1.9049754965277776,2.378116128402778,1.2605273472222223
2025-12-28,1721130769.3333333,213254430.69324636,2.6968102871875,1.8869997118055555,2.333116595590278,1.2835607708333334
2025-12-29,1663083563.8576388,207550479.14383915,2.5872189974652775,1.890272611111111,2.243298445625,1.1724574305555555
2025-12-30,1717475708.1597223,212238722.42726943,2.5550117748263887,1.8897599062500001,2.2649068872916667,1.043633097222222
2025-12-31,1885316841.8402777,228453317.7074724,2.783385092048611,1.8029704166666667,2.442623914861111,1.0564015486111111
2026-01-01,2161768283.298611,262765074.6165799,2.615697851840278,1.84908778125,2.3372414158680552,1.1619253090277777
2026-01-02,2196513272.7291665,291878647.9587004,2.083406602986111,2.179737552083333,1.8209730835416669,1.1575358368055555
2026-01-03,2322662768.3055553,330404129.35482407,1.9532762135416668,2.624975138888889,1.6670465758680555,1.2101166423611112
2026-01-04,2437318591.5381947,366896860.5250164,2.1728986752083332,2.8102317847222222,1.8690199525694444,1.1577763888888888
2026-01-05,2314175531.5729165,347248253.6860387,2.3450081479861113,2.694896958333333,1.9852884772916666,1.1672871111111112
2026-01-06,2178065346.5416665,326976556.39922893,2.550647463576389,2.491820284722222,2.103931626493056,1.0533560833333333
2026-01-07,2007289606.2326388,296678083.1905961,2.533854148402778,2.747190329861111,2.081525315381944,1.0585757916666667
2026-01-08,1943747573.4479167,278261600.3670686,2.9273430447569444,2.6830398680555554,2.3457693456944444,1.1705592708333332
2026-01-09,1850815308.7916667,261476440.00044414,2.9952422014583333,2.398088979166667,2.426592545659722,1.0955311805555557
2026-01-10,1783445579.4305556,249691882.74032143,2.8496628679166665,2.4538590694444444,2.3937634584375,1.1938048888888888
2026-01-11,1803899153.8055556,250671067.99180645,2.7825691086805557,2.4838181805555557,2.3911503365277778,1.1810035416666667
2026-01-12,1783943753.4722223,246388311.27383757,2.884356786597222,2.3140954479166664,2.480031764618056,1.0679077361111111
2026-01-13,1742175160.4409723,245113334.9665017,2.7323042947569447,2.2749481666666664,2.3516539913194445,1.0976952430555555
2026-01-14,1763544160.4895833,260833596.78283316,2.6368866191666664,2.291026204861111,2.1312079214583335,1.1543856145833333
2026-01-15,1728327738.3090277,246766430.28930706,3.064164162395833,2.7057135381944444,2.4405276693402778,1.0126338263888888
2026-01-16,1701340441.7743056,235523796.01107803,3.160095092534722,2.578399024305556,2.603603028298611,1.135687736111111
2026-01-17,1736031493.9409723,239454536.42925727,3.0135518342013885,2.212916715277778,2.5597480453125,1.2415649375
2026-01-18,1743113691.8854167,238900196.19014943,2.957304210902778,1.9537572951388888,2.5588214590972225,1.2370047256944445
2026-01-19,1563947131.4895833,200231608.18038937,2.982672913020833,1.6020440104166667,2.514314329965278,1.0762496041666667
2026-01-20,1534173995.6909723,193011704.29868025,2.886622414791667,1.77714278125,2.4485516148611115,1.0632038229166667
2026-01-21,1510279718.7048612,188756850.093354,2.899119868402778,1.71829503125,2.531762781215278,1.0715168263888888
2026-01-22,1463670992.0451388,183997431.7930802,2.964621162326389,1.7756634166666665,2.5253194060416666,1.1127302187499999
2026-01-23,1485784379.8854167,185629101.52060673,2.945785117048611,1.7903367118055558,2.5818265238194447,1.0963100381944446
2026-01-24,1468966368.1527777,182570947.17806834,2.923121509826389,1.8148951805555553,2.5972407942708333,1.2269089652777778
2026-01-25,1538351518.3333333,187562514.74154007,2.9954715669444445,1.8457023715277776,2.635331953576389,1.1360746284722223
2026-01-26,1630444605.1180556,198625941.99391472,3.0988849230902775,1.9595740694444446,2.7008975075,1.0961660902777777
2026-01-27,1647001045.2951388,202683658.59795985,3.024864269340278,1.7884848541666665,2.6397869803125,1.1251091736111112
2026-01-28,1576960744.9305556,197657294.11881122,2.9768922144444443,1.6601966076388888,2.5567689045833335,1.1160153333333334
2026-01-29,1642977099.1701388,196590371.31782794,3.291742179479167,1.719514638888889,2.8052259808333333,0.9841285173611111
2026-01-30,1779334294.1770833,205138004.4452875,3.1232913360069445,1.7045828472222222,2.756965850486111,1.0411348125000002
2026-01-31,1762836408.0034723,193013308.70164052,3.0362412089583333,1.7216795868055557,2.5961194175694446,1.0260127326388888
2026-02-01,1682248328.4861112,176446852.62575534,2.7991285744791665,1.5138439479166665,2.3614854428124996,1.0927949131944446
2026-02-02,1685259606.1944444,178137059.80830172,2.7702883611805555,1.7242382118055555,2.3395583851388886,1.0472739375
2026-02-03,1662750471.125,177853116.60628727,3.102272866631944,1.7804526388888888,2.5560307479166666,1.0542320555555555
2026-02-04,1643753838.9618056,174232207.41152018,3.1385551994097223,1.9484154756944443,2.626113718923611,1.0271231041666669
2026-02-05,1743748072.3055556,170314541.1258765,2.963804006319444,1.8724000902777778,2.4765377953472223,1.0627965104166668
2026-02-06,1570241917.6805556,147779489.41959795,2.5717110645833334,1.37165096875,2.245012354652778,1.1572252465277777
2026-02-07,1446017369.0694444,140820605.40854633,2.683122412604167,1.6407243125,2.2361289059375,1.0523802361111112
2026-02-08,1370708087.1493056,133397778.32240677,2.7062334724652777,1.8415492743055555,2.2474358389583333,1.0724841284722222
2026-02-09,1379660193.8263888,131611748.95866394,2.627224600590278,1.6866046284722223,2.2428295254166666,1.0791380972222222
2026-02-10,1403287513.2881944,131618004.53494157,2.5434726476388887,1.671205045138889,2.1700144598958335,1.0369434722222222
2026-02-11,1453260008.8159723,132159826.67509276,2.415681489548611,1.6817140798611112,2.1066061782986107,1.1208767256944445
2026-02-12,1465487845.6701388,135416562.67483115,2.3086360228125,1.547084496527778,2.010098295659722,1.1352930555555556
2026-02-13,1513347572.2777777,142733822.14387318,2.35134803,1.6814106909722222,2.045216251527778,1.1936916354166667
2026-02-14,1533275523.3541667,155966660.63427755,2.5390965822916667,1.6403158923611112,2.221705499895833,1.05919334375
2026-02-15,1849010466.4444444,203182391.63698876,2.8435651077777777,1.9984492847222224,2.262491527881944,1.0171898958333334
2026-02-16,1721530523.96875,174709079.21316093,3.214326047638889,1.9405271006944445,2.6250946499305554,1.1889910972222222
2026-02-17,1680109105.6006944,168454412.07095844,2.9706373845138887,1.7814489687500001,2.538198706840278,1.1811976875
2026-02-18,1635414036.8888888,163798650.36847293,2.9608338138541668,1.5240187743055555,2.607900296388889,1.1184852152777778
2026-02-19,1595533716.9930556,156069129.04393515,3.0696130571527775,1.5188656666666667,2.6739496891666668,1.1440703576388889
2026-02-20,1543190802.7916667,153171892.60060054,3.0363982709375,1.4578232291666666,2.633983589618056,1.1130010277777778
2026-02-21,1588382429.5798612,158501057.14299148,3.0459385747222223,1.4684732951388888,2.5865027428819447,1.1047999270833335
2026-02-22,1655394962.4340277,159644184.9412227,2.7199245295833334,1.5218224722222222,2.4033387333333334,1.1022648715277779
2026-02-23,1606698741.6354167,151560559.61988917,2.5174538065277776,1.531025875,2.2081541567013887,1.069590920138889
2026-02-24,1613933219.3854167,147957631.14731055,2.5330563322569444,1.5272169131944446,2.2438601959374997,1.1515400104166666
2026-02-25,1636059215.8368056,159113185.47426584,2.3977626671875,1.5679811493055555,2.1214147977430553,1.065425482638889
2026-02-26,1642518013.8090277,162316090.57941577,2.656504472361111,1.6767384270833334,2.1256651453125,1.1010046527777777
2026-02-27,1616858784.4097223,154540990.14194414,2.602614816736111,1.8620248993055557,2.1586737657638886,1.079032545138889
2026-02-28,1670805792.1458333,152750687.733637,2.380153875486111,1.709718204861111,2.065606331493056,1.10401790625
2026-03-01,1657966551.0416667,155626862.1203204,2.3004361391666666,1.667143201388889,1.9532603550347223,1.1426782152777777
2026-03-02,1600470789.7395833,149472485.99665955,2.2401305406944445,1.7583139861111112,1.922344191527778,1.1029636388888888
2026-03-03,1717639844.1597223,155724864.63861704,2.485873178125,1.5860412847222223,2.1393562714930554,0.9995919479166666
2026-03-04,1992445545.0972223,188573328.89603183,2.2960860188194445,1.3536098159722223,2.062042613888889,1.0909025520833333
2026-03-05,1908565037.9444444,182234726.9973437,2.400865710034722,1.5610820763888889,2.0050357917708332,1.044291982638889
2026-03-06,1876247699.2048612,173213723.7980193,2.6498195959374997,1.6067345972222222,2.276873720069444,1.1205623090277779
2026-03-07,1967383277.0625,177897093.83038244,2.7549948444791665,1.6294447256944444,2.4304199442013887,1.15978934375
2026-03-08,2147650834.6979165,191602898.46320543,2.7227974416319447,1.4547157708333334,2.4856135277777778,1.00951428125
2026-03-09,2195211606.7465277,199116429.87096715,2.702641802673611,1.3242387951388888,2.4492218889930557,1.0721084097222222
2026-03-10,2167506322.4756947,204371657.34101334,2.505944245972222,1.2234041145833334,2.2126241924305554,1.0901136666666666
2026-03-11,1950231292.5347223,181236983.91259617,2.6372112883333334,1.4502923680555557,2.3060549594097224,1.0300337708333334
2026-03-12,1969497906.4479167,184238775.5158009,2.5222226112152777,1.3990372708333334,2.26195847875,1.0669682534722222
2026-03-13,1959943867.2569444,190688296.69047186,2.316980136840278,1.384135295138889,2.026295692951389,1.118372138888889
2026-03-14,1871354882.8784723,177893806.91712743,2.614040597777778,1.54927196875,2.2208680442708335,1.2698454618055555
2026-03-15,1853673805.7708333,177526916.18717661,2.764938118090278,1.507120625,2.3832001051041667,1.0967199444444444
2026-03-16,2021609331.3506944,203754298.5781469,2.3937127422916666,1.3712401979166666,2.0351393768402777,1.1073390069444444
2026-03-17,1937469019.8576388,195121880.8528713,2.7154819946180555,1.519559579861111,2.209742244270833,1.0498903784722222
2026-03-18,1773532305.75,173093766.03905278,2.7122155494444447,1.5085697951388888,2.2762269914930555,1.0465950625
2026-03-19,1753367056.7881944,164558139.75378078,2.597670638854167,1.5338508229166665,2.240123757569444,1.0882180555555554
2026-03-20,1781675053.1215277,167504717.96982604,2.552143175590278,1.56036784375,2.2710479172916664,1.1993080659722224
2026-03-21,1767260350.9826388,166447752.83188123,2.6187235201736114,1.479839829861111,2.3481637163194446,1.1520308159722221
2026-03-22,1812937764.0138888,165436547.79396793,2.5145650380208333,1.3910989583333333,2.3038608487500003,1.0409110243055555
2026-03-23,1845291177.5833333,170591047.3763646,2.521286091875,1.3136743472222223,2.2838452337152777,1.0758673819444444
2026-03-24,1752031002.7152777,164459168.05972412,2.866702565763889,1.2863413472222223,2.4185320035069444,1.0776366041666667
2026-03-25,1766910757.5451388,170150413.86947423,2.7454248199999998,1.2800811215277779,2.2949422585416666,1.2203534166666667
2026-03-26,1744891127.9861112,161324087.54279965,3.0311283642708333,1.5084968993055556,2.520865439236111,1.0772290868055556
2026-03-27,1826066966.1319444,165816795.62022236,2.7442164944791667,1.50703246875,2.4528019874305556,1.1167540625
2026-03-28,1878634312.0243056,171748965.716562,2.729170438923611,1.495183923611111,2.483242342638889,1.1628712256944445
2026-03-29,1881721680.2986112,170763726.7970227,2.8517686754166665,1.6415893784722222,2.5755345975694444,1.184115701388889
2026-03-30,1842906382.9409723,169892734.0914176,2.860402130798611,1.5953503437499998,2.505838589722222,1.0846947291666666
2026-03-31,1876176677.0659723,171385834.902123,2.795226183368056,1.7227418368055556,2.4504642069444444,1.117649048611111
2026-04-01,1907447903.1145833,176774959.62750393,2.9566825871180553,1.6698323958333332,2.493110962638889,1.13520815625
2026-04-02,1932623739.3333333,174298230.95570606,2.875225662673611,1.7719407743055555,2.5419207859027777,1.1309181666666666
2026-04-03,1924344885.9513888,175619970.29444376,2.649102942048611,1.7174397222222222,2.3374698018402777,1.1706380381944443
2026-04-04,1936493655.3159723,177112021.0927136,2.793139561597222,1.8770455833333333,2.373252210590278,1.0146895625
2026-04-05,1968519571.3194444,178484015.9651413,2.550912485798611,1.89671553125,2.2871625560069444,1.2238049131944444
2026-04-06,2061892145.5104167,190263493.15186158,2.368742720173611,1.7355480625000002,2.070282355902778,1.1241560347222221
2026-04-07,2040919944.59375,186045599.54825875,2.5155481089583334,2.018014465277778,2.2320163833333333,1.0920496493055554
2026-04-08,2244851703.236111,211106220.75611734,2.4854730006944443,2.0515712881944443,2.036458476875,1.1743085555555557
2026-04-09,2130567485.9652777,196387468.1493795,2.7962595409027777,2.3535272118055555,2.3474960913194445,1.0586875868055554
2026-04-10,2216546068.375,206421825.89149916,2.709333973472222,2.1162468229166667,2.269357823645833,1.1654181701388888
2026-04-11,2273788094.4583335,212014016.8666897,2.8167170299652775,2.114082482638889,2.3831690197916666,1.0880217951388889
2026-04-12,2288350285.517361,208670310.0912032,3.002506688888889,2.077730166666667,2.5652089422916666,1.235534295138889
2026-04-13,2359982375.8194447,216287034.2172442,2.7595823653472222,1.8042686388888889,2.446240334201389,1.2046700208333334
2026-04-14,2463377695.4722223,231473727.9359406,2.3757178709027778,1.7787323750000001,2.003982292951389,1.063739513888889
2026-04-15,2312031194.0833335,216957699.06043717,2.979517751215278,1.7898575208333334,2.4762062081597223,1.08737634375
2026-04-16,2529426954.53125,245177701.27623543,2.794939446875,1.7879929687499998,2.3390873675694444,1.204657763888889
2026-04-17,2576144634.6805553,255537293.03119025,2.997965713888889,1.8536438993055553,2.458702354375,1.0791054791666665
2026-04-18,2443728013.6597223,236632375.50307834,3.2307976153819444,2.14366265625,2.6069128252777776,1.0354574583333334
2026-04-19,2349903826.3854165,221821179.88189498,3.598487214375,2.344713236111111,2.8531488455555554,1.1303910138888889
2026-04-20,2320168587.795139,219550944.1974529,3.483576148020833,2.3130708854166664,2.7904003557986115,1.1042026145833335
2026-04-21,2218038483.3645835,210699511.0268446,3.358160718159722,2.045258590277778,2.7324310972222223,1.07303721875
2026-04-22,2276358636.795139,220763380.20292887,3.0364768938541666,1.9659724618055554,2.4579658378819444,1.1598026145833333
2026-04-23,2976121148.1875,286566753.9364858,3.183007532604167,2.755547982638889,2.6182374559722223,1.2678975868055555
2026-04-24,3148115887.65625,307866411.57337356,2.885759389965278,2.9275270659722223,2.394752531493056,1.2717884166666666
2026-04-25,3168703477.8784723,311141893.01416117,2.810960174097222,3.017897777777778,2.312704529722222,1.1602264131944446
2026-04-26,3187056525.1840277,314183399.85553867,2.7833239708680555,2.9686924236111114,2.2670124668055553,1.3186467430555555
2026-04-27,3183438190.736111,313525270.4044163,2.8596982527777777,3.0088826458333333,2.3084679392708334,1.2068545520833334
2026-04-28,3314253508.107639,329089824.09788585,2.6321072316319443,2.948536697916667,2.1012790092708333,1.1675436180555556
2026-04-29,3616151970.1527777,375214071.3811618,2.3265152758680556,2.905950045138889,1.9964928252777778,1.12512390625
2026-04-30,3510306936.6770835,373309182.4537638,2.1943730596875,2.86229625,2.0386096732638888,1.1157290659722223
2026-05-01,3593793026.5,390698492.04418844,2.0005421438541666,2.670048875,1.8537406918055557,1.16870021875
2026-05-02,3579842757.2118053,387528660.1872935,2.0978236345833334,2.494569996527778,1.8908387802777777,1.2521148402777778
2026-05-03,3508192020.107639,379730761.47751766,2.209292041423611,2.4870745347222223,1.9997449394791669,1.2072840104166667
2026-05-04,3548218171.0,394117651.3427421,2.0225753919791667,2.4567646979166664,1.9161679596875,1.1459514375
2026-05-05,3541164346.486111,397825582.11921567,2.1063202764930558,2.5355475243055556,1.9760394028472221,1.1310695902777779
2026-05-06,3299980885.888889,377896658.10464364,2.3647493477430555,2.460819347222222,2.123945667048611,1.2242613159722222
2026-05-07,2711456338.0694447,297977844.57115114,2.5457165305555556,2.2444949895833335,2.2302191132291664,1.02521559375
2026-05-08,2400032387.0972223,257795290.2733277,2.7708168058333333,2.222056885416667,2.3513693290277775,1.1340864166666667
2026-05-09,2318932256.3715277,254297943.69037104,2.5925684372569444,2.1454298923611113,2.1662529179513887,1.1260382430555556
2026-05-10,2356338144.5,256874164.72377846,2.540417152361111,2.0271718993055554,2.1354650983680554,1.1676184270833334
2026-05-11,2824231333.8194447,311595003.5766563,2.387502977986111,2.5986841215277776,2.0060798349305555,1.1962731875000001
2026-05-12,3049544399.75,334750880.66889733,2.359880184861111,2.881095559027778,2.014844491458333,1.032247638888889
2026-05-13,3213455517.2708335,360657095.3294692,2.141522559722222,2.9665878506944443,1.875170968888889,1.1178885868055555
2026-05-14,3097621869.4756947,354847309.1986479,2.2802484443055553,2.497136572916667,2.0160967763194444,1.03691659375
2026-05-15,2614292268.7083335,298179346.83723205,2.818349357152778,1.8495417986111111,2.4139828475347223,1.010139236111111
2026-05-16,2437410732.6666665,268634935.05280167,2.9283244647916664,1.7134996736111112,2.5033406770833335,1.09615075
2026-05-17,2357933810.0694447,259842229.1230547,2.7883084388888886,1.8382550520833334,2.425933300277778,1.1551110729166667
2026-05-18,2258780524.90625,237171231.41881436,2.8426266625347223,1.9516121423611112,2.408140450694445,1.0973105138888888
2026-05-19,2257369289.6944447,234820881.0857996,2.7397470631944447,2.006611298611111,2.31759582875,1.1079144965277778
2026-05-20,2261383671.5243053,234304812.01053077,2.710085612361111,1.9490040034722225,2.3779817914930557,1.1640114305555556
2026-05-21,2342319169.8368053,246198371.89266744,2.6342187125347225,1.9281115,2.3187140634722225,1.1637761354166667
2026-05-22,2362458559.5069447,248818903.8013455,2.616771159965278,1.9679027430555556,2.218952169340278,1.2476636944444444
2026-05-23,2269987084.4375,229769516.02527884,2.607559641875,2.082286121527778,2.222682638715278,1.1187792569444444
2026-05-24,2191783898.8506947,224838950.91167563,2.4467503378125,2.1785404166666664,2.043200339027778,1.1412837881944444
2026-05-25,2203096908.576389,226172955.14808965,2.411443761423611,2.278782104166667,2.0553492725,1.2726663055555556
2026-05-26,2235305890.951389,226800634.0867551,2.512111496076389,2.2668273020833336,2.1632405356944444,1.274859767361111
2026-05-27,2277643272.1805553,231353098.92370558,2.6044313203819445,2.241036940972222,2.2688243790972225,1.1604265451388889
2026-05-28,2251421171.9166665,222774802.8858903,2.7937280956944446,2.107828503472222,2.3733065888194442,1.1431618888888888
2026-05-29,2221744928.7395835,221175632.04418427,2.8434516148611113,2.182797097222222,2.4091131230902776,1.22480721875
2026-05-30,2208369475.1527777,223081096.72887433,2.9967445858333335,2.402078229166667,2.5018755961805557,1.250626454861111
2026-05-31,2245085654.888889,225388591.74111688,3.1415779051041666,2.463427222222222,2.6321355709375,1.1924670868055556
2026-06-01,2231565478.5520835,223184715.81543142,3.1840508083680557,2.574882722222222,2.6228949452083334,1.0789180104166667
2026-06-02,2233003064.78125,217858077.55904093,3.2246163773958334,2.5068235868055555,2.616652264201389,1.0980604861111112
2026-06-03,2215109808.9895835,206144006.00516194,2.9450087468055557,2.3936390138888886,2.431031980902778,1.1260298993055555
2026-06-04,2149147778.8784723,191454565.27972317,2.8294886987499996,2.6265298472222223,2.2544573525347222,1.1216700972222222
2026-06-05,2037232317.8229167,171059224.1099399,2.8271724278125,2.424179954861111,2.2342702427083334,1.028490232638889
2026-06-06,2041156189.3402777,165758508.1766405,2.7000275612152778,2.312992739583333,2.1629304467708335,1.2132224374999998
2026-06-07,2035612781.9548612,171363332.13265005,2.7831524049652776,2.1078271423611112,2.2934148727430554,1.178567204861111
2026-06-08,2041620965.8159723,175828084.11663646,3.0205563099652775,1.9566741180555556,2.4177453502083335,1.1293115972222223
2026-06-09,1978074676.8958333,168726911.0672559,3.0666036055555552,1.8161053750000002,2.4104317605555554,1.1537917291666666
2026-06-10,1997002163.5659723,167192466.11049494,2.9789312539930553,1.7088876215277777,2.407820844826389,1.178363826388889
2026-06-11,1955537724.8125,166505288.2288696,2.8647508142361113,2.0064326875000003,2.367437685486111,1.2383161631944446
2026-06-12,2142884671.3576388,186477774.60064164,3.2340114678472225,1.9604546319444447,2.628647163784722,1.1181722013888888
2026-06-13,2247175624.795139,196136674.0622246,3.331854634861111,1.963674145833333,2.807308902673611,1.1743835243055556
2026-06-14,2211152704.6145835,192766232.08106738,3.2459465609722224,2.008192986111111,2.656031639791667,1.1618190798611112
2026-06-15,2209678106.076389,196823520.7976395,3.0276584680555554,2.2151253680555554,2.4473684722916667,1.2156857430555557
2026-06-16,2251210615.2083335,197091731.0151662,2.864451732951389,2.294747305555555,2.4146352811458334,1.1583365902777778
2026-06-17,2178146447.9722223,188637556.35791934,2.650794708263889,2.399830645833333,2.246748807222222,1.122088434027778
2026-06-18,2121697510.1597223,178661722.10235122,2.5817545909375,2.439038190972222,2.1911637876388887,1.0732702395833333
2026-06-19,2039434340.6805556,169021071.34795824,2.532723413715278,2.5193576180555555,2.189735298715278,1.1493615416666667
2026-06-20,2007219223.6736112,167779465.7385099,2.6188688275694445,2.5419634687499997,2.231906031701389,1.27790965625
2026-06-21,2046614696.2881944,170477478.04937255,2.6643663853125,2.6126657986111113,2.245543653576389,1.2353677013888889
2026-06-22,2029166223.2604167,169157834.37849703,2.6201475388194444,2.562075920138889,2.2302940752777776,1.257465267361111
2026-06-23,2122290491.3541667,169424361.76000068,2.875342262847222,2.072052392361111,2.356172526736111,1.1285205173611113
2026-06-24,2146572522.6944444,166060091.71357596,2.8461923714930553,1.9247240381944444,2.321089041701389,1.084472857638889
2026-06-25,2020096159.0069444,152286345.5914625,2.660454395173611,2.050901326388889,2.108061950034722,1.1256872777777778
2026-06-26,2012783057.6805556,150143172.98415267,2.605794409340278,2.3283382465277778,2.0635422033680557,1.0721475243055556
2026-06-27,2060987778.0,156119824.1835,2.59323106,2.334283,2.08236084,1.529712
