date,oi,oi_value,toptrader_acc_ls,toptrader_pos_ls,global_acc_ls,taker_ls
2021-12-01,7552349.624652778,284060982.1510011,7.5263481349350725,0.9181328189541667,9.397447009315663,0.991443715679514
2021-12-02,7663142.902083334,275337433.28174955,9.671793996029091,0.9274906391628472,11.803192559535109,0.9922179440732639
2021-12-03,7718035.748611111,272084270.3293493,9.16352404434531,0.9282450099510418,11.492558800217017,0.9788987376552084
2021-12-04,7113004.228070175,209250152.64378256,8.2810139703727,0.8169575066631579,9.921067475936285,0.9520509566273685
2021-12-05,6161737.069791666,174120086.3366276,7.329630010675018,0.844959727678125,8.656476274449087,1.005580217823264
2021-12-06,6222355.229861111,167151028.02530253,7.252314535057653,0.8287813607913194,8.34502805261951,1.0287097481472223
2021-12-07,6157942.873611111,179994694.95485747,5.463136714992673,0.8476360605510416,6.424801834465229,1.005325552492014
2021-12-08,6146931.626388889,180000415.10379726,5.725568476238121,0.8487626412340278,6.527439593579433,1.0198699607958333
2021-12-09,6227078.713541667,176183557.8360492,6.45286264966593,0.8309650928520833,7.214190247087556,1.0036994704954862
2021-12-10,6226395.003472222,167768823.93818137,7.0460916512768605,0.8244454404298611,8.112002345999986,1.0508951450072916
2021-12-11,6353241.077083333,175072761.7420162,5.445422830517873,0.8316815096423611,6.397921674806707,1.048809477518403
2021-12-12,6353843.620486111,180367961.20420775,4.76656578596133,0.8331017720902777,5.364144038607822,1.032583326592014
2021-12-13,6268723.772916666,173200702.51435283,6.108799649345346,0.8470080921736112,6.425474988175706,1.0112606281597223
2021-12-14,6410672.570833334,166334771.23071232,7.514873073334036,0.8599155880715278,8.706904450854553,0.998445223376736
2021-12-15,6621790.598606272,172316743.22929394,6.647409157281449,0.8575343606905923,7.649467559185753,1.0390953314783973
2021-12-16,6585434.437152778,177345980.12509367,5.463369818551034,0.8417635306458333,6.270820340232471,1.0094543446503472
2021-12-17,6889876.818402778,173744923.9010421,7.677231329244263,0.8527228457510416,8.977674531170493,1.0069876783
2021-12-18,7126611.336458334,178636410.2911969,7.20018263546663,0.8418646470947917,8.936837304356562,1.0003991623173611
2021-12-19,7274409.788541666,183020932.75277716,7.420287694491874,0.8540292696447916,9.2215396938025,0.9510415419416667
2021-12-20,7489071.793749999,180817326.9800829,8.366654332739877,0.8593404390663194,10.410410915127207,0.9817554333138889
2021-12-21,7445742.412152778,183953102.56038463,7.121087515169963,0.8959503835527778,8.65250378435597,1.0536633992277777
2021-12-22,7196309.179861111,191208166.87696066,5.028314251562559,0.8872552427368056,6.0155667142707205,1.0075991344131945
2021-12-23,6992328.359375,195261627.48952043,4.351551693768525,0.8822323202722222,4.9606543240968355,1.0129596631475695
2021-12-24,7128961.763763066,206699277.6710564,4.50362011043453,0.8774411638156795,5.043244563741405,0.988305729979791
2021-12-25,7175468.637152778,204346364.6088046,4.606661095548997,0.8790683041381944,5.3647214486200605,1.0756868973881943
2021-12-26,7365023.401388888,218223931.93085104,4.254125961488962,0.8844269809385417,4.829872672987503,1.0237834413642362
2021-12-27,7160144.3125,227126961.62443087,3.6529517884875307,0.8716209444527778,4.041424941411594,0.9854594878430556
2021-12-28,6962465.231597222,202415243.91875005,5.706571982761127,0.8989597282072916,6.377452145362228,1.0042267839104166
2021-12-29,6714464.619860628,188751997.4374896,6.511376905478033,0.9082541802905924,7.369363990537052,1.0142321909132404
2021-12-30,6529593.329166667,178842457.12632167,7.2975804532594655,0.8971043002817143,8.218380427220088,1.0064889653097142
2021-12-31,6626353.386062718,180268123.27489102,,,,
2022-01-01,6822327.170833333,187364818.8180674,,,,
2022-01-02,6899625.943402778,200473358.8442911,,,,
2022-01-03,6852436.910069444,203171977.04236344,,,,
2022-01-04,6874235.977777777,204231767.6457609,,,,
2022-01-05,6868750.025694445,200000192.75760925,,,,
2022-01-06,6705653.724305555,176529901.32857627,,,,
2022-01-07,6576382.206944444,167361497.39099202,,,,
2022-01-08,6753316.227777777,167157876.76907858,,,,
2022-01-09,6807252.949305556,166464497.58007485,,,,
2022-01-10,6724545.083333333,162117961.69904095,,,,
2022-01-11,6848911.434722222,168315734.0807196,,,,
2022-01-12,6684551.378472222,176994882.9091305,,,,
2022-01-13,6606113.602083334,176178395.19995934,,,,
2022-01-14,6707056.138888889,180760816.19433045,,,,
2022-01-15,6736520.184027778,185458741.16804695,,,,
2022-01-16,6946030.090624999,193824111.49492562,,,,
2022-01-17,7148479.4125,188429886.39101166,,,,
2022-01-18,7361221.205555555,184269385.41176125,,,,
2022-01-19,7421699.598958333,180937600.71184343,,,8.60065862646065,
2022-01-20,7484203.5631944435,183724861.38954702,,,7.617574332330772,
2022-01-21,7729861.02673611,169486351.1905279,,,9.136162953434804,
2022-01-22,8050726.626388889,147982641.7527247,,,6.6394372979266025,
2022-01-23,7885052.850347223,144945652.31457984,,,5.618878166262991,
2022-01-24,8216777.324652778,142378345.58812502,,,5.613623516120189,
2022-01-25,8379537.373263889,152216826.57439384,,,4.642306835056488,
2022-01-26,8281936.292013888,154848120.39261594,,,4.994962591543163,
2022-01-27,8060946.634027777,143344031.5343028,,,5.50960277793715,
2022-01-28,8008860.328125,144156072.2664822,,,5.497127225651141,
2022-01-29,8037094.059027778,149173473.49278104,,,5.1085057475468565,
2022-01-30,8184587.906597222,151529632.37882042,5.388448737916667,0.9194980835069444,5.413992902777777,1.1089527090972222
2022-01-31,8315713.730555556,150423114.02448264,,,5.444590705640503,
2022-02-01,8421385.203125,164670345.1655337,,,3.6614786702630573,
2022-02-02,8728321.403472222,172716601.78376815,,,3.6454417055779342,
2022-02-03,8487609.892361112,156652310.5744477,,,5.0684166699609685,
2022-02-04,8430712.171180556,163961185.64411926,,,4.180585936019604,
2022-02-05,8454223.987152778,181376867.16972452,,,3.116188175942468,
2022-02-06,8265712.780902778,176464940.08994946,,,3.4582516349689474,
2022-02-07,8085652.681944445,179601204.4595536,,,3.2845794361399623,
2022-02-08,8037441.043402778,175710450.24157265,,,3.5016815288214675,
2022-02-09,7911903.1694444455,171969649.0585259,,,3.7635061877303224,
2022-02-10,7862559.404166667,169573819.71463078,,,3.9316482741376544,
2022-02-11,7913222.794097221,159376768.1756974,,,5.407932166512589,
2022-02-12,7973864.271527777,150400555.71421704,,,5.4030833002848775,
2022-02-13,7856172.630208333,148620849.0638696,,,5.134459060013281,
2022-02-14,7959663.618749999,146928996.2271586,,,5.2947894156472115,
2022-02-15,7900012.252083333,154527945.4558111,,,4.553394841917998,
2022-02-16,7924468.273263888,155965295.8809315,,,4.465635921660019,
2022-02-17,7961583.620833334,150930209.14146918,,,5.784458523239033,
2022-02-18,8069717.524999999,146384658.30599725,,,6.090831570381532,
2022-02-19,8212873.1711805565,146416468.61569816,,,5.934565630271599,
2022-02-20,8299749.894791666,141819369.11293897,,,5.835381488803199,
2022-02-21,8128958.070833334,138312216.69926342,,,6.402983816984037,
2022-02-22,8198821.396527777,132895499.00402339,,,6.3247634391537515,
2022-02-23,8334908.767013889,139038012.55812275,,,5.5401073333373425,
2022-02-24,8781069.185416667,133309402.6134399,,,4.945934391436073,
2022-02-25,8562346.279166667,139497914.69757187,,,4.166834409712567,
2022-02-26,8882472.342361111,160504112.4464414,,,2.7893741418045406,
2022-02-27,9122733.671875,163256844.0540715,,,2.800405510921801,
2022-02-28,8642987.109375,150798461.24828514,,,3.6041701522439626,
2022-03-01,8658774.128125,162924360.50197306,,,3.190521733002882,
2022-03-02,8567839.515972221,160587817.58388904,,,3.2068481519753194,
2022-03-03,8500530.477083333,154865695.273642,,,3.474241136100027,
2022-03-04,8424216.691319443,144695475.96848512,,,4.607513242178541,
2022-03-05,8511113.848958334,144386551.56264457,,,4.672670053401253,
2022-03-06,8505292.076736111,144931352.6012291,,,4.537411981594765,
2022-03-07,5657517.328819444,93677034.28997901,,,4.6017014628613575,
2022-03-08,8100608.312847222,135957750.2415272,,,4.023553449933659,
2022-03-09,8674017.756597223,153339140.2203302,,,3.501649511899659,
2022-03-10,8502278.951041667,145241340.82219234,,,4.305933689904396,
2022-03-11,8757909.79375,154386466.49689212,,,3.24002811110155,
2022-03-12,9230908.820833333,168793827.67144525,,,2.3375946860305663,
2022-03-13,9239169.313194444,165829745.19757712,,,2.90875023573427,
2022-03-14,8937240.671875,156112497.5424572,,,3.7795464969614168,
2022-03-15,8829660.654513888,154495221.81427476,,,3.3326241736000224,
2022-03-16,8704053.825347222,159227704.64905298,,,2.480252550225551,
2022-03-17,8754692.654861111,165520645.10302937,,,2.2129811417919028,
2022-03-18,8643174.380902776,161003367.27557838,,,2.8030109030453567,
2022-03-19,8645568.580555554,166707762.5050757,,,2.3748191632211015,
2022-03-20,8726801.815277778,165008210.4807755,,,2.869723874739272,
2022-03-21,8788480.047916668,165035237.39836994,,,3.394936796123584,
2022-03-22,8966397.307291666,177457802.36274442,,,2.384421325095678,
2022-03-23,9085571.580555554,185990680.2439256,,,2.082752886984128,
2022-03-24,8905986.540277777,186490715.99488783,,,2.1087889735292538,
2022-03-25,8762641.195138888,182850938.15074396,,,2.27136716870928,
2022-03-26,8804066.410416666,182588940.98591873,,,2.24079286498812,
2022-03-27,8802131.55,186549709.7103639,,,2.1190439530881817,
2022-03-28,8668404.353124999,197468938.19354632,,,2.0895129954499145,
2022-03-29,8434856.047222221,189176935.99432147,,,2.4774838159351034,
2022-03-30,8277872.239930555,184647273.51451948,,,2.7585551404511754,
2022-03-31,8265336.583333333,183812551.7997861,,,3.038770578739089,
2022-04-01,8053409.618749999,172913536.55281508,,,3.397914516340038,
2022-04-02,7947423.317361112,180773358.08130425,,,3.096325948107745,
2022-04-03,8044638.241319444,185408955.2037826,,,3.275807694286287,
2022-04-04,8320516.207291666,187557913.91569957,,,3.5855704660581242,
2022-04-05,8174280.417013888,184768286.97901475,,,3.2826305948661525,
2022-04-06,8234798.454861111,171977273.66371718,,,4.190181044098363,
2022-04-07,8037864.107638889,162109933.28213564,,,4.547538278048332,
2022-04-08,8008483.5631944435,161251670.8869226,,,4.449654376960987,
2022-04-09,8068845.907638889,158038852.56269285,,,4.583441170069793,
2022-04-10,7958584.861111111,157006970.48962402,,,4.6267543431275575,
2022-04-11,8117118.193402777,147382045.09175414,,,5.71608368754352,
2022-04-12,8291253.88611111,145762203.26372153,,,5.865557907781228,
2022-04-13,8206086.729166667,146922205.8238902,,,5.607427933196284,
2022-04-14,8176594.295486111,147401910.7715941,,,5.568494981321159,
2022-04-15,8144022.537152777,147651618.81363022,,,5.573927089621557,
2022-04-16,8056793.892361111,148195692.4585144,,,4.780131172394609,
2022-04-17,8147900.538541666,150435049.23332465,,,4.629046094912876,
2022-04-18,8151532.829513889,144340821.32190323,,,5.655868355724815,
2022-04-19,8161151.864583333,150341462.47561467,,,5.136520981186483,
2022-04-20,8080137.640972222,153352931.75623995,,,4.112524304449369,
2022-04-21,8076156.086805556,154145755.4890458,,,3.5109661247524833,
2022-04-22,7845780.359375,143644363.13636732,,,4.80503872956648,
2022-04-23,7965102.97986111,148456414.3584136,,,4.376201836038164,
2022-04-24,8124107.749652778,151321670.68208182,,,4.18025872957941,
2022-04-25,8389560.765277779,148102036.2267269,,,6.438611819642185,
2022-04-26,8421405.712152777,147577047.15676677,,,5.596128873421991,
2022-04-27,8637036.818402776,146144854.96064076,,,6.778747193906959,
2022-04-28,8870066.7,150948291.94892564,,,6.127629344336186,
2022-04-29,8872013.751388889,146820202.7554108,,,6.095182833837352,
2022-04-30,8777983.623958332,139664206.01104695,,,6.808773724099686,
2022-05-01,8925319.727083333,133955876.08094133,5.054935622317597,0.8026210227,5.780027336789727,
2022-05-02,9105420.811111111,137458229.76535898,,,5.499477561482837,
2022-05-03,9166521.369791666,136928236.7628379,,,5.437143081162957,
2022-05-04,9129619.607638888,140092357.68575585,,,5.641770978533683,
2022-05-05,9091689.546875,140546573.57327145,,,5.585765996765193,
2022-05-06,9560609.023263888,137161742.33347,,,7.512963240182862,
2022-05-07,9518068.235763889,134340490.49451837,,,7.103700276048044,
2022-05-08,9779368.797569444,131611387.14493275,,,6.567517449244284,
2022-05-09,10142278.78611111,122612122.4672465,,,6.504479654338343,1.0109074282890351
2022-05-10,9134257.91701389,105284916.80727804,,,5.377058666844229,1.0312040197364198
2022-05-11,9077405.81701389,92247577.56793827,,,5.245244713872999,1.0269327614433332
2022-05-12,8601870.084027776,72848786.6946372,,,4.022701128865766,1.0146931705604167
2022-05-13,7795699.274652777,81405946.91275027,,,2.525834354740072,1.0557460138336805
2022-05-14,7722788.270486112,81806134.57844879,,,1.876049797704143,1.0873736190003471
2022-05-15,7969325.271527777,88700342.92318149,,,1.8637856150773995,1.0518705250184028
2022-05-16,8387780.243402777,91427871.37837063,,,1.9733999968607572,1.0998244063118057
2022-05-17,8380297.3600694435,91801827.19333833,,,1.9563392597648128,1.11115396058125
2022-05-18,8534247.648611112,87650171.89519149,,,2.317981462778032,1.0308603776708332
2022-05-19,8673410.953819444,85082091.3240816,,,2.5465274154038724,1.1065066297750001
2022-05-20,8810510.929166667,86808218.94170025,,,2.5786161757967734,1.0337552574690971
2022-05-21,8728015.992708333,85523726.79225276,,,2.6651153729939008,1.0473400085791666
2022-05-22,9107945.909375,91790165.93704842,,,2.288907197420274,1.0391120461427084
2022-05-23,9078138.052777776,93398631.10283144,,,2.25967639119911,1.049942004170486
2022-05-24,8737657.668055557,86917536.41409223,,,2.576122946966294,1.0892005158371527
2022-05-25,8659033.719097221,86735996.09290093,,,2.567373840808283,1.004127598738889
2022-05-26,9107597.363194443,86175411.86159918,,,2.8398717601341392,1.0631292593302082
2022-05-27,9980870.996875,92127000.71570724,2.003671810111412,0.7844089340427084,2.342315573235013,1.0359398996333333
2022-05-28,10052340.29375,94244496.34078448,2.157883827913414,0.7777115753350694,2.203893845303412,1.1773034677633452
2022-05-29,10254367.907291668,99053483.59404515,2.0412179323689688,0.7943721738302084,2.026418434687738,1.1118266844329863
2022-05-30,9926718.218402779,102182959.1000718,2.1396044653572037,0.8022012128194445,2.1844725369517723,1.0668280340822915
2022-05-31,9637081.66736111,99831281.3720961,2.270781430333102,0.8050999709065972,2.4252575326893027,1.090433055886111
2022-06-01,9682217.851736112,97639307.69305936,2.3864926341844,0.8227018843663195,2.2892481802864877,1.060380168664236
2022-06-02,9308094.1125,89221236.15831792,2.6097267454005206,0.7897833694013889,2.788310269505702,1.1181935579812499
2022-06-03,9583528.494444445,91345084.06417583,2.6486774158715622,0.785061746621875,2.7486940971485345,1.0899652215701388
2022-06-04,9776734.50486111,91489746.3884963,2.8172516375323653,0.7867536563065972,2.983983092466728,1.2087175301166666
2022-06-05,9834646.442708334,92186837.96937613,2.899507512171986,0.7916355745378473,3.0744534872546656,1.1499791359881943
2022-06-06,9759209.998263888,94387988.5025087,2.7051787430285863,0.8014883525409722,2.8666509127892947,1.0397140258947917
2022-06-07,10040985.290624999,91646187.37149584,3.0993734762176484,0.80863856201875,3.3385975310756093,1.0639944559163195
2022-06-08,10112613.118749999,92039710.4275246,3.1920461787716987,0.8043469032513889,3.5641178278245818,1.076733716373264
2022-06-09,10482275.124652779,96387481.33009894,3.0945340812119997,0.817593727292014,3.4277380767599364,1.028866374795486
2022-06-10,10888719.945833333,97801268.41525619,3.3189367380717463,0.8327517675951389,3.6064294656750318,1.0669087627722222
2022-06-11,11279685.148263888,95016486.58853312,3.5012266821184164,0.84333423534375,3.85769959244547,1.0854837664621528
2022-06-12,11644619.677777776,90131012.9977334,3.6729729714692954,0.8925018163229167,3.8875193590337744,1.0571618138881944
2022-06-13,13020154.093055556,90132204.49373336,3.4857109586936805,0.9152340938708333,3.6477664222375825,1.054690085642361
2022-06-14,13349459.301041666,96689037.99938983,2.980676189777766,0.9076458199944444,3.012897124167377,1.0664545431916668
2022-06-15,13349687.269444443,98616876.71903518,2.8652001184208853,0.9053528026072917,2.851632161252077,1.030758834717361
2022-06-16,13194654.296527779,101331583.96411592,3.353278872824907,0.9210995298451389,3.249173388287353,0.9952627614190972
2022-06-17,13217485.380208334,96133673.60077114,3.5639895350195556,0.9190245974,3.9290782498493204,1.049903909788889
2022-06-18,12996949.289583333,90102714.95385085,3.5048837412627565,0.9120403592138889,3.7203524290667094,1.0781503981340277
2022-06-19,13021071.931249999,93266184.28059627,3.359002296261891,0.9223023139871527,3.533674934401086,1.0285382583541667
2022-06-20,12795836.34375,97334326.74040522,3.1107427213587915,0.9339655449305556,3.1303047488505387,1.0833377894934029
2022-06-21,13017700.738194443,103992067.26801063,2.8479012226453726,0.9283004790760416,2.927818947237498,1.1079404832864583
2022-06-22,12919020.011458334,97563971.4396418,3.172720162600685,0.9293559345368055,3.299782427505949,1.0794468725736113
2022-06-23,13326549.655902779,101321099.6190896,3.240253782489469,0.935113754973264,3.5866005277372235,1.0480178610875
2022-06-24,13473372.774305556,108241529.85417841,3.098252954811007,0.9477747799357512,3.1319657586805576,1.0694068625239583
2022-06-25,13190416.975000001,106864931.94189724,,,2.9824808977974198,1.0778391731940973
2022-06-26,13168294.884027777,106980562.34572645,,,3.173217996080625,1.0714506747618056
2022-06-27,12885836.631250001,102382638.11913544,2.9974951768648217,0.9320718229166666,3.2083990403455553,1.0753198671763888
2022-06-28,12996135.861805554,99339543.09293121,,,3.3353896913155436,1.0837267822916667
2022-06-29,13813581.178472223,99351231.56328577,,,3.99931588078358,1.105356130114236
2022-06-30,14540947.573958334,99196879.62684982,,,4.201339524172414,1.0638221788878472
2022-07-01,14672329.552430555,99896782.89167608,,,4.228513307722521,1.0859621964045139
2022-07-02,14851825.385069445,100470155.4832075,,,4.457888622004277,1.0774077488347222
2022-07-03,15253781.600000001,103055663.95050779,,,4.563415598385573,1.1138911961010416
2022-07-04,15165113.023958333,104530852.91589905,,,4.347230404535103,1.157114219896875
2022-07-05,15612120.265972223,107538172.22539182,,,4.346782936887804,1.0549381435489584
2022-07-06,16041242.316666666,110251898.64787383,,,4.034507922885185,1.0371536881104166
2022-07-07,16158000.17638889,114125461.45329697,,,3.807817877037712,1.0637599099479167
2022-07-08,15773880.149305556,112804372.44435357,,,3.737166444040097,1.0059927094430554
2022-07-09,15945604.538194444,115184688.48454052,,,3.694437186780257,1.002921845917361
2022-07-10,15808597.249652777,110300527.33743855,,,4.134458851351144,1.0894277610725696
2022-07-11,16174762.818055557,109615042.27097605,,,4.559511252784383,1.0546446327166668
2022-07-12,17022112.284374997,110343426.808285,,,3.852340500966257,1.0330597501135417
2022-07-13,16936141.709375,107495015.4803354,,,3.940314853952986,1.1322050741781249
2022-07-14,16537101.892708335,107455645.43393597,,,3.3083020751643373,1.084052251432986
2022-07-15,16387989.801041666,111601836.8912583,,,3.082485030403699,1.0249659290048612
2022-07-16,16345001.113541666,111526045.16031624,,,3.10478901094939,1.0610582049125
2022-07-17,16318432.761805555,115747923.81922004,,,2.939113106419788,1.0372965009784723
2022-07-18,15879995.835069444,117180525.43642968,,,2.9802833970803726,1.0315693895086806
2022-07-19,15508381.690277778,120406439.69322583,,,2.827705535364741,1.02970774645
2022-07-20,15327457.260416666,119267618.63331297,,,2.812748775344411,1.0091317526378472
2022-07-21,15361646.325000001,113560417.01282993,,,2.852948928992908,1.0613113519798612
2022-07-22,15229423.472569445,115148857.28406024,,,3.090235014708172,0.9994812063260416
2022-07-23,15201694.400347224,110995126.00071909,,,3.4315442283236446,1.039242650664236
2022-07-24,15373686.024999999,114197091.70490557,,,3.4265883830698325,1.0160591552961806
2022-07-25,15276680.663888888,107958801.40774447,,,3.9130783387482557,0.9975303924041666
2022-07-26,15412331.756250001,102492285.33175226,,,4.332317970397406,1.050295648570139
2022-07-27,15644228.105208334,107719752.20088115,,,4.222870362422006,1.0594514916538196
2022-07-28,16292186.393749999,126126149.72552522,,,2.4925105806616994,1.015104301960764
2022-07-29,16189725.703472223,130872028.29386422,,,2.4158312444161036,1.007175521470486
2022-07-30,16494236.017361112,139845125.6050992,,,2.1992140544216294,1.063483800545486
2022-07-31,16225118.304861112,137687111.48733407,,,2.437931724336176,1.095629661007639
2022-08-01,16245804.863541666,138281536.70887035,,,2.5327458404216396,1.0946563734239583
2022-08-02,15301372.65173611,121074612.00969039,,,3.636326968490403,1.0450028178843749
2022-08-03,14959024.137500001,121421045.37023902,,,3.327897348752062,1.099246251367361
2022-08-04,14190807.427083334,114734279.85552055,,,3.5045983500605384,1.030676857579861
2022-08-05,14068691.972222222,118645472.54104355,,,2.776954017006981,1.0734000782399304
2022-08-06,14132076.531597221,122557909.08307356,,,2.061527877476875,1.0366341387371527
2022-08-07,13578252.978472224,116509441.18724091,,,2.622766372648476,1.0760283400885418
2022-08-08,13844703.955208333,126091985.86995739,,,2.254450346465307,1.0505148020333333
2022-08-09,13706072.846875,123045245.43835439,,,2.7091504094604724,1.0957844731649304
2022-08-10,14019855.898611112,127539329.53468391,,,2.619584299839512,1.064095352343403
2022-08-11,14072190.405902779,132069395.0264741,,,2.240385341585125,1.055067544190625
2022-08-12,13444874.358680556,124662906.55911943,,,2.792707938082777,1.0881373484263888
2022-08-13,14080956.096527778,133228634.71813172,,,2.1356473476569295,1.0688365909652777
2022-08-14,13676623.325,126228078.38996355,,,2.662757778643213,1.0551501560510417
2022-08-15,13351389.076041667,118927642.4001893,,,3.288498238366675,1.0222835369472223
2022-08-16,13606139.394791666,119538493.86662666,,,3.675779399664484,1.0964502766024304
2022-08-17,13711631.010069445,119120915.244075,,,3.6971791725078447,1.015704634376389
2022-08-18,13701804.479166666,115432104.84755331,,,3.685019044563667,1.044946878261111
2022-08-19,13398592.534375,101529547.9095397,,,3.96054830964619,1.0310240593190971
2022-08-20,13413357.691666666,98605281.56803533,,,4.274858923217179,1.0487036858385417
2022-08-21,13591408.180555556,99911500.37993735,,,4.182385616470409,1.109195137611111
2022-08-22,13762585.539930556,99641587.077879,,,3.953601084048998,1.0896126560625001
2022-08-23,14180667.161805555,106607613.26127844,,,3.5674506361034517,1.0749077718125
2022-08-24,14144533.969791668,107260948.10834785,,,3.524146469543919,1.0648673771993056
2022-08-25,14175683.138541667,107937041.31664911,,,3.5891080309938794,1.0889834303954862
2022-08-26,14279905.202777779,104752258.17805979,,,3.865582009149576,1.04371542845
2022-08-27,14453819.318750001,100948022.09428889,,,4.061620412651851,1.0972381119451389
2022-08-28,14526224.208333334,102405741.29986036,,,3.931341951006314,1.0821421392003474
2022-08-29,14648358.666666666,103201537.88140242,,,3.903025524100152,1.063423745742014
2022-08-30,14762854.324305557,105692549.94034429,,,3.9931312417681846,1.023624746110764
2022-08-31,14962633.996875001,106834490.44807976,,,3.9617205229948627,1.0581445741774305
2022-09-01,15071180.960069444,105876552.4588378,,,4.0304928800775475,1.0435975802715278
2022-09-02,15718448.759722224,114779832.98137207,,,3.055536820497253,1.0700019543666666
2022-09-03,15488442.345833335,112415962.16794829,3.0229317145276453,0.827869029395,3.355957623392106,1.1270357775555555
2022-09-04,15334843.56701389,111565652.94886254,,,3.6879478065667195,1.0907094722166668
2022-09-05,16403512.415972224,122308919.87533692,,,2.7254236016300926,1.097254437231597
2022-09-06,15709000.917708334,116167361.72015601,,,3.153427404109672,1.1046621204434028
2022-09-07,15412827.481250001,108315994.17044419,,,3.661277704220317,1.056801541828125
2022-09-08,15441717.057291666,111648379.51544447,,,2.8087397765727307,1.0579946296166667
2022-09-09,15373576.45972222,118283531.12582278,,,2.235900697323915,1.0937099373100694
2022-09-10,15107960.78784722,116694674.8446925,,,2.415586307975961,1.110133493070486
2022-09-11,14784488.595138889,114235838.07716686,,,2.603985323668537,1.0997255667194445
2022-09-12,14760459.164236112,114525786.24302943,,,2.6311528352007207,1.0476225335298612
2022-09-13,14258388.66076389,106045384.48827997,,,3.2980204342090556,1.0666212111715279
2022-09-14,14062829.650694445,100859244.01597267,,,4.286281960080559,1.0631576853585365
2022-09-15,14142705.903472222,99486470.46706814,,,4.71145630786473,1.0175331518993056
2022-09-16,14600622.452083332,100199797.98878759,,,5.277138159610062,1.0163142860006944
2022-09-17,14578602.486111112,102533852.0420738,,,4.524583770708073,1.121208246240278
2022-09-18,15234818.748263888,104353067.89017247,,,5.230757585733127,0.9738686478038194
2022-09-19,15877208.701041665,100328734.2250371,,,5.552603667569445,1.0046580670486112
2022-09-20,15914076.017361112,100192195.25946166,,,5.034531337777778,1.0764677099305555
2022-09-21,15862032.670486113,99543176.38194472,,,4.937643946319444,1.0535984320833334
2022-09-22,15910077.897916667,100931429.1226447,,,4.6075317777179565,1.0706770127562502
2022-09-23,15708754.047569444,100559485.98823304,,,4.649312605095877,1.010496867403125
2022-09-24,15464992.510069443,99256663.8863974,,,4.955136732469051,1.1066843197572915
2022-09-25,15880947.813888887,99593951.51456617,,,5.897899706836313,1.0914408263815973
2022-09-26,16334995.22534722,104516006.49411207,,,4.426394863955051,1.0676269720958333
2022-09-27,16613263.581249999,109616156.02293237,,,2.9687843905678437,1.086172837140625
2022-09-28,15924437.628472222,100963036.17893319,,,4.618990521830117,1.0535448327368055
2022-09-29,15735703.365277776,100635294.04957148,,,4.020865157079891,1.0716617651496527
2022-09-30,15982744.417013891,102416380.78297311,,,4.2588982032060905,1.0513766338968749
2022-10-01,16703450.456944445,105035346.13314071,,,5.577643105325724,1.1284324229642362
2022-10-02,16801071.971874997,105202975.11712988,,,5.7630723904812,1.1194374727274305
2022-10-03,16754733.542708334,105183582.02210635,,,5.601679452899379,1.1261323368361111
2022-10-04,16482839.778472222,105989137.06732398,,,3.9412064962632516,1.1342703406861112
2022-10-05,16347723.573263891,104434585.70691939,,,4.042444158218432,1.1335393153298612
2022-10-06,16055671.807638891,103097754.0437429,,,3.7910144292287162,1.0995708718628472
2022-10-07,16288846.500347223,103187203.99013749,,,4.784423338339602,1.150889987690625
2022-10-08,16522540.283680554,104777644.23531884,,,4.860816235319095,1.2552125097659723
2022-10-09,16796128.084375,107259522.936036,,,4.188429156633788,1.1261676795125
2022-10-10,16591352.616666667,105901119.23962063,,,4.097204130212712,1.225961714873611
2022-10-11,16745646.281597223,103708685.59853959,,,6.041149314578471,1.0636599889475695
2022-10-12,16978735.220833335,105036999.44872333,,,6.125620811534324,1.1098739914170137
2022-10-13,17427087.48923611,104861866.4570829,,,5.500688159477595,1.0583497351621527
2022-10-14,16958640.632986113,104308373.29200175,,,4.167633656143489,1.0273195442753473
2022-10-15,16880120.658680554,102327765.2595501,,,4.528521247299144,1.1560481434423613
2022-10-16,16799897.91076389,103300088.82845493,,,4.079083081052719,1.1945215554996527
2022-10-17,16421701.413888888,101778085.52564164,,,3.66615923686345,1.1286218590045138
2022-10-18,16278772.405555556,100689898.31897752,,,3.692721776026358,1.0862920159055554
2022-10-19,16329548.779166665,100312072.2159459,,,4.067254482804861,1.02574323795
2022-10-20,17165692.505208332,103843467.38774496,,,4.8971885310112455,1.077387980032639
2022-10-21,18664939.873958334,108929833.05528192,,,6.145795078789094,1.135382643923264
2022-10-22,19452885.38472222,113229597.80728325,,,5.54208064689763,1.204206570015625
2022-10-23,19247875.032986112,112669562.13025564,,,5.528980294385298,1.0959286766649305
2022-10-24,18470522.804166667,108535629.52645491,,,5.304322014368043,1.0844067417243055
2022-10-25,18049768.266666666,110384960.9996082,,,3.5919322830512375,0.9968776113732639
2022-10-26,17489763.241319444,113484952.13027649,,,1.6780646007242541,1.1023370460347222
2022-10-27,16576699.627430554,107065889.9288929,,,1.9500699793962017,1.112063611367014
2022-10-28,16138686.235416668,103736160.63168855,,,2.253520035327691,1.1346475805857639
2022-10-29,16097200.386805555,106285098.36714448,,,2.145775327650416,1.1540163797649305
2022-10-30,15813596.931249999,104504863.10599631,,,2.2749135515625003,1.0915876408680556
2022-10-31,16193603.000347223,108162092.83164264,,,2.135720590262066,1.0338694302930556
2022-11-01,15874865.396180557,104514095.01374266,,,2.58382189532188,1.1349534193777777
2022-11-02,15143816.782291668,96274628.54631044,,,3.710818178634691,1.031154028817361
2022-11-03,15123269.976388888,97312854.68721108,,,4.022382583906634,1.0969004021829862
2022-11-04,15397136.335069444,104071343.95247751,,,2.7968231105002825,1.1062513875503472
2022-11-05,15246592.463194443,107813446.50262888,,,2.3218922083720095,1.096387763928125
2022-11-06,15193652.443055557,106753530.96849279,,,2.322549293311922,1.060886624167014
2022-11-07,14799069.20625,103314149.35407415,,,2.3969519278590496,1.1546917203027778
2022-11-08,13602615.654513888,89705490.15961808,,,3.8796039079736753,1.0105324469496528
2022-11-09,13902821.50451389,83905265.04727264,,,4.604611262433482,1.0038329677302085
2022-11-10,13502210.305208333,77979800.17589039,,,4.419314933062869,1.0550292082434027
2022-11-11,12500475.935416667,71771502.26789597,,,4.780259578840186,1.0413881099760416
2022-11-12,12321891.497569446,70778664.9765846,,,4.082406503344934,1.1067031894357637
2022-11-13,12430972.007986112,71982730.29788187,,,3.3521102749285276,1.116767039073264
2022-11-14,12235955.079513889,70034004.89788719,,,3.701260786350092,1.1091399843402778
2022-11-15,11806385.728124999,69883251.8560588,,,3.037270585550733,1.111615419739236
2022-11-16,11463495.659722222,66558090.64669429,,,3.4728361456186487,1.1302671955138888
2022-11-17,11744306.950694446,66564365.877026744,,,4.540439020956587,1.043773050542014
2022-11-18,11815582.580208333,67281357.03661212,,,4.595069095455507,1.0956105937173612
2022-11-19,12219105.280208332,68153066.27222514,,,4.698820847851133,1.1085974156569445
2022-11-20,12549479.732638888,69044667.80816068,,,4.7128104229756955,1.2507858383610526
2022-11-21,13309832.128819443,69361833.50559397,,,5.504459361173186,1.0338063470791665
2022-11-22,13593749.545833332,70273075.2802028,,,4.992431938038532,1.113994866953125
2022-11-23,12820543.918402778,68909268.75109607,,,4.258202652366755,1.0952770464381945
2022-11-24,13240933.578472221,71589641.16816291,,,4.157681300104447,1.1092138463465278
2022-11-25,14732524.734722221,77932072.90899752,,,4.476521320784837,1.1496186925559029
2022-11-26,15815391.16076389,84567886.11705706,,,4.7627843584746214,1.149362761398264
2022-11-27,15689051.631944444,84279649.30181369,,,4.677828244473608,1.1797786090267361
2022-11-28,16701686.870833334,86162717.10763034,,,5.984130529457586,1.128513314351736
2022-11-29,16527562.412152776,86895121.39296313,,,5.281004817897732,1.2368576447190973
2022-11-30,15719009.848958334,84970901.15875928,,,4.6384046245295245,1.1545070956746528
2022-12-01,15278056.986805554,82382199.14887778,,,4.625847949078111,1.1282565276506944
2022-12-02,15559715.290624999,86159719.82183842,,,3.53247747678243,1.1261490007680555
2022-12-03,15535670.891666668,86509931.9491052,,,3.28341696613018,1.0768552518364585
2022-12-04,15292716.205902778,84763318.45049316,,,3.6964793376121725,1.131992414295139
2022-12-05,15184210.563194444,85169079.78475232,,,3.2347649500185742,1.0560040658975693
2022-12-06,15092091.772569444,82618902.50781062,,,3.725690370108154,0.9995944759934028
2022-12-07,15163075.360763887,81063340.65696995,,,4.934524169829578,1.1259511094624999
2022-12-08,15608941.687847223,83096213.1906796,,,5.322415639378206,1.1369492370711807
2022-12-09,15702495.813888887,84144952.6318523,,,4.8239348998814,1.1659324621399305
2022-12-10,16359485.402430555,86498225.24112491,,,5.667143333282198,1.151806835586111
2022-12-11,16634700.86388889,87598952.04415758,,,5.428679954995694,1.375582532160764
2022-12-12,16155616.15173611,82934621.76987627,,,6.170495195559675,1.1573868605493056
2022-12-13,15338231.286111109,79479110.8240121,,,5.857839534234555,1.1339687567381944
2022-12-14,14016805.406944444,74006370.04268402,4.249791806680621,1.0070307138079209,4.898112304292742,1.0177212344802085
2022-12-15,13475351.105902778,69999866.47842437,4.591314634054175,0.9987038430461807,5.419778696612951,1.0627493269996529
2022-12-16,13442010.907986112,68455361.7652009,4.7022194010470075,0.974189183217014,5.6672209220653045,1.0731824521600695
2022-12-17,13299140.143055554,62115583.92902197,4.861765440083974,0.9619761875760418,6.215148464301951,0.9910558852420139
2022-12-18,13554106.029166667,63229788.76532793,5.168666571948848,0.9700355882006944,6.3809184414693485,1.2933212433427084
2022-12-19,13930611.437847221,64022202.736245036,5.2694239903502025,0.9532631711322916,6.518819342354558,1.0672252700690974
2022-12-20,13920941.467708332,63832252.72726479,4.983235167836264,0.9346201413274307,6.122292377535585,1.192828113457639
2022-12-21,14293937.115972223,64330573.42167715,5.125676816885239,0.9483314374638889,6.2874307415537505,1.0871049516215276
2022-12-22,15275592.018055554,67965153.90763816,5.275486061116471,0.9342201796097223,6.665963940633356,1.2108555063777777
2022-12-23,15085176.654166665,67844246.01305121,5.223030646533252,0.9648111917958333,6.052889025231198,1.1856544694076387
2022-12-24,15287024.617361112,68135212.91694048,5.091051180368723,0.9663028735145834,5.9369659622374735,1.4604964011666666
2022-12-25,15650069.278472222,69507701.96639368,5.211290608292311,0.956697593932986,6.2696918324302215,1.5855811322774305
2022-12-26,15655717.348958334,70463899.06379656,5.001454315348003,0.9614012040145834,5.690923451824137,1.1687580142822918
2022-12-27,15148225.228124999,68294125.61412217,4.89756938957667,0.9576932090677084,5.441544605770651,1.2854184152868056
2022-12-28,15803056.484027777,68791847.86143604,5.216544472805381,0.9674939529836806,6.158483889170825,1.4941269098996528
2022-12-29,16555867.744444443,71324370.77657633,4.804654755840524,0.9888758295461805,5.676642877287853,1.2237635612274305
2022-12-30,16574544.072569443,71113303.08866617,4.800852401528415,0.9989186352190972,5.684973132856814,1.3223481119208333
2022-12-31,16727791.17638889,72520390.05420133,4.843621625294134,1.013457834570486,5.375760810316808,1.5471082578145834
2023-01-01,16735141.747222222,72362074.75189234,4.90189877199225,1.0091690949510417,5.562090879596024,1.7011763893541667
2023-01-02,16281695.094791668,72693071.46800926,4.03945723951525,1.0005149523996528,4.343039915581168,1.2063500849402777
2023-01-03,15808370.112152778,71231576.95202692,3.7776661156163067,0.9953907143385418,3.766277784758353,1.2682944551222224
2023-01-04,15340620.095138887,71060920.5408994,3.3800262074779712,0.9599173551843749,3.5969273119149054,1.2015222136836805
2023-01-05,14924049.978124999,68565673.16604763,3.4394200771431906,0.966724169525,3.725208731573329,1.3179576603868055
2023-01-06,15098714.197222224,69912697.62085947,3.0814104192587135,1.0023726447496528,3.1763246586165454,1.1642871970805555
2023-01-07,15262181.485069444,71159345.78844441,2.870214874113219,1.0130030163541666,2.8998149663732233,1.2621655649541668
2023-01-08,15150135.108333332,70941141.2958402,2.812689498553997,1.011078583951736,2.931645514925795,1.3878159630062499
2023-01-09,14204148.961458333,70125666.31698148,2.3162322705969682,0.9658222748434029,2.613994827532529,1.0539130294791665
2023-01-10,13328610.825,65427982.869292945,2.179411502661823,0.9777773186534723,2.455202111894466,1.1659026063875
2023-01-11,13310338.726388888,65301173.148216024,2.1519360692431158,1.0235232456881944,2.4552203855134764,1.142161593371528
2023-01-12,13454160.38576389,69043249.46168166,2.027107151255075,1.0513553150961805,2.2492111949138245,1.0607841220350693
2023-01-13,13355964.282638889,70099845.34737386,1.8724479943738987,1.0056753534402778,2.039394158702464,1.0862215221447917
2023-01-14,12210586.47986111,72493452.36984032,1.8407334836693403,1.0077163766958332,2.219593997100694,1.1220419894430556
2023-01-15,12149318.85451389,71916649.1370869,2.079613942015961,1.0370981638142363,2.4608927926362054,1.0806208984493055
2023-01-16,11942212.351388888,70055367.76529594,2.2172644538140998,1.0628385420048612,2.7641714874784307,1.0297692151940971
2023-01-17,12093810.259374999,72079009.46691555,2.163419625526199,1.094614813209375,2.6324700389935964,1.0739703946249999
2023-01-18,12076323.115625001,71396689.55706961,2.213053694399969,1.1158788936319446,2.694916716192066,1.0436443911017361
2023-01-19,11887695.183333334,68362651.86977874,2.1715347520113717,1.1196808503260418,2.6246842583397587,1.0823775480586806
2023-01-20,11751519.84861111,69253755.90076633,2.1597763392832325,1.1148485985152776,2.4478353874239223,1.1352882840944445
2023-01-21,11284542.267361112,70696807.74855469,2.3389237969970558,1.117300652328125,2.581522394144488,1.019478088059375
2023-01-22,11352508.309375,71157111.2259911,2.405321950738033,1.0966913043434028,2.7239428293359578,1.086860113554861
2023-01-23,11121477.071874999,71673614.35838403,2.3135780949882516,1.0887476334934028,2.5958467521861834,1.1722240192570423
2023-01-24,10850602.084722223,70772643.21266975,2.3987463655783423,0.9606215822996528,2.705283972227574,1.0393030365121527
2023-01-25,10534235.815625,65563666.77985178,2.554681147628986,0.9068542973875,3.0190917640501587,1.0703088746635416
2023-01-26,10583179.593055556,68075632.13176644,2.542744003945275,0.9155257555399304,2.9516104661446776,1.038276250629861
2023-01-27,10539299.12986111,67822739.30794689,2.623430093991972,0.9224404206052083,3.0851584129932816,1.1155588150135418
2023-01-28,10514461.684027778,68100828.14340924,2.682503834401109,0.9328494931809028,3.1070781420378113,1.0632719088357638
2023-01-29,10378587.970486112,67977378.91121179,2.473761651080826,0.9220436612506945,2.8340607390300403,1.0822321727239583
2023-01-30,10291146.153472222,65374401.756790295,2.740853144362482,0.9059502980006945,3.0804221811818806,1.034922486003125
2023-01-31,10115981.482291667,63040842.17298435,2.877800367269281,0.8969840350274306,3.3738380619707233,1.083007791203125
2023-02-01,9927409.058333334,61716888.1684853,2.876730851240667,0.8967889361160278,3.247642552184313,1.0608404525895834
2023-02-02,9964755.006597223,65761931.48255665,2.5304942938791104,0.9110796475625,2.730222964765415,1.0560740821170138
2023-02-03,10329004.853472224,70427429.18082245,2.171039439073291,0.9328982101708334,2.2862412406144963,1.0349079156427083
2023-02-04,10595294.884027777,73292174.83297607,2.243347369168213,0.9357303747663194,2.154332287249486,1.1153705199638888
2023-02-05,10088867.767708333,67997699.95401956,2.650094167124584,0.920270504120139,2.753405605737368,1.1069710373145834
2023-02-06,9865494.78576389,65807763.343224525,2.630879540888925,0.920843150201389,2.7853533438734788,1.074481877104514
2023-02-07,9870512.829513889,66023467.18691344,2.654935171939434,0.9261228361597222,2.892526578856409,1.141253031211111
2023-02-08,9959873.22326389,68113177.02269769,2.5956989106087347,0.9364971593503473,2.6136263932051143,1.0720712670121528
2023-02-09,9848477.324652778,65738966.10775152,2.6704195913584408,0.9239264895736111,2.844034233615818,1.015011618942014
2023-02-10,9634809.191319443,60054860.98102113,2.962026526066225,0.9031934300649306,3.585466670341884,1.007994905507986
2023-02-11,9685748.121180557,60139505.211652674,3.0216642483072267,0.8907142077590279,3.71319118514407,1.237213358251389
2023-02-12,9961590.846180554,62540664.5137417,3.014188003791531,0.895117543521875,3.6035950485812194,1.2035639811999999
2023-02-13,9645462.394097222,58645038.55160138,3.11697556932919,0.8883328416437499,3.719851319849942,1.0559094440684027
2023-02-14,9106867.377430554,55912149.965965204,3.1169395628904644,0.9126891508590277,3.6749222185149986,1.12189087631875
2023-02-15,8936564.47986111,56225548.79664456,2.9394278006869032,0.9677966922315971,3.30441094634069,1.094597945757639
2023-02-16,9058240.193055555,59705425.2491787,2.626221153579496,0.9907894896121527,2.880282755874151,1.0376016353430557
2023-02-17,9927777.169097222,68407359.17202866,2.2068543105822958,0.99507686156875,2.564521684726325,1.048960099051389
2023-02-18,11855755.250694444,85841569.67797665,2.072181473244139,1.048706541835764,2.0498291414639,1.080215428776736
2023-02-19,11632850.906944444,87010959.35859881,2.101879582017802,1.0447489860277779,2.197662623878851,0.993620032625
2023-02-20,11184398.042708334,83736120.42986459,2.39380242541596,1.0414904868638888,2.7285049808659543,1.0574936028045139
2023-02-21,10575253.301041666,77800975.46926813,2.7380112010359494,1.0164073587434028,3.157535940150694,1.0727686760211805
2023-02-22,10413025.099305555,73775160.52216636,3.066546249789092,1.0174232709409723,3.604411561833502,1.002438719220139
2023-02-23,10244676.83298611,73967481.608696,2.8761505524703845,1.0303947745604167,3.4068280138094447,1.0351131561850695
2023-02-24,10108203.265277779,69626163.41443785,3.5371155007676105,1.030152218004861,4.28804149472698,1.1297035180354167
2023-02-25,9521825.493749999,62442494.40291382,3.988590130795516,0.9900048761177084,4.835207410690766,1.0595163430114585
2023-02-26,9295546.616319444,61303064.43018076,4.061236058660103,1.0006789928708333,4.896619839971211,1.147336386877778
2023-02-27,9058214.65138889,59913072.24345444,3.753850186384213,0.9813553230968749,4.462704670221442,1.1010237623659722
2023-02-28,9063687.845486112,58640090.1515145,3.6181014694045808,0.9486122894663195,4.329387832406968,1.038586042328125
2023-03-01,9234487.587499999,59914114.43317461,3.382195149978861,0.9761604248975695,4.124228321666423,1.1756439238315972
2023-03-02,9428420.153819446,59874341.82505696,3.8925395765265907,0.9993690154493056,4.688639736046575,1.0925929547739583
2023-03-03,9279647.300694443,56120477.85742617,4.060884238609859,0.9737272057430556,4.709883119049159,1.0539621584749999
2023-03-04,9200408.183333334,54851375.43422449,3.8984786974233625,0.975344096345486,4.455474390697984,1.1386471873538193
2023-03-05,9231488.253125,55360371.27624312,3.8349334656622744,0.966159965678125,4.418484417263343,1.1628372288850695
2023-03-06,9160086.099305555,54438482.34586313,3.9432264968262385,0.9541085812913194,4.565561504054368,1.1987720459927083
2023-03-07,9354096.364930555,54939983.09635543,4.103467135669565,0.9554619633020833,4.923588039972481,1.0903101421909722
2023-03-08,10028832.714583334,57274666.46974001,4.294231447448504,0.9699751647697917,5.1056841970418,1.028936603892361
2023-03-09,10283476.269791666,57628171.91912675,4.035141641299568,0.9674052924354167,4.833256905520255,1.0292351180888888
2023-03-10,10350330.472222222,55934376.68094495,3.8874119716392,0.9349399563284722,4.562762582710898,1.0272064031121528
2023-03-11,10259947.969791668,55565478.23911813,3.7999900427441125,0.9167332993694445,4.413986376348095,1.0962742085086807
2023-03-12,10154082.306249999,55926858.02723361,3.3500965733738814,0.9269470774090277,3.897422811323745,1.1029072042381944
2023-03-13,9551704.217013888,56722375.385571346,3.26947190875,0.9842295938888888,3.6559586260416665,1.020153448923611
2023-03-14,9332179.803819444,58016222.13137851,3.036358048447292,0.9315953026972222,3.380876849779784,1.011563327182639
2023-03-15,9241879.207291666,56544389.19712141,3.412410152405611,0.9007422943038195,3.8717215694464846,1.010155837057639
2023-03-16,9407486.614930555,56374991.39329304,3.5068701721795037,0.8735106201906251,4.003203324188676,1.0262247373982638
2023-03-17,9181861.655208332,58075870.54253398,2.757838242651749,0.8971774497958334,3.150885234327555,1.0275542732656249
2023-03-18,8454653.076388888,55359298.64053468,2.690179179523189,0.9050078369986111,3.0382259042405524,1.0009017117795138
2023-03-19,8311900.701041667,53664167.38483135,2.8327455320906587,0.907272252504861,3.251876097744906,1.0528636887357639
2023-03-20,8264746.245833334,52200776.39215548,3.3651536208795094,0.9051788889815973,3.7434466203902486,1.0092571245854165
2023-03-21,8707356.172569444,53896580.97464612,3.4854912212473943,0.9137102239916667,4.001018194444402,1.0650371587586804
2023-03-22,8583086.097916666,53517041.42672407,3.2884713544831103,0.9038578853423611,3.7741074690626144,1.0137107761604165
2023-03-23,8530999.304166667,52781006.27913453,3.105594366844875,0.8900325165524305,3.555641961238696,1.1121979947211806
2023-03-24,8550860.162847223,52642460.78021253,3.40510775625583,0.9409951335708333,3.768207688764301,1.0388722059475695
2023-03-25,8790333.86388889,52635301.63528441,4.137316924756364,0.9243008354920139,4.6288642849992225,1.0981468457927084
2023-03-26,8795347.063541668,52814686.40261463,3.8105626745038474,0.9073532519986112,4.304724184831426,1.1278630824465279
2023-03-27,8968695.555902777,53247732.72455272,3.7483637647755876,0.9172362138458333,4.194183850514197,1.1019216944083334
2023-03-28,8931804.46388889,52885111.38606416,3.520983742382177,0.9086354030517361,3.9939190553707715,1.0822016509052084
2023-03-29,8872093.187152779,54870749.079687625,2.540720338320544,0.9502637624031249,2.9388594492522517,1.1142324797201388
2023-03-30,8820709.424652778,54114366.14733278,2.6463443197693683,0.9657366547850695,3.0896824127554203,1.0845393907694445
2023-03-31,8892973.328472221,55564307.46323205,2.35766487631742,0.9821053335875001,2.8319272437625878,1.0885489059819444
2023-04-01,8767802.847916666,55136979.55160162,2.457048543210679,0.9819017402201388,2.8530330893353852,1.105819614117014
2023-04-02,8757953.267361112,55524910.33807921,2.3290737438189155,0.9813297946006944,2.6489612437458856,1.0827575530159723
2023-04-03,8648789.35451389,54458430.8166905,2.413593052320981,0.9712146320322916,2.7643882359910616,1.1261273135833332
2023-04-04,9140668.209027776,58904925.2932181,2.1017963537171993,1.0410050512763889,2.4180733030924175,1.0803786760652778
2023-04-05,9133081.408680554,59014982.71136834,2.238139586198326,1.0658623738149307,2.507809733019249,1.0990739510878471
2023-04-06,8788435.885416666,55721024.52461634,2.670537974537668,1.023773322403125,3.0957119861360964,1.1110344465524304
2023-04-07,9114833.497222222,56452634.36907521,4.106279818351801,0.9849311453524305,4.628184094403171,1.1294081163291667
2023-04-08,9267791.183333334,57158111.24248726,4.200201665744142,0.9689472223631945,4.737941828451007,1.1704544118222222
2023-04-09,9135343.683680557,56219371.30792282,3.8672909817553562,0.9565716005534721,4.488156383446453,1.1696419083822915
2023-04-10,8933954.914583333,53316812.37336026,3.8361132787897176,0.9501827299541667,4.437343041653805,1.2992686809190972
2023-04-11,8877636.337152777,56790607.154425524,2.0783184699844393,0.9262973161909722,2.568107265581929,1.1267381639211806
2023-04-12,8885376.549305554,56281406.195939936,2.385129594322851,0.935053849534375,2.901797273136936,1.0437244885284722
2023-04-13,9032061.564930554,58619899.704838425,2.028608303241505,0.9937484954392362,2.4613191021525487,1.1512507543246526
2023-04-14,9448574.797222221,63581340.801896006,1.899699412918585,1.043092939189236,2.330621031919975,1.0970493525527778
2023-04-15,9564096.485069444,64508681.37987098,2.031433528563048,1.0734062943899305,2.466789029923982,1.087450169136111
2023-04-16,9664871.555902777,65532518.78253998,2.0879867460165027,1.0803116222565974,2.550453095535325,1.122647203934375
2023-04-17,9428113.3125,63243087.92843975,2.235275333087247,1.0614797415347224,2.7155767404628026,1.0887466542840276
2023-04-18,9771649.664583333,66918611.42966146,1.9999662805423144,1.0621979951934029,2.4528946446797475,1.152167561495486
2023-04-19,9301870.863541666,61252789.07063116,3.729294305580663,1.0605581357961806,4.0828185342324455,1.0926860673895833
2023-04-20,9428767.148263888,59333056.88035636,4.853574920094335,1.0408980879999998,5.33152431890517,1.0199189670604167
2023-04-21,10173037.257291667,61211531.72476195,5.412869874197847,1.0154183929434029,6.045656434767995,1.052903114070486
2023-04-22,10461950.336111112,61803412.39977957,5.401495252970226,0.9784170105395833,6.085395505210797,1.265040997736111
2023-04-23,10526118.854166666,62122202.96600739,5.204959115547084,0.9736071141767361,5.840573724926916,1.1146639533270835
2023-04-24,10334445.402083334,61239634.69599114,5.154423917935238,0.9501368268729168,5.84429111930466,1.0573484322923612
2023-04-25,10325684.496875,60625154.07461616,5.151764728637946,0.9105611139340277,5.940037180507059,1.1440043162302083
2023-04-26,9847746.982638888,59343958.51280324,3.87469958215588,0.9128273715184029,4.530001929183303,1.0663092761552084
2023-04-27,9266071.532638889,55000718.092581674,2.7504680382867748,0.9058771342635416,3.4590070450721786,1.1809956024260417
2023-04-28,9544863.21875,56373217.97293953,3.431303432536735,0.9198881662729167,4.113889096349955,1.075453817063889
2023-04-29,9535092.347222222,57058129.448944815,2.5768687140382895,0.9313242169621527,3.157651640189267,1.1255015874079861
2023-04-30,9478327.084375001,56783869.932541095,2.4774258053198794,0.9407229002395834,3.0854246637101133,1.163287350902778
2023-05-01,10073196.555208333,58125521.563411586,5.62847555795775,0.9266526729156249,6.323856096457271,1.0550816860489585
2023-05-02,10548338.371527778,59931195.76020638,5.924664936049877,0.923205995278125,6.651355529867286,1.2226487616680555
2023-05-03,10418156.607638888,59041649.40114607,5.266250023506651,0.929805419946875,6.007367315964375,1.125558622807639
2023-05-04,10470631.936111111,59797178.17159152,4.353968506984294,0.9398987320993055,5.011507425630924,1.0784537641472223
2023-05-05,10344498.311111111,59853317.42659138,3.1949212671310288,0.938767576854514,3.792129487817744,1.178945956271875
2023-05-06,9908205.648611112,56714863.122394904,2.822644612508066,0.9537958057520834,3.377941689884919,1.0103169528972222
2023-05-07,10105956.631250001,57119986.61461305,4.039725659549102,0.9387391322732639,4.680578950044639,1.2825047048045137
2023-05-08,10259492.166666666,55505762.86573629,6.023623661259652,0.943932199009375,6.479595085963102,1.0754955940642361
2023-05-09,9838252.185069446,52505379.578489706,5.544213421729522,0.9531232274746527,5.948086711006194,1.0598343359125
2023-05-10,9682553.986111112,52105530.46499038,5.0572540543669655,0.9606951227916666,5.448892681958522,1.088882937285764
2023-05-11,9444357.184722222,50451549.47514688,5.382874921220406,0.9682927995777777,5.885634048069537,1.0416319941402776
2023-05-12,9846232.25451389,51602746.738504075,5.81663752429799,0.9725226777520832,6.322461919574872,1.0809745097833334
2023-05-13,9692459.071874999,51881214.61537502,3.8656375039536783,0.9990649457569444,4.1836084652294145,1.2469376241996528
2023-05-14,9665024.652777778,51804989.68428277,3.2096737732458873,1.015231134250347,3.53745571669309,1.158300658586111
2023-05-15,9834502.795138888,52843579.269097365,2.4066790555420177,1.0445379138163196,2.971027387603242,1.1401580529940971
2023-05-16,10240009.642361112,54050147.32205862,3.2758562598705803,1.051512537334375,4.002551865437009,1.0916341375267362
2023-05-17,10262652.13611111,54601592.269524835,2.7982940794967113,1.0409483748388888,3.490173009898615,1.0930740942114583
2023-05-18,10571013.915624999,56960347.91801154,2.382908196247728,1.104458914639236,2.945534324425944,1.0773875560333335
2023-05-19,10511358.878819443,56275889.20404646,2.767548828906526,1.1463932158909722,3.4824080648861933,1.215684821287847
2023-05-20,10616219.676041666,57223829.37233395,2.324947587628554,1.1474123442482638,2.9533146034070517,1.2528158687427084
2023-05-21,10742565.822916666,57375020.97394209,2.672748684133398,1.1396069058722222,3.348767518840243,1.1498095481
2023-05-22,10771158.484722221,57066539.01315995,3.4946971734604344,1.104548360184375,4.3030726921623,1.1251300574378473
2023-05-23,10540329.259027777,56681131.22797375,2.119695170727274,1.0903324069576388,2.694060003978404,1.211806610920486
2023-05-24,10413902.324305557,55018232.15058687,3.8247159603833936,1.070808422082986,4.516504311879182,1.0776653327864585
2023-05-25,10700088.568402776,56140274.89954868,5.9593070096302965,1.0548037729152777,6.558338707603094,1.195871011417014
2023-05-26,10691337.867013888,55946220.62933861,5.951441172243829,1.0228448119260416,6.69244057185476,1.1631484908
2023-05-27,10795105.554861112,57098112.243162826,4.139283493674161,1.0297276754163194,4.753171960065625,1.3908281850854167
2023-05-28,10721114.147569444,57883549.93255775,1.9962170450110561,1.0635364800243055,2.400850971401953,1.0957909389913194
2023-05-29,10531302.521180555,57642802.89333585,1.7112521225836135,1.0624457001329861,2.130334284936725,1.3305113343736112
2023-05-30,10573955.835763888,57771276.15079081,1.8166352982492815,1.04464710081875,2.295616188276005,1.3919779094368054
2023-05-31,10615781.562152779,56635370.464793,2.2753696225895728,1.0749713650524306,2.8412817778742685,1.1871693868663196
2023-06-01,10951050.833680555,57316741.99279621,4.990717698721896,1.0933712797621529,5.695971298274515,1.0399224917052083
2023-06-02,11407266.617013888,59926253.945765376,5.974793468836875,1.0629338122781251,6.825416292478475,1.1536243548260416
2023-06-03,11366200.759374999,59966046.01491715,5.754840262271271,1.0608430775,6.5693692139576125,1.3805816982326389
2023-06-04,10925777.256250001,58360616.224463925,2.0558933691888295,1.0741259726777779,2.6837966033881138,1.3793765821833333
2023-06-05,10343341.928125001,53803873.16829065,3.872687696564338,1.04878432451875,4.487256952404639,1.0104706110961805
2023-06-06,9786137.727083333,49916582.32229334,4.936713849041131,0.9834687314475694,5.58783569317894,1.2180903568229167
2023-06-07,9875052.970486112,50385194.35371676,3.049252571266189,0.9559276154215277,3.5401611145875806,1.114378981367361
2023-06-08,10103573.380555555,50693717.07695842,5.264250280784143,0.917702420559375,5.836536678355195,1.1420983561927083
2023-06-09,10184036.734722221,50978678.74725066,5.224949568336326,0.9085483578409721,5.765999593946842,1.3388223578083334
2023-06-10,9478251.194444444,42875595.51832071,4.106470467954599,0.8268756536486112,4.688433637039711,1.050949940142361
2023-06-11,9465759.1375,42400941.571076185,3.6477289405831073,0.7790464731413195,4.263498227323613,1.1478113562100694
2023-06-12,9542497.034375,42989255.16502601,3.4067492119051606,0.7678709425170138,3.935045932493316,1.1503034496788194
2023-06-13,9258363.882986112,42583421.7215054,3.1137384639284877,0.7230560604736112,3.676272470753386,1.1579275815329861
2023-06-14,9469126.442708334,44038172.71560995,2.741779277343226,0.7093240219888889,3.220929192087428,1.2725730060947917
2023-06-15,9726368.771875001,43008673.49224088,3.448153989097703,0.7393055892979167,4.0577119608394945,1.094292812379514
2023-06-16,9999171.916319445,43767775.47650377,3.8399961489315526,0.7780052924621528,4.649272030579807,1.3146255349572915
2023-06-17,9446601.764930556,42500498.073573455,3.1492776360061594,0.8031582667197916,3.6863759975349737,1.3208923301208335
2023-06-18,9214664.077430556,42051195.945611365,2.406584115178088,0.8089323255211806,2.70732458056524,1.6091786979173612
2023-06-19,9199104.30173611,41618413.41545996,2.506250017917106,0.8188065433111111,2.7654209713464253,1.4655273960944444
2023-06-20,9005654.648611112,40631968.27140015,3.028951813906592,0.8422550269281249,3.5214719898887528,1.2803798789836807
2023-06-21,9211435.441319443,43625222.559325255,2.4899209765663226,0.8154097130222222,2.9125586018445073,1.173209490873264
2023-06-22,9753443.502777778,47486079.5824829,2.4350700400680094,0.7559331935052084,2.8649930993536024,1.1311482329600695
2023-06-23,9745734.859722221,48350796.96613523,2.2765460377149167,0.756757447240625,2.660030028835264,1.1859780953111112
2023-06-24,9602077.399999999,48357378.704420544,2.373672913729594,0.8105828740395834,2.636778600490694,1.2152292279892363
2023-06-25,9173625.711111112,47165225.65473888,2.2463512057649546,0.7968980877749999,2.5373518977330565,1.2128849258253471
2023-06-26,9317235.305208333,47922231.90249545,2.2834772180879326,0.8216433228409722,2.498395206867561,1.1743831649069445
2023-06-27,9336463.345486112,47491712.39838949,2.3903028910468174,0.8181803796114583,2.6769932824336795,1.1150299715475696
2023-06-28,9154292.251388889,45657823.78415527,2.661737085425156,0.8206628646114583,2.984983252251848,1.1473000472381945
2023-06-29,9043535.209375001,44908943.83596994,2.8410027476166904,0.8182639933795139,3.255081698532421,1.0435634919743055
2023-06-30,8887331.08298611,45170033.03607812,2.5069922313469473,0.7709523687569445,2.9608831633137567,1.1306436590427085
2023-07-01,8852025.860763889,46645993.23808817,2.312126537626547,0.7987373439034723,2.6165937524693152,1.0631578183920138
2023-07-02,9156743.350694444,48785617.40149382,2.345985831155626,0.8304043172770833,2.5548994091880806,1.0971602209190972
2023-07-03,9365234.888541667,51269519.635409966,2.238315934881996,0.851490585128125,2.4535602834777075,1.08346098331875
2023-07-04,9241625.57326389,50104286.34063188,2.4148109370125437,0.8315674770100695,2.7384374151883577,1.1008153739114583
2023-07-05,9002528.947569445,47409462.42020681,3.0852721702090364,0.8163116386263889,3.476008889155589,1.074486747089236
2023-07-06,8903097.74548611,46084171.2581034,3.5945712407532673,0.8329851351510417,4.086429610748166,1.0611367522815973
2023-07-07,8991013.122916667,45846781.95553374,3.690063619218906,0.8281270862496527,4.296486057395863,1.1679909238819444
2023-07-08,9117252.19236111,46869266.2115578,3.556606110203797,0.8147613707663194,4.093011191962678,1.1603025961572917
2023-07-09,9175791.812847221,46843968.24384741,3.820097651765713,0.8156519518805555,4.328974596702923,1.023939482948611
2023-07-10,9384909.954166668,47693512.768522196,3.520883743194444,0.8004266886111111,3.895521656597222,1.1649340000347221
2023-07-11,9031752.069791667,46445653.90825877,3.2394106836458336,0.8044389029166666,3.7973815190972227,1.2112069611805554
2023-07-12,8930053.922569444,46561882.83375439,3.0177499434375,0.8160389004166667,3.4260859214236112,1.1479565435069443
2023-07-13,9052313.265625,47791036.33525777,2.79329625,0.8374084912152777,3.2309223378472223,1.1299666471527778
2023-07-14,9309463.938194444,51766719.486817785,2.3654935018055556,0.8162070600694444,2.6701260733680554,0.9915837156597223
2023-07-15,9192625.664930556,50149232.41090922,2.534919153923611,0.8079836456597222,2.929217285104167,1.1304457185416665
2023-07-16,9224016.162847223,49545377.024133906,3.3479503802430557,0.7984732731944445,3.769428524513889,1.0353388891666666
2023-07-17,9347641.009027777,49572483.89449071,3.7532656603472225,0.7991918476388888,4.364712185902778,1.0755564540972222
2023-07-18,9263901.315625,48464560.1138653,3.7440697084722223,0.8044954015972222,4.381986704548611,1.0754495571180556
2023-07-19,9103235.868055556,47344503.82985178,3.7074901093055552,0.7941133261458333,4.060574134548611,1.0636040128125002
2023-07-20,9168597.214930557,48706521.43085707,2.8016539434722225,0.8364118979166667,3.1385207760416667,1.1087899519444444
2023-07-21,9754877.436805556,53643291.05809507,2.1189939669444446,0.8477145251041667,2.3497503534027775,1.0230151870486113
2023-07-22,9303002.691319443,50132993.64048185,3.018629363784722,0.8117547431944445,3.341522632048611,1.0964507665972223
2023-07-23,9041544.971875,48843271.670607224,3.103085466145833,0.8042009368055556,3.4670455852430555,1.2016044530555556
2023-07-24,9165531.211111112,48161998.101836205,3.7350915105555558,0.768777305625,4.1033336678125,1.0900103671527779
2023-07-25,9698367.204166668,50266130.16932426,3.5324298661458333,0.7323588048958334,3.7771846450694446,1.1079186989930556
2023-07-26,10114142.576041667,52594069.826576196,3.3896675452083334,0.7087917442361111,3.5582022041666668,1.0860019797569445
2023-07-27,10161918.8,53376941.42449481,2.9669892177430555,0.7029468094791667,3.2140270332291667,1.1837082418402778
2023-07-28,9980744.889930556,52042524.58974216,3.250198475173611,0.7074764717708333,3.451873226701389,1.2496000811458332
2023-07-29,9791025.070833333,51269244.797324605,2.9349456421875,0.7152472174305555,3.1782840199652775,1.3767813309027777
2023-07-30,9675440.110416668,50536979.5635965,3.098450647951389,0.7116423750694445,3.2886159878472223,1.2861612071180555
2023-07-31,9839661.293402778,50765342.13811686,3.4028491716319444,0.7261414323611111,3.6662909020486114,1.2143133701388888
2023-08-01,10073388.763541667,51282541.8578594,3.5974071720833334,0.7481787015625,3.892333491180556,1.2048546853472222
2023-08-02,9772683.44826389,50077489.40446559,3.3774379038541666,0.7574785938888888,3.604323003472222,1.1868138767361112
2023-08-03,9938594.194791667,49878829.818553776,3.955574399618056,0.7603891874652777,4.287678805694444,1.061988448125
2023-08-04,10296565.624305556,51444933.23610031,3.9153550316319445,0.7524400671527778,4.267484956805556,1.1939421995138888
2023-08-05,10256134.572222224,50845044.513979286,3.907107615729166,0.7387158762152778,4.180082385069444,1.3961529016319443
2023-08-06,10236034.83298611,51142538.22076113,3.5844308934722218,0.7430798452777778,3.6670079429513884,1.2777254708680554
2023-08-07,9898315.101041667,49297053.5498401,3.7228886495138886,0.7530600753819444,3.9400020489236116,1.1721560544097223
2023-08-08,9753485.90138889,48815134.92684617,3.575618274930555,0.7577539514583334,3.861585132152778,1.298996316875
2023-08-09,9703699.465972222,48963186.42624395,3.075992974947735,0.7445190233449477,3.299834737456446,1.317987231736111
2023-08-10,9839196.455902778,49357183.95124939,3.24157597,0.7569634497222223,3.475678776944444,1.379287896701389
2023-08-11,10028428.184375,50100369.345698595,3.4142496073263886,0.7817890798263889,3.7543657209722223,1.6982142044791668
2023-08-12,10008867.601736112,50225034.37604231,3.3603259344444445,0.7919288430902778,3.686845455381944,2.542983365902778
2023-08-13,9962408.874305556,50059733.93952741,3.372117336875,0.7939634483680555,3.6379740734027775,1.9468341216666667
2023-08-14,10103945.148611112,50508202.71188044,3.6676299724305554,0.7860256312847222,4.0411446778125,1.5257427564583332
2023-08-15,10135168.751041668,49973463.02147499,3.907251905138889,0.7877460438194445,4.319622855937499,1.5467019581944443
2023-08-16,10497489.393055554,49861837.792057425,4.529158241284723,0.7733421002777778,4.8962192771875,1.1700635805555555
2023-08-17,10870583.671180556,51039314.68682455,3.9310630505902773,0.75004280375,4.342791194131944,1.1123553464236111
2023-08-18,10695397.155555556,47938220.52729208,3.715910247951389,0.7287224741319445,4.245763190590278,1.1123854688541668
2023-08-19,10690941.386805557,48081848.76057917,3.9274651107638885,0.7299458313194445,4.574386725451388,1.3007346848958334
2023-08-20,10919328.445486112,49107943.618064314,3.840786014097222,0.7353424986458333,4.482582604340277,1.5649913779166669
2023-08-21,10781146.94236111,48146756.144293234,3.732993077569444,0.7353869140625,4.3795608780902775,1.2406105429166667
2023-08-22,10697040.171180556,46967569.4812265,3.689508507708333,0.7671314249652778,4.23786437736111,1.3237539605902777
2023-08-23,10568113.108680556,46922881.942486085,3.823242211354167,0.7793377065972222,4.089686942430556,1.311281365173611
2023-08-24,10483713.627083333,46686538.7892699,3.6938734371180555,0.7963502590277778,3.9937685408680554,1.2223643929513888
2023-08-25,10305554.142013889,45734530.11955718,3.6503326572916666,0.8104808828125001,4.071662991354167,1.385858476701389
2023-08-26,10371560.279861111,46625155.851619914,3.4318330424652777,0.8386769122222222,3.6459547834375,1.313682593881119
2023-08-27,10447068.914583333,47075892.36578332,3.2261237064930555,0.8442524035069444,3.395540509861111,1.6164281568055554
2023-08-28,10064852.246527778,45365975.012512445,3.2033317511805555,0.8401909582638889,3.5111083372916667,1.4006314811805556
2023-08-29,9801851.749652779,45386938.91517533,2.1996707974999996,0.8659977286805556,2.4836872397916667,1.1805153206944443
2023-08-30,9460901.714930557,43310543.255102634,2.700149948993056,0.8766229126388888,3.0325866346874997,1.3066991751041668
2023-08-31,10143780.049652778,44738283.187015526,3.5330345086805557,0.8064581308333333,4.018074344270833,1.905243892361111
2023-09-01,10914220.803819444,46282066.20576525,3.7743288728124997,0.7667052864930555,4.524629021388889,1.3616910805902778
2023-09-02,11174208.16875,47322052.38080321,3.4422413184027776,0.7719627803125,4.150151966319445,1.9324440473958333
2023-09-03,11049188.961111112,47152070.02615237,3.482801567951389,0.7702578121527778,4.068146823229167,1.7626773989583333
2023-09-04,10935598.897916667,46557738.4437975,3.6697848616666664,0.7707841386805555,4.112986442222222,1.500084145173611
2023-09-05,10965014.490625001,46627746.33498707,3.850400404930556,0.7662221482986111,4.202924387708333,1.3206322772569445
2023-09-06,11088231.115625001,47004488.76477943,3.8741894472916667,0.7672374993750001,4.345190303159722,1.42469211875
2023-09-07,10864573.062847221,46299974.46986475,3.842524395798611,0.7812627052777779,4.1923990403125,1.2800062649305555
2023-09-08,11007679.874652779,46894617.26525548,3.982836584756944,0.7765405350000001,4.414295961215277,1.6761561282291666
2023-09-09,11042232.509027777,46959132.392667025,4.096143246701389,0.7772548051736111,4.476735853645833,7.952991984965278
2023-09-10,11263058.472222222,46930715.7457913,4.206002847777778,0.7709514337847222,4.729355402986111,1.2864562748958333
2023-09-11,11880500.584027776,47979040.36656256,4.165990612673611,0.7705503405208334,4.631875476180555,1.1497118093749998
2023-09-12,12593809.510877192,50394115.23851125,4.119604679999999,0.7650733620701755,4.529351885473684,1.147861483508772
2023-09-13,12804941.184722222,51225437.02065322,4.180128937708334,0.7669862309722223,4.596468737916667,1.2835459879166669
2023-09-14,12774132.076736111,51491823.343163684,4.124086822986111,0.752754458923611,4.451185749444445,1.2241391790625
2023-09-15,12644534.784375,51760470.26243589,3.9402960974999997,0.7729489258680555,4.171921747083333,1.137428297326389
2023-09-16,12125205.536805555,50568297.82681946,3.246010306145833,0.8016530028472223,3.4917761165972223,1.3883573821875
2023-09-17,12192578.840625,50150744.01198692,3.312445089375,0.7934257135416667,3.6631095285069444,1.417772721701389
2023-09-18,12242311.30138889,50575024.421395406,3.340664277673611,0.7598079437499999,3.6281870244444443,1.1556793390277778
2023-09-19,12272374.991666667,50567607.065065295,3.353355587361111,0.7631338134722223,3.719334519861111,1.2265050996875
2023-09-20,12445110.034027778,51263855.2507874,3.4585020527083334,0.7950505788541666,3.784997844618056,1.156586732326389
2023-09-21,13080948.581944443,53204614.066763386,3.770520086041667,0.7974062981597222,4.210889961388889,1.2098937630902777
2023-09-22,13478913.363541666,54110300.24005976,4.0631317481944444,0.8000889828472223,4.617517927743055,1.2093622075347221
2023-09-23,13656941.513541667,54819618.14913829,4.209417739062499,0.7997084447222222,4.683074764340278,1.5339757229513888
2023-09-24,13551840.238194443,54532745.80474423,4.1857824210069445,0.7971568572222222,4.643362377291667,2.3922875236111114
2023-09-25,13554707.227430556,54742175.63569481,3.7098025629166664,0.7944844237152778,4.167998134479166,1.3891869162152777
2023-09-26,13645799.703819444,54981578.24528065,3.5630787308333334,0.8026681631597222,3.9062528788888886,1.2232982132291665
2023-09-27,13842399.086458333,55480411.41659882,3.8460954097569444,0.7914789985763888,4.376491308541667,1.2724968588541667
2023-09-28,13685635.350694444,55255346.72046145,3.7371474634375,0.7825195914930556,4.169681070173612,1.1632853157986112
2023-09-29,13563752.352777777,55335488.68726874,3.3792363794097224,0.7846448130902778,3.623811896527778,1.1477145416319443
2023-09-30,13641464.468055556,55780137.424284704,3.4699289185763886,0.7935633350694444,3.829208142048611,1.5607395153124999
2023-10-01,13499623.786458334,56254144.29197575,3.3066788158333336,0.7967102198958333,3.5178847589930555,1.3350694648263888
2023-10-02,13491311.131944444,56866945.72564074,3.7332894565277774,0.7991067383333333,3.913632743159722,1.0617553138888889
2023-10-03,13392892.507291667,55055614.821512185,4.613051426527778,0.7632824070486112,5.157579549340278,1.1737891018055555
2023-10-04,14178336.27048611,57121760.75194491,5.115744644618056,0.7479947332638889,5.577836926979167,1.2200936983680557
2023-10-05,14363495.875,57941710.14726538,5.037703863958333,0.7599767064583333,5.280280667083334,1.3599012796527776
2023-10-06,14172412.541666666,57398790.88301643,4.761531213333333,0.7625996193402778,5.174469349652778,1.238191093576389
2023-10-07,14061063.552777776,57263601.35333648,4.3386064718402775,0.7630295385069444,4.7315299696875,1.331057920277778
2023-10-08,14544876.190625,58578863.22050133,4.808871270868056,0.7697966029861111,5.474820837673611,1.4578296419791665
2023-10-09,15159766.92847222,59232609.06584134,5.3378999622569445,0.7667871053472222,6.064041912604167,1.129675857638889
2023-10-10,15861113.220486112,60673365.35246929,5.228019363263889,0.7653865924652777,5.9867701825,1.3153379920138888
2023-10-11,16249386.641319444,60925597.10213648,5.316184808333333,0.7710737214583333,6.0835930573958334,1.1666110777777776
2023-10-12,16748880.670833332,61703565.797881484,5.035731445104166,0.7776555395833333,5.895488341041666,1.9078824619097223
2023-10-13,17075618.928125,63063260.935165256,4.9305991278125,0.7952902170486111,5.6524387810763885,1.295469453298611
2023-10-14,16768313.327083332,62611852.06526228,4.758213138645833,0.7951874883333333,5.218960895868055,2.1044499832291668
2023-10-15,16582493.341666665,62027383.96757017,4.688425769791667,0.7913983642708333,5.161023543819444,1.3932036559722223
2023-10-16,16208685.502430554,61189989.932939425,4.574044778090278,0.8014587393055556,4.815660233819445,1.2795606366666668
2023-10-17,16459293.497222222,61094082.22516218,4.519909546215278,0.8074065571180555,5.137252370763889,1.3705002015625
2023-10-18,16567145.623611113,60800230.4179732,4.606238889166667,0.8063844884722222,5.3743535425,1.3068317455208334
2023-10-19,16297769.761458334,59101250.39889008,4.763873098472222,0.820534595625,5.519819452951389,1.2499670181597222
2023-10-20,16060938.065277778,59703854.010205336,4.087011055972223,0.8348674579861111,4.639411908472223,1.3416501386458333
2023-10-21,16381458.482291665,62480192.59335266,3.9450246585763886,0.8407319364236111,4.344480512222223,1.3186585721875
2023-10-22,16487210.340625001,63857167.25468454,3.5691102677777775,0.8414503152777777,3.8584730487152776,1.1353602165277779
2023-10-23,16452875.631250001,66840245.80470473,3.0279049946875,0.8225694791319444,3.4939923471180556,1.0743671332638889
2023-10-24,15740903.560069446,67114503.57370228,2.846273301736111,0.8085964588541666,3.349865627361111,1.0407270368055554
2023-10-25,15357504.656597223,65211054.44572261,2.7353853496875,0.7881099498611112,3.4211878664930553,1.0592491803819444
2023-10-26,15493616.376388887,66407925.278323255,2.8742034581944447,0.7950491558680555,3.6785427879861112,1.0726799968055554
2023-10-27,15202151.72326389,63061986.90963411,3.140799604166667,0.7760005355555556,3.9579823710763886,1.140491563576389
2023-10-28,14790869.697569445,61784252.05205924,3.4330691471527777,0.7867247226388889,4.452845639131945,1.0809475000694446
2023-10-29,14674718.603472224,61985458.0027389,3.4511010466319445,0.7825015192013889,4.370760533263889,1.155304954201389
2023-10-30,14619495.610416668,63310621.396325216,3.0770166193055553,0.7852850137152778,3.8820370632291668,1.1040049327083332
2023-10-31,14302691.081597222,63827715.03389744,2.940769287326389,0.798985160625,3.6465781367708328,1.0747097460069446
2023-11-01,13137348.919791667,58668504.74693617,2.985835558298611,0.8013164765277777,3.643406715555556,1.0248779843055555
2023-11-02,12579419.450347222,58856192.63251448,3.0089285090625,0.8795172362847222,3.3181918340625,1.0483470441319445
2023-11-03,11650777.483680556,53106406.80873714,3.351241662881945,0.9277220235416667,3.9185320791319445,1.1033431228125
2023-11-04,11561577.934722222,53806865.8784954,3.089443966076389,0.9391050352083332,3.7492965803819445,1.0998834634027779
2023-11-05,11702893.01875,55912913.10924299,2.945046198993056,0.9529013327430556,3.5142222000347223,1.0374257213194444
2023-11-06,11545971.278125,55891658.07525558,3.0721132611805557,1.0572564662500001,3.5965503759375,1.0773381822916666
2023-11-07,11351298.52638889,55740724.66063605,3.009521961076389,1.1133479302083333,3.3346339269444445,0.9914629032638889
2023-11-08,11648256.771527776,57815535.16509001,2.8882314689583333,1.1759088949305554,3.1439913178125,1.0101738814930554
2023-11-09,11510554.005902776,58142543.601079255,2.9413499571874997,1.2499076825,3.2330572352777778,1.0274848587152778
2023-11-10,10729665.91111111,55102102.4319112,3.0240272916666666,1.2776038424305556,3.452808498888889,1.0531027524305554
2023-11-11,10832554.185416667,58293593.79219226,2.9298462033101047,1.2986773116724737,3.1581118814634146,1.0071586912847221
2023-11-12,11169337.147916667,63496937.89486758,3.153150501458333,1.2593250883680556,3.3740439111458334,1.0344622222222222
2023-11-13,10913793.766666668,61119895.35525522,3.516128954375,1.3210009437499999,3.789063391041667,1.0110739237847222
2023-11-14,10601875.072916666,56573628.86630151,3.517647576701389,1.3043849209375,4.071304703472222,0.9953529906597223
2023-11-15,10390475.806597224,55969779.84632571,3.2380081037847224,1.278572135277778,3.804826666388889,1.1417352959722222
2023-11-16,10186080.700694446,56507011.331781894,3.255494897777778,1.3300694612847221,3.512734234861111,146.38755231968085
2023-11-17,10194169.234027779,54211341.39690651,3.7855476268055557,1.2939850521527778,4.332873335729166,1.0293055080208333
2023-11-18,10423898.349305555,54011086.02414699,3.7854409443750003,1.244250189375,4.109474755,1.1055787905208332
2023-11-19,10394885.327430556,55221897.70385643,3.352447377847222,1.2534217039236113,3.357620721527778,1.0731944592361111
2023-11-20,9939662.69826389,53907430.6304313,3.1611178404255322,1.2787473411702126,3.365523114042553,1.0405043842708332
2023-11-21,10435292.10625,53746935.48410061,3.8607690411805557,1.2390710519097223,4.647362590902778,1.1078937861458333
2023-11-22,10486591.523611112,53349356.355566986,3.2666275636805557,1.2599835780902777,3.8320344447916668,1.0114794204166666
2023-11-23,9924115.16875,51150960.92069239,3.0046947952797205,1.3393076897202798,3.384337117867133,1.1318056463888888
2023-11-24,10144828.654166667,52838443.84619998,3.0703782697569446,1.3535716935069444,3.4455186643402778,1.1062711866666666
2023-11-25,10432702.571527777,55417389.81112382,2.8987284919444445,1.4181733983680556,3.18060930875,1.1341478552430555
2023-11-26,10506806.960416667,55904218.91480999,3.0127390298251746,1.5212348203846155,3.3030634215734267,1.1006775143402778
2023-11-27,10707166.87013889,55614154.90888678,3.3823328628472225,1.4936586043402778,3.945839906354167,1.0155201587152778
2023-11-28,10629625.200694446,55352360.4674395,3.3214451447916664,1.466031523159722,3.7977726161111107,1.0882291665972224
2023-11-29,10642809.849652776,55949782.64752033,3.2648826039930556,1.5198729139583333,3.4605006634722226,1.0617631038541666
2023-11-30,10834292.511805557,57196151.58694003,3.413548744305556,1.461540339375,3.7693878090624997,1.085030710763889
2023-12-01,11471713.789583333,62550128.394007474,2.9085654469444444,1.3914130389930555,3.05847781875,1.110160128298611
2023-12-02,11460563.945486112,63128092.62708669,3.040499518055556,1.395506205,3.2069834050694443,1.19044555
2023-12-03,10983565.494444445,60588159.66164097,3.148193523576389,1.4380842813194445,3.46679196,1.0425884180208334
2023-12-04,10605899.927777776,59393728.19330892,3.2151442345138888,1.4440553629166668,3.6062759635416666,1.074125714375
2023-12-05,10637015.85486111,60171911.80359915,3.229448862222222,1.493641347534722,3.57304553,1.0658191600347222
2023-12-06,10601031.314930554,63633611.44515935,2.9388857146875,1.5264752484375002,3.132813235,1.065735830763889
2023-12-07,10682974.681597224,65352765.96120257,3.0664338684027777,1.5012724564930555,3.183505799236111,1.0391681867013889
2023-12-08,10639501.311111111,68842714.05465467,2.840595476736111,1.6133182780902777,2.9896327230902777,1.034033737673611
2023-12-09,11319386.941666666,83279185.37385426,3.0048673484375,1.5558116025694444,2.9285523902430555,0.9788897776736112
2023-12-10,11322499.376736112,81633691.05611573,3.2663444605902776,1.6546777469791667,3.1932865512847224,1.0682230386805556
2023-12-11,10493357.721527778,70716051.17466125,4.339229640659722,1.6840150029861112,4.1968774233333335,1.0047909624652778
2023-12-12,10684536.82326389,75212210.81110634,3.479480729409722,1.5355344759722223,3.6113016080555553,1.008753352361111
2023-12-13,10367309.578819444,72429616.69682795,3.962156997743056,1.5758355279861112,3.8584187337152778,1.0273984234027778
2023-12-14,10330925.617708333,76496280.6059782,3.5133136634374997,1.6102519875694443,3.3198042221527775,1.0506959754861112
2023-12-15,10504961.997222222,76050611.15469176,4.131640239895834,1.4979217590972222,3.744223188923611,1.0276563556597222
2023-12-16,11186397.474652776,79761280.18987365,3.609106946875,1.4584665701041668,3.7486984869097224,1.0064628053819444
2023-12-17,10566427.09861111,73824315.03701407,3.842336933194444,1.4157428417013889,3.9879554853124994,1.0444594171875
2023-12-18,10148394.982986111,67848015.89970252,3.806239292986111,1.345403985486111,4.250848563159723,1.0104922902777778
2023-12-19,9775930.062152779,66846162.61696114,3.1197330408333332,1.3552454871180555,3.359271745659722,1.0557919741319444
2023-12-20,9505236.358680556,65790793.05345523,3.030559422326389,1.33379394,3.356062409722222,1.0573286328125
2023-12-21,9568541.725694444,73015944.25594158,2.403293109791667,1.261238275173611,2.5672886228819447,1.0214996528819444
2023-12-22,10345956.8875,83579192.7364835,2.8425084995833334,1.4365039008680556,2.5841809031944445,1.0528778385069444
2023-12-23,10947930.646527776,86099214.07704173,3.9303586967708335,1.2449215774305555,3.8489906763541666,1.0643883915972223
2023-12-24,11127732.084027776,97830225.28629819,3.0500509658333335,1.1582374844791667,3.050475781527778,0.9874261916319446
2023-12-25,10929248.164236112,99216427.18765114,3.2202397284375,1.1504153832291668,3.3026315796180556,1.0179462114930555
2023-12-26,10777438.32361111,97381977.13916694,4.016344602638889,1.1501448967013888,4.03741671625,1.0228374114236112
2023-12-27,10446299.769097222,91546319.32342869,4.354698738923611,1.1283024781944446,4.490792637048611,1.0356371135069444
2023-12-28,10260196.813541668,87720651.0883856,4.557018085625,1.1064921656597222,4.963857200659722,1.0267027928124999
2023-12-29,9902841.591666667,83178751.11330718,3.9836983001736113,1.2331151797569444,4.5496377400694445,1.1255553459027778
2023-12-30,9449217.604166666,78716529.03355466,3.893711754201389,1.3076661164930554,4.566578210416667,0.9427516222222222
2023-12-31,9258979.85625,77867572.5026665,3.737223719097222,1.3745848652430555,4.3468687940277775,1.0235492416666667
2024-01-01,9015782.992361112,74973153.32936202,4.000956069270833,1.343715406284722,4.624781478055556,1.0450627102777779
2024-01-02,9130461.782291668,78476448.71874394,4.091266273472222,1.4196554555555556,4.411108796875,1.0216166984722221
2024-01-03,8588055.834027776,69542236.83375013,4.1762332575,1.3357835130208333,4.680619485833334,1.0184583198611112
2024-01-04,7834275.709027777,60566065.55206299,3.625203659965278,1.1805976580208333,4.196151574131944,1.0284471930555557
2024-01-05,7633452.489930555,57437918.055171296,3.7294211237152783,1.1733081471180555,4.2028887215625,1.0178889768055557
2024-01-06,7804419.871527778,56237649.08475582,3.858856263854167,1.1774632177430555,4.327971829236111,1.046506074236111
2024-01-07,7918688.1711805565,56758927.35001592,3.752279204131945,1.1528446512847221,4.316955610208334,1.0052724313194445
2024-01-08,7815200.3618055545,55395744.38793801,3.3070015610416665,1.1861999549652777,3.888537185486111,1.0371433690277778
2024-01-09,7659565.193402777,55581908.19867798,3.299489780138889,1.220735414236111,3.602733167777778,1.008769532013889
2024-01-10,7478339.178125001,53811676.56952641,3.2143792159375,1.2001630843402777,3.7396302015625,1.0088718735069444
2024-01-11,7367295.097569444,60599056.495092325,3.101720554270833,1.1986445780555557,3.2191726390625,1.0370983244444443
2024-01-12,7576797.882986112,60380411.67376154,3.684263011736111,1.2357262828125,3.8818423240624997,1.0571659890624998
2024-01-13,7431951.848958333,56777673.636421695,3.7815912611805556,1.141485034513889,4.443164473194445,1.0370259412152778
2024-01-14,7471539.882986112,56592771.08771155,3.8371753685416667,1.1335671273958332,4.516540804618056,1.0231729704166665
2024-01-15,7429654.379861112,56164456.11134371,3.2798832603472223,1.1493230710069444,3.9527582245833335,1.0470545713541666
2024-01-16,7674385.87048611,57775644.73075953,3.4784795256944445,1.126683716111111,4.170426114236111,1.0400944947222222
2024-01-17,7921844.836805556,58670126.59759769,3.8710418177430554,1.1204655227430556,4.548840464201389,1.0257807269791668
2024-01-18,8332538.586805556,59855829.66167275,3.8902514485069446,1.1305985647916668,4.646601060347222,1.0719562674652776
2024-01-19,8838319.960763888,61043081.230407916,3.7640866042361107,1.1140199713194443,4.278047657256945,1.065534662013889
2024-01-20,9051806.689583333,62057559.7471166,3.7396435644791666,1.0884767358680554,4.130863423125,1.078770650138889
2024-01-21,9056897.255208334,62441492.8156025,3.5787954943055555,1.0819573105902778,3.9323320615277777,1.0833693490625
2024-01-22,9287866.769444443,61290850.351255074,3.6508824119791665,1.1090790793402778,3.8314212778819448,1.0722933480208332
2024-01-23,9558599.497569446,59797538.46383968,3.2957147091319445,1.1361722590625,3.591486926215278,1.0213108455555555
2024-01-24,9187233.797222221,58642134.73418596,2.917592967013889,1.1309997622569443,3.0839116497569443,1.0743390089236111
2024-01-25,8752130.218055556,56471435.11296329,2.8801071661111113,1.1694081349652778,2.9386226896527776,1.1049752520833334
2024-01-26,8402565.795486111,54884856.291060746,2.7954597734722224,1.1940555462847222,3.0676569741319444,1.105240655972222
2024-01-27,8273120.444791666,55037607.65162555,2.7598011434027776,1.2567703616666668,2.873546999236111,1.0844786169444445
2024-01-28,8472246.95763889,56745623.10136887,2.7179223936805554,1.3094343576736112,2.876212477326389,1.055277519375
2024-01-29,8300176.152083334,57397709.23352299,2.6784351332638887,1.3443377316319445,2.9411714916319442,1.0424705297569445
2024-01-30,8099224.546527778,56658898.97942281,2.9472417894791665,1.2741390788541667,3.3644713110069446,1.0875527320833334
2024-01-31,8126397.412500001,55024044.891715124,3.1869605186458334,1.2491010323611111,3.7123254463888893,1.1036078651736112
2024-02-01,8432770.168055557,56495910.01341129,3.201821677986111,1.2925072987847224,3.5410740089930552,1.0396939911458334
2024-02-02,8536499.76076389,58734727.887238555,2.9888739544791667,1.3296850474652777,3.096716330486111,1.2294535678125
2024-02-03,8650269.844097221,59713342.946950994,3.3997728880555558,1.3501042271875,3.684412989583333,1.2541329215277779
2024-02-04,8786471.746527778,59474615.60075243,3.939053758472222,1.3276034094097222,4.258089802638889,1.081585301076389
2024-02-05,8851883.850000001,60300603.5729623,3.159179942916667,1.2995199696875,3.475554533472222,1.1894163434722222
2024-02-06,8986292.757986112,60597637.126677305,3.2436779642708333,1.3025155769097223,3.605616222604167,1.2390285656597222
2024-02-07,9038137.382986112,61461392.48628065,3.3920250798611113,1.3687086530208332,3.6522472931944443,1.17251713125
2024-02-08,9506562.172222221,66328970.58274289,3.093108622361111,1.5031495028819444,3.1560173411805557,1.1148338724305555
2024-02-09,9797626.227430556,69782217.85934766,3.053599685034722,1.549248731076389,3.213876492465278,1.1276670980555557
2024-02-10,9871242.823958334,70877078.98545174,3.1663883284722223,1.7908909063541667,3.310058568194444,1.0450532965625
2024-02-11,9942089.262152778,71719050.22856073,3.204528148229167,1.8697696145486111,3.2235934278819443,1.0627029328819446
2024-02-12,9923136.418055557,70968636.62459783,3.4466056318750002,1.8077187118402778,3.674061661180555,1.097941917048611
2024-02-13,10367324.808333334,75934350.9361691,3.396321549722222,1.8466457281597224,3.4491656889583333,1.0925472136458334
2024-02-14,10416159.169791667,78918011.85819976,3.0334710517708334,1.6847390305208334,3.0025079230555556,1.0555017210416666
2024-02-15,9998345.618055556,77322696.95072347,3.3036491779166663,1.7851243229861113,3.148799736736111,1.0588727062847223
2024-02-16,10109730.976687117,78711149.40381098,3.506886729141104,1.5372420068711656,3.3817209731288345,1.0789291940490797
2024-02-17,9849803.857638888,74626114.57018194,3.6313148933680557,1.4959229759722221,3.6850121956944446,1.0693424217708332
2024-02-18,9835818.962152777,76565711.96747687,3.3050388284375,1.5483460049305555,3.389795221215278,1.0798122621527777
2024-02-19,9928674.191319443,77696047.66080926,3.593659363125,1.5147340794097222,3.709310849270833,1.0306976296180557
2024-02-20,9925071.403125,77266356.93870293,3.6792717282638887,1.5191415583680556,3.9099315907638887,1.0204074060416666
2024-02-21,9395597.286805555,69931617.77363837,3.682182476701389,1.4086215607291668,4.263089892361111,1.0940876546527778
2024-02-22,9331884.847222222,70049290.5031245,3.1468372997916667,1.541765172013889,3.685743766354167,1.0748640092708335
2024-02-23,9160157.398263888,68240944.748978,3.2422863228472223,1.4257545978819444,3.720293722916667,0.9915299675347222
2024-02-24,9274951.047222221,71850139.76353985,2.8103624888194445,1.5003217913888889,2.9704762113888887,1.0381805588194444
2024-02-25,8912391.794097222,69338877.8604667,3.4092612132291666,1.6036728697916667,3.316872416423611,1.039021162326389
2024-02-26,8955316.32361111,70423873.34643257,3.466074322986111,1.6033915114930555,3.48530339875,1.049420158263889
2024-02-27,9306329.037152776,75938653.97653498,3.448919252638889,1.7968723771180555,3.3935892406944443,1.036815675173611
2024-02-28,9145679.475000001,76427058.00710578,3.442377785798611,1.6047136471874999,3.539523914201389,1.0654767383333335
2024-02-29,8943189.017708333,76689274.74371248,3.687577485451389,1.8717727662847221,3.8621828790625,1.0362331803125
2024-03-01,9458401.758333333,79669427.49858099,4.650429935347223,1.790400797222222,4.761268761354167,1.0574131572916667
2024-03-02,10132392.25451389,91612978.67530511,3.501415608854167,1.8624892641666666,3.4963422994791666,1.0286032788541666
2024-03-03,10064722.796180556,94496691.6333009,4.315209727638889,1.8770442282638886,4.198551927708333,1.0065078208333333
2024-03-04,9805579.245296167,97221150.74252342,4.430609845923345,1.8121309094076656,4.383382584285715,0.9605572090592334
2024-03-05,9507512.784722222,95330138.77766198,4.696110885104166,1.6543180659722223,4.694883963888889,0.996484826388889
2024-03-06,8097774.784027779,80119110.9527181,3.916131435034722,1.533469888888889,4.304003028576389,1.006432767361111
2024-03-07,8291455.182291667,86810810.3969224,4.480120336944444,1.891305173611111,4.536743329548611,1.018553107638889
2024-03-08,8307792.838194445,86735636.19262904,4.357825880277778,1.7526346979166667,4.462164962118056,1.0134121215277778
2024-03-09,8253725.169791667,87924124.35799396,4.423556778819444,1.7977215694444446,4.624552301631945,1.0519968958333332
2024-03-10,8416418.271527776,87236697.78761177,5.01628582625,1.62753503125,5.513425915972222,1.010397482638889
2024-03-11,8284023.501388889,88788602.28198068,4.174078407534722,1.6702081354166667,4.48796068625,1.025681454861111
2024-03-12,8185240.003125001,87788694.41809466,5.373349121631944,1.9663161562499998,5.468902200972222,1.0019329548611111
2024-03-13,8218982.7631944455,90010684.87789361,5.061019230208334,2.1888105729166667,5.142157319930556,1.0247492534722222
2024-03-14,8265571.144791666,93732925.542866,4.991634109895833,2.1688811041666667,4.878057451111111,0.9897975520833333
2024-03-15,8113080.410069444,86538604.42603137,4.983673773819444,1.8717148055555555,5.315518610173611,1.018505201388889
2024-03-16,8142965.621180556,83992059.07369141,4.497307594652778,1.6664305104166666,5.295734863159722,1.0129040208333333
2024-03-17,8083030.680555556,79782979.98916166,3.9130294830208334,1.5500489444444443,4.903802524618055,0.9975669722222222
2024-03-18,7727058.903124999,77329162.81985483,3.6841225288194446,1.6025252847222222,4.395504921944444,1.0299719305555555
2024-03-19,7762758.000347222,71118601.52173442,3.6310133511458336,1.7318990347222223,4.320639034826389,0.9846039270833332
2024-03-20,7791415.005555555,70589507.52166627,3.0061718263194446,1.7157628715277777,3.7833384005555555,1.0275406458333334
2024-03-21,8116421.007638888,75929809.19835287,2.9828156396875,1.7097068715277777,3.494802341041667,1.0158816493055556
2024-03-22,8387697.059374999,75870642.08598192,3.8553111129166666,1.760841670138889,4.629264839375001,1.0574744583333333
2024-03-23,8234029.163888888,74749311.36492428,4.0279470936458335,1.7612623472222222,4.594238594756945,0.9980291666666665
2024-03-24,8169659.548263889,74948823.2373578,3.9847782797222226,1.8074980208333333,4.485348030729167,1.0856667395833333
2024-03-25,8197745.202083332,78379380.60562725,3.918264308020833,1.756101875,4.203751894583333,1.0958905763888889
2024-03-26,8235543.78576389,80932959.00981699,4.499946991631944,1.9358508993055557,4.562131738541667,1.0823447986111112
2024-03-27,8694852.068402776,83192026.70582193,5.024284035069445,2.021189638888889,5.5250309289583335,1.0882648819444443
2024-03-28,8650975.441666666,82263575.90393762,5.245391416388888,2.033474472222222,5.747283569236111,1.075080701388889
2024-03-29,8396491.169097222,79969216.40164696,4.605860765451389,2.0594021527777775,5.2025088607638885,1.0265943645833333
2024-03-30,8446799.627777778,80669405.26435095,4.3613121461111115,2.1135735798611113,4.968319971111111,1.1098948958333332
2024-03-31,8581933.558680557,82017267.47915417,4.778677259201389,2.1425463159722224,5.245110479236111,1.064151923611111
2024-04-01,8634373.554861112,80300074.46757476,4.7928642479166665,2.070085652777778,5.594900923298611,1.032870048611111
2024-04-02,8943445.583333334,77541483.37967637,4.775040268229167,1.8811842083333334,5.828916631319444,1.0676831979166665
2024-04-03,8959081.16111111,76949653.18184043,4.245660312083333,1.7954805416666666,5.3313676871527775,1.0997679791666668
2024-04-04,9131980.264236111,77661781.13494271,4.211213299513889,1.7273721840277778,5.413800262152778,1.0901774201388887
2024-04-05,9393947.533333333,78339676.86216989,4.2101404322916665,1.6799125590277777,5.2530742861111115,1.0697381041666665
2024-04-06,9469027.698958334,79848772.64963932,3.909174132256944,1.7414994444444445,4.797448224548611,1.1206629375
2024-04-07,9349866.675,80712307.85315299,3.7478740760763887,1.7639392777777778,4.442889114583334,1.1182227083333334
2024-04-08,9293481.904513888,82578982.48000056,4.022340995381945,1.824525170138889,4.299786806979167,1.1216724131944444
2024-04-09,9587013.732638888,85416182.32876202,4.461203423993056,1.7468029791666666,4.417666806944444,1.0746480034722223
2024-04-10,10118360.65138889,85363431.1825783,5.798680166840278,1.8924156944444444,5.951532631423611,1.0704011354166667
2024-04-11,10068355.373611111,84134683.9685676,5.745320391111111,1.729764125,6.2419250136805555,1.1415560659722221
2024-04-12,9882300.093055556,79487323.38173197,5.1747052984027775,1.7324852326388889,5.658670059548611,1.0437826770833334
2024-04-13,9000915.670138888,62745353.71098324,3.088799013680555,1.3868514618055556,3.6849556870833333,1.0246885381944444
2024-04-14,7884096.237847222,51925670.450835384,2.3226326824305557,1.2604943958333332,2.8276596898958335,1.0217561145833334
2024-04-15,7655773.673611111,52528756.31497618,2.278587294166667,1.2558758020833334,2.750770960069444,1.0450117916666666
2024-04-16,7268413.965277778,48154245.72739814,2.380778497708333,1.3339993194444444,2.8535335277777776,1.0695132256944444
2024-04-17,7089036.819097223,46833306.9763045,2.393048012326389,1.295244798611111,2.8522928486805554,1.0037332777777777
2024-04-18,7092602.287847223,47278790.74264834,2.7533082353819447,1.374321923611111,3.332864928576389,1.0619118715277778
2024-04-19,6949920.142013889,46589272.166270286,3.0380609802083334,1.4382410208333334,3.4904188471527777,1.078279972222222
2024-04-20,6920883.435416667,47749859.534266435,3.245457435972222,1.4344086145833335,3.537001957430556,1.0985258680555556
2024-04-21,7095166.240625,50712390.46453958,3.3096095736458335,1.5204422291666666,3.4429788520833333,1.0481836215277778
2024-04-22,7087318.707986112,52437709.60378364,3.3933108406250003,1.5122546875,3.6498830243055553,1.0732304548611111
2024-04-23,7035680.452430556,52000626.67739422,3.6800908552430553,1.5395474791666668,3.8252629502430557,1.16576190625
2024-04-24,7439149.810416667,53726721.44263534,4.2046987323263885,1.4602170590277777,4.5238753328819445,1.0981288958333333
2024-04-25,7726545.852083334,53229790.77832921,4.343093607395833,1.351052951388889,4.773994924097222,1.0727338645833333
2024-04-26,7728875.601041666,52872579.36758411,3.541718470451389,1.2787419895833334,4.108265628958333,1.0511294861111111
2024-04-27,7824064.664930556,52405228.58325164,3.3579034664930556,1.315637954861111,3.9872054759722224,1.1425725
2024-04-28,7566178.180902777,51941830.514128305,2.952180625104167,1.4249801875,3.4835236013541664,1.200908875
2024-04-29,7718700.155902778,50973417.734978095,3.020328072881944,1.4165289722222223,3.6433301696875,1.0686518680555555
2024-04-30,8268158.538888888,52522727.63820488,3.0079243956597224,1.2242402430555555,3.6869260309027774,1.096820565972222
2024-05-01,9112278.974652776,59642101.0122348,3.017505978402778,1.0937821875,3.476648224340278,1.0724132777777777
2024-05-02,9336425.086111112,65499748.78555182,3.228325457361111,1.1147166354166667,3.192458031736111,1.0848760277777778
2024-05-03,8868315.944444444,63874578.847970314,3.3645352278125,1.16020575,3.301128785347222,1.1421048090277777
2024-05-04,8322786.427430555,59672579.76770813,3.5436546774999997,1.3374809861111112,3.478942800902778,1.1594905520833332
2024-05-05,8254855.418402778,59044666.71211236,3.5414674862152777,1.2438094826388888,3.613885439201389,1.1816669305555556
2024-05-06,8147635.78576389,59106906.21205376,3.611792932152778,1.4238943194444444,3.6393336473263886,1.0782073784722224
2024-05-07,8098173.097569444,57922010.43295533,3.737618646701389,1.405806767361111,3.830382907951389,1.1428950312500001
2024-05-08,8258018.326736111,58096427.08155761,3.6995831318055554,1.3202018541666667,3.8893599496875004,1.1434743576388888
2024-05-09,8237836.069097223,57375247.56287078,3.4729555517708333,1.330466420138889,3.802122353819444,1.1223989583333334
2024-05-10,8187619.5961805545,57069382.22719507,3.052334729027778,1.3285445659722221,3.487282494652778,1.120841329861111
2024-05-11,8121815.709027777,54579596.947027236,2.9042726716666665,1.2447378194444445,3.563759205972222,1.1536087847222223
2024-05-12,8102384.480208334,54239663.65606077,2.7762025538888886,1.2068157708333334,3.4384776938541664,1.1930269930555555
2024-05-13,7866026.621874999,52371694.932527974,2.670522321736111,1.2136170416666667,3.307665834027778,1.1460611388888888
2024-05-14,8101410.55798611,53473146.74962214,2.7435683651041667,1.2378307083333333,3.3789709164583335,1.1335778854166667
2024-05-15,8381487.0788194435,56250844.823337,2.5744923307291665,1.2366137118055556,3.18643690125,1.105241673611111
2024-05-16,8130557.69201389,56423531.77553275,2.9108848346875,1.280992128472222,3.193436394097222,1.2716670937499999
2024-05-17,8257069.617708334,59146718.58528232,3.168910705763889,1.4289831319444444,3.3022166137152777,1.1027775590277777
2024-05-18,8199238.815625001,58748590.63906265,3.6329716815277777,1.5786117534722222,3.6198697499652774,1.1857479409722222
2024-05-19,8239465.387499999,58044486.83586502,4.146735275520833,1.5736074479166666,4.113099677256944,1.1647722118055555
2024-05-20,8309723.346527779,58993276.90242691,3.944732973055556,1.4705377777777777,4.046158973715277,1.1296233194444445
2024-05-21,8349921.79236111,63147382.01904133,3.3248300775694446,1.6892890104166667,3.316617994652778,1.0528160625
2024-05-22,8256453.173263889,62418201.22840304,3.5837296763888893,1.5796454097222223,3.4545090967361114,1.1069593923611112
2024-05-23,8293002.831597222,61165037.523827225,3.6665668083333336,1.5593239131944445,3.693505024097222,1.0479911041666667
2024-05-24,8146944.517708333,58845634.18392524,3.255446034236111,1.5483192083333333,3.651951512604166,1.1466419166666666
2024-05-25,8127848.7975694435,59490018.116676986,2.9024123760416667,1.454880361111111,3.3328830193402776,1.1653165868055555
2024-05-26,8001076.443750001,59906124.1717843,2.5888891465625,1.4653239826388889,2.8345734045486113,1.1410007708333334
2024-05-27,8164327.251041668,61581952.12261066,2.7809763873958335,1.4466962256944444,2.9745403377777775,1.1531817395833333
2024-05-28,8292852.117013888,61579031.21686987,3.1635517974305554,1.5279928194444445,3.4283648080555555,1.1013490312499998
2024-05-29,8567302.891319444,62777479.73004922,3.222578323854167,1.5440966354166668,3.681887847395833,1.0692729479166667
2024-05-30,8784754.403472222,62265915.415524736,3.804828274166667,1.4512575833333332,4.465263279548611,1.2422558368055556
2024-05-31,8833709.695833333,61651970.85840983,4.273215522395834,1.4334010416666667,4.894082942847223,1.406782142361111
2024-06-01,8844600.130902776,62411087.82480151,3.874920162152778,1.4251412951388889,4.4094514365625,1.2883877326388888
2024-06-02,8870561.998958332,62549779.17653619,3.668932726701389,1.4408405069444443,4.238531942986111,1.1900778611111111
2024-06-03,8800357.621527778,62471725.55230326,3.3846473091666667,1.4874282569444446,3.90431870625,1.1243143229166668
2024-06-04,9052462.909722222,64074188.89502618,3.330565129236111,1.49362584375,3.85409628875,1.1609536458333334
2024-06-05,9040557.303472223,65379301.867836356,3.3548120854861114,1.6364914027777777,3.535549342326389,1.146105125
2024-06-06,9280602.483680556,66864011.36459814,4.0339016784375,1.7329132500000002,4.133467697465278,1.2020073819444446
2024-06-07,9237606.380208334,65005460.49778235,4.357289158854167,1.7484480833333333,4.531990557638888,1.0895794444444444
2024-06-08,8470200.048263889,55114306.16246759,3.3643677522569444,1.4690694652777778,3.8046796835416665,1.1419033958333333
2024-06-09,8576043.669097222,55395178.919651896,3.3824021855555557,1.2966501215277777,4.058546582743055,1.2281018819444443
2024-06-10,8365175.690972222,54269232.982972,2.9673369640972225,1.2595589513888887,3.603452926597222,1.2038414722222222
2024-06-11,8209973.243749999,52410225.79228458,3.2426102809375,1.3094832986111111,3.9062645280208335,0.9907735069444443
2024-06-12,8083502.087847223,52903288.80104347,3.0756030869337976,1.403709536585366,3.737875428118467,1.1539971944444445
2024-06-13,7905565.914930556,51372028.0464975,3.815432398090278,1.3441712152777778,4.275775112777778,1.0929116215277779
2024-06-14,8113243.251041668,51021197.77594584,3.9690064982986106,1.3249082291666667,4.636938806145833,1.1055906944444445
2024-06-15,8268063.25,51234407.44809019,3.5871242796180556,1.3009015104166666,4.103048731805555,1.25347403125
2024-06-16,8235381.918749999,51573576.57055304,3.5951965194444444,1.2932939270833335,3.9367313060416667,1.1602539166666666
2024-06-17,8179800.626388889,50926768.62587981,3.6092714738888887,1.2886232361111112,3.8475930245486114,1.125550704861111
2024-06-18,8240710.478124999,47667443.70109909,3.573925848645833,1.212013263888889,4.053097553819445,1.0801358090277777
2024-06-19,8141763.596527779,47757679.38455844,2.960454349236111,1.232359204861111,3.4465922078125,1.1321518194444444
2024-06-20,8582347.623263888,49617119.37729548,2.8657311673958334,1.1955479791666666,3.4437595080208334,1.1375506562500002
2024-06-21,8980794.87013889,50738357.41898055,3.0676115646527777,1.1717580355871886,3.6946800103124997,1.0896669618055557
2024-06-22,9089801.39375,51701783.87863646,2.943520406458333,1.1336536145833334,3.5884617978472217,1.1410726354166667
2024-06-23,9069599.164930556,51975409.15895489,3.0073164629513887,1.1291361458333333,3.548493613923611,1.1260014479166667
2024-06-24,8946971.295833332,50390971.83383145,3.233068549826389,1.1572241006944446,3.6889657613541664,1.0270596006944444
2024-06-25,8786588.556249999,51278192.175633326,2.8736283825694446,1.2452089444444445,3.2342055837847226,1.1417726215277777
2024-06-26,8589517.834027776,50170299.62537265,3.322810445520833,1.2233637083333333,3.7694777159375,1.2322426527777777
2024-06-27,8637776.019444443,52121947.39063089,3.0198086634375,1.1965962569444446,3.339927074236111,1.09746878125
2024-06-28,9197652.831597222,57783661.02370015,2.6093025959375002,1.2067314409722223,2.486148302152778,1.1318541284722223
2024-06-29,9148673.033680554,56309298.258029215,3.441095063298611,1.237784340277778,3.2596815476041665,1.3195819895833332
2024-06-30,9062386.145833334,55544131.44371012,3.588505116701389,1.2457886493055554,3.5720183965972225,1.1702667152777777
2024-07-01,8781212.836458333,55598811.90080418,2.8644868581597223,1.2357458368055554,2.887119530798611,1.1537944131944444
2024-07-02,8905417.162500001,57240942.65555204,2.7176115489236112,1.2043710208333334,2.732360867013889,1.1350370763888888
2024-07-03,9106808.880555555,56621340.7724818,3.3439504438888887,1.157360875,3.3274066750694447,1.19828525
2024-07-04,8853153.849305555,51587604.99279728,3.844753770034722,1.2024287395833335,4.352493664791667,1.0926387881944446
2024-07-05,8456520.735763889,46692016.247899465,3.1110256331944446,1.08846534375,3.615865220625,1.0548083645833333
2024-07-06,8275039.582986112,49231468.21568828,2.6203473918402778,1.0985110972222223,2.967759882152778,1.1257607777777778
2024-07-07,8282536.904861111,50853861.09464088,2.309725739791667,1.1829326736111112,2.4776731444791666,1.1027515381944444
2024-07-08,8116431.536805555,48611234.90954539,2.6006347013541666,1.2232500902777776,2.767245273263889,1.1185692708333332
2024-07-09,8112394.927777777,49069618.99772424,2.3627009484375,1.2099094895833333,2.539362512222222,1.096579861111111
2024-07-10,7991269.2368055545,48988764.617184825,2.4882800228472224,1.2558632534722223,2.5879248946874998,1.128823857638889
2024-07-11,7797960.581944444,47254856.433456406,2.771431362222222,1.3356129374999999,2.8278541788194445,1.1848393993055555
2024-07-12,7559690.779861111,44880780.200786,2.6552192245486115,1.349131673611111,2.835951893645833,1.3708283749999999
2024-07-13,7562383.545486111,46952651.56045828,2.2126825305555555,1.4162735833333333,2.203002605277778,1.135372142361111
2024-07-14,7518806.954513889,46921330.67793783,2.3299787318750003,1.4835113333333334,2.2744875192013887,1.25690540625
2024-07-15,7790471.933680556,49889497.09498596,2.5089387280902775,1.4799863819444445,2.4002875717708334,1.13184015625
2024-07-16,7823400.092013889,49695601.64223621,2.614704381076389,1.5362388993055556,2.4469511965625,1.1740286354166667
2024-07-17,7769921.881944444,49801467.87423702,2.5751447371180554,1.65156403125,2.3969611402430555,1.1037590104166666
2024-07-18,8030783.3413194455,49838374.58185013,2.8807255495138886,1.640047013888889,2.7950306540972223,1.1451015729166665
2024-07-19,8032695.768402779,49610549.11437385,2.6141879974305557,1.517236857638889,2.7168613468402776,1.1458724201388888
2024-07-20,7771205.887499999,49137300.871580444,2.3779804046875004,1.6456501944444444,2.374218496041667,1.2670667534722222
2024-07-21,7840975.359375,49440426.89765518,2.335779738472222,1.6862217152777776,2.346571661111111,1.1890523576388887
2024-07-22,7895772.735416668,49468316.95440115,2.575430295972222,1.7055580173611111,2.620092588125,1.084446371527778
2024-07-23,8443765.827083332,50691248.84112322,2.9049144894097223,1.4970200451388889,3.217635692361111,1.1399377222222222
2024-07-24,8790900.833680555,51872503.633530796,2.9622583948263888,1.4557829444444446,3.4335981094791665,1.1201673090277777
2024-07-25,8819907.125694444,50211212.362302236,3.0279355939930555,1.4823368402777777,3.591925764444445,1.0883627152777777
2024-07-26,8516720.772569444,49600671.60221885,2.9897843280555554,1.4396930972222224,3.5408828114930557,1.1806649375
2024-07-27,8535795.615625001,49928229.258416794,3.0461369116319443,1.4590860104166667,3.456371533090278,1.310402045138889
2024-07-28,8626823.475694444,49525733.26504226,3.142575065347222,1.4743848541666666,3.5502005794097222,1.316179673611111
2024-07-29,8910049.366319444,51391183.12586567,3.329562819236111,1.4443584583333333,3.7712280319791662,1.1795892638888887
2024-07-30,9431778.717361111,53150988.43193949,3.636980282534722,1.4388316562499999,4.172001538993055,1.2779130625000001
2024-07-31,9970028.236111112,54696146.14250725,3.5858139043055552,1.4212826041666666,4.241241863368056,1.2483883368055555
2024-08-01,9938142.340277778,52676210.67265716,3.502250951423611,1.5075246805555556,4.228245918472222,1.0992402395833334
2024-08-02,9828786.493055556,51045274.204793215,3.280782179652778,1.4823903333333335,3.9138310966319443,1.1067281319444444
2024-08-03,10071720.373263888,51236874.33012283,3.1053546505208334,1.4298958159722224,3.7814002775,1.1529959756944443
2024-08-04,10263954.383680556,50155076.355281085,3.5166713765625,1.3878242395833333,4.1089854400694446,1.1603608159722223
2024-08-05,10255840.305555556,41784015.648746,3.153153747013889,1.28922565625,3.658798065520833,1.0108601666666666
2024-08-06,9977934.488541666,44118026.27890261,2.542236875138889,1.1404849548611111,3.0004355542361107,1.016344048611111
2024-08-07,10165925.86388889,46241842.81837592,2.3621572822222223,1.0365527152777778,2.682925220902778,1.0877340173611112
2024-08-08,9902323.314236112,46749357.98082295,2.5090452677777777,0.9719007083333333,2.863935204548611,1.0988915381944446
2024-08-09,9738840.8625,46755830.53091595,2.6005558054513886,1.0250228125,2.858694769270833,1.128573625
2024-08-10,9561194.601388888,45427330.58545273,2.726820110486111,1.0616345729166667,3.0005588796527776,1.3273086215277778
2024-08-11,9521042.421875,44574887.93254447,2.9607000938888888,1.0552029618055556,3.1978228301041667,1.11056984375
2024-08-12,9616538.304513888,43841925.79676631,3.201064355892857,1.0854539071428573,3.4553959940714285,1.1065182777777778
2024-08-13,10369259.939930554,46882451.04832896,3.3526542675,1.0997620381944444,3.607145852534722,1.1514230555555556
2024-08-14,10734239.03125,47917665.27042885,3.271832991319444,1.0700072916666667,3.5931310644791665,1.2390641111111111
2024-08-15,10867671.060069446,47545443.49039519,3.269642975104167,1.0908180798611111,3.6540688284375,1.0669685520833334
2024-08-16,10767386.459375001,46351327.842289954,3.317350281111111,1.1143762222222222,3.807581729548611,1.15349846875
2024-08-17,10743469.505208334,46438456.42273815,3.3610478735416667,1.1169665972222222,3.7700257013888887,1.2319147256944445
2024-08-18,10727783.177430555,47239075.61785666,3.4255757505555557,1.1191705902777778,3.816702054756944,1.3415052569444446
2024-08-19,10157455.140625,44929391.64704144,3.316378282916667,1.1048490902777777,3.6565494810763886,1.2008860173611111
2024-08-20,9695426.488194443,44014256.48646236,3.2896270939583334,1.1762353229166667,3.455765159097222,1.275624045138889
2024-08-21,9611363.933333334,44073808.896905825,3.4246718784375,1.2331549965277777,3.4556008011805557,1.2322549097222222
2024-08-22,9529327.030208332,44336223.03233227,3.6140809602083337,1.2921319652777778,3.5121620094444443,1.1808867881944445
2024-08-23,9514285.643402778,45479149.130896755,3.4169763330902776,1.3751065763888888,3.2762437646180556,1.1377112222222223
2024-08-24,9117376.076041667,45021961.04278805,3.6718035393750004,1.5071219305555554,3.4002672837847223,1.19990703125
2024-08-25,8922562.970138889,43266805.5174906,3.9448056473958335,1.55038246875,3.571400747986111,1.1594716770833333
2024-08-26,8862930.905902779,41604516.41140188,3.901533644513889,1.4753808020833334,3.6271236607638886,1.1074964340277778
2024-08-27,9146304.50486111,41566618.62336571,3.503455917951389,1.32004896875,3.547497476041667,1.1158208923611113
2024-08-28,9171461.123958332,39656863.0723528,3.7130039488194444,1.2691670833333335,4.043850270416667,1.0434213090277777
2024-08-29,9416902.756250001,40367956.61418399,3.716553712430555,1.2748276944444443,4.15037818875,1.095084142361111
2024-08-30,9422138.790277777,40096673.4939535,3.7347429596527775,1.2381901874999999,4.095880810000001,1.2370171875
2024-08-31,9363874.116666667,39996533.49197653,3.592104716423611,1.2399554097222223,3.7969935582986114,1.2992241875
2024-09-01,9383610.736111112,39169749.733507134,3.657113764409722,1.2505112291666667,3.9540538978125,1.1433326319444446
2024-09-02,9513299.162500001,39429517.7191729,3.745088267048611,1.2171164409722222,4.162331212569445,1.188866142361111
2024-09-03,9536391.80173611,39995666.5272457,3.946834934722222,1.2731915729166667,4.249909089201389,1.1827029583333333
2024-09-04,9588583.47326389,39048727.85358721,3.9374736560069445,1.2541270243055556,4.314762031631944,1.1753904895833331
2024-09-05,9502492.621180557,38388056.652878016,4.1060737395833335,1.277420003472222,4.406142117569444,1.2591795416666667
2024-09-06,9547561.111458333,38155526.54655843,4.123215228923611,1.2605356805555554,4.481506874548611,1.0591298020833333
2024-09-07,9803974.354166666,39686833.11208337,4.000505252847223,1.2215548020833333,4.326956062569445,1.2554942673611111
2024-09-08,9295514.616666667,38429680.21364097,4.1261250079166665,1.3076064374999998,4.1658015178819445,1.246952767361111
2024-09-09,9180874.595138889,38612626.3415608,4.059175110104167,1.319768097222222,4.042224442673611,1.2949643888888889
2024-09-10,9097026.087499999,38569684.56546434,3.9321748558333334,1.3478415243055555,3.871323119930556,1.1562104236111113
2024-09-11,9008178.305902777,37434728.72268337,4.300581208993055,1.3748806284722221,4.2973807186805555,1.1853406215277777
2024-09-12,9346431.288888888,39604319.70148953,4.296339714097222,1.43825609375,4.166938968159722,1.1688138958333334
2024-09-13,9554980.965277778,41551424.085139714,4.0695013153125,1.5072486458333332,3.8482954331249997,1.1046963680555555
2024-09-14,9726546.897569444,42799963.29928767,3.853434208298611,1.5909550451388887,3.5749474811458333,1.2951685034722222
2024-09-15,10062925.902083334,45138180.547975056,3.557523324930555,1.6397545486111111,3.2104542306597224,1.0289199548611112
2024-09-16,9772283.680902777,41698926.546336494,3.6740673520486116,1.624303722222222,3.5327923711458333,1.1585900972222223
2024-09-17,9766957.537500001,40845449.91223687,3.656341264479167,1.4667377430555557,3.844376297604166,1.3120324201388889
2024-09-18,10035910.606944446,41006712.98174269,4.0091626010763886,1.2995600104166667,4.3451564164236105,1.1989136666666667
2024-09-19,10500500.467708332,44558508.76483229,3.681619800277778,1.2764017986111111,3.8845161260763894,1.099882638888889
2024-09-20,10352803.730555557,44622848.142334044,3.782203962326389,1.3655698368055555,3.775055113854167,1.1570431076388887
2024-09-21,10345189.860416668,45214456.72803828,4.0717884629166665,1.433038611111111,3.8101499114930553,1.1952720243055555
2024-09-22,10270341.41111111,44795996.3543535,4.495990570902778,1.5803046875,4.105720113784723,1.1620667881944444
2024-09-23,10170969.120833334,44578087.75045988,4.369684134861111,1.4565504166666665,4.250681004375,1.0993138680555556
2024-09-24,10441578.685416667,47354860.125128284,3.9846871326736113,1.5828903541666668,3.665135862604167,1.1199522986111112
2024-09-25,10612229.867708333,49638625.86795589,3.655977574375,1.7423348854166667,3.3442152853819445,1.063803829861111
2024-09-26,11220578.586805556,53423490.20690106,3.427670827326389,2.0104628784722225,3.135967713576389,1.2662402743055554
2024-09-27,11189323.272222223,54755724.76088328,3.3623747552083336,2.1841191041666668,2.9918317817708333,1.1219390868055554
2024-09-28,11311215.76875,54611801.669782765,3.602437253923611,2.2568148541666666,3.1236574107986113,1.2648741631944445
2024-09-29,11247773.710416667,53686215.8535727,3.630382660659722,2.1555932812500003,3.307748747222222,1.1166677881944445
2024-09-30,11534983.521875001,53149129.7932289,4.064001517013889,2.0394351736111114,3.8858197449305556,1.08512440625
2024-10-01,11661995.219097221,51205678.86514538,4.244517973368056,1.6923343229166667,4.333075130972222,1.0591100104166666
2024-10-02,11591824.687847221,48186697.32757125,4.046199771805556,1.5421063888888888,4.297096116875,1.0569054548611112
2024-10-03,11895517.318055555,48623404.24334369,4.1127481029513895,1.5190064375,4.383062614340278,1.098124472222222
2024-10-04,11651960.310069446,48462414.01103271,4.027804780625,1.52590984375,4.333651396701389,1.3038853368055556
2024-10-05,11678832.969444444,48685885.56654326,4.179842446631945,1.4925930729166668,4.5229684096875,1.3331465833333334
2024-10-06,11802662.213194445,48964293.17299458,4.428214368368056,1.4897351076388887,4.814353508333333,1.282916940972222
2024-10-07,11378605.110763889,47935214.96888529,4.650032722430556,1.4871736284722223,4.9741276248611115,1.1390073125
2024-10-08,11401496.2625,47057428.1400457,4.600744397152777,1.5368563229166667,4.830167363715278,1.0820354201388889
2024-10-09,11646363.530555556,47522103.55109892,4.726962573020833,1.5306482222222222,4.942043077013889,1.1253473159722223
2024-10-10,11889075.805555556,48022318.29104534,4.896375557395833,1.464053548611111,5.404508713958333,1.127324263888889
2024-10-11,11749320.293402778,48541209.61115269,4.810593070694444,1.5688444340277778,5.171746103229166,1.2439224861111111
2024-10-12,12018920.671180556,50608017.52932658,5.105557799305555,1.714268982638889,5.113641672430556,1.2931601944444444
2024-10-13,12023075.471875,50021652.52819273,4.904041096145834,1.7799220243055554,4.815900674513888,1.318461763888889
2024-10-14,12245056.369097224,52491825.18556297,4.373418636076389,1.9004142222222222,4.252042462534722,1.0884788472222222
2024-10-15,12581912.140277779,55457274.568966925,3.9641192513194445,2.096926090277778,3.670537106423611,1.0692005208333333
2024-10-16,12649124.433680557,54928322.62879847,4.001623315034722,2.1326724652777775,3.8358208075,1.2055830347222223
2024-10-17,12716718.433680557,53885392.172468945,4.116655945694444,2.0637177013888888,4.079943714201389,1.1423573541666667
2024-10-18,12774572.900347224,54219469.131502844,4.185851411979167,1.9558622743055554,4.235732915694445,1.1704971319444446
2024-10-19,12350026.623958332,54269474.1657571,3.565182576840278,2.1262075416666666,3.419347719652778,1.0136233680555558
2024-10-20,12419510.629166666,55449281.12158273,3.6511254825000004,2.209778802083333,3.426742658090278,1.0954832118055555
2024-10-21,12612186.55798611,56300275.1803413,4.0940624117013895,2.281270833333333,3.685603457361111,1.0625777222222221
2024-10-22,12589449.821527777,54814149.14514153,4.763203451770833,2.272579829861111,4.677388338819444,1.1900187256944443
2024-10-23,13029520.367708333,55121221.6265754,5.4027200743402775,2.1138269618055556,5.4567844906597225,1.1608846319444444
2024-10-24,13590941.873611111,57149207.35685643,5.296644107951389,2.0471504375,5.560082935347221,1.2928374270833334
2024-10-25,14272794.210763888,59032280.32979767,5.354174235347222,2.0185467638888888,5.744686323194444,1.256477388888889
2024-10-26,13822944.685416667,55621595.78229035,4.95288115482639,1.8241093958333334,5.361056214305555,1.2302259270833333
2024-10-27,14189988.230902778,57559080.023664206,4.739032117118056,1.7946527916666666,5.101532744722222,1.4472409270833333
2024-10-28,13647840.804195805,56274364.70569567,4.296794796888112,1.8828529510489511,4.562626199965035,1.2132298636363636
2024-10-29,14176715.202777779,59177219.01652555,4.193697052256945,1.957390309027778,4.484215562569444,1.1701401840277779
2024-10-30,14570401.839583334,60920753.41797124,4.552597447048611,2.036837548611111,4.695879690659722,1.1139946319444443
2024-10-31,15421765.129166666,62633151.53395143,5.029634889965277,2.0261432881944446,5.224064677534723,0.9881395000000001
2024-11-01,16748722.752430554,65874052.67869084,5.326254196875,1.7435544027777778,5.8822586616666666,1.2101126770833333
2024-11-02,16869172.883333333,65698308.24739267,5.492924388680556,1.6904680138888888,6.090766560555555,1.1878170972222222
2024-11-03,16080020.392361112,60912533.525530495,4.871505414513889,1.6822322430555556,5.321478539479167,0.9912458541666668
2024-11-04,15939184.958333334,60268602.0217502,4.240448522638889,1.6882252847222223,4.55623916826389,1.0943155277777779
2024-11-05,15711651.228124999,60364496.16692066,4.305672036944444,1.8067800902777778,4.660352520798611,1.1447877916666667
2024-11-06,15704749.738541666,63705884.327748336,3.8899664005555556,1.838938173611111,4.057609850833334,1.1180762708333334
2024-11-07,16004185.471874999,65960668.80989431,4.235449501423611,1.9619283333333333,4.004167059548611,1.0500816631944445
2024-11-08,15714402.467361113,67131783.59572682,4.184248066493056,1.9188047638888888,3.967272958888889,1.0985276423611112
2024-11-09,15615194.338541666,68324887.80841632,4.012251303333333,1.9760997152777777,3.7338044354166664,1.03574790625
2024-11-10,15523981.279166665,78666313.33330585,3.6852044359375,1.9843383541666668,3.328816592986111,1.0042138819444444
2024-11-11,14732624.08298611,76679627.84294829,3.9223249710069448,2.0115395069444446,3.397950152326389,0.9944911145833333
2024-11-12,14840524.028472222,80669313.71797208,4.099390235868055,2.112256493055556,3.4335626045833334,1.0297524895833332
2024-11-13,14982182.201041665,77051422.85742252,4.1110826961805556,2.37304965625,3.524302844201389,1.0450136250000002
2024-11-14,15245573.791666666,76001072.99750032,4.150333894965278,2.3271423749999998,3.7852140525694447,1.0912532534722221
2024-11-15,15419582.950694446,76218181.06348214,4.290516053645834,2.1257271875,3.966212368576389,1.0168405590277778
2024-11-16,14993676.457986109,81431641.52881272,4.221295339930555,2.213230322916667,3.8185384565625,1.0517813055555556
2024-11-17,14509735.72326389,81192410.60870464,4.4167447525,2.0324901145833336,3.8470423231944446,1.0500442395833334
2024-11-18,14268912.597222222,82994408.42231485,4.195773525694444,1.9738016597222223,3.6620848911805552,1.0352425034722221
2024-11-19,13566291.421180556,79425186.48201376,4.450889915138889,1.9588721111111111,3.7748016768055552,1.0599040520833334
2024-11-20,13554579.413888888,79028316.74190417,4.3512805794444445,1.8445761840277777,3.771147184722222,1.0697558020833333
2024-11-21,13469607.156597221,77642507.9982916,4.348062673263889,1.7946994722222225,3.8739198010416667,1.1377302986111113
2024-11-22,13830644.388888888,86012958.5498971,4.579071455729167,1.9014021006944444,3.8331257718055554,1.046109263888889
2024-11-23,13727215.149999999,109127369.86570914,3.8848179352777783,1.9543403819444443,3.28076157375,1.0253469027777777
2024-11-24,13523170.549652778,119723806.88648565,4.2767500265625,2.019132111111111,3.7675737813541668,1.0046841493055556
2024-11-25,13621280.308333334,118898888.48218685,4.5704771554166665,2.209759013888889,4.003313808541666,1.0432824791666666
2024-11-26,13690996.448958334,110840318.69710794,5.049780735659722,2.3798634652777775,4.508079094375,1.0335733506944444
2024-11-27,13485163.130555555,111446181.08965732,4.880777530868055,2.4295897395833332,4.474176206388889,0.99286715625
2024-11-28,13162894.022569444,109289571.17505993,5.457050866805556,2.5408570347222224,4.639388413541667,1.0171347534722224
2024-11-29,13255207.705208333,114732459.49487434,5.425410821145833,2.4398306597222224,4.732922744409723,1.1292927326388889
2024-11-30,13795372.946874999,122784238.79226582,5.5495111425,2.2139691319444443,4.923311421215278,1.07353621875
2024-12-01,14130532.950694446,127463058.05838603,5.429797991805556,2.340195479166667,4.659388269131944,1.0619752881944444
2024-12-02,13810516.644097222,125897695.25415114,5.7300917096875,2.416552482638889,4.956276026041667,0.9912533819444445
2024-12-03,13988064.410416666,137979518.86849645,6.215598897430556,2.7708665277777778,5.050412218888889,1.0178990902777778
2024-12-04,13705810.505555555,144141661.3697977,6.352082635173612,2.7055183645833334,5.197629997291667,1.0131370590277777
2024-12-05,13639954.06736111,145731422.3344931,6.955222585381944,2.722675357638889,5.92742916375,1.0068504479166667
2024-12-06,13923565.960763888,146452451.08576658,7.168171483506945,2.8142576076388885,6.295852891215278,1.047001232638889
2024-12-07,14350859.187847221,152300694.59584367,6.855032564409722,3.001232690972222,5.781448515972222,1.006398111111111
2024-12-08,15117181.911111109,157807140.77409568,6.419824724270834,2.8981055034722223,5.7947303678125,1.05611621875
2024-12-09,15650175.552430557,150472866.88264114,6.1494385909375,2.7631515034722223,5.645578987673612,0.9948938298611112
2024-12-10,13059059.401041666,108993733.50318223,5.332308175104167,2.4306987430555558,5.051689825486111,1.0226350451388888
2024-12-11,12647249.374305556,110013313.33451709,5.012439140798611,2.3721786770833333,4.774289153402778,1.0773844270833335
2024-12-12,12338727.074305557,113662622.15464327,5.0178015956249995,2.4440498055555557,4.701487423784722,1.0648829479166666
2024-12-13,12363791.80173611,111436821.6451367,5.154478111944445,2.740527965277778,4.664682803680556,1.0817535138888887
2024-12-14,13003057.716666667,114052787.29524957,5.300473375069444,2.9418654375,4.788733962534723,1.1155276770833333
2024-12-15,13374088.742361112,117165455.90920049,5.0728405161111105,2.6604182118055557,4.706560285902778,1.0681562256944444
2024-12-16,13149558.345486112,116856904.73618662,5.409284438819444,2.6989311944444445,4.859763150659722,1.0564161527777778
2024-12-17,13442092.376736112,117142126.71197893,5.5140517909375,2.810923795138889,5.133466240868056,1.1004308437499999
2024-12-18,13629244.251041668,112055405.72914621,5.527826780555555,2.6926425277777777,5.227013603576389,1.0535668055555556
2024-12-19,13146331.751736112,97800716.54493448,5.019258851145833,2.413273670138889,4.773956659722222,1.0272521111111113
2024-12-20,12381482.343402779,85386467.38171212,4.564604133402778,2.231474131944444,4.328144008993055,1.0353633541666667
2024-12-21,11739212.736458333,85056512.7158839,4.500860457986111,2.2390989236111114,4.068222933645833,1.0608809965277777
2024-12-22,11630992.222569443,80956599.45909847,4.412479945694445,2.2099608784722222,4.095087347638889,1.0572108020833335
2024-12-23,11566464.206597222,81072071.3901074,4.351558093576389,2.3091362743055557,4.122924824166667,1.0681554756944445
2024-12-24,11769180.548958333,86861113.20691866,4.6807032629861105,2.562178496527778,4.261432279270833,1.10840746875
2024-12-25,11840132.806944445,88529775.15693294,5.125648600104167,2.6175128645833334,4.487026315763888,1.1235497083333332
2024-12-26,11921628.435069446,84677536.0458594,5.311088280243055,2.567615232638889,4.627342075555556,1.1480611354166668
2024-12-27,11938975.72361111,83769282.89030065,4.9210912515625,2.4666688229166667,4.527088387222222,1.0474962291666667
2024-12-28,11954563.715277778,83097535.26284358,4.742469409618056,2.6012615069444447,4.484159086597222,1.1956408993055556
2024-12-29,12048082.559722222,84444037.4252533,4.780366222916666,2.7082876423611113,4.357173947083333,1.071678736111111
2024-12-30,12347637.864583334,84380733.24127193,4.9084431004513895,2.2945010833333335,4.648996099895833,1.15536225
2024-12-31,12739682.353124999,85281208.14238352,4.9092601009375,2.0341410659722223,4.690887294652778,1.1469649097222223
2025-01-01,12846817.398958333,86800049.11211978,4.807073626805556,2.0048934479166665,4.582666977222222,1.1924119027777778
2025-01-02,12295669.966666667,88628992.92287439,5.155197444652778,2.284281857638889,4.429550045451389,1.1480316145833334
2025-01-03,12795747.017708333,96670455.89301175,5.308230507361111,2.1969987743055555,4.40369800875,1.1639182916666666
2025-01-04,12970329.498611111,100189136.33303513,5.943807787118056,2.1801246597222224,4.737531265868055,1.1812939305555554
2025-01-05,12271082.857638888,93386153.31921628,6.495165554791666,2.0939322604166666,5.2061394925,1.267090388888889
2025-01-06,13252151.518402778,102543091.08588295,6.094139018958334,2.079860861111111,4.9899658825,1.2036628159722222
2025-01-07,13419261.788194444,101238286.1645165,5.992895072743056,2.033197923611111,4.9683181778125,1.1202110625000001
2025-01-08,12834649.000694444,87962328.98310423,5.370661454930556,1.8253009097222221,4.931987625902778,1.0814885416666666
2025-01-09,12696284.919791667,84647598.16556844,4.796081265868056,1.7521279513888888,4.6404509753819445,1.0486018854166668
2025-01-10,12462062.611805554,83196025.48902239,4.505912521701389,1.7261764756944444,4.485461942326389,1.1471970069444444
2025-01-11,12474867.806597224,83286042.56408179,4.607753677361111,1.8958030763888887,4.498480975381945,1.3084939826388888
2025-01-12,12392920.660069443,83045989.39721912,4.6986859283680555,1.9938583124999998,4.558943469027778,1.1229286215277776
2025-01-13,12930559.961111112,82053888.78280732,4.642800498715278,2.075481888888889,4.506153263958334,1.0577402881944444
2025-01-14,12363842.05763889,80387322.71810204,4.133681815659722,2.3607367673611113,4.0144696975347225,1.0381208888888889
2025-01-15,12375822.153472222,84337718.811013,4.365942935833334,2.8428526180555553,4.010188572916666,1.2300760104166666
2025-01-16,12625846.908680554,89933580.76958823,4.937125543888889,3.235909486111111,4.211868248090278,1.1528399652777777
2025-01-17,12749470.043402778,94260758.13154073,5.301350406388888,3.480433486111111,4.480254582430556,1.124277246527778
2025-01-18,12872763.33298611,91320671.71283805,6.047006576006945,3.634657017361111,4.836002695,1.208796673611111
2025-01-19,13228239.042708334,89565997.57745664,5.754991713576389,3.476665829861111,4.859684622534722,1.0101851388888887
2025-01-20,12913600.377430554,83496797.87422912,4.871678823020833,2.429801548611111,4.594806894722222,1.073189392361111
2025-01-21,12571746.827083332,81577307.9712971,4.635604177256944,2.411776138888889,4.3849166239583335,1.0462374618055557
2025-01-22,12754027.288541667,83745505.51151118,4.672140043923611,2.8253506562500004,4.241244126701389,1.1394256145833335
2025-01-23,13337238.461805556,84516552.92150691,4.766026054697509,2.624223861111111,4.516817075277777,1.2271494895833335
2025-01-24,13526535.605208334,86593887.16777872,4.524491965902778,2.6569255729166668,4.265312844444445,1.201750027777778
2025-01-25,13829036.789236112,87542567.29194297,4.764272171631944,2.801264826388889,4.544276694270833,1.2380820381944444
2025-01-26,13999433.332291666,88872754.18827967,4.905642173576389,2.666305847222222,4.682940238055555,1.21468246875
2025-01-27,13595494.896875001,79200694.71919881,4.853562321111111,2.1170258854166666,4.643067186701389,1.044503875
2025-01-28,13235949.147916667,77743876.90024406,4.462006313298612,2.216666732638889,4.240014825069444,1.2396938611111112
2025-01-29,13573948.603819445,77838312.92258966,4.354403727604167,2.1575517986111112,4.253390179826389,1.1093466909722223
2025-01-30,13794666.483333332,83119765.75441216,4.414705244791667,2.223835420138889,4.206973474965277,1.1702077534722222
2025-01-31,13817848.172222221,86328060.45786107,4.7757172178125,2.3655787916666666,4.217661013958333,1.0632061736111111
2025-02-01,14133721.355555557,88666178.54986265,4.797721200902778,2.333878513888889,4.152703682638889,1.01033515625
2025-02-02,13515502.26875,75850147.00268506,4.911591618159722,2.420836638888889,4.6689165198263884,1.066392201388889
2025-02-03,11831668.858680556,55778552.37518308,3.7900282048263887,1.5893438125000001,3.722765048881119,0.9963852152777777
2025-02-04,10535760.453472221,50925487.668349214,3.966035748159722,1.6583690659722223,3.732092803125,1.0181263090277777
2025-02-05,10274600.779513888,48735673.110870175,4.007884382152778,1.8306159618055555,3.7266873843055555,1.0916654166666666
2025-02-06,9722224.342013888,45369169.968014374,3.7395385298958335,1.8476783784722224,3.5438731672569443,1.044876736111111
2025-02-07,9983273.592361111,46383675.84359422,3.6409613050694443,1.74525340625,3.5471300311805556,1.1147645347222221
2025-02-08,10092595.257986112,46394287.24079662,3.3786082102430557,1.7299173090277777,3.3951573642708333,1.1524956597222222
2025-02-09,10110854.697222224,48159510.98345861,3.443387863715278,1.7746256249999999,3.312072466319444,1.0912984444444445
2025-02-10,9774576.43298611,47116590.54568481,3.749320800034722,1.938215829861111,3.459955081423611,1.2153078194444444
2025-02-11,9651198.172569444,47953629.16498487,3.757699397013889,1.9980540277777779,3.444406286527778,1.1552934895833333
2025-02-12,9720122.116319444,48410009.24666473,3.7688489950347224,1.7963318402777777,3.4984576547916664,1.0999634375
2025-02-13,10177803.233680556,52479099.26577009,3.8832809927430554,2.0102988541666664,3.386484008125,1.0380923020833333
2025-02-14,10122632.146527776,52730820.57047162,3.876029761284722,1.9061218437499998,3.4404716161805555,1.119409329861111
2025-02-15,10230716.965277778,52077517.90119943,3.9099630709722226,1.8377668194444443,3.4940105828472223,1.2326280798611111
2025-02-16,10493570.890277779,51875799.775081806,3.795749286736111,1.8136723333333333,3.5822349036805554,1.0415212881944445
2025-02-17,10610038.455208333,52061795.357507914,3.6612529355902783,1.772789871527778,3.5876466828124998,1.0189398993055556
2025-02-18,10422259.444791667,49560894.85902243,3.5867962261458337,1.7937683090277778,3.4543921626736114,1.0569133368055554
2025-02-19,10475873.664930556,50411088.402095035,3.3785928997569443,1.6858377881944444,3.269373479513889,1.185646170138889
2025-02-20,10553949.421180556,52605926.25802957,3.669150959444445,1.9596635625,3.3286555560416664,1.0717229687499998
2025-02-21,11414968.312152779,58336205.55582074,3.930024115069444,2.0640471319444442,3.419342700277778,1.1449120729166666
2025-02-22,12424657.900347224,63394670.8399484,3.93965872875,2.255445114583333,3.4931769306597222,1.112487173611111
2025-02-23,12059744.902430557,60435784.51805922,3.798227807291666,2.244634465277778,3.4532046872916666,1.191476434027778
2025-02-24,12075994.100347223,57007191.420375645,4.076700366631944,1.9917573715277779,3.9123785075694446,1.1464923923611112
2025-02-25,12301536.102430556,54528578.812086195,3.856074091423611,1.7217733888888889,3.8420466201388894,1.0287584305555555
2025-02-26,11781441.794097222,56119564.12153173,3.4999725115972224,1.8534218368055555,3.338865883020833,1.0933095555555556
2025-02-27,12511055.615625001,62014260.26912352,3.531017620104167,1.9430147881944444,3.189839761388889,1.1867666006944444
2025-02-28,12861990.881597223,59881580.250410885,4.187174562152778,1.9982502569444445,3.812691587673611,1.0782118437500001
2025-03-01,12184892.036805555,56635470.685193285,3.5723187452083334,1.9774507743055554,3.3750504371875,1.2745016215277778
2025-03-02,12220749.463194445,58560501.79523951,3.4953173043402774,2.007074309027778,3.330092197951389,1.1387391909722222
2025-03-03,12270311.271527776,59886417.112900406,4.364547630555555,2.2529725833333334,3.7753150009027774,1.0516094583333333
2025-03-04,12540193.328125,53593397.89869344,4.204074853958334,1.714828732638889,4.0286898446875,1.065990013888889
2025-03-05,12563682.289930556,55191720.47534842,3.6932148279166666,1.4834566319444444,3.6828486416319444,1.0610885104166665
2025-03-06,11403404.845833333,51420270.274079844,3.8107304215972224,1.6595281527777779,3.649347008090278,1.1088844895833332
2025-03-07,11969088.530902779,53898806.629966825,3.9346809604861113,1.7405897291666668,3.7078365251041663,1.1249718958333332
2025-03-08,12318495.8125,53614767.866366506,4.051707163576389,1.8602045659722224,3.852135247048611,1.117795642361111
2025-03-09,12704933.680902777,53306600.523146704,3.7082134317361106,1.556401829861111,3.6884873631250006,1.03541328125
2025-03-10,12839243.33125,52341862.03892725,3.559416812326389,1.5238611597222222,3.6686911635069444,1.0109399652777777
2025-03-11,13651395.352777777,54153949.880617425,3.6277984472916662,1.3587054791666668,3.6823894319097223,1.0568319166666666
2025-03-12,13760196.408333333,54731488.23524805,3.7696906192708335,1.4784012881944444,3.7021723312500003,1.1638267604166668
2025-03-13,14176057.74548611,56127298.21718803,3.6859247760416665,1.5807841215277778,3.5444564094444444,1.0938057118055555
2025-03-14,13675637.272222223,56272923.851433486,3.5188454703472223,1.6616600868055555,3.294726092847222,1.047988142361111
2025-03-15,12967093.89375,56001123.86393895,3.286224313506944,1.8690894375000002,2.982772619201389,1.1264432013888888
2025-03-16,12644198.008680556,54209878.71846064,3.655501901388889,2.012216982638889,3.2162527275,1.2970288506944445
2025-03-17,13009042.010416666,57116101.07038662,3.5811285691319443,1.8626232326388887,3.243368615451389,1.1404651944444444
2025-03-18,12962819.195833333,55920102.05980423,3.5794158571527777,1.9237622361111113,3.1599075072222225,1.0656422430555557
2025-03-19,13424012.296180556,60603458.92699429,3.3179328681944447,1.8486080868055557,2.8080189093055554,1.16041809375
2025-03-20,12989000.370833334,57479176.39532828,3.3307636734027777,2.007710128472222,2.903327335,1.1215628611111113
2025-03-21,12592129.928125001,56475289.09852919,3.1750687717708335,2.1268638368055557,2.9028758805555555,1.1644994618055555
2025-03-22,12628444.829861112,56509735.9099745,3.079757299965278,2.0678473611111112,2.8611152484027778,1.2384077048611113
2025-03-23,12264383.533333333,54606744.16784909,2.8426821781944445,2.0628118819444445,2.7169108446875,1.2191068506944445
2025-03-24,12351084.777777778,57590453.22889128,2.8568234184722225,2.2388859097222222,2.67530209,1.2395381354166668
2025-03-25,12665876.053819444,58849391.546531804,2.9712611755902776,2.3676903645833334,2.7555066628472225,1.1681325486111112
2025-03-26,12783931.08298611,59842143.83383507,2.8787302488194446,2.418321708333333,2.6175207553819444,1.121082076388889
2025-03-27,13152844.289930556,61044302.480925135,2.9670775323958334,2.337704559027778,2.722034258541667,1.1453281215277777
2025-03-28,12656667.230555557,55201821.344406076,2.9345097781944443,2.2490789131944444,2.7910469496875,1.053249420138889
2025-03-29,12820309.147916667,52820743.242802,3.0062574166319447,2.0950914409722223,2.973560307013889,1.0684384027777778
2025-03-30,12945134.58888889,52904178.28294757,3.100768463923611,1.8224421041666667,3.200569826284722,1.150825545138889
2025-03-31,13246392.852083333,53390673.99948964,3.1402775584027776,1.8117137916666666,3.2435975510763893,1.104086201388889
2025-04-01,12979517.368402777,53912425.19900028,2.9048830120486113,1.9023538125,3.0111165548263887,1.2148484548611111
2025-04-02,12825092.664583333,52542770.49359441,3.1770482902430555,1.8882624722222223,3.1565001138541664,1.0865511006944444
2025-04-03,12974993.861805554,51877321.9712967,3.235356236909722,1.8500143680555554,3.2659585069791666,1.084151763888889
2025-04-04,12724194.548611112,51447608.91523248,2.4786202140625,1.805936017361111,2.611281822395833,1.1440478020833333
2025-04-05,13313788.376736112,52877738.36777489,2.4716348380555555,1.7104424166666667,2.626434002673611,1.2018077812499999
2025-04-06,13922731.144097222,53802532.513922386,2.4258272816319444,1.62464840625,2.630480511909722,1.045392326388889
2025-04-07,13783051.934375,48704605.26228451,3.0762135139930553,1.6345238993055555,3.164874980277778,1.0104849201388888
2025-04-08,13565787.03125,48349962.10149848,3.3448742936458333,1.6067385868055555,3.3305681390277777,1.1492317430555556
2025-04-09,14355247.082291666,49988619.29401073,3.3579330984027775,1.5535036041666668,3.4803303447569447,1.0729672638888887
2025-04-10,14620288.454166668,51294148.757450275,3.2959484448263887,1.5867034652777778,3.2380396923958332,1.1232033784722222
2025-04-11,14636269.059375,51622261.05632912,3.309456530451389,1.6657319965277777,3.3535599466666666,0.9813887395833333
2025-04-12,14301419.33888889,51953391.86235948,3.278843912986111,1.7708141631944445,3.2295718139930556,1.0314982534722223
2025-04-13,13882038.010416666,51281564.267681666,3.2844819628125,1.9114221666666669,3.1233907572569444,1.1873665486111111
2025-04-14,13772059.580555554,51116272.27127458,3.199790577604167,1.873551826388889,3.0682866719791666,1.0459367187500002
2025-04-15,13747040.216319446,49993128.07821432,3.2250281363957596,1.8306952120141342,3.1923508880918727,1.1140589409722221
2025-04-16,14220758.656944444,50374198.94821244,3.0543511602430558,1.7203094166666668,3.1189226410416664,1.0973544965277777
2025-04-17,13943160.791319445,50503815.89645807,2.9317244709027777,1.6626731215277777,2.998022317951389,1.1169521597222223
2025-04-18,13960251.710416667,51429962.575045966,3.2483618252430557,1.7274072847222222,3.2205539466666666,1.0644503819444444
2025-04-19,13635374.269444443,51054485.21745966,3.378494564722222,1.9811744097222221,3.230962527013889,1.1406501770833333
2025-04-20,14017121.863194443,54362258.24980638,3.5214333643055555,2.2078344479166665,3.266995660625,1.1612445486111111
2025-04-21,13482874.855208334,52414781.74465068,3.7698126621527774,2.408077489583333,3.4844978187847224,1.1349042569444443
2025-04-22,14658235.180208333,56046897.386297196,3.646055317083333,2.223624479166667,3.5726770620486112,1.0671994791666668
2025-04-23,14448449.105555557,59073300.66241303,3.740075322569444,2.6064447291666664,3.465499058298611,1.2217088923611112
2025-04-24,14754830.35451389,60346374.498532444,3.8950021338194443,2.9294947881944444,3.5522645590625,1.011618409722222
2025-04-25,15274206.55347222,65485182.193147115,3.847625678333333,2.8159140277777777,3.4079714536458336,1.1362288958333333
2025-04-26,15077557.096180554,64497864.85214545,4.110579366354167,2.9717585381944445,3.5948863615624997,1.1972475347222222
2025-04-27,14682870.930208333,60695269.28895518,4.047503348784722,2.9131585798611113,3.6401144427777776,1.1466238402777778
2025-04-28,14236044.626736112,59376734.45687279,3.577219894097222,2.553875472222222,3.4047377559027776,1.0091256354166667
2025-04-29,14313118.94201389,60793544.41722104,3.685260056666667,2.587650152777778,3.4167733400694447,1.0654279305555556
2025-04-30,14448802.844791668,59376664.948936224,3.7770865677777774,2.512206420138889,3.6535085698263887,1.138210871527778
2025-05-01,14467225.062847221,59999658.813187085,3.059432548125,2.5319337604166665,3.0551132454166665,1.295412715277778
2025-05-02,14130153.45,59257097.63444915,3.2095022735763887,2.7443678680555554,3.083785663854167,1.1608393368055556
2025-05-03,14158335.875347221,58045621.15975937,3.2154996751041667,2.601575954861111,3.1432101310763887,1.0710034409722222
2025-05-04,14898673.023611112,59193618.70097485,2.7866014597569446,2.146772576388889,2.8514281095833334,1.107225125
2025-05-05,14964541.176736109,59064627.348537005,2.9698908170833334,2.0390273125,3.067589563611111,1.1410836770833332
2025-05-06,14956222.636458334,58320774.2817004,2.8784840640972225,2.099277340277778,2.9274288685416665,1.1827883333333333
2025-05-07,14354478.94861111,56700588.5131011,3.129745275590278,2.164540809027778,3.1503847947222225,1.1647250729166667
2025-05-08,14499585.097916666,61632845.990393795,3.1830811797569445,2.328615486111111,3.0599060160069445,1.256065888888889
2025-05-09,14356090.054166667,66718096.99553749,3.5613774780208334,2.7393707291666667,3.294997256423611,1.1566082430555555
2025-05-10,14892914.509027777,75274693.85224906,3.3247684251736107,2.68445121875,3.025792725034722,1.0887604583333335
2025-05-11,14642561.462499999,74605588.75670795,3.9074492081597225,3.130217184027778,3.415688437048611,1.1307618819444445
2025-05-12,14631294.316319443,75401503.31125173,3.7970876818750003,3.3202463194444447,3.3720269732291666,1.078403017361111
2025-05-13,15146114.604166666,76294159.5012701,3.7517639913541663,3.23420878125,3.3801423463194444,1.0950279687500002
2025-05-14,15279696.610416668,77775146.06326275,4.164559567465278,3.5826970902777777,3.5736087052430556,1.1301701736111112
2025-05-15,15155291.075694446,73216467.60290074,4.174078808576389,3.6313500277777777,3.757597594305556,1.0424468541666667
2025-05-16,14686930.950694446,71249202.8833986,3.9793315139236114,3.2527995902777778,3.701016681979167,1.0894478958333333
2025-05-17,14406718.37986111,67202718.20267285,3.8375314400694447,2.9622159097222225,3.4461544798611112,1.0294777708333334
2025-05-18,14485416.780208332,68258878.82991886,3.785497299861111,2.8831852916666665,3.651718053125,1.1642387083333334
2025-05-19,14368323.320486112,65411215.427870445,3.874610977708333,2.855349260416667,3.6322596462500005,1.0600148437499999
2025-05-20,14376771.423958333,66253978.88338004,3.528517086875,2.964441416666667,3.322476432673611,1.0522436006944444
2025-05-21,14689070.290624999,69150124.43287526,3.7242485930208336,2.887253607638889,3.4230397664583334,1.0863157604166667
2025-05-22,15215222.320138888,74209852.77046458,3.9036877159375,2.8203716180555554,3.4923845046180557,1.0989390625000002
2025-05-23,14974803.304166667,72516773.41097048,4.111642028576389,3.2243459618055557,3.6272513415277774,1.064004326388889
2025-05-24,15108194.784027778,69278259.63568245,3.3266967208680556,2.9072310659722223,3.1397850418749997,1.072253482638889
2025-05-25,15716745.202777777,70203937.47805907,3.0168069890972222,2.5870822847222223,2.9565638776041663,1.1918435347222223
2025-05-26,15901836.402777778,71842040.85905635,3.1794510652777777,2.3804056631944444,3.090168454375,1.1107689166666668
2025-05-27,16147026.810069446,73052244.53690752,3.4579426039236107,2.301439565972222,3.273092797847222,1.062109548611111
2025-05-28,15902936.564583335,71999403.05840947,3.331066687013889,2.437568965277778,3.1781946866666666,1.1630699479166666
2025-05-29,15485429.823958334,70107870.29638986,3.6124666395138885,2.568909180555556,3.400738953611111,1.062449982638889
2025-05-30,16352335.925347222,68332367.14493674,3.238692890347222,2.0551469756944445,3.2925375508333334,1.0164363333333333
2025-05-31,15858062.693402776,63892832.090909876,2.868443101909722,1.9590740798611113,3.3393565390972224,1.1562836840277777
2025-06-01,15918296.230902778,64367977.65535453,2.841006831909722,1.984217111111111,3.318796272048611,1.2377386597222222
2025-06-02,16342891.313888887,65947010.19584635,2.813726221527778,1.980696079861111,3.2761794928819445,1.2339273472222223
2025-06-03,16053546.601388888,66858665.58592594,2.849405835659722,2.2777397777777777,3.1485767245833336,1.100031690972222
2025-06-04,16162484.336111112,66524193.31996282,2.9159522836458334,2.5408078090277777,3.163824801111111,1.0841651041666667
2025-06-05,16488194.887500001,65624607.44017279,2.8210799486805556,2.4105307118055554,3.3616546328819443,1.0972489756944444
2025-06-06,16278311.308333334,63546208.67674299,2.773429019236111,2.110165482638889,3.3514426338888885,1.167428673611111
2025-06-07,16188170.952430556,64812182.49274537,2.868459906736111,2.202144309027778,3.3744309414583333,1.3446877361111111
2025-06-08,15975809.614583334,64593423.87853607,3.534652502326389,2.3041368784722223,3.8129233957986113,1.1731656006944444
2025-06-09,16383950.448958334,66166204.96865645,3.491057184722222,2.3675127326388887,3.7649985151041667,1.233801923611111
2025-06-10,16716180.965625001,70225562.42881769,3.0915065407291666,2.5376630555555555,3.2444004711805556,1.2177743611111111
2025-06-11,16786580.079166666,71556860.15294318,3.1185403290625,2.5715791388888887,3.1852403205902777,1.1323564722222224
2025-06-12,17072877.00486111,69380975.33868474,2.881056436284722,2.4457264166666666,3.2065539934722223,1.036689326388889
2025-06-13,18000276.164930556,68370559.44593617,2.6572671699305555,1.9900399201388888,3.085233825034722,1.042339482638889
2025-06-14,18217706.00625,68980188.05595125,2.682195372465278,2.083723701388889,3.1317269550347224,1.297786861111111
2025-06-15,18402123.336458333,69651403.5282375,2.6445707807986114,2.090684295138889,3.1690901789236112,1.1501057951388889
2025-06-16,17478215.317708332,68281593.51472794,2.7116692518055556,2.088255982638889,3.1766974670833332,1.1861641944444445
2025-06-17,17459489.418750003,66008759.60547987,2.9891077322569446,2.3487480555555553,3.4474571526041666,1.1317740590277776
2025-06-18,18322005.805555556,67443718.21463072,2.833255337048611,2.1249569583333336,3.324452738333333,1.0600204965277777
2025-06-19,19323436.28263889,68990835.4858523,2.7001558435069444,2.0314438819444445,3.2497740115625,1.1490480763888888
2025-06-20,19693059.941319447,68722653.13534565,2.7166904007291666,2.0563174305555556,3.2491583722916664,1.118691795138889
2025-06-21,19171473.744444445,65595999.44289681,2.6668151087847223,2.0019044722222223,3.252445839097222,1.0860798888888887
2025-06-22,18532840.253472224,59796081.903817974,2.7707065667708335,2.0146856597222222,3.3069805601736113,1.0705325486111112
2025-06-23,18375543.486111112,59322667.73142313,3.0139557638541667,1.9798381284722224,3.496339891180556,1.0993562569444444
2025-06-24,17437946.09513889,59862376.061163515,3.195822772534722,2.1451650833333336,3.4436995414930553,1.1794303819444445
2025-06-25,17447877.407986112,59371473.40740928,3.2941193674652776,2.0696645902777777,3.521520231076389,1.1415338611111112
2025-06-26,17827130.30347222,59395873.031166695,3.2292414361458333,2.0344670208333335,3.6093942882638888,1.0312631354166666
2025-06-27,18002381.66701389,59903543.848035164,3.2024473227777777,2.09846753125,3.6114911459027774,1.051018454861111
2025-06-28,17855146.49340278,60104600.32897731,3.180944017083333,2.127457534722222,3.5334223677430554,1.3222326354166667
2025-06-29,17774674.304166667,60816650.06189879,3.2427783337152776,2.1867308819444444,3.471652263958333,1.302625076388889
2025-06-30,17981918.840625003,61786681.92802841,2.8861173364236112,2.24062584375,3.1814341078819446,1.221023232638889
2025-07-01,18203594.82361111,60675798.11959566,2.679042405451389,2.0004699305555556,3.121430796076389,1.1708543680555554
2025-07-02,18429857.425694447,62692599.921184555,2.5306501624305557,1.963661736111111,3.0735173565972222,1.1348533854166667
2025-07-03,18604627.735069443,66436631.39732014,2.736638676284722,2.180660315972222,2.8771706184027774,1.240480548611111
2025-07-04,17929494.6,61401528.621512994,3.3673436911111114,2.30269453125,3.419217138854167,1.1501245208333333
2025-07-05,18300977.89201389,61348849.63196533,2.6099895363541665,2.2246192083333334,3.0657828645833334,1.2094020069444444
2025-07-06,18588846.657986112,62632062.15681929,2.6152704054166667,2.287996027777778,3.070053106840278,1.261059829861111
2025-07-07,18022118.268402778,61034096.064598165,2.772657945798611,2.405201527777778,3.0939893407638888,1.173571076388889
2025-07-08,17936731.736805554,60724560.16714696,2.694748348576389,2.370308059027778,2.9737510035069445,1.2608697395833335
2025-07-09,18341882.095833335,64471688.922271796,2.6984076389930554,2.365633861111111,2.789301827048611,1.2237848090277776
2025-07-10,19315095.846527778,71163938.06655787,3.186046384375,2.600857920138889,3.050796704409722,1.2061532569444444
2025-07-11,19290950.156944443,76516752.51477021,3.502419969236111,2.8101041215277776,3.2617600522222223,1.0910089895833335
2025-07-12,19501613.516666666,76675430.0190231,3.4761598202777777,3.28996496875,3.1549558369791666,1.0660713715277776
2025-07-13,19006861.581597224,75509338.90220216,3.715930661805556,3.3695841493055556,3.418136843159722,1.1435595555555556
2025-07-14,18771906.033680554,76075433.02441731,3.5092804722916666,3.3414447256944446,3.3209167770138888,1.0861029930555555
2025-07-15,18834264.949305553,73984163.41960242,3.566972047291667,3.3731033888888886,3.3461487860069443,1.152210704861111
2025-07-16,19259628.68159722,79547172.70310494,3.6629528368055557,3.270100253472222,3.2944027978125003,1.2033139618055555
2025-07-17,20112337.68263889,84181565.8104375,3.7975011802083336,3.4010908611111113,3.3248900686805554,1.1059155381944443
2025-07-18,20203385.16527778,88418445.20489405,4.494419909409722,3.745303951388889,3.9489785326041664,1.0969439270833332
2025-07-19,20235186.769097224,86552792.5699719,4.586533506597222,4.047723399305556,4.126669572847223,1.1638331493055556
2025-07-20,20454412.95798611,91261394.09945251,4.697565470520833,3.861388777777778,4.1348517891666665,1.0938268159722222
2025-07-21,19921709.96215278,90362731.25047931,5.075261128836363,4.7894946509090905,4.375382889163636,1.0415136041666666
2025-07-22,20805713.820833333,91975305.1677002,4.880209268339769,5.144560260416666,4.261120565173611,1.1218024583333335
2025-07-23,21877837.082291666,94395637.8240176,4.660891618263888,5.018190131944444,4.097162932222222,1.0179640902777778
2025-07-24,21572075.494791668,87410371.07574648,4.018200682465277,4.4526615312499995,3.7619503302083337,1.0441735659722222
2025-07-25,21532269.277083334,85918790.86533312,3.999152143819445,4.459215940972222,3.8749780576041664,1.0169583472222223
2025-07-26,21781224.952777777,89738128.8642681,3.9215597079513893,5.100633881944444,3.6926021271180556,1.2575976180555555
2025-07-27,21784407.821875,90838443.30755824,3.991783828368056,5.2181086076388885,3.716938923263889,1.1893572118055555
2025-07-28,22032922.394097224,91468898.88334534,4.2375354621875,5.2647693263888895,3.8027262919444444,1.0787878784722222
2025-07-29,22386844.916666668,88506313.31194198,3.804635344375,3.9156164131944444,3.6422187588888892,1.131265326388889
2025-07-30,22539660.982291665,86268171.89079393,3.629524626111111,3.3123421319444444,3.5031242825,1.0853830590277778
2025-07-31,21965413.697916668,83947952.92495315,3.360722856458333,3.1292775173611114,3.343837069236111,1.1193267812499998
2025-08-01,21196746.921875,76888631.75535053,3.0998553150694446,3.115281361111111,3.2887070208680553,1.0349632847222223
2025-08-02,20472212.160416666,72446131.34720609,3.0859569706944447,2.9118866944444446,3.292872747361111,1.0950242881944443
2025-08-03,20767856.144444447,74253630.75647658,3.149011692326389,2.702887479166667,3.4035903927777778,1.3442984861111111
2025-08-04,20505224.934027776,75032354.68040325,3.1421704003819446,2.7659730520833334,3.4086078600347225,1.142140951388889
2025-08-05,20151945.88611111,73296446.70869412,3.1687024151736107,3.0330146493055556,3.2722020968055556,1.1079105555555555
2025-08-06,19669509.703125,71329267.07416221,3.0477736990625,3.0289775138888886,3.208535362638889,1.2557315
2025-08-07,20294170.42673611,75745445.96428072,3.1221332084375,3.20023690625,3.1817423740972224,1.1929557291666668
2025-08-08,20935557.272916667,81885493.95210999,3.215804457743056,3.408884083333333,3.1069859021180557,1.0838447638888888
2025-08-09,21207911.285069447,86501707.38313435,3.5682402939583335,3.1894655347222223,3.3487884715972225,1.1332313611111111
2025-08-10,21264923.64652778,86430428.90641484,4.121534208368056,3.3884350347222223,3.6013697559722226,1.1262381319444446
2025-08-11,21106062.944444444,84401144.8603866,4.127632470208334,3.4913921006944446,3.6403258179166667,1.0760606006944444
2025-08-12,20942308.377083335,83722465.02148956,3.3164477128819443,3.425415513888889,3.2307934968402776,1.1361549548611112
2025-08-13,22046874.56875,93030791.0652178,4.7333434428472225,3.1266156145833333,4.217853582048611,1.1134844340277779
2025-08-14,22692835.875694443,93919484.63384569,5.288633028263889,3.1932163090277776,4.621063867361111,1.0197355381944444
2025-08-15,21862186.439930554,86484116.97652346,4.746388330243056,3.3222786944444445,4.571171115937499,1.0656166006944445
2025-08-16,21659518.562847223,85263965.46654907,3.5123109487152777,3.464526739583333,3.699786820729167,1.1385459166666667
2025-08-17,21783044.993055556,88176971.93543649,3.672764837847222,3.5105999652777777,3.6955406750347226,1.1762956979166668
2025-08-18,21694574.79027778,84970429.59494588,3.999490426736111,3.308366798611111,4.060470501666667,1.0382168611111111
2025-08-19,21120383.262500003,80785673.92096986,3.9648807870138887,3.132903197916667,4.144764102152778,1.0404139479166665
2025-08-20,22012403.456597224,83776764.83015667,3.675155914305556,2.7141105694444447,3.9403320860763893,1.0672022048611112
2025-08-21,21807020.739583332,83723956.23814142,3.521139546284722,3.036915222222222,3.710321556041667,1.1911035555555556
2025-08-22,22263254.357291665,87234227.23666014,3.491543566493055,3.0334639305555555,3.657496631770833,1.1298109201388888
2025-08-23,23741320.516666666,98559513.63928875,4.4183893457291665,3.5573692222222224,3.812531194375,1.0864182013888888
2025-08-24,23585940.546180557,97104160.69034451,4.9603470495833335,3.863024017361111,4.206026351319444,1.1598881006944444
2025-08-25,22997652.984027777,90131261.36754519,4.856726065416667,3.7385075868055555,4.5815294127430555,1.05060946875
2025-08-26,22630297.863541666,86313217.75566255,3.5604222363194444,2.960795267361111,3.954034685763889,1.1364531736111112
2025-08-27,22123622.897916667,85811389.55564114,3.6305313639930556,3.23729265625,3.7957677809375006,1.133382017361111
2025-08-28,22262167.253472224,87464478.31433308,3.699681324479167,3.376527888888889,3.810752033333333,1.1161405486111111
2025-08-29,22758270.865614034,87165815.91199511,4.222820427894737,3.297660859649123,4.219602409578948,1.044726301754386
2025-08-30,22901299.398958333,86602096.54599704,3.341069257847222,3.278942600694444,3.624770130277778,1.1941864861111111
2025-08-31,23244381.304861113,88612915.28810295,3.221336787673611,3.3105882708333336,3.397242834236111,1.3567214340277778
2025-09-01,22534010.760416668,83991212.5541914,3.1765050832986113,2.834955847222222,3.3245103259375,1.126351034722222
2025-09-02,21703322.363541666,81655405.47494896,3.2714448496874997,2.7933942465277775,3.352604071284722,1.1623821770833334
2025-09-03,21755181.141666666,83641546.78603876,3.6792812329861113,2.8927343055555554,3.5475522275694447,1.2122624027777777
2025-09-04,21989341.21736111,83259380.68001734,4.004845319131944,3.090558045138889,3.838229939513889,1.1735081875
2025-09-05,21992460.564236112,83831993.2220462,3.6900708342361117,3.1061774166666667,3.6331092416319444,1.3554822569444445
2025-09-06,22786099.226736113,87053064.30481355,3.707137390416667,2.9523210416666665,3.5951377918055556,1.3471611597222222
2025-09-07,24040342.48298611,94250542.90312013,3.5884450362499996,2.815850315972222,3.448767892291667,1.2823220972222222
2025-09-08,26319349.132986113,106053521.31574276,3.9108871488888886,2.59815284375,3.705983764583333,1.0809390416666667
2025-09-09,26843788.703125,109997108.2507942,3.940168385416667,2.753793600694445,3.6273033642013885,1.1401338055555557
2025-09-10,26750407.159374997,110772162.58123773,4.172847169861111,2.9547183993055555,3.569544170104167,1.1718544131944446
2025-09-11,27339324.454166666,115064490.54836583,4.156649623333333,3.102190246527778,3.603956780173611,1.1870027152777778
2025-09-12,27700704.371180553,117356877.35904162,4.307396541354167,3.169413909722222,3.6838047995486107,1.178764482638889
2025-09-13,28658966.887500003,128025437.92208497,4.1625583299999995,3.4592139930555557,3.5477421626041665,1.1937617777777776
2025-09-14,29456898.896875,129157255.09710956,4.524605800659723,3.6409595104166663,3.9641138630555557,1.2536330868055556
2025-09-15,29058025.535069447,122715108.78122915,4.6114463055902775,3.4851921180555556,4.26882300204861,1.1447316215277779
2025-09-16,28708862.142361112,120735125.499678,3.960386762951389,3.3076546909722224,3.862368373090278,1.0856193472222222
2025-09-17,28307341.04201389,119575326.80425368,4.256531540625001,3.5462991319444446,3.994261724618055,1.1265627083333334
2025-09-18,30083088.74236111,135806230.86587644,4.295072956354167,3.4460349722222223,3.7244856636111106,1.1668625138888888
2025-09-19,29934377.767708335,135622207.3188737,4.594444338402777,3.258489190972222,3.905289930347222,1.0412423402777777
2025-09-20,27204478.409027778,118691952.70586044,4.929867898819444,3.445106878472222,4.451393785347222,1.2079536875
2025-09-21,26848928.527430553,115803641.16163956,4.5021085557291665,3.3398222916666667,4.215294547395833,1.2173263749999998
2025-09-22,26577134.708680555,107076695.39470989,4.4048140884027775,2.86392028125,4.179768730347223,1.1282692604166666
2025-09-23,25718782.203819443,103073532.53190967,3.9772637265625,2.764622704861111,4.0127056125000005,0.9688349131944444
2025-09-24,25174780.352083333,101403611.93026845,4.044683281979166,2.914813295138889,4.060923746215278,1.2326137118055556
2025-09-25,25158482.27222222,98259479.83322537,3.991303751215278,2.811741461805555,4.011942616840278,1.0896519131944444
2025-09-26,25182336.710069444,97364247.42751591,3.893092317013889,2.5151294479166664,3.956705216180555,1.0264339166666667
2025-09-27,24756293.726736113,96193639.59243259,3.942562310208333,2.864219913194445,3.8391774918055557,1.2067007118055555
2025-09-28,24659868.13090278,95219371.71890771,3.4796030747916666,2.8538495104166666,3.524769481840278,1.2429811840277778
2025-09-29,24739208.597569447,98082784.08437784,3.598839066388889,3.0757155381944443,3.493725221875,1.2293463437499998
2025-09-30,24664143.503472224,96054124.81812192,3.871576262534722,3.1293137569444442,3.7447408206597226,1.0324795624999998
2025-10-01,24821856.072916668,99855838.2722159,3.577252197569445,3.704607767361111,3.509634586597222,1.1430331249999999
2025-10-02,25166523.781597223,106560574.74584696,3.778455807152778,3.625141263888889,3.4540062852430555,1.0958940520833333
2025-10-03,25709354.565972224,109677554.18795031,4.4395146345138885,3.5549604027777777,3.731677390972222,1.2359061631944444
2025-10-04,26070985.482291665,110135679.15756187,4.099426761909722,3.4471399340277777,3.4813313026041666,1.2180127222222223
2025-10-05,26523649.45763889,112088371.97804135,3.7577359822916665,3.1771600868055554,3.3356044610416666,1.2076652708333333
2025-10-06,26959362.93125,115051033.68026324,3.632275765659722,3.0514926354166665,3.3027291739583333,1.1939008020833333
2025-10-07,27158729.35277778,116023763.79483949,4.274788800763889,3.3535808194444443,3.6228060281944443,1.0992733784722222
2025-10-08,25912766.804513887,107811914.96325502,4.1446156443749995,3.5861338472222224,3.849316996145833,0.9995557152777779
2025-10-09,25861583.99027778,104935872.33643602,3.9285557499305557,3.5734315138888886,3.6088225561111114,0.9852944097222223
2025-10-10,25077703.741666667,99195103.43047553,3.7327541176736108,3.294898631944444,3.438410398506944,1.0893117743055556
2025-10-11,16146775.921875,50157445.51181859,2.3279399680208335,1.305555527777778,2.346746191215278,1.063538513888889
2025-10-12,16278612.265277777,50342606.13173737,2.303052118125,1.1728097499999999,2.301159360173611,1.1024466145833332
2025-10-13,16608966.427430557,54911749.15742024,2.244927425069444,1.3438502743055556,2.331627137361111,1.038758920138889
2025-10-14,16148006.057638891,51979739.97107664,2.4158270208333334,1.5330145069444443,2.4373705872569444,1.049899829861111
2025-10-15,15717188.893749999,50333828.411814004,2.363246449895833,1.6031545729166665,2.435911836180556,1.03743715625
2025-10-16,16584422.487499999,51530879.07492633,2.575157985173611,1.6434656006944444,2.7274795008333332,1.0968326493055556
2025-10-17,17909553.326041665,52406283.77546229,2.9030763449305557,1.4967516666666667,2.9506117749652776,1.0568949861111112
2025-10-18,18543139.444791667,54227772.06876187,2.8193804072916664,1.4021956944444445,2.9096056308680556,1.2142657604166667
2025-10-19,18525215.684375003,55049284.39842203,2.5806950890625,1.3464065798611111,2.6979529085763887,1.0875188819444446
2025-10-20,18052016.027430553,55394760.430587515,2.3925471679513888,1.2512163576388888,2.540132895208333,1.1117698506944445
2025-10-21,17327838.69652778,52813642.73943628,2.412527222152778,1.3109208229166667,2.5017747745833336,1.058981871527778
2025-10-22,16817228.679166667,49920353.00038762,2.525921147708333,1.3277247847222222,2.650864195902778,1.0575435069444443
2025-10-23,17198764.33472222,50990897.051135555,2.5595383346875002,1.3589257048611112,2.6639445136458333,1.1342297465277777
2025-10-24,16873761.548958335,51381568.315058306,2.351602093159722,1.3915460868055556,2.42423702375,1.0926805243055555
2025-10-25,16297274.626388887,49913453.961379424,2.4870301224305553,1.4892102638888889,2.474206312048611,1.25278740625
2025-10-26,16553328.272916667,51863056.705994755,2.377153846354167,1.5394138402777777,2.3682725022569446,1.267300954861111
2025-10-27,16443222.509722224,52293450.820523046,2.2678978300000003,1.56986665625,2.1972819222222224,1.0868349930555556
2025-10-28,16304789.537152776,50939252.1856968,2.3055173775,1.5343374444444444,2.2480336288194445,1.0597289583333334
2025-10-29,15937819.749305556,49228844.8558067,2.5169399296527777,1.4228831319444444,2.497244425451389,1.2272171944444445
2025-10-30,15900707.951736113,46947269.37752286,2.823217542777778,1.4032794340277777,2.7850611122569444,1.02784290625
2025-10-31,17359928.17326389,50123918.844195746,2.4839230125694445,1.3383781527777776,2.5699093791319445,1.2622192569444444
2025-11-01,18113517.739930555,52934586.75925848,2.3518088318055557,1.4793092881944443,2.463990480104167,1.2971628194444444
2025-11-02,17842303.393402778,52670371.46411387,2.445335960659722,1.5302899895833333,2.5304105914236112,1.1269178854166666
2025-11-03,18010264.717708334,49055213.54762426,2.514130166111111,1.4185350104166665,2.5496841168055555,1.0170289166666668
2025-11-04,17951649.598958332,45942308.581968725,2.2495664250347223,1.4434374618055557,2.2447063634722224,1.0018373055555554
2025-11-05,17689778.730208334,45753164.96428819,2.264409477916667,1.4904136770833334,2.195531810659722,1.1055341145833333
2025-11-06,18901944.377083335,49547378.58305786,2.2774286938194446,1.4803007326388888,2.2911676499652778,1.070950267361111
2025-11-07,20794756.090972222,60964656.97219571,2.414756747291667,1.5453772812500002,2.5255580396180557,1.0545317951388888
2025-11-08,21645601.87986111,70534481.19029342,2.896277681076389,1.4006684618055556,2.798550650034722,1.15708259375
2025-11-09,20153059.180208333,63971841.634545535,2.998284568125,1.2805766284722222,2.8636437363541667,1.0885599409722222
2025-11-10,19250561.327083334,62201345.453888535,2.8927654846874997,1.4441789409722223,2.8563685080208336,1.015061795138889
2025-11-11,17903600.628819447,57064038.742442876,2.843351696770833,1.7071676875,2.8142508160416666,1.1528409409722222
2025-11-12,17070711.775694445,51724350.79960489,3.017491895347222,1.6963190312499998,3.066323924340278,1.2242164618055555
2025-11-13,16208067.911458334,47611274.48070176,3.0134823919097222,1.768352142361111,3.0331780050347223,1.1287105520833334
2025-11-14,16463515.192708334,46943680.0243785,3.147886821527778,1.8531044756944444,3.0844922586805557,1.0942681180555556
2025-11-15,16127196.856597222,46336780.3900018,3.271598497465278,1.7600147118055556,3.211230331041667,1.2550432256944444
2025-11-16,15994179.80138889,45003007.20570859,3.0328955694097224,1.6675342743055555,2.954653878298611,1.122620392361111
2025-11-17,15989856.679166667,44313721.20163355,2.9256090205555556,1.7046920555555554,2.885321911284722,1.0972983090277777
2025-11-18,15717471.062152777,42947197.183018915,2.606194035173611,1.764256517361111,2.5953242571875,1.2244970972222222
2025-11-19,15153386.793402778,40664717.75048315,2.5770784523263885,1.8424898125,2.4756173272569444,1.0646199444444444
2025-11-20,15299898.476736112,40986407.42854194,2.4953595959375,1.8155930173611112,2.406334982638889,1.0965537256944444
2025-11-21,16274072.622569446,39482391.69311905,2.300354081388889,1.6448742534722223,2.1908490517708334,1.0044821284722223
2025-11-22,17142672.801041666,39466421.19068412,2.133230445972222,1.5910717986111111,2.0981985833680556,1.1371105243055555
2025-11-23,17343262.578472223,40321400.38242769,2.0333370950347223,1.541144565972222,2.0476017953819445,1.1343430381944444
2025-11-24,18604720.932291668,42894820.155336045,2.0348515796875,1.55780146875,2.040523034027778,1.0685610729166666
2025-11-25,20094188.074305553,45761602.151973076,2.1197198225694445,1.5989635659722223,2.065791229826389,1.2072745173611112
2025-11-26,21006433.850694444,48261134.269955054,2.076969191111111,1.6599333402777778,2.005382659340278,1.0595148020833334
2025-11-27,20126328.875694443,47140438.855714835,2.0750590252777776,1.7183722083333333,1.9947989033333333,1.1155132847222222
2025-11-28,20555501.724305555,47589689.54851267,2.0520325030208335,1.7462054583333333,1.982495596076389,1.1662463506944443
2025-11-29,20702768.875694443,46882801.75230793,2.0578446757291666,1.6322550798611113,2.024192859305556,1.28210275
2025-11-30,20982239.095833335,47496106.11433449,2.015050569409722,1.6404860937499999,2.010368404375,1.119367767361111
2025-12-01,23073144.917708334,46851771.74483832,2.0460883155555556,1.2949498298611113,2.027477142395833,1.1076585902777778
2025-12-02,23365999.517708335,49790592.3951498,1.941998092951389,1.369679763888889,1.944186627361111,1.1312815659722224
2025-12-03,22528079.439930554,51898262.97606398,2.0295263340277776,1.5952652291666667,1.9372175682638888,1.2206502048611112
2025-12-04,21344390.630555555,49581277.7611697,2.060156102152778,1.99697103125,1.8788331271875,1.0968932743055555
2025-12-05,20403410.668055553,45165106.20883194,2.114614692777778,1.9503401562499998,1.9449590181944443,1.1021196145833334
2025-12-06,20658643.04236111,43758539.27204821,1.9896293971875,1.7740356006944444,1.9266160877083334,1.2790319930555556
2025-12-07,21050544.736805554,44551297.829237536,1.9981827265972223,1.6850427083333335,1.9405971737847223,1.1387805972222222
2025-12-08,21469837.172569443,45782603.59029607,2.0131568790277776,1.5996798194444444,1.9458564040277777,1.2046545069444443
2025-12-09,20263494.09513889,44118336.40802485,1.9851428389236112,1.7516961666666666,1.8780190513888888,1.1914124722222224
2025-12-10,19039520.636805553,42409489.1720775,2.080832726701389,2.084893222222222,1.9084050656597222,1.1363130555555554
2025-12-11,20243402.127777778,41645718.68269436,2.167804713263889,1.885275798611111,2.1041896505555555,1.1420338506944445
2025-12-12,23878572.74375,48489108.562663764,2.128118404861111,1.5064266041666667,2.114860218159722,1.1213885694444443
2025-12-13,24534879.26076389,49909859.106348544,2.0398850164583333,1.5510686180555555,2.0377957716319446,1.2542829409722223
2025-12-14,25188353.460416667,50109516.017062895,2.103853917013889,1.6076041423611112,2.0719947036458333,1.1097043229166668
2025-12-15,26267820.324305553,51132393.9226736,2.0367866146180558,1.5297880173611111,2.016141254270833,1.2960892951388887
2025-12-16,26264401.966319446,49825504.47933148,2.1648257708680556,1.4985237118055557,2.1247180613194443,1.1997745416666667
2025-12-17,25457404.211111113,47341487.919150464,2.179051457951389,1.6791229479166665,2.1238096868055556,1.1200202083333333
2025-12-18,24315665.719791666,43708518.95331241,2.132768770347222,1.5898142777777777,2.0908383530555557,1.088418298611111
2025-12-19,23883482.590277776,43240192.93456502,1.9614284680555558,1.5549300104166666,1.9625366745138888,1.1915567847222224
2025-12-20,23871994.871527776,43908335.19538982,2.0089409335763886,1.7264235694444445,1.9248461432291666,1.4619595729166666
2025-12-21,24051607.236458335,43318610.21055568,2.0350264507291667,1.6787740243055556,1.9230844719791667,1.1623044305555554
2025-12-22,24197883.49340278,43785332.661773756,1.9804475933680554,1.62597584375,1.885958922534722,1.2418963819444444
2025-12-23,25153687.22534722,44394216.279347375,2.027339806631945,1.57809075,1.9254090335416667,1.1348330416666665
2025-12-24,26467494.664236113,45862151.87548911,2.0005872726041667,1.5177678749999999,1.9209371488888887,1.1759246875
2025-12-25,27362881.00659722,47304717.45660032,1.9544693683333334,1.5889939965277777,1.8881297099652778,1.2095099340277777
2025-12-26,27614845.592708334,47389765.80532781,1.9357564055902776,1.438444795138889,1.836588329201389,1.2682033888888888
2025-12-27,26346397.923611112,46972462.293978184,1.9412732260069445,1.5204107395833333,1.8359761864583335,1.2075208090277778
2025-12-28,25297244.85798611,47377067.73952243,2.3226515621875,1.7028824618055554,2.1187784003819443,1.2708765416666667
2025-12-29,23916149.94652778,44412945.16718802,2.6452923234375003,1.70535378125,2.4487584930902777,1.2607579027777778
2025-12-30,22537424.103819445,40956806.41203054,2.7760259186805554,1.7512927916666667,2.6166279666666665,1.4157073472222224
2025-12-31,22339271.476388887,40314679.58792592,2.6726630000694445,1.7096749999999998,2.545288548576389,1.3157984166666667
2026-01-01,22572435.637152776,41957912.62451709,2.4569882921180555,1.7390729479166667,2.349146465104167,1.1580262465277777
2026-01-02,23917331.802083332,48410899.33434205,2.2868446480555553,1.7495168715277778,2.1132986641666665,1.1532079027777777
2026-01-03,22711472.16215278,48521273.8036373,2.4003362715625,1.7667136944444444,2.2503565653819444,1.1375563020833335
2026-01-04,22231098.813194443,47654327.85104662,2.333317251527778,1.803394954861111,2.197698487013889,1.2731838055555555
2026-01-05,21620809.742013887,46612546.028963454,2.2338543411805554,1.8293968437500001,2.0502320302430554,1.1522341111111112
2026-01-06,22157666.768402778,48804310.85010518,2.342756415590278,1.7831990694444444,2.1300028145138885,1.2264523229166668
2026-01-07,21873306.690624997,47564341.50426727,2.3199015760763886,1.8532034895833336,2.0777449396875003,1.0811365625
2026-01-08,21739168.475694444,46154242.66929958,2.240341078784722,2.0252718368055556,2.0632835578819444,1.1384265763888888
2026-01-09,21084154.679166667,44064216.418516226,2.253635057048611,2.0134147152777775,2.0469659723611113,1.2361193541666666
2026-01-10,20127788.06701389,42254166.081059024,2.1910520785416665,2.0243632916666665,1.9906271175347223,1.8900647118055554
2026-01-11,20225806.726041667,42365714.78510628,2.2200607047916665,2.0232217291666665,2.054440336631944,1.1549697743055556
2026-01-12,19875737.02638889,41269149.86087399,2.052164754027778,1.9826019201388891,1.9038263257986112,1.1232090069444445
2026-01-13,20659584.400694445,44504630.147674814,1.9587961343402778,1.9483779826388892,1.8250671577777777,1.1455914756944443
2026-01-14,21129015.195486113,47766152.045230396,2.3307029136458333,1.9369303784722223,2.0525689084375,1.2195907361111111
2026-01-15,19647961.33298611,42710272.381833434,2.7500325461458335,1.9583173055555554,2.370190324722222,1.1391801909722221
2026-01-16,19434104.838194445,41087599.35298426,2.434725186145833,2.012106920138889,2.209774927951389,1.244237517361111
2026-01-17,20415031.965972222,44394238.3723599,2.1703190703472224,2.110609951388889,1.9399968197222224,1.258088472222222
2026-01-18,20677778.923611112,44660663.105026945,2.4265853988194444,2.2328574444444445,2.130309504409722,1.19715109375
2026-01-19,19089720.871875003,37935117.14014831,2.3053143068749997,1.744825392361111,2.105943793611111,1.2252183749999999
2026-01-20,19268958.188194443,37906326.46907217,2.1223298940277777,1.7435375277777778,1.9391172020486112,1.1052380902777776
2026-01-21,19513663.905208334,37880061.62694824,2.1249707935069444,1.7373341354166667,1.9442387919791666,1.3127155902777778
2026-01-22,19142796.245833334,37204936.97759581,2.0805034736111114,1.7339922708333333,1.8637945850347224,1.1206263333333333
2026-01-23,18952996.171180557,36744688.31706283,2.0368188190625,1.7056744270833333,1.8478431688888888,1.2759810034722223
2026-01-24,18862191.72951389,36244047.61476561,1.9725393903125001,1.6301772048611112,1.7748064315277778,1.4758684583333332
2026-01-25,19346915.031944443,36293443.545163296,1.937782634583333,1.5506011701388889,1.734890889201389,1.3868931979166665
2026-01-26,20216418.69861111,37520931.94754235,1.9149496482291666,1.5576058541666666,1.7467838948263887,1.3590643402777778
2026-01-27,20461319.971180554,38121406.19551453,1.9748546780902778,1.5209336180555555,1.7737333136458333,1.2260189236111112
2026-01-28,20918414.152777776,38947822.83287823,2.0092976357638888,1.4978518680555557,1.801388503576389,1.1793949305555556
2026-01-29,21635284.35277778,38482924.83743466,2.032245786215278,1.4319215486111112,1.839409508888889,0.9922196909722223
2026-01-30,22501475.87951389,38273365.68203123,2.0334264454513886,1.45027715625,1.8396905621875002,1.2030437083333334
2026-01-31,23295303.577083334,37335577.7425822,2.0058454980555553,1.4926762569444445,1.7863544452430555,1.2320530520833333
2026-02-01,23766336.644444447,36326476.30177329,2.1683246484375,1.296984392361111,1.8677028450000002,1.072496625
2026-02-02,22905446.764583334,34917383.18717651,2.3462843848611112,1.254909798611111,2.096989957604167,1.1023091250000001
2026-02-03,23035552.328472223,34946950.350416295,2.3699514977430556,1.2754166840277776,2.0618543600347223,1.0346504270833334
2026-02-04,23616841.72465278,35136018.87370291,2.3291734772569446,1.2303137986111112,2.0256993944444446,1.0595484409722222
2026-02-05,24741882.324305553,34060403.34865365,2.211565051701389,1.1806246597222223,1.9070482499305557,1.1137733888888888
2026-02-06,22711303.04201389,29724524.558707386,2.027948472465278,1.0851796631944444,1.7550734592013888,1.1214226388888888
2026-02-07,21873447.502083335,29709647.46392262,2.0320499861458337,1.0729399965277777,1.6941946760763889,1.2176145625
2026-02-08,21388073.096180554,28953181.12228118,2.040994015625,1.0996036076388889,1.7221773657291668,1.2668209375
2026-02-09,22086196.556944445,29113769.394395933,2.051606170486111,1.1635293819444443,1.752790899409722,1.1950872152777778
2026-02-10,23419710.05277778,30101071.195192423,1.9693636306597222,1.1078348368055557,1.6991898292708332,1.0856740520833332
2026-02-11,24157434.513888888,30318902.261654835,1.8971181160069444,1.0637069131944445,1.6123753157986112,1.1479796493055554
2026-02-12,23708631.948958334,30286261.415415388,1.9375234107291668,1.072178392361111,1.6577128235069445,1.2131519131944444
2026-02-13,23861214.28611111,30809008.176774662,1.9678130691319444,1.1389171631944446,1.664625826388889,1.3694716840277779
2026-02-14,23271158.86909722,32000499.879805855,2.0067144322916666,1.1130066770833333,1.67842835875,1.4914159583333333
2026-02-15,23155548.714583334,32098519.906656783,2.0817836946180552,1.1179942222222221,1.7374952572916667,1.1344243125
2026-02-16,23690895.258680556,32158183.12683119,2.0938041002430556,1.105433,1.7742788475,1.3637746666666668
2026-02-17,24162698.639583334,32942368.332113665,2.0842702204166668,1.164821013888889,1.7738431319444445,1.22896459375
2026-02-18,24143145.987499997,32351393.672509134,2.0517510496180558,1.2134663819444444,1.748897905173611,1.4019104791666668
2026-02-19,25517651.359722223,32988899.385111127,1.9525814215972221,1.1512514201388888,1.6666084326736113,1.2946768472222223
2026-02-20,25797906.335763887,33801048.89656516,1.861725515451389,1.0702972916666667,1.5992224136458333,1.3907594409722224
2026-02-21,24965843.23923611,33970130.04379668,1.9897812036458333,1.0848446493055555,1.6995828366666668,1.465624704861111
2026-02-22,24108309.674999997,32035625.01351877,2.2566632776736113,1.16082015625,1.950843336736111,1.47046478125
2026-02-23,26254507.49861111,33437120.69373301,1.9506843386458332,0.9203570312499999,1.7013973759027778,1.1883412916666667
2026-02-24,26686209.150694445,33310918.970853653,1.8284109294791666,0.9595218055555557,1.5893054593055556,1.2856017534722222
2026-02-25,28117884.163541667,40453130.64687241,1.5243073620138887,1.0097852916666668,1.330681768888889,1.1369330243055555
2026-02-26,35883284.541666664,57324048.27937222,1.6293704167361112,1.0779511875,1.3911404037847221,1.1223528159722223
2026-02-27,33256027.613888886,53221076.88065493,1.9884017332638888,1.0441487534722222,1.7566952270486111,1.0741030590277778
2026-02-28,32578495.712847218,50370268.56698896,2.1508401320833332,0.9862771215277779,1.8895454485069445,1.1429700868055557
2026-03-01,32263872.533333335,50695403.55931765,2.2149082088541667,1.0417816041666665,1.9247896063541665,1.0579221076388887
2026-03-02,30953569.27708333,47498993.510194145,2.1774374552777775,1.0578652256944445,1.978520869375,1.0824940416666666
2026-03-03,30675460.894444447,46223086.011798166,1.9924611204861111,1.048818392361111,1.814772237777778,1.2227364791666666
2026-03-04,29884849.147916667,45870704.55801071,2.0488002800694445,1.1428990416666667,1.8507870361458332,1.1419479479166668
2026-03-05,28809461.464583334,43888742.03736898,1.9273114869097223,1.2279975625,1.6992908518402778,1.0862813055555556
2026-03-06,28442026.18125,42791934.14847859,1.878441704236111,1.171503048611111,1.6775998982986111,1.1998455069444445
2026-03-07,29701269.78263889,43913955.49589206,1.813584031875,1.1778203715277777,1.6085531297222222,1.2356809027777778
2026-03-08,29287711.340625003,42496100.62671033,1.872398885902778,1.1708417638888888,1.6937487073958333,1.3464464444444444
2026-03-09,29315991.072569445,43638257.53118016,1.9438770764930555,1.2158453923611112,1.7175356319444444,1.1992536666666667
2026-03-10,29297788.820486113,44301880.061557636,2.0595700758680557,1.28858896875,1.7898564849999998,1.135832142361111
2026-03-11,29000408.374305557,43760818.114929244,1.9197060372916666,1.2477958020833333,1.6436289780902777,1.20420896875
2026-03-12,29482555.938541666,44388466.25707994,2.0287648954166664,1.3399794201388888,1.7254439044097223,1.3575756597222222
2026-03-13,30551861.640277777,45989056.85812178,1.9898192320486112,1.4427251458333332,1.6737495166319443,1.0223591840277777
2026-03-14,34140729.89305556,48823255.14248122,1.7333030737500001,1.3879702048611111,1.5019425122222223,1.2741534270833332
2026-03-15,36761832.17430556,52169645.25413903,1.7294768286111113,1.2791632708333334,1.5298293413541666,1.3712076597222222
2026-03-16,33334458.280902777,52126916.83166455,1.4651605377430554,1.2406765034722222,1.2742780148611113,1.1961274166666667
2026-03-17,31982149.772916667,51357021.82335028,1.6948733871180555,1.2817893402777778,1.4516354829861111,1.2689858541666665
2026-03-18,31164011.081597224,49806243.71952264,1.8282945048958332,1.3033264756944445,1.5815683961458333,1.1854423888888888
2026-03-19,28891625.109722223,44290349.3404288,2.0447821979861107,1.2946576909722223,1.8439333010416665,1.3141497534722222
2026-03-20,27868341.382291667,42492257.3500543,2.0652052852430556,1.2643557986111111,1.8913454392013886,1.4065128368055555
2026-03-21,28559603.436805557,42820569.67263954,1.9291774872916667,1.2279797187500001,1.6691010566666666,1.6423191180555556
2026-03-22,29346799.841319446,42334111.87471491,1.702336998472222,1.1507337986111112,1.4794489496180556,1.3048213402777777
2026-03-23,29564735.038541667,42338795.28095874,1.5841838572222222,1.1947101875,1.368171421875,1.337530482638889
2026-03-24,32637465.550694447,45649410.27874478,1.5889646390625,1.2039729618055555,1.3647730336805557,1.1740804479166667
2026-03-25,34322450.16319445,47354935.68069041,1.6270041740277776,1.2190492986111112,1.3976640933680555,1.2759394027777777
2026-03-26,34916701.98020833,46303868.74472909,1.6693342602777779,1.1776156180555555,1.4365218055555555,1.4787135416666668
2026-03-27,33415051.150694445,43380277.527189404,1.6410183802430556,1.1637763020833334,1.4284374376041666,1.895146420138889
2026-03-28,33264348.438541666,42721228.085101984,1.6878142274999999,1.262390111111111,1.4645004981944443,1.6223333125
2026-03-29,34184548.16215278,43134805.19388518,1.7174403534375,1.2805549652777777,1.5026926250000001,2.254801513888889
2026-03-30,33848877.98020833,42726128.066833265,1.8034048199652777,1.2435144027777778,1.5737912550694444,1.5028668541666665
2026-03-31,34992819.24826389,43818476.728241906,1.8223313386458335,1.2621099861111111,1.5823527634027779,1.400378625
2026-04-01,34133330.13611111,43310487.86688865,1.848137441111111,1.2775460555555556,1.5926953160763888,1.5042757256944443
2026-04-02,34986810.45486111,42790885.645666525,1.846686297465278,1.2271522743055554,1.566515280798611,1.353605767361111
2026-04-03,34237384.39375,42638825.64722589,1.83444798125,1.2680298020833334,1.5836754434027778,1.863598986111111
2026-04-04,33449352.781597223,41734172.52766077,1.8796546173958335,1.2543604375,1.6206826658333333,2.657430854166667
2026-04-05,33228531.578472223,40931314.16734322,1.9864205805555555,1.292233170138889,1.7277725533680557,1.793782045138889
2026-04-06,33243688.759375002,42271979.55896494,1.9223582521874998,1.2847733333333333,1.6324160217361112,1.3985340208333334
2026-04-07,33201205.302777782,41078617.94151421,1.975579842465278,1.3264010243055555,1.7241012029861111,1.2309561770833333
2026-04-08,32966115.303124998,42931857.802965246,1.9503025018402778,1.3505572569444444,1.616498506736111,1.4140406319444443
2026-04-09,32330067.364583332,40995493.16990942,2.0336036669444444,1.3720979166666667,1.7122023192013889,1.3672550104166665
2026-04-10,30990975.587847218,40310484.1604024,1.9459828395486112,1.3087013402777776,1.6646209299652779,1.4290339444444444
2026-04-11,30358332.72118056,39064226.313855484,2.0802160344791667,1.3526615625,1.7792700388541667,2.1937080902777777
2026-04-12,33494871.73680556,41282242.25314011,2.0810490571875,1.3764786666666666,1.7880421561805555,1.3231411388888887
2026-04-13,41598545.15625,49370898.6198714,1.897625202916667,1.1713291319444443,1.6410499439583335,1.27066415625
2026-04-14,44633272.99791667,52644222.57831493,1.9370898431944445,1.240200888888889,1.6623748203125,1.3499435208333332
2026-04-15,47338831.11354167,55367813.10940237,2.054680291875,1.3095882847222222,1.8135546701388892,1.4917558993055555
2026-04-16,42417585.703819446,53662857.362471625,1.8656601171180556,1.2915843680555554,1.5995707571875,1.1680742083333333
2026-04-17,37940879.996527776,50123579.40575541,2.0469536537152777,1.336719232638889,1.7245182675694446,1.2467896423611111
2026-04-18,36667710.36354167,47755233.57212108,2.14581581625,1.4671945,1.8361257848263888,1.3068443715277778
2026-04-19,35832771.28125,45344877.27395463,2.2601602186458334,1.775188375,1.9711342924305555,1.6580507743055555
2026-04-20,35349934.97708333,44713671.693438366,2.405967261597222,1.8663573090277776,2.0913541773958335,1.9778122986111113
2026-04-21,35168729.55173611,44854448.801109344,2.4752794310069444,1.7338164791666668,2.1070655781944447,1.5380486944444445
2026-04-22,34317394.322916664,44381678.01923733,2.415115495590278,1.729466875,2.078687375625,1.4537452986111112
2026-04-23,34321899.08055556,42766238.19870068,2.321628887673611,1.8361089374999997,1.987725879652778,1.2716576388888887
2026-04-24,35264864.68923611,43972277.1974087,2.131109602013889,1.837339888888889,1.7860625924305558,1.6136482187499999
2026-04-25,33689619.82083333,42332882.66070851,2.1921781722569444,1.7222021666666665,1.8400373070486111,1.6310225277777777
2026-04-26,33367213.064236112,41990966.26752437,2.1179281669444445,1.7958933750000001,1.775131514861111,1.6617837916666667
2026-04-27,33953170.407291666,41949894.53259162,2.171900502013889,1.7724849409722223,1.8088483921875,1.3277595104166666
2026-04-28,34722780.27881944,42643493.14465817,2.066884752326389,1.7766346145833334,1.6810328227083333,1.6702950763888889
2026-04-29,34131039.10520833,41815928.87109873,2.0426372827777777,1.7296890173611112,1.6666546894097223,1.2989793784722223
2026-04-30,34282826.050347224,41478064.06961733,2.007086255590278,1.7079356145833333,1.6526197397222222,1.30839728125
2026-05-01,35174996.864930555,42474299.29441925,1.9752803628125,1.8080487013888888,1.6390088606944444,1.4492142083333333
2026-05-02,36253369.28368056,43878816.35135844,1.9776865028472221,1.9040762638888888,1.6389482029166667,1.714545326388889
2026-05-03,35861989.282291666,43454597.66368079,2.0417575424305556,1.91218459375,1.6719442861805556,1.64018109375
2026-05-04,35040320.421180554,43150993.229816824,2.03740205375,2.0351440069444444,1.6529074813541667,1.5500573125000001
2026-05-05,34435420.751041666,43396703.084014624,2.116600331111111,2.078056951388889,1.7450740873958333,1.397833736111111
2026-05-06,33563488.75486111,43873703.70058941,2.4999562519791665,1.9086938125,2.2026112910069444,1.213237920138889
2026-05-07,32564684.05590278,42681175.606822334,2.7532778450694444,1.9565762430555556,2.4223835393749997,1.1461839826388889
2026-05-08,32100331.360069446,42800696.895643614,2.7341545781597225,1.9761437222222225,2.3852339428819445,1.1509682569444444
2026-05-09,31927214.329166666,43422741.8959146,2.8567984715625,2.0096443715277776,2.445445762465278,1.6229841284722222
2026-05-10,31140179.47013889,42394259.58749564,2.8458317405208335,2.1188118159722222,2.470592560902778,1.2827843472222222
2026-05-11,30093101.002083335,40992087.38475041,2.9134269785416667,2.1079830902777776,2.517896342847222,1.2934131249999998
2026-05-12,29157386.771180555,39045294.9224516,2.7650004863541664,2.06267378125,2.385611242986111,1.199365048611111
2026-05-13,29205937.469097223,39778907.63664076,2.7641450966666667,2.068909024305556,2.390998707916667,1.2569790798611111
2026-05-14,28987762.097569447,39206841.05447053,2.7562682027430556,2.121133506944444,2.4883547575694447,1.2878871180555556
2026-05-15,29074003.633333333,38696473.930231445,2.821176151840278,2.153514111111111,2.531551321215278,1.3282715277777777
2026-05-16,28939425.454166666,36994392.99780042,2.5751170972222224,2.173689840277778,2.236531673611111,1.6415330798611112
2026-05-17,28630321.964583334,36424195.48427899,2.2661707590624998,2.099642736111111,1.9591154313541668,1.5432340104166666
2026-05-18,28333621.841666665,34977326.64644037,2.1500345131597225,2.1356571006944445,1.7749511739583332,1.318115138888889
2026-05-19,28260917.624652777,34959860.59250643,2.0984781170833333,2.1679771076388885,1.7231315646874998,1.6205264409722222
2026-05-20,28620531.433333334,35491092.04785816,2.049109313611111,2.1113490868055553,1.6833061521180557,1.360827267361111
2026-05-21,28180194.168055553,35809857.03369798,2.1260926123958335,2.0659324375000003,1.7379954422569446,1.4432425694444444
2026-05-22,28830419.943055555,37735208.424606815,2.453127359097222,1.8365058784722221,2.1048062668750003,1.17197415625
2026-05-23,27535379.879166666,34427307.89556219,2.5912176700000003,1.913504704861111,2.2236084269791667,1.2835479305555557
2026-05-24,25484633.054513887,32354847.63608149,2.3711556221180556,1.9310308333333335,2.0240139319444443,1.2754699340277778
2026-05-25,25742734.327083334,32565409.510451004,2.2778959708680557,2.052190138888889,1.915527156701389,1.33756509375
2026-05-26,26091522.481250003,32812232.4172879,2.2448095668055554,1.9707769409722222,1.8635499212847222,1.251626579861111
2026-05-27,26069828.909027778,32730107.69723626,2.3684826038194444,1.7529282847222223,2.0162603579166665,1.2075796041666667
2026-05-28,27377980.52152778,32980953.386253674,2.302019331840278,1.4853607500000001,1.941996676111111,1.1715369583333333
2026-05-29,28418916.642708335,34272112.7993641,2.2420173412847224,1.5147218923611112,1.8729863517361112,1.1022190416666666
2026-05-30,29419353.013541665,35227644.82003157,2.2703929422916667,1.6263998159722222,1.848441651215278,1.3895610694444445
2026-05-31,31066737.519097224,36786722.695729665,2.1845359527083335,1.6748347048611112,1.7686881385069446,1.3382219756944445
2026-06-01,31314785.65868056,36497569.71785935,2.2025125101041665,1.629602079861111,1.7663015368055557,1.1054712638888888
2026-06-02,31324901.258680556,35220261.03127851,2.2466316573263887,1.663829013888889,1.8030645736111113,1.0682001180555556
2026-06-03,29681086.805555556,32768046.60347196,2.2587274375694446,1.6182233645833335,1.8339990003472222,1.1081487847222222
2026-06-04,28271235.47777778,29763887.48231508,2.2244560137847222,1.5421684201388888,1.7944658825,1.033784361111111
2026-06-05,28363084.702430557,27840787.978420116,2.210024536423611,1.3619652847222221,1.7750499409722222,1.0102047569444443
2026-06-06,28934608.565972224,27157943.965061203,2.1992658241319445,1.4442955798611112,1.7615122910069445,1.0917659618055557
2026-06-07,28861123.124305557,27752202.365527797,2.227223488090278,1.5860553159722222,1.7855969728819443,1.1660499965277777
2026-06-08,28400482.070486113,27656825.535497192,2.2107921203472225,1.6785622881944446,1.7430569021180555,1.3419855104166667
2026-06-09,27624588.514583334,26545540.785749923,2.238376922013889,1.652203204861111,1.757848962638889,1.3367417430555557
2026-06-10,28364221.467708334,26582246.646886393,2.196219366388889,1.6551266284722221,1.7440488927777777,1.1353493194444444
2026-06-11,28610261.833680555,27105122.922283277,2.115745414618056,1.6785501458333334,1.7038382252777777,1.8369746493055557
2026-06-12,27819318.81736111,26590587.497737586,2.2060062036805554,1.766118951388889,1.74471579125,1.370524576388889
2026-06-13,27798076.923958335,27184300.68870925,2.2073548112152777,1.6737896076388887,1.7780769167708332,1.891556440972222
2026-06-14,27756205.43125,26859399.579338342,2.2682016305208332,1.7974175416666667,1.7952420383680554,1.5600892256944445
2026-06-15,27770320.688194443,28151984.710620042,2.1663564468402776,1.7025571145833334,1.7076553272916666,1.4346041805555556
2026-06-16,27765740.66527778,28107561.7865419,2.227097738888889,1.6382557743055555,1.7977831569444445,1.550517170138889
2026-06-17,27430479.713541668,27876312.336789824,2.3529543285416668,1.645279684027778,1.910080818402778,1.112487423611111
2026-06-18,27113515.68888889,26461429.093872882,2.3219212292013887,1.7387053472222223,1.8690555199652776,1.3478206458333333
2026-06-19,27270882.809375003,26175758.211550303,2.2013286970833335,1.6407492430555555,1.7751709677430556,1.4002178576388888
2026-06-20,27540149.03611111,26513941.142956264,2.137409850069444,1.57990634375,1.7370912669097223,2.8153193090277777
2026-06-21,27735675.232291665,26740740.157933585,2.1998272544791666,1.669797454861111,1.7688232801388888,1.8068628819444446
2026-06-22,28101609.0875,26867223.561226178,2.0819545321875,1.6270538611111112,1.6540472697916666,1.400303215277778
2026-06-23,29081197.809375003,26473457.55316801,2.0099350553472224,1.684381222222222,1.5853917604861112,1.314233451388889
2026-06-24,29314880.349305555,26171479.665757444,1.9419814119444443,1.7196359027777777,1.539110753888889,1.3915583715277777
2026-06-25,29272194.77465278,25441871.85597897,1.924384961423611,1.7208792395833334,1.5273587289583332,1.359668625
2026-06-26,30204690.81006944,25394366.860164244,1.8548434956250002,1.9951937881944444,1.490890024513889,1.3373237708333334
2026-06-27,29696310.3,25316028.211232528,1.83818046,2.202881,1.47220277,1.195866
