date,oi,oi_value,toptrader_acc_ls,toptrader_pos_ls,global_acc_ls,taker_ls
2021-12-01,1353433.9696180555,65773079.79703931,3.766957346065443,0.9972470219381945,4.46301655263202,0.998164452290625
2021-12-02,1363033.1108680556,64419461.38032913,5.353319966586144,1.0052808415468748,6.123195170003608,1.0034576502416668
2021-12-03,1399150.8138541665,65027172.60764245,6.205838056274754,0.9947803395114584,7.124304764550432,0.9936784760506945
2021-12-04,1205815.5922456142,46840248.0082108,4.174516825237683,0.926556659665614,4.614001341644623,1.0571786655263158
2021-12-05,1205209.2421527777,47142355.20779232,2.936999265384294,0.9614385995763889,3.1759961117791695,1.0751096357895833
2021-12-06,1146629.392986111,43103391.08539953,3.270750793797992,0.9750845205954861,3.443321941816638,1.0767179201166668
2021-12-07,1162568.3935416667,45839609.36256364,2.8818946652571817,0.9680071472145833,3.0831701584156694,0.9854324581409722
2021-12-08,1172848.3660069446,47326042.83758508,2.499053991839846,0.9671861048739583,2.715617144421183,1.039418877198264
2021-12-09,1178584.7530208332,46311023.11537358,3.031085194408091,0.9591430225739583,3.223268572889815,1.0568723809097222
2021-12-10,1162502.1955902777,43709920.19770761,3.7198897123799233,0.953747138745139,3.971536081784797,1.0629761065854166
2021-12-11,1136136.5101388888,42518743.0712566,3.2756026658331145,0.9673586897079862,3.533646167853664,1.1357507294545137
2021-12-12,1146692.9219444443,43192476.26170345,3.1044995920048746,0.970031238751389,3.3156025868637586,1.0870390103131944
2021-12-13,1185012.2481597222,42560341.4317587,3.8340015727411654,0.9691146292604168,4.035761621555102,1.0737054424479167
2021-12-14,1227592.8094791668,42703613.36592422,3.653731803645153,0.9647748629593749,3.9041259337000946,1.027944599523264
2021-12-15,1205676.4847038328,42229011.500354186,3.275631341419892,0.9707698834780487,3.490661213924642,0.9841720749452962
2021-12-16,1159611.4688194443,41792247.67636088,2.581050605080959,0.9785858429732639,2.789080198477658,1.030674433428472
2021-12-17,1171182.3832291667,40590168.12926151,3.563992451728616,0.9739386026538194,3.7850109364483737,1.066252432846875
2021-12-18,1180986.9174305557,41219538.06211117,3.115968408449652,0.9745485289545139,3.353927225990473,1.0684821999020833
2021-12-19,1164369.7912847223,40949084.67995206,2.598592191431371,0.9894120193680556,2.832977262080707,1.0906363735635418
2021-12-20,1159776.513888889,39816754.7524182,3.195997403094696,0.9871225790489583,3.527134661666441,1.0997888681874999
2021-12-21,1142410.3675694445,40018033.94271577,2.8138437088439785,0.9761414747138889,3.0306945544317276,1.0687695155236112
2021-12-22,1123566.8549305557,40297766.32268466,2.3843217283965448,0.9878804607576388,2.5995581391794564,1.075273629245486
2021-12-23,1128678.5272569444,40820847.69444841,2.5321532584436937,0.9809763880940972,2.84045358903505,1.0317389751010415
2021-12-24,1161890.7197212544,43912669.32489936,2.3439071180275555,0.9867452385487806,2.5805721828106263,1.056242670669338
2021-12-25,1151642.3487152779,43793163.638152406,2.54100833977556,0.9987405748798612,2.7769554265894403,1.1175036859118057
2021-12-26,1145242.6667013888,43031738.84427365,2.864255938141183,0.9899845019270833,3.260035089239274,1.019029568128125
2021-12-27,1161619.4734722222,44269728.3237107,2.9226840520292527,0.9934934687663195,3.348270098191888,1.0790439433524304
2021-12-28,1170993.4803125,41973927.248345405,4.532225631409827,0.9737079086756945,4.884699475531992,1.0145974682625
2021-12-29,1200272.219303136,41878043.81061613,4.892034796049494,0.9678737907271778,5.11291476118238,1.1004840943811847
2021-12-30,1188955.6808680554,40904883.68212293,3.8279405411386316,0.97423098686,4.248111110155096,1.0631132985262859
2021-12-31,1171653.739965157,40576619.96133011,,,,
2022-01-01,1165325.4868750002,40154978.35224103,,,,
2022-01-02,1165415.3723611112,40762505.55930852,,,,
2022-01-03,1172951.2468055554,40980830.13852124,,,,
2022-01-04,1167112.7814930556,40286859.71252731,,,,
2022-01-05,1181568.155625,40251045.209850535,,,,
2022-01-06,1187235.123298611,37292090.78253894,,,,
2022-01-07,1174786.2238541667,35956799.2908825,,,,
2022-01-08,1192607.6708680554,35910918.52125194,,,,
2022-01-09,1194048.0982638889,35467492.514727175,,,,
2022-01-10,1214696.9669791667,35280087.97575206,,,,
2022-01-11,1214416.974513889,35448451.01633163,,,,
2022-01-12,1192841.4372569444,36178620.6055947,,,,
2022-01-13,1205138.7628125,37364904.551615685,,,,
2022-01-14,1274035.0111111111,40496068.37415056,,,,
2022-01-15,1299688.890486111,42528445.79568996,,,,
2022-01-16,1270035.6177083333,41078091.15303162,,,,
2022-01-17,1238745.958576389,38716891.01175497,,,,
2022-01-18,1334880.774409722,42795121.69609329,,,,
2022-01-19,1454594.2604166667,47195781.54386373,,,3.863838286320044,
2022-01-20,1340827.7920833332,41731260.90896606,,,4.0077576989968335,
2022-01-21,1248777.1788541665,35175792.54132184,,,4.974143880496701,
2022-01-22,1204280.6831597222,29155842.20375242,,,4.127112577039916,
2022-01-23,1207334.1911458333,29408877.97005844,,,3.5669075062534614,
2022-01-24,1249501.6034375,29328526.51185691,,,3.175632139081428,
2022-01-25,1215583.211875,28837570.45219244,,,2.762429878169317,
2022-01-26,1130122.1702083333,27774286.190027457,,,2.870556872228062,
2022-01-27,1059605.0438888888,25449130.159638274,,,3.2051520585354725,
2022-01-28,1040752.0131597223,25497132.310317818,,,3.207244469697158,
2022-01-29,1019980.4672222222,25741266.80192253,,,2.904179759456989,
2022-01-30,1007188.5220138888,25457556.64416702,3.023616514895833,1.0062029664236112,3.005139051736111,1.1039152271875001
2022-01-31,995866.5178472222,24681415.738654334,,,3.09606965059986,
2022-02-01,1016217.1019444445,26478345.514452603,,,2.5648468860470093,
2022-02-02,1209765.4327430555,33406088.954507157,,,1.5484152951389958,
2022-02-03,1080908.136215278,28719531.78408358,,,2.389362525408826,
2022-02-04,1110538.6475347222,31507198.40237768,,,1.7693080408635964,
2022-02-05,1253467.8233333332,36809799.26229089,,,1.8118070414940928,
2022-02-06,1222653.6928819446,36089690.02414186,,,1.7627982400215567,
2022-02-07,1166013.6616666666,37005730.932619445,,,1.5364332592250571,
2022-02-08,1039840.3945486111,32949531.884722326,,,1.6036628128792225,
2022-02-09,1162501.6884027778,39014432.72247291,,,1.2863835789233529,
2022-02-10,1375851.0605902777,48661894.94770047,,,1.1798602571285401,
2022-02-11,1503393.5420833332,53543420.88192658,,,1.274151802127918,
2022-02-12,1391631.645,44598548.53241903,,,1.850741924010502,
2022-02-13,1416189.2539583333,46467137.81965641,,,1.629219822722863,
2022-02-14,1421523.6655902779,45147164.510346115,,,1.575295056899631,
2022-02-15,1430227.7189583334,46781784.314074576,,,1.5930897338249965,
2022-02-16,1380028.9176388888,44788724.595350444,,,1.756782013099131,
2022-02-17,1212991.6560416666,37770623.9049637,,,2.2239118885337072,
2022-02-18,1078683.8246875,31803739.032665603,,,2.5598391285732327,
2022-02-19,1069348.337673611,30565552.886635244,,,2.761849065340284,
2022-02-20,1086986.908263889,30039177.67867887,,,2.7605757350623223,
2022-02-21,1072608.095625,29120094.59376085,,,2.924133432695979,
2022-02-22,1132886.1566666667,29288119.291926585,,,2.8215477922307275,
2022-02-23,1121503.4214930555,30456847.10395958,,,2.4050334067270587,
2022-02-24,1209904.7136805556,30269437.136255503,,,2.563843231082254,
2022-02-25,1181162.9101041667,31658111.99048619,,,2.1283854864770704,
2022-02-26,1129099.5908680556,32710605.39130256,,,1.5981178143803154,
2022-02-27,1093723.1931597223,30867383.109553985,,,1.8927087234537572,
2022-02-28,1009824.9247569444,28282121.721482523,,,2.0195125454971894,
2022-03-01,1081768.1590277778,32646281.691255733,,,1.4690964389766303,
2022-03-02,1018138.2356597222,30366608.821253113,,,1.6647734267021783,
2022-03-03,1057697.363784722,31777491.849532705,,,1.7092551447260738,
2022-03-04,1030165.1063541666,29675189.0133835,,,1.9491686524740919,
2022-03-05,1094616.229513889,30126336.511714086,,,2.3691933682768633,
2022-03-06,1078761.5359027777,29383808.084080383,,,2.3316238532468816,
2022-03-07,699008.1027777777,18496298.368585005,,,2.6737277895099107,
2022-03-08,1038726.4852083334,27433394.06161687,,,2.35331631765707,
2022-03-09,1119785.6610416668,31100446.11588776,,,1.990518016725363,
2022-03-10,1078778.7542361112,28876049.46923221,,,2.6265920985765927,
2022-03-11,1089684.7467361111,28776781.439077433,,,2.797093109155759,
2022-03-12,1094247.1802777778,29016042.29912381,,,2.706586444071645,
2022-03-13,1108289.6547222221,29065509.466494225,,,2.9351076494327173,
2022-03-14,1141918.1026041666,29262301.986899268,,,3.0320823641223162,
2022-03-15,1110220.8891319444,28472329.784360155,,,2.8685100168157485,
2022-03-16,1124483.8878125,29619051.181433946,,,2.145109664419196,
2022-03-17,1121811.301076389,30432317.860495225,,,1.8095640788615093,
2022-03-18,1128807.715173611,30658855.536591563,,,1.8670770464408954,
2022-03-19,1458942.0843055556,44887266.92097663,,,1.192025899631871,
2022-03-20,2530028.290034722,93761263.62764312,,,0.7305058771218333,
2022-03-21,2756127.505763889,106309774.979123,,,0.7023946275251638,
2022-03-22,3308278.8466666667,142323620.38012755,,,0.6510800503433795,
2022-03-23,3540257.467013889,164156074.43869862,,,0.7065166421987106,
2022-03-24,3011905.9575694446,137692019.19007286,,,0.9185990648068098,
2022-03-25,2993072.6733680554,142620145.48478886,,,0.9491043014503331,
2022-03-26,2823800.4266319443,134792585.1749853,,,0.9740305957363302,
2022-03-27,2827576.8134027775,131378700.80699958,,,1.2104766429376514,
2022-03-28,2782188.011284722,133599176.12786804,,,1.3699942089018373,
2022-03-29,2726090.4369791667,133784754.72637436,,,1.3355920360739133,
2022-03-30,2573631.711701389,128594481.70081592,,,1.2605776968569053,
2022-03-31,2436389.105208333,118755625.71318966,,,1.4162981367551755,
2022-04-01,2059992.8045833334,95038213.82005103,,,1.4230103948706616,
2022-04-02,2099552.763159722,98011350.49720675,,,1.5232758828439377,
2022-04-03,2044175.8171875002,95008183.63405925,,,1.5116454761984333,
2022-04-04,2116716.5351388888,98833165.29420663,,,1.7976507220357851,
2022-04-05,1971340.828888889,90669582.30795404,,,1.7574919261929802,
2022-04-06,1793360.816423611,74312312.38507128,,,1.827389904327855,
2022-04-07,1948179.3482291666,80649701.61844294,,,1.6907748605969928,
2022-04-08,1963570.7587152778,82536059.95855099,,,1.5545947298096356,
2022-04-09,1919709.4537847224,80050371.08632451,,,1.6756241588984055,
2022-04-10,1883716.9217361112,78563477.64655209,,,1.723377084713478,
2022-04-11,1840809.9040625,70726490.78871758,,,2.04203331080807,
2022-04-12,1787551.267986111,67246861.09640396,,,2.1410290599308044,
2022-04-13,1814884.9437847221,68980495.2842885,,,1.900946717037272,
2022-04-14,1840975.4781944444,69557367.66611618,,,2.0491160615358797,
2022-04-15,1847868.2129166666,68638496.84650916,,,2.337601473928937,
2022-04-16,1908776.2979861114,72570507.44886339,,,2.2102575249979584,
2022-04-17,1899184.4271874998,71510927.85711296,,,2.3872066572189365,
2022-04-18,1802987.3638194443,64459747.129816264,,,2.7441796611431575,
2022-04-19,1756003.1626388887,64896982.69805959,,,2.6012644721745017,
2022-04-20,1726024.3819444445,63910253.56346672,,,2.8831516371514696,
2022-04-21,1710539.929826389,62616267.43423466,,,2.913914487126531,
2022-04-22,1699692.8222222223,59963978.32863658,,,3.051612272701548,
2022-04-23,1738879.6755208333,60931264.13263202,,,3.2052335302545734,
2022-04-24,1787568.9160416666,61314735.22993341,,,3.1484102588162033,
2022-04-25,1714455.7518402776,56019914.30616069,,,2.898331203628683,
2022-04-26,1638525.4754513889,53271763.4835437,,,2.946422356649,
2022-04-27,1677342.7668055554,52009542.39690685,,,3.4289399594879666,
2022-04-28,1663541.240486111,51845522.00922687,,,3.053537449624761,
2022-04-29,1680337.3924305555,50582299.92625364,,,3.0495669404198056,
2022-04-30,1728423.7681250002,49639082.986394234,,,3.5043201559010146,
2022-05-01,1732064.5593055554,46498021.52666646,2.3522658610271905,0.936186635,2.9388214890919775,
2022-05-02,1656753.2304166667,45457628.46025818,,,2.567662292293274,
2022-05-03,1635929.8741666665,44658099.317446,,,2.602095772644963,
2022-05-04,1599217.6603819444,45069211.62549022,,,2.63591196600512,
2022-05-05,1662574.9313541667,50435516.91215258,,,2.353466946575286,
2022-05-06,1574002.3793055555,43900575.705563344,,,3.4241992356869977,
2022-05-07,1538563.5703125,42287004.95153,,,3.319385648491012,
2022-05-08,1477019.558090278,39416560.7072713,,,2.985858475711297,
2022-05-09,1476423.7147569444,37210593.252793744,,,3.1748396782356476,1.0371317005597345
2022-05-10,1399610.781111111,33788090.25132011,,,2.5589342680641587,1.0291046152123458
2022-05-11,1350830.8327777777,30002478.701140292,,,2.718851752347339,1.0150809163133334
2022-05-12,1268759.6827430555,23562497.009511817,,,2.2501846401257137,1.0241380962895834
2022-05-13,1233170.0228819444,25653842.178213846,,,2.0088220186623538,1.0505822797520834
2022-05-14,1256974.423125,25871493.57171721,,,1.8762772440316071,1.1247203579555556
2022-05-15,1226222.2000347222,25836702.22580866,,,1.9039517181535541,1.1076847544288195
2022-05-16,1225560.5858333334,25884540.845423598,,,1.726922586498648,1.0682178061149306
2022-05-17,1204104.0702083334,25713893.587630507,,,1.7617323150434054,1.121238726765625
2022-05-18,1242128.7927083333,25786179.69019697,,,1.771155140658291,1.1900730582913193
2022-05-19,1325883.9305555555,26954040.94685112,,,1.6652227763812262,1.1193279865944445
2022-05-20,1306924.0841666667,26853215.3516157,,,1.721707237996201,1.086080491795139
2022-05-21,1304104.8432291667,26395649.95225594,,,1.8440972983268484,1.0481099223177084
2022-05-22,1294415.5135416666,26734235.80821834,,,1.8017848425756366,1.154114942815625
2022-05-23,1448907.8543402778,32059339.35743961,,,1.417979481657125,1.0620244651722224
2022-05-24,1570370.1537847223,35298531.51645988,,,1.5300698507353827,1.0728793840645834
2022-05-25,1878755.4198263888,45423215.26108111,,,1.2130850940434195,1.0530710038590279
2022-05-26,1569937.9590277777,35318687.31392658,,,1.8001273099024588,1.0927483627333334
2022-05-27,1607603.551875,36253877.84848097,1.4502714774810672,0.9073783945958334,1.46826736258018,1.0377266749524305
2022-05-28,1579539.329340278,35870847.942511745,1.4417900310645055,0.9192132440989583,1.4821030530164196,1.1045000445875446
2022-05-29,1578738.1227083332,36122837.16606822,1.3882860178266698,0.9188699412920138,1.405130285028121,1.0707945124899305
2022-05-30,1549981.8721180556,37439983.10560501,1.4684201470021085,0.9111705282756944,1.500968970518523,1.0211901533722223
2022-05-31,1533030.6999305554,36756462.903876826,1.5521401067642926,0.9159403876975696,1.5821204605975128,1.0373806134454862
2022-06-01,1490522.0065277778,34488097.77639915,1.6624750513933466,0.8855229656628472,1.7018980787786469,1.0044867048125
2022-06-02,1485511.3652777777,32744738.00691859,1.7095644442384548,0.8672346695427083,1.8003754985791847,1.0199310595513889
2022-06-03,1490479.368402778,32725436.946498528,1.6646144370662437,0.8676182551125,1.7692566784979287,1.0481011692923612
2022-06-04,1508482.1458333333,32917477.262946937,1.607030603695109,0.8784656630170139,1.72950531884233,1.0972423605065973
2022-06-05,1504755.8655555556,32925615.701611605,1.7461813738988012,0.8702682330440973,1.8829632052701086,1.1907072443072915
2022-06-06,1495823.4832638889,33844685.417478874,1.725202289352591,0.8910059166229166,1.80927706030079,1.0817329450708333
2022-06-07,1392541.1902083333,29795216.225404374,1.9223075235886624,0.873413737198264,2.034633754912274,1.0560283362979166
2022-06-08,1414913.4110069445,30271231.431014307,1.938070081819848,0.8680432200888889,2.045079454687413,1.0854970614750001
2022-06-09,1449916.2670833333,30904556.208330043,1.963360614513427,0.869099784721875,2.130044111361752,1.0674571176086805
2022-06-10,1463251.6230208334,30238042.128418427,1.9246599618898195,0.8598462517322917,2.0990645683416074,1.1498377972934029
2022-06-11,1513921.1027083332,29015475.884088323,2.117027034515461,0.848989347654514,2.2257076402404743,1.1704616416180555
2022-06-12,1678915.876875,29152457.751710724,2.296154778140744,0.8597132435256944,2.3199785159435624,1.0697577865003474
2022-06-13,1631074.1411805556,24368068.623809204,2.149018646873427,0.8489824758791666,2.142523606647965,1.0475931185913194
2022-06-14,1666592.597361111,24013616.36102446,2.086281504245287,0.8389705089895833,2.1349616173907915,1.096885516399653
2022-06-15,1687077.8712152778,23910913.191813424,2.1480051393423434,0.8482269266784722,2.2045976779835943,1.07303139634375
2022-06-16,1656110.9341319443,24315702.18080172,2.203994319642476,0.8722539463118055,2.1293051556396176,1.0707960924152777
2022-06-17,1742996.3851041668,24839987.189573526,2.1373280159257524,0.8595160517625,2.1478223531759535,1.0355035017038194
2022-06-18,1819704.1285416665,24819607.268458776,2.008944109482219,0.8645972594822917,2.0722615941629097,1.1349839054621527
2022-06-19,1836285.4936458333,26233742.13856341,1.7281002012146178,0.8939407247215279,1.8128866566616493,1.1034354150097223
2022-06-20,1559244.579861111,24265805.554315735,1.66880481635939,0.9227546893059029,1.729122279646474,1.0550437649434028
2022-06-21,1417489.8538888888,23211303.522074275,1.6325199771288004,0.9210247720986112,1.7244759385995185,1.0629633981340278
2022-06-22,1375525.188125,21319769.55341723,1.803127776606154,0.9403335725548612,1.8236247418521343,1.1377480039652776
2022-06-23,1328680.6510069445,20730219.171711005,1.8091575456463178,0.9616177648065973,1.9106724288232693,1.1245275152409722
2022-06-24,1320409.0121180555,21561926.789342806,1.8056094482485805,0.9898666866533679,1.8408017698208639,1.0605996913017361
2022-06-25,1305357.7936111111,21314474.66126354,,,1.8207961428815902,1.1426856121961806
2022-06-26,1295642.8015625002,21427090.728917554,,,1.7786579170956764,1.1454780195729166
2022-06-27,1360030.846423611,23030822.51146279,1.5784795686284483,1.013080400275,1.838379387326519,0.996606679478125
2022-06-28,1301646.9720486111,21062444.222478732,,,1.9476556504372924,1.0537403620649306
2022-06-29,1361262.1662847223,20833250.632247835,,,1.8817892457566323,1.0823206926506943
2022-06-30,1324742.062326389,19345543.48189672,,,1.9318290166256706,1.096683834763889
2022-07-01,1279392.348888889,18767351.364337355,,,2.1722939736000084,1.1041691996482639
2022-07-02,1246895.3827777777,18252330.49947045,,,1.9639396520772314,1.1683076611878471
2022-07-03,1168741.375972222,17090871.449510567,,,1.9518276059609734,1.1324460783114583
2022-07-04,1155078.3637152778,17162502.09962526,,,1.9389224438784167,1.19656704459375
2022-07-05,1125963.193125,16889279.413792536,,,2.0021443727179853,1.1080439240038193
2022-07-06,1101302.0116319444,16519133.022875262,,,2.0782168704566875,1.1252907033024304
2022-07-07,1136080.5852083333,17550660.829308663,,,1.8680652218237686,1.1764276013420139
2022-07-08,1169727.502951389,18480104.862829126,,,1.8232508768166167,1.0578226008677083
2022-07-09,1184459.041423611,18776107.314945593,,,1.9065164173796962,1.3263248223208333
2022-07-10,1210747.9854513889,18628089.994918544,,,2.00264285275767,1.182901918467361
2022-07-11,1271503.145,18753481.325702336,,,2.0617266574000226,1.1689614407506945
2022-07-12,1321342.5025000002,18711985.251693048,,,2.1464646510142416,1.1634240451090276
2022-07-13,1344426.607673611,18798504.479889665,,,2.2527655898027934,1.1802605989302082
2022-07-14,1341395.2783333333,19226122.37874558,,,2.0716381503043007,1.203834794543403
2022-07-15,1253646.5246180554,18646254.34917337,,,1.94516157117864,1.1377116663718752
2022-07-16,1372556.276875,21290255.65655164,,,1.7128397696544753,1.1296462890861112
2022-07-17,3508096.0466319444,67376715.72233452,,,0.5471864154536122,1.0787970319093751
2022-07-18,4289439.808576388,95135923.00041835,,,0.4712776948235427,1.100185526070486
2022-07-19,3665359.0052777776,93390768.82919824,,,0.6515034449731085,1.030725516434375
2022-07-20,3501149.572395833,86091372.08342215,,,0.7492191020682862,1.052620011428125
2022-07-21,3394832.5351388888,80979671.85498218,,,0.7459661080891072,1.050928233698611
2022-07-22,3454412.1397569445,88760637.29988769,,,0.7087505922379765,1.058375944115625
2022-07-23,4130409.9477083334,108735194.78385401,,,0.6664730509988256,1.0492144052565973
2022-07-24,3440684.8248263886,89075169.14066541,,,0.7705459355083364,1.051271262003472
2022-07-25,3387858.5655555557,83329555.56201476,,,0.8677615514530473,1.080918479975
2022-07-26,3250789.4387152777,77208192.45067099,,,0.7657941588232925,1.0510350354979168
2022-07-27,4591408.546215277,128321579.83700854,,,0.5290356890077409,1.0756471697336805
2022-07-28,5155436.770243055,184456488.28644717,,,0.48616505242513863,1.0308538011225694
2022-07-29,4681077.945659722,192122418.3496637,,,0.5658268547970655,1.0206232874288195
2022-07-30,4076993.6035763887,162085137.91896772,,,0.7027708369280947,1.0155522716874998
2022-07-31,4216744.894027778,166561305.82995316,,,0.7633980734092292,0.9979692941642361
2022-08-01,4085626.1246180558,146725016.38390717,,,0.8767502645001994,1.0663682212375
2022-08-02,3989931.637708334,140948670.6424375,,,1.0249708444215644,1.0083793518916666
2022-08-03,3893523.855972222,143987194.79236093,,,1.0798713560692719,1.0173864648927085
2022-08-04,3760640.118472222,133573153.18026559,,,1.2292836785949999,1.0023896610722223
2022-08-05,3696889.513125,135526529.42327687,,,1.207851731069313,1.0085218802236111
2022-08-06,3847001.777430556,146974574.895352,,,1.1160647592040274,1.0507467855774306
2022-08-07,3759206.7110416666,141915328.62130073,,,1.116669324430837,1.0283173930104166
2022-08-08,3823727.8055555555,145688693.58756816,,,1.2660997162159597,1.0345982769635418
2022-08-09,3594624.3796180557,132913978.81098369,,,1.3941548919728661,1.0107207538493055
2022-08-10,3776610.986666667,142666638.47950828,,,1.181870700375961,1.0381495805680556
2022-08-11,4562973.3503125,188648423.0346316,,,0.9324817286719489,0.9783485805347222
2022-08-12,4723479.072118055,199042094.85164085,,,0.9992719988960234,1.0311989888673612
2022-08-13,4743086.9695833335,208828917.74031192,,,0.9016246088964992,1.031244509584028
2022-08-14,4331284.808854166,184989189.0769651,,,1.0826246721684973,1.0219145886444445
2022-08-15,3827075.4370833337,159159899.45119944,,,1.248160728167304,1.0206100583493056
2022-08-16,3643782.3075347226,148831417.32095644,,,1.2906287126306741,0.9918388566725694
2022-08-17,3588746.9204166667,144888131.27391088,,,1.363495539473325,1.01967683058125
2022-08-18,3864764.900173611,157657599.29508582,,,1.1745830326615552,0.9932805119868056
2022-08-19,3318957.4277083334,118697548.2085445,,,1.2831891291165447,1.0019879439791666
2022-08-20,3136385.9098263886,104930779.1026128,,,1.3638434895951,1.0351661284142362
2022-08-21,3197915.3343055556,106422460.96597049,,,1.3776497120830447,1.0472753772576389
2022-08-22,3280631.151423611,106941810.96526395,,,1.418318764515743,1.050718630779514
2022-08-23,3426379.9015972223,115594950.00734515,,,1.3642902354173265,1.0561479683677082
2022-08-24,3560721.5095833335,122906823.57380131,,,1.3523940911849328,1.0523651104736111
2022-08-25,4134367.5818402776,152113959.85177773,,,1.0904328207095402,1.0492340169659722
2022-08-26,3964504.3600347224,142792047.32678497,,,1.1305125318967297,0.9967265184895834
2022-08-27,3771022.7057291665,125646722.82250436,,,1.237244719772159,1.0281390942885418
2022-08-28,3824652.8787499997,124686847.6124802,,,1.3524411617416112,1.0528731625197918
2022-08-29,3903576.179722222,124298679.9819776,,,1.3365776622428291,1.0788835061125
2022-08-30,3862965.603090278,127724343.33688132,,,1.2138580459130581,1.0018261022375001
2022-08-31,3823521.8584722225,125499016.1889147,,,1.2844418785660574,1.0499704269545138
2022-09-01,3847068.791354167,123705760.0319317,,,1.3535770537794658,1.0432131418069444
2022-09-02,3794098.190347222,124208056.70971128,,,1.308625137617747,1.0448004068288195
2022-09-03,3629355.9047569446,117333319.24283935,1.2430211402355649,0.8283015820599999,1.4794859807611958,1.036770637468403
2022-09-04,3708082.5214583334,119103342.65317607,,,1.6003517560207752,1.059640347575
2022-09-05,4597464.340069445,158579498.7784947,,,1.2121949994455286,1.0386962083017361
2022-09-06,6070047.82125,239236027.3608267,,,0.63628923744219,1.0320066129555556
2022-09-07,4763886.058298611,166432292.05103108,,,1.5158288407703011,1.030924026582639
2022-09-08,4442399.399722222,163290061.94093618,,,1.3863657522094663,1.017998579275
2022-09-09,4332282.25625,166975513.2094954,,,1.197065437481627,1.03820379288125
2022-09-10,4291536.917638889,167715956.79231122,,,1.0795871258151517,1.0251921405538194
2022-09-11,4029879.679722222,156099646.59185714,,,1.1493470300662751,1.041695176573611
2022-09-12,3911414.9796180557,149969950.89156967,,,1.1960699538565895,0.9937552328951388
2022-09-13,3559970.0452430556,131537498.5892565,,,1.3914274559081303,1.0274817731520833
2022-09-14,3363526.5357291666,124733209.03383817,,,1.5164678068978055,1.0306745944298612
2022-09-15,3937762.736631945,147233738.66434753,,,1.534040828403515,1.0237737390791668
2022-09-16,4234521.4825,143840449.6578915,,,2.000067817728187,1.0210128018732638
2022-09-17,4304058.701111112,146897812.45683518,,,1.9911628747754575,1.0392790845177082
2022-09-18,4346003.27375,143091662.16405213,,,2.1202516811027543,1.0061882303208334
2022-09-19,4349825.606458333,126811229.8592392,,,2.0964569887152775,1.034002664236111
2022-09-20,4388139.434895833,128630442.83638355,,,2.119592167048611,1.0794103178472223
2022-09-21,4320663.010833334,124342497.08547889,,,2.1263814278819444,1.035483284548611
2022-09-22,4438293.374375,125338328.04862314,,,2.31844835164379,1.042178276829861
2022-09-23,4252350.434409722,120430066.59643357,,,2.2789467020721137,0.9999755711715278
2022-09-24,3996892.364479167,115180542.79252005,,,1.98236908549701,1.0334025677135417
2022-09-25,3813241.420208333,109873995.54934587,,,2.030855111009467,0.9691940866836806
2022-09-26,3821944.7430555555,107596159.67809859,,,2.269279923431827,1.0760802171239583
2022-09-27,3769021.1433680556,108265326.69339518,,,2.0576285533970573,1.0316783884069443
2022-09-28,3922908.2265625,107577991.14508818,,,2.539284734694146,1.0422303846854168
2022-09-29,4007854.9727777783,110261365.07937124,,,2.422970224749417,0.9994559778767361
2022-09-30,3933235.4520833334,109123299.40491109,,,2.251750297263029,1.0503426394256943
2022-10-01,3852674.2466319446,106427765.124506,,,2.3378624720771075,1.1028582269784721
2022-10-02,3888494.4627777776,106312956.53782158,,,2.5275745825443607,1.1312884429725694
2022-10-03,3838673.201458333,104457672.4034996,,,2.569243386991583,1.0573675901947917
2022-10-04,3847468.0560069447,106385124.4897319,,,2.3722201799683824,1.0498310537194444
2022-10-05,3791006.392291667,104610126.13339642,,,2.302530561666891,1.0309300534774306
2022-10-06,3767629.028541667,105997464.58276385,,,2.1079470658612376,1.05220948665
2022-10-07,3750604.2061111107,103344000.33201483,,,2.649700172501107,1.0278537866493056
2022-10-08,3786870.960972222,103422402.81630346,,,2.914945948750701,1.0885314744746528
2022-10-09,3916838.9696180555,105577659.07405485,,,3.0773542704350234,1.0674658969163195
2022-10-10,4110079.930451389,107098264.5993541,,,3.1611852667024927,1.0297278919975694
2022-10-11,4051935.5305902776,97086891.6111089,,,2.9755406162752682,1.0292683575447916
2022-10-12,3945939.7887152783,94476665.11220066,,,3.0474013117526155,1.0756140177732638
2022-10-13,4036386.3311111107,91355074.82587402,,,2.6818664141446487,1.0187622634625
2022-10-14,3658004.0898611112,86841601.66192321,,,1.940572902659194,1.0661844202298612
2022-10-15,3635142.411423611,83417072.11031218,,,2.1175148498910836,1.162513047435764
2022-10-16,3598641.9124999996,82796604.51647078,,,2.300848136102605,1.0857557498430555
2022-10-17,3605954.370902778,84376505.69298273,,,2.2379752916041884,1.1149393227302082
2022-10-18,3576154.2061805557,84767348.49168438,,,2.031887237094079,1.0722115606979168
2022-10-19,3478656.2923958334,79973901.53498225,,,2.3388632708670105,1.1327107075427083
2022-10-20,3507799.7739236113,78225655.90062803,,,2.5309329521252777,1.0927406232614585
2022-10-21,3746191.3218750004,80765809.43731004,,,2.737703358048881,1.0862053169479167
2022-10-22,3864077.9067013892,86456252.7924492,,,2.123987196899702,1.0770720760420138
2022-10-23,3863703.900138889,89257348.83793789,,,1.582239672332914,1.0813621271815972
2022-10-24,3678741.7335069445,83630079.27324243,,,2.053930357284957,1.0878583536309028
2022-10-25,3602246.923298611,84062386.1616753,,,1.8972048234516532,1.0962529477711807
2022-10-26,3301692.7946527777,83412900.88679314,,,1.2930861174871882,1.043302466865625
2022-10-27,3129525.1293055555,78934601.56476349,,,1.4323305135356712,1.0612744545055555
2022-10-28,3007897.1096180556,74928319.45697564,,,1.5503194699230756,1.1219466102381945
2022-10-29,2953441.6656250004,76802945.42313357,,,1.433720938888393,1.1093904520215279
2022-10-30,2762499.2474305555,69416210.53373617,,,1.6748837931827014,1.1228549411697917
2022-10-31,2712739.910798611,65767387.273719944,,,2.020060584038162,1.0425922747135417
2022-11-01,2730694.922083333,66240538.87322596,,,2.1091461228223225,1.0711092250687502
2022-11-02,2803277.4752430557,66289182.594971456,,,2.2777869967932727,1.0224760693895834
2022-11-03,2699770.768715278,64696796.35226449,,,2.1483901191226447,1.106715558204514
2022-11-04,2594754.2574305553,65527166.42514043,,,1.7657159358238717,1.0429938924503472
2022-11-05,2588195.3678125,67688295.8956459,,,1.644824151828458,1.0646897994211804
2022-11-06,2597799.999826389,67824246.03336392,,,1.59974217088222,1.0329788566875
2022-11-07,2512142.3901388887,63260529.99250366,,,1.8994633958833242,1.0273916199559028
2022-11-08,2536879.4284722223,59213250.63134853,,,2.380426206528855,1.0092139803638889
2022-11-09,2496918.548125,51744042.114331745,,,2.363240893608808,1.0120490754364584
2022-11-10,2167339.560069444,45460314.53846552,,,1.8790915548314675,1.0551126571777778
2022-11-11,1876357.8869097221,40275540.27736833,,,1.7761286646238876,1.0411297585888888
2022-11-12,1827984.5333333334,37803161.83558587,,,1.9592379391327954,1.1249471940166667
2022-11-13,1898973.8355208333,38320111.055119075,,,2.2745856912025872,1.0811483412909721
2022-11-14,1975457.9165972222,39249914.24062767,,,2.3028854247503485,1.0486691408809028
2022-11-15,1916728.9223263888,39287152.19378065,,,2.098005591999653,1.0493758180805555
2022-11-16,1901209.2136458333,38341996.964271225,,,2.2783297783293808,1.0347670004611111
2022-11-17,1983122.1279861112,38897092.5711509,,,2.4340300166431055,1.0527087507284723
2022-11-18,2137438.2556944443,42012026.710511215,,,2.524535924376414,1.1009253642555556
2022-11-19,2385219.953090278,46083281.9219404,,,2.813344378496959,1.0872322248920139
2022-11-20,2351500.1492708335,44890643.541829996,,,2.8149545118233545,1.1285802114470176
2022-11-21,2495105.067673611,44415918.28228434,,,2.848500832619274,1.0824251020222222
2022-11-22,2326361.154375,42088981.94947353,,,2.4465083934609995,1.0712483156458332
2022-11-23,2238896.8177777776,43197836.37087105,,,2.210986156854611,1.0538041827309028
2022-11-24,2434077.699479167,49296691.51575257,,,1.5491277653137097,1.0869653713184029
2022-11-25,2360780.9723263886,47190948.07403684,,,1.629043221537516,1.1006320685232638
2022-11-26,2129802.687048611,43070057.72808546,,,1.6663060976373552,1.122615086632986
2022-11-27,2119731.3438888886,42458622.14619245,,,1.735726747143839,1.1409014948607639
2022-11-28,2235988.107291667,42593509.72479505,,,2.204328971230538,1.087245974648611
2022-11-29,2048025.3222916669,40004568.32903435,,,1.9128062918939672,1.1287432617138888
2022-11-30,2183045.2073517786,43656559.3275492,,,1.9018820675490724,1.1071713415422926
2022-12-01,2286869.94125,45544039.14723762,,,2.075084494087984,1.0877317170152778
2022-12-02,2428771.5521527776,47583057.52350218,,,2.418043783178013,1.121325672859375
2022-12-03,2443200.441145833,47777429.19382273,,,2.376125626853308,1.1433380509569444
2022-12-04,2487860.0802777777,48253533.05110412,,,2.4831266934246092,1.2118907087006945
2022-12-05,2456080.332291667,48386162.12723867,,,2.323346282990284,1.0879238964975695
2022-12-06,2445930.276388889,47404177.600839935,,,2.7113998230312046,1.1801393144256944
2022-12-07,2476439.6652430557,47018570.4456225,,,2.8177639147694946,1.1012329080399306
2022-12-08,2569935.616388889,48440668.38132595,,,2.7823935229884222,1.0566591960118055
2022-12-09,2514262.771909722,48247922.24625404,,,2.186205735196114,1.1456347867197918
2022-12-10,2470033.1435416667,47383406.81536902,,,2.160947416020537,1.2435780927576388
2022-12-11,2452126.818298611,47065337.720382825,,,2.135142549774716,1.234390777648611
2022-12-12,2528668.429479167,46418615.068100676,,,2.9832650797357774,1.145930166945486
2022-12-13,2495364.9811458336,46747434.28822586,,,2.5460174740157813,1.0772947614697916
2022-12-14,2375604.2077777777,45571222.658219844,2.150488110809716,0.8969703065811881,2.0182241272966213,1.0310051272802083
2022-12-15,2517401.347881945,46304307.15178685,2.7531728653380796,0.9014485838749999,2.9101865304700394,1.1311171672239582
2022-12-16,2690757.92,47281885.088738315,3.0859938917667042,0.8955982387552083,3.4662494355716493,1.0475679620621527
2022-12-17,2863579.899791667,45957885.36796839,2.781637183307595,0.882488332134375,3.156544917539214,1.1481712376593751
2022-12-18,3030099.4294444444,48437469.00284593,2.886951369386279,0.890758632301736,3.26748856417229,1.1976823566625
2022-12-19,3201498.003090278,50193912.948949374,2.857716577709967,0.8988007015538195,3.2142158522923006,1.0701198838100696
2022-12-20,3190033.0265625,50155081.4737173,2.6319023276079507,0.8855329545045139,2.9676272996174804,1.1069575817802084
2022-12-21,3346068.09375,54202552.92500488,2.030331418009318,0.9003065085152778,2.041514851683324,1.1092740832409722
2022-12-22,3386175.1361458334,55258769.05288538,1.8624891792269287,0.9003830738753472,1.8417405236476536,1.1103319605774304
2022-12-23,3095818.746527778,50766127.62370318,2.0701186493907087,0.9022157445333333,2.1196795568697193,1.1062115608767362
2022-12-24,3066036.206388889,50271612.13669269,2.0599208818793704,0.906734136396875,2.1038275307699,1.282908306848264
2022-12-25,3028435.4818055555,49068564.261449024,2.222604656359533,0.9261203616621528,2.2953024538443003,1.2401073085871528
2022-12-26,3054559.969756944,49290013.15270462,2.2912885122147872,0.9239859639006944,2.4525884917632386,1.1106990019291667
2022-12-27,3092915.931597222,49382332.68408237,2.443348409363216,0.9472037060739582,2.685225790939607,1.1388423855489582
2022-12-28,3231932.300590278,49703112.45813561,2.6903442831233058,0.9715805628072915,2.9894400664923935,1.0857142021694444
2022-12-29,3372848.293090278,52281201.05155387,2.245324864719553,0.9562632000527778,2.4709877588508613,1.0999288030649306
2022-12-30,3312197.197222222,51412516.47781683,2.260646613871761,0.9565898097482639,2.3494780693095,1.1270104959857639
2022-12-31,3244599.590798611,50975258.08401647,2.180329203615554,0.9541825377236111,2.3351568720987914,1.1967443064815972
2023-01-01,3162059.3170138886,49613246.14464295,2.2245865196241463,0.9631223331180555,2.2900947400480534,1.2423995012961806
2023-01-02,3168503.5357638886,50611378.43985427,2.159853663965439,0.9613471910649305,2.226716653709599,1.075699090598264
2023-01-03,3303209.3821527776,52663717.88047999,2.160852857571695,0.9717894840034723,2.201404012842657,1.1531606276347222
2023-01-04,4440725.709097222,80742845.2293933,1.0692956541867022,0.9643737111309029,1.060171671510962,1.0581519475381944
2023-01-05,5703156.709965277,107015568.93509048,0.6981062393839411,0.9588293588822917,0.5831511607109917,1.0273482730052084
2023-01-06,5027884.358194444,93696473.43997137,0.8279093913377927,0.9549987697194445,0.7564956951022093,1.0785318212
2023-01-07,5652472.649652777,113779744.77867284,0.6694964883464114,0.9705239611760417,0.6041873493916473,1.0804617871618056
2023-01-08,5254041.588784722,104614916.54610841,0.7723654868233466,0.9641405476711805,0.7516369457707827,1.0645611378319444
2023-01-09,4144919.441111111,86876548.42065516,0.9094349799849576,0.9661913769621528,0.9497468875150421,0.9997538587156249
2023-01-10,3648571.7503125,73475775.96821678,0.9847631785985528,1.0003516070625,1.0517758191723436,1.060802380792361
2023-01-11,3560012.2573958333,70860209.0333304,0.9844682560294498,1.0070483683319444,1.0371936422166739,1.0562616274142362
2023-01-12,3255670.0769444443,66873391.778817415,1.0046744753679526,1.0217566478881945,1.053431971615748,1.0622431116875
2023-01-13,3133148.281527778,66105615.041690774,0.9964051474832034,1.0218066036208333,1.0514430997676434,1.0095321276107638
2023-01-14,2751706.945104167,62427433.46625137,1.1183149901220222,1.0525125219020834,1.2008340820311105,1.0293888938427083
2023-01-15,2662672.4790625,58780882.118014485,1.271054595305783,1.0421784398229166,1.3247422580612915,1.07221592463125
2023-01-16,2489350.8814930557,54929304.06146267,1.323238779709163,1.0094668046934028,1.4143207952762957,1.0156358130809027
2023-01-17,2487481.6277777776,55252554.16567508,1.2558170209662376,1.0087383293666667,1.3135237099983774,1.019500947417361
2023-01-18,2386663.4951041667,51451983.65084295,1.3794103055133153,1.020727372076389,1.491475986178695,1.0942491055309027
2023-01-19,2261182.7332291664,46579761.19640831,1.396703759221393,1.0011650330215278,1.5406167438199072,1.1046952009614583
2023-01-20,2391229.433125,50298678.36452238,1.3214413867019923,1.044950260554861,1.4504731855137076,1.0960363261371528
2023-01-21,2527696.227291667,56434946.04492118,1.3490657246529887,1.0848947216958333,1.4114620396459177,1.0545556959527778
2023-01-22,2385235.9405555557,53206797.74393405,1.4131435751634926,1.0795349425166667,1.5271658504298165,1.0456101422319444
2023-01-23,2336057.2902083336,53424221.59279546,1.55698662652597,1.0843128623246527,1.6897256424486757,2.2457700625257044
2023-01-24,2319478.10125,52153544.95495201,1.671072079693265,1.0793851739506946,1.836291912181662,1.0269866888371526
2023-01-25,2140961.5675347224,45548162.97499469,1.7234500558180137,1.0602908532958333,1.9196414013702945,1.0508378289385416
2023-01-26,2127234.465486111,46698638.70981178,1.6396733266686874,1.0585784959503473,1.8271153083742329,0.979783762384375
2023-01-27,2146194.8989930553,46655943.27978831,1.7088321792356114,1.064382796928125,1.8568579751773195,1.066494001857639
2023-01-28,2165841.523645833,47335308.183542624,1.7606643687340073,1.065249933414236,1.9262482976404967,1.0261282359024306
2023-01-29,2288466.460625,51205658.185144916,1.5978580670325893,1.0421612893520833,1.7916077373413808,1.0317208284097221
2023-01-30,2175173.6170486114,48210245.87782801,1.692415357336697,1.0696322365815971,1.8439254509540584,0.9986195372059028
2023-01-31,2037277.9971875001,43940172.97328496,1.7493983977757983,1.1031717512166666,2.0220024521573987,0.9898173890920139
2023-02-01,2062159.8127430556,44460365.587023,1.6931198166760795,1.0980481565627178,1.9664422253084064,1.0216771226711805
2023-02-02,2262897.0157291666,51434956.493159704,1.6211536431219085,1.0629577950232638,1.7003204775766567,1.0359159227152779
2023-02-03,2651549.444583333,61617947.77060696,1.7826649506426628,1.042599977653125,1.9325752665381717,1.009637632898264
2023-02-04,2818713.584409722,66994622.123825125,1.7179296925295189,1.0477708743548613,1.8148442821020352,1.0019797556083332
2023-02-05,2666156.848159722,62221306.50894231,1.9684078051642828,1.070476092517361,2.0526008269134923,1.014216510523264
2023-02-06,2521940.6237152778,57122967.48340791,2.086203979247945,1.0777678994802082,2.303382526287889,1.05059468611875
2023-02-07,2551658.8624731186,57507343.61490457,2.0756531113719086,1.0674768784811828,2.421446702583867,1.0240104989962364
2023-02-08,2474717.4478472224,56598982.461938865,2.0521881217549995,1.0711591117625001,2.2219953643687496,1.002931584557986
2023-02-09,2292598.6418402777,50568899.46185675,2.1980235050226993,1.0397326451166666,2.426392339564466,0.9807285058697917
2023-02-10,2071542.9004166669,43650482.27168026,2.020922890735496,0.9794751574465277,2.323415626278039,1.0364597668690974
2023-02-11,2028390.4967708336,43152365.258781925,1.8583893237543512,0.9659929057000001,2.1196339141012306,1.1502322558482638
2023-02-12,2019641.183125,43132789.093910225,1.8855820552070672,0.9998204348732638,1.9723634167714674,1.0743844156850695
2023-02-13,2092377.1390972221,43098228.2707552,2.1033915683296636,1.0500694025850694,2.360475818542984,1.036461709485764
2023-02-14,2054352.8998263888,42547299.05726243,2.084963687480066,1.0832210288010418,2.308600489467857,1.1029175572041667
2023-02-15,2045472.485798611,43670302.90884834,2.029045994737203,1.0787084700170138,2.264092362588106,1.0646418899777776
2023-02-16,2028393.4547569444,45362984.48044308,1.833621296412063,1.0935769184690973,1.9280513992068942,1.075334524907639
2023-02-17,1967056.4452777777,43067773.217146024,1.8370312008307519,1.0616459485086807,2.06669316434955,1.0795380776829862
2023-02-18,2082615.7762152776,46947247.621428534,1.8060476342195575,1.0566524321496529,1.9057653560426724,1.1015443027364582
2023-02-19,2074901.3653125002,47153541.26601479,1.872386326894497,1.0741734914465277,1.9864944732741396,1.0071841896385416
2023-02-20,2165466.111701389,49679246.40321997,1.8731229366465019,1.1142177663000001,1.9608044148018517,1.034865189071875
2023-02-21,2286354.501909722,53275514.0937398,1.8524641624948401,1.1235679110493055,1.9216669776138002,1.0510781938299651
2023-02-22,2153869.226354167,48039611.95608048,2.1666850590711344,1.1033319948701388,2.338653822559521,1.0547033940996529
2023-02-23,2119811.954097222,47253934.0539034,2.080530257598869,1.1181280687298611,2.329301118972588,1.04697244291875
2023-02-24,2104803.779513889,45607761.62026623,2.301417083846598,1.1270344084604167,2.6343176580904117,1.0241010338777778
2023-02-25,2017011.084722222,42307547.35928096,2.4982304475340893,1.1237978061649305,2.8488119031893606,1.074541630223611
2023-02-26,2002824.7372222224,42455128.49653229,2.331124868891793,1.130081393117361,2.6655798477120234,1.183196279740625
2023-02-27,2022427.6083333334,42877301.94900927,2.21123628582161,1.1467921295416668,2.575163558817453,1.1274472587593751
2023-02-28,2022736.383541667,42752588.60845279,2.2634281557871585,1.1619795889888889,2.567637213478209,1.0473681643086805
2023-03-01,2041571.1208680554,43237989.001222365,2.0962880417025436,1.1844727438774305,2.4804363045908264,1.1434502331628473
2023-03-02,2190865.8380555557,45783611.1569338,2.4567946217271235,1.1513885001902777,2.921933214512411,1.142931121673611
2023-03-03,1999902.5340624999,39910197.70608845,2.4627349616289878,1.106921871286111,2.71127717723899,1.0442011212815971
2023-03-04,2027213.7129166669,40748471.48407444,1.9346426463451938,1.0962516961954862,2.133185619124871,1.1607868482104167
2023-03-05,2004859.3944097224,40123473.804401666,1.977068803371681,1.097119856517361,2.2375238495534813,1.1721796683555556
2023-03-06,2187720.8109027776,42695257.26774696,2.28125657736594,1.0977620454010415,2.5604513653517826,1.104925125973264
2023-03-07,2252953.593958333,43704377.80261589,2.2439973885853113,1.1166406641809028,2.554612422394575,1.0863617154451388
2023-03-08,2240926.2603472224,42049225.7623534,2.617130023906258,1.0976097629760417,2.9371200479615087,1.0109376614017362
2023-03-09,2169174.7487152778,39248253.444812104,2.671904825472323,1.0608357147802083,2.9634086653878313,0.9988781918652777
2023-03-10,2122775.5999999996,35893032.419964254,2.404297153901283,1.0066827745673612,2.6241731142744182,1.0468179160663196
2023-03-11,2088602.2569097222,35594855.56572917,2.2934006572371595,0.9969459458645833,2.429672319206906,1.048588617195139
2023-03-12,2219803.0568055557,38196380.074511774,2.2170469525529937,0.9934504919638889,2.282443940265105,1.0722159146006944
2023-03-13,2704551.7626041668,52448994.91725503,1.7392635617708334,1.1515364514930555,1.8613034218055557,1.0682984756597222
2023-03-14,2811660.701180556,55947719.47671524,1.7539102321207103,1.1868729036260417,1.921332333065326,1.040084727692361
2023-03-15,2635044.8905555555,51661727.06022979,2.1465561056304487,1.1887468852180556,2.2052018483688918,1.015541252484028
2023-03-16,2106533.9113194444,39053538.32593475,2.6110578149999704,1.1270485244614583,2.6925873899415738,1.023352261626736
2023-03-17,1978770.220208333,38245663.169569895,1.9208099226796247,1.104458800086111,2.103417523510544,1.0452087283611111
2023-03-18,2967003.234375,64500140.02529865,1.4273934792193672,1.1239685252722222,1.4953721645718487,1.0404752704163194
2023-03-19,2868955.069513889,60833483.126650624,1.591009416889929,1.1421420683201389,1.7344173475846079,1.025107694395139
2023-03-20,2516805.6153125,51483754.469299346,2.483263551217817,1.192195265915278,2.5495480547677785,1.0102511123479168
2023-03-21,2104421.2752430555,42380234.01715677,2.2774890644150254,1.1061406600545138,2.428582288918049,1.0488426342930555
2023-03-22,1944048.7008680557,39666566.52918568,2.0024292242393233,1.0855884255871528,2.0906795061363717,1.0139287383326387
2023-03-23,1857737.5701041666,38201284.28800697,1.6374268640101677,1.0890738847215278,1.7995575258992749,1.0607229529517361
2023-03-24,1843045.5026388888,37533256.84499125,2.305582333565232,1.1128191511024306,2.336170816319834,0.9657883706854167
2023-03-25,1824014.8901736112,36904101.084728144,1.9906981178559802,1.1141427957850696,2.075480132108993,1.0590876517677084
2023-03-26,1785824.6797916666,36070749.29227394,1.7509610737693917,1.1130131946211805,1.8899570880587815,1.1333521654204861
2023-03-27,1822550.4037152778,36089841.5127984,1.933019959057406,1.1209447859663195,2.065123112285411,1.0272861321270834
2023-03-28,1823721.003402778,36331456.69526963,1.4178906377520368,1.125485941792361,1.5451755967708936,1.0490827667586806
2023-03-29,1854490.2273611112,38147983.90883809,1.3628437820922696,1.1529846275440974,1.5009670291021255,1.042960734642361
2023-03-30,1800355.6668055556,36665005.52461543,1.502005449456103,1.16868762081875,1.6960641166475265,1.0861084672375
2023-03-31,1820513.2325694445,37200701.5614163,1.423179206705362,1.1891847253677084,1.6338686297278047,1.0718835933475694
2023-04-01,1977160.9831944443,41236006.95481249,1.3410683108740338,1.218729437035764,1.4784872296508353,1.0553110367743055
2023-04-02,2089345.074722222,43406221.273610085,1.7868848293475967,1.257457112128472,1.908077696945244,1.1116696017319443
2023-04-03,1998480.5154861112,40668672.33288612,2.2091652646674342,1.2632856661947918,2.3722661964090337,1.0402002971760416
2023-04-04,2016679.6497222222,42181438.92792694,1.3480700415744502,1.2371663788333334,1.518540324064574,1.0525628122850694
2023-04-05,2090801.9578819445,44196563.86434912,1.538844221085789,1.2111619594177083,1.7072055496833505,1.0284077162538194
2023-04-06,2012603.2265972223,41740682.10521182,1.9487042397867447,1.2135503397229168,2.157919390451927,1.0920893209243057
2023-04-07,2064211.0233333334,42172285.83352082,2.565147854851183,1.190258055165625,2.66024072406095,1.1812243757361112
2023-04-08,2088904.7675694441,42702392.88610339,2.715301219428258,1.1839444642114583,2.8183523755229225,1.2376608483239584
2023-04-09,2108554.1979166665,42905129.48339716,2.5154866224591754,1.1782864837475693,2.558273453635945,1.2024058986565973
2023-04-10,2091053.2674305555,41644141.39736532,1.5431796989385413,1.203184597065278,1.7299068365759167,1.1885816777885418
2023-04-11,2235639.0186805557,47606831.385352165,1.188058018336296,1.1780276793041666,1.3399203082898277,1.1126634117180556
2023-04-12,2530700.462326389,54677681.390750416,1.5262270217690441,1.1813939006354166,1.5688072041041794,1.022614314636111
2023-04-13,2781201.9083680557,61709980.22705778,1.2810090424743183,1.2951662103270833,1.4448075857258382,1.056359309021528
2023-04-14,2686160.6439236114,60688184.70606262,1.3322345533383186,1.2676784646614585,1.5250671571085304,1.0289753859972222
2023-04-15,2586518.453888889,57445414.22225853,1.4437466955498184,1.2627270932350694,1.6150922340357505,1.0818581949006945
2023-04-16,2552289.8063194444,56550536.67022641,1.624279402644503,1.2511874020982638,1.8371176892208168,1.0765182764916665
2023-04-17,2477541.660277778,54014206.957244575,1.8905335842059148,1.2708078813545138,2.112493083929204,1.0406784842878471
2023-04-18,2525113.1164930556,55141106.93098778,2.436737215902061,1.2810825636170138,2.631548661120868,1.0969255754625
2023-04-19,2375641.431423611,49719537.37336841,3.5309721930868423,1.2433595738277778,3.5857941677997727,1.062724267435764
2023-04-20,2357218.5831250004,47862366.07132644,3.529878021456742,1.1654232263253472,3.6024941269239132,1.0465548188225695
2023-04-21,2466792.2211458334,48936321.8886003,3.920232731805127,1.1204607494743055,4.013861527007416,1.0356283120659722
2023-04-22,2547315.958506944,50805987.876337215,2.4830212464040837,1.062166852821875,2.6242185943703342,1.1237253729690972
2023-04-23,2424965.9465277777,48242173.349163406,1.5979405357223204,1.0552060356746529,1.836182311910762,1.1013191784368057
2023-04-24,2423920.7603125,47291448.51450361,2.7793108789973044,1.036278659198611,2.9755400911961654,1.0274325502427084
2023-04-25,2482973.0760069443,48013199.729179345,3.7014032348552965,1.020828573892361,3.807513196124746,1.1067028037649305
2023-04-26,2389273.175902778,47249408.68280019,1.8821995239453162,1.0319430053635417,2.1441412591409392,1.0136223107347222
2023-04-27,2359164.206076389,46431011.190692216,1.381628760768322,1.0324829793395833,1.6276806879188903,1.0885120714552083
2023-04-28,2369370.0313194445,46674490.76251818,1.3964318821206212,1.0460955243993055,1.653390954838474,1.0519640096788194
2023-04-29,2353115.7425,46740674.48955942,1.1528599092672545,1.0730561286031248,1.3925699469465884,1.2395392743645834
2023-04-30,2300216.152777778,45314850.166336566,1.3433526224417172,1.07216361545,1.5802286009829314,1.1338103136013888
2023-05-01,2306383.4012847226,44445250.209588945,3.742712166955618,1.0769974599621528,3.814147859864623,1.1175906040635417
2023-05-02,2307429.659930555,44165878.5586171,4.316310170515813,1.093553763023264,4.324249069945128,1.1301824274913193
2023-05-03,2287027.971180556,43769053.71730806,3.6292008524216732,1.0984658573774306,3.696565919277735,1.1627616387163195
2023-05-04,2317111.624652778,44810171.65507272,1.1933970041490363,1.1158887182625,1.4844694108807308,1.157273634654861
2023-05-05,2265385.5892361114,44024409.479827665,1.21727250293836,1.1471714045083334,1.5090753625383553,1.1443833882944443
2023-05-06,2182484.219340278,41905509.73579559,2.407976152890513,1.1892366177819444,2.5087573603932563,1.0170172980666665
2023-05-07,2236029.3255902776,42300512.100486666,4.777641711465026,1.1397103251041667,4.6732976915346605,1.1148780075590277
2023-05-08,2230353.3115972225,40789526.83299946,4.737158476073476,1.119703068421875,4.5194120278842895,1.0918453517680555
2023-05-09,2166778.7852430553,40362676.66120857,2.0623743238973673,1.1475570925475695,2.0750841576194503,1.1671714141659721
2023-05-10,2195795.4588194443,40827102.331082895,1.1795919761646356,1.1624900107347222,1.4005267595189683,1.077320383409375
2023-05-11,2178126.462951389,40140826.83741781,2.44135643113602,1.2242671231104165,2.4721041167595805,1.055967275242361
2023-05-12,2248556.9917708333,40526593.27593507,4.117086782046351,1.2251646481128473,3.8367058972994275,1.0430004242020834
2023-05-13,2187347.3282638886,39686946.45621002,3.7833197397644067,1.2443519327065973,3.5019590705568246,1.0737033662475695
2023-05-14,2148485.5055555557,38980406.61008724,3.7514761300219366,1.2498990486614583,3.5280246114553773,1.2855337282597223
2023-05-15,2180552.976840278,39953722.43862305,3.48205817279846,1.3126878861756943,3.3719212351230143,1.0880317036493057
2023-05-16,2177226.7525694445,39658068.23892181,3.747997089262267,1.3362931235739584,3.5365614288336054,1.1017815471569445
2023-05-17,2292283.525798611,42242119.81237292,1.3118327346867191,1.4007350612170137,1.4857194943684062,1.1070273490517362
2023-05-18,2319156.220486111,42818652.894879885,1.3466151770744506,1.443040100711111,1.5076621482347623,1.1820142390947916
2023-05-19,2289391.5050347224,41937471.92951575,0.9153948487627209,1.4843600470833334,1.1318449234275725,1.202726462442014
2023-05-20,2263177.475763889,41376145.05563101,0.9747151733451402,1.4935939456180556,1.210013991863291,1.2729715945798612
2023-05-21,2290326.8736805557,41655079.36924721,2.1709031332733812,1.498945346707986,2.3114611688213285,1.1165564379815973
2023-05-22,2395006.208506944,43320819.26773245,2.8088933228786663,1.421148559220139,2.7351038572428603,1.2065765704753473
2023-05-23,2435457.3034722223,44675570.2035806,0.8503405639579917,1.4034453450631945,1.0612743857981923,1.1855524465538194
2023-05-24,2422343.9335763888,43479901.02065545,2.405855280382958,1.4282358918604166,2.3938692822435197,1.0751289315409722
2023-05-25,2448259.904722222,43332288.17491773,4.5337693409016175,1.4911141849760416,4.165634007658669,1.1496892757118056
2023-05-26,2484304.320486111,44360659.20006526,2.8937913474993544,1.5256995958284723,2.825611398271456,1.2250006712600694
2023-05-27,2488398.5265972223,44829922.01111202,0.8498897212436238,1.5690583622916667,1.0616726798187899,1.3313172895559027
2023-05-28,2531579.479270833,46330737.75002182,0.8523461768681175,1.5910420007447916,1.0238825471866997,1.2211869093663195
2023-05-29,2494053.056423611,45884943.64099237,0.8263838211930906,1.6721268039798611,1.0158405458011301,1.1736254386208334
2023-05-30,2501780.4128472223,45835216.48167494,0.9030404319529838,1.6832601943979166,1.1191269202330574,1.2021541640555555
2023-05-31,2453231.9336805553,44164084.02757826,1.135068841201453,1.713319332146875,1.3707349673363622,1.15995865535625
2023-06-01,2438346.201458333,43514799.832239494,1.2617558534125193,1.6689228341503473,1.524540416328623,1.0871519720319442
2023-06-02,2385162.448958333,43019351.44289986,1.1265324448878216,1.6289303621513889,1.3873387835870885,1.2046232166270832
2023-06-03,2453880.4624305554,44556330.04453459,0.9508487392998438,1.6188519644927082,1.1942857481209432,1.4409946003659724
2023-06-04,2548016.2430208335,46455472.008286215,0.9444974781627185,1.605916589101389,1.1795254233494135,1.2864901641423612
2023-06-05,2532357.1490972224,44626254.195513025,2.3436449696809856,1.6282010577489583,2.500320096721078,1.060142557325
2023-06-06,2458866.6707291664,42292919.85061584,3.977492333386254,1.5669202121243055,3.916311727020136,1.1509130722576388
2023-06-07,2348187.875972222,40288936.71208313,1.864576843145629,1.5720223686684027,2.033530178677477,1.0806656198472222
2023-06-08,2386008.5355208335,40460726.90407047,3.5061576239468595,1.4649110630972222,3.6591100651822526,1.1873276211645833
2023-06-09,2411051.983402778,40866422.60320346,3.2588583595824736,1.4078800374625,3.4130912339069197,1.3718403938993056
2023-06-10,1985512.2716319445,29908330.933838096,2.812696283930997,1.2445334882260417,2.829769763466654,1.0236441277236112
2023-06-11,1808892.2965625,27249754.446084097,2.380699875309273,1.239477437020139,2.435521104689285,1.0755963392791665
2023-06-12,1758691.3755208333,26430178.93181779,2.1473216796257817,1.2195224133003473,2.1404660414695846,1.1267371421083334
2023-06-13,1645542.078611111,25051230.70937705,2.0672722567843818,1.1636744347527777,2.1125742535128746,1.1602180224069445
2023-06-14,1602721.2548958333,24295422.055056892,2.1025909468246406,1.1430771348430555,2.224847296390442,1.2074000128524307
2023-06-15,1686634.8776041667,25129805.33921231,2.058057273727658,1.1979912422739583,2.1561944244000832,1.1401633422149304
2023-06-16,1699874.1600694444,25569274.74421103,2.0370584576808337,1.2437365518697918,2.087223982355526,1.2526775387965279
2023-06-17,1730449.0264583332,26526384.089578614,1.8617294208634876,1.2736558784440972,1.9029905360655788,1.2439610123413194
2023-06-18,1767343.5791319446,27157510.00721575,1.8027862635101652,1.2565220148743057,1.8851151092142153,1.1514448608802084
2023-06-19,1729508.8697569445,26387709.31182937,1.878081524310304,1.2646171992534723,1.9589028249904987,1.1552632204972222
2023-06-20,1729387.202152778,26570629.72022016,1.7466453772736479,1.2572651975076388,1.830174814367795,1.1895412697805556
2023-06-21,1821691.9160416666,29927003.923762705,1.2085960766914177,1.205236287575,1.3293147508363736,1.0941468669729166
2023-06-22,1780167.3337152777,30168775.73210197,1.4583719015072836,1.1187776941527778,1.5853225782289564,1.0977770053815972
2023-06-23,1900313.8688541667,33382319.11610886,1.3527392037808748,1.1027603589270834,1.5323665685881385,1.1046138711423612
2023-06-24,2279048.932395833,42894552.284902886,1.5657901977258533,1.1572848468663193,1.7374285435529002,1.0407643480784723
2023-06-25,2135693.088020833,39807401.72745713,1.7517461918327857,1.2221338269010418,1.9394379840326674,1.0751274881152777
2023-06-26,2194279.0486458335,40208829.80492852,2.1010246149844596,1.2855411936878474,2.303035766287751,1.0309085458236111
2023-06-27,2164247.046597222,40231436.274437524,1.7682701046758453,1.2347723807989583,2.1206330340295745,1.0296667117833334
2023-06-28,2004712.1396875,35987671.20832019,2.1479550172511557,1.2010581708965278,2.436267196010546,0.9990302459986111
2023-06-29,1958406.5806597222,35090557.99591747,1.792417894008403,1.1207977433229166,2.063561517933662,1.072212106407986
2023-06-30,2333428.6685069446,46270395.22131136,1.375737830309642,1.0782312887347223,1.5558547685565838,1.009050283246875
2023-07-01,2710960.6734722224,57705814.21312925,1.6511029992309703,1.1884690635472221,1.7586848888472528,0.9852101656934029
2023-07-02,2734727.052777778,55493939.532156155,2.3254832196676833,1.2522458152322917,2.3429154150070906,1.0240121146260417
2023-07-03,2630668.3959027776,52994547.07335526,2.462058025971038,1.2139268528434028,2.56716445685438,0.9966323319548612
2023-07-04,2515742.246909722,50078879.535042495,2.356060119532079,1.0825463453680557,2.4889131720136963,1.0159203422385417
2023-07-05,2386662.915416667,45946914.2582963,2.36062773127638,1.0704431972253472,2.4696991119676435,1.0624671545600695
2023-07-06,2332101.195520833,45088322.62770326,2.1175824822911786,1.0469401452677083,2.233806858708092,1.0151249178340278
2023-07-07,2244636.8354166667,42639525.806712836,2.1163201734555477,1.0812230977607638,2.2614955675342987,1.0233412437881944
2023-07-08,2266854.0511458335,42985540.250039786,2.2627398415045623,1.1001963354805555,2.3709084620182352,1.0609998487631946
2023-07-09,2271620.240659722,42816945.20017593,2.373839225350446,1.1033749692065973,2.48050174020607,1.0981063231489583
2023-07-10,2249383.3228819445,42101176.62751586,2.1290631433333336,1.1080927093402777,2.2056672259027774,1.0724109275
2023-07-11,2185679.273090278,41122092.841068886,1.9205662491319444,1.1350108700694443,1.9828608299652777,1.1357685565972222
2023-07-12,2113659.3194097225,39845095.04623844,2.0146533503125,1.1589351787847222,2.081381540833333,1.0409963485416667
2023-07-13,2156771.62125,41406365.43465301,1.7125411590277777,1.1156240576388887,1.8399842477083332,1.0499826793055556
2023-07-14,2102484.4475694443,41498776.3794052,1.6461456189583332,1.1913780493402777,1.6572026934027777,1.0174371009375
2023-07-15,1921474.0039930556,36979471.558459975,1.7623992211805557,1.1450037865277778,1.7680465322222223,1.0180081564930556
2023-07-16,1936761.2804513888,36964070.126390666,1.5788812316666667,1.1488909696180556,1.6504312650347222,1.0706021371875
2023-07-17,1922882.4773958335,36459397.62924623,1.7498930900694445,1.112290097013889,1.856618801076389,1.0405060996527777
2023-07-18,1984460.0136458331,37280429.300063,2.025665853784722,1.088120210659722,2.047605832395833,1.0559478054166667
2023-07-19,1972868.9357291667,37273256.24819686,1.4614381126041667,1.1193583292361111,1.550885244965278,1.0883403195486112
2023-07-20,2050964.482916667,38627808.52104214,1.8213886189583333,1.1770982940277779,1.8769152727083334,1.0712715566319444
2023-07-21,2084322.3279166669,39042449.28866015,2.370353545381944,1.1840934172569444,2.3513394404166665,1.0742262486458332
2023-07-22,2032309.6530208336,38089974.17304651,2.3723899863541664,1.1703906126041668,2.3219670952430556,1.0855506601041667
2023-07-23,1999621.4974999998,37275062.61531028,2.2234410119791668,1.181646033472222,2.254195296736111,1.1700529450347221
2023-07-24,1963437.1090277778,35808482.54745596,2.487918275347222,1.2314796598958333,2.454825772986111,1.0461115035069444
2023-07-25,1969548.9308680557,35536752.07936502,2.4633565581944445,1.2364323574305556,2.443657917465278,1.1273932370833333
2023-07-26,2015972.4482291667,36473734.30784928,2.2676979686111114,1.2014792259375,2.2287772749652777,1.0705551764930556
2023-07-27,2024860.251215278,36982091.68710957,2.0640916557986113,1.2066409625,2.000760725,1.1202114920833333
2023-07-28,2124395.5483680554,39330347.20006853,1.775491600798611,1.219809815347222,1.7379894000347222,1.1558952918055556
2023-07-29,2087765.8836458335,38614529.00114861,1.8333009899305555,1.248512544513889,1.8166288156597221,1.3695952524305557
2023-07-30,2056072.4469444444,38333066.15498679,1.5549337232986111,1.2536504147916667,1.5927126096527777,1.139019195486111
2023-07-31,2014723.745833333,37659319.437364966,1.4174002172222222,1.2315980432986111,1.5159740136111113,1.1133551733333333
2023-08-01,1924641.927986111,35096760.65277388,2.1729056759375,1.172190432638889,2.2698850130208332,1.139071312534722
2023-08-02,1947547.6305555557,35489026.44833711,1.8178063982291666,1.1118567086458333,1.9328185197222223,1.2021547536458332
2023-08-03,1982647.9720486114,35731362.64417234,2.429583643020833,1.0872913595486111,2.4809262002430557,1.1227279965277779
2023-08-04,1968676.9347916667,35384720.71836123,2.238695465208333,1.105217549375,2.3613210943055556,1.092549251388889
2023-08-05,2009864.2631249998,35895806.04302887,2.2111811418402776,1.1107762055208332,2.3853149748263887,1.3095476173958334
2023-08-06,2013454.9553125,36082932.48458571,2.2357431960416667,1.1239587350694444,2.3460285247916666,1.2736192259027779
2023-08-07,2053669.267361111,36475596.44153318,2.267791229201389,1.2532016213541666,2.372156018402778,1.1194188869097221
2023-08-08,2073822.5709374999,36869696.626489155,2.4398766189583334,1.366760055486111,2.4316467443749996,1.1998829772916666
2023-08-09,2074657.798333333,37113271.551643066,2.2369475223344946,1.3627354400696865,2.1893147153658536,1.306435039027778
2023-08-10,2110450.571076389,37435673.40035071,2.4487725380902776,1.3842491931597223,2.421960529027778,1.308729487326389
2023-08-11,2168761.0259722224,38299657.753635496,2.508268563715278,1.357921660486111,2.508231785486111,1.4289795427777776
2023-08-12,2206159.5288541666,38980646.54710785,2.4575598839583335,1.3323512391666668,2.4059870540625,2.225356235277778
2023-08-13,2165962.893055556,38277626.146423735,2.46875464125,1.3451952594444443,2.455801282361111,1.8911485004513888
2023-08-14,2157853.067222222,37820412.262219734,2.7025609129513892,1.346182796215278,2.7291681289930554,1.4103573873958333
2023-08-15,2149967.385451389,37032108.567234956,2.9025903377777778,1.3225208224305556,2.957653409375,1.1752419791319444
2023-08-16,1986536.6856597224,32662527.13324088,2.936069882013889,1.3014895517708334,2.9060685148958334,1.079315562361111
2023-08-17,1925054.6549652778,30957669.28237217,2.723358313923611,1.2849924643055557,2.6950510023958336,1.1516876988194444
2023-08-18,1685850.4223958333,26005605.21812959,1.6714444783333333,1.173697411597222,1.7865565555555554,1.09656527125
2023-08-19,1662996.804201389,25701961.922663536,1.540586529375,1.0846298525347222,1.6993265981597223,1.2127435201041665
2023-08-20,1625912.0166666666,25206238.77860375,1.6667818392361111,1.10458272875,1.9099072986111112,1.2284129888194444
2023-08-21,1665441.8455555555,26096383.948725186,1.5493109285416666,1.0198729664583333,1.7697358184027778,1.0660861028472222
2023-08-22,1688557.1842361111,26216266.10409745,1.6159710448958333,0.9582000323958333,1.8076717148958334,1.1903378093055557
2023-08-23,1642634.217534722,26004769.630093977,1.4607328344444446,0.9119384905555555,1.6390099652083334,1.0774212815972222
2023-08-24,1679199.7510069446,26922894.01522743,1.3707339034375,0.957103621423611,1.4884981008680556,1.2118994802777778
2023-08-25,1711883.6724305556,27273708.13600794,1.4332637854513888,1.0148529959375,1.5367991672222223,1.1476268095833335
2023-08-26,1680804.990173611,26691190.188602682,1.4799897315972224,1.0734165752430556,1.5894803155555557,1.9530495582926828
2023-08-27,1661844.8264583333,26427645.995192297,1.5662239264583333,1.054987209548611,1.695399588402778,1.3842237679861111
2023-08-28,1665973.0489583334,26305943.187608525,1.7144426983680556,1.0795126994097222,1.8256799442361111,1.2307270194791666
2023-08-29,1730029.3687152779,28068335.86175717,1.5216558927083335,1.1529030794791666,1.6563728327430556,1.1540940341666668
2023-08-30,1951122.7147916667,31794846.3412191,1.6312512217708333,1.2530216969791668,1.7799737928472221,1.2370552890277777
2023-08-31,1869966.9202430556,29586492.44964467,2.0865201919444445,1.2298016248611112,2.3362743327430557,1.1622960755208334
2023-09-01,1691306.6801041667,26214888.42603185,2.1901129096527776,1.3388598516319443,2.342180662013889,1.1266292793055555
2023-09-02,1725974.6563194443,26617021.345937815,2.2984723014583333,1.2755718481944445,2.4070659606944442,1.2117396751736111
2023-09-03,1749530.4710416668,26943986.362416793,2.362701709861111,1.203170863263889,2.461214217326389,1.3788278809375
2023-09-04,1746942.449201389,26838485.787980642,2.409337724583333,1.202730249548611,2.5164760519444442,1.0744278484375
2023-09-05,1751221.6559375,26780398.38340861,2.4954911791319443,1.2097450655902777,2.574552777638889,1.2954249336111112
2023-09-06,1706453.3150347222,26305265.15435116,2.2900627186805553,1.1828306909027777,2.3658685242708333,1.1485107754166668
2023-09-07,1640542.2422569443,25358323.67940425,2.2776968079166666,1.218368929375,2.2920755410416667,1.2760827283333334
2023-09-08,1649092.4625347222,25448574.358602725,2.358649823611111,1.2641312985416666,2.3071987423958333,1.3886717067708334
2023-09-09,1654519.8973263889,25504637.985461753,2.236988843090278,1.2888755586111111,2.1894241406597224,1.5248356860416665
2023-09-10,1633892.3021180555,24683286.368203573,2.327311134826389,1.2885718215625,2.2780074677430555,1.0850265502083334
2023-09-11,1706546.4932986111,25306892.71265783,2.2452643956597225,1.2580504395833332,2.248638043402778,1.1330841294791667
2023-09-12,1643945.5545964912,24631185.98332601,2.1841650536491226,1.2267319076491228,2.290158343614035,1.1646630245263159
2023-09-13,1554035.2822916666,23386704.55304317,2.2058918861458334,1.2091164165972221,2.2876693697569443,1.199455620173611
2023-09-14,1579574.6300694444,23978734.371607233,2.2017472801388887,1.21771694625,2.262345516597222,1.2528121986111111
2023-09-15,1551806.0722916666,23915127.03690151,1.9689430440625,1.2211469104166666,2.0068236687152776,1.129018329375
2023-09-16,1531517.1484375,23971735.56117025,1.4754223774652777,1.2123599885416665,1.566995453125,1.1256058607638888
2023-09-17,1552087.2845486111,23984398.03014193,1.5568003502777779,1.2240333541319446,1.6648855207291666,1.4128906566666666
2023-09-18,1643614.0202777777,25826632.809165366,1.4483905746527777,1.1378355552430555,1.5946183369791667,1.1057230159027778
2023-09-19,1692813.1633333333,26618506.53663536,1.4485455359375,1.1015353394791667,1.5789358222916665,1.2188768145138889
2023-09-20,1696030.7444097223,26412652.33754205,1.608981384861111,1.0745632539930556,1.7947265777777777,1.1680077159027777
2023-09-21,1732230.0496180556,26571872.25057371,1.7733488370833335,1.074594393611111,1.8892567120833332,1.1411826103819445
2023-09-22,1758878.5891666666,26768607.390200164,1.753987245,1.0682767802777777,1.8178933028819442,1.2290609843055555
2023-09-23,1749752.1135069444,26623715.286682244,1.784489337638889,1.0873094134027776,1.8559241746875001,1.473242468611111
2023-09-24,1743653.1341319445,26567963.65459594,1.7053615211458333,1.089987299548611,1.7900951186458331,1.1876769082986112
2023-09-25,1727048.4553125,26226158.722327158,2.137321055798611,1.096064053888889,2.1814016555902778,1.26057482375
2023-09-26,1776039.9037152778,26894859.952632774,2.2092542414930554,1.0743458876041667,2.2677157063194446,1.2773256441666667
2023-09-27,1699877.7739583333,25947006.180400748,1.892779192638889,1.1280252755555555,1.9811803801041665,1.3431925130208333
2023-09-28,1666005.0003472222,26008482.37943702,1.427132656875,1.182028649097222,1.5357867475694444,1.213626384548611
2023-09-29,1660968.6260416666,26322562.315243315,1.4172704246527779,1.1994037243055555,1.4618553699999999,1.1893108623958333
2023-09-30,1761928.2751041667,28467477.33077158,1.4041875712499998,1.1883215223958332,1.4956630920486111,1.292450355173611
2023-10-01,1940252.9023958333,31787138.138851028,1.5646989655555557,1.145810174826389,1.7273881732291665,1.1823918989583335
2023-10-02,1848945.4381944444,30595157.127457626,1.5661143860763889,1.211756697847222,1.6195026711805556,1.1446763980208334
2023-10-03,1823391.5863888888,29488083.004714623,1.7786439959374998,1.1753619521180554,1.8305155584027777,1.1013102960069443
2023-10-04,1811652.7143055554,28192796.31130305,2.5669844322569446,1.1325113313888888,2.5533023360416665,1.1407860121527778
2023-10-05,1826452.3545486112,28451038.392123055,2.433222588923611,1.1479262193055557,2.3861858509722222,1.2351747819444445
2023-10-06,1839909.7426041667,28685096.151503395,2.3760284614583336,1.1693046395833333,2.3673263487847223,1.174985304201389
2023-10-07,1767273.0668055555,27670661.543214664,2.372846177326389,1.1806549256944445,2.325947828263889,1.320415597638889
2023-10-08,1727592.439201389,26832584.81168539,2.5488778810069443,1.189177232013889,2.4960167603819445,1.2065554451736111
2023-10-09,1708370.178125,25892204.50684337,2.6812789730555555,1.22474072875,2.6102801539930556,1.0518386305208334
2023-10-10,1688554.0434027778,25334662.227049556,2.549115607951389,1.2620525628819446,2.5324678401041667,1.0957548439930556
2023-10-11,1716907.037048611,25482089.894590482,2.7246647201041667,1.243282586736111,2.704353694131944,1.1355422171180556
2023-10-12,1729523.1438888889,25638294.503984466,2.594601849861111,1.2768933567708334,2.631961438611111,1.2997292277777777
2023-10-13,1747370.9230208332,25828634.40653394,2.6198515874305555,1.2350878812152777,2.7087270034027777,1.1780372263888887
2023-10-14,1731560.5767708335,25822235.38571519,2.496152678020833,1.2268706,2.5069371512847223,1.6657688859375002
2023-10-15,1752738.7999652778,26200980.3350248,2.442453610451389,1.2124115709375,2.4253355809375,1.45841052375
2023-10-16,1734371.046736111,26322068.05170253,2.2412470178819444,1.2754827489583334,2.2420942162152775,1.195005315
2023-10-17,1745787.1036458334,26292809.148081712,2.343027338715278,1.299111398298611,2.319796288784722,1.3376550274305556
2023-10-18,1725396.8277777778,25736351.317142706,2.5298683981944445,1.2513831419791666,2.488924063715278,1.104802102326389
2023-10-19,1710459.5836111112,25203469.20939979,2.594427249097222,1.1533532018750001,2.6389776980208333,1.1422354197916667
2023-10-20,1700556.289826389,25842676.58758495,1.781619448576389,1.1506784306944444,1.925706032326389,1.167131271111111
2023-10-21,1718511.9055208333,26665077.447959676,1.6018852971527777,1.1319848739583334,1.6972099079166667,1.1872365718055555
2023-10-22,1700183.8134375,26503065.815698158,1.6134208289583334,1.1726736891666667,1.6682254663541667,1.1761733674305554
2023-10-23,1695162.2885416667,27032576.572961517,1.5227682851388888,1.1400977959722223,1.6028135507291668,1.0881203858333333
2023-10-24,1754082.7024652779,29197107.47941003,1.7149586157291667,1.1102443145486112,1.7826234835416668,1.0719172396527776
2023-10-25,1805921.2519097223,29710513.137162622,1.7014071942708333,1.1017713692013889,1.87298719,1.0848457375694442
2023-10-26,1921078.7360416667,31790602.80847674,1.6513291088194444,1.1000755922916667,1.8559579899999998,1.0292746281597223
2023-10-27,1874917.5603472223,30452589.382618904,1.9201374143749999,1.0989826522569444,2.0571230923958335,1.1147502019097222
2023-10-28,1901437.8424652778,30892812.090585273,1.9854025925347223,1.1497454711111113,2.1649578279166666,1.2894953596527778
2023-10-29,1935028.448472222,31706051.162022837,1.9088511527777778,1.1855517540625,2.0571591432291667,1.1275569959722223
2023-10-30,1938218.5470486109,32283806.66681538,1.7451444670833334,1.2047159761111113,1.901007743263889,1.0595882927777778
2023-10-31,2069254.369652778,35367516.791039,1.6304897076736111,1.1768773837152777,1.8092841626041667,1.0423791065277779
2023-11-01,2162654.8346180557,37955694.775311485,1.589611551111111,1.2107124242708334,1.8428641467708333,1.0168134965277777
2023-11-02,2024841.729965278,35482954.28128771,1.7902914950000002,1.2247040970138887,1.9730326267708334,1.0016523549652776
2023-11-03,1955126.668923611,33302603.171739683,1.84415293,1.2450581265625,2.1318959620138886,1.0372577076736111
2023-11-04,1906512.5359722222,33044635.730972283,1.7574109404166667,1.3001025820833334,1.9968912991666667,1.1192116832291665
2023-11-05,1943000.0944444446,34596974.76259027,1.7231700275347221,1.308139020625,1.925711389652778,1.0232866336458333
2023-11-06,2111482.270347222,38648187.18375367,1.8711288973611113,1.3083996413541668,2.120702843576389,1.056817269375
2023-11-07,2085311.3874305557,37798406.22587181,2.019165756909722,1.432347903611111,2.2408308160069446,1.0112102977083335
2023-11-08,2027514.0224305557,36925834.26356146,2.0144626291319443,1.4253411184375,2.2192155395486113,1.0077800421180556
2023-11-09,2081936.1343402776,39602227.14459887,1.8051381947569445,1.4255365086458331,1.9205429615625,0.9967265828124999
2023-11-10,2448676.2080208333,51222245.37201202,1.7723567757986112,1.4442495694444444,1.946883909201389,0.9560029720486111
2023-11-11,2280691.0446180557,45922618.789744705,2.326231732229965,1.4734506978397213,2.521333822752613,0.9965427439583334
2023-11-12,2206348.4373611114,44026818.76785859,2.27409841625,1.378110947048611,2.657297396527778,1.0084716812152776
2023-11-13,2274389.707152778,45948228.49213652,2.0338073715972222,1.3913391918402778,2.3203358232638887,1.0114200399652777
2023-11-14,2200189.331076389,43217587.081759125,2.074581443159722,1.4037026653472222,2.3551562217361113,0.9638543346180555
2023-11-15,2164226.683472222,41772390.45765391,2.0704844852083335,1.3447067542361113,2.375965076736111,1.0860693256944445
2023-11-16,2159682.3734027776,42685972.343127355,1.9650009268750002,1.4135926968402779,2.1987183228125002,0.9238400256794426
2023-11-17,2042196.215590278,39401166.50747349,2.1145574371180555,1.3608358882986111,2.431966989930556,0.9871319761458334
2023-11-18,1930669.3717013886,36709491.338240825,2.055641727847222,1.3073672775347223,2.305623307638889,1.0685597519791665
2023-11-19,1914755.4356250002,36747971.36804633,1.9884880420138888,1.3066476002430556,2.151363256215278,1.1320089405902778
2023-11-20,1966471.2794444445,38505555.536168344,1.8087640173049644,1.3600811274468085,1.9308935813475179,1.0518526088888889
2023-11-21,1967386.9456250002,37672479.16487776,1.901991715138889,1.3708727561805556,2.198810820347222,0.9905265019444445
2023-11-22,1817096.2378472222,33943563.37958687,1.8747960147222225,1.3450419245486112,2.2570994695833333,1.0251675689930557
2023-11-23,1829140.94875,34675030.25847343,1.6520199428421054,1.3854651325614036,1.8419280868531467,1.0366833651041665
2023-11-24,1984696.666527778,38066205.90935284,1.6521590050000001,1.3717856891666667,1.8109494246874998,1.1170956264236112
2023-11-25,2147289.27875,41542023.40084298,1.7477382568055555,1.4255945085416668,1.8967303105902777,1.1195175256944445
2023-11-26,2152428.904201389,41475769.15762579,1.9216023193356644,1.5240240455594405,2.061866428181818,1.0676686422569446
2023-11-27,2030855.3731944445,37849148.75562008,2.1939942896875,1.481530714513889,2.4139887353819445,1.0411187180208334
2023-11-28,1948653.2850694444,36247886.55071983,2.1400915348958334,1.4834180694444443,2.3301363906597223,1.106167698125
2023-11-29,1939814.3156249998,36469361.37923438,1.9852725275,1.4979957146875,2.0681212153125,1.1586298347916668
2023-11-30,1991885.6233333333,37136564.42604139,2.172537418958333,1.4727188264583333,2.3274566649305557,1.0905526821527778
2023-12-01,2094983.7885069447,39659849.63563896,2.086654116597222,1.4598031990972222,2.1902603450694444,1.1375168534375
2023-12-02,2205416.2131597223,42547374.20589674,2.112961822638889,1.4829442321180555,2.176777132986111,1.1863583889236111
2023-12-03,2318302.808784722,45619586.8699695,2.184076878784722,1.6607688578125002,2.1434079927777776,1.0595933063541667
2023-12-04,2353346.755729167,47008180.31596039,2.278236440763889,1.7433919616666667,2.335286108715278,1.006345874826389
2023-12-05,2296822.4176388886,45666942.43875547,2.3782019789236113,1.7506079593750001,2.3612010665625,1.0730069318055557
2023-12-06,2292193.2746527777,46655804.51608743,2.2723392819791663,1.7185508115625001,2.27255573625,0.9918448371527777
2023-12-07,2845662.3168055555,60942097.424286895,2.028606926597222,1.5275895180555557,2.1858014964583337,1.0556962715277778
2023-12-08,2837744.577951389,62708703.031628646,2.171944542847222,1.6030245772916667,2.3653547615972226,1.0454268634375
2023-12-09,2634656.860173611,59289296.35886429,2.2854214873958334,1.7812372634374998,2.479014692361111,1.0099736104166666
2023-12-10,2694731.9083680557,59382620.49385749,2.2821594521875,1.7993822447222223,2.531207142638889,1.0611867167708333
2023-12-11,2335017.3255902776,47348146.17387871,2.4170906207291667,1.7245385221527778,2.5236189485069445,0.927244401875
2023-12-12,2063884.4500347222,41868524.30957964,2.2016223631944443,1.616155607777778,2.383859203923611,1.0469524794097222
2023-12-13,1952409.0775000001,39139739.39064423,2.1388544544097225,1.543105635,2.3610146931944445,1.0314958338541667
2023-12-14,1933703.1746527776,39899245.61398807,2.093653702048611,1.5270635409722222,2.2512620394791667,1.0503712944097223
2023-12-15,1870648.132083333,38213559.14353475,2.312677005451389,1.574775884548611,2.436561606805556,1.0314732046527777
2023-12-16,1916684.782708333,39057548.48595115,2.2870444564930557,1.49270164,2.4505247260416665,1.033922098611111
2023-12-17,1980815.617465278,40188010.5250734,2.3246025410416666,1.4654858352083333,2.4937274925,0.998631241701389
2023-12-18,1928311.7502430556,37689500.23522701,2.410747187013889,1.3823295595486111,2.6873394972569447,0.9831718405208333
2023-12-19,1825079.9683680555,36257960.466925025,2.2969846264583333,1.3587564275347224,2.4576922962847223,1.0691243920138889
2023-12-20,1885913.2344097223,37903987.9488655,2.29979626,1.3305136389236112,2.41669796875,1.0807322004166666
2023-12-21,1930469.512951389,39352853.15291206,2.359890461111111,1.3699486486805557,2.3993643628125003,1.0379345236458333
2023-12-22,2125624.697222222,45796599.12724237,2.3551894289930555,1.4621484426388889,2.2286642042361113,1.018717806111111
2023-12-23,2131833.9795833332,45475533.39658649,2.47631477125,1.4773370543402777,2.3827588772916664,1.1092689477777777
2023-12-24,2161337.3700694446,45885172.552496366,2.7734958990625,1.42997533,2.931124295277778,0.9472529422916666
2023-12-25,2128399.531076389,45319591.57520587,2.6723301811805555,1.3989457285416667,2.8212517845138887,1.0931799662152777
2023-12-26,2129531.874236111,44640562.25631984,3.0233315447916667,1.4636038606250001,3.2629553059027776,1.0016905463194443
2023-12-27,2212920.8000347223,48126843.86262958,2.9082621140277776,1.4126221055555555,3.102280374201389,1.0161827668055556
2023-12-28,2443420.9889583336,55851739.43367936,2.918231415277778,1.4244081496527778,2.961420566076389,1.0146641041666666
2023-12-29,2345226.684861111,53070016.50326716,3.1331052335069445,1.474367753298611,3.3082613241666667,0.9872220120486112
2023-12-30,2170883.801284722,48897652.41107764,3.2616963696875003,1.5379101411805556,3.4364872547916665,1.0391141456944444
2023-12-31,2155832.2310763886,47917951.29435297,3.172734501388889,1.5865953,3.5087707263541663,1.119677377673611
2024-01-01,2003963.3046875,44207766.95917841,3.2457951090625,1.650686047638889,3.5327136928472225,1.0365690567708332
2024-01-02,2108338.773159722,47473050.62340159,3.4582698098263887,1.6296815080208333,3.667579630381945,1.0750465949652779
2024-01-03,2048969.604965278,43408138.152686946,3.516118786111111,1.3982707119444444,3.8769073386805553,0.9254119027083334
2024-01-04,1765026.193125,35656291.47730324,2.914219741909722,1.3357602760069445,3.2792076848958334,0.9852523775694445
2024-01-05,1752872.173888889,34982068.8774241,3.108961682048611,1.2879426706597221,3.386178096388889,1.026892070486111
2024-01-06,1703381.9692013888,33863756.015274584,2.9434335766319446,1.2930844988541665,3.1576130671180556,1.0499885602430554
2024-01-07,1671915.5845833335,33035301.347208414,2.9067446920833335,1.285403443611111,3.2076959713888886,1.0038797960069443
2024-01-08,1696348.7232291668,33025410.293757718,2.6661837462152778,1.2030172210069443,2.9864735616319447,1.0054561815277776
2024-01-09,1648575.610590278,33200914.898213234,2.665210260659722,1.2199333960069445,2.761895793159722,0.9831260833333333
2024-01-10,1680129.3210416667,36289524.25934908,2.555939641666667,1.1665392675694446,2.5667452033333333,0.9722101368055556
2024-01-11,2755619.962881944,79939158.7098617,1.7928467134722221,1.1648535042708332,1.4569738044791667,1.023917174201389
2024-01-12,2589089.5931944447,77119363.12601945,2.005072897673611,1.1926701322222222,1.6356910373958333,1.0122710168402778
2024-01-13,2463882.413333333,71693585.2370094,2.116487407013889,1.2030637127777777,1.8461802145833335,1.0334067171875
2024-01-14,2401551.464027778,66408525.16612515,2.4923505129513885,1.2648309918402778,2.2720661077083335,1.0503456008680556
2024-01-15,2390735.514895833,64523995.01626333,2.6367576076041668,1.2060955682291667,2.636236812673611,1.0395051342361112
2024-01-16,2413124.952673611,64506945.02394267,2.5080767086805555,1.1562129942013888,2.708595450972222,1.0393122733333333
2024-01-17,2236836.613715278,59412715.005495645,2.494323889479167,1.2761500548958333,2.6615428694097223,1.0082723722916667
2024-01-18,2478920.064861111,62431940.55449106,2.476064606736111,1.2581832811458333,2.733285752534722,1.0552472909722224
2024-01-19,2627993.6918055555,63471352.823719464,2.4059422323611113,1.35573015,2.7297336174305555,1.0990371880555554
2024-01-20,2432559.5218749996,60073315.30042688,2.2728865925,1.4221613863194444,2.3760862803819442,1.0513183983333334
2024-01-21,2363742.5452777776,58674301.12987902,2.354405147222222,1.4908355852083333,2.5568961435416666,1.0375695134027778
2024-01-22,2416235.1852777777,57520302.01070523,2.5501984929166666,1.432628166909722,2.8190706590625,1.0075657373958333
2024-01-23,2466165.7918402776,56135106.004441224,2.2350625025347224,1.4565358288194445,2.3835443140624997,1.0233908724305556
2024-01-24,2439243.868159722,55819929.84415141,2.201728233125,1.4839276915972224,2.2451612949652775,1.073532063125
2024-01-25,2423100.597465278,55242502.357870154,2.33649680625,1.498991608715278,2.481819302395833,1.0742158898958332
2024-01-26,2475982.3582986114,58303231.45709673,2.1469385422222222,1.440453982986111,2.4043085844097223,1.0825821965277778
2024-01-27,2357730.7032638886,56736405.06432723,2.0818897885069445,1.5155747020138888,2.1401311972222223,1.035546739548611
2024-01-28,2317564.007222222,55371851.51937285,2.103185619375,1.5081017722916665,2.1703047906944444,1.009750276736111
2024-01-29,2358114.8360416666,56177828.13493912,2.040613835208333,1.391922695277778,2.220427928784722,1.075462676701389
2024-01-30,2734675.5360069443,68759216.88437536,1.9386374194444445,1.4949910996875,1.979956061666667,1.0615002325347223
2024-01-31,2606459.455625,65302503.54261592,2.372958105625,1.7778170155555557,2.3116725591666665,1.0416327007638888
2024-02-01,2490790.3227083334,59898613.74203214,2.5946679081944444,1.767459244201389,2.6872974682986115,1.0741272219097222
2024-02-02,2497322.747048611,62005614.56649746,2.053836712951389,1.7619779567361111,2.1425578320486114,1.0627989866319443
2024-02-03,2640892.0258333334,66332051.02236603,2.4243846584027775,1.810870000763889,2.4217476061805554,1.1212759590972223
2024-02-04,2722872.7711805557,68690171.6471963,2.3724140556249997,1.7991463018749998,2.3013720171875,1.0699227851041666
2024-02-05,2658648.8795833336,65610378.41480032,2.478013813645833,1.729447594861111,2.5761585710069443,1.2044788706597223
2024-02-06,2692070.594548611,66070487.50242249,2.047206404652778,1.6113862715277778,2.284924237465278,1.087626616736111
2024-02-07,2736347.9661458335,67710311.61160105,1.9657484425694445,1.507264687673611,2.195189699409722,1.0732386131944445
2024-02-08,2758255.3365972224,69912491.42288665,1.906309460590278,1.5769027197569445,1.8833806444444445,1.0394426087847224
2024-02-09,2892093.457673611,75470623.48166732,1.9992607688541666,1.6410588991666666,1.9154507780902779,1.0595760652777777
2024-02-10,2873450.8259722223,74396096.44406825,2.0735929646180558,1.6606578260416667,1.9615379152083332,1.1419482454166667
2024-02-11,2892227.9186805557,75075839.91718401,2.0344424148958336,1.6322780639583334,1.9617358817708335,1.0625757673958334
2024-02-12,2867393.5425694445,74761735.12707524,2.1078777038194447,1.5997009492708334,1.9985860923958336,1.0085720290277778
2024-02-13,2890572.605034722,76852427.7510102,2.3219432872569445,1.626535662847222,2.164205374340278,1.0350095648958333
2024-02-14,2851197.062222222,75734016.44797271,2.313643364270833,1.667244295798611,2.2312477172222223,1.1043401727777777
2024-02-15,2920200.3785763886,78278555.00515595,2.5499177248611113,1.8652090148958334,2.470638875034722,1.048298787534722
2024-02-16,2911159.7802453986,78793254.35093753,2.403770792147239,1.9695815178527607,2.3825405,1.0011429015337423
2024-02-17,2876675.865104167,75552856.62007433,2.598106754409722,1.8989754666666667,2.6326482100694446,1.11887472125
2024-02-18,2852671.8327777777,74613713.2699551,2.4514126080555556,1.9023915570486112,2.5354320806597226,1.1756329871527778
2024-02-19,2903024.011423611,77907566.74144381,2.4935287,2.0554728996875,2.541023246979167,1.044849033923611
2024-02-20,2854596.435138889,76920490.91638812,2.818597555034722,2.242047636076389,2.8122672150000003,0.9947285759027777
2024-02-21,2813638.2104513887,73617622.39762084,2.8593419078819444,2.093956009201389,2.951685622986111,1.002768587986111
2024-02-22,2745859.3336458337,71330809.70506395,2.3615475794097223,1.954865029027778,2.594503116875,1.0474627906597223
2024-02-23,2732897.545138889,70088692.522829,2.200633329652778,1.9248920979166668,2.5110396893402775,1.0179136119791667
2024-02-24,2759747.841701389,71266798.17775024,2.1225687697916666,1.9316222476736111,2.397153159548611,1.0596847519097221
2024-02-25,2817027.283680556,74867591.63957576,2.3714128804166665,2.1546149581250003,2.438966730069444,1.0923596282638888
2024-02-26,3069762.2188194445,83862630.69707885,2.220845705069445,2.1520885960069447,2.3676078703472223,1.0141049419444446
2024-02-27,3040524.796527778,85543043.7639035,2.454165812361111,2.3325984006250002,2.5067927171180555,0.9852418610763889
2024-02-28,2940830.4474305557,84156436.63660973,3.002256830625,2.428871126423611,2.9102686969444442,0.9847505341666667
2024-02-29,3019458.5646527777,91524493.65409647,3.0025612504861114,2.391661733125,3.098284280173611,1.0148957975000001
2024-03-01,2995974.311736111,88810643.89407744,3.2409403487152777,2.353274287395833,3.2113814543055557,1.0194689812152777
2024-03-02,3396948.369548611,111978506.95569812,2.718371585625,2.709571970451389,2.6007602335416666,1.0102402206944445
2024-03-03,3195000.0769791664,107940252.31847888,3.1889214164930557,2.8756682672222222,3.020543926875,0.9747610090625
2024-03-04,2906523.1368641113,99756309.46876113,3.355876418641115,2.594427142857143,3.1492156347735194,0.9962153031358885
2024-03-05,2935405.649236111,107313760.46486774,4.052389684930556,2.457469722222222,3.822584430833333,0.9950609027777778
2024-03-06,2612761.8377777776,94786009.99484253,2.7381737097916665,2.277958704861111,2.6280182260416667,0.9713281597222222
2024-03-07,2526619.8092708336,94127330.59364076,3.443314926423611,2.443941458333333,2.9994577467013888,1.0094384270833334
2024-03-08,2469852.8018055554,95099154.0006017,3.697112166736111,2.5917407951388887,3.1114391727430557,1.0143727395833333
2024-03-09,2570173.7552777776,98026385.2314379,3.442662442013889,2.5771098125,3.1308678492013886,1.0911530972222223
2024-03-10,2604344.9325347226,95610474.09298697,3.2412125214583334,2.249452673611111,3.359585606840278,0.9941702361111111
2024-03-11,2523754.8939930554,93041043.10687989,3.335060984513889,2.3222600625,3.4775346318055558,0.9778550381944444
2024-03-12,2403294.347361111,88541754.06614347,3.8552597210763886,2.4345489409722223,3.8572494171527776,0.9903181249999999
2024-03-13,2352660.952013889,86582781.6240518,3.272786064131944,2.636589361111111,3.4660267908680553,1.022758920138889
2024-03-14,2411486.385763889,85974733.93830702,3.2989017513888887,2.4037894930555557,3.5944694017013887,0.9620417673611112
2024-03-15,2364878.0416666665,78204734.68506318,2.8661348835416667,2.2363401180555558,2.996899856701389,0.9708639722222223
2024-03-16,2282227.7310763886,73654067.12361892,2.6456037507291668,2.148416357638889,2.9195731463194448,0.9775454027777778
2024-03-17,2332868.6896527777,72796714.12274398,3.0398646489583334,2.126997704861111,3.3110112161805554,1.0386495972222223
2024-03-18,2285132.1702777776,71577494.27086514,2.061498880798611,2.1696986770833333,2.3945804136805555,1.0021981006944445
2024-03-19,2315583.4425694444,67068501.06087465,2.3619405146180554,2.09401453125,2.6515045046875,0.9878914444444445
2024-03-20,2282299.720173611,65527312.657957606,2.394509545486111,1.9864281666666668,2.674173515104167,0.9936844791666667
2024-03-21,2246415.8368055555,68164852.95149794,1.7572392626388889,2.059704267361111,2.006711813715278,1.007674673611111
2024-03-22,2275136.5535069443,67456745.46831097,2.472633674861111,2.0520400104166665,2.7784112121875,1.0397911666666666
2024-03-23,2296728.4414236112,69382994.70901918,2.7964697900694446,2.086241798611111,2.969135092048611,1.005888204861111
2024-03-24,2371436.6890625004,73769363.41771433,2.649801194409722,2.098440920138889,2.557424277638889,1.1100147534722222
2024-03-25,2318146.251909722,73568239.53462502,2.4415301447569444,2.153591034722222,2.445560416701389,1.0379660104166666
2024-03-26,2318564.0079513886,75693921.2189678,2.8829329246875,2.2123302743055557,2.8302251346875003,1.0839330347222222
2024-03-27,2303713.5432986114,73461834.95596117,2.794504472048611,2.2462488888888887,2.9188044916666667,1.0548049270833333
2024-03-28,2374045.9406944443,76730934.68136017,3.485279818576389,2.246705690972222,3.4249722371527778,1.0888059340277776
2024-03-29,2555029.9525,84902667.22421843,3.725352767569445,2.38152540625,3.4593515607291665,1.0881706215277778
2024-03-30,2641719.4390625004,88895392.38460127,3.942950616979166,2.2499482604166667,3.602045124375,1.0900493368055555
2024-03-31,2573750.6656597224,87034486.83955711,3.2862391619791667,2.2625125729166666,3.3103211465972224,1.0946013958333334
2024-04-01,2488618.778541667,82853620.29924445,3.0665000419444444,2.478694951388889,3.1607306218055555,0.9691550000000001
2024-04-02,2419729.912013889,74251571.84992646,2.940927334513889,2.3144476145833335,3.2393508069791666,1.0870370833333334
2024-04-03,2332705.5438194443,70906382.07709396,2.528817610347222,2.131967524305556,2.842199780173611,1.0469286319444444
2024-04-04,2451280.6068055555,78444316.09346136,2.3545912443055554,2.1037995104166667,2.4745538470138886,1.0612598020833335
2024-04-05,2879068.9642708334,95381215.6628038,2.6376330049305556,2.3101564479166665,2.6455490775,1.0471104930555555
2024-04-06,2985101.763923611,98821076.56024478,2.886277857638889,2.3882119479166666,2.8865167152777778,1.1989944652777778
2024-04-07,3010396.853472222,102183292.8225253,2.7821908340625,2.550826788194444,2.7848362084375,1.1287480763888889
2024-04-08,3122763.2080902774,108734131.45118445,2.935954797361111,2.5987060416666665,2.810591458576389,1.0609794097222223
2024-04-09,3064168.7508333335,104925400.64171588,3.630773534305556,2.9375396631944444,3.5796726751736108,1.058818951388889
2024-04-10,2756532.243298611,90516643.79912943,3.153972800277778,2.5711143090277777,3.402919042222222,1.1053646006944444
2024-04-11,2833673.343402778,95891340.48454982,2.621960162013889,2.408027079861111,2.7369747027777778,1.0614259340277779
2024-04-12,2777908.3946875,90115506.4964818,2.789384427326389,2.4358120520833335,2.8082462780555555,0.9946123715277777
2024-04-13,2390847.6122569446,67856447.19737339,1.930189527986111,2.181864482638889,2.183413514826389,0.9587679166666666
2024-04-14,1951710.6502777776,50435459.20121416,1.3860146372222222,1.7982280277777778,1.623336942361111,0.9807837291666667
2024-04-15,1888564.8929513888,50645415.42585638,1.3779632888194444,1.7537586805555554,1.6518825752777777,1.0409584583333333
2024-04-16,1895314.5404166665,49434914.55022934,1.420499708611111,1.772052434027778,1.7088988857291667,0.9893488611111112
2024-04-17,1869734.7296874998,48333778.776532225,1.4447175934027776,1.8338351666666668,1.7765467202777776,1.0304863263888888
2024-04-18,1895994.504166667,48835979.556439824,1.4118597227777778,1.9470450347222221,1.748385506701389,1.0481389409722222
2024-04-19,1996235.4643055557,51745075.44892068,1.5868199225694444,2.1106236805555554,1.792412636215278,1.0261110451388888
2024-04-20,2053382.2615625001,55066856.21495446,1.8017698076736108,2.1300237777777777,1.8670160385416668,1.10676628125
2024-04-21,2038555.391597222,56548085.776950054,2.025542100659722,2.21382953125,2.0213263585763888,1.090464204861111
2024-04-22,2045710.7591319445,57512371.726551905,2.144241162152778,2.2706437604166667,2.1192435243055554,1.0469760833333333
2024-04-23,2029712.3397222224,57059493.61884465,2.2911360236805556,2.271262267361111,2.2033659625694444,1.079635545138889
2024-04-24,2080493.793472222,57362968.832984835,2.448912303576389,2.376374017361111,2.4227914204861114,1.0930200868055555
2024-04-25,2092357.9575,55011365.3707209,2.1288602478819443,2.4631316145833333,2.3727658096875,1.1058687708333332
2024-04-26,2192577.9985416667,59069522.0068758,1.6911639185069445,2.18450578125,1.855138617361111,1.0683830763888889
2024-04-27,2192867.7865625,59260644.97435332,1.6437975978472223,2.26928925,1.829924259722222,1.1588126076388887
2024-04-28,2416010.099826389,69490324.27561887,1.9422271280555554,2.140405079861111,2.010384259201389,1.0987671944444444
2024-04-29,2395744.4410416665,65650903.883679375,2.3476861735416668,2.2860221215277776,2.5030964827083335,1.0424047048611111
2024-04-30,2241737.4896875,58662311.64549913,1.9960743528472225,2.3497884618055553,2.2118174259375,1.0420560520833333
2024-05-01,2264552.7087847223,56450948.920841485,1.6375237020833333,2.0770977118055556,1.9317027852430557,1.0546438368055555
2024-05-02,2369465.8927777777,60417309.10621333,1.552589676701389,2.049550572916667,1.7537955842361113,1.0693002951388888
2024-05-03,2400511.5315625,63054633.35228178,1.5328691660069445,2.0865896527777776,1.7150123933680554,1.0941413854166668
2024-05-04,2453714.205069444,66350760.59273876,1.6334487801736113,2.252687923611111,1.6554164735416665,1.143650357638889
2024-05-05,2525797.625208333,68466113.3332152,1.7722867269791667,2.234351510416667,1.7497231346180557,1.1028257326388888
2024-05-06,2643676.6602083333,73273156.05491695,2.0653029067013886,2.3790662916666667,2.027835919027778,1.0958147118055555
2024-05-07,2566544.6964930557,70046680.08448917,2.2191349905208333,2.4487735312499996,2.220930800798611,1.0682590868055555
2024-05-08,2777582.851215278,76163411.15187335,2.096041251597222,2.301631375,2.0706643568055556,1.0801846666666668
2024-05-09,2839592.042708333,77599773.36087628,1.9155981034375,1.9897038055555558,1.9970136779861112,1.0822128506944444
2024-05-10,2797863.671423611,76046505.34407143,1.6933976218402778,1.9655580208333332,1.8157704989583334,1.1015502152777779
2024-05-11,2772228.5837152777,73477920.26291065,1.4455879842708332,1.9696788854166667,1.716758966875,1.221905875
2024-05-12,2803961.1197916665,74676622.1402389,1.3090796996527778,1.988118465277778,1.5665683640625,1.194303388888889
2024-05-13,2701692.9547569444,71138732.12122668,1.3591833985763888,2.0972511736111112,1.590514252638889,1.126346909722222
2024-05-14,2613570.9417708335,67403793.59866776,1.391101179375,2.087304777777778,1.6868711914583332,1.0536836701388888
2024-05-15,2555665.398715278,66833375.95514251,1.329171912673611,2.1811624444444444,1.5801781675694444,1.138809701388889
2024-05-16,2641111.308159722,71639962.45735674,1.7314679672916666,2.417505934027778,1.6883763811458334,1.1568413854166666
2024-05-17,2896464.0463888887,80984325.95922583,1.9985728592708334,2.5292215729166667,1.7909497769791665,1.2327681354166666
2024-05-18,3074967.9479166665,88175257.79092272,2.207459736423611,2.7252126736111113,1.8817333378819445,1.1946209409722224
2024-05-19,3014067.135173611,84629261.50657652,2.6171038957291666,2.9612484305555555,2.2784212884375,1.1762473402777778
2024-05-20,3034975.8122569444,87096951.88112509,2.464357644409722,2.8872197083333333,2.3536768715625,1.1160910069444445
2024-05-21,3370780.5657291664,107241120.74912483,2.32505983875,3.062903947916667,2.1055584452430556,1.0156506006944443
2024-05-22,3195487.7667708336,98735062.63198435,2.6119418292361107,2.9751591319444444,2.311723821111111,1.0230694166666667
2024-05-23,2927374.6190625,93561072.84897706,2.2374317366319447,2.518430204861111,2.0800414388194444,1.0075800104166666
2024-05-24,2771184.3680208335,88438070.35096024,2.462920941909722,2.106662704861111,2.396715026736111,1.03253490625
2024-05-25,2766203.068923611,87727114.58948334,2.07340870125,1.936582875,2.251040869652778,1.074514326388889
2024-05-26,2770296.0184027776,88431548.87654632,1.9401842574305554,1.9746666215277777,2.081605426215278,1.063124763888889
2024-05-27,2759942.897083333,88516945.14637183,1.9778864277430555,1.8683155000000002,2.060264872083333,1.0090003055555554
2024-05-28,2680662.8260069443,83941182.5536868,1.793182525208333,1.8456093263888889,1.9480403572916667,0.9841420208333334
2024-05-29,2585007.985763889,79724904.06827034,1.816616440138889,1.9142367673611114,2.057595811284722,1.0394707708333335
2024-05-30,2498492.106701389,75248463.7189521,1.8920686362152779,2.0151209305555557,2.1410747065277778,1.0490690694444444
2024-05-31,2472211.9790972224,73819174.51850499,1.993980238125,2.111062923611111,2.1914918681944444,1.0731193437500002
2024-06-01,2472685.742951389,73279460.53734505,1.999099032951389,2.1310878541666667,2.2040295061805555,1.2276626736111111
2024-06-02,2558255.822951389,74787047.87796183,2.026531758020833,1.9745614791666668,2.2856698723958333,1.1352382951388889
2024-06-03,2615906.7746527777,75900820.43610853,2.1086233094444444,2.0443916006944445,2.3380077121875,1.0358631631944446
2024-06-04,2614412.2408680557,75559044.21704029,2.1729056503472224,2.04852978125,2.455142510138889,1.0940049861111112
2024-06-05,2523934.8590625,74860569.85628669,2.1289685702083334,2.2016424756944444,2.19478256625,1.1301832395833333
2024-06-06,2541653.2395833335,74819997.87399773,2.4239897059027777,2.293235517361111,2.4612700913194443,1.1795540694444444
2024-06-07,2457735.07875,70312878.6990512,2.626309583541667,2.416201892361111,2.657521680138889,1.0715884305555554
2024-06-08,2021953.0404513888,54384663.56003713,2.1101923507291667,2.442109152777778,2.322390579375,1.0454220277777777
2024-06-09,1953267.0431944446,52577583.380522825,1.8944929092361111,2.277076045138889,2.211456650173611,1.2113484166666666
2024-06-10,1865339.4390277779,49892807.95237814,1.8898022590972223,2.1687155833333334,2.217276218854167,1.1339112986111113
2024-06-11,1826069.9671875,47208055.65841475,1.8943310878472224,1.972754798611111,2.2359622013194445,1.0566017430555557
2024-06-12,1730611.1659375,45029427.81644468,1.7738015685365855,1.7884906271777006,2.146625255121951,1.0950254305555556
2024-06-13,1618793.061527778,41376176.851088405,2.0749878606597223,1.7684852013888888,2.373502064583333,1.1266625729166666
2024-06-14,1613493.242951389,40588281.22380453,1.801184137361111,1.687581375,2.2194102994097222,1.13885540625
2024-06-15,1569663.6279166667,39803457.85579829,2.246400776388889,1.6203566354166667,2.5528261662152776,1.155803951388889
2024-06-16,1569745.5522916666,39940972.81924797,2.392528907013889,1.6225484270833332,2.6142300799652776,1.1189451562500001
2024-06-17,1609520.8729166666,39458299.97060439,2.241034337395833,1.5101604722222222,2.448146143993055,1.02366578125
2024-06-18,1485644.1089583333,34028250.23865141,1.909574660173611,1.2546686909722222,2.039811037673611,0.9737431666666667
2024-06-19,1496515.3355555555,35645334.58833668,1.6534659253472224,1.23221665625,1.849177026909722,1.1312610659722222
2024-06-20,1455290.6734375,35253370.84989414,1.9134864436458332,1.2369345833333334,2.016168598784722,1.1291522083333332
2024-06-21,1409796.0184375,33462880.64942416,1.9960570065972223,1.315409125,2.0166924089583333,1.0499293055555556
2024-06-22,1372712.651875,32216415.55998878,1.8933844801041664,1.4067238506944444,1.9913575182291667,1.4165767812499999
2024-06-23,1401941.241423611,32488935.992408257,1.5848706156944443,1.4157092604166666,1.7670492577083334,1.1691514618055556
2024-06-24,1421824.189201389,32169319.77161865,2.329748315208333,1.251216753472222,2.297666410277778,1.0518983020833332
2024-06-25,1360326.4414930556,31834758.592906423,1.7205368933333334,1.19367790625,1.8749926238541665,1.1943753680555556
2024-06-26,1343383.0105208333,31627379.440911327,2.064666772048611,1.232336642361111,2.1657535638194445,1.1481870381944443
2024-06-27,1354256.5199652778,32075327.226059668,1.8655797789583335,1.2611914895833332,1.9918616669097224,1.178797482638889
2024-06-28,1362199.6296180554,32567841.980316177,1.8611030779861109,1.274300173611111,1.9819132818055556,1.1660521770833334
2024-06-29,1353826.6005208334,31713413.503529932,1.923910023402778,1.2769127951388888,2.143915886979167,1.2053191944444446
2024-06-30,1324870.5344097223,30845590.869712856,1.8480834019444445,1.2849511805555556,2.0741244262152776,1.2234523541666666
2024-07-01,1316420.1120138888,31169637.531842683,2.014978738298611,1.29254009375,2.074852127638889,1.1801238159722223
2024-07-02,1389050.1381944446,32243360.015734944,2.259596252083333,1.2997157986111112,2.2976530700694444,1.1142006215277778
2024-07-03,1381754.6581597223,31377488.86288254,2.1949911077430553,1.3106516458333333,2.3336817273958332,1.10197540625
2024-07-04,1348492.816875,29191152.511126224,2.2352856406944444,1.2497035034722221,2.3896374641319444,1.1139566493055557
2024-07-05,1354753.028888889,26480109.617286116,1.7535015308333335,1.0397034722222223,1.9094157265972223,1.055219059027778
2024-07-06,1309597.8035069446,27127303.87322275,1.6919233156597222,1.021546628472222,1.8555023637152779,1.0301948958333333
2024-07-07,1241672.1895833334,25419762.806097157,1.7106473389236112,1.0949235902777776,1.7467662246875,1.1642620486111113
2024-07-08,1224575.073263889,24646477.78721193,1.7280953607986111,1.0868089305555555,1.8487225956249997,1.066771138888889
2024-07-09,1190706.782222222,24663819.16735615,1.9394063013541667,1.0932929166666667,1.9525655823958334,1.0736851145833333
2024-07-10,1191082.9410763888,24906354.085166454,2.1638155085069446,1.1171553333333335,2.0722278608680558,1.0784136909722222
2024-07-11,1179834.6295833334,24838011.589635238,2.022426560138889,1.1284747986111112,1.9025946537152778,1.1887319652777777
2024-07-12,1172959.9417361112,24720636.9336562,1.8765313739930558,1.0950174027777777,1.7941105681597225,1.1240460034722224
2024-07-13,1200397.6527777778,26326607.187399827,1.9830611830555556,1.1375789374999998,1.8967278083333332,1.143765076388889
2024-07-14,1264095.9575694443,28313832.004263498,2.0782586764583333,1.1553155208333332,1.974408863298611,1.1291109930555556
2024-07-15,1279286.0156944443,29519977.877339844,1.7594454993055555,1.1479047777777778,1.7405825880902777,1.1384131875
2024-07-16,1301801.1819097223,30591744.844496533,1.668126888576389,1.1300247430555557,1.6619621799305557,1.08467471875
2024-07-17,1328154.4838194444,31173873.376578543,1.692914974513889,1.1990462291666666,1.7164481289930555,1.0977389826388888
2024-07-18,1300321.3686458333,30029694.544233978,1.5453772420833334,1.233873184027778,1.589394613125,1.13827884375
2024-07-19,1273785.7888541666,29423289.201952204,1.4135638038888887,1.2554016875,1.4932751859375,1.0763774930555554
2024-07-20,1314037.1921180554,31188323.330406368,1.5275128432291667,1.2902070902777778,1.5241881677430555,1.1671038333333332
2024-07-21,1309865.090138889,31115449.83432987,1.5938044769791668,1.3221223923611112,1.5488723300347222,1.1420857256944443
2024-07-22,1283440.1678125,30299417.7604153,1.6929688253125001,1.3384319930555555,1.6314812878472222,1.1058164895833333
2024-07-23,1379834.5458333334,33358997.1021783,1.4916752503819444,1.2688294930555555,1.528811614340278,1.0205757291666666
2024-07-24,1446183.1637152778,33939333.74860099,1.4637050036805557,1.181111611111111,1.5765620574305557,1.0925505312500001
2024-07-25,1326462.0534027778,29192744.795988,1.512731666111111,1.121303875,1.6865575869444445,1.0655072986111112
2024-07-26,1275408.2455555557,28786817.147365656,1.3275237297222222,1.0510859097222223,1.5018456610763888,1.1403109652777779
2024-07-27,1232712.6452430554,28293552.443832826,1.3589839707638889,1.0956697534722222,1.463744307638889,1.1205349618055556
2024-07-28,1226766.0273958333,27780286.195417266,1.4928217773958332,1.1329804201388889,1.627304462048611,1.227110736111111
2024-07-29,1227405.9591666667,28307094.725417696,1.5679917024999999,1.1620806006944444,1.7261948231944446,1.0604411249999999
2024-07-30,1206506.1220833333,27317919.392760683,1.7402787871875,1.2014754340277778,1.8562901838888888,1.057942795138889
2024-07-31,1189997.8851388888,26469042.152354345,1.6552563238541667,1.182840888888889,1.8152232417708332,1.1208211354166666
2024-08-01,1168329.6710069445,25152658.451125618,1.763646192361111,1.2467938541666668,1.9047342863194443,1.0741310694444444
2024-08-02,1142609.158263889,23880469.3006486,1.922702402222222,1.3199332291666666,2.0153616539236108,1.0438789305555556
2024-08-03,1155489.074236111,23225041.317646895,1.8487316046180555,1.2774008576388889,1.9977605696874998,1.1194765451388888
2024-08-04,1142816.7891666666,22162819.0558162,1.8046545254861113,1.238213267361111,1.9613550859722224,1.0642871666666667
2024-08-05,1102598.2424652777,18943191.027011074,1.7647278212847222,1.1536823194444445,1.7740520196874998,0.9910568194444446
2024-08-06,1150467.108402778,20873969.291871857,1.7578199328819446,1.0638499548611111,1.821063008298611,1.0868648333333333
2024-08-07,1131342.0405208333,20546158.56674458,1.691249574375,0.9679781076388889,1.7733214091319445,1.0651154513888887
2024-08-08,1097379.6230208334,20711655.747741323,1.5900046120833333,0.930032829861111,1.6974822386111112,1.1308317847222222
2024-08-09,1043296.3326736111,20256322.187641043,1.7058983476388887,1.0404734305555554,1.6839511973611112,1.0408498854166668
2024-08-10,992503.2688888889,19233719.2814734,1.8018631305902777,1.1179760243055556,1.7758579392708334,1.1699516805555554
2024-08-11,1016841.8624999999,19442610.47002866,1.7839434121875,1.1321735034722222,1.7919981699652778,1.1876788958333333
2024-08-12,1022580.4514583333,19203614.913191017,1.7872733544483985,1.1505345765124555,1.8422882158362988,1.159343329861111
2024-08-13,1087980.2896527778,20665603.223082054,1.8443375284027779,1.1756419166666667,1.8232723427083333,1.0578417534722222
2024-08-14,1106676.2639583333,20987948.89607592,1.9242295139930556,1.222822361111111,1.8585826929513887,1.080198951388889
2024-08-15,1083476.7288194443,20291166.401338562,1.7642884445138889,1.1723042291666668,1.7443591390625,1.1884610868055556
2024-08-16,1094103.20375,20427756.561330453,1.5243000902430555,1.107295298611111,1.5753418023958334,1.2382331180555555
2024-08-17,1101867.9955555557,20618599.49739165,1.5280919079513888,1.0816479305555555,1.5437872865277777,1.2086779930555556
2024-08-18,1086271.7109027777,20485619.229053542,1.591120126076389,1.07285321875,1.5971815340972222,1.3044784409722223
2024-08-19,1059521.117361111,19934944.767296176,1.7176687212847221,1.06662628125,1.7008547979861113,1.1558556666666666
2024-08-20,1061808.6729513889,20248069.951987103,2.0013752875347226,1.1024055069444445,1.9125454820833332,1.1277892013888888
2024-08-21,1088251.1881597221,20836180.35004793,2.0787106908680553,1.1045821111111112,1.920396261215278,1.253357704861111
2024-08-22,1146753.4732986111,22319711.84064967,2.1885016663541665,1.1600255729166666,1.8426676914236113,1.1638596597222222
2024-08-23,1194392.1771180555,23922969.18745242,2.155155217638889,1.1999198402777778,1.8279380944791666,1.1727507534722221
2024-08-24,1203203.8373263888,24790522.550428793,2.2368996006944446,1.2372368472222222,1.940357518923611,1.280004670138889
2024-08-25,1186239.42875,23978747.653903887,2.254843447083333,1.2494729652777776,2.0175879038541664,1.0804325416666667
2024-08-26,1179763.4082291666,23427299.999162666,2.1725645040625,1.2453170902777777,1.9797209864236112,1.066098170138889
2024-08-27,1171785.0080902777,22504585.076148175,2.0640233930208334,1.1908751180555557,1.94182652875,1.144985045138889
2024-08-28,1126882.1669444444,20846090.866744146,1.830194997083333,1.1545995243055556,1.8293736434375,1.1061406180555555
2024-08-29,1112210.5908333333,20741462.590824466,1.8675797914583332,1.1779812291666667,1.8802519805902778,0.9965170173611111
2024-08-30,1118851.1575,20602411.58985671,1.8966562081249998,1.1959598506944444,1.9036687633680556,1.2023450590277778
2024-08-31,1090130.6070833332,20059120.058062363,1.9141902306944445,1.2010328541666668,1.8697778652083332,1.171954753472222
2024-09-01,1105443.7222916665,19956284.740896806,1.9038284135416665,1.18877184375,1.8952585973611111,1.0807365451388888
2024-09-02,1116792.5113541665,20019334.543337956,1.9457404190277776,1.1316742708333334,1.9743536544791667,1.2046819895833334
2024-09-03,1145891.6451736111,20616451.7218783,2.2094244039583333,1.102853451388889,2.119451664722222,1.0258420486111113
2024-09-04,1109207.6420833333,19743822.808317855,2.1107355043055556,1.0801635520833335,2.043710593298611,1.0710151006944446
2024-09-05,1129977.0530208333,20079078.62837623,2.0797479306597224,1.1146912118055556,1.9716639978819446,1.1778179687499999
2024-09-06,1108074.0283680556,19412239.683088623,2.0502267527430558,1.082746621527778,2.0234011572916666,0.9838126909722222
2024-09-07,1127409.708923611,19744687.323400114,1.941120357013889,1.0571490243055555,2.0176668541319445,1.235577232638889
2024-09-08,1124787.4185416668,19957055.858641837,1.9918556297569445,1.054430125,2.025794833576389,1.2393079340277777
2024-09-09,1118530.2086805557,20237048.79687679,2.1088611773611112,1.0755339756944444,2.045605472673611,1.1844588958333333
2024-09-10,1119528.300486111,20573047.469713572,2.2310755394444444,1.0710642361111111,2.084277959236111,1.1400904444444444
2024-09-11,1167133.4191319444,21425693.471313696,2.4328391772916667,1.151216875,2.2185070580555557,1.175068784722222
2024-09-12,1196144.1873958334,22105665.32050332,2.5011408541666666,1.1815293333333332,2.245429875034722,1.2232673055555554
2024-09-13,1201631.9081597223,22233933.980422385,2.510945873333333,1.1526239652777777,2.1942952096180557,1.2605956805555556
2024-09-14,1199317.5430208333,22365829.99110104,2.446286272777778,1.1760273020833332,2.103441055173611,1.2706042465277778
2024-09-15,1175566.2821180555,21558819.73680725,2.5222508476041665,1.1383079583333333,2.2871710546180553,1.4556293055555556
2024-09-16,1184279.8715277778,20967766.9808615,2.2925646363541663,1.0615110069444444,2.311292833784722,1.1188052152777779
2024-09-17,1178004.7147569444,21088813.978988722,2.1070013128125,1.0457790625,2.1732065260416666,1.2465996493055556
2024-09-18,1135639.2017361112,20207401.35356027,2.132008676597222,1.0132636805555555,2.173931395,1.14100665625
2024-09-19,1141288.5271527776,21304955.271866873,2.219180244479167,1.0372768020833334,2.0479745605555557,1.2205326388888889
2024-09-20,1225464.37375,23220158.378633164,2.441567742673611,1.1315283784722223,2.188171958020833,1.22125603125
2024-09-21,1273463.442361111,24384171.704944544,2.4892770269097224,1.2215850451388888,2.2188452959375002,1.3996097812500001
2024-09-22,1249435.223125,23692873.98732473,2.5294425280208332,1.305125125,2.210253504791667,1.1548625659722223
2024-09-23,1193275.7027430555,22803173.551011566,2.4857506392708335,1.176410173611111,2.23156685375,1.229573861111111
2024-09-24,1191289.1238888889,22746158.962613985,2.4672104351041666,1.1971754097222223,2.2207210113541667,1.137301388888889
2024-09-25,1206321.1423958333,23494989.162927337,2.375492907604167,1.197423295138889,2.0756409447569446,1.2057486527777777
2024-09-26,1231520.8253125,24506862.891425285,2.2059904155902776,1.2021099930555554,1.9783867698611113,1.118043951388889
2024-09-27,1276208.3292708332,26379269.075008105,2.1541676649652777,1.1860056944444444,1.9398726083680558,1.11982021875
2024-09-28,1324411.0866666667,27220306.0422883,2.1688990246180553,1.2290477604166667,1.9344692787847224,1.1860547847222223
2024-09-29,1328378.0912152778,27194816.597340804,2.1936862888888893,1.2340102847222223,1.9954391714236113,1.120556829861111
2024-09-30,1352476.2749305556,26871048.72362213,2.462705029236111,1.3006659652777777,2.2651819911805555,1.1143787152777778
2024-10-01,1325845.6856597224,25505114.894106224,2.4722328062152776,1.2557193506944444,2.304448254965278,1.0505786180555556
2024-10-02,1285491.6860763887,23531943.56393675,2.1967480609722223,1.1937087395833332,2.1814112062847224,0.9784127256944445
2024-10-03,1314929.6937152778,24018096.239474997,2.077131390763889,1.0728998402777778,2.141361383125,1.056735611111111
2024-10-04,1258238.1697916666,23405056.020641703,1.9031107216319445,1.0176592500000001,1.9954555858680554,1.2942661215277778
2024-10-05,1192107.0959722223,22199984.15308865,1.8685177556944446,0.990896704861111,1.9730957269791665,1.2212618055555557
2024-10-06,1262039.3962152777,23546478.694044616,1.8419619698611112,1.037955954861111,1.9260435070833333,1.168978986111111
2024-10-07,1280683.4196180557,24147140.107543387,2.011415928229167,1.0700736736111112,2.0254903682986107,1.1472339201388888
2024-10-08,1241160.3837847223,22967332.023109656,2.3436823575347225,1.0585610069444444,2.3206347061805555,1.0871149895833332
2024-10-09,1244425.9427083333,22793627.59561625,2.338571788888889,1.0468141041666668,2.3249237252430555,1.093515795138889
2024-10-10,1299167.466875,23619847.343060266,2.2911688943402777,1.068056798611111,2.3333790511111108,1.1209724027777779
2024-10-11,1294460.1654166665,23823643.851541027,2.3761831379513887,1.079481232638889,2.4445792105902777,1.3064238090277778
2024-10-12,1267230.2486458335,23742653.97899137,2.397264819166667,1.064183045138889,2.3515362506944446,1.5345910659722222
2024-10-13,1270089.9502083333,23603721.76727219,2.4335125089930556,1.0909768506944444,2.2997526501388887,1.1731327777777778
2024-10-14,1286492.3970486112,24530093.579503696,2.410343220034722,1.1265618784722222,2.0885349988541666,1.1176205833333333
2024-10-15,1322566.5515625002,25473870.279386953,2.6786771524305557,1.2282280590277777,2.1621053613194445,1.1038552430555555
2024-10-16,1342946.4943402777,26113141.30341337,2.584387832534722,1.251703732638889,2.138460370277778,1.1386898506944445
2024-10-17,1325202.9977430557,25330379.948091894,2.6117818253819447,1.2930995069444444,2.2544435464930555,1.1104073333333333
2024-10-18,1339549.8056944446,25699174.109706413,2.499169667326389,1.3131405208333333,2.205137185763889,1.267823701388889
2024-10-19,1355764.4286111111,26403215.379216,2.381756807395833,1.269502152777778,2.115106585520833,1.2273401527777779
2024-10-20,1402708.3583680554,27783210.683148574,2.34987097125,1.2126723541666666,2.039626828611111,1.305608642361111
2024-10-21,1420305.5569097223,28082705.663728077,2.6464186389930555,1.285381625,2.2685997211805553,1.0715249687500001
2024-10-22,1398754.6941666668,26831915.408691797,2.6544639143055555,1.3585539965277778,2.332212941284722,1.1004597152777778
2024-10-23,1459490.0861458334,27320285.458527412,2.5239590536458336,1.3639025590277778,2.3280611889583334,1.1793948819444444
2024-10-24,1433382.7238194444,26882128.574858725,2.372261167986111,1.3307094652777778,2.2664966569097222,1.1086385625000001
2024-10-25,1369789.1258333335,25950201.64402379,2.1148201614583333,1.2993010590277778,1.9076967603819444,1.0952673090277778
2024-10-26,1374111.1934375,25123574.925551236,2.064780814548611,1.2450196527777777,2.0317348751041666,1.0563298819444444
2024-10-27,1369472.0730208333,24990954.57087392,2.0383964361805558,1.2456053645833334,1.9810648135069444,1.236371673611111
2024-10-28,1356753.8039860139,25079552.419342916,1.9731934617482516,1.2866749860139859,1.8273281565734265,1.244719979020979
2024-10-29,1303172.6342013888,25071168.25600105,2.0016000708680557,1.2877834270833333,1.7038486155902777,1.13155975
2024-10-30,1328058.8684722222,25886505.467977714,2.2430444959027778,1.33301696875,1.8006866661458334,1.2612138090277778
2024-10-31,1358677.4994097222,25843494.444814812,2.4046190598958335,1.4036460208333332,1.9992743875347223,1.127697486111111
2024-11-01,1340750.845798611,24836434.765802093,2.4473648631250002,1.4168117569444445,2.1783551957291665,1.0846406979166667
2024-11-02,1316773.086111111,24081276.79871687,2.3624165560763886,1.386982315972222,2.1243988651388888,1.1995601979166668
2024-11-03,1362576.9087152777,24274713.224200685,2.431029324270833,1.1701893854166667,2.2386036694444447,1.0255526423611112
2024-11-04,1418212.2204166667,25189940.292775434,2.40009466375,1.1344361145833333,2.2428937414583334,1.0752240208333332
2024-11-05,1365265.110625,24576461.73249692,2.2772559040277778,1.143809482638889,2.198413476736111,1.196081847222222
2024-11-06,1318839.639409722,25215988.943258435,2.2870965343750003,1.157619142361111,2.187336037291667,1.1629773159722223
2024-11-07,1440315.3724652778,28923351.132012855,2.3198501252083332,1.2764081388888888,1.9568138451041668,1.0848429895833334
2024-11-08,1424074.5688888887,28752094.115376625,2.356283392013889,1.3591450347222223,1.9874093964236113,1.1865844583333334
2024-11-09,1541274.1473958334,31898187.886519313,2.333923750625,1.4195135138888888,1.9984927991319443,1.126566795138889
2024-11-10,1792334.1649652778,41025605.484454826,2.320210437152778,1.551924125,1.9621520443055556,1.0400019722222222
2024-11-11,1810526.2117361112,41766919.59343356,2.4380175432986113,1.8606875243055556,1.9122410485416665,1.0449949444444444
2024-11-12,1636199.4416319444,37686393.41894505,2.7482778278124997,2.198306329861111,2.0342770263194447,1.0106122465277778
2024-11-13,1560292.5202430554,34509941.659996636,2.4269071055555553,1.9334173020833332,1.8862085685069445,1.0115665208333333
2024-11-14,1477402.494375,32853780.5014573,2.2005075025347223,1.8232144340277776,1.8786941444444443,1.0016680625
2024-11-15,1549390.4213194444,34770216.17353689,2.0492869531249998,1.6847865208333335,1.7927623615625,1.0254455868055556
2024-11-16,1826982.3431597222,46622398.303529374,2.098651177013889,1.5852222708333334,1.851753268298611,1.0581698680555556
2024-11-17,2003484.3096875001,53501350.3894926,2.6201322322222222,1.2455078368055554,2.329776582743056,1.010481434027778
2024-11-18,1888445.686076389,50026802.06085995,2.752632241041667,1.1486074930555557,2.5090449085069446,1.0188857118055554
2024-11-19,1743156.572986111,45857786.3513959,2.6784766934375,1.164811986111111,2.4575951078125,0.9927479305555555
2024-11-20,1653721.2255555554,42463647.04291729,2.194872114722222,1.2483798541666666,2.095257218263889,1.0334945833333333
2024-11-21,1619153.493402778,43362539.315092705,2.264112773263889,1.2502603958333334,1.965915126840278,1.0113940416666667
2024-11-22,1659727.291736111,46323684.13906148,2.5697192822916666,1.2725758958333335,2.0102463829861112,1.0107112569444443
2024-11-23,1727429.4734027777,51431426.70049624,2.719738772951389,1.342697423611111,2.020218797916667,0.9984482222222222
2024-11-24,1716482.833125,49848054.26430662,2.8368764574305554,1.4096674027777778,2.2447250998611112,0.9937216145833333
2024-11-25,1736822.6803125,52209588.78938609,2.8943733439236112,1.4449200833333333,2.3189725359374997,1.0218979305555556
2024-11-26,1803021.0863194445,51867509.56173905,2.8845477588194446,1.57856325,2.485652918090278,1.00073321875
2024-11-27,1737529.8100347223,51926094.29596991,2.6143905588541667,1.561700378472222,2.2202299119444446,1.0562874027777778
2024-11-28,1962723.9397916666,62832705.28043082,2.7910023136805555,1.7377278645833334,2.187273237951389,1.0179046319444445
2024-11-29,1953271.7586805555,61911582.36876766,2.899863995277778,1.5823993194444443,2.2711835500694444,1.018520027777778
2024-11-30,1920658.8152083333,63130233.70962604,2.9839576443402778,1.590198454861111,2.366495894305556,0.9933288472222223
2024-12-01,1977314.1685416666,64232570.31334987,3.1515099257986114,1.5843747847222223,2.4606848938541663,1.0180763194444444
2024-12-02,2144448.7289583334,70724580.03405349,3.070811082569444,1.6750762083333333,2.411754207604167,0.9872123159722221
2024-12-03,2266331.197743056,75620093.52865055,3.245002933090278,1.9763512881944445,2.3821059074999997,1.0679038333333333
2024-12-04,2432854.4405555557,89302320.93400887,3.551523420277778,2.248493961805556,2.553012572361111,1.0072577430555556
2024-12-05,2484575.971701389,91258110.26992153,3.9339918352083334,2.482111190972222,2.8778589940277777,0.9599580937500001
2024-12-06,2545181.7134722224,94295371.73408762,3.6304557301736113,2.3577837326388886,2.8698496225347223,1.0103040659722222
2024-12-07,2898724.593958333,108696010.4719255,3.993708847951389,2.3285364027777775,3.1060783241666665,1.042564482638889
2024-12-08,2602258.0880555557,95782918.00487627,4.253707626736111,2.388189822916667,3.3709269619444444,0.9650408055555556
2024-12-09,2393403.9190625004,82845219.9186359,3.8409418346527775,2.5105247395833334,3.177319117534722,0.957994670138889
2024-12-10,1973501.97875,60108775.82228395,3.0655914319791666,2.1750780555555553,2.8219553224652776,1.0086441319444444
2024-12-11,1987940.760277778,63044898.58091317,2.748869233576389,2.0336108645833333,2.406385086597222,1.1017006493055554
2024-12-12,2054502.3614930557,70527036.20567062,2.6560423895833334,2.209759215277778,2.2280992537152775,1.0298529895833335
2024-12-13,2107740.8575347224,71715338.61095968,3.0070250591666667,2.483315184027778,2.4263985599305555,1.0408960590277778
2024-12-14,2149175.697777778,71129345.46854047,3.110700364513889,2.525003916666667,2.512115028333333,1.0320602187499999
2024-12-15,2059888.5786805553,67770185.70330678,2.891696553090278,2.4254547222222222,2.3550713502777776,1.033194392361111
2024-12-16,1997547.3843055554,66923042.768160194,3.2398835684375,2.442535965277778,2.6898714235069447,1.076582125
2024-12-17,1987055.349861111,65961530.431490384,3.3516764135416666,2.597879548611111,2.8345255955208333,1.0834760729166666
2024-12-18,1962331.1113888891,61773775.181536965,3.187646749861111,2.459845666666667,2.7344042089583334,0.9857931041666667
2024-12-19,1898787.832777778,54352583.01852346,3.112172814652778,2.214509402777778,2.7374996253819446,1.0168782048611111
2024-12-20,1790626.1517013889,47207216.46485755,2.6564163972569443,1.8058226631944443,2.351040653402778,1.0210366666666666
2024-12-21,1663720.0823958335,44818451.983439505,2.6763694864583334,1.8109772673611113,2.3032946213194445,1.0332371215277778
2024-12-22,1633503.3469791666,42608692.682324566,2.439034191701389,1.8929953055555555,2.0841962243750003,1.0434167777777779
2024-12-23,1657090.7630208333,43867302.85467991,2.511960050347222,1.9109464444444444,2.209570123888889,1.0778768611111111
2024-12-24,1709420.070798611,47098951.51354462,2.8103832892361114,1.9959476979166668,2.3651379926041667,1.1724153159722224
2024-12-25,1738106.1801388888,47771601.97702353,3.1231049734375,2.2615056805555556,2.5250327901041665,1.131863184027778
2024-12-26,1756374.9170833332,46104237.76206651,3.1154377969097222,2.148663232638889,2.5728166576041667,1.1294998298611112
2024-12-27,1770743.3448958332,46569067.05576727,2.7787356619444443,2.1000706805555556,2.347294941423611,1.14727034375
2024-12-28,1768225.38125,46297487.67533919,2.8185798668055555,2.109420881944444,2.404874437361111,1.24725221875
2024-12-29,1798886.1526041667,47104998.588985905,3.0237703303472223,2.062549333333333,2.483153883125,1.0842612291666667
2024-12-30,1816962.5532291667,46652405.88666906,3.0969047741666667,2.022441704861111,2.6839404248958334,1.1661889965277779
2024-12-31,1880499.0797222224,47583207.98307247,3.0455428635069444,2.0755785069444443,2.6311585823611114,1.1106328055555557
2025-01-01,1928420.8728819443,48604604.74788953,2.927646297222222,2.1382270520833333,2.554714107534722,1.1964530902777777
2025-01-02,1923033.966840278,51172946.63625148,3.0867452491319445,2.1182226006944442,2.4457567678125,1.1051343125
2025-01-03,1952566.0916319443,53769199.87348217,3.211262458680556,2.1443038055555554,2.47488230875,1.0502569618055555
2025-01-04,1945843.4498958336,55074896.045806244,3.6301973081597225,2.4215879513888887,2.7909970956250003,1.1648659375
2025-01-05,1926774.7749652779,53960149.21999119,3.869843403993056,2.393743857638889,2.9991896547569445,1.1047713506944445
2025-01-06,1915809.0655208332,54382504.18911903,3.5640120593750004,2.5410117256944442,2.6204091770486113,1.1637132083333332
2025-01-07,1902487.2948263888,52707816.1933228,3.628039671111111,2.568280170138889,2.8217037202430557,1.0806670694444445
2025-01-08,1868016.812013889,47509448.87124703,3.3330855840277778,2.4443453055555557,2.8545708548958335,1.0377560381944444
2025-01-09,1810819.482361111,45378699.40669271,3.2109797434375,2.2511155729166665,2.7117219773958334,1.0941002291666666
2025-01-10,1811026.3331944444,46001003.95326302,3.0276422225,2.1168861770833334,2.5545518711805553,1.2042165277777779
2025-01-11,1814856.7697916667,46132815.88966254,3.305174930416667,2.2664895555555558,2.678901497152778,1.0935493333333333
2025-01-12,1795760.4197569443,45692230.5712555,3.3578225239583332,2.2591141666666665,2.6673680053125,1.1185715208333333
2025-01-13,1843071.7644791668,44664613.54905632,3.446524863159722,2.2150576666666666,2.885024422326389,0.9982598055555556
2025-01-14,1786217.1998958334,44745808.41512731,3.081488697013889,2.193941732638889,2.6166199838194446,1.170420878472222
2025-01-15,1810773.071527778,46656962.5079706,3.477367165,2.4162291944444445,2.7890776675,1.2598135520833333
2025-01-16,1879946.9905208333,50275449.27800757,3.823437594409722,2.5178431319444443,2.7654102060416665,1.1621003368055556
2025-01-17,1970169.292326389,54854698.125768095,3.6011404580902777,2.776532802083333,2.568218609513889,1.207529121527778
2025-01-18,1820084.5674305556,49273947.84367711,4.238957467638889,3.2516030625,2.946688533159722,1.0691063958333333
2025-01-19,1825310.3419791667,48605288.632810526,3.6281827197222225,3.1715694548611113,2.7742119655208333,0.996643625
2025-01-20,1806472.9133333333,47454907.62984945,3.057894263125,2.7589601805555555,2.4711212019097224,1.0493443680555556
2025-01-21,1795350.0434375,47170452.373752974,2.8991302392708334,2.9000733194444446,2.2974199097916665,1.0610261458333334
2025-01-22,1927270.6875347223,51844006.49493534,3.0138014596875,3.081575847222222,2.3100870752430556,1.0660398125000001
2025-01-23,2060751.918263889,56836386.706426196,2.4644276240213525,2.581003767361111,1.8896713531250002,1.0642354479166665
2025-01-24,2275934.015590278,64141839.519342355,2.710193092847222,2.7373483194444446,2.0700960347916664,1.1192083194444444
2025-01-25,2102867.4006597223,56875179.19505676,2.723551994409722,3.1143741666666664,2.273389379826389,1.0954161666666666
2025-01-26,2056214.0,55197501.85818876,2.7133628305208335,3.0785476944444445,2.2904224003125,1.0995910902777777
2025-01-27,1912648.8804861112,48894370.525258854,2.9390818563541665,2.5003338055555555,2.4742053291319444,1.0397921875
2025-01-28,1853355.5331944444,47595121.29617426,2.4931098647222223,2.696067486111111,2.135971566076389,1.0606440625
2025-01-29,1786306.0540277779,45432722.72425606,2.699252674826389,2.7409924756944446,2.2360309610416667,1.0784295416666667
2025-01-30,1803596.6169444444,47325784.117343575,2.295201416701389,2.8481769895833335,1.9335359606597224,1.1438044722222223
2025-01-31,1855180.8069791668,49456001.99016886,2.654902348472222,3.2343406944444446,2.0707024080555554,1.0918735902777776
2025-02-01,1968622.9794097224,51680522.23243937,2.929894007013889,3.3832249479166667,2.3440605327083333,1.0459342777777776
2025-02-02,1957101.3049305556,47139575.36793241,2.8208207106944445,2.901592625,2.4517537651388888,0.9459592534722222
2025-02-03,1884362.421145833,38061688.99029246,2.243501011527778,1.995927375,1.828338081748252,1.013209548611111
2025-02-04,1667469.874861111,34976773.71754101,2.1628188544791667,1.6842696701388888,1.7859229651041666,1.12083353125
2025-02-05,1644820.8663888888,34307797.231245846,2.1109111127430555,1.8695448506944443,1.7262480448263888,1.1200513819444444
2025-02-06,1593961.5974652776,32605103.727128558,2.123752175,1.8790910208333333,1.7695328521180556,1.0399641215277777
2025-02-07,1494439.9313194444,29941694.801674325,2.1347945479166666,1.8168099548611112,1.7845557270833332,1.0593013125
2025-02-08,1445439.6945833333,28754619.81583016,2.0325263206944446,1.8593713055555554,1.7354381109027779,1.146530701388889
2025-02-09,1385973.3955555556,27987941.65672866,2.2614125805902776,1.869543888888889,1.8597528204513887,1.2103789895833335
2025-02-10,1333202.139375,27234946.22867261,2.4508744816319443,2.134483517361111,1.986139351875,1.1419990520833334
2025-02-11,1378716.2088194443,28600301.682164237,2.519963871180556,2.1705041666666665,2.0428859444791665,1.0669055520833333
2025-02-12,1339596.4332291665,27547939.45899635,2.409448472534722,2.171542715277778,1.9752428278125,1.0733196493055557
2025-02-13,1407147.7057291667,29765195.32246629,2.7313851433680556,2.248251222222222,2.04368659375,1.0553535069444444
2025-02-14,1419878.1895833334,30302950.91482921,2.696651813472222,2.251234920138889,2.022769189722222,1.1105337152777777
2025-02-15,1385006.319548611,29190019.924698867,2.533972939375,2.2656606840277775,1.9799725495833331,1.04831090625
2025-02-16,1396582.5315277777,28745785.641188987,2.491270341597222,2.1863399131944443,2.0867732724305554,1.1566552881944443
2025-02-17,1394675.7153819446,28986028.957943276,2.3446259465625,2.0817720347222224,1.9631590526041667,1.1368312534722222
2025-02-18,1435123.4115624998,28933931.854683127,2.277027576597222,2.0576323541666666,1.9526260094791665,0.9798520555555554
2025-02-19,1448164.292013889,29954281.62524583,2.218497080972222,1.9514013055555555,1.8769265935069446,1.100221986111111
2025-02-20,1540999.8689583333,32449309.123380184,2.572790836423611,2.0648684895833336,2.0346938104513885,1.107905298611111
2025-02-21,1560878.0547222223,32520279.974303324,2.7287690501736113,2.08839053125,2.2066423788888887,1.124697625
2025-02-22,1470687.6666319445,29984806.387443908,2.3187322027430555,2.112790034722222,2.077338522708333,1.1418332743055555
2025-02-23,1464925.2679513888,30267126.1278495,2.2225534657986112,2.2357156388888892,1.8809389463541666,1.206333017361111
2025-02-24,1498583.0153125,29602677.405438192,2.2777683494791665,1.9636988576388887,1.9858091573958332,0.9888518749999999
2025-02-25,1548854.3271875,28519965.28728885,2.2748656859375003,1.8228809409722224,2.0757617497569445,1.011241138888889
2025-02-26,1533658.0787152778,28863061.38043234,2.1293917975694447,1.7911953368055553,1.9519548209375002,1.1020498923611113
2025-02-27,1587190.0630208333,29900525.572030857,2.085476581493056,2.0349631840277778,1.9788639859027777,1.2300819166666668
2025-02-28,1558519.0022222223,29023123.566062838,2.3106350952777777,1.9193790347222222,2.178238535034722,1.0654175694444445
2025-03-01,1582313.4677430554,30441929.916935008,2.01758616875,2.1206331979166664,1.8782094653124999,1.148835545138889
2025-03-02,1662079.635486111,32809416.727395236,2.0021072657291668,2.179372923611111,1.852722511875,1.1841169826388889
2025-03-03,1719408.6427777777,34122161.6181254,2.4139173230208333,2.638643534722222,1.892394673923611,1.1170280000000001
2025-03-04,1679305.842048611,31051761.39929992,2.424884409583333,2.3127959930555555,1.9985703657291667,0.9926063576388889
2025-03-05,1624965.0284375,32089719.93429239,1.9849712011805556,2.214142871527778,1.6082973262152778,1.1041317708333334
2025-03-06,1824024.512222222,37282266.30591169,2.0747265021875,2.358312055555556,1.6344246459375,1.165212173611111
2025-03-07,1944076.3133680555,39990357.27853888,2.289503997638889,2.5277077534722223,1.7377733668055555,1.112248111111111
2025-03-08,1956166.2271874999,39117810.27591961,2.4806203050694444,2.7783063993055555,1.8423361906944444,1.1808765208333334
2025-03-09,1907042.0390972223,36442929.50396258,2.0930566033680558,2.56576471875,1.7226247036458333,1.0696656840277778
2025-03-10,1738610.6148611112,30998667.766513288,1.8641306958333332,1.962908503472222,1.7046641869444443,1.0966299409722222
2025-03-11,1654433.7068402776,28753658.174057603,1.7873357295486112,1.7290970451388887,1.5988074441666666,1.0809535833333335
2025-03-12,1600347.5029166667,28385008.288716644,1.5850226727430554,1.773571798611111,1.435727521909722,1.1275613541666667
2025-03-13,1537473.8487152779,27325921.54762523,1.5955088136805555,1.7351820243055556,1.4366893878125,1.1567690555555556
2025-03-14,1519475.669861111,27504015.420199964,1.6199528515277777,1.7812568645833333,1.4663558472569445,1.2000261805555554
2025-03-15,1553253.377013889,27940424.03915523,1.7017946285416667,1.8647586631944444,1.5461903441666667,1.1224795625
2025-03-16,1610923.572673611,28425486.84014492,1.783176374548611,1.6922383645833332,1.595768589236111,1.079356597222222
2025-03-17,1564338.640625,27907953.981271848,1.8499005342013888,1.6766878472222222,1.6470558213888888,1.1803198715277778
2025-03-18,1568280.5158333334,27431476.725727513,1.9930205732291668,1.7994855902777778,1.7304271135416667,1.2054690625
2025-03-19,1566721.869236111,28454589.85791746,1.8747498791666668,1.8336332118055556,1.6465479873958335,1.1600484756944445
2025-03-20,1549416.632048611,27949308.339064617,2.097146368159722,2.0205339652777776,1.8119003822569444,1.074833402777778
2025-03-21,1610177.1888541665,28548656.25624475,2.0548651074652775,1.91366975,1.8413031876041666,1.1633200416666667
2025-03-22,1658721.8110763887,29587824.19579883,1.9247831018750001,1.757109423611111,1.7492380436805555,1.190226107638889
2025-03-23,1734189.5016319444,30680587.233777802,1.9958904915277778,1.774968138888889,1.79570876875,1.343775517361111
2025-03-24,1663367.2463194444,30225491.636005435,2.089349325763889,1.8716285208333332,1.7861193766319445,1.1458861944444445
2025-03-25,1670445.8413194446,30622586.78934357,2.1572998978125,1.9361760763888887,1.7681015393750001,1.2444424791666666
2025-03-26,1697429.5434375,31073491.462117836,2.444684821701389,1.9632375347222224,1.9772968702777776,1.1980398472222222
2025-03-27,1718413.0560763888,30978854.129250884,2.360649208611111,1.9507695694444445,1.9623044179513889,1.1657655624999999
2025-03-28,1724197.2328819444,29745484.680020045,2.068937061319444,1.7979627256944444,1.784613064027778,1.1043700277777777
2025-03-29,1705503.4379513888,28654854.30464299,1.830175883715278,1.6383263472222223,1.6891403135069445,1.0543817465277778
2025-03-30,1682000.0675,28036776.10004613,1.9393228057986112,1.6363322118055554,1.8110082533333332,1.0751338506944446
2025-03-31,1670988.3687847222,27764129.590862468,2.004684428125,1.6852010729166667,1.8534818352777778,1.2046794618055554
2025-04-01,1662844.5806250002,28145908.247776765,2.1878310754166668,1.7769144965277777,2.019137962083333,1.1898734583333335
2025-04-02,1701473.0458680554,28243091.178623676,2.235142043159722,1.8580590243055555,2.0398809594791665,1.0599514027777779
2025-04-03,1707021.4911458334,27562226.75659095,2.3294672344791665,1.8036066180555557,2.1634559598611114,1.0504529791666668
2025-04-04,1672656.6474305554,27055949.163049232,2.2869682222222223,1.8527386979166667,2.1268843306597223,1.0954106527777778
2025-04-05,1704714.6153125,27385567.048711598,2.188742601284722,1.9374539722222224,2.053055942847222,1.197284423611111
2025-04-06,1763767.0997569445,27060906.735134177,2.2058177349305557,1.8263810833333334,2.0471069978125,1.1321442395833334
2025-04-07,1778737.0885069445,25177172.109601073,1.9637381020486113,1.74218078125,1.7626439131597222,0.9888802951388889
2025-04-08,1654548.5197569444,23812237.54480689,1.8351788638194444,1.6861924826388888,1.644379606388889,1.045174017361111
2025-04-09,1694880.0317013888,24367115.93854199,1.7987417272569444,1.8108965138888888,1.62472709375,1.0596285069444444
2025-04-10,1621321.0131944446,23990249.695860516,1.9350399504861113,1.8602341180555557,1.6616831666666667,1.0884252604166667
2025-04-11,1575745.473159722,23690828.76535297,1.925641192013889,1.8096528819444444,1.6687865908680555,1.1942725729166666
2025-04-12,1606377.1369097224,24672396.50726472,2.0448877072222222,1.8081669652777776,1.7253323312152777,1.1630513402777778
2025-04-13,1592507.7880208334,24374340.96331863,2.008196808958333,1.8088736493055555,1.6498481865625,1.2471617604166667
2025-04-14,1628598.9218402777,25181640.731497664,1.8382725182291668,1.756589496527778,1.5837791133333332,1.0721527499999999
2025-04-15,1621780.6843055554,24561454.415788025,1.7329935142907802,1.698039425531915,1.5370728142907801,1.1742053715277778
2025-04-16,1617465.8873611111,24057947.849382356,1.6564832107986112,1.6709285833333334,1.4651180389930554,1.157139326388889
2025-04-17,1597136.4593055556,23905331.899402216,1.604084217326389,1.5952851805555557,1.4140448614236112,1.2740110868055554
2025-04-18,1593232.5678472223,24434249.513960637,1.7737108358680556,1.5585103402777778,1.5318579105208334,1.2521623854166668
2025-04-19,1636942.4331944445,25903963.933106933,2.105948654270833,1.5955056180555556,1.6892871336458333,1.2201884062500001
2025-04-20,1656830.9627777776,26366585.080265187,2.3607415969444445,1.8188563680555556,1.7902904801041666,1.2971993333333334
2025-04-21,1684499.9244444445,26982249.73366251,2.2382230144444444,1.8505744305555554,1.6546352025347222,1.1189235451388888
2025-04-22,1771356.330138889,28128580.73098197,2.2647662338194445,1.9943063125,1.7981459883680557,1.234883940972222
2025-04-23,1763910.7364930557,29697406.261174366,2.332816047673611,1.9620998055555556,1.8414591346527776,1.3000184131944446
2025-04-24,1771204.4127777778,29250158.61174714,2.4301180395833333,2.0402786180555554,1.9360551100694445,1.189272857638889
2025-04-25,1755057.7267708334,29968858.044942506,2.4510119820486107,1.8485938472222223,1.9666044630208335,1.1117514722222221
2025-04-26,1728853.669513889,29646309.116175424,2.585038644479167,1.9577488437500001,1.9972595392708332,1.1197253958333333
2025-04-27,1792097.2868055557,30272553.108228784,2.4450692651736112,2.0420831076388892,1.8335102046527778,1.1655683402777777
2025-04-28,1812094.1339930554,30378611.52162895,2.1150794266319446,1.9182446597222222,1.7972037674652779,1.0980766597222222
2025-04-29,1825033.3064583333,31131788.314950332,2.461474714131944,1.7794755520833334,1.9982028986805556,1.090620736111111
2025-04-30,1803842.7642013887,30027335.171403043,2.297165270277778,1.809302732638889,1.935745080972222,1.1953885243055555
2025-05-01,1748250.4648958333,29376268.1819519,1.9475524718055555,1.8709194895833332,1.6966558718402778,1.3721057743055556
2025-05-02,1750652.5297222221,29943015.7609698,1.9531571790625,1.8403368645833333,1.5631507538541667,1.1373867500000001
2025-05-03,1752741.7602083334,29479665.684413966,2.515242051493056,1.960334673611111,1.9401889659722222,1.15857828125
2025-05-04,1718677.819375,28010175.092092834,2.159361580451389,1.7702379305555556,1.9268112405208333,1.1311682083333334
2025-05-05,1760960.8439583334,28215181.69094365,1.6481518861805555,1.5989801527777778,1.5374645719097222,1.2561735972222223
2025-05-06,1742652.6651388889,27649553.686886884,1.6220964800694444,1.5640927222222223,1.4972504219444445,1.166232375
2025-05-07,1717104.6080208335,27736773.336104967,1.6765972989930555,1.64542975,1.501064254375,1.07116528125
2025-05-08,1770451.6443055556,30823035.382682715,2.0163509819097225,1.60067115625,1.7003543605208333,1.1672458784722222
2025-05-09,1852258.1026388889,35099590.48402682,2.698162310451389,1.6525343854166668,2.1475721986805554,1.0595867604166667
2025-05-10,1876142.4662499998,36811051.18760213,2.607110174027778,1.7729941666666666,2.0997769391666665,1.0676735451388888
2025-05-11,1893152.6932986109,37833437.384127125,2.672771866423611,2.1518087118055558,2.106602495173611,1.1347499374999999
2025-05-12,1913264.2901736114,38351588.389754124,3.034722059513889,2.274294854166667,2.328503099930556,1.0310420625
2025-05-13,1972644.7561458333,39133058.84235818,2.7941853478125,2.311884940972222,2.1799466561458334,1.0926750277777777
2025-05-14,1994895.8824652778,40247056.23693171,3.279674862465278,2.5827196770833334,2.430776374201389,1.0941910069444445
2025-05-15,1988393.6543055559,38184763.02358636,2.958988848125,2.7116702291666663,2.2650838735069443,1.0836082256944444
2025-05-16,1968254.0889930555,37505390.01886418,2.2716856669791667,2.5924565208333332,1.906732581909722,1.10050765625
2025-05-17,1974554.7574652778,36048719.205071755,2.6935155575,2.7185384930555556,2.086198594548611,1.0453608020833334
2025-05-18,1895369.5200694443,34818151.85668864,2.6669236700694445,2.621190111111111,2.0548773005555554,1.0938083368055556
2025-05-19,1788954.7652777778,32249897.95064415,2.7589595494444445,2.5218665,2.0483249111458335,1.1067935034722223
2025-05-20,1833803.9629166666,33608318.42861582,2.7442066381944445,2.4878483888888887,2.0295214394444443,1.0396025
2025-05-21,1892311.643784722,35256078.85364186,2.808792410833333,2.5701572743055556,2.047279483784722,1.1317728923611112
2025-05-22,1979267.89625,38665482.65829876,2.6996365262847224,2.578441597222222,1.9455796655555555,1.0785180243055554
2025-05-23,2049100.0611458335,39596600.86735415,2.9239397128472224,2.871121170138889,2.040168719131944,1.0547971145833333
2025-05-24,2016828.9356250002,37484023.30660773,2.4472714659722223,2.8218145347222223,1.8018894976388888,1.0246808090277777
2025-05-25,2047371.665798611,37075672.63309962,1.958167339236111,2.6088040243055555,1.5841927635069444,1.0947049861111111
2025-05-26,2052397.9393402776,37780655.37083705,1.9297321792013886,2.6168207604166667,1.5656625821527779,1.0671985173611112
2025-05-27,2045398.2935763886,38003484.61777369,2.1217718664583334,2.6453241701388888,1.641865837777778,1.2214678506944443
2025-05-28,2070523.0874305554,38194948.076993816,2.119689506388889,2.5736118819444447,1.6210716175694444,1.1430527986111112
2025-05-29,2110814.351597222,39175520.230404526,2.032516585416667,2.442865333333333,1.5843370021527778,1.0500714722222222
2025-05-30,2024153.4971180554,35472658.78483052,1.9934017870486112,2.249360774305556,1.6596367273958332,1.0081574618055555
2025-05-31,1979747.5939236109,33328042.080636527,1.7138094115625,2.073581090277778,1.537275148263889,0.9540932673611111
2025-06-01,1945022.3078819443,32850050.75496985,1.661684603923611,2.1489486354166667,1.4896464596527776,1.1444710416666668
2025-06-02,1965373.0953819444,33475107.56980221,1.704284229201389,2.0984958229166666,1.487971020451389,1.2633741354166665
2025-06-03,1988817.6753472222,34979924.183753505,1.9512733304166667,2.0605528993055557,1.6658713477083333,1.1685729895833332
2025-06-04,2008307.8761111114,35231386.736761406,2.026479319201389,2.1571494791666668,1.6208592221180556,1.1265394722222224
2025-06-05,1988144.2879861114,33867317.12365114,1.9722940170833334,2.1162561944444445,1.6651751231944445,1.052078451388889
2025-06-06,1972238.5514930557,32786728.807912514,1.6763042432291666,1.9696725347222221,1.5484914654861113,1.0900029305555554
2025-06-07,1898188.3310069446,32491948.427765463,1.7515583694444445,2.0343285625,1.5596538939583333,1.2769016319444444
2025-06-08,1924034.2260416667,32781774.784523733,2.264378591631944,2.166452743055556,1.8032026701388888,1.2598972708333334
2025-06-09,1944037.9235416667,33117674.028626494,2.108791666284722,2.0831980069444445,1.7302541730208334,1.168620638888889
2025-06-10,1981763.728263889,35768190.91208504,2.2035825547222223,2.081130954861111,1.5986031198263888,1.1057284618055556
2025-06-11,2039512.339201389,37415335.82479667,2.298062842638889,2.3532318506944443,1.6320886868402777,1.0382665625
2025-06-12,2100593.2393402774,37042678.89238709,2.1797156345486113,2.3347979375,1.6924000627430555,1.1014559340277779
2025-06-13,2051777.0822222221,33759513.17690499,1.8226690830208332,1.9669619826388889,1.5764105875,1.0149905520833333
2025-06-14,2014837.9065625002,33641041.37672389,1.7071408277777778,1.9268731354166668,1.4300292233333334,1.2019308333333332
2025-06-15,2045430.9663888891,33975874.39580942,1.7441842856597223,1.8689453888888887,1.5452800648611111,1.1294873958333334
2025-06-16,2043465.3085416667,34922423.536372,1.6890439360416667,1.8098489444444443,1.553972396076389,1.184461517361111
2025-06-17,1957954.8009374999,32789452.623399146,1.852017557013889,1.8919119583333333,1.7120739110069445,1.0361064131944444
2025-06-18,1986436.1748611112,32612418.19421598,1.7894358792708331,1.802021045138889,1.7603495713194444,1.0643396388888888
2025-06-19,1998647.2405902776,33088826.59025739,1.6895471899305554,1.7151442152777776,1.5685557251388889,1.1719563159722222
2025-06-20,2042500.9664583334,33700848.95685914,1.7507980331250002,1.7475651319444445,1.583812973611111,1.0884767604166667
2025-06-21,2075949.8787500001,33172244.600246217,1.6224493473263888,1.6672928819444444,1.6100939699652779,1.1078971597222222
2025-06-22,2010424.9097569445,30612052.714772258,1.5097202128125,1.5710214861111111,1.513296447152778,1.041721826388889
2025-06-23,1931246.9022569444,29967772.028580084,1.5256494356944446,1.6850766145833334,1.4898009185069445,1.014823
2025-06-24,1878921.3235069443,30744582.03753256,1.830309298159722,1.805866465277778,1.6227911962847221,1.181301513888889
2025-06-25,1892721.6611458333,30963598.12971861,2.0374063110069445,1.8078916319444442,1.6513499878125,1.1101788263888888
2025-06-26,1878226.1582986112,30629360.56675244,2.2825379339236114,1.7975632395833334,1.73776544,1.055656420138889
2025-06-27,1855982.5365277778,29897890.583789986,2.604578206180556,1.8197765138888888,2.0855534578472223,1.0894517361111111
2025-06-28,1870595.8753125002,30225089.334224496,2.4977578138888887,1.851218079861111,2.1128547184027777,1.3258369409722224
2025-06-29,1864432.5343055555,30661645.258372102,2.119138520486111,1.8900173819444446,1.640802117361111,1.2055961458333333
2025-06-30,1831504.6571875,30504032.511638258,2.0565636735069446,1.8526505069444446,1.6766776720486112,1.0747256875
2025-07-01,1860834.4365972222,30157418.91968723,1.6818785071875,1.7267274895833333,1.5610337397916667,1.1400251354166668
2025-07-02,1871749.7520833334,30833884.11697742,1.4205004042361111,1.6524034895833333,1.372203623611111,1.2497246493055556
2025-07-03,1968904.8966319445,33609295.51356811,1.7502145702430556,1.8286069305555555,1.5035316096180555,1.1290319826388888
2025-07-04,1937060.8468055555,32013063.93007336,1.8221525643402776,1.8660112708333334,1.5677400740624998,0.9826161979166668
2025-07-05,1863977.9108680554,30357851.309507728,1.549578633923611,1.753463236111111,1.3902750315625,1.2501758541666668
2025-07-06,1847008.6913541667,30403054.108226053,1.558957145,1.7434653125000001,1.360602549513889,1.120147184027778
2025-07-07,1835685.6438888889,30438052.797031924,1.8723234772916666,1.8472213159722222,1.523532940486111,1.106320670138889
2025-07-08,1993110.565451389,33161019.14068675,1.8687021665972223,1.781843236111111,1.5138535353472222,1.2312714027777778
2025-07-09,2156074.6261805557,37050110.54902757,2.4450782896875,1.7555109166666667,1.9334467591666664,1.188020545138889
2025-07-10,2257643.4568055556,40107788.562483825,2.6409640756944444,1.9351240069444442,2.0952959442013888,1.123383107638889
2025-07-11,2323053.168159722,43157422.6899849,2.907944144895833,2.0729419201388892,2.2312604316666667,1.0936122118055556
2025-07-12,2286685.958854167,41700505.041721456,2.9712916977430557,2.227403236111111,2.1956051991666667,1.095539715277778
2025-07-13,2158824.2990625,39590418.094177924,2.641693988576389,2.337916708333333,1.968151355763889,1.0092801076388889
2025-07-14,2160519.7166319443,40567907.06784199,2.0750759568055557,2.522531892361111,1.6184649140972223,1.0921182395833333
2025-07-15,2247421.6632291665,41027534.31507394,2.5194736390625,2.284267003472222,1.8736596681597222,1.1199956527777777
2025-07-16,2284468.170868056,44842423.652002245,2.7033197248263887,2.1338527638888887,2.0366138009375003,1.0224736631944444
2025-07-17,2219413.710590278,44094926.22434853,2.931495544548611,2.2852260625,2.206908311840278,1.030834125
2025-07-18,2561489.0637152777,59206027.378018916,2.7583145951736108,2.07292953125,2.1854712682986115,1.0137295
2025-07-19,2794815.7219444443,66688265.003211245,2.564842463194444,2.095069201388889,2.1155507681597223,1.035532420138889
2025-07-20,2873707.1546874996,71326726.45645371,2.555875842881944,1.86973459375,2.1597219722916665,1.0230583541666667
2025-07-21,2802698.6305555557,68287781.31446913,2.701301686109091,2.2080574327272724,2.2908986098181816,1.10453640625
2025-07-22,2941822.8190625,69772981.18312612,2.662477263992248,2.1697074131944443,2.3243395319791667,1.068576888888889
2025-07-23,2783525.561145833,64792461.78854183,2.776791608611111,2.3024837291666667,2.3317655107986113,1.006438170138889
2025-07-24,2613711.219375,59049827.49274623,2.7224020562847224,2.4207003125,2.225815402395833,1.0318620416666666
2025-07-25,2481243.7276041666,55020623.148964114,2.6927430608680556,2.4206586944444446,2.165746425277778,1.0931717812500001
2025-07-26,2437537.113055555,55794058.12638715,2.630081161527778,2.4129070763888887,2.0703017824652776,1.1907725694444444
2025-07-27,2378096.5117013888,54643804.45746336,2.7768857328125,2.5838161458333335,2.254180702048611,1.0832385625
2025-07-28,2390174.777777778,54323545.44666397,2.7727228047916666,2.6890491180555554,2.2722469938194445,1.0374525729166666
2025-07-29,2384878.9012499996,52369466.00696401,2.0423415827083335,2.7155874166666667,1.8600394784374998,1.1100723229166667
2025-07-30,2316282.5125,49581975.19186053,2.414691479201389,2.823996597222222,2.044653455,1.0603107916666668
2025-07-31,2311513.7313541668,49564776.60064958,2.3533517513541664,2.8320076979166666,1.8890208067708332,1.0246355486111112
2025-08-01,2311167.9135069447,46516829.314422116,1.8791579687847222,2.5139817743055555,1.6801537524652777,1.076401503472222
2025-08-02,2327648.501875,45735913.44924825,1.7894170580555557,2.381327888888889,1.6218394621180556,1.1590025277777778
2025-08-03,2371562.9039930557,46602471.615825854,1.7231850968402778,2.3056800625,1.5869428519444444,1.1306064131944444
2025-08-04,2318917.9559374996,47177458.229179636,1.8955861015277777,2.2212300625,1.6431825909027777,1.06027659375
2025-08-05,2308419.445590278,47120403.9859721,2.763510278888889,2.352103402777778,2.0704568074305554,1.0513210833333333
2025-08-06,2253525.041701389,45238383.03899852,2.625240782465278,2.562532892361111,2.023374821770833,1.07334878125
2025-08-07,2248285.5440972224,46505885.48848772,2.0785229460416668,2.64062325,1.6572806765624999,1.15922315625
2025-08-08,2339430.578159722,51248608.9838686,2.1474339903472224,2.3603119375,1.7326437364930554,1.1074743645833331
2025-08-09,2520059.859340278,58561000.237941965,2.1096256319444446,2.254220565972222,1.8352855355902777,1.0693522291666666
2025-08-10,2511777.648715278,58328153.156105004,2.625461341736111,2.3466895243055554,1.9696607793055554,1.074666111111111
2025-08-11,2450834.353506944,56200965.14908013,2.8134823486805556,2.3855758125,2.162558864826389,0.9993404965277778
2025-08-12,2430101.716840278,55515044.66152575,2.0562443493402776,2.4569799999999997,1.7958196867708334,1.0813905347222221
2025-08-13,2530800.640659722,60623083.41528661,2.5453970507291666,2.4646173333333334,2.106188539444444,1.0906374236111112
2025-08-14,2521785.318402778,58308515.61359121,3.3269249230555555,2.7158503993055554,2.474434287083333,1.0047560520833332
2025-08-15,2361085.478645833,52457334.40433045,2.5041751995833335,2.987661940972222,2.0309300722569446,1.08674825
2025-08-16,2319565.8969791667,51604336.41754798,2.1600659118055554,3.1258424722222222,1.8426806202430557,1.1883751180555555
2025-08-17,2253959.795520833,50719461.29414261,1.9161233726388889,3.1636450590277776,1.6855327417361112,1.144961
2025-08-18,2235093.1397569445,48152608.2357952,2.0657690186111113,3.2915992222222226,1.7022795229513887,1.1437858125
2025-08-19,2370588.755138889,50084482.70957002,2.348709875590278,3.2306401354166665,1.8271973496527778,0.9714964340277779
2025-08-20,2481398.074861111,52183701.468273595,2.104437677465278,2.9839322083333335,1.7136781268402776,1.1615780277777779
2025-08-21,2450438.523888889,52088854.107842624,2.34564667125,3.027835027777778,1.8175870516319443,1.10989459375
2025-08-22,2592173.098611111,58366497.92991814,2.101343263125,3.012676166666667,1.7345154584722222,1.0587363125
2025-08-23,2875043.691840278,69272246.20751144,2.774060172395833,2.895078732638889,2.0535602535069444,1.2298420625000002
2025-08-24,2862452.365243056,67410272.9221217,3.115863775347222,3.159833458333333,2.2446573210763887,1.17055715625
2025-08-25,2702269.513958333,59678921.35453423,2.9724218519444445,3.4218244756944447,2.2741448921180556,1.0146128125
2025-08-26,2604728.453715278,55608407.82549948,2.2040883483333333,2.98553175,1.9910239669791667,1.1327072083333334
2025-08-27,2612014.0081944447,56684843.03413571,2.1419036021875,2.8076569930555557,1.8621319790972224,1.0200329166666666
2025-08-28,2534746.7059027776,54949704.5269294,2.234023791180556,3.058460729166667,1.8847611685416668,1.17433946875
2025-08-29,2565458.921122807,53913130.32631404,1.990072094,3.024815052631579,1.6251411604561403,1.0925166210526316
2025-08-30,2594272.8134375,54230997.634389766,1.7856452143402777,2.7294964826388886,1.5734609597222222,1.1199946145833333
2025-08-31,2578569.680798611,54254180.118883334,1.6961845919444445,2.840302395833333,1.4859878148263888,1.1770026666666666
2025-09-01,2577207.9198958334,53087092.4197988,1.6837540026388889,3.00712278125,1.4247533781944446,1.0555144444444444
2025-09-02,2578715.5248958333,53351644.68021011,1.6658332293055556,3.27669278125,1.4221742266666668,1.1418427256944446
2025-09-03,2631477.8739583334,54831499.10165169,1.9308782198958332,3.4038182604166667,1.5691990746875,1.2574764618055554
2025-09-04,2744248.371597222,55909239.04941558,1.7792647247222222,2.917483684027778,1.4675411834027778,1.1867083402777778
2025-09-05,2748925.9695833335,56182191.42079761,1.6342295491666665,2.6217405069444446,1.4574375705555556,1.1544298159722224
2025-09-06,2768712.6410069447,56055857.934275776,1.6618923740972222,2.6647263229166667,1.5718161740277778,1.2089386041666668
2025-09-07,2784710.9661805555,56701298.43826251,1.692084782326389,2.6283514479166667,1.551578589548611,1.1049781458333332
2025-09-08,2682430.3294444443,55478841.88167531,1.8158951914583332,2.864050763888889,1.5718646443750002,1.106128892361111
2025-09-09,2563724.9950694446,53026953.08913842,1.9904451848958336,2.863552295138889,1.6551649698958333,1.0816737881944443
2025-09-10,2507798.8098958335,51993763.52778053,1.9349913676041668,2.890143746527778,1.5570455477777778,1.0258096597222222
2025-09-11,2454526.2084027776,52144969.85945736,2.055403729340278,2.8476128541666665,1.506023834826389,1.175827357638889
2025-09-12,2493439.698402778,53712104.76023444,2.319775246875,2.7109024861111113,1.6812996012847221,1.1277805034722224
2025-09-13,2502788.4055902776,55274454.30607849,2.4770251446875,2.84670571875,1.8944921755208333,1.0881475729166667
2025-09-14,2556405.062222222,54769245.42099034,2.4991874861458334,3.333730673611111,1.889946107986111,1.0747758819444444
2025-09-15,2670394.2310416666,55132008.65605782,2.0668030721180557,3.2296298402777777,1.6801699316666667,0.9201863402777778
2025-09-16,2719470.0639583333,55483045.04445233,1.9652479451041667,2.7875826979166667,1.6698202954513888,1.0930937743055555
2025-09-17,2785063.052604167,56889551.42274538,2.0036814205902775,2.6948967083333333,1.6928731209027776,1.0023251215277778
2025-09-18,2879432.825625,60346656.037496485,2.1450484101041667,2.6554796909722223,1.5839639349652779,1.1371579965277778
2025-09-19,2894474.206875,59427730.48683268,2.209680264548611,2.620319017361111,1.7527529821527779,1.1845017604166665
2025-09-20,2934278.5890625,59407019.28325131,2.0612215337847224,2.4141613715277774,1.7539732809375002,0.9993273784722222
2025-09-21,3014048.9272916666,60388253.17055878,2.0360191036111113,2.4321117604166664,1.7218836176388888,1.1013948541666667
2025-09-22,2811683.1618402777,52756436.549468584,1.9535570723611113,2.2870748506944443,1.619224161388889,1.0030417881944445
2025-09-23,2711251.9848611113,51066303.191422425,1.8703724580555554,2.1732883506944445,1.6238003951041666,1.0216312916666666
2025-09-24,2702623.938611111,50976200.24241216,1.9517599875694447,2.2752610694444444,1.7089236947916666,1.0821228437500001
2025-09-25,2670916.3476388888,48746071.33116611,2.0208434615277775,2.493303076388889,1.719378492951389,1.0603756805555555
2025-09-26,2554008.0896180556,46339807.632513985,1.9932470984375001,2.4907864583333335,1.7297856299652778,1.072214861111111
2025-09-27,2474238.095659722,45061977.93248307,2.134773854270833,2.820276677083333,1.7778025494791667,1.077057673611111
2025-09-28,2441838.4855555557,44258497.71446046,2.1403798152430555,2.8186265208333334,1.750975597048611,1.1574157430555556
2025-09-29,2428396.2304513888,44796283.80147371,2.3585739270486115,2.7940073333333335,1.8604711962500002,1.1311929479166667
2025-09-30,2455074.9972569444,45072486.86549145,2.30061149625,2.6075280555555556,1.868288436388889,1.1612076145833334
2025-10-01,2432638.7729513887,45882428.384624064,2.3108262354166667,2.6307791111111114,1.8555895279513888,1.1947771145833332
2025-10-02,2629086.605277778,52042151.06483899,2.624558005763889,2.554599590277778,2.1048693010069446,1.073284232638889
2025-10-03,2686182.9032291668,53203227.492071,3.112187551979167,3.4389322881944446,2.4164600107291667,1.1109921493055555
2025-10-04,2594020.230347222,50663336.650168285,2.9798747390972222,3.423646652777778,2.3255187339930554,1.2112751840277778
2025-10-05,2538497.354201389,50015771.90151523,2.7910473121874997,3.4837762708333333,2.231924564305556,1.1467164236111111
2025-10-06,2534394.503402778,50199928.97214809,2.7574714616666665,3.3836903229166664,2.187926969722222,1.1169482916666666
2025-10-07,2512452.732638889,49202459.16548352,3.080941471354167,3.385936847222222,2.3208318989583336,1.0728842847222222
2025-10-08,2499782.92375,48232295.64170349,2.6050799820486112,2.8484152847222224,2.040991891111111,1.1560782743055555
2025-10-09,2556916.6710416665,48774320.03732246,2.856807300902778,2.8010978298611113,2.1611719143055557,1.1420496006944445
2025-10-10,2850944.833923611,53336463.41272934,3.2463286555555557,2.6157267048611113,2.4794532365277777,1.1135207395833333
2025-10-11,2478409.3271875,37010862.62957954,1.9591227645486111,1.8846753993055556,1.6725203818055556,0.9677081979166666
2025-10-12,2412084.1059375,37979654.54944957,1.7154947787847223,2.003289517361111,1.496890953576389,1.004528826388889
2025-10-13,2168992.306736111,37009918.36178016,1.9204360961805556,2.046649375,1.6775713428819445,1.1347822256944444
2025-10-14,1896378.1244791667,31793163.230774283,2.1772803669097223,2.393741916666667,1.878219202951389,1.0937730347222223
2025-10-15,1806511.1825347221,30024420.365182023,2.2354753365624997,2.7575775937500002,1.9374036378472224,0.9553996215277779
2025-10-16,1727570.1969791667,27989938.088867113,2.1384067280902777,2.987483024305556,1.8942372510069445,1.0473681354166666
2025-10-17,1796870.9388194445,27678662.91132365,2.1701797625,2.724821548611111,1.8542670431944446,1.010556454861111
2025-10-18,1791073.6716666666,27696745.17519073,2.131007435486111,2.577545385416667,1.82175130125,1.0695136805555556
2025-10-19,1831075.1836805556,28540987.474846527,2.049102970763889,2.355693614583333,1.729948884027778,1.002028753472222
2025-10-20,1820846.837986111,29100711.041408684,1.9776758223611113,2.1317898368055554,1.6576669611458332,1.0561531597222222
2025-10-21,1774054.3464930556,28268195.010636415,1.9268848798611111,2.379483569444444,1.6088529625694443,1.005681982638889
2025-10-22,1777672.6908680557,27577220.759097833,1.8649494396527777,2.4447528750000003,1.5827823358333335,1.0475477569444445
2025-10-23,1750438.3914930555,27368846.318281565,1.9352307401388888,2.628662295138889,1.5941320978819444,1.028392982638889
2025-10-24,1691772.93125,26757515.750668056,1.7794935282986113,2.9670776840277777,1.4308072419444444,1.2084565590277778
2025-10-25,1631757.3997569445,25993583.515528567,1.9260433269097221,2.9720838020833336,1.5359717814583334,1.1335864375
2025-10-26,1623825.8388541667,26348192.887917917,1.958220336527778,2.818352947916667,1.5737864559375,1.1667497604166668
2025-10-27,1597390.5361805556,26579819.19815984,2.0016987395833334,2.543574059027778,1.6519328881944444,1.0857895034722223
2025-10-28,1580169.5617013888,25778866.802619014,1.9733513035069445,2.6272327291666664,1.6849379804166666,1.065409732638889
2025-10-29,1622186.2232291668,26116240.283992272,1.9336644235069445,2.826612260416667,1.652273214201389,1.0953664340277778
2025-10-30,1759645.4232986113,27347510.516498547,1.9923801054166665,2.7291530868055554,1.6712978537152778,1.0003572013888888
2025-10-31,1844616.889861111,28967858.304557346,1.9640380053472224,2.4642313194444445,1.687772943402778,1.1229531319444446
2025-11-01,1742550.4941666666,28190934.73667366,2.1545964188194446,2.5147184201388892,1.8739548431250002,1.2728883611111113
2025-11-02,1762386.2975694444,28585091.788060382,2.4309167983680555,2.4051647847222224,2.065006755451389,1.1151917847222221
2025-11-03,1822063.0027083333,27865093.123187345,2.3748256347916668,2.460808954861111,1.9941871096875,0.9801667013888888
2025-11-04,1935285.7320138891,28429791.82282245,1.9450746227083333,2.272057996527778,1.6450060264583335,1.0281106076388888
2025-11-05,1968725.9711111109,28440889.550348025,1.5823250552777777,2.349777875,1.3355300242361112,1.0603622708333333
2025-11-06,1966289.422638889,28328838.366334844,1.5426430178125,2.514148524305556,1.3025872217361112,1.1063722569444443
2025-11-07,2495357.139270833,41405178.62706285,1.5717663203819443,2.0478287395833332,1.4045550123958332,1.0737923854166667
2025-11-08,2578574.016215278,43297391.31783146,2.5955785257291666,2.3525658993055556,2.160214189548611,1.1929596180555555
2025-11-09,2245698.4952430557,36091179.94482677,2.853238862013889,2.363029138888889,2.3991697492708335,1.0745240381944443
2025-11-10,2085142.3367361112,33923796.52206467,2.627184429375,2.0507340277777777,2.3110642887847224,1.004618638888889
2025-11-11,1966298.3668055555,31522788.627627917,2.4653538372569446,2.214359951388889,2.1638312314583334,1.0325489097222222
2025-11-12,1859791.699236111,29101369.94459726,2.262536757986111,2.1470749340277777,1.9752763503472224,1.0197054131944445
2025-11-13,1815074.4442013889,27931465.51731391,2.1270124981944445,2.03146253125,1.8209533345138889,1.0844916180555557
2025-11-14,1833201.59,27302128.701189026,2.0299727061458332,2.0742565625,1.7487117222916666,0.9873985381944446
2025-11-15,1867258.0625694443,28587702.246011708,2.098955882986111,2.1623225208333334,1.8413387327777775,1.089272173611111
2025-11-16,1914819.5678819444,28687143.56652508,2.3728515355555557,2.1989741319444445,2.0819401602777776,1.0876524444444444
2025-11-17,1992517.654548611,29380808.89748062,2.2162039879166664,2.2103903194444445,1.8887625969444446,1.1116847534722223
2025-11-18,2006004.6405208334,29113328.09237186,1.993401877361111,2.153764364583333,1.6897782846527778,1.134681298611111
2025-11-19,1992201.0003819445,28424565.624577086,1.9590371890277778,2.126668822916667,1.6552156789930554,0.9888378715277777
2025-11-20,2076412.4050694443,29199412.372648433,1.8422863688194444,1.9578961597222222,1.5604762220138888,1.047409795138889
2025-11-21,2065208.2887152778,27613278.683854546,1.5817187266666666,1.8043719722222222,1.334050597673611,1.1397513333333333
2025-11-22,1977762.9373611112,26607560.03456362,1.7058572455902778,1.8342946249999998,1.4301367359722221,1.0106470798611111
2025-11-23,1934503.7581597222,26415479.154319942,1.802456619027778,1.8744535486111111,1.5331907786458334,1.0435293472222222
2025-11-24,1864672.1668055553,25780180.743330814,1.8310121373611112,1.7919219305555556,1.5574307725,1.2217188993055557
2025-11-25,1820368.9857986113,25474579.084730126,1.8180163948263888,1.8304796111111112,1.533240446388889,1.0985071527777779
2025-11-26,1832316.6578125,25634699.610446807,1.8200326755902776,1.9913362708333335,1.5144914416666666,1.1606130520833333
2025-11-27,1884589.976284722,26349608.335455928,1.871687037638889,2.144482479166667,1.5042068570833333,1.078671298611111
2025-11-28,1903276.9203124999,26295116.89508683,1.6734357121180556,2.0891529583333335,1.3674139290277778,1.0615339548611111
2025-11-29,1884371.0193055554,25840454.565012906,1.7136567464236112,2.024769732638889,1.397177703611111,1.2568894652777778
2025-11-30,1838759.2566319446,25428652.329938255,1.5684638659374999,2.0895176944444445,1.2931502761805556,1.2268072569444444
2025-12-01,1903570.1618402777,24561539.414329257,1.489083650763889,1.8070186701388888,1.206754017048611,0.9429738784722222
2025-12-02,1925349.107673611,25483593.713501267,1.3546745299305556,1.9586516284722224,1.1370367511805555,1.1529773854166665
2025-12-03,1940272.2495833333,26960836.06537178,1.6229623811458334,2.0058097187499997,1.3446055090625,1.2387608298611112
2025-12-04,1939635.648159722,27089373.203116357,2.12116510375,2.164087847222222,1.6394082412847224,1.2003274548611111
2025-12-05,1955311.2950000002,26322147.493514434,1.9039772502083332,2.110136142361111,1.4686415673958333,1.0646207638888887
2025-12-06,1972964.6462847223,26135845.632377766,1.4148830898263889,1.9119438194444445,1.1282530488888889,1.172195013888889
2025-12-07,1940124.3155902778,25640938.162851524,1.560561204201389,1.9570360520833334,1.281254802013889,1.1134285416666667
2025-12-08,1938304.2664930555,25965070.7481924,1.5752145219097222,1.93728509375,1.2707369077083335,1.2384239270833333
2025-12-09,1933040.9464583334,26258862.029986907,1.6731759607291667,1.9022053298611112,1.3521581180555555,1.1546071666666666
2025-12-10,1948477.2593402779,26746063.235423498,1.9606638757291666,1.9131724340277776,1.5314468322569443,1.0791234618055556
2025-12-11,1995793.7111458331,26213821.35981134,1.735731217013889,1.8759293159722223,1.4180542242708334,0.9680925069444444
2025-12-12,2014358.9060416669,26360909.090839084,1.4445861659027779,1.94667821875,1.3166662392708333,1.1124625347222221
2025-12-13,1993563.495833333,26164837.93256624,1.3467411149305555,1.7942504166666664,1.2494079374305556,1.338242388888889
2025-12-14,1976454.5831944447,25613148.673940346,1.3734528675000002,1.8352238541666668,1.284444680659722,1.1471944236111111
2025-12-15,2068501.1890277779,26402919.143814187,1.3683155397569444,1.7507265243055556,1.2398803953125,1.0969000763888888
2025-12-16,2191993.519027778,27209152.47766644,1.345635164236111,1.8155701770833335,1.2135410619097222,1.1951110104166667
2025-12-17,2145922.8225,26517515.366961796,1.447144149548611,1.8007733958333334,1.2977498742708333,1.1517560451388889
2025-12-18,2154632.330138889,25742304.877806775,1.734776284826389,1.7979788680555555,1.5013102725,1.0491962777777777
2025-12-19,2157293.1981944446,26062291.180166025,1.563119807013889,1.7045166979166666,1.3734772175,1.19135746875
2025-12-20,2078580.828402778,25737883.173466608,1.3300803110416668,1.8012053680555558,1.2358675452777779,1.607239732638889
2025-12-21,2081484.6305555557,25414306.750027865,1.585927439375,1.823096902777778,1.3942344231597223,1.3017345208333333
2025-12-22,2067533.206527778,25439351.631690964,1.7520397686458333,1.932559934027778,1.5082974853472222,1.1906893541666668
2025-12-23,2088047.5330902776,25296606.480704255,1.807506071909722,1.926628375,1.53562056625,1.1740591354166667
2025-12-24,2116741.2932986114,25291989.735322118,1.8157743744791668,2.1174075555555554,1.5092631671875,1.0157880798611112
2025-12-25,2123219.9998958334,25416797.804412685,1.7790479656597222,2.289543402777778,1.4770174384375,1.1155622881944445
2025-12-26,2191046.2347569447,25805722.688457042,1.6852188614583334,2.145293722222222,1.4063410940625,1.105673753472222
2025-12-27,2212228.1761111114,26097851.609072197,1.6286433281944444,2.0702430173611113,1.3529224156944446,1.2701045277777778
2025-12-28,2097075.4668055559,25515695.80952068,1.5865664761805556,2.132012802083333,1.3230951832291666,1.2397013680555555
2025-12-29,2047335.9113541667,24843237.840694323,1.7646136827430556,2.2878231701388887,1.4636565170138889,1.1566996145833333
2025-12-30,2051078.2621875,24464621.91204188,1.7745172646875,2.3002484652777775,1.4762220600694445,1.2804642916666666
2025-12-31,2120781.6676041665,24830438.445864093,1.8193233576041667,2.221450395833333,1.4964289695833335,1.1780460416666667
2026-01-01,2162569.099513889,25349554.7125214,1.5223485543055555,2.1347802743055557,1.2996205953472222,1.2500224444444443
2026-01-02,2079296.8318402779,25405148.64758971,1.5232380786458333,2.322075895833333,1.2465373209375,1.2119763749999999
2026-01-03,2089983.441145833,26118928.2983868,1.6169980344097223,2.3462166979166668,1.2745759748611112,1.3570914861111112
2026-01-04,2068871.8166319446,26419058.955255542,1.6528973345833333,2.4037977569444444,1.3151252572569445,1.144576888888889
2026-01-05,2038248.8628819445,26555088.342802007,1.7488887835416667,2.3439932743055554,1.3944266702083334,1.1684531527777777
2026-01-06,2099161.8152777776,27714241.96810733,2.002284393611111,2.1892120381944444,1.5891072742708332,1.2375243229166668
2026-01-07,2079476.0259722222,26954034.44173632,2.041751994861111,2.2240280416666667,1.567468154548611,1.1396638715277776
2026-01-08,2111554.2579513886,26696548.259898238,1.9541642669791668,2.268028954861111,1.4937303602430556,1.0436395833333334
2026-01-09,2137969.579513889,27028320.9333719,1.8546612854166666,2.3755896076388887,1.4047375766666665,1.101263986111111
2026-01-10,2142927.908125,26966911.28025042,1.7857828149305557,2.4570659097222225,1.3619393899652779,1.4008244930555556
2026-01-11,2202699.337881944,27526370.223035853,1.6740944737152779,2.4272116840277778,1.2799409274652778,1.0229532881944445
2026-01-12,2230689.808888889,27588196.138940077,1.5648021494791666,2.2748611006944444,1.2022846697222223,1.1374099652777778
2026-01-13,2238347.0891319443,28442160.814237617,1.5316553471527776,2.3136284340277777,1.1804377625694444,1.1192871736111112
2026-01-14,2290398.0165277775,30352593.067921706,1.9098406115972222,2.5325713680555553,1.472573493923611,1.1334103368055555
2026-01-15,2227870.7347569447,28679167.05831732,2.2338860747222222,2.579420625,1.7286123499652777,1.1112688368055557
2026-01-16,2171015.1636458333,27300220.298761472,1.938966293611111,2.621665611111111,1.493338163263889,1.2272304062500001
2026-01-17,2207505.129409722,28490635.522969145,2.0077297205555555,2.696260954861111,1.5455197077430556,1.2278412673611112
2026-01-18,2206395.656215278,28102411.34399373,2.3417563603125,2.9866596006944444,1.8447351557291667,1.1914831493055555
2026-01-19,2139475.260520833,25500225.122997537,1.8984665937847223,2.3921019131944443,1.4419182088194444,1.0755627465277777
2026-01-20,2246259.7885069447,26392205.53357001,1.6833080322569445,2.4950022534722223,1.2956755066319445,1.0715661840277777
2026-01-21,2236682.837291667,26136657.204437245,1.6998362861458334,2.5172982951388887,1.3203138825694445,1.1705645555555555
2026-01-22,2168073.041145833,25187881.29347488,1.707725012673611,2.5196395798611113,1.3265117271875,1.24234859375
2026-01-23,2246392.8577430556,26220764.246532857,1.641612347013889,2.4310702881944444,1.2918486999652776,1.1713116631944445
2026-01-24,2221182.7009027777,25860385.745397665,1.6554866614583335,2.3669609513888887,1.3133026461458333,1.127740888888889
2026-01-25,2252587.4161805557,25654261.589089084,1.5349426380555555,2.2192848541666668,1.212668195,1.1386840312500002
2026-01-26,2265503.475902778,25684269.91559596,1.4558094946527778,2.156956,1.1741583097222223,1.3808983090277778
2026-01-27,2202532.8051041667,25037500.017647255,1.4524913519444445,2.240539371527778,1.180727907013889,1.3722453090277777
2026-01-28,2165768.6021180553,24955789.718139496,1.4785804617361111,2.3208144340277777,1.1952420239583335,1.2641690208333332
2026-01-29,2195454.5065625,24311040.598905556,1.5308214103819444,2.464217628472222,1.2309406511805556,1.03604275
2026-01-30,2397171.571041667,25518683.43521318,1.4206903365277777,2.4504189861111114,1.159898592638889,1.144171798611111
2026-01-31,2406920.31125,24373228.06120651,1.4057710084375001,2.27860225,1.1250521837152778,1.2395700520833333
2026-02-01,2224368.1533333333,21579038.571930155,1.4370465928125,1.9589651354166666,1.1129931329166667,1.0606354305555556
2026-02-02,2231587.313090278,21550556.909210272,1.4864045539583333,1.960350996527778,1.1233586105902778,1.1818316388888888
2026-02-03,2213116.062222222,21401183.252771452,1.5492586127083332,2.0600888229166667,1.1434205977430556,0.9949888854166667
2026-02-04,2219633.1211805553,21157976.320489146,1.5712653099305554,2.2074523680555553,1.175503689861111,1.07375003125
2026-02-05,2323877.1808333336,20552055.223186675,1.4830061371875,1.8333202881944446,1.1296740713541666,1.1688009479166666
2026-02-06,2318332.4336805553,19541778.24621225,1.3977182885416668,1.6252024965277778,1.062143523888889,1.026620482638889
2026-02-07,2247016.9385416666,19570377.776652828,1.5023362548958332,1.6464617743055556,1.0928717112847222,1.1872209722222222
2026-02-08,2215407.3835069444,19193252.74700883,1.4988339956944445,1.6037288368055556,1.0880773215972224,1.0262192951388889
2026-02-09,2200243.0527430554,18737008.23845989,1.4906445015625,1.5860005972222222,1.0973182102083332,1.0757706770833333
2026-02-10,2125384.334236111,17847406.494927533,1.5012158619444445,1.6177931597222224,1.1472359987847223,1.1809176180555554
2026-02-11,2178032.123993056,17765702.780545656,1.500342193263889,1.6438246805555556,1.2074061856597222,1.102840795138889
2026-02-12,2227306.4916319447,18326851.129943203,1.5295265073263888,1.6121737256944444,1.2225937779861111,1.1752225520833333
2026-02-13,2207388.921076389,18350007.959976006,1.5363693422916667,1.7605390069444444,1.224291764027778,1.0674289166666666
2026-02-14,2127490.1156944446,18685656.953681514,1.6277649923263888,1.7094541770833334,1.2406646974652777,1.1460658784722222
2026-02-15,2070497.0495138888,18391478.934635725,1.5971087109375,1.6986749756944444,1.1971986376388888,1.0803534756944444
2026-02-16,2054326.7918749999,17950980.740235846,1.6690410780555556,1.6686882534722223,1.2642634497569445,1.0404259756944443
2026-02-17,2004250.6406597223,17498840.149330903,1.6758400937847222,1.713978090277778,1.2762475870486112,1.3384081527777778
2026-02-18,2015603.6036458334,17375782.03289367,1.6585347809722224,1.7760237951388889,1.2857944217013888,1.4372310798611112
2026-02-19,2054880.1173263888,17109361.47689516,1.5429940254861112,1.7132175868055555,1.2143497488541666,1.1546110520833333
2026-02-20,2168131.2055208334,18263167.75445276,1.3867104067361111,1.618365375,1.1161726073611111,1.1418642395833334
2026-02-21,2376090.27875,21814440.773695853,1.4637706652777778,1.5304520034722222,1.1567920532291667,1.1930594722222223
2026-02-22,2396125.7487847223,20886101.665521123,1.9791170598263887,1.7864204062499998,1.6486594413194444,1.18245409375
2026-02-23,2223856.4899305557,18552237.810931426,1.7397921022916667,1.8394425034722224,1.4428585184375,1.1769209027777778
2026-02-24,2120858.2928819447,17529637.381925207,1.6112521322569444,1.9540409409722221,1.3226504570138888,1.2699660138888889
2026-02-25,2117679.6437847223,18659316.41299093,1.6079181502430555,1.6577618298611112,1.2645986260416668,1.1311808993055557
2026-02-26,2146199.6651388886,19218571.67917511,1.889864745798611,1.6203761284722222,1.4029617302430557,1.1110249652777777
2026-02-27,2142487.3871875,18816461.349127688,1.9838906557291667,1.5820979548611112,1.5600800334722222,1.2319417430555555
2026-02-28,2093079.2456944445,17634396.18514358,1.8154138361111112,1.7554277361111112,1.4716553622222222,1.1488991666666668
2026-03-01,1989129.4818749998,17134820.417280134,1.6752516366319443,1.6064196666666666,1.3427276572222222,1.1563597569444444
2026-03-02,1959003.6000347221,16948848.26727284,1.6844407886458332,1.5656936006944444,1.3585495458333332,1.272583
2026-03-03,1969803.800520833,16734188.421831157,1.7282190514583333,1.560664482638889,1.3966715589930556,1.0740096770833334
2026-03-04,2015794.5884722222,17414640.979490034,1.6280872961458333,1.6264716805555555,1.307429680347222,1.2245123090277776
2026-03-05,1957580.0219097221,17095822.48276752,1.760751055451389,1.6429687118055556,1.431601303298611,1.1325943402777776
2026-03-06,2036160.870625,17202759.93298728,1.6501943561805554,1.6014293055555555,1.3386667700694443,1.0270009444444446
2026-03-07,2192739.953888889,17918028.04822243,1.278764834236111,1.5042008993055556,1.0284934956597223,1.058485138888889
2026-03-08,2342471.2610416664,18873706.803532496,1.197592027638889,1.307944875,0.9697634685069444,1.2429081875
2026-03-09,2344425.2415277776,19109310.79230193,1.1963088332291667,1.2024502777777777,0.9666928069097221,1.3629692465277778
2026-03-10,2196049.033680556,18239989.98339781,1.2160647619444445,1.223621375,0.9822559729513889,1.3278772777777776
2026-03-11,2181344.816284722,18018806.771912493,1.1382221669791666,1.2241262638888888,0.9334608585763888,1.2498644097222222
2026-03-12,2171138.1957986113,17844311.72829887,1.1607150184027777,1.222380201388889,0.967008494375,1.14609615625
2026-03-13,2205480.0578125,18729960.842207797,1.1495449035416667,1.3250560520833334,0.9429457923611112,1.3006816284722222
2026-03-14,2118640.6853819443,17573967.721918426,1.287741698263889,1.3687556319444445,1.0542165112152777,1.0692371284722222
2026-03-15,2170317.6418402777,18025026.260774765,1.2868350922222223,1.3175265729166667,1.0602089597916668,1.2741563854166666
2026-03-16,2280920.6357291667,20242901.559521046,1.2861527974305555,1.3010732847222224,1.0389539264583334,1.2108547291666667
2026-03-17,2248194.6036805557,19980382.878015626,1.6794355309027778,1.4609195243055555,1.3699189851388889,1.1848326597222223
2026-03-18,2117324.364861111,18330585.73736651,1.7352766095486112,1.4975605729166666,1.3908640145833333,1.1578689027777778
2026-03-19,1991476.3178124998,16693226.451562792,1.5791178409722222,1.4007033645833333,1.2474296590277776,1.1330821180555555
2026-03-20,1997650.8521874999,16772599.12796614,1.572791240173611,1.5051371180555555,1.2504182328472222,1.316991972222222
2026-03-21,2021742.4024999999,16982690.1865836,1.6420699227430555,1.58422434375,1.2937205521875002,1.4730836944444445
2026-03-22,2076801.2688194443,16883453.4745917,1.4802191,1.5812653368055556,1.1574754208333333,1.1038569166666667
2026-03-23,1996484.6893402776,16578902.516288446,1.334741931736111,1.5785930590277777,1.0492080125,1.2132664965277777
2026-03-24,1917466.3084375001,16266488.975885209,1.7002619180208332,1.5977611527777777,1.3828107014930557,1.4450942881944444
2026-03-25,1946249.9031944445,16904165.847570777,1.8404255702777779,1.7080866597222224,1.552628386423611,1.0799896875000001
2026-03-26,1925385.4012152776,16117771.2875651,2.052000606840278,1.8130500590277778,1.6705417298263887,1.0990781215277776
2026-03-27,2006296.448472222,16283715.88086761,1.4678228002777778,1.817456204861111,1.176625051909722,1.08192146875
2026-03-28,1995830.2277430557,16223846.805999683,1.3731681899305554,1.7474918541666666,1.1316557930555555,1.2241290555555555
2026-03-29,2023844.1409375002,16170687.849875156,1.3250971630208332,1.7743101458333335,1.0906996800694444,1.2425821736111111
2026-03-30,2029264.3696875002,16585761.160603145,1.2573281429166667,1.8286501145833336,0.9791861570833333,1.3358895694444444
2026-03-31,2019776.946041667,16419396.900122324,1.4089997439583335,2.092033128472222,1.1155041155902776,1.3218738229166667
2026-04-01,1996898.2569097222,16446369.391713006,1.4802448615625,2.188543677083333,1.142507305138889,1.2415362395833334
2026-04-02,2029789.8905208334,16061883.042613503,1.4647525122222222,2.0121483784722223,1.1284132084027778,0.9115722916666668
2026-04-03,2074591.8385069445,16622619.9520184,1.3769103958680555,1.857175434027778,1.0666663366319444,1.4810798576388888
2026-04-04,2231579.8910069447,18835895.42084072,1.4998019557638889,1.7435875208333333,1.1942603820833333,1.3807674618055554
2026-04-05,2653195.147430556,22623907.048412386,1.8889030865624998,1.9568319652777777,1.5394000170833335,1.3683291666666666
2026-04-06,2602899.5042361114,22509959.16511924,2.0138333856250004,2.1411084930555555,1.5832489576041668,1.0475334756944443
2026-04-07,2302115.1515972223,19162439.776948214,2.066277835034722,2.2335317187499997,1.5734824162152778,1.304192517361111
2026-04-08,2172524.2283333335,18759335.725392707,2.1516638661805554,2.2143854756944443,1.5365330586111112,1.183578090277778
2026-04-09,2075649.6280208332,17439688.566099778,2.1992173119444445,2.3436507604166668,1.5329816723263887,1.5277420937500001
2026-04-10,2075250.626423611,17607401.062635228,1.9282352460763887,2.3105314305555553,1.3528211131944445,1.3363090208333332
2026-04-11,2052722.522222222,17242460.626554806,1.7954381737152778,2.2304058333333336,1.2879276348263888,1.3847117847222221
2026-04-12,2056875.9582986112,16849522.63130458,1.4590631153472222,2.0715229444444443,1.0648334720833335,1.2883809791666667
2026-04-13,2076989.8251041668,17099361.63888932,1.2747878986111112,1.9060147638888887,0.9910943592708333,1.6251629166666666
2026-04-14,2082821.4659375001,17561272.699528366,1.3511320104513889,1.8450908888888888,1.0009352673611112,1.1492492847222222
2026-04-15,2094101.2297569443,17543489.892797638,1.4451362310416667,1.9466941909722222,1.0843016060416666,1.2949210729166667
2026-04-16,2105794.3303125,18037022.86144562,1.5301656897569444,1.9347817604166666,1.0998090426736111,1.2693502326388888
2026-04-17,2154981.6483333334,18797168.712113764,1.750699601701389,2.0980732256944443,1.2529494180555556,1.1842717569444445
2026-04-18,2129304.1088194447,18316932.62014474,2.101018998958333,2.1949067777777778,1.4584078710069446,1.2472172291666666
2026-04-19,2108324.226875,17653875.05520994,1.9963221862500002,2.3362821701388885,1.3775990292013889,1.2030906701388888
2026-04-20,2126836.718402778,17833565.59385322,1.816691807083333,2.354723017361111,1.2823041229513887,1.1685959166666668
2026-04-21,2139871.523090278,18000492.592151657,1.810112870625,2.4713094444444446,1.2812281281597222,1.31556409375
2026-04-22,2173993.120625,18686641.99825639,1.7777695450347222,2.255185111111111,1.2259848204166668,1.2278898576388888
2026-04-23,2142371.7002083333,18097802.925467335,2.005444271527778,2.4651585763888892,1.38236866,1.2270791319444445
2026-04-24,2148440.0984375,18297111.015868716,2.0119133762152774,2.4626586006944446,1.4106379274652778,1.4172091076388889
2026-04-25,2202744.7622916666,18705610.435875453,2.0917854216319447,2.538248763888889,1.4811751408680556,1.4743155416666667
2026-04-26,2206174.908923611,18658396.904795304,1.9199259900694443,2.503116809027778,1.3947707783680556,1.42621940625
2026-04-27,2217113.671284722,18615294.27109947,1.9612664931944446,2.3989156805555556,1.4660309701736112,1.3033869131944444
2026-04-28,2220671.030486111,18628112.522850297,1.8845405721875,2.3772929791666666,1.4157452040277778,1.385987923611111
2026-04-29,2227593.748333333,18711578.1957608,1.9913533867708333,2.4241221388888885,1.5144127849305555,1.1893636875
2026-04-30,2240728.5168055557,18730368.694720447,2.0045774634027778,2.41471678125,1.5106037465625,1.3634284756944444
2026-05-01,2279764.98875,19195631.773405097,1.7842298405208332,2.4994981805555554,1.3980709182291666,1.3514952638888889
2026-05-02,2355022.7762499996,19981738.20790493,1.7988739940624998,2.5142455277777778,1.4354736916319444,1.3983640138888889
2026-05-03,2385086.7484027776,20192523.936246853,1.8780965360763888,2.492502954861111,1.4836082480208335,1.5332971249999998
2026-05-04,2479252.155798611,21474332.71336961,1.8344314847569443,2.1962546597222223,1.4065776887847223,1.1688956458333335
2026-05-05,2571472.111388889,22831334.298762627,1.904854735763889,2.0975960347222222,1.4501113690972223,1.2378317812500002
2026-05-06,2570015.1004166664,23838685.792999353,2.127260577326389,2.226176864583333,1.5687677544791667,1.1850765486111112
2026-05-07,2556775.7602083334,23629946.12084084,2.1747555869444444,2.3073011284722225,1.6032829048611112,1.3065277638888888
2026-05-08,2635439.8421180556,25034464.046537455,2.042724890173611,2.1569164027777776,1.5075551219097223,1.1457351840277776
2026-05-09,2676365.721458333,25775148.382991012,2.065149161909722,2.2352281805555556,1.4733885221875,1.2527308125
2026-05-10,2729002.4264583336,26494210.391757376,1.9645376932986112,2.1812384305555557,1.4713775819444443,1.1359470868055555
2026-05-11,2614214.087638889,25553305.973272566,2.113807484409722,2.2275580694444446,1.6130805936458334,1.1101206666666665
2026-05-12,2527003.292465278,23983727.35705377,2.149041577465278,2.0833342118055556,1.6209896715277778,1.1706519375
2026-05-13,2493737.4065625,23358396.035246573,2.0483469055208334,2.1215486909722223,1.5553963682291667,1.2427217430555555
2026-05-14,2449535.9422916668,22904325.14911394,1.8557640832291666,2.3652831354166666,1.3830031632291666,1.1958793958333334
2026-05-15,2396347.7044444443,22254115.926726624,2.049758790451389,2.478653423611111,1.5277982573263889,1.2166232881944445
2026-05-16,2246292.7906250004,20294515.20504354,2.245409148958333,2.3524401041666665,1.7549769849652777,1.3387525972222223
2026-05-17,2246341.469340278,20285488.3980979,1.9730515583680557,2.412060284722222,1.6395549121527777,1.5225569618055554
2026-05-18,2253574.386840278,19860712.791364625,1.853132919965278,2.604725652777778,1.503839423715278,1.241203201388889
2026-05-19,2306467.855763889,20603786.926602785,1.7403458570833332,2.595320055555556,1.419633409513889,1.2947733055555557
2026-05-20,2324387.6471875,20896422.49638866,1.8690973859722222,2.4480204722222223,1.5736187969097222,1.2548811840277778
2026-05-21,2320426.7860416668,20830213.952526968,1.904171806215278,2.553516111111111,1.5163922397916667,1.2300931041666667
2026-05-22,2379647.73625,21643673.656251363,1.7469357359375,2.4440336493055557,1.364173613298611,1.2388762361111112
2026-05-23,2333414.366458333,20622754.198303793,1.771938662951389,2.4338410381944446,1.3475966206597223,1.342521815972222
2026-05-24,2321698.4895833335,20837473.18001329,1.8058811789930556,2.381780034722222,1.3756140517708333,1.374213829861111
2026-05-25,2292177.6258333335,20618459.32425816,1.6130888360416666,2.35319353125,1.2965437669791666,1.2591385833333333
2026-05-26,2252856.2782291668,19813336.50866313,1.6095200698958334,2.2663959236111113,1.2296735349305556,1.3383519791666667
2026-05-27,2263037.209583333,19464388.996057123,1.5168266883333332,2.1591485069444447,1.1152326150347223,1.0406119826388889
2026-05-28,2321779.5966319446,19119474.094934903,1.435220861423611,1.8682416076388888,1.058977182013889,1.2292355729166666
2026-05-29,2398393.03125,19653710.091098294,1.4751187529861112,1.640587763888889,1.0830866389930556,1.2410655416666667
2026-05-30,2413955.971458333,19935761.50578196,1.4838183666666667,1.6284805555555557,1.0973421660069445,1.4958933645833334
2026-05-31,2427623.401527778,19863202.198289234,1.4656989863194445,1.622031,1.0991485334722222,1.4100154131944445
2026-06-01,2395444.538715278,19363103.356415976,1.4666591027430556,1.6043234444444443,1.1061876465277778,1.3468370104166665
2026-06-02,2387058.1851041666,18827851.791092943,1.4544492887847222,1.5983295347222224,1.1015719384027778,1.1832986979166666
2026-06-03,2299411.7777083335,17931973.63382002,1.3681283852777777,1.4390254652777776,1.0439177596527778,1.2484737916666666
2026-06-04,2160233.3714236114,16043194.050350096,1.408716128576389,1.5116393159722223,1.0332909142708333,1.0575345520833332
2026-06-05,2155161.554479167,14923877.95131831,1.4089732219097222,1.35839746875,1.0398032275694444,1.053152732638889
2026-06-06,2125328.1702430556,14352639.6473664,1.3838943269097221,1.230903545138889,1.0376155245486112,1.1052002222222221
2026-06-07,2132938.4781597224,14910375.156638872,1.388290312326389,1.2561768263888888,1.0706735455555556,1.2012259583333333
2026-06-08,2165879.0736111114,15392117.617750606,1.4186919425347222,1.2412887291666665,1.0757825487847221,1.2717311805555556
2026-06-09,2123556.712951389,14872710.584482549,1.4773676714930555,1.21991590625,1.112164377673611,1.1846853506944446
2026-06-10,2103600.0913541666,14613678.216102444,1.4505501808680554,1.2215182569444445,1.1131973898958334,1.114517625
2026-06-11,2070932.385486111,14788682.181821818,1.5246182959374999,1.2174044270833333,1.1730333885069444,1.2127004479166665
2026-06-12,2085098.1214236112,15067808.298695508,1.6655795969791667,1.3205550416666667,1.2835954269444445,1.231741611111111
2026-06-13,2095105.716076389,15031324.55687454,1.6614062144097224,1.4821902777777778,1.2771747403472222,1.3025078645833332
2026-06-14,2164320.016354167,15335237.205865566,1.5978668281250001,1.5840925,1.186567123125,1.4040979201388888
2026-06-15,2231270.0031944443,16434860.085800806,1.4762068776388888,1.4833413506944444,1.0766583006597221,1.2003470868055555
2026-06-16,2261209.3111805557,16675236.635074764,1.5696823064236112,1.5013826631944445,1.1728093832638888,1.1299330277777777
2026-06-17,2277315.8289930555,16778608.369604927,1.6543179417708334,1.5623833819444444,1.2443508020833334,1.2659376388888888
2026-06-18,2230887.219340278,16026287.380250623,1.6489774806944444,1.5177338333333334,1.238579899548611,1.1262880972222222
2026-06-19,2174488.1646875,15949570.639683515,1.630310036597222,1.4911810625,1.2503821678472222,1.088309263888889
2026-06-20,2178941.960138889,16419871.469406396,1.8119299485763891,1.6595985277777778,1.4361511810416667,1.3727892881944443
2026-06-21,2149067.2391666668,15857304.055149516,1.897552332534722,1.7132196631944445,1.4989135047916666,1.2952410486111112
2026-06-22,2119497.0338541665,15472356.175244136,1.8004462867361113,1.7677520729166667,1.417640244513889,1.3862885138888887
2026-06-23,2178315.700486111,15287998.80503429,1.5955072206944445,1.8619045069444442,1.1785985181597223,1.2225580659722222
2026-06-24,2161421.9953819443,15078306.485353265,1.5917131601041667,1.8490105694444443,1.1181388621875,1.2577678958333331
2026-06-25,2137471.842777778,15083925.422640242,1.6206155700694445,1.6018811527777777,1.1739663680902777,1.155286048611111
2026-06-26,2147288.6450694446,15164255.629121296,1.7990800832638891,1.7499644513888888,1.360356608125,1.2308390763888888
2026-06-27,2099212.39,15212489.13507286,1.73897059,1.804658,1.33745747,1.410908
