date,oi,oi_value,toptrader_acc_ls,toptrader_pos_ls,global_acc_ls,taker_ls
2021-12-01,364540.89495138894,1710144007.3953257,1.9322186809581865,0.9769384216277778,1.755264319714126,1.0595935134347223
2021-12-02,353026.14646874997,1601671799.1941178,2.719241418982639,0.9786621490006944,2.5047061390817627,1.063684386095486
2021-12-03,347643.67375,1550827721.0500462,3.003128270940349,0.9718516356555555,2.825088239293596,1.0406807124475694
2021-12-04,301091.37489473686,1209716431.5610106,2.7377650578157637,0.9318965332073684,2.80153134109223,1.056387808685614
2021-12-05,284281.2644409722,1181783428.6724055,2.041146716175374,0.9609268006798612,2.161566611303966,1.0733270650854165
2021-12-06,274518.28426041664,1133555955.9839823,1.7721418914969627,0.9442921034649304,1.861814354827374,1.08120614491875
2021-12-07,282531.42847569444,1227902430.5486364,1.5163943407816267,0.9416183386347223,1.5322707531892403,1.152734531859375
2021-12-08,276740.55542708334,1204704878.6614907,1.5071949518139673,0.9363293719930554,1.5393047584189645,1.1416959295888889
2021-12-09,294167.9582604167,1259633104.6817293,1.8509969114072764,0.9264098139777778,1.7795714534640785,1.0984318075708335
2021-12-10,291507.6304583333,1188435370.7438002,1.8936067928329787,0.9245937189451389,2.1459548042516126,1.059727087340625
2021-12-11,288336.36489583337,1157891753.598331,1.9178858979553768,0.9291615765180556,2.2574085653839493,1.0870972280145834
2021-12-12,294311.24628819444,1196351695.44363,1.9046318669964484,0.9224305827920138,2.1178497711025726,1.1290111945861112
2021-12-13,300770.36885069445,1178829504.3864946,2.1383039263120036,0.9089984407954861,2.3500510277197093,1.0215406935142362
2021-12-14,308357.5865833333,1169358814.8484395,1.98548518254035,0.9070114645687499,2.3524915812668894,1.1069733598413194
2021-12-15,311123.73088153306,1201096988.2520978,1.8123187802014404,0.9168987398902438,2.0679321227451224,1.1066622004156794
2021-12-16,317551.31005208334,1280659840.9864542,1.761865161641615,0.9364828593770833,1.7698363848791447,1.097034038559375
2021-12-17,313567.9990208333,1218920434.269077,2.022851903871334,0.9098488771493055,2.165462514451074,1.1290851674059028
2021-12-18,308509.14965624997,1208600747.1455762,1.8929480738023956,0.9096284194489583,2.0594166280602346,1.1306152524843749
2021-12-19,314213.48349652777,1239232289.4096339,1.920234427306953,0.9176261062493055,1.9943387521658176,1.1234337176152778
2021-12-20,324663.59339236113,1252472353.1179092,2.0213951751273482,0.9151649286677084,2.2153235547855212,1.0442341398527777
2021-12-21,330803.79147916666,1323105873.8905544,1.6940510263156972,0.9628839872395835,1.731673641190167,1.1110362710402777
2021-12-22,332286.75213541667,1333816451.8971746,1.8270909840165774,0.9678055899673611,1.8588933145315438,1.1491351417010418
2021-12-23,344280.512875,1374048722.0998974,1.933260419336494,0.9519501589836806,2.0609742156798387,1.0691914833847223
2021-12-24,394330.20370731706,1612379154.8703165,1.9898183201012165,0.9776606718083624,1.926591122143791,1.0759620307442508
2021-12-25,433733.11515625,1763091891.2250643,2.195906349000787,0.9449516658385417,2.250905218507352,1.1374792861010417
2021-12-26,441447.42905555555,1789776482.985189,2.2187897073744183,0.9287363246013888,2.2782736184977868,1.1057466531093751
2021-12-27,445204.83146180556,1813523538.684205,2.2946907563492736,0.9296680889076389,2.370436376478185,1.1074308102225694
2021-12-28,472444.57839236106,1838539314.20056,2.5577805078144724,0.9114885835625,2.8418869486745653,1.163069882986111
2021-12-29,480876.70459930314,1814490924.9377177,2.688988192189679,0.9097860380167246,3.2061283672580316,1.1425011838937282
2021-12-30,470938.94165972224,1743628078.7816663,2.6305097741320274,0.9044451169142856,3.119620895832331,1.0950158225154285
2021-12-31,477176.5568675959,1782976253.1646686,,,,
2022-01-01,474076.44307291665,1766742749.5329878,,,,
2022-01-02,471905.6135555555,1778169292.1196792,,,,
2022-01-03,471922.86236111115,1787361795.928083,,,,
2022-01-04,474795.64718402777,1801689598.4948997,,,,
2022-01-05,475286.54288888886,1787408870.1844742,,,,
2022-01-06,483867.41299652774,1657662015.7613664,,,,
2022-01-07,478326.4171805556,1544739141.168807,,,,
2022-01-08,479369.95526388887,1517266218.2285464,,,,
2022-01-09,480696.25128819444,1505737771.7248993,,,,
2022-01-10,475668.79001388885,1473211392.278327,,,,
2022-01-11,466845.7970104167,1469547747.6003609,,,,
2022-01-12,461168.5484513889,1520595688.9176455,,,,
2022-01-13,452996.7067916666,1505102127.52278,,,,
2022-01-14,444994.48095833336,1455128449.1456258,,,,
2022-01-15,451529.0882222222,1500774782.5732355,,,,
2022-01-16,457239.1166076389,1522569483.694778,,,,
2022-01-17,460483.3926458333,1497957132.0020368,,,,
2022-01-18,468771.56771875,1481168833.84901,,,,
2022-01-19,471712.03511805553,1469806301.844594,,,2.4671101154984014,
2022-01-20,469438.7434166667,1479991076.0774183,,,2.373676713069747,
2022-01-21,469268.4482534722,1322327324.817527,,,2.8954460932214823,
2022-01-22,468083.0235520833,1153542394.3717,,,2.006524700615663,
2022-01-23,465623.43218055554,1142791298.8830447,,,1.9553505335119203,
2022-01-24,496200.9333229166,1171907488.284128,,,1.7953822265456176,
2022-01-25,472284.4651805556,1143082099.4649663,,,1.4973267160706982,
2022-01-26,471617.38525694446,1185797386.5053356,,,1.5012855776895582,
2022-01-27,470049.42153472226,1138420693.9784396,,,1.6908813335952866,
2022-01-28,480372.72469791665,1171849941.0771823,,,1.7988675118212016,
2022-01-29,494237.9509895833,1266438209.4267929,,,1.4153944962906158,
2022-01-30,507313.5162222222,1316803524.1416738,1.5306365364583334,0.9416713614930556,1.4074313624652777,1.2058369628125
2022-01-31,521134.1694479167,1345966543.7756639,,,1.3246048101820331,
2022-02-01,528824.94475,1455842789.936932,,,1.1790530207815488,
2022-02-02,528329.0794305555,1444466455.0929935,,,1.260151556039375,
2022-02-03,520405.4916076389,1374009552.8733737,,,1.366325514831254,
2022-02-04,541187.5164479166,1533853493.3832858,,,1.0803754256329317,
2022-02-05,549990.9283402778,1655901329.9269624,,,1.0096511909313717,
2022-02-06,544795.3715034722,1637727548.7668102,,,1.0240015808637537,
2022-02-07,529510.4887465278,1638099570.6260176,,,1.20191636369787,
2022-02-08,502772.4244375,1563314843.2721756,,,1.2934745338832954,
2022-02-09,496109.16061111115,1565150027.7009954,,,1.294539699979368,
2022-02-10,499609.0062673611,1590845706.5083313,,,1.2709523535741778,
2022-02-11,483533.5319409722,1475513989.9150853,,,1.5832745752662567,
2022-02-12,483282.3359409722,1413368238.8216817,,,1.5878301730588027,
2022-02-13,478277.19534027774,1391433084.084562,,,1.6516507432025458,
2022-02-14,491148.3673541667,1420189977.3715343,,,1.6252384877643848,
2022-02-15,499559.5682256944,1535203554.412943,,,1.4211270844674244,
2022-02-16,495227.9215173611,1547757208.9338315,,,1.4745275250825713,
2022-02-17,494057.1848159722,1492593556.6832488,,,1.7896112453984334,
2022-02-18,486389.2802881944,1390161764.3933885,,,1.976345027558629,
2022-02-19,483747.6805972222,1340701138.305089,,,1.9219854435860038,
2022-02-20,488093.1783472222,1295300931.2102423,,,1.8726857917503021,
2022-02-21,483658.98913541663,1296329131.181344,,,1.8150271198980745,
2022-02-22,491151.5804444445,1266193774.6061745,,,1.7535495827369216,
2022-02-23,510974.8801979167,1362624689.4583945,,,1.6374620686568144,
2022-02-24,503625.9502465278,1237770537.4362354,,,1.623276298344298,
2022-02-25,484197.2129236111,1288873144.9762785,,,1.4159454934963904,
2022-02-26,495785.84675694443,1382458298.9170465,,,1.4405059585008169,
2022-02-27,489118.2200520833,1333853010.6688356,,,1.4001481672458338,
2022-02-28,485857.46561458334,1313189540.5300612,,,1.4364948718858992,
2022-03-01,510901.34078472224,1499725376.3845274,,,1.3168984233830192,
2022-03-02,516421.4548576389,1532652944.8326375,,,1.2916392661613658,
2022-03-03,524503.91146875,1510568304.6833866,,,1.5033110240604761,
2022-03-04,520728.07561111107,1405383589.730819,,,1.7577790555583934,
2022-03-05,511671.59282986115,1351738039.0543509,,,2.0081429787347673,
2022-03-06,514598.54317708337,1354022973.3673475,,,1.9786454791760524,
2022-03-07,335788.70496180555,854461225.0286676,,,2.039610949498253,
2022-03-08,478192.4183854167,1224539183.334546,,,1.906648036574109,
2022-03-09,501583.6178333333,1359186122.4823823,,,1.63003639410235,
2022-03-10,491841.26230208337,1285293681.0030506,,,1.821524965181011,
2022-03-11,496504.98408333334,1281325820.8188114,,,1.9260768735138738,
2022-03-12,499006.5141423612,1289433513.8454893,,,1.9764988571673545,
2022-03-13,508566.5596875,1307991748.4638124,,,1.9748436909575726,
2022-03-14,508069.01381597226,1300457089.892479,,,2.015520422465916,
2022-03-15,507188.2891041667,1303239143.7315001,,,2.067510869073134,
2022-03-16,516015.9758472222,1384573994.3614955,,,1.59669888853358,
2022-03-17,528866.7983090277,1473737907.3982816,,,1.2494985993797025,
2022-03-18,544230.5906006944,1549463907.64918,,,1.1351514232028324,
2022-03-19,549712.7473576389,1620933863.1266766,,,1.069861939830513,
2022-03-20,539723.6173020833,1562678692.9283626,,,1.1334392130727478,
2022-03-21,540192.33284375,1563119531.4768944,,,1.3000289319595846,
2022-03-22,566753.3722777778,1697199131.637623,,,1.206966310938062,
2022-03-23,548852.0988576389,1629786675.596744,,,1.3668394548919105,
2022-03-24,567040.7475416666,1737231089.3302968,,,1.0965498037689705,
2022-03-25,580111.0613472223,1815230637.5274534,,,1.0045307040708442,
2022-03-26,563546.6974340278,1758044554.1941607,,,1.1050710953254663,
2022-03-27,574427.2622777778,1820091322.0370705,,,1.0198432194789606,
2022-03-28,569547.8101562499,1905788610.9135172,,,1.0527422803710527,
2022-03-29,543441.7060243055,1852019078.8442957,,,1.077748044102756,
2022-03-30,524888.3535868055,1779192708.757946,,,1.1794121662232104,
2022-03-31,521864.8982604167,1755521566.2236278,,,1.2419858973506663,
2022-04-01,514516.6114340278,1720102868.1186366,,,1.2575035962442114,
2022-04-02,514207.7402951389,1787866750.512144,,,1.1911596681822771,
2022-04-03,528091.1935381944,1841661178.1889226,,,1.1375230867141917,
2022-04-04,532733.98603125,1855260721.7839518,,,1.2508380346771573,
2022-04-05,524034.3960625001,1828500593.2488344,,,1.256011636212155,
2022-04-06,493994.1035138889,1624912356.702911,,,1.5176211669117061,
2022-04-07,496888.01410763885,1596253534.6666899,,,1.6960002981524094,
2022-04-08,505943.1572881944,1645838977.1283834,,,1.4996332071892509,
2022-04-09,509812.63626388885,1640783286.5889916,,,1.419997580355881,
2022-04-10,513589.5626180556,1672201611.3902915,,,1.3760246212350191,
2022-04-11,508527.3593541666,1568930923.6594455,,,1.5642987603608345,
2022-04-12,494539.0242881945,1488984204.4647102,,,1.7803955381352046,
2022-04-13,497762.2257326389,1524837499.1394553,,,1.6851584417367542,
2022-04-14,507748.0835381945,1557365192.4039598,,,1.684401826822299,
2022-04-15,503799.4704097222,1524433724.393021,,,1.8151778629143207,
2022-04-16,508068.69056944444,1542767899.1046095,,,1.780078667043176,
2022-04-17,505287.81910069444,1538791456.0577996,,,1.8193685037381,
2022-04-18,510922.86309027777,1510568452.677171,,,1.8012210398711999,
2022-04-19,496797.21162500005,1525592175.223098,,,1.7727943406778695,
2022-04-20,496929.1152881945,1535843317.3065288,,,1.8107802364331615,
2022-04-21,499376.52649652783,1539752436.033068,,,1.794923673072547,
2022-04-22,518787.96118402784,1548394572.1181567,,,2.157366510065137,
2022-04-23,521286.25267013884,1541035708.8787987,,,2.365534348552907,
2022-04-24,526185.9282152778,1547594844.8947356,,,2.4108810825548623,
2022-04-25,530125.6037986111,1531912667.5210724,,,2.237904699765414,
2022-04-26,510424.78109722224,1499364031.8732605,,,2.0389404527462465,
2022-04-27,528442.2015381944,1512650891.8683414,,,2.194443666375461,
2022-04-28,514819.2493576389,1500003834.190754,,,1.809574588253191,
2022-04-29,504524.32778125,1447840208.3105443,,,1.9119402544938637,
2022-04-30,521702.98990972224,1466196459.7343028,,,2.2537660744542825,
2022-05-01,522303.59648611106,1450187563.3573532,1.8557794838984853,0.893655401,2.1670201730636722,
2022-05-02,511744.55304513895,1449324086.3602617,,,1.8993587324717112,
2022-05-03,502210.98871527775,1417148750.3423176,,,1.9049990733134332,
2022-05-04,501909.87779861107,1431025677.216523,,,1.8973545982160824,
2022-05-05,509773.90182291664,1457284558.1719906,,,2.057677977851916,
2022-05-06,520432.0602013889,1410375358.5342476,,,2.5663813332207033,
2022-05-07,525353.7253680555,1405385513.3066201,,,2.6013832832808053,
2022-05-08,541206.2386215278,1381500179.186535,,,2.45413257891101,
2022-05-09,533536.3359756945,1278249272.1441329,,,2.038906227253101,1.0407614407799126
2022-05-10,500227.1784305556,1179111202.0278847,,,1.978284599937895,1.048068178991358
2022-05-11,491455.9768958333,1122040481.276694,,,1.8366131933120673,1.0281140613066666
2022-05-12,488132.2154305556,956334110.7562108,,,1.4315569722383612,1.0130361305802085
2022-05-13,466983.4901215278,967999146.7385935,,,1.431467415187798,1.0626036564972223
2022-05-14,469439.9397465278,947121468.901885,,,1.4187024358670284,1.1215141811993055
2022-05-15,471570.56374305557,973422266.4027708,,,1.3776309044551913,1.1380380202086806
2022-05-16,467994.1277083333,954306268.094658,,,1.4689553748878297,1.1024193001694444
2022-05-17,469439.84534374997,970694743.8069594,,,1.4023648095671113,1.165519721482986
2022-05-18,477802.41040972224,959688923.6481258,,,1.603063064343693,1.091482126554861
2022-05-19,487401.35491666663,960046128.26261,,,1.6023011579814024,1.1184916703725696
2022-05-20,483097.6206319445,966291364.6012105,,,1.492163374100181,1.0749551112993057
2022-05-21,468576.65811458335,923083726.0532603,,,1.6894828656312648,1.1276711785576388
2022-05-22,470501.30986111116,941951913.3853285,,,1.4881520353117266,1.1782991194885417
2022-05-23,480968.5252951389,981236997.1408153,,,1.457321585196757,1.0829544431680556
2022-05-24,484215.7972083333,953402699.9512153,,,2.0231616553713865,1.0832458529461806
2022-05-25,480203.9354131944,947014983.0640762,,,2.0353808960872914,1.0864673114569445
2022-05-26,531779.5938958334,994944703.4444599,,,2.160634783649354,1.056065232786111
2022-05-27,536740.53965625,945348134.3128866,2.0502061498781194,1.0492712860510416,2.138746334587549,1.0558037237184026
2022-05-28,552555.6783784722,978285007.3303661,1.7780793647213922,0.9827320819263888,1.9462945944396344,1.1194041042836298
2022-05-29,559571.9898680556,1002982466.453843,1.6009478556633523,0.9820301433375,1.6607912677586623,1.1547790825090276
2022-05-30,559053.5228784722,1064751098.8225332,1.4556154400891488,1.0362009799024305,1.4817552527039815,1.1148236705465278
2022-05-31,555786.3375520833,1093969981.567361,1.584508207815364,1.0777100118027778,1.5070127664964272,1.0476498782829862
2022-06-01,550432.64125,1045720674.6548958,1.8657690260574944,1.0982366039937501,1.7949338509907582,1.0512544199083333
2022-06-02,550906.8833472222,1003244412.0011697,1.8896574211222033,1.0055517976593749,1.9947559712606757,1.0792009826041666
2022-06-03,583652.428798611,1042967147.3560183,2.0846699609076658,1.0026619230739584,2.184481584810748,1.0959901055013888
2022-06-04,580417.7553263889,1028607406.5458707,2.2215450909519556,1.0294559505506944,2.3924802804380585,1.106268875218403
2022-06-05,579442.6385208333,1042153063.8716363,2.045048508487778,0.9818750366437501,2.1317610085855803,1.17567544830625
2022-06-06,577366.7803715278,1083252297.1590164,1.6718187883391649,0.9882122403472222,1.6981661414948375,1.1013800653826389
2022-06-07,562107.4138229167,999885479.0630927,2.130601481563778,0.9598361398305555,2.222851918837268,1.0530012175659722
2022-06-08,552371.1640034723,996179500.8708011,1.8755671306841728,0.9740178228256945,1.946252503144886,1.0544384555899304
2022-06-09,564702.256642361,1015507077.6537999,2.0079410858819653,0.9733938888048611,2.1270613612154445,1.0838503714458332
2022-06-10,618869.6864236111,1075515176.2016869,2.355211061861823,0.9451173905225695,2.4837941818391958,1.0490963607916666
2022-06-11,723050.3288576389,1153408380.7109396,2.336266185174296,1.0024012392944444,2.4885813850678615,1.0242777488947918
2022-06-12,722102.5580208334,1069090710.4862982,1.8606096472950644,1.083310962122222,1.8664062284936145,1.1097086340190971
2022-06-13,767773.0665069445,974054744.9493207,1.487363073454309,1.175898595298264,1.3937495539528422,1.0519011462336805
2022-06-14,766403.1315694444,915908341.6196381,1.297149784476244,1.1116448972958333,1.26974058760627,1.0681425394354167
2022-06-15,797986.3856631945,906501538.5433264,1.4631698963792583,1.1385051537159723,1.4001296411764668,1.038679227296875
2022-06-16,785793.6067395833,897822628.6381181,1.4953918840148388,1.1849568710201388,1.374662820635901,1.0575875703600695
2022-06-17,816345.3042152778,887835715.0015965,1.6043496430842643,1.1468892649555555,1.7525873716776181,1.0553328810822917
2022-06-18,909780.5450069444,914022258.1974254,1.5506708213468698,1.1316579393298611,1.5335264082056546,1.0470946836420139
2022-06-19,920475.1072048611,946241779.0817593,1.1222667668468373,1.2044650570114583,1.0811305166189862,1.1191236885458333
2022-06-20,847655.1766979167,937833093.0835695,1.1344419121199054,1.1911883395357639,1.0406781118697765,1.0704611053461806
2022-06-21,859304.3412083334,984318160.4993087,1.1089629144074975,1.1435742866809029,1.0520468723980452,1.0937911513732639
2022-06-22,836925.5423541667,909051497.8796924,1.2231169278786893,1.1646652997395832,1.1734074606945828,1.047999048064236
2022-06-23,850532.0307534722,938090065.0528083,1.1001123466533227,1.1517349361986111,1.1178757654426752,1.096637056957639
2022-06-24,941619.1658159723,1115189433.755038,0.9898073701008789,1.2002953276777202,0.8879885866085719,1.1133524651138889
2022-06-25,912424.8629409722,1109068411.5603943,,,0.8724894631716178,1.0960169416288195
2022-06-26,924561.0876006945,1140805571.2391043,,,0.9232299779661557,1.1147311634972223
2022-06-27,898814.2921284721,1086645016.3002043,0.968320294435252,1.0920377646666666,0.9991862980683557,1.059078050340278
2022-06-28,904500.8393020834,1076560607.4646013,,,0.9837949368332465,1.0814433415138889
2022-06-29,886285.8131597223,994756691.7165132,,,1.2992750313878965,1.0854147212309029
2022-06-30,902929.9148125,944501881.2652805,,,1.319671468040939,1.0941348784218752
2022-07-01,860033.85140625,916578850.5819494,,,1.33793021855299,1.1015521487791666
2022-07-02,868473.5116145833,914943153.8096145,,,1.357826938820094,1.1114383881326388
2022-07-03,879823.1069583333,934441446.2538524,,,1.2744714814109421,1.10702720500625
2022-07-04,920572.0831145834,1003547347.6728594,,,1.1619069856342366,1.1301343140062499
2022-07-05,934238.5695173612,1057979877.0705485,,,1.0664561762036069,1.0895105339621527
2022-07-06,888760.3506284723,1016036664.421324,,,1.0153138937390034,1.111932765545486
2022-07-07,963286.4605173612,1156328098.2983057,,,0.8067986527972197,1.0976638670725696
2022-07-08,938551.6930277778,1158633839.3070562,,,0.7748964983669422,1.0890954609805557
2022-07-09,904121.2222673611,1101172251.1463785,,,0.9590697888976845,1.11995027718125
2022-07-10,903807.7331354166,1068230577.3040513,,,1.0602556815573134,1.0883999404135416
2022-07-11,886923.6199166668,1013400069.1571985,,,1.2162599102130915,1.1019089721569444
2022-07-12,874371.7217048611,935767527.3842895,,,1.4248878056525038,1.0787197574729168
2022-07-13,868778.7987118056,926393605.4458556,,,1.3989044241872277,1.1053478039413196
2022-07-14,914929.33390625,1031386881.5642705,,,1.0898441443173557,1.0987629113847222
2022-07-15,981179.3883298611,1197518050.7230718,,,0.7462134803628941,1.1299076902690972
2022-07-16,980115.1718576389,1233516600.2931805,,,0.6933323973308196,1.1368607871666667
2022-07-17,929673.6122256945,1257479730.7923563,,,0.7396873104479442,1.077592360757986
2022-07-18,915046.3980208333,1333847869.0981336,,,0.7341641170410695,1.0849300235423611
2022-07-19,835408.5292291667,1290483759.7874517,,,0.9673365605711458,1.033560572290625
2022-07-20,825861.0391423611,1288465242.9801817,,,0.9576538730774495,1.039464017026389
2022-07-21,803950.9138090278,1224278611.6772058,,,0.855623463939009,1.0654695304166666
2022-07-22,861606.925,1364642384.6926422,,,0.7765889049103611,1.0547998891954862
2022-07-23,830777.2509930556,1281600592.8943667,,,0.944911429148537,1.0387193088052085
2022-07-24,994873.8705798611,1587342181.9687657,,,0.7391020937990996,1.0923432324135416
2022-07-25,870131.8820347222,1324981659.797644,,,1.077609920269009,1.0254061955847222
2022-07-26,876514.91809375,1229525544.4795418,,,1.1253628176476496,1.0476407225534723
2022-07-27,931084.0140347222,1394235971.3665802,,,0.8713084546095383,1.0745139022729167
2022-07-28,1030319.0495798611,1718903085.1293554,,,0.6237780682559559,1.0583456335364583
2022-07-29,988903.1424548612,1696000842.2767742,,,0.6780949492927374,1.008581097379861
2022-07-30,954964.5173784723,1634022964.1230822,,,0.7141874029109955,1.0229805988090277
2022-07-31,931992.2094618055,1587916438.4635503,,,0.7822931724296006,1.0355193602097221
2022-08-01,929021.4527499999,1546030746.128793,,,0.846200595540617,1.0400737326163194
2022-08-02,886180.0686666666,1426552131.6896338,,,0.979544928247868,1.0700645116493055
2022-08-03,874167.2964409722,1434247116.8587186,,,0.9886608966585256,1.0522712318416667
2022-08-04,884467.31684375,1432322123.2033267,,,1.2056872953611035,1.0200305389854167
2022-08-05,989066.5547743054,1653613820.1436622,,,0.9359334856296547,1.0577658105576389
2022-08-06,1107520.352375,1903916848.0240679,,,0.7675309145520082,1.0665055288944445
2022-08-07,1019905.1440555555,1727964014.3555493,,,1.0282340504027245,1.04501198623125
2022-08-08,1075177.8224583333,1889505980.5411263,,,0.8266712241378587,1.0672922985503472
2022-08-09,1027065.4447604168,1778098506.1078062,,,1.152464239658273,1.0028410916006945
2022-08-10,1000300.2776319445,1760120084.0889268,,,1.0688098022393333,1.065949970420139
2022-08-11,1106866.1471527778,2092098912.3432088,,,0.6777743447996842,1.0237245178746528
2022-08-12,1099335.8811006946,2085120400.9155219,,,0.7452718174038008,1.0478147229444443
2022-08-13,1145793.6789340277,2274052565.7946076,,,0.6589752420274868,1.0498177997684026
2022-08-14,1134447.1323472222,2239289198.05649,,,0.7832832013315717,1.055594128397222
2022-08-15,1079037.0036736112,2072133103.8982565,,,1.1162088347737154,1.0122589941979168
2022-08-16,1052279.459486111,1982268056.3177998,,,1.4079498108731952,1.0217515540690973
2022-08-17,1024220.5566006944,1915057732.4969974,,,1.531347909447187,1.0277768834895833
2022-08-18,1028200.5308819445,1909319522.5117238,,,1.4583075031263675,1.0549005310010415
2022-08-19,959451.9079722222,1666484184.056362,,,1.430500528978246,1.0292443789267363
2022-08-20,898847.762329861,1453120041.5211725,,,1.478348273720929,1.073274935842361
2022-08-21,915637.68853125,1470590830.19537,,,1.4580816866823745,1.0670523042024305
2022-08-22,957664.1924166667,1512186331.6224444,,,1.4767653722850718,1.0610973249711806
2022-08-23,970529.0927604166,1576316072.9581552,,,1.269903047715896,1.0658623010489583
2022-08-24,958475.0771597222,1581343845.3001943,,,1.1700775131746084,1.0593999016697917
2022-08-25,1036530.4027152777,1757322058.003428,,,0.9760912457233404,1.085494106830903
2022-08-26,987634.0381250001,1608940952.4092264,,,1.199085743579169,1.0252721929482638
2022-08-27,976122.1914618055,1454898048.5486124,,,1.4538970630634847,1.0747808280635416
2022-08-28,983916.9992534723,1460238495.7569308,,,1.5326483612974577,1.0701604266788194
2022-08-29,1025536.5613090278,1522976989.8366423,,,1.4067486600984436,1.0867077566864585
2022-08-30,1069465.2432256946,1659590360.9561553,,,1.1009489133689618,1.0526233722444445
2022-08-31,1046150.2631805555,1649237476.050002,,,1.0764954759935919,1.0732918619840277
2022-09-01,1005148.9280798611,1565556237.741501,,,1.2669128273537096,1.0753559721670138
2022-09-02,1044268.2612916665,1662998738.8360474,,,1.0457013452753907,1.0764662559625
2022-09-03,1015644.4315208333,1580637650.9944034,1.3545047992806853,1.0375503614,1.4627347379706186,1.072295870601736
2022-09-04,1020872.53125,1591058573.493828,,,1.5083651522642925,1.0884084593770833
2022-09-05,1024265.2262986111,1617639376.516659,,,1.2742071979145466,1.097602396001389
2022-09-06,1039785.4481284722,1699410174.1450608,,,1.0446592366152672,1.0454698599847223
2022-09-07,1031138.0894756945,1594034064.0419924,,,1.3938144877827294,1.0822588643145832
2022-09-08,1019028.2727361111,1659948988.9330664,,,0.9480312376809711,1.0733538676552083
2022-09-09,1031010.0465972223,1750536491.3647316,,,0.789701021070026,1.0769352078270833
2022-09-10,1020198.2348090278,1763956547.572186,,,0.7208227075608321,1.0793603777281249
2022-09-11,1031412.6948541666,1818122889.4172003,,,0.7348753771156076,1.0903943134232639
2022-09-12,997510.6975694443,1728007030.907871,,,0.86882135976334,1.06500790205625
2022-09-13,950503.9277534722,1578453477.2120774,,,1.1824263873039103,1.0510926506402778
2022-09-14,959213.37621875,1530749565.7908626,,,1.6910577388688932,1.0517580533735191
2022-09-15,944603.529670139,1471378946.7882469,,,1.9157100804539118,1.006554954523611
2022-09-16,975112.2855659721,1417355717.5440664,,,2.167096800851679,1.053325517923264
2022-09-17,998142.0172604168,1440175049.1147645,,,2.332582360128346,1.0973007699840278
2022-09-18,1001424.683701389,1420820868.775201,,,2.2872176731897174,1.0616691411822918
2022-09-19,969891.8304479168,1288390911.2133017,,,1.9760620711458334,1.0804037267708333
2022-09-20,939570.4955243056,1270333923.117039,,,1.7328263157291666,1.0664914491666666
2022-09-21,932751.431829861,1238266155.7493083,,,1.8389570392361112,1.0466470696874999
2022-09-22,970996.6144895833,1246877874.3666432,,,2.00215350892209,1.085418437086111
2022-09-23,953236.2164201388,1252021423.6705885,,,1.8378878864645347,1.042819369267014
2022-09-24,952828.4570208333,1266256003.9850752,,,1.566962556886923,1.0939098987378473
2022-09-25,963418.1057743055,1265283178.3622878,,,1.7178866495820797,1.0515366813065972
2022-09-26,977153.3196041667,1282031628.3090844,,,1.7345018585982512,1.0762169639649306
2022-09-27,1041716.6343993056,1418135635.0383482,,,1.331683638814659,1.0713927793902778
2022-09-28,1028469.8086944444,1346575080.5471313,,,1.93392992048972,1.070251477540625
2022-09-29,1006941.7050555556,1339725463.8912249,,,1.4374611415128238,1.0539650102413196
2022-09-30,1003498.5061770832,1341664152.737682,,,1.395051848399608,1.0644435359527777
2022-10-01,1011362.4374131946,1336948068.0211031,,,1.8336071303148793,1.1085475147625
2022-10-02,1074071.8442916668,1398086648.8619313,,,2.3245908218644544,1.1574485419520832
2022-10-03,1072241.9495555556,1396858689.2644308,,,2.2533003545628527,1.1111752779520834
2022-10-04,1114152.8855868056,1497485006.1204073,,,1.2929270913307842,1.0855977963055556
2022-10-05,1122583.7973576388,1511336088.1643736,,,1.148764458066869,1.088095171571875
2022-10-06,1120725.5794340277,1528340372.991428,,,1.1156501622579589,1.0722420278166667
2022-10-07,1106839.3987465277,1486978854.961244,,,1.4693988792756414,1.0933624890572917
2022-10-08,1070942.959201389,1420274497.6475883,,,1.8843363375359443,1.0813926042479167
2022-10-09,1069494.7714444445,1409570381.4694872,,,2.05940324322316,1.142534827234375
2022-10-10,1118076.63303125,1467167099.3888085,,,2.3339171524842093,1.0739549962524306
2022-10-11,1186872.9460902778,1521399857.2371528,,,2.6351049661684685,1.0466102472906251
2022-10-12,1163446.1990138888,1505267463.3199124,,,2.1425557659605423,1.1034160578833334
2022-10-13,1147921.1949375002,1459491198.0202856,,,2.119785790555379,1.038599770071875
2022-10-14,1130431.2411423612,1486359523.0227854,,,1.4026633115150946,1.0954918651
2022-10-15,1103243.6845868055,1420099845.5378861,,,1.6351942109788127,1.1128076448590276
2022-10-16,1085265.8172256944,1396972212.0286417,,,1.8944962334038133,1.1397565534652778
2022-10-17,1124797.291111111,1481171302.7342043,,,1.4032257160907813,1.1134156650361111
2022-10-18,1188325.5304097224,1570009510.9465218,,,1.1827273248822507,1.0503721408302082
2022-10-19,1144583.908142361,1486179653.876558,,,1.5676406662619824,1.1146049999725696
2022-10-20,1162362.776142361,1498059728.7259045,,,1.8498846462709746,1.0980896572899306
2022-10-21,1186157.078861111,1527356000.618374,,,1.9930410394787887,1.0874344956947917
2022-10-22,1200076.3674652777,1567231465.9333181,,,1.3690744214561488,1.1980407577541667
2022-10-23,1269843.7315104166,1673436313.8551543,,,1.126688516332138,1.1681333938774305
2022-10-24,1275275.0884861113,1714962775.9919152,,,1.012140384449502,1.1359823868697916
2022-10-25,1311126.2054722223,1822535136.8560362,,,0.89522533774049,1.1211874334541667
2022-10-26,1303597.7859409722,1990552817.9616644,,,0.689131132553771,1.0572100340256945
2022-10-27,1292341.5265729167,2002964520.1361144,,,0.6670468101534451,1.0490797231430555
2022-10-28,1223861.877611111,1867752540.0090373,,,0.7691419549325343,1.0478054594197916
2022-10-29,1243489.5990868055,1999254144.2360208,,,0.6469870238594796,1.1019831969541665
2022-10-30,1240169.0988541667,1988066867.7128944,,,0.6859898870486112,1.0565630334027778
2022-10-31,1230221.4148368055,1946609749.4918993,,,0.7935565037690292,1.1122188034555556
2022-11-01,1188279.8187847221,1881452753.1221423,,,0.8523298677082358,1.0694098336489584
2022-11-02,1142430.64625,1783785656.1704001,,,0.9459634623424189,1.0514629008131946
2022-11-03,1091293.9895590276,1682306135.2080986,,,1.1553651468322885,1.0983798178885416
2022-11-04,1148614.8973611111,1835887711.8386493,,,0.9518908538964109,1.0667362951100694
2022-11-05,1180928.4260208334,1937144963.8911684,,,0.7586783112234631,1.0920652349725695
2022-11-06,1143516.91109375,1849357643.0978358,,,0.9205919124868609,1.1020865960128472
2022-11-07,1082771.2687256944,1710831506.1068673,,,1.134475072332774,1.0608770618385417
2022-11-08,1020782.2393888889,1491138179.7153344,,,1.608675039201589,1.0147406187413195
2022-11-09,1030587.1775729166,1258789479.8032568,,,2.1666806453696634,1.0147794187729167
2022-11-10,1083782.1228958333,1332784863.770397,,,1.7420042541275322,1.063818825814236
2022-11-11,1005890.4355763888,1274115773.1740355,,,1.5425351342147808,1.0408949906111111
2022-11-12,969117.8809930556,1225894849.2672713,,,1.436452380648433,1.0412135751854166
2022-11-13,977036.9784652777,1212194426.4425223,,,1.6345938708613608,1.0555393905875001
2022-11-14,993740.3522465279,1221558867.6689866,,,1.6189872140600354,1.0582812420260417
2022-11-15,968989.9784513888,1219360795.083154,,,1.4088899794639598,1.0819545369041665
2022-11-16,1026760.6361041667,1261012036.3357773,,,1.8036765554665513,1.066047695303472
2022-11-17,1080119.4829444445,1300659318.7907114,,,2.072497396428508,1.0454796577072918
2022-11-18,1061495.523329861,1288041777.7803469,,,1.88991908677657,1.0987299598270832
2022-11-19,1046426.2543576389,1265198765.5798707,,,1.860546712558453,1.1078142560899304
2022-11-20,1093804.3991111112,1301806719.4791005,,,1.9477302723953107,1.1554298066079862
2022-11-21,1146084.7138645833,1283912549.7652514,,,2.06133457451274,1.0259574619743055
2022-11-22,1199451.4320625002,1331133345.1052256,,,2.018721085997005,1.1018287898600694
2022-11-23,1185770.2028541667,1377854040.679102,,,1.558125898865311,1.0766327911763889
2022-11-24,1189675.799215278,1425914577.0236113,,,1.1796263374933877,1.0761612850166666
2022-11-25,1197664.3237916667,1424058153.9136355,,,1.127950084245712,1.0864783703225696
2022-11-26,1235343.2736319443,1500008054.8045797,,,1.032672651200456,1.0936203194857639
2022-11-27,1232994.1660034722,1496501771.0770192,,,1.0072184068295928,1.1464296781774306
2022-11-28,1200908.7816180557,1406673125.4668536,,,1.32869385411472,1.0684109110090276
2022-11-29,1266478.4176284722,1527413140.1555924,,,1.1079278969295683,1.1154647927593748
2022-11-30,1309762.4437604165,1665657106.7587185,,,0.9286473337167431,1.1210342924083332
2022-12-01,1419762.1521805555,1816928015.3609593,,,0.9121805302267094,1.067572601970486
2022-12-02,1574806.7361493055,2015554713.6786754,,,0.9243485076626317,1.0938751973319443
2022-12-03,1501951.4293888889,1912441709.5196605,,,1.0196509387983113,1.0158746728590278
2022-12-04,1260275.5785277777,1589669811.1766934,,,1.2106563833497601,1.096070876853125
2022-12-05,1172474.6302569443,1501645392.6229424,,,1.0603515617178194,1.0173548296034722
2022-12-06,1119286.6563020833,1406995726.5333712,,,1.4074244973045715,1.0627253872385416
2022-12-07,1162127.585375,1440134042.960968,,,1.603337201893448,1.0263273081256945
2022-12-08,1187679.0751319444,1479751559.2724428,,,1.403093105576739,1.1052627429895834
2022-12-09,1213618.6490104168,1548712149.660065,,,0.9179916713217564,1.114622922285764
2022-12-10,1153618.6396736111,1461934535.8171303,,,1.1085692705848715,1.123796744820486
2022-12-11,1172269.4858541666,1490252866.665347,,,1.0953324866434653,1.110815827917014
2022-12-12,1140174.7639027778,1428823448.3775063,,,1.3912518695455685,1.0970634851079861
2022-12-13,1115849.1319027776,1445505655.5053296,,,0.9644247022845261,1.1553470953663194
2022-12-14,1124330.7582847222,1488304976.111543,0.9031876533226254,1.1738297216643565,0.8949517902841883,1.0503717947083333
2022-12-15,1105937.6348784724,1417664340.1067288,1.1524745113357318,1.1712794934913195,1.156180703844577,1.0392250936430556
2022-12-16,1078006.3992708335,1323748463.559159,1.6256599535727863,1.1280526650395835,1.7096926371598558,1.0752826430708333
2022-12-17,1048278.8638194443,1234023783.2275689,1.6330501514667832,1.0852846147302084,1.837155954326539,1.0837812996694445
2022-12-18,1051725.2877083335,1243682435.8300622,1.6848642174546484,1.0634901885979167,1.8373104093434733,1.075502822779861
2022-12-19,1046887.9653611111,1234708449.8862677,1.6725726626761157,1.0465624840541665,1.8079937937585693,1.0643506726618055
2022-12-20,1053104.1266770833,1270263349.8670506,1.3945153746456305,1.05553869634375,1.49826853739937,1.1194895968670138
2022-12-21,1063980.482142361,1289044624.4379492,1.2953190267827164,1.1061761807895834,1.3038376740567377,1.0944318340291668
2022-12-22,1072127.4597951388,1295328350.0885794,1.3741074790926873,1.1221443634399304,1.398752016633583,1.093347861392014
2022-12-23,1061415.0039375,1294612825.727071,1.36363222068545,1.132860210123611,1.371163550848749,1.1151719758361112
2022-12-24,1064560.439375,1297228363.9703455,1.2952525603145448,1.1391115726934027,1.3023699397770345,1.166443965414236
2022-12-25,1062318.0704270834,1291705319.441881,1.2867416962517448,1.1439900790375,1.298581740879441,1.131039464557639
2022-12-26,1063414.4182708333,1295397070.820352,1.2899827471685537,1.156538274569097,1.2845710478566539,1.130495368467361
2022-12-27,1080549.5706284724,1314705103.2983353,1.3383203678291293,1.1496922979979167,1.3424228982874993,1.089124095282986
2022-12-28,1113741.2742604166,1332064669.0645466,1.5673513617464645,1.1392813525222223,1.6658804766578355,1.0554346941489583
2022-12-29,1119711.2266423611,1339685408.5789747,1.510473613351818,1.139881453642361,1.658712440808541,1.0831038949986111
2022-12-30,1109836.1911423611,1326065366.9273407,1.558482643457656,1.1646425121569444,1.6739891443516504,1.1031123641875
2022-12-31,1108072.6932222222,1327914609.8469508,1.5111699588755991,1.1736766632395834,1.5987424176635285,1.1632136677190972
2023-01-01,1108745.7581319446,1327169891.960528,1.5340675973539646,1.1713306742038194,1.66291475123825,1.1475555179944446
2023-01-02,1140458.21921875,1381308362.7381353,1.3521880840785512,1.1745168583288192,1.402280028791557,1.1480406676371528
2023-01-03,1124914.77365625,1364751243.322498,1.3594539942746786,1.172408219925,1.3746771798990634,1.1233082254586806
2023-01-04,1194113.9347291668,1490879186.0189624,0.9760149564471254,1.1630206277777777,1.0053642661963633,1.15462978081875
2023-01-05,1206274.9054930555,1509441406.470432,0.9023281682234773,1.181651411526736,0.8804060612216523,1.1001922102423611
2023-01-06,1214571.4532118056,1524225211.5689723,0.9032660810801515,1.1735168549121529,0.8895081122578491,1.1125883839597224
2023-01-07,1279070.2011527778,1617088799.1938777,0.8375893668453745,1.1762675108395833,0.8030624886709082,1.2342642038923612
2023-01-08,1245449.1364513887,1575093891.339892,0.8648168722514703,1.174713730765625,0.8529716666153511,1.1812346495899306
2023-01-09,1320353.328142361,1740129492.0424404,0.7380324138657883,1.1794833385614583,0.7279770182780587,1.0756415331086806
2023-01-10,1346856.8342291666,1791547929.8411946,0.6855831967450285,1.181236769663889,0.6702191557549453,1.0661343693024306
2023-01-11,1361170.7748854167,1818163477.8606634,0.6676427497455175,1.1906093172336805,0.6407242987071807,1.0914893051965278
2023-01-12,1283540.1748645834,1802047737.7870457,0.7319618480932853,1.2152140069868056,0.7175668526287817,1.0904267596215278
2023-01-13,1292487.3818368055,1830041155.605873,0.7752530694796105,1.2220630335760416,0.7800498919031089,1.0822034990868055
2023-01-14,1056402.4941250002,1625487495.7722003,0.9420648075264696,1.3305757951513888,0.9988881553318123,1.075565381213889
2023-01-15,1042285.9169097221,1602646729.0434487,0.9862239937276386,1.3323321082725694,0.9864193079598176,1.0852598974121528
2023-01-16,1076889.7938124998,1682409262.8705962,0.9486519498455347,1.313663318565625,0.9630992914630103,1.0412475468395832
2023-01-17,1114083.6543055556,1750902559.6330872,0.895489925213411,1.3119507844010416,0.8969774791816323,1.0751009521923611
2023-01-18,1135583.7823125,1778014524.6767688,0.8666489866332365,1.308544583409375,0.8736543181430255,1.0247554894708335
2023-01-19,1132064.8686215277,1734380588.5543187,0.86522481427696,1.3181292753649307,0.9294844608529343,1.0833421324340278
2023-01-20,1163848.2365416668,1831196955.9902093,0.8013378106449395,1.3255325805812501,0.8071324493566135,1.1016963229253471
2023-01-21,1160454.5789513888,1918551877.1582751,0.8886489635655405,1.363192680882639,0.8214843792446399,1.0841187138822916
2023-01-22,1119469.732326389,1825586118.7260866,0.9549899064686337,1.3411129679097222,0.9615669720840407,1.0745216181927084
2023-01-23,1099284.4972708332,1793339645.2061434,1.0178753221951866,1.3324322217013889,1.0588167021142232,2.5232120620677083
2023-01-24,1063961.9868333333,1725633861.791599,1.0623041543682363,1.352266022579861,1.0994653085145487,1.0549309741003472
2023-01-25,1009237.2377673611,1570597572.592024,1.182123839693921,1.3297838443277776,1.3130734692939048,1.0421898571902777
2023-01-26,980855.7093888889,1576858112.51961,1.1832345029700975,1.3484200562069446,1.1995342642417794,1.0641566523204862
2023-01-27,988134.7294722223,1565439881.80231,1.241037028471079,1.3561647497152778,1.2856311212344131,1.0842621235402778
2023-01-28,988631.0774062499,1565805579.5868065,1.2774946277438761,1.328239193442014,1.3259112254691674,1.0846419658809028
2023-01-29,1014256.6866562502,1634541083.5221272,1.1254629988014877,1.3088200423930556,1.1829154709564227,1.090336496095139
2023-01-30,1018071.4340590278,1628425913.3275979,1.212723596860532,1.3334444007940973,1.213709889193536,1.0206025798375
2023-01-31,982995.0470937501,1550945430.51485,1.2326178066248406,1.3396666428354167,1.3577986796055084,1.0911080835826388
2023-02-01,972550.7579479166,1545977485.1059866,1.1732429456672795,1.3592754590655054,1.2363594634941562,1.0564873987364585
2023-02-02,1046721.5168402778,1749817016.8882396,0.9802121269453257,1.3263205173253472,0.9248903376437266,1.0727406540093751
2023-02-03,1028973.0628993056,1697653676.3681688,1.113960043408692,1.2997914672600694,1.1269564999677324,1.0554662831315973
2023-02-04,1102743.1377638888,1839075060.4738257,1.0490200538614936,1.2868299866666666,1.029175565115551,1.0848240835427083
2023-02-05,1111988.32565625,1836152027.9445505,1.096019038813803,1.271532371712847,1.0976262737918778,1.0601449513878471
2023-02-06,1060862.814277778,1732887358.6966875,1.1712635357720678,1.277750781875,1.2506391312549099,1.0989683556979166
2023-02-07,1075468.7637187499,1764627542.1426878,1.10568108830566,1.2712447901482637,1.2066238060233527,1.0990746598020833
2023-02-08,1122838.0234930555,1871333145.2335038,1.0441694421292533,1.2832347043559027,1.0135724889644584,1.0773160897451388
2023-02-09,1085733.0753333333,1758186134.3493736,1.3015650404578567,1.2898186324531251,1.369115343472607,1.031260143113889
2023-02-10,1027550.6996805556,1578538935.4795587,1.4409211011530898,1.2499591498996527,1.612198660071162,1.0505702962725694
2023-02-11,1033003.2451597223,1570189765.7750282,1.4844514907111273,1.2281829883875,1.6417865535922338,1.1617466240614585
2023-02-12,999147.6038090278,1530285967.8449373,1.555926624310547,1.2029348430895834,1.6955754659244562,1.113940780632639
2023-02-13,1032159.9112638889,1543663076.2014303,1.5726341788347193,1.1810359100430556,1.6847282109877153,1.0624477361427083
2023-02-14,1013824.2578298611,1541935901.6699553,1.4240356776466863,1.1564163128201388,1.4708465200220908,1.0784146736003473
2023-02-15,962409.3698159723,1519599810.635108,1.1720529350549895,1.1358918058604166,1.1697748136093455,1.1576304861475695
2023-02-16,931473.2899236111,1574609917.5822823,0.9829450112715491,1.2170304787690973,0.8941802047876417,1.0622347806159722
2023-02-17,904538.3405034723,1513066291.8763423,0.9969210317614997,1.2339483744486113,0.9967771306767198,1.0482844811503473
2023-02-18,959006.0353784723,1624598203.3614323,0.9654052421815167,1.2308170288482638,0.907376524233181,1.1319464369829861
2023-02-19,967826.2955868056,1639800163.9461122,0.9966312351140368,1.230077228135764,0.9595001810166237,1.143506813338889
2023-02-20,982791.5791041667,1667756173.309801,1.0022073293668354,1.2249432842277779,0.985832650200808,1.0938369050524306
2023-02-21,1000630.6318645834,1682832921.209136,1.2208335032587336,1.2045150353982639,1.2198827278801123,1.063398862515625
2023-02-22,982463.3442430557,1604889108.640342,1.4934823064417597,1.2007339316857637,1.559999353698408,1.0588989580052084
2023-02-23,937601.835013889,1551862834.1840436,1.4608143224538468,1.214109679448611,1.5157253432520017,1.0708934885895833
2023-02-24,965468.9053472222,1574041523.5475667,1.5912864867097474,1.2063566991038195,1.6682562824610863,1.0508071847350695
2023-02-25,992548.7592187499,1583668569.488507,1.6667011088800099,1.1990178417743056,1.7909452286945315,1.0683658354031251
2023-02-26,977899.0938472222,1572292493.475642,1.626721220488624,1.1869158794229167,1.7576106295156506,1.1830825858673613
2023-02-27,973838.6367673611,1593576094.251795,1.3887642493563606,1.2155850507336805,1.4141465203571457,1.0911281585861112
2023-02-28,971745.1248472221,1582104494.4217799,1.4518842248067236,1.2264248703628473,1.507857480644238,1.04709706685625
2023-03-01,1002290.3536944445,1649766189.3142295,1.2251786864906584,1.2056689400819445,1.2796301905727772,1.144982446688889
2023-03-02,1028215.7622534721,1688010036.1561432,1.402679449523953,1.2304851706465278,1.412937729055103,1.0332980461541665
2023-03-03,988701.4985243055,1553305391.754085,1.7945346288864765,1.1878401589090277,1.9110570275574992,1.0476869596618057
2023-03-04,955322.5655069444,1496208489.6187837,1.6152738717577109,1.1550609073520832,1.756550701378202,1.0662566710715278
2023-03-05,944186.4399583334,1481274929.3737767,1.5959534275508336,1.1379585963211807,1.7890246856058205,1.1524351807434028
2023-03-06,932914.1174270833,1460472480.4194365,1.5988749173159702,1.1182406760315973,1.7974542493611392,1.0914867484256945
2023-03-07,939048.5098333334,1468023899.8316488,1.539923478274137,1.1291282003124998,1.6943144740142215,1.117769589436111
2023-03-08,966117.0654270833,1502572541.486963,1.5327498313540169,1.1528355900847223,1.641789027151809,1.1025186390746529
2023-03-09,995762.1990763888,1512198909.7678435,1.6565358365545375,1.161133930220486,1.800103421753137,1.0727297966090277
2023-03-10,879500.2947708333,1241518781.3540092,1.7076595629019682,1.0821435674520832,1.7683933749983591,1.0191637516829861
2023-03-11,828485.718,1196690827.7120342,1.4364929214460196,1.0496865006625,1.4831884604996914,1.0623916580878472
2023-03-12,819488.2698854166,1213594277.0693812,1.1673213349895262,1.043361640811111,1.149526546040095,1.0840710923170138
2023-03-13,796652.3543402778,1292429354.3121214,0.980481668576389,1.1148831659027776,0.9592489892013888,1.064833298125
2023-03-14,797099.4980659722,1354906542.6749408,0.9193774135948305,1.1771100945333333,0.8813529169484231,1.0210418284659724
2023-03-15,775523.68678125,1298098728.186112,1.0893048939696626,1.1875450742149305,1.063831390487642,1.025465032761111
2023-03-16,780618.5119895834,1292451781.4492254,1.1583240591858586,1.1954663778666665,1.1588190243643826,1.0497254721559028
2023-03-17,800313.0835381944,1378924171.5472112,0.965277034424319,1.204815477959375,0.9696833569175879,1.0850138566375
2023-03-18,812381.1382604167,1463158340.3352747,0.92087221295268,1.2525157596524306,0.8612706463847624,1.0241752895805556
2023-03-19,828874.7176875001,1482392878.0750425,0.8961454919931422,1.256514346361111,0.8875852825347725,1.0510041491322917
2023-03-20,791988.5051562501,1397217937.885283,1.034739413806899,1.2825082681385416,1.0316638463077623,1.034814406876389
2023-03-21,816199.3730034722,1446097853.9741633,0.9902118994129159,1.2519145106999998,0.9965951082827027,1.075344383117361
2023-03-22,818894.7458229166,1458704063.723836,1.0542410824143833,1.2269570920336805,1.0232175107709451,0.9753382246479165
2023-03-23,823164.5113541667,1459875342.3606524,0.9833246723419767,1.1780227317239584,1.0180923837569396,1.0801832278871528
2023-03-24,813421.7304166666,1448611086.5712557,1.0669813708653786,1.2327627628288194,1.0186268227511588,1.0253826307381944
2023-03-25,773495.7787118056,1350199954.0596669,1.2153612282255064,1.2164611973739583,1.263796491145646,1.080002975325347
2023-03-26,746508.7601979167,1315388322.0846968,1.10753534234744,1.179845204692361,1.1561379570216839,1.1381981448743055
2023-03-27,749213.1238993056,1304718075.230877,1.2075462720894117,1.1445625307222222,1.2288742826862773,1.07997611330625
2023-03-28,760654.8394097222,1320986410.0279229,1.0913155244820971,1.0953046818253473,1.135928662825651,1.1165136499197916
2023-03-29,826788.0510902777,1487040857.2522404,0.842716567404266,1.1454135492670139,0.8229686175265133,1.0760567263416667
2023-03-30,778017.1680520833,1394757943.7639675,0.9458663528473311,1.152615866532639,0.9107548949002489,1.0301881165517361
2023-03-31,847995.3410208332,1536046580.0274642,0.8450980650469232,1.1484632335895835,0.8125333781939075,1.0923965015069443
2023-04-01,901936.5360729167,1643416879.3747826,0.7960202660505842,1.1532996876843749,0.740463601128571,1.1141642434465278
2023-04-02,884384.31609375,1598591598.9588158,0.9106681035855974,1.1724499853881944,0.8622876430148468,1.0424774419479168
2023-04-03,827247.7682534722,1485960471.0612566,0.9758852811123381,1.1385000001760417,0.9760917657704355,1.0713439749614584
2023-04-04,918950.8943402778,1694998387.4174192,0.7412272718251506,1.1379519457805556,0.731986476316338,1.10162373543125
2023-04-05,1007058.4014236112,1920037135.632553,0.6793745940366236,1.2027296458954861,0.6671072793756343,1.07133835795
2023-04-06,923537.8886840278,1734855571.2431116,0.926233077248331,1.2137972697045138,0.9241681775989622,1.0546624597361112
2023-04-07,867173.7514826389,1613676946.588458,1.105341027048442,1.1914171500510418,1.1413642257317278,1.0864790738236112
2023-04-08,873996.6126284723,1628489104.3540576,1.0976496191435237,1.1798944303583334,1.1654259034469379,1.0950323527684027
2023-04-09,864541.3462465279,1595345908.845343,1.1862343557268926,1.1659494938190973,1.2843590924475088,1.1378026901319445
2023-04-10,830951.3875,1498727979.9768586,1.0562424741642895,1.1472367657739584,1.1185696588698222,1.1486048042253474
2023-04-11,853062.2800069444,1630110751.812149,0.8252363644680675,1.1386391475586806,0.8023055138147547,1.1212421601475695
2023-04-12,865331.3604652778,1635340503.7629514,0.9130856060262903,1.105717596576736,0.9077462524736778,1.0896014186815972
2023-04-13,1102734.3127222222,2173898453.219472,0.6396943215056974,1.1006508262069443,0.6287598877085133,1.1158116378354166
2023-04-14,1080542.3230104167,2267577752.477237,0.6710816929373079,1.1620767234402778,0.6664296265186758,1.0884753982840278
2023-04-15,1061780.2891736112,2224556909.1939406,0.7519603027769162,1.1769767841826388,0.712315491735138,1.1426261659954862
2023-04-16,1052418.887625,2208787604.2788024,0.7765621598924386,1.175254799538889,0.7587160825349747,1.086282363051736
2023-04-17,1029831.4669791667,2148004321.326471,0.8587467414316078,1.1804414666690972,0.835446972640765,1.0449935823965277
2023-04-18,1006359.2934027778,2105782822.7745683,0.870025981899674,1.1723951816538194,0.9057042776791255,1.0956299038916668
2023-04-19,948525.5001631944,1912924918.427476,1.2444893213146704,1.1329354053479166,1.2634091462779886,1.063350421332986
2023-04-20,893507.6317777778,1740453032.31639,1.4326769123730554,1.0874812071305557,1.6351801894528348,1.0453509840774307
2023-04-21,879379.1670625,1675502405.7442088,1.5092513038490882,1.1052814457600695,1.6451673414663543,1.0534741083350694
2023-04-22,842358.9480381944,1567189672.3674083,1.4987247688485263,1.0712062256600694,1.6787887848652199,1.1374133249194445
2023-04-23,860670.3981805556,1602788759.863511,1.5534181896901371,1.081581251497222,1.7114294522078024,1.1172971752857639
2023-04-24,859367.1403333334,1588006787.3680205,1.6170812922878832,1.0849009650763888,1.7924765787626922,1.0817875220218751
2023-04-25,877723.1688541666,1608079189.802533,1.6464662263231704,1.0933349298319444,1.7846026411604674,1.0654757476399306
2023-04-26,851483.0473888889,1612972096.8524969,1.381004666853289,1.1199316510802084,1.4575662948891872,1.0958173891038194
2023-04-27,754596.5946979166,1433062030.8949583,1.3359618566196165,1.1503166984131945,1.4262087851880467,1.0667584983923613
2023-04-28,769700.6302534722,1463225284.042582,1.3179326413158678,1.1799828223243056,1.3609116372567263,1.0915728929399304
2023-04-29,776132.7224826389,1474152778.930206,1.3719198389114289,1.1930203076434027,1.4480189026261,1.1433844750427082
2023-04-30,783813.7319444445,1491754040.2786307,1.3652301938492952,1.205753388692014,1.4227343529225602,1.0838868404180557
2023-05-01,806370.3577777777,1484366877.3685699,1.7270124185722606,1.1723720449041666,1.8817765628380612,1.136464767631597
2023-05-02,830512.9246458333,1531079594.6992826,1.615953740819747,1.1373644602059028,1.817371765816969,1.109951203076736
2023-05-03,816809.64365625,1525229835.8606648,1.3433290231304316,1.184237173596875,1.4298317179083297,1.1033507125979165
2023-05-04,820664.2861909722,1552461474.2254102,1.200561742437846,1.2509896922211805,1.2122959678287666,1.126699946909375
2023-05-05,874899.5785590278,1692531151.9277666,1.0032618559914093,1.239766088753125,1.0425364278488394,1.1122017277993055
2023-05-06,881598.2412638889,1700310899.2320452,1.211435249106607,1.2530806492274307,1.2072474777971776,1.0424803541510417
2023-05-07,827230.1579722222,1576512960.131157,1.3398255859306605,1.2058289677260416,1.448090879728213,1.0855803051878472
2023-05-08,825511.1751423611,1530542968.7931461,1.5657375062799197,1.1587048296809028,1.721857953731928,1.0538618831572917
2023-05-09,836111.2837708334,1541175521.0036497,1.6247063133064659,1.1705559266781251,1.7790388481569674,1.0910463468197917
2023-05-10,841074.6966319444,1554664446.869858,1.595295779080545,1.1613347917993055,1.7733383936847409,1.099693241467014
2023-05-11,854799.3259166667,1549193933.373854,1.7731682736227856,1.152562025204514,1.9390557607452625,1.066726347365278
2023-05-12,856739.5343333334,1519811082.426041,1.782710119441005,1.1443610456590276,1.928992381835832,1.084758749582986
2023-05-13,836873.5353993055,1506579462.9620013,1.6555143654242066,1.144972014090625,1.7304852911969455,1.107046337415625
2023-05-14,831835.2937326389,1498835455.7550466,1.592518880159208,1.1450314017899306,1.6938669192103442,1.1057607725506946
2023-05-15,825351.196482639,1505448101.480184,1.4464474303100758,1.134786709723611,1.5284822773687692,1.0748025831065973
2023-05-16,818794.1794444445,1487498421.3122032,1.4586185159026466,1.1145230410864582,1.539136158270694,1.0846834908322915
2023-05-17,829656.563107639,1503898115.5822172,1.5198989873431334,1.1271566464243055,1.5911592481447743,1.1311073554982638
2023-05-18,815272.6649965277,1479026822.6873426,1.5402945916737891,1.1408633643829862,1.577020077768533,1.0859166705284722
2023-05-19,813287.5858784723,1470812086.5954654,1.5746926103802708,1.1446983141107638,1.6569009136697006,1.1115487579527779
2023-05-20,797751.85365625,1446943851.0673857,1.461014341732723,1.1522904651055557,1.5309921383867964,1.1735197770406252
2023-05-21,805824.3125208333,1459892519.3780704,1.4901280205922156,1.1485904622027778,1.5525488836526322,1.1280244079614583
2023-05-22,835137.2027256944,1513079056.7410464,1.4682501043986775,1.1449422342447917,1.5714127248960286,1.120726535817361
2023-05-23,895561.8246631944,1656981400.1559138,1.1129853936305807,1.1870137559274305,1.1739028726899274,1.1588688931291666
2023-05-24,845886.9892673611,1533028905.324899,1.629420423386718,1.1626545813739584,1.7113662165398733,1.084035898600347
2023-05-25,836076.3387395834,1498887493.6035995,1.7597443973528122,1.1224450967211805,1.9408629521358955,1.1348177985878474
2023-05-26,848459.2307986111,1542273023.2948096,1.3527978767941373,1.125068363960764,1.4674618421009566,1.1466946074232638
2023-05-27,843006.6122118055,1540100012.9222946,1.197295296829772,1.097054272001736,1.2315841364637974,1.2532562141722223
2023-05-28,838249.8528854167,1551095344.4359643,1.1208114603760562,1.0851404519520833,1.1362456336139077,1.1251823848739582
2023-05-29,856243.9621666666,1625876656.2638426,0.9734874494274934,1.1445284798625002,0.9507211048544991,1.105504800338889
2023-05-30,849553.1151388888,1616232973.0434167,1.0093852737425382,1.1298131049743056,1.0198686033523476,1.0975463643916668
2023-05-31,846437.5123645833,1584461104.8926096,1.2493837635622929,1.1226728343538195,1.2776252965847237,1.0930172015097221
2023-06-01,833361.1194791667,1552950976.4997897,1.3901964156161666,1.141133985109375,1.4846126656898522,1.1308356903520833
2023-06-02,848567.9848194444,1603102366.8946912,1.176362359786932,1.150243674646875,1.2707581400660257,1.075803749982639
2023-06-03,874632.82228125,1660249486.5102892,1.07277065277891,1.1597674994069445,1.094276418743505,1.2191514627586804
2023-06-04,866415.0765902777,1645210049.1939518,1.0927840004944427,1.141688491239236,1.1365298100954249,1.1496323047291666
2023-06-05,878017.5692673611,1624133719.0120857,1.5460894058528782,1.1100736482836806,1.6183342176665583,1.069471133567361
2023-06-06,850194.3048541667,1559141237.3276975,1.6065136969214786,1.1032659852788196,1.7959590668707786,1.127696896525
2023-06-07,797662.1615208334,1483749133.4019055,1.2296586520800539,1.199451934746875,1.2838662497093418,1.080394544120486
2023-06-08,778040.5017569445,1433936471.8670857,1.4373848646316596,1.174734254495486,1.5862787341156444,1.1003532348993055
2023-06-09,779547.0268298611,1434327165.3868294,1.458189306489555,1.1647389590288195,1.5968072792117698,1.1350090302777778
2023-06-10,849859.5882812501,1496220788.3259075,1.873103681998179,1.1159202261378471,2.053065381334811,1.0371657524506945
2023-06-11,855674.1689479167,1499116002.109508,1.8490765073788604,1.1030654128416666,2.1302898251922975,1.1010287889381944
2023-06-12,850094.1039791667,1479020997.723057,1.8098847792191992,1.1235847333399307,2.0673913375704007,1.0773611974131945
2023-06-13,834874.6887048611,1454842505.8130426,1.8456420755032272,1.1411020851371527,2.1068365444114128,1.1718620537541666
2023-06-14,858590.8133125,1483079449.6776793,1.886979123659425,1.1416908491302082,2.07866611523213,1.1101372988854168
2023-06-15,863325.3485381944,1423222674.880273,2.203214460430401,1.0401894794430555,2.495120673333835,1.060884806342014
2023-06-16,811610.1189444445,1364370964.4102256,1.843340062296176,1.047066066253125,2.0496901395968563,1.1362423351715278
2023-06-17,761106.5477465277,1318208169.416871,1.5089958236664698,1.1303468352291666,1.6032849232398303,1.191404057207639
2023-06-18,775114.9083854167,1341888180.6444285,1.6035514818534657,1.1168600591229165,1.725305900486119,1.1497570628243057
2023-06-19,771461.4666631944,1330922909.9316666,1.6086133641581102,1.10037396449375,1.7320357734685519,1.1860089845666666
2023-06-20,766857.6271770834,1337210893.6795793,1.5548069141897243,1.102167448201389,1.632360406537926,1.1469800153756944
2023-06-21,744352.0850104167,1367013238.1062496,1.1760746988682025,1.1756488018993057,1.1944578823596792,1.0520438943819446
2023-06-22,741993.6306145834,1407681460.0765018,1.110350730856232,1.223206930228125,1.0626660370089125,1.1278114417864584
2023-06-23,737746.8884930556,1392322452.303546,1.126452459583771,1.2198757192114584,1.094796668677724,1.0873336621711804
2023-06-24,735513.8036493056,1387081279.5289252,1.1888898818884808,1.2027045015923612,1.1752016589547702,1.1089945871628473
2023-06-25,750613.2117847222,1425979341.4237738,1.1409737437261076,1.2150078892291667,1.132978990198228,1.0759003351781251
2023-06-26,752842.22540625,1411039757.8296108,1.3471102784645401,1.207012354817361,1.3486750586873433,1.06922611049375
2023-06-27,749488.91228125,1408673670.8468387,1.2914013845617447,1.1937639965996527,1.3154900637854026,1.1717546017010418
2023-06-28,759728.9896354167,1409000962.4538805,1.5360330078198465,1.1808274909302083,1.5642911643913242,1.059361891751736
2023-06-29,761580.5053055555,1408274229.044486,1.5488646537855593,1.1466501018125,1.6404726181236264,1.0583305734645831
2023-06-30,778033.3623715278,1471154616.9002905,1.2857695190441105,1.1988266185947916,1.315824030859992,1.082898173588889
2023-07-01,834535.4478854167,1603720483.3160264,1.1192674134352063,1.2495636552642362,1.048879948864288,1.1651723365048612
2023-07-02,807559.2397534722,1548894152.6766067,1.2054281277156536,1.267358466340625,1.1395126557679178,1.099029579590625
2023-07-03,857888.5928541668,1678950356.2593007,1.067083224722663,1.2663210479440972,1.025694938502664,1.0995560185982638
2023-07-04,835451.0153958333,1630663497.1148362,1.118169463169983,1.2747496533385416,1.0667424761049416,1.1270448327861111
2023-07-05,799874.8726597222,1536142568.2430582,1.3096042675615864,1.277041922276389,1.306606341584991,1.124785676920486
2023-07-06,779078.0578611111,1482642367.3171434,1.4535241517979338,1.28067172075,1.496279514734157,1.107496572821875
2023-07-07,769694.6642465278,1432036250.3048582,1.775060848701851,1.2178516280465277,1.940953598813227,1.0722382672399307
2023-07-08,761483.6255277778,1416318971.9569032,1.7798853963923351,1.21519712990625,1.892742890132534,1.1498649051760417
2023-07-09,760129.9972222222,1418815050.4151278,1.7317819610662606,1.210001668267014,1.8254458035545962,1.1653140709725696
2023-07-10,756092.1719583333,1411447327.2821364,1.6665988254513888,1.2138691150694445,1.765024289097222,1.1303025938888889
2023-07-11,767004.02303125,1437803264.9134507,1.4870713509722222,1.2210875483333334,1.576390397673611,1.0916597261458334
2023-07-12,766676.9310520834,1443459161.0821407,1.3734861574652777,1.2403522389583332,1.413888282534722,1.1021345640277778
2023-07-13,800560.8555138889,1533006179.8124905,1.2526647221875,1.2099509330208333,1.3273101102083333,1.1417832140625002
2023-07-14,869326.7814444444,1724453874.5290563,0.9625284514930557,1.2571476336805556,0.8855951876736111,1.0900630241666667
2023-07-15,744004.4269722222,1438418661.9719024,1.3144299111805555,1.2312940008333333,1.328661440625,1.167692168715278
2023-07-16,761016.0342013888,1468817497.6759093,1.3330434822222221,1.2356302009027778,1.3629917978819444,1.1888680802777778
2023-07-17,747073.4061388889,1429544240.8679628,1.4792132460416667,1.222222690486111,1.5555266661805556,1.0687114048611113
2023-07-18,750285.4287604167,1425443041.3622713,1.614072089722222,1.2186344777430556,1.6827849956597223,1.0544848120833334
2023-07-19,760829.2328437499,1449487014.4106233,1.5620510827430556,1.2113337594097222,1.6513980645833335,1.1001363188888889
2023-07-20,764449.9465763889,1452320249.556221,1.6518272480902778,1.1957472379166667,1.7968175917013889,1.0720456466666668
2023-07-21,756821.1687291667,1431985074.2895238,1.7823985213194444,1.1884401616666667,1.9332086585416666,1.094642619375
2023-07-22,755352.08809375,1425985193.4199533,1.7697314515277778,1.1870844920138888,1.913465509513889,1.2335778845486112
2023-07-23,753624.4703611111,1414441228.9909391,1.8236136696180556,1.1690520319444444,1.976169415763889,1.226062964722222
2023-07-24,761137.3423680556,1413953616.700369,1.9911983983680557,1.1839035667013889,2.1113146355208334,1.0603223238194444
2023-07-25,753984.2032743056,1398431259.5360444,1.8324137603819446,1.1968830449305556,2.016907937013889,1.1277919108333334
2023-07-26,739281.4831145833,1374777837.5014699,1.7090502065972222,1.2332845112152777,1.844617385451389,1.2087936949652778
2023-07-27,777554.36265625,1454251253.508727,1.561985186388889,1.259707343125,1.6411706524652778,1.1575226075
2023-07-28,787036.2776006944,1470283757.802444,1.6025883783333332,1.2575611446875,1.7095104574652777,1.1891220705902779
2023-07-29,808130.9419861111,1514708785.545377,1.4759057657291668,1.2649242638194444,1.5289515715625,1.3709816961458334
2023-07-30,802917.739048611,1504002096.9866006,1.4991019611458334,1.262336979375,1.546133458298611,1.1968354482986112
2023-07-31,775646.6178541667,1445259034.79781,1.7099100855555556,1.2506614566666667,1.8243348016319443,1.1999135285416667
2023-08-01,807709.48115625,1484591198.0959558,2.087294191111111,1.2219631109375,2.2495811086111113,1.113991745451389
2023-08-02,770252.8444340278,1426661877.959795,1.9589941461458333,1.3115370818402778,1.9947732752083336,1.0402993720833333
2023-08-03,782918.06021875,1440104582.9930708,2.0703649146875,1.3097635486805557,2.21659767625,1.1213302145486113
2023-08-04,777015.1288715278,1426256501.5556204,2.0030716814930556,1.3068622505555556,2.1874141694791667,1.1722812240972222
2023-08-05,780435.0150972222,1430066839.6240711,2.095616414375,1.3048415302430554,2.283993323298611,1.206438758125
2023-08-06,785495.1321944444,1439222812.0267916,2.1096624589930553,1.3070596340625,2.2640675265277777,1.3287263815277777
2023-08-07,803353.1289409722,1470165030.9651742,2.115222613784722,1.2901764205208335,2.2838527062500003,1.1643187707291667
2023-08-08,802890.4340381944,1478341621.6934314,1.902307456527778,1.2996687794791668,2.0168592343055556,1.178607329340278
2023-08-09,796781.2242187499,1478870601.2407851,1.5338632202090592,1.3136814628222997,1.554577220034843,1.2109849727083333
2023-08-10,793625.8926319445,1469965711.3832493,1.6643627855902778,1.3134448443055555,1.6931853483333332,1.1645937432638889
2023-08-11,782739.5591006945,1446084262.0737271,1.7885028020833333,1.2935448156597222,1.8575511447222222,1.2688976055555556
2023-08-12,778223.4875520833,1438926394.2864285,1.8335632988194444,1.285577612951389,1.8868108636458334,1.7410224865972221
2023-08-13,776260.7228263889,1435373438.205155,1.860086622673611,1.2914781085069444,1.9269781916666666,1.5929093898958333
2023-08-14,789468.1868784722,1457730918.0216115,1.892099527951389,1.3058567705555555,2.0306442721527778,1.2131415285069445
2023-08-15,810376.9529895834,1490492414.0140345,2.1032500465625,1.2809763293402776,2.244832781354167,1.2456964130208332
2023-08-16,857224.7922881944,1562354214.417086,2.2832674775,1.2896350308333333,2.4883124050347223,1.2283515682291666
2023-08-17,871033.1918194444,1539334239.7162395,2.4708744127083335,1.2329349037847221,2.6452233741666666,1.0939607099652777
2023-08-18,750461.2803298612,1257122452.150267,1.9166689493750002,0.9951762827430556,1.9709592837152776,0.9986721193750001
2023-08-19,667718.8354236111,1111897679.1406543,2.0171218695833333,1.0700159882291667,2.1098188340277777,0.9634118663541665
2023-08-20,646047.9252986112,1080160884.6031134,2.0522226504166667,1.1299009875347223,2.173039709652778,1.0731282305902778
2023-08-21,651027.1743368055,1088137309.594269,2.0349063474305553,1.1253083978472223,2.0959972741319444,1.1200392723263888
2023-08-22,640486.4497083334,1057390806.9480033,2.106881435173611,1.102129756076389,2.1824751937499998,1.1937616484375
2023-08-23,615274.6454791666,1017375433.1918907,1.9978707509722224,1.0951568086458332,2.0660003729166667,1.0722615634027777
2023-08-24,609559.0347569444,1013895328.0954753,1.9192714971527778,1.0893601620833335,1.9380220974305555,1.1979186317013888
2023-08-25,611167.5195069445,1009505344.688186,1.9572034738888888,1.0734142440277779,2.03248917625,1.1715608248611111
2023-08-26,601382.7669479167,991919909.5795027,1.9797522293402778,1.0659222527430556,2.0522265801736115,1.5635447598611112
2023-08-27,602449.3940625,994899123.0601709,1.972161806076389,1.059548529236111,2.0673096021527777,1.349499899861111
2023-08-28,611238.1229062501,1006561400.5586419,2.048983867152778,1.057134336701389,2.119239021666667,1.262243459513889
2023-08-29,620087.8594270833,1042677371.3542175,1.7491263420486112,1.0777647744444445,1.7911875708680556,1.098224194027778
2023-08-30,622341.7423645833,1065481258.6270299,1.5629301555902777,1.1072672542013888,1.4715092167361112,1.2080832147569445
2023-08-31,613341.336375,1034930325.45116,1.7910674429166669,1.111234373923611,1.7650864656944443,1.1877200737847222
2023-09-01,595124.7830243056,974729850.2474079,2.110651738333333,1.084825981736111,2.250618387152778,1.0968506516666665
2023-09-02,578520.3333541667,944838268.1391606,2.099414870729167,1.0849260183680556,2.2412803372916668,1.0907348469097222
2023-09-03,575897.5316180555,941198783.0628785,2.0774863022916668,1.0760539564236111,2.203379910138889,1.5823733414583332
2023-09-04,575106.1876006945,938648516.6260939,2.083789073159722,1.0693279847916668,2.210539362777778,1.1517368630902778
2023-09-05,587633.1195208333,957121606.8885877,2.0843080571875,1.0585316937152778,2.1958661221875,1.1159808286805555
2023-09-06,598781.1330277778,976254026.5644883,2.1421982921875,1.0430658135763888,2.253165368611111,1.1683681146875
2023-09-07,599472.0340486111,980133892.950113,2.143147765034722,1.0769141993055555,2.2267186089930555,1.1719252501041666
2023-09-08,609592.84890625,997889634.6176668,2.0873445381944444,1.0871872671180556,2.1303742089930555,1.1210439375694445
2023-09-09,609515.318388889,995803946.9574869,2.0289319502083334,1.0884584160069446,2.0923383352083333,1.3956603790625
2023-09-10,610511.8554722222,990397550.1384223,2.1355992843055556,1.0775399821527778,2.2340011275694445,1.2005002409722223
2023-09-11,647429.7528541667,1024339983.6844523,2.2381615683680556,1.039549540277778,2.3588881619097224,1.1081020899652776
2023-09-12,663378.4380421053,1053521842.4220799,2.008465240350877,1.008649810491228,2.158216333859649,1.0697841362807017
2023-09-13,656975.5150451389,1049805278.496787,1.9388274341319445,1.007805858125,2.0079895511111108,1.1256989298263889
2023-09-14,665322.353486111,1080564322.563154,1.7304729344791667,1.0458972935069444,1.745727665,1.1253410404166668
2023-09-15,668122.8554236111,1086603988.0333967,1.6890862638888888,1.0261830307291666,1.6695048859375001,1.1732222017361111
2023-09-16,666670.8706875,1091184059.8802803,1.6695291802777779,1.0575176337152776,1.6167910865972221,1.2039372442708334
2023-09-17,654111.8220243056,1064004237.3174578,1.77751054875,1.055432080486111,1.7753092118055556,1.294766321076389
2023-09-18,659116.810625,1080092021.7057467,1.6887311024305556,1.0463560745486111,1.6807754127083332,1.1175265908333332
2023-09-19,654084.7497222222,1073423088.8547232,1.6938740703472221,1.0274004498611111,1.6968010296875,1.2659344369444443
2023-09-20,652632.7060486111,1064183807.8539109,1.9732508675,1.0237314861805555,1.998380965902778,1.1681929301736111
2023-09-21,676422.4361875,1082577079.3898993,2.2725595856597223,1.0398402213888889,2.3483025920833334,1.124950508888889
2023-09-22,682835.9499548612,1087634811.7787037,2.2816201106944445,1.026462506388889,2.416423297013889,1.152807169861111
2023-09-23,685431.1540486111,1091325041.6637526,2.248400799826389,1.0246705313194444,2.349446160625,1.5877874603472222
2023-09-24,691501.5444930556,1100247847.244955,2.261600627326389,1.0259597940972223,2.3533093061458334,1.4160416333680557
2023-09-25,708172.9137847222,1119212789.0482626,2.2983400852777778,1.031455148888889,2.4542428446180558,1.2890759859027776
2023-09-26,723625.3582013889,1149363468.1277869,2.2430478014930557,1.0602429638541666,2.3453583025694447,1.1034858465625002
2023-09-27,714152.9333611111,1142302479.7479568,2.1182405676736114,1.0848619479166668,2.1705541608333334,1.131443906875
2023-09-28,721639.7305208334,1176326355.0083835,1.6949705648611113,1.0995334163541668,1.7087763983333335,1.1209752910416666
2023-09-29,739032.1272847222,1229872611.8621519,1.3281478488541667,1.0918395708333335,1.2610426153472223,1.1231462188888888
2023-09-30,750016.2880520833,1255909224.204574,1.3276673071527778,1.082895869236111,1.2713299817708335,1.232167442361111
2023-10-01,755167.8578055556,1270096661.6400213,1.3309244282986112,1.0838796505902777,1.2768514030208333,1.2185988663194445
2023-10-02,724570.5479513889,1237056139.8815799,1.4328649499305555,1.1298768354513888,1.354819112465278,1.1065756985069446
2023-10-03,690231.7347361111,1144615476.4493916,1.8069939710069443,1.1269348928125,1.8264603456597222,1.1548659283333333
2023-10-04,685046.1343263888,1124952009.3176765,2.082276021597222,1.142550732986111,2.115241081076389,1.1629725289930555
2023-10-05,709573.7050555556,1157580515.3247912,2.2629511653125,1.156009210173611,2.2977695979513886,1.2014821145833334
2023-10-06,716693.9941597222,1170365661.0275216,2.1893336856944448,1.1925080213888888,2.291510914201389,1.0962647662847222
2023-10-07,728194.838201389,1192953719.048915,2.0551363052430554,1.208118457673611,2.036476278125,1.2873092654166667
2023-10-08,733576.3007881944,1196113745.8667574,2.244354930902778,1.2329902296180555,2.284018732326389,1.1792466093055556
2023-10-09,766593.0737986112,1227178811.2820268,2.5146325573958332,1.2381327641319446,2.569810254791667,1.0826175196180554
2023-10-10,784301.7241736111,1236341801.8047729,2.577050312361111,1.2275210324652777,2.7263787153819443,1.1465743396874999
2023-10-11,808508.6686458333,1264009911.8948543,2.6870594707291664,1.2443733550694445,2.883526276770833,1.113675552638889
2023-10-12,823913.61025,1275119340.5895839,2.7862480784375,1.2407889509375,2.9336237677430557,1.122266982638889
2023-10-13,839975.1525520834,1298145421.9506776,2.635034319722222,1.210578466875,2.7579398967708335,1.0577929619097222
2023-10-14,811817.6362430556,1259462866.6359625,2.664313090763889,1.2278254597222222,2.788716528194444,1.220500101701389
2023-10-15,802992.2719201389,1249012762.8130498,2.5809903824305556,1.2493428009027778,2.688827453125,1.2570987355208334
2023-10-16,780610.3327708333,1232756854.178206,2.3007508851041667,1.282243462986111,2.348695449375,1.1215060177430556
2023-10-17,764583.66628125,1207087942.3954585,2.294989280347222,1.3090519507986111,2.2942068055208336,1.1088843800000001
2023-10-18,762649.3844340278,1197219866.7315874,2.368522865659722,1.316118174861111,2.4006617465625,1.135555481875
2023-10-19,771570.3770902777,1201107435.8786106,2.560194808854167,1.2931455412152777,2.670802410208333,1.123517678263889
2023-10-20,786503.8195381945,1256501360.5448759,1.9590663752083333,1.3082138460763888,1.9465617397569446,1.158986531736111
2023-10-21,788689.3306631944,1271699444.3726459,1.882063861909722,1.3130826376388889,1.7718031262152778,1.1473436781944446
2023-10-22,790493.1345208334,1291550740.886753,1.691376460590278,1.324741372638889,1.5591733845833333,1.179030596076389
2023-10-23,776919.8621805556,1312257745.3625488,1.5120054694097222,1.3364226321180555,1.4022988966666667,1.0709161847916666
2023-10-24,727933.2677951389,1312925363.3573263,1.5091455397916667,1.4562073370486113,1.374565632673611,1.0216526694097223
2023-10-25,708584.2421041667,1266994247.077845,1.5691187500000001,1.4081427603472223,1.4575480403125,1.0392171947569446
2023-10-26,726848.2267083334,1312122513.4767516,1.539738491076389,1.4150508719097223,1.4339956767708335,1.0630108052430556
2023-10-27,716662.6507256945,1278068691.6441858,1.6484439411458334,1.3897604711111111,1.5338432124305554,1.0352711511805555
2023-10-28,708637.5683576389,1265535993.1889977,1.5871303285416667,1.3889510885416667,1.4864172115277778,1.1020433849305555
2023-10-29,715237.4344479167,1279210076.9232473,1.5728634780902777,1.3853338789583334,1.4881772289930555,1.1588566344791666
2023-10-30,739915.2796180556,1334169419.3217196,1.5811057165625,1.3732068099652777,1.4977631881944444,1.1445420603472223
2023-10-31,752924.7999618056,1357758298.313943,1.6076198499999999,1.396355894097222,1.5086545913194445,1.091050279409722
2023-11-01,771322.0694548611,1399323541.6548898,1.5157705984027778,1.4461497148263889,1.3688210138541668,1.1112020593055556
2023-11-02,775879.8809201389,1418373486.7908456,1.590239825486111,1.4572779720138889,1.4033616639930555,1.016391672673611
2023-11-03,747690.0128055555,1348670071.9382696,1.6666490820138888,1.418615124826389,1.6026149309027777,1.0514900758680554
2023-11-04,782920.5253333333,1438259557.7114594,1.3390471416666667,1.395941053263889,1.1705461210763888,1.1061827973958334
2023-11-05,821517.7939166666,1545666256.415209,1.1991555765625,1.4126919144097223,1.0340665218055554,1.133692587326389
2023-11-06,809620.0005104166,1531896366.1306689,1.292078707048611,1.3909820094444445,1.1255228291666668,1.0749972675
2023-11-07,799130.0703194444,1505885088.9429462,1.4303330401736112,1.3216653027083334,1.270615877638889,1.0306030720833332
2023-11-08,774462.4371319445,1461938198.4343543,1.4062339485763888,1.3035979875347221,1.2688626144097224,1.047580246875
2023-11-09,803193.7577361112,1577138064.4681032,1.269281657986111,1.3225258790625,1.1498036122222224,1.0889708988888889
2023-11-10,844748.6653854167,1774774044.591361,1.2941988210763888,1.6154722827430554,1.082598672013889,1.0601182817361112
2023-11-11,817323.3074895834,1685274541.067296,1.5867681133101046,1.6265266748083624,1.4152855447038328,1.0665135947916666
2023-11-12,804080.5958993055,1649420402.4640267,1.6740099659374998,1.6125696768750002,1.5547578835416667,1.0792684394444445
2023-11-13,818665.3797534722,1689953854.045405,1.6198832784375,1.5773877327083334,1.5238619914930556,1.0116350108680556
2023-11-14,798942.1478576389,1625013003.59616,1.672652669861111,1.5652288072916667,1.6437293394097223,0.9667395923611112
2023-11-15,791443.19321875,1588141103.2288065,1.7270037968055556,1.4855261711458332,1.6943212884375,1.0531789375
2023-11-16,779497.6896180556,1579740072.2309902,1.8380079955208335,1.5077846214236112,1.6635852773263888,1.2448252949652778
2023-11-17,774860.7789131944,1519290143.6603627,2.0335085565625,1.4418868203819446,2.118940659409722,1.0211736521527779
2023-11-18,800650.2264236112,1560703621.6337388,2.0752626935069447,1.4462753747916668,2.101416073472222,1.0676620846527778
2023-11-19,812943.354638889,1597067461.8970635,2.0138770508333335,1.4248865256944443,2.0024187144444445,1.1168329935763888
2023-11-20,805777.5820659722,1629111138.923406,1.6778569581560283,1.44617862464539,1.5250169732624113,1.053384767326389
2023-11-21,814605.7982986111,1630272415.569581,1.7053029386111112,1.4829491903472223,1.5735328503125001,1.0615149647916668
2023-11-22,862304.5821458333,1741086977.8358328,1.3621723037847222,1.42998579875,1.3489569024305554,1.0528767875694445
2023-11-23,887323.9708888889,1830853924.9246929,1.1955122568181817,1.4936265604895105,1.0260346751048952,1.106474076701389
2023-11-24,906865.3197083334,1893613650.5074785,1.1340194927083334,1.5247564621874998,0.9931826850347222,1.0807407669791667
2023-11-25,867522.4190451389,1805403921.2434206,1.26262017125,1.55046655,1.13063308625,1.1293081214236111
2023-11-26,853322.7451180556,1769977711.072402,1.3590659873776223,1.5457395402447551,1.2094565495454546,1.0894259491666667
2023-11-27,833028.6539375,1692002563.5028281,1.639107467638889,1.4933595461458333,1.5403783889583333,1.0454567589930557
2023-11-28,841591.8817951388,1711267951.750427,1.571416881388889,1.5071148978819444,1.5290413201041666,1.083940104201389
2023-11-29,835684.7182395834,1709239570.898834,1.4715945796527778,1.5349748496875,1.410098151736111,1.1243772164583334
2023-11-30,834255.1978368056,1698805709.8112268,1.5300612565625,1.525024950173611,1.5162448603472223,1.1147042386805555
2023-12-01,880330.6306944444,1838150846.8109508,1.1380292981944444,1.5009517143055555,1.0218489726041666,1.041069820486111
2023-12-02,891860.9282187499,1884138388.388801,1.1308786942708333,1.5193252519791667,0.9811006940625,1.1592502232638888
2023-12-03,925047.2135486112,2002742400.6198606,1.1848869312847221,1.5665702214930555,0.985898808125,1.0641085947222222
2023-12-04,892845.3318680556,1992609382.9003835,1.2697320395833334,1.6470511496180555,1.120986856076389,1.0364730603124999
2023-12-05,861253.8643784723,1925825222.9369833,1.4415630140972222,1.6132361913888889,1.2524048785416666,1.0792522786111112
2023-12-06,828259.8598958333,1879706499.5783346,1.6167209863888887,1.6479599275694445,1.390304483784722,1.0356726549305555
2023-12-07,842583.4504930556,1926663198.982835,1.4836766456250001,1.5892311501388887,1.3892038661458335,1.0497812621875
2023-12-08,879552.8167673611,2078469149.378883,1.3983303625694445,1.5614622348958334,1.2134773698263888,1.0472203548958334
2023-12-09,870932.8826215278,2056368129.0514383,1.5957570291319445,1.5684662274652779,1.4414234681597222,1.0410462021875
2023-12-10,872668.2623854167,2051737421.2428622,1.612494779236111,1.570817475,1.5065626380208335,1.0833726190625
2023-12-11,802866.9206631944,1797156515.4980319,1.9779533843055555,1.655309936423611,1.7701242645138888,1.014935067152778
2023-12-12,788896.6476458334,1745966807.8292537,2.037638335173611,1.6927843132986111,1.9861527119444444,1.0528934268749999
2023-12-13,805428.1299131945,1772648996.39358,2.0496255650694444,1.7237800156597223,2.0219009978819447,1.0530106971527777
2023-12-14,799955.0985486112,1824141186.4497337,1.7358546035416667,1.7278306938541668,1.5686130548958335,1.0530864469097223
2023-12-15,801378.26740625,1813597516.8870642,1.8716735152777777,1.7576354037152777,1.6447500866319444,1.090510435902778
2023-12-16,805933.3543645834,1809026003.2373226,1.8790340757986113,1.7090764184722222,1.8700125728124999,1.048591021076389
2023-12-17,813654.6708298611,1808370945.8337502,2.076243440659722,1.74323192625,2.0918721166319445,1.0868960751041667
2023-12-18,825460.40678125,1793145590.305336,2.1907884364236114,1.754838171701389,2.2637599360416667,1.0700714640277778
2023-12-19,809762.1290902778,1793358923.8623617,1.998861030798611,1.7419532230208334,1.9358588467013886,0.9904132770138889
2023-12-20,806370.359125,1782328071.6034403,2.0738643460069444,1.7233881712499999,2.0831001022916666,1.0943896669444444
2023-12-21,842551.3791041668,1874676047.3786173,2.0846164616319443,1.7076794139583333,1.983638809826389,1.0799794149652777
2023-12-22,868172.2356319444,1994204548.3781154,1.815106602951389,1.697432196875,1.6093458930208333,1.060395616701389
2023-12-23,851541.3072743056,1953156876.5914087,2.0003965503472223,1.7568090703125,1.672055528576389,1.0584577062152778
2023-12-24,847567.1159652778,1944634984.2784543,2.0694740930902777,1.7658645206597223,1.7790454326388891,1.077659577326389
2023-12-25,838943.5354861111,1912136161.9603293,2.2224135696180554,1.7513937571527778,1.9939287559722223,1.1050319258680554
2023-12-26,830405.6775625,1860580727.464639,2.6514279460416663,1.7768852144444445,2.5024290864930556,1.0207483099999999
2023-12-27,844957.5118576388,1936057750.9003818,2.0554473556944446,1.7674013204513888,1.9033883557638889,1.0958980683333333
2023-12-28,862328.6286076389,2056806505.089387,1.691043145034722,1.7342111697916667,1.4200063996180556,1.058672101701389
2023-12-29,810173.0496319444,1894803413.5996804,2.013150432951389,1.7572796760069445,1.838275386388889,1.0714255788194444
2023-12-30,793611.5626701389,1824787075.1811953,2.304369014548611,1.7388356139930556,2.2229560710069443,1.0417387365625
2023-12-31,795822.8262673612,1828269650.9170635,2.3578688852777776,1.7070566029861112,2.3168133542708333,1.1242937527430557
2024-01-01,788308.449,1818551122.4582937,2.3187031153125,1.7321616757291667,2.285669957986111,1.0754559291319443
2024-01-02,810215.7585590278,1930016074.2448125,2.051780928194445,1.7388409364583335,1.7690116356249999,1.0567074021875
2024-01-03,778309.3010138889,1786756427.4967952,2.452067327013889,1.6581295615625,2.212163680451389,1.0219985714583333
2024-01-04,730763.2174652778,1640994898.3763134,2.322022046111111,1.5534988420138889,2.2886438922916668,1.0345881180902776
2024-01-05,722014.4957152777,1620981203.613277,2.3225262534027777,1.5644551996180556,2.1386590001388885,1.0204825330555556
2024-01-06,745174.63059375,1671058142.163967,2.3196288792361113,1.6511358490277777,2.1539508815972224,1.0613085289583333
2024-01-07,750585.2416631945,1681610650.7069209,2.239617927534722,1.6245572987499999,2.127288567430556,1.0743179127777778
2024-01-08,758304.746982639,1710473978.0228403,2.0510377666319446,1.6244688530208333,1.9812127486458333,1.0597300523263888
2024-01-09,749641.3274305556,1720178297.695316,2.0409064697569446,1.7029377451388887,1.7906149585763889,1.042791380486111
2024-01-10,822709.2173854166,1988807128.8785138,1.5282086508680555,1.6737844034722222,1.3054211725347222,1.0478460129861111
2024-01-11,853906.6202326389,2229155159.498305,1.5847728265972223,1.7397703283333332,1.322918401701389,1.0195904100000002
2024-01-12,904873.1748819444,2359363610.1032233,1.7370540347569445,1.8320623240624998,1.4367621506944444,1.0552067679513888
2024-01-13,895868.0255659722,2285677733.594558,2.135077258923611,1.8681276520486112,1.972456406840278,1.0063090814583333
2024-01-14,905980.7530243056,2301165986.4145794,2.2293314334375,1.887096252326389,2.025587741076389,1.0738593757986112
2024-01-15,910905.6240555556,2296645783.4301066,2.3481648185763886,1.921989681111111,2.3252504087152777,1.0498595034375
2024-01-16,903994.6633368055,2302446015.4401035,2.3002631740625,1.8499651859722224,2.182381084930556,1.0227467339236112
2024-01-17,905476.2798715277,2309853763.78202,2.1842101163194445,1.8243011889930554,1.9569730429513887,1.0876390042013888
2024-01-18,909679.8994895833,2282096922.6416454,2.551358725520833,1.866316629201389,2.4456814371527775,1.0395173788541667
2024-01-19,930189.3057048612,2301432945.220539,2.5267781198611114,1.9584719194444444,2.468963290486111,1.0674570028472223
2024-01-20,924669.3341979167,2286482222.8938317,2.5921582662847222,2.0372968665625,2.413369150763889,1.1060202840972222
2024-01-21,922822.42925,2281967933.3932095,2.5970730494444445,2.029096403784722,2.484983511875,1.1566408183680557
2024-01-22,945560.8471354167,2258990825.53022,2.8371927871875,2.0128441753472224,2.8171002924999997,1.036064612326389
2024-01-23,908591.0450486111,2053818349.6692364,2.746515174722222,1.9947216927777778,2.7970310350347223,1.0341227220138889
2024-01-24,855279.2467604167,1906294519.091775,2.837768341840278,1.903312950451389,2.830191062048611,1.1031671309375
2024-01-25,865844.04796875,1918278902.98203,2.9014752883333332,1.8515941996180554,2.889301736423611,1.1157025444444446
2024-01-26,869973.1033020833,1948507469.1064339,2.6870016546180557,1.789796234201389,2.673406777673611,1.133794925
2024-01-27,859508.1282743055,1949023201.6497564,2.673668691944444,1.7514228214583332,2.549282910138889,1.0851189248263888
2024-01-28,837977.5770868056,1906315428.6686833,2.7027071381944445,1.736799846736111,2.6062113136805554,1.1179537130902777
2024-01-29,838550.7003958332,1908415755.483278,2.756154213298611,1.7855463863541665,2.632506859548611,1.1304017776041666
2024-01-30,859113.2270034723,2001707880.5130577,2.5373435531597224,1.7805347735069443,2.275198704826389,1.0537331372222223
2024-01-31,839573.4511701389,1947596326.1132555,2.4753888008680556,1.7799322189583333,2.2919915005902776,1.0400396444791666
2024-02-01,846587.6846458333,1929744854.8509495,2.706787644826389,1.6938501462152777,2.63330045125,1.1011445905902777
2024-02-02,846909.9578298611,1951859559.36289,2.5421048715972225,1.7007699037847221,2.346219435659722,1.1610013069444445
2024-02-03,854871.6617118056,1974499393.7767944,2.4241353694444445,1.6992692083333332,2.2251327836805554,1.1165085863888888
2024-02-04,846612.5472847222,1945124440.5940046,2.635319378541667,1.686115057638889,2.517628743611111,1.2042488543055556
2024-02-05,858469.2703020833,1976848549.241213,2.4840880322569445,1.7195076207638889,2.4050824172222223,1.19781925125
2024-02-06,873501.0803611111,2042091193.4219882,2.0498363356597222,1.7004215107986111,1.888540073298611,1.1129181573958333
2024-02-07,875074.793517361,2086540270.6327581,1.649293363888889,1.6418288401736112,1.3858976322569445,1.140945373402778
2024-02-08,854297.3763333333,2073790554.6950595,1.6261070187152777,1.5625435564236112,1.4009826504513887,1.1387740177430556
2024-02-09,838886.9346875,2075203724.1879683,1.6106735851736111,1.6015547525347222,1.449355258611111,1.1755446252777777
2024-02-10,834442.7049270833,2081901147.5531566,1.7126580889236112,1.6642483091666667,1.4644548393402779,1.1270439529166667
2024-02-11,844856.7701354166,2123785985.7341528,1.6074897063541667,1.6587588870486112,1.3901837182291665,1.1192144197569445
2024-02-12,841894.1402777778,2137209533.6840105,1.6578782388194444,1.6210166921527778,1.4419283445833333,1.1484301952083333
2024-02-13,884083.5979548611,2341147231.661463,1.7164981577083334,1.6330089783333335,1.3614374455555556,1.0760281367708333
2024-02-14,877257.7150416668,2378186786.1479273,1.5613747795833333,1.6384744437152776,1.309172372673611,1.0867479429166667
2024-02-15,877866.0255972223,2463317349.6325636,1.5021625023611112,1.6612335151388888,1.3057750605208334,1.0626405097222222
2024-02-16,878523.3677116565,2490111190.5546722,1.4910112414110428,1.6092098221472393,1.3074891365030676,1.0708994931288345
2024-02-17,864496.8555208333,2402194646.76224,1.6135651593055556,1.6396011477083334,1.4494713370486112,1.0435303960763889
2024-02-18,871717.7241458333,2449759136.8972144,1.505541521701389,1.6444360828819444,1.3444390958680554,1.081520648611111
2024-02-19,891954.2744513889,2599893930.2404003,1.4760356554861112,1.5610325191666667,1.303204089861111,1.082230374652778
2024-02-20,882787.3808506945,2596062266.617584,1.5185081597569445,1.571756507986111,1.3885940485069446,1.0694682120486112
2024-02-21,899856.3021354167,2647317867.1710377,1.7435532001041667,1.5825430903125,1.6084546847916665,1.0017418534375
2024-02-22,888426.2749999999,2640827822.3791738,1.6105878909722222,1.5849953795833334,1.4694137553125,1.0682955027083334
2024-02-23,880005.004392361,2593236641.0307446,1.6874462682291667,1.5998922338541666,1.6093925076388889,1.0343308286805555
2024-02-24,875992.4006215278,2593628165.2064533,1.4849612886458334,1.543776863298611,1.4431303837847222,1.1058701072569446
2024-02-25,934747.6839479166,2849041252.2348037,1.2411954326388888,1.5224077265277778,1.0920053095833333,1.0966589474305557
2024-02-26,932020.8874305557,2904607127.4901285,1.3887491030208334,1.5678140628125,1.214536384861111,1.065648316701389
2024-02-27,844078.6432013889,2734297605.225607,1.5221734087152778,1.752819925798611,1.404496567326389,1.0680809663194444
2024-02-28,835874.3696631944,2766876049.065954,1.8031125581597225,1.8290875913541664,1.6806693353472222,1.0554797871527777
2024-02-29,841579.8285000001,2890494883.432949,2.172939212534722,1.9667609403819444,2.0399978382638886,0.9939960131944444
2024-03-01,830566.3328472222,2830287340.846526,2.3297836046875,1.9321312022222221,2.2327914623611114,1.0184135890972223
2024-03-02,815890.1414861111,2794399891.9989767,2.4606524119444444,2.024113430520833,2.282469009548611,1.0279898618402779
2024-03-03,814050.9189548611,2798431550.1221223,2.44259928875,2.0232337145833332,2.2571232531944445,1.0411919401736112
2024-03-04,777929.6347874564,2743235290.7581677,2.3974038984668993,2.1014788153310104,2.1558449172473866,1.0477869024390243
2024-03-05,767035.1857638889,2809861334.8882937,2.756719347951389,2.135988590277778,2.4292887422569445,1.0106682430555556
2024-03-06,748656.4571944444,2820531846.974469,2.4176628721527775,2.196147361111111,2.282293281111111,1.0461049305555554
2024-03-07,759429.0636840278,2902276936.5187755,2.7354634396180555,2.2776469375,2.4287679088888887,1.0710550138888888
2024-03-08,780506.0783020833,3063174018.20833,2.555833197326389,2.2938590243055557,2.1550473740625,1.0700137465277777
2024-03-09,775000.5830416667,3032324093.9825654,2.9553015516319445,2.2258257256944445,2.5867573527083336,1.0607253993055556
2024-03-10,777766.2925104167,3048554711.8551884,2.9289968497569445,2.1928816006944443,2.531166287118056,1.045799423611111
2024-03-11,773229.6868680555,3080116218.3824644,2.6113299798958334,2.2853529270833333,2.205625009618055,1.0524690416666667
2024-03-12,788538.5089652777,3157114077.151201,2.870139727291667,2.424214423611111,2.412869239236111,1.027762375
2024-03-13,795231.8527986112,3194580162.751055,2.808397107847222,2.540817454861111,2.6246411140972223,1.0167525312499999
2024-03-14,818133.1891180555,3211951661.1383934,3.408495358159722,2.546818951388889,3.32699031625,1.0346242083333332
2024-03-15,816692.9233958333,3040187296.794539,3.9504292975694444,2.750769211805556,3.8305573711111114,1.0182263680555554
2024-03-16,829820.1873645834,3052284834.220701,3.8698000332291667,2.7194261875,3.7771809284375,1.0342122673611112
2024-03-17,831382.5991006945,2979064952.9088607,3.749794863159722,2.59488096875,3.8298329275,1.033575329861111
2024-03-18,842961.9512569444,3005831657.813514,3.5834127246180554,2.6837940590277776,3.639772592013889,1.0426800208333333
2024-03-19,831904.7414131945,2764445918.928561,4.263806930694445,2.4590274722222225,4.258071664618055,1.0112587777777777
2024-03-20,789668.1665486111,2595535011.7508616,3.8320949576041667,2.0936335555555554,3.781746799930555,1.0548020729166667
2024-03-21,771100.7258020833,2708837437.4433284,3.130554303888889,2.21290309375,2.6942421355902777,1.0313615590277778
2024-03-22,792791.8472118056,2706245633.9999275,3.7615291171527776,2.3905726284722224,3.3805322620833334,1.0311012118055556
2024-03-23,792509.0344479167,2667490290.303602,3.7012776503472224,2.282847121527778,3.669779863020833,1.0490424965277778
2024-03-24,789456.4805347222,2664291162.0164824,3.582286889791667,2.2760116631944443,3.543157309444444,1.1241552708333333
2024-03-25,799687.3310451389,2813501012.3411865,3.2285037894444444,2.3406869097222223,2.8788107800694447,1.0544260555555556
2024-03-26,831995.09334375,3006832090.81991,3.4039493326041668,2.5148327048611114,2.8721403468055557,1.0515985104166665
2024-03-27,841614.0771770834,2997732699.4570885,3.674436659861111,2.552667295138889,3.313543192395833,1.0527288333333333
2024-03-28,845641.0993923611,3007918796.6256557,3.436027789409722,2.5740088368055556,3.224753615138889,1.0523626597222222
2024-03-29,867143.7010243055,3065792028.095766,4.085829113472222,2.589094204861111,3.753072456701389,1.0717290069444445
2024-03-30,879923.0061840278,3097142125.759141,3.892017811319444,2.617452642361111,3.6844805728819443,1.130775763888889
2024-03-31,907071.8626215277,3270760572.577707,3.4021868381944445,2.691865572916667,3.0094880332638887,1.1141341180555555
2024-04-01,889281.6426944444,3144719344.36619,3.965444871423611,2.763430291666667,3.732566213263889,1.0386201041666667
2024-04-02,865679.6649131945,2884479933.743941,4.46585230375,2.571559826388889,4.465254375208334,1.0030814722222223
2024-04-03,843837.7333125001,2798180389.168199,3.726522031423611,2.1979844444444447,3.9594224211805553,1.02651890625
2024-04-04,835856.217701389,2789053297.464658,3.487434774375,2.105769982638889,3.648775440416667,1.0577105729166667
2024-04-05,855434.4871458333,2823060400.816105,3.9600483595486113,2.035093256944444,4.067452221006945,1.0837358194444446
2024-04-06,856192.5427604166,2859454237.728101,3.712400249166667,2.041853611111111,3.6228030259722224,1.075309027777778
2024-04-07,841451.3388020833,2856263887.999094,3.4294254319444444,2.0168571041666663,3.2022563777430557,1.1163100138888888
2024-04-08,875363.6472083334,3135805424.9850144,2.7229723833680555,2.2129682708333336,2.3759311527430556,1.15034584375
2024-04-09,881831.9142395833,3177183480.531502,3.454309076770833,2.394469861111111,2.7295425898958334,1.0508599236111111
2024-04-10,857635.8574444444,3010122916.7018733,3.9095482322916664,2.315292982638889,3.6603863626388886,1.0864031041666666
2024-04-11,837369.4004513889,2965579648.6782904,3.694792847152778,2.2985680069444445,3.4409494924652777,1.0936047291666666
2024-04-12,821698.6380069444,2825822245.567129,4.042780849340278,2.08459778125,3.945958739340278,1.0114883784722222
2024-04-13,767597.4624131945,2456294836.9257956,3.6553537831250003,1.7640287951388889,4.033325256875,1.0119694027777777
2024-04-14,693799.3776354167,2115565871.2725449,3.255150243784722,1.813427954861111,3.313570554513889,0.9993160277777778
2024-04-15,680131.8782847222,2150688867.092881,3.1460242550347224,1.8130639166666667,3.058344501076389,1.0234133784722221
2024-04-16,668921.16734375,2052870977.2775836,3.475458093298611,1.82484775,3.479218633506944,1.0340671319444443
2024-04-17,667307.5848541666,2028964298.3255475,3.5590673582638885,1.788350829861111,3.5655770537847227,1.0722680833333333
2024-04-18,657937.156454861,1991693624.8768244,3.438666292847222,1.8279029791666668,3.422930035625,1.0564522708333335
2024-04-19,663473.8338680556,2029549901.6151342,3.055144340902778,1.8742489375,2.859423541875,1.038567201388889
2024-04-20,662195.7864513888,2041469165.7806342,2.975161990069444,1.9353735798611114,2.836189757673611,1.0307867465277778
2024-04-21,665967.0672395834,2103151970.8448508,2.835602658611111,1.9469156493055557,2.552205496458333,1.0524960555555554
2024-04-22,674045.2230694444,2151515109.2624073,2.7838138884375,1.880209892361111,2.6239330418402775,1.0687875694444444
2024-04-23,681189.7543090278,2179527453.2124076,2.8503767412847223,1.7865512256944445,2.6496408311458333,1.1030113611111112
2024-04-24,684251.6007152778,2198778188.34389,2.8692810646875,1.8074395833333332,2.718816687847222,1.028563045138889
2024-04-25,685995.715673611,2157007249.06922,3.271723797048611,1.7370080659722222,3.33015446875,1.0887158784722224
2024-04-26,680342.6284166666,2134924024.716549,3.2672486298263888,1.790664815972222,3.2224156990277777,1.1060410277777777
2024-04-27,689407.2995486112,2177092519.250924,2.9791633097569443,1.7980713020833332,2.8951126705902777,1.1103789270833333
2024-04-28,726523.8241874999,2399517551.995493,2.3840250977083333,1.8406941493055555,2.098919468298611,1.0529386180555556
2024-04-29,727078.6337673612,2319014360.078109,3.3262848741319444,1.9508322534722222,3.1879916677777778,1.0632132986111111
2024-04-30,724619.5702812499,2221758599.8242946,4.202927214374999,1.8981309756944442,4.2309790537500005,1.0482671597222222
2024-05-01,689860.1662916667,2026780503.0995352,4.314804288888889,1.8913155729166666,4.361357449479167,0.9975235833333334
2024-05-02,691875.8335833333,2049884858.7024193,3.7403423970833334,1.9907518715277779,3.6540735954861114,1.1066371423611112
2024-05-03,723847.1669513888,2194202587.5977736,2.958272604201389,1.9501487638888888,2.8781767461458334,1.0855835104166667
2024-05-04,733914.9702604166,2288545814.660594,2.7213380415625,1.9975332951388889,2.4909748376041665,1.1238849270833333
2024-05-05,730113.5671354167,2280651433.4259443,2.8266825868402776,2.0449901076388888,2.5270771000694445,1.1374859548611111
2024-05-06,730361.8740555556,2281817825.840805,3.067970819513889,2.129790888888889,2.7726483865625,1.0639313194444444
2024-05-07,718630.1973402777,2205147654.5234494,3.263075170173611,2.0715046145833336,3.2093188557291668,1.0518620729166668
2024-05-08,722559.3065034723,2169254225.6079063,3.7334734015624997,1.9752946319444444,3.8404466336111107,1.0418832395833333
2024-05-09,739210.7305173611,2215994398.2199793,3.879176188993055,2.0527309618055556,3.982735069270833,1.14826740625
2024-05-10,744623.5815729167,2220084306.750807,4.068184843298611,2.0889214305555557,4.188166803541666,1.0823569340277777
2024-05-11,759813.9867013888,2215258717.577645,4.302981818298611,2.0062990208333336,4.9648028872916665,1.1095765277777778
2024-05-12,755019.2601458333,2208212059.0569534,3.9454657746180555,2.024901927083333,4.471255694756945,1.1537126111111111
2024-05-13,785227.7158368056,2308456775.6168966,3.6850977599305557,2.0494339375,3.7960027831249996,1.147392763888889
2024-05-14,793695.9241597222,2309992636.9389043,4.110991168923611,2.201501232638889,4.3231741415625,1.0500602916666668
2024-05-15,802694.4637222221,2361554277.748324,3.7391490198611113,2.2035550694444446,3.9812644363541665,1.1182125555555555
2024-05-16,787785.7090069444,2348214128.4269075,3.912679058784722,2.152157010416667,3.4822444171875,1.1669061215277778
2024-05-17,819482.0702708333,2485366026.3165655,3.5616807857638886,2.0500563819444446,3.273392316180556,1.1562293715277778
2024-05-18,840808.9943368055,2615827240.632458,2.717969616388889,1.9267540798611111,2.2648234293750003,1.1090926979166666
2024-05-19,835572.4460520833,2585513348.1673975,2.8056827884027777,1.9147667430555555,2.4048559419791666,1.1506786493055554
2024-05-20,837949.9493263889,2678271843.768452,2.7675067359375003,1.9315482430555555,2.4078149253819445,1.0605465520833333
2024-05-21,1020500.1857048611,3804440401.1675515,1.4158696559027777,2.434965295138889,1.2180447704513888,1.062294875
2024-05-22,1050985.5447916666,3943036443.1811643,1.6457863065277776,2.585490347222222,1.3574592531944445,1.045971611111111
2024-05-23,1072915.959982639,4075548868.032202,1.6056923587847223,2.520800361111111,1.3970766602430555,1.0754903333333334
2024-05-24,1043058.1712118057,3892437007.476911,2.1912254100694444,2.475882607638889,1.9667018995138887,1.070140079861111
2024-05-25,1074182.3024444443,4024695902.2636204,2.172237130833333,2.408521736111111,1.9363324913888889,1.1944758055555555
2024-05-26,1109726.965263889,4225136686.5395374,1.858598238923611,2.3234843993055554,1.6098011796180556,1.1120889166666668
2024-05-27,1145151.4910833333,4479529717.407533,1.5094034103819445,2.276023892361111,1.309406360902778,1.151019295138889
2024-05-28,1125557.118722222,4345990136.472853,1.920874523298611,2.3709628368055555,1.6786532516666666,1.0539814305555555
2024-05-29,1121123.3717083333,4271227365.6005826,2.185036318611111,2.4122748541666663,2.052900151423611,1.0718825590277778
2024-05-30,1119212.2602638889,4215314802.4128323,2.4418918189583336,2.4859173854166667,2.347025883576389,1.1044746145833333
2024-05-31,1116591.9998506946,4209593432.0237293,2.5585348625,2.513417694444444,2.4515406488194444,1.1112942083333333
2024-06-01,1142596.7406145833,4336770964.9466,2.3561887680555555,2.4304139270833334,2.1839112824652775,1.247731079861111
2024-06-02,1136278.995579861,4315269956.495291,2.405166330208333,2.501111395833333,2.137724475347222,1.2666359097222222
2024-06-03,1135214.847715278,4314337227.271529,2.547849586388889,2.517672440972222,2.3701746285763887,1.096060513888889
2024-06-04,1134812.684826389,4295759783.562779,2.8121080772916667,2.5126752569444446,2.673965980763889,1.1911879791666666
2024-06-05,1105628.0543819445,4225888915.8720646,2.6937587985069444,2.519985677083333,2.3256950044444444,1.1670991944444444
2024-06-06,1117406.7673402778,4293838356.7317066,2.7536899107291664,2.5892165208333333,2.2859413676041664,1.1286733090277776
2024-06-07,1085856.2902326388,4104687772.0192924,3.090355573125,2.6612977951388888,2.807362018611111,1.0795835104166667
2024-06-08,1041210.2996736111,3839424233.9983544,3.0821578815625,2.418378059027778,3.112042880590278,1.1687736180555557
2024-06-09,1040437.1775798611,3841444815.564767,3.0797473495833336,2.41488721875,3.1264937724305555,1.2032043854166665
2024-06-10,1052767.9118055557,3875950194.6666617,3.1684744799305555,2.396309722222222,3.1016615599652777,1.250375763888889
2024-06-11,1047061.6089652779,3702755533.816645,3.5380961129513886,2.359299986111111,3.4814604236805557,1.0999642812500001
2024-06-12,1008572.1744930556,3582200373.6424193,3.1349242081533104,2.2991986167247385,3.1817652422916667,1.176459690972222
2024-06-13,986967.4183090278,3450167829.5861006,3.495778226944444,2.266315545138889,3.5593836905902783,1.0830682152777777
2024-06-14,981748.5102395833,3414070701.505708,3.2803376563194444,2.2099300625000002,3.411588824861111,1.1183092951388889
2024-06-15,1014089.6863020832,3588794314.3093143,3.0319351077083336,2.2059311840277775,2.8855961245833335,1.2038026284722223
2024-06-16,1064666.457642361,3808837832.289569,2.864022633298611,2.300720159722222,2.5773096041319445,1.1994472812499999
2024-06-17,1028110.5355416667,3647744675.559133,3.194257104201389,2.3743324340277776,2.8659881938888887,1.1168416493055555
2024-06-18,994789.4163020833,3415234547.8730083,3.6218324010763885,2.2433713437500002,3.485083110138889,1.0373652430555556
2024-06-19,1018161.5524270833,3607176005.042031,2.683418994965278,2.1821727604166665,2.516303788819444,1.1549251770833333
2024-06-20,1017876.387982639,3615539358.419934,2.874171008645833,2.1776149618055554,2.6145223147916665,1.124262892361111
2024-06-21,1001503.7031388889,3508523766.2785416,3.383460741423611,2.1358023964285713,3.1944758838194445,1.0865861944444444
2024-06-22,975645.2068680556,3412634371.9701138,3.0615182268402776,2.1367384826388887,3.1352679884027777,1.1921152569444444
2024-06-23,967236.1373402779,3371708443.2721314,3.138087297986111,2.085268434027778,3.2189441345833334,1.1432583611111111
2024-06-24,983685.7398229167,3289477414.958058,3.8665713438194445,1.8603139375,3.728387254201389,1.05179175
2024-06-25,990540.6766388888,3349668783.44058,3.3934882320833335,1.9520437847222223,3.1226411240625,1.130386576388889
2024-06-26,1011215.872920139,3419340482.768793,3.3795930544097224,2.1554698958333334,3.1724236256597225,1.1829788715277778
2024-06-27,1035187.2128437501,3535935320.7758946,3.307173993888889,2.232058576388889,3.0284066181944445,1.2081514444444443
2024-06-28,1045544.2770208333,3581731644.402402,3.383642575,2.4347781631944443,2.983116769027778,1.160256267361111
2024-06-29,1041835.7972777778,3529942973.9553776,3.655276415,2.3867711527777775,3.452433232048611,1.2955964791666665
2024-06-30,1025124.78065625,3480430905.0693493,3.3558602477083337,2.424543670138889,3.203476877986111,1.2511693368055556
2024-07-01,1024922.3873159722,3560789177.3061466,3.024555972604167,2.5204603750000003,2.635437439236111,1.1606907048611113
2024-07-02,1023863.5354131944,3519074635.8750424,3.2799546211458335,2.5219738124999997,3.133443495486111,1.2216919305555556
2024-07-03,1048469.0126041666,3490893434.6896973,4.063382492361111,2.446297284722222,4.009429341041667,1.0636647708333333
2024-07-04,1059717.5050555554,3360568807.769133,4.369229311840278,2.3486842847222222,4.183843936041667,1.0393193611111111
2024-07-05,991447.0583958334,2929572482.0221353,3.7439138084374997,2.2202969895833333,3.5194805263888886,1.0632107638888888
2024-07-06,954298.2488229168,2875033499.845976,3.253679362951389,2.1289780972222223,3.0760357362152777,1.156059420138889
2024-07-07,940027.1367013889,2823478381.502985,3.539698235034722,2.149813392361111,3.1459992977430553,1.1327773993055557
2024-07-08,901735.0911458334,2680842569.077264,3.5886231281597225,2.0970059756944446,3.294802424340278,1.062626920138889
2024-07-09,909399.7757291667,2785721459.4355865,3.08631535,2.0637949965277778,2.6607017342708335,1.1154350034722222
2024-07-10,893731.8663159723,2765800151.910492,2.9939085410069444,1.98662525,2.532437312465278,1.1219947465277778
2024-07-11,903088.084013889,2816537681.999458,2.966745317986111,1.990053559027778,2.5158061665972222,1.091629357638889
2024-07-12,920651.78503125,2853742000.0505915,2.8781726753819448,2.004626427083333,2.5542084296875003,1.1005959270833334
2024-07-13,923676.152892361,2906215179.2314205,2.5057704797569444,2.0267988472222225,2.1503324810416666,1.1121374305555554
2024-07-14,914395.274048611,2922521733.023081,2.323362502534722,1.9951299270833331,1.9219404246527776,1.2095040347222221
2024-07-15,935624.5826840278,3145300722.9745684,1.9768893562499998,1.9305484166666664,1.7151699593402778,1.0988796840277777
2024-07-16,921916.9420625,3166318983.1332865,2.260787568125,2.0829506770833337,1.8149736770833331,1.1051380659722223
2024-07-17,936530.0183402778,3233535247.8265367,2.216785903854167,2.1470379687500003,1.8626419071527778,1.1185966145833333
2024-07-18,942235.76409375,3228402360.4231157,2.323830038958333,2.1490640277777775,2.0411037025694445,1.0813334791666667
2024-07-19,938827.768982639,3234850295.121153,2.3339005119097225,2.1738515902777777,2.006561992604167,1.1066090277777778
2024-07-20,938136.6585590278,3283571501.5961084,2.3307063194097224,2.1785052743055555,1.8763119506250001,1.1947622743055557
2024-07-21,935095.564826389,3273391740.610422,2.3683189551736112,2.145518371527778,1.9271840125694446,1.2092990520833333
2024-07-22,930203.0035312499,3241941697.630323,2.7561241450347223,2.0883237291666665,2.2709238459375003,1.079257
2024-07-23,953643.6801527778,3310427913.240332,2.7195093117013887,2.1191212777777775,2.439479661215278,1.133653715277778
2024-07-24,970552.4407708333,3323580477.6611156,2.978189562083333,2.247108315972222,2.7261814686805557,1.0881470972222222
2024-07-25,971082.2331666667,3080360104.3291907,4.099740133715278,2.163961725694444,3.742970952152778,1.0688745555555554
2024-07-26,926984.7425555555,3009184953.8275805,3.3866417740972223,2.076723246527778,3.2538523193055555,1.1090274965277778
2024-07-27,901529.9717604168,2946411788.720332,3.531888225347222,2.134834701388889,3.1264368321180553,1.1576300138888889
2024-07-28,894123.2875659722,2906798270.8324404,3.466442093506944,2.202001243055556,3.0875798621527775,1.167830576388889
2024-07-29,936449.8565,3124635812.1762176,2.926201188576389,2.1940035208333333,2.602749373125,1.0920346006944444
2024-07-30,957009.6840243055,3169105627.039716,3.2674359921875,2.3100695694444444,2.886608259895833,1.1040888784722223
2024-07-31,955217.7681840278,3144339630.4270787,3.489871462048611,2.3596414270833335,3.1510918698958332,1.1440751493055556
2024-08-01,970348.2640277778,3074388160.9041443,4.251971328715277,2.4619662986111113,3.931311641041667,1.0748552256944446
2024-08-02,951511.0640069445,2952168528.724527,4.285476432430555,2.50037203125,3.9261765070833334,1.0414860277777778
2024-08-03,926657.93271875,2741349072.2498183,4.6744716034375,2.309037215277778,4.401851576076389,1.0866945381944444
2024-08-04,900980.30996875,2568032413.7318397,4.527736781493056,2.188818361111111,4.286562530555555,1.06204259375
2024-08-05,821616.3516527778,1946019278.0486112,3.6437702554861113,1.9018514756944442,3.0916623389583333,1.0033334270833334
2024-08-06,792095.2244027777,1973428195.6342134,3.1665089494444443,1.6437036145833333,2.845035768993055,1.0402446944444443
2024-08-07,826233.6527986112,2017727782.438774,3.1460624496180554,1.4502060729166668,2.8251078593402776,1.0471584756944443
2024-08-08,807574.5029583334,2011342899.3411052,3.0127106300347224,1.3868348506944443,2.7762844097222223,1.1090968958333334
2024-08-09,807701.6958333333,2125237095.677148,3.0602698842361113,1.3983986354166666,2.4485222235416666,1.1209603888888888
2024-08-10,795845.9735972222,2078466921.4038951,3.1999113441319444,1.371919138888889,2.6783123840972225,1.0993163854166665
2024-08-11,817429.3419861111,2149502132.0440335,3.0115407421180556,1.3618263541666666,2.5633818722569446,1.075862138888889
2024-08-12,783900.22896875,2054705641.0763843,2.884154415785714,1.4443693571428573,2.5078643525622777,1.0710901458333333
2024-08-13,764287.9587465278,2044885990.977473,2.912939574236111,1.4727373402777777,2.4007153473611114,1.0702988645833333
2024-08-14,775257.1124375,2089836341.2503862,2.6937820996875,1.4517357465277778,2.2668780696875,1.0922621666666668
2024-08-15,775755.2599513889,2033633349.7586305,3.2442319595833333,1.5678003125000002,2.9037972960416667,1.0788970208333335
2024-08-16,762444.2487881944,1980266433.646062,3.12049542625,1.5368863819444445,2.798675849375,1.1166669861111111
2024-08-17,768887.7931388889,2001699122.9413338,3.114607321701389,1.5594058333333334,2.779295484826389,1.1993140659722221
2024-08-18,768907.6116076389,2028226341.769056,2.9280613249305554,1.6054762395833333,2.5801987646527778,1.1165369201388888
2024-08-19,785541.6550416667,2048753570.1819715,3.2030837667361114,1.5844287604166665,2.895752964027778,1.1828482881944444
2024-08-20,772409.1971041667,2030215783.0030146,3.2689856825347223,1.5970198298611111,2.8944105546527776,1.0865248333333333
2024-08-21,780110.6931527777,2028589846.8025866,3.470300864375,1.5617750833333333,3.272492664652778,1.1489350694444445
2024-08-22,773961.7614652778,2027372481.36488,3.307227557916667,1.6150777881944445,2.870599651111111,1.10419765625
2024-08-23,785361.6217604167,2106768577.6079814,2.641502312395833,1.614912829861111,2.330574390451389,1.0967039791666666
2024-08-24,788692.6318715278,2180770741.1420193,2.341928560520833,1.5534556493055556,2.160941240451389,1.1560239513888888
2024-08-25,771617.0457291666,2130286289.597793,2.523643275347222,1.52070728125,2.3551492808333334,1.1176349652777777
2024-08-26,791764.7376354167,2155899208.1015143,2.815886467395833,1.584097111111111,2.6915811039930557,1.0924384409722223
2024-08-27,830537.4840451389,2175452170.2933726,3.6481717971874996,1.6992510520833333,3.415245408159722,1.1164420173611111
2024-08-28,801364.7972986111,1997475302.7583957,3.797691492638889,1.49761453125,3.3351011641319444,1.0665292569444444
2024-08-29,803411.861375,2043698123.4781303,3.2654792705208333,1.4854266666666667,2.869547557048611,1.112706423611111
2024-08-30,810655.2146145833,2034441282.7981822,3.4222885986805553,1.508087340277778,2.9917170925,1.1338510833333333
2024-08-31,800185.4046284722,2014267606.5341606,3.416335283298611,1.6568870277777779,2.900665055069444,1.1907058125
2024-09-01,802199.9692048612,1986504487.335192,3.5311813200694444,1.69542903125,3.0511706997916668,1.1277682638888888
2024-09-02,816308.0792986111,2034053694.0147188,3.0081569262847223,1.7078802847222223,2.6194730672569446,1.1571094548611112
2024-09-03,820366.5227256943,2041571421.1063182,3.3392260918402776,1.7936651041666667,2.7828559544444444,1.1273014791666667
2024-09-04,836913.1133125001,2019590283.086489,3.557806000833333,1.826534545138889,2.9330706883333333,1.1229474687499998
2024-09-05,840662.2552708334,2015028790.78928,3.883168408194445,1.8433788333333334,3.0634551453819445,1.1053182847222223
2024-09-06,859660.6434201389,1993976031.8120244,4.282623911979167,1.9075265902777778,3.4548698298958334,1.0399408854166667
2024-09-07,922559.8341597222,2095495800.7757275,4.087946801284722,1.7797933368055554,3.363770844340278,1.1601754131944444
2024-09-08,908286.00803125,2073170369.531186,3.7871985342708334,1.8189750555555557,3.0103595276736113,1.1335946875
2024-09-09,882434.5408576388,2045610437.7583864,3.4932665277083337,1.7417501979166667,2.735641236701389,1.1281448159722223
2024-09-10,865348.1056041666,2035878590.1713667,3.377037529201389,1.6964032326388887,2.5568600721875,1.1040783298611112
2024-09-11,870193.1537326389,2033127457.170226,3.7068428506597226,1.7345294756944445,2.792949203159722,1.0895177013888888
2024-09-12,896521.9743194445,2108994958.046931,3.412913947465278,1.6534348333333333,2.683150931701389,1.095408857638889
2024-09-13,907401.4029826388,2158137841.368779,3.113027878402778,1.6821274652777778,2.438501340798611,1.1648899722222223
2024-09-14,930806.5993472221,2250538059.3325815,2.756339289652778,1.5389044861111112,2.1780349293750003,1.1207973333333332
2024-09-15,918406.9780937501,2202388110.1059604,3.169361226631944,1.563693954861111,2.5641693999305555,1.1586421145833332
2024-09-16,950616.5824791667,2177455947.7015953,4.3120129468402775,1.557526795138889,3.4522665203819445,1.1016327291666665
2024-09-17,967557.9278923611,2245516135.4613857,3.862911022291667,1.5346587638888889,3.139275238923611,1.1095499583333333
2024-09-18,938282.1333159722,2175419770.7917733,4.207211762708333,1.5834906388888887,3.251358065972222,1.0991081875
2024-09-19,981538.6810000001,2388910321.2721443,2.9045000526041664,1.5028838680555556,2.3020456773958333,1.0957342743055554
2024-09-20,956574.3374166667,2420398380.2381535,2.423241499236111,1.7376593229166666,1.9995495939236112,1.1194237673611112
2024-09-21,967179.7172013889,2473408227.324694,2.3883038393055553,1.8248901041666667,1.9472735020833332,1.1356430520833334
2024-09-22,956454.0447847223,2469679900.8038387,2.2304495713194448,1.9010456979166668,1.8665060565625002,1.1261723715277778
2024-09-23,954822.5729618056,2530673330.2773056,2.0614638130208336,1.909350201388889,1.8978157972916665,1.1204354340277778
2024-09-24,947479.7851006945,2497959395.881369,2.3359924969791668,1.9760021770833331,2.1620867736458336,1.0773160520833334
2024-09-25,930247.5683402778,2430298467.2892365,2.713683780625,2.066027076388889,2.429651472638889,1.0806313958333333
2024-09-26,931953.9963541667,2443555002.4634905,2.510768796597222,2.143844326388889,2.344286848576389,1.0764050208333333
2024-09-27,941987.5522708334,2511783624.562922,2.3785623431944445,2.1048019930555553,2.14663861875,1.0820637361111112
2024-09-28,941423.0687222222,2519920860.4428787,2.4875205897916666,2.0487142430555556,2.1806092527430554,1.0659705173611111
2024-09-29,930621.7452291666,2474812856.844766,2.637783185625,2.041464048611111,2.3446514518055555,1.1219471319444443
2024-09-30,973249.3737013888,2547712465.1994953,2.7789518432291667,2.145799375,2.4820656022916667,1.0734232048611112
2024-10-01,1016892.6488680555,2615687918.6136875,2.871982313263889,2.238212013888889,2.497286540416667,1.089890611111111
2024-10-02,1028181.6487951388,2513392485.678433,3.437229400451389,2.0938880868055554,2.7203009457291665,1.1166046180555556
2024-10-03,993374.2757881944,2341645568.0937076,3.852806546388889,1.9761152395833332,2.9872620243402777,1.095564263888889
2024-10-04,980939.1898368055,2345102987.2186046,3.5143884502777776,1.8932762743055553,2.8021424308680554,1.1762702118055557
2024-10-05,973396.1219895834,2347112310.9447165,3.422153464652778,1.865622486111111,2.6636899530208336,1.1838796493055554
2024-10-06,987598.9166493056,2397129862.8804474,3.2303501290625,1.794242670138889,2.576565115798611,1.2303221770833332
2024-10-07,924146.0799131944,2282790238.8963823,3.220290452222222,1.958926829861111,2.5364836069791665,1.1227306944444444
2024-10-08,938891.9293611111,2284940505.0803075,3.5012925697222226,2.1155303680555555,2.7697035884375,1.1035484722222222
2024-10-09,952138.7897743055,2311989656.704689,3.4801199171180555,2.1356230625,2.738696489305555,1.1096520347222223
2024-10-10,1016714.5654930555,2425393713.2959814,3.642426816770833,2.147967916666667,2.9015983559375,1.1059951770833334
2024-10-11,1001966.6560555556,2427187086.32615,3.180468705034722,2.171692895833333,2.538305530138889,1.1351905625
2024-10-12,964060.7804131944,2369260187.036431,2.9117910900347224,2.0759678368055554,2.330934760972222,1.2186207465277779
2024-10-13,945395.3764722223,2326539657.6998343,2.785381361840278,2.1112024340277777,2.202509764826389,1.1707862916666665
2024-10-14,1038283.2861597221,2661863134.0681577,2.271616444027778,2.0682332083333335,1.9581326880208334,1.1212602534722222
2024-10-15,1118088.5059513887,2911140453.351218,2.3895516066319447,2.4038561666666665,2.0061539222222224,1.1076851527777778
2024-10-16,1108840.0446319443,2900556785.390774,2.396379395625,2.5087673541666664,2.072683068263889,1.1007915381944444
2024-10-17,1141216.3408541668,2983004716.936177,2.2501816200694447,2.676605871527778,1.9516793829166668,1.0956573159722223
2024-10-18,1154266.7407569445,3038813852.7382083,2.1407230104166666,2.643167628472222,1.8708134509374998,1.1917199618055556
2024-10-19,1118941.7307048612,2957303805.2814136,2.1929060564583334,2.5826703645833335,1.8596714909027778,1.1420845381944444
2024-10-20,1130875.6831666667,3021765763.2408404,2.05905483875,2.640602347222222,1.7710828256944444,1.18223228125
2024-10-21,1153756.0055833333,3120030932.7588835,2.1965830392013888,2.691689059027778,1.9442750764583334,1.103142298611111
2024-10-22,1158042.9326076389,3051211804.998889,2.584727852013889,2.7777157743055554,2.3842591446180554,1.088081704861111
2024-10-23,1160450.1729166666,2977010870.540027,3.23737177,2.7533298645833333,2.8333151793402775,1.1600777152777777
2024-10-24,1165330.3382222222,2954566843.557809,3.6563834567708335,2.7339604027777775,3.126777157847222,1.1633867152777777
2024-10-25,1171227.7288993055,2940103534.9348598,3.8523212426041664,2.921833732638889,3.2061854227083333,1.0809232569444445
2024-10-26,1182185.303472222,2917619396.107023,3.701879774618056,2.833596833333333,3.1846185177083335,1.1274109965277779
2024-10-27,1200300.5466076387,2984096166.1737614,3.5710118998611113,2.9167588333333336,3.0355578812847224,1.2810824618055556
2024-10-28,1214695.5803426574,3052938201.139402,3.503031951153846,2.9711085804195805,2.978870281888112,1.258816472027972
2024-10-29,1263160.9129895833,3315275151.50653,2.8634784568055553,3.204569777777778,2.442917650034722,1.1314642222222222
2024-10-30,1279700.740642361,3410652641.2497144,2.5613176656597223,3.183758934027778,2.156186173715278,1.1127999583333332
2024-10-31,1276955.8201319445,3319868046.6863446,3.1674436841319444,3.257459440972222,2.6038146088194445,1.0625902777777778
2024-11-01,1299762.6279270833,3271946684.052546,3.8663522396180556,2.8085826666666667,3.282956442673611,1.1295816597222224
2024-11-02,1283086.972142361,3206113254.597291,4.221485450243055,2.7134714756944445,3.531856913090278,1.1824763020833333
2024-11-03,1290020.2665763889,3164757214.912932,4.49220871451389,2.6993629340277776,3.6122811776388892,1.1743198368055556
2024-11-04,1292704.73709375,3165129649.97546,4.392121271284722,2.8383366631944447,3.637001406527778,1.1178733229166666
2024-11-05,1271132.9866979169,3091934687.2058845,4.495414592152778,2.8204797673611113,3.671950515555556,1.16000471875
2024-11-06,1291373.5226354166,3383117820.7228994,3.2181865646875,2.708343190972222,2.7460692005555556,1.1443050694444445
2024-11-07,1330630.246857639,3771324291.195505,2.3404425321180558,2.71824628125,2.080526223298611,1.062067857638889
2024-11-08,1342486.5461249999,3925081593.6456747,2.015634628263889,2.40334896875,1.80287614875,1.064287607638889
2024-11-09,1310441.021902778,3975852942.819507,1.7198782206249998,2.4769006458333336,1.5872704711111112,1.0954656979166666
2024-11-10,1271107.9504548612,4043242713.018496,2.043507574201389,2.6165636597222224,1.964985957673611,1.0232962326388888
2024-11-11,1219001.6043680557,3929811717.2770886,2.219943146770833,3.023224041666667,2.097944015729167,1.038352142361111
2024-11-12,1204367.4178784722,3979155966.07743,2.678368275,3.063861965277778,2.333728050486111,1.0594916770833334
2024-11-13,1219386.10925,3911071383.2255783,2.8394061264930555,3.097577628472222,2.535828218993055,0.99594790625
2024-11-14,1213914.0900277777,3844358586.928843,3.258501283715278,3.010710770833333,2.9827670677777776,1.0368560381944443
2024-11-15,1266877.134638889,3889624402.4401617,3.5053252022569446,2.9363819027777778,3.1531913623958334,1.0627849756944443
2024-11-16,1289274.68253125,4050536624.5754232,3.665448396458333,2.922201486111111,3.290075831666667,1.0757080625
2024-11-17,1278160.7802743055,3968377027.500457,3.8887376361111112,2.8846779756944443,3.3958341050694445,1.1023264479166666
2024-11-18,1304843.9143472223,4078733407.2522006,3.9861660645833337,2.8894966145833334,3.5008074514930554,1.0812581701388888
2024-11-19,1315857.962482639,4113037133.5100775,4.321274578888889,2.929289017361111,3.6698205861805553,1.03120675
2024-11-20,1337562.2066284723,4141142594.547331,4.4876526653125,2.949830979166667,3.97145603125,1.0427918194444445
2024-11-21,1392790.6875833333,4492640373.708718,3.8472338806944446,3.081016579861111,3.406683948611111,1.067760545138889
2024-11-22,1401785.03,4671484686.6271925,4.179473885694445,3.5366707743055557,3.363315996736111,0.9953996145833334
2024-11-23,1423970.3324722222,4821884825.705151,4.240967248680556,3.4626629791666668,3.4453870246180553,1.1155116770833333
2024-11-24,1416703.0595833333,4775953391.883179,4.725072836875,3.400445878472222,3.808992784895833,1.083615159722222
2024-11-25,1432996.7593506945,4917126843.457071,4.046029948923612,3.3526361145833334,3.2622442343402778,1.0287438854166666
2024-11-26,1429972.3064027778,4808743392.626202,4.472276776527778,3.475537954861111,3.722476723263889,0.9868592638888889
2024-11-27,1490081.036388889,5196342307.891243,3.3505967902430553,3.274684190972222,2.8839491095486114,1.0677396666666668
2024-11-28,1501276.1377743057,5398729412.438278,3.172274981006945,3.425945746527778,2.4226793662499997,1.0347145625
2024-11-29,1474934.3916180555,5289013989.731265,3.600671220104166,3.3591766354166666,2.912799229236111,1.1192705555555555
2024-11-30,1490224.9971701389,5472881902.797091,3.301470114166667,3.3129190034722225,2.677859367048611,1.061875
2024-12-01,1504812.1117013888,5576469619.407261,3.2093697948958333,3.2083068125,2.5196748693402777,1.0570205868055556
2024-12-02,1525430.4004722224,5563652406.402625,3.8737210098958332,3.514484715277778,3.1061395736458333,1.0337610381944444
2024-12-03,1562035.856607639,5639596344.281318,4.354552755694445,3.76938628125,3.5129890463194444,1.0212863715277778
2024-12-04,1592188.2887048612,5966173568.053249,3.917295954305556,3.632981940972222,3.1086272966666666,1.0374523923611112
2024-12-05,1587250.3741458333,6148605571.054314,3.9240443952777775,3.407805291666667,3.022510455625,1.047583545138889
2024-12-06,1551758.26521875,6112792546.530018,3.784364429409722,3.2626599583333333,3.0793103042708334,1.0644818437499999
2024-12-07,1589676.3937083334,6356802459.508076,3.9652719885763883,3.1931486006944443,3.105973442986111,1.1400968298611112
2024-12-08,1582041.6549756946,6303977425.176635,4.246134798993055,3.1910107013888886,3.377514479375,1.1302724479166666
2024-12-09,1581652.4829965278,6117543924.279821,5.179819597638889,3.299401503472222,4.076159270659722,1.0123141006944445
2024-12-10,1532940.1706319444,5642633553.113483,5.507990262118056,3.28715278125,4.547082712743055,1.0332348472222224
2024-12-11,1537883.552673611,5727317130.891575,4.529617852777778,3.224247,3.9344830856944446,1.1230555173611112
2024-12-12,1533400.6555520834,5989163001.960293,3.6900475230902776,3.123042013888889,3.041715464201389,1.1620511319444444
2024-12-13,1544767.5477777778,6037564317.84779,3.703597214826389,3.189774545138889,2.977687886076389,1.1264845729166666
2024-12-14,1579707.3970520834,6144546936.062538,3.8870463515972222,3.3140276423611112,3.1023447046875,1.0771456840277778
2024-12-15,1583681.4909305556,6150645923.159311,4.181691668090277,3.294747479166667,3.3875570738194445,1.1616166805555557
2024-12-16,1603827.2113159723,6378638881.254519,3.9002001140972222,3.401901940972222,3.0746258682638885,1.116150361111111
2024-12-17,1633496.5508958334,6499674938.74575,4.059807762569445,3.3287008402777776,3.251130043333333,1.091766607638889
2024-12-18,1636819.8688333333,6270897427.208539,4.9365542222569445,3.349907565972222,4.0525411452430555,1.068161076388889
2024-12-19,1598695.2181805556,5755497898.092335,5.237065626006944,3.3078480277777778,4.6132624490625,1.0449985972222222
2024-12-20,1599155.8032430555,5385309165.616436,5.1868975885763895,3.261796295138889,4.4862686910416665,1.0672094930555556
2024-12-21,1502463.2282916668,5146214482.829426,4.750171993298611,3.733576097222222,3.8503051509374995,1.1204460868055555
2024-12-22,1491003.2542430556,4966704173.920567,4.868889953368056,3.8249758333333332,4.108228422777778,1.0655830833333333
2024-12-23,1506282.7007881945,5017049640.183189,5.011000597013889,3.7462629409722226,4.236959766006944,1.1120564722222221
2024-12-24,1464387.1755104167,5030908021.620792,4.6802583371874995,4.307424923611111,3.8418352034375,1.1462160173611111
2024-12-25,1456937.2533055556,5072882846.049908,4.44644674,4.018551916666667,3.563956624652778,1.1438015416666667
2024-12-26,1455972.23409375,4926486882.170047,5.106286798472222,4.065410336805556,4.070074237673611,1.1386814756944446
2024-12-27,1487214.8394652777,5000875678.264905,5.103872320243055,3.7864226006944444,4.402298187986111,1.1556023229166668
2024-12-28,1522558.37590625,5121498885.163616,4.955596362604166,3.6888300624999997,4.341462377152777,1.2417666319444445
2024-12-29,1519889.5637256943,5134638609.406971,4.877019295520833,3.9050882951388886,4.008436297118056,1.1283876284722223
2024-12-30,1579726.1836388889,5353474101.071835,4.698766809479166,3.9337389166666665,3.9303148464930553,1.0785236840277779
2024-12-31,1575018.7729270833,5306009762.783724,4.956947374027778,4.012947034722222,4.143231807465278,1.2064182847222222
2025-01-01,1605182.8952743055,5371120745.961536,5.4566902879861106,3.906522725694445,4.717313310902778,1.1843949305555557
2025-01-02,1619243.549079861,5567663351.986806,4.3041808067361105,3.8939707013888887,3.6017445752430555,1.1095321770833335
2025-01-03,1618363.9175104168,5680898162.689185,4.241892727013888,3.8326104305555555,3.41582413125,1.1885335277777778
2025-01-04,1634058.9769201388,5907769168.924353,3.704194787777778,3.940991951388889,2.8674144509375,1.1749507847222223
2025-01-05,1627899.1445659723,5910168176.936448,3.586137598576389,4.171178927083334,2.795412463020833,1.0721344722222221
2025-01-06,1623509.9433749998,5950408345.947138,3.478013838125,4.225012072916666,2.780209798125,1.1824045069444444
2025-01-07,1620163.946954861,5791110521.510264,4.3383480109375,4.385952142361111,3.4065477703125002,1.0523537013888888
2025-01-08,1623003.1806840277,5423793399.599907,5.640385808298611,4.257272614583333,4.733464217951389,1.0356427361111111
2025-01-09,1640037.426284722,5387999103.278032,5.877709830659722,4.335413434027778,4.840259913194444,1.1378835555555555
2025-01-10,1621315.1491041668,5299067420.508267,5.730563673055555,4.2687595868055555,4.8695489789236115,1.1065861979166667
2025-01-11,1646279.3230243055,5369554957.77244,5.742445417118056,4.195564861111111,4.800054689895834,1.2031302395833334
2025-01-12,1645631.7176631943,5379987487.435721,5.810551772083333,4.340197454861111,4.781842854340278,1.225301878472222
2025-01-13,1632316.4545173612,5117855436.916328,6.203896619895833,4.3594383854166665,5.089947611006945,1.0745613715277778
2025-01-14,1538409.0074097223,4913206343.458857,5.624040849791666,4.2957502708333335,4.544001459027778,1.1231798715277777
2025-01-15,1525377.6143229166,5016512746.78161,5.099942109097222,4.352757694444445,3.9859422919791663,1.1623817152777778
2025-01-16,1517778.2873125,5079663307.728667,5.640865885902778,4.973248111111111,4.046550679131944,1.0848559756944445
2025-01-17,1531436.953048611,5219788607.510448,5.029316198576389,4.726019694444444,3.950823975347222,1.1405001423611112
2025-01-18,1592072.9951006945,5286304926.091681,6.635580433229167,4.925487708333333,4.876709814861112,1.113900451388889
2025-01-19,1617371.53703125,5343605735.81033,7.278784901666667,5.182365798611111,5.436148165902778,1.0352498506944443
2025-01-20,1584554.0961736112,5252926811.337948,7.0681377371875005,5.4914572604166665,5.399027707118055,1.0238132604166668
2025-01-21,1554276.8195104166,5109666096.37705,7.050931997638888,5.659316277777778,5.364963794618055,1.0728404722222222
2025-01-22,1568053.429888889,5168420711.8397455,6.830673482118055,5.773562670138889,5.1205586711805555,1.0718986875
2025-01-23,1595549.14003125,5162831416.565924,7.296695295124556,5.259588576388889,5.628742409340278,1.0875155833333334
2025-01-24,1641483.0307777778,5522121171.759693,4.720115234236111,4.995096864583334,3.5607626436458335,1.099370503472222
2025-01-25,1581211.4769618055,5235654503.3025255,6.038059727152778,5.042126725694445,4.575116068854167,1.1413844548611112
2025-01-26,1571641.3513263888,5216686370.209451,5.711007000694445,4.933253833333334,4.479728328888889,1.203920378472222
2025-01-27,1575690.0889930555,4916863984.910061,7.32660001701389,4.190382677083333,5.9273818113541665,1.043772607638889
2025-01-28,1539471.247795139,4876462226.800766,6.79728336625,4.265277829861111,5.353483480833334,1.0942120659722223
2025-01-29,1552145.0276597224,4844794025.33992,6.331608298020834,4.4117921805555556,5.3443178840625,1.0869058645833334
2025-01-30,1531217.5488055556,4925420852.63274,5.2787434123958334,4.290994798611111,4.2972302728125005,1.1438174201388889
2025-01-31,1562747.9475902778,5156914931.859307,4.571421696493056,4.296824548611111,3.4843124229513887,1.1391604270833333
2025-02-01,1557092.608201389,5060780369.869512,6.189702338680556,4.525769336805556,4.590436948958333,1.1403636527777778
2025-02-02,1598685.9720590278,4876140713.923885,6.952202018645833,4.41953515625,5.6981963922569445,1.0103817604166667
2025-02-03,1491777.5883472222,3934841725.2335324,5.615625370555556,3.7058894131944444,4.2404412579370625,0.9961449479166666
2025-02-04,1408278.9035,3900011417.330485,4.873986596701389,3.6288716388888886,3.6115237275347223,1.037271829861111
2025-02-05,1343580.59290625,3707996821.4130383,4.366267617222222,3.4079702118055555,3.3634634322916668,1.0704316770833333
2025-02-06,1323171.9893958333,3665625525.602095,4.081932576041667,3.21675290625,3.180936085347222,1.0547495520833334
2025-02-07,1288769.02396875,3480544634.385801,4.701291372256944,3.0818026041666666,3.7879623753472225,1.0683011458333334
2025-02-08,1272305.2631493055,3338885890.5409718,4.744921404513889,3.2518395520833336,3.870310408090278,1.0607756041666667
2025-02-09,1285175.058954861,3397530250.3260274,4.447772724479167,3.3533818784722222,3.62865451875,1.1121449131944443
2025-02-10,1268038.6754236112,3356308756.9406147,4.352700713194444,3.330387420138889,3.4934706435416665,1.1089268645833334
2025-02-11,1274832.0099548611,3399194865.4194927,3.962804648854167,3.2060548680555554,3.279355273298611,1.1203526527777778
2025-02-12,1270671.5013645834,3344407306.7196255,4.808571596006945,3.135502875,3.9535539529166663,1.1147286527777778
2025-02-13,1270549.3472152778,3403392786.5683303,4.852779785,3.3938397951388892,3.655395404409722,1.0376432048611113
2025-02-14,1262004.0212847223,3421011822.066763,3.988125840659722,3.34283625,3.158819542048611,1.1025804618055557
2025-02-15,1263528.4630902777,3417148382.0984263,3.9008994543055553,3.5769454930555558,3.022893477326389,1.1505497291666666
2025-02-16,1261023.9427534724,3395417514.62099,4.262535312534722,3.4830896944444443,3.370185753645833,1.1466667465277778
2025-02-17,1305945.5160833334,3555036335.731892,3.7660580149652776,3.1196476597222222,3.012073525451389,1.1050613854166667
2025-02-18,1306944.2725659723,3500112058.0625515,4.634958369930555,3.1422913472222223,3.631981281493056,1.0531917604166667
2025-02-19,1306504.3396284722,3531870322.0174775,4.226884092986111,3.073869201388889,3.272359792986111,1.0628039756944443
2025-02-20,1321927.0712152778,3614675800.1945767,3.5756089048958333,3.0876437291666665,2.7314532400694445,1.1189753298611111
2025-02-21,1349519.4287847222,3690657972.8705564,4.062035342326388,3.115495013888889,2.981251283888889,1.0502522569444444
2025-02-22,1392004.4066597223,3794079252.4988513,3.9859015438194447,3.1261278055555555,3.2082872590625,1.1064303402777778
2025-02-23,1463026.4922430555,4086269251.258665,2.5793650274652777,2.9193052881944443,1.9920357683333334,1.2117843888888888
2025-02-24,1433162.7380173611,3852447878.1337333,4.730850955208333,3.171069701388889,3.576161009305556,1.0042987291666667
2025-02-25,1415484.506152778,3467062924.5005193,5.335993826770833,2.8746107881944445,4.2470661495833335,1.0510233993055556
2025-02-26,1395986.909142361,3390341692.4864607,5.354144061076389,3.0815811180555555,4.161218042361111,1.0811275173611112
2025-02-27,1407993.592517361,3277355950.3881245,5.759209823368056,3.1318373993055553,4.544725439895833,1.0911828611111112
2025-02-28,1391131.1686319443,3029432042.657931,5.791828736527778,3.0306297743055555,4.483889629305555,1.0445717256944445
2025-03-01,1372866.5719618057,3041383256.421351,5.321040908402778,2.9218646909722223,4.145400034409722,1.1193783958333334
2025-03-02,1393767.424579861,3215460261.9007664,4.662320036909723,3.0400923645833333,3.7422730957986112,1.0952906041666666
2025-03-03,1372723.0803125,3193005975.670265,5.888859020902777,3.519808684027778,4.048689905104166,1.0824114340277777
2025-03-04,1381329.0012118055,2908985892.3067646,6.222100193020833,2.6501804027777776,4.91433121625,1.0760680486111112
2025-03-05,1347973.0713506946,2968052453.51003,4.817414273472222,2.904124736111111,3.812331256076389,1.0721068715277777
2025-03-06,1370780.0503506945,3090459895.466322,4.316716390590278,2.9102808715277777,3.3611904611805556,1.06557075
2025-03-07,1377200.5458819445,2993067639.4270062,5.964183469756944,3.002557111111111,4.46404133375,1.1135724166666667
2025-03-08,1396541.2623333333,3025219850.0051556,5.679142239722222,2.883877986111111,4.422715256701389,1.0796277187499999
2025-03-09,1421402.5409965278,3017280460.9895196,5.323201536041667,2.748573055555555,4.103764138263888,1.0708869652777777
2025-03-10,1411568.2379965277,2840478008.2178245,5.8308514895486105,2.5863212222222223,4.832904029444444,1.0282378402777779
2025-03-11,1397965.0289340278,2657247899.693243,5.249480359861111,2.7148898020833334,4.240936876458333,1.0467243715277776
2025-03-12,1414425.3209166666,2675181298.4966707,5.353414537430556,2.7920028854166663,4.248555928437501,1.0889269027777777
2025-03-13,1450623.0303368056,2720454473.935443,5.296621156458333,2.752603267361111,4.1635827445833336,1.100140829861111
2025-03-14,1442618.887357639,2748990502.6817217,4.569910257569444,2.77708528125,3.613002684479167,1.0733934652777777
2025-03-15,1475979.2755,2845692367.921752,4.095555366666667,2.7103225833333333,3.1595757085416665,1.1633279791666666
2025-03-16,1439995.8152152777,2744080184.8905067,4.472559043541667,2.74841165625,3.4806321193402776,1.1754915520833333
2025-03-17,1466283.1543333335,2805560557.982809,4.400471863194444,2.6847925798611114,3.449479719375,1.1305679340277779
2025-03-18,1494343.6176041667,2840112508.9644847,4.535672863090278,2.7111606631944443,3.5864502648611114,1.1283136597222223
2025-03-19,1586498.2407673611,3156030171.593776,3.1321068853819445,2.5353237604166665,2.4619085246180554,1.10017009375
2025-03-20,1557235.396628472,3111263513.332956,3.6433134619444445,2.4918259861111114,2.7419804966666668,1.1252286631944444
2025-03-21,1533747.0055277778,3021159999.385657,4.3241931815625,2.765779659722222,3.483025458923611,1.0882923402777778
2025-03-22,1535085.0164131944,3051069408.6699553,3.6001537795138887,2.756045392361111,3.0161726296527775,1.1558246770833334
2025-03-23,1559625.4484444445,3120428991.971178,3.0867490165625,2.7380164131944444,2.593854642048611,1.1840436215277779
2025-03-24,1591325.4563368056,3285762437.814362,2.883039329201389,2.69897090625,2.322604057326389,1.105301732638889
2025-03-25,1587229.9102465278,3276509710.097205,3.174762784201389,2.7857013750000004,2.443910995763889,1.1163225798611112
2025-03-26,1566270.510496528,3193392213.373548,3.6640977989583337,2.732212128472222,2.908306221527778,1.1280540104166665
2025-03-27,1552888.3269409721,3131328477.159301,3.8235744958680553,2.709210513888889,3.1934909808680554,1.17350678125
2025-03-28,1564377.3386736112,2997247892.4260807,4.805065794166667,2.4093784513888887,3.8989347913194448,1.0630890694444444
2025-03-29,1561564.6767326389,2902721345.7616982,4.852550763715278,2.2915197430555554,4.036269076458334,1.0991140416666667
2025-03-30,1563946.1675902777,2854189614.8671155,4.874360697534723,2.2175741701388887,4.223334403263888,1.1646342118055555
2025-03-31,1571942.5371909724,2854229770.8981266,4.602682487083333,2.172088107638889,3.9876945235416668,1.2104779965277777
2025-04-01,1557042.9399895833,2919396749.608508,3.7500775582986114,2.1671872152777776,3.241420950763889,1.1226521145833332
2025-04-02,1536899.3873819443,2880217538.290167,3.856223719722222,2.2933382916666667,3.1115034319791666,1.0907050590277778
2025-04-03,1610476.4511805556,2901305109.4987507,4.386916890798611,2.3000803368055553,3.8318792948263884,1.0943291006944444
2025-04-04,1595018.3572673611,2876499259.243835,4.4005061084027774,2.2994292430555556,3.7412142138194446,1.07606921875
2025-04-05,1594774.1485625,2873980392.182625,4.412799916875,2.284642309027778,3.6712975346875,1.2009190833333332
2025-04-06,1552053.9766076389,2700390890.3299255,4.959751991215278,2.3598548333333333,4.041072655104167,1.1200442534722221
2025-04-07,1484198.8349375,2284051718.0461407,4.695264220902778,2.056740881944444,3.7344526105902776,1.0450531493055555
2025-04-08,1489906.198565972,2292831357.224704,3.7592728160416664,1.967726388888889,3.0083379727083335,1.0433712222222222
2025-04-09,1553813.6058333335,2351228624.0664883,3.9444488322569446,1.8327603819444442,3.1173930044444442,1.0672131111111112
2025-04-10,1500759.8602534723,2363569990.548066,3.7038186879513884,2.0319127604166667,2.565056419722222,1.0894778784722223
2025-04-11,1480399.619607639,2304159087.6399326,3.7362873670833334,1.8679242118055557,2.9012361136805556,1.1350520902777776
2025-04-12,1531245.3587395833,2460796446.61611,3.0331510677083333,1.896551559027778,2.3404094099652775,1.1262819548611112
2025-04-13,1532378.4264652778,2465285609.673445,3.2793365528125,2.0426261319444445,2.3847065303819446,1.1775685138888887
2025-04-14,1515940.5450729167,2484209151.3480186,3.0842986532291667,2.0752841666666666,2.3725408388194444,1.09524040625
2025-04-15,1482410.111152778,2408131811.9601045,3.2039633323404253,1.9297118692579507,2.570632184397163,1.1096681284722223
2025-04-16,1484400.2759166667,2346972124.3348417,3.7190294979861114,1.9049049340277777,2.9680278945833334,1.135730763888889
2025-04-17,1507426.6674965278,2399212731.2639027,3.4201937482291664,1.9401586805555557,2.6933714905208337,1.1019339618055557
2025-04-18,1474677.4765833332,2339402471.6098347,3.4216745008333334,1.9215221701388887,2.7717495035763893,1.1648234131944444
2025-04-19,1485558.1579305558,2381856985.371514,3.0711025234722222,1.9698879513888887,2.4723143142708333,1.2214234166666667
2025-04-20,1504175.0347881943,2393625603.364731,3.391461697743056,1.9820451909722223,2.701234579722222,1.183403621527778
2025-04-21,1603862.2224513888,2590895607.050077,3.4026258346875,2.0755775520833333,2.592368172673611,1.1160650555555556
2025-04-22,1640614.342732639,2703231824.8872104,3.142691195486111,1.9896746215277779,2.554868703055556,1.1365829166666666
2025-04-23,1784756.4950069443,3196797606.9414215,2.2556952612847225,2.001878777777778,1.7048877652083334,1.0317853472222223
2025-04-24,1760227.2415104166,3104897030.151179,2.621388650625,2.03525975,1.886992179270833,1.0992886180555557
2025-04-25,1712843.9894305554,3051357307.899602,2.5675763979166666,1.876409576388889,1.9249660254861114,1.073865232638889
2025-04-26,1707114.395763889,3075979159.736982,2.333496682951389,1.735111625,1.803463036076389,1.0621679305555556
2025-04-27,1691597.5301736111,3051355854.757869,2.451963201770833,1.69903371875,1.894241258923611,1.1026387361111112
2025-04-28,1641819.8936840277,2936579865.8003316,2.693177305208333,1.7798767951388887,2.162582843125,1.1158860138888889
2025-04-29,1667872.28690625,3022523924.2898207,2.362163645208333,1.874938611111111,1.8161814881944442,1.1223365555555556
2025-04-30,1645999.439763889,2948095432.211789,2.9023719953125,1.853961440972222,2.3302150190625,1.080797295138889
2025-05-01,1708276.541201389,3127591968.809473,2.234579322916667,1.8371895694444444,1.7450324319097221,1.1148006736111111
2025-05-02,1700503.8590451388,3126352532.117951,2.2431661234374998,1.7641028229166666,1.7238089827777778,1.1355114722222224
2025-05-03,1649944.2092326388,3021483967.8575983,2.4102463143749997,1.8581736076388888,1.8693735546180557,1.1609415590277778
2025-05-04,1607713.4773645834,2943385618.8126082,2.435926878020833,1.8250973368055554,1.916771111423611,1.1189612777777778
2025-05-05,1591794.8605069444,2881813908.1231594,2.7765641323958334,1.805435329861111,2.231025709375,1.1053157743055555
2025-05-06,1604479.2158854166,2870574568.468683,3.082988555625,1.8018534340277779,2.463415324791667,1.1044471006944443
2025-05-07,1580335.4027256945,2879949196.94513,2.5245573878472225,1.9563343055555553,1.8780437865277777,1.0815756597222221
2025-05-08,1732566.4284444444,3439777095.794124,1.9620358831944447,1.8457419340277776,1.6041690137847222,1.1226926597222222
2025-05-09,1760216.9171527778,4049295271.8050556,2.480532220590278,2.583562621527778,1.8774440537500001,1.0757554583333333
2025-05-10,1757464.6248506946,4253641657.607495,2.3217186663888887,2.7316139756944446,1.7762305050347222,1.052449013888889
2025-05-11,1748122.64478125,4390852225.284198,2.529153962048611,2.8864894201388887,1.8322144840972223,1.031138315972222
2025-05-12,1738053.0349444444,4370210273.877954,2.5634423634722223,2.8978477743055553,1.9462467631944445,1.0337517604166666
2025-05-13,1746662.2636041667,4435119466.88889,2.387515062777778,2.9076200416666667,1.8121712180208336,1.042603670138889
2025-05-14,1771074.079798611,4643574183.895846,2.4619040879861114,2.914664048611111,1.8090794440277778,1.0681033090277776
2025-05-15,1756895.454777778,4494195120.501179,2.646499738159722,3.0189786770833336,2.073621289409722,1.0536938645833334
2025-05-16,1800959.6069097223,4652780523.235195,2.313106571354167,2.9890486319444443,1.8736714632986111,1.0425338368055557
2025-05-17,1701284.8946527778,4221208226.31565,2.867091576388889,2.6629106770833335,2.3763599074305555,1.0798964375
2025-05-18,1647763.0851145834,4104081881.58588,2.74009308625,2.466836125,2.3765804868055556,1.0560190868055555
2025-05-19,1592236.2084305556,3890314445.2150497,3.0646463830208335,2.622333975694444,2.4488784611805556,1.0929976284722223
2025-05-20,1646866.6409930557,4143548222.8560495,2.3850705863541664,2.643904923611111,1.8542212945486112,1.0677876631944445
2025-05-21,1566908.2045555555,3975806277.4996533,2.5846284015972225,2.55018115625,2.0585097780902775,1.058851361111111
2025-05-22,1684006.6631736113,4441557111.564505,2.2470275729166667,2.6627704756944444,1.7441921842708334,1.0538340972222222
2025-05-23,1675984.5779895834,4389971530.319849,2.8159833189930557,2.6789444618055556,2.1218134480902777,1.047400232638889
2025-05-24,1641980.7480555556,4184839527.095966,3.0932993871180554,2.572547482638889,2.5678826356249997,1.0763689652777777
2025-05-25,1613049.442621528,4046735518.935522,3.1888178656597224,2.6265208784722223,2.595376637013889,1.11039934375
2025-05-26,1589476.1844930556,4066379413.0435867,2.770563994930556,2.6392469930555555,2.2377971606944445,1.1184483958333333
2025-05-27,1805078.6999861111,4748086079.457742,2.110062201284722,2.6648540381944446,1.6472676215972222,1.1070436875
2025-05-28,1949849.015902778,5152123067.208009,2.124917153576389,2.8015654444444444,1.6114815690277777,1.1171777569444443
2025-05-29,2019163.0797291668,5438100993.275553,2.126982218888889,2.859147690972222,1.6932028628472222,1.0646774270833332
2025-05-30,1878998.4203368057,4881397846.521956,2.699181218020833,3.197934569444444,2.187701271770833,1.0204009722222223
2025-05-31,1822892.5762881944,4604302771.593857,2.5477595850694446,3.2122008784722222,2.2024677135069446,1.1502796493055554
2025-06-01,1838844.2775069445,4623082970.856779,2.628868823645833,3.2208822743055556,2.2885067954513887,1.1018033854166667
2025-06-02,1863273.9993194444,4695928741.995415,2.658129117534722,3.0495494479166667,2.260801635520833,1.0958214375
2025-06-03,1902024.3645694447,4969087386.028889,2.2602095222569445,2.7928288819444442,1.7087217065972222,1.1341020381944444
2025-06-04,1939420.981333333,5092114725.868286,1.9733931908333335,2.676592045138889,1.5620665809374998,1.0974706979166666
2025-06-05,1923779.2385624999,4953241213.850505,2.5425744236805556,2.7589887291666666,2.1008000652083334,1.0403581666666666
2025-06-06,1846079.7742187502,4563168999.183095,2.488889660104167,2.7891513645833332,2.2549014096180553,1.094461232638889
2025-06-07,1862510.9924479167,4656460697.645922,2.432371038194445,3.0035207118055554,2.1003008859375,1.1547433854166667
2025-06-08,1905278.49428125,4793254152.002336,2.368387615902778,3.112004236111111,1.8790246290972223,1.17814834375
2025-06-09,1863558.0851006946,4733000994.17751,2.4224864238541666,3.026652427083333,1.9060432442013888,1.13427490625
2025-06-10,2117981.0912881945,5772908413.855248,1.805522790590278,2.9498076805555558,1.2301580531249998,1.1002359652777778
2025-06-11,2257668.8130555553,6321458082.332627,1.7407602586458333,2.9554134409722224,1.1914886169444445,1.0884012083333332
2025-06-12,2187270.995145833,5984433513.449098,2.035884251909722,2.9890852604166667,1.519999586423611,1.0904691527777777
2025-06-13,1902439.3793784725,4812431985.396467,2.713744490972222,2.947702982638889,2.344639793715278,1.0783286597222221
2025-06-14,1866677.7993125,4726592316.017389,2.4875519580555556,3.1069204722222223,2.163199496388889,1.0996699409722224
2025-06-15,1884914.7900069442,4772288032.152557,2.390222711111111,3.172021027777778,2.1425037769444444,1.1511148368055555
2025-06-16,1976969.2214270835,5164053493.052033,1.9633557595486113,3.1026317048611114,1.6947127377083335,1.0931791041666665
2025-06-17,1936107.3100277777,4928008346.152554,2.502347544201389,3.4860221319444444,2.1689585218055556,1.0835494965277777
2025-06-18,1928054.3501180555,4849227728.263256,2.7198457003819443,3.3307868819444444,2.3922640026041666,1.0407980659722222
2025-06-19,1948387.624295139,4904062135.753422,2.6520933465972223,3.315319246527778,2.2541156047916666,1.1413210625
2025-06-20,2027248.6881979166,5058417957.388324,2.619655126145833,3.2034711006944447,2.2886306585069445,1.0704010312499999
2025-06-21,2012554.5516319445,4842807943.060871,3.0594334884375,2.943921267361111,2.900932586736111,1.075074923611111
2025-06-22,1909463.702871528,4271887430.933732,3.1723266859375,3.1501625138888887,2.669602005833333,1.0479358472222222
2025-06-23,1891774.9245243056,4301056353.49479,2.6145213953472224,2.9168263194444446,2.1648126126736114,1.0042792465277777
2025-06-24,1902228.57053125,4605929243.143108,1.8851164005902779,2.983256947916667,1.5134393869444445,1.071577451388889
2025-06-25,1898669.8275173614,4614840335.667728,2.0911250594444444,2.879032357638889,1.6605198052083334,1.0816135
2025-06-26,1881844.3710312499,4609040856.850241,1.9796511303472224,3.1553529166666667,1.6178717455208333,1.0630624444444445
2025-06-27,1858109.5815104167,4516055892.504878,2.1013372863541666,3.1095154131944445,1.7459735344097222,1.0823900243055555
2025-06-28,1869680.0687708333,4537028961.249805,2.310882800069445,3.170246298611111,1.9121028147569443,1.1375257465277777
2025-06-29,1868343.7548541666,4563185914.274319,2.221529155347222,3.2172491770833336,1.7739216552777777,1.1854353402777777
2025-06-30,1889727.1099201387,4692941298.188435,2.063239037326389,3.2560404930555555,1.5821289458680556,1.0575073125
2025-07-01,1916092.4640833335,4683444347.859546,2.2805560136458336,3.2584663784722223,1.8726656550694445,1.12861128125
2025-07-02,1978619.62684375,4920344513.8300495,2.037622899513889,2.9783121180555554,1.7762020339930555,1.0609452708333333
2025-07-03,2064054.2024722223,5337270606.098171,1.5784282605555555,2.8650190520833334,1.1863992831944445,1.1498600659722222
2025-07-04,2003720.4253506947,5080888098.705579,2.125699832152778,3.0741361145833332,1.6074450960416666,1.1289458194444444
2025-07-05,1966495.376298611,4941294253.795184,2.223653706597222,3.186492607638889,1.870662535451389,1.115199888888889
2025-07-06,1997684.02490625,5058402152.97291,2.0359633388541667,3.1573627604166665,1.6852737932291666,1.0953532256944445
2025-07-07,2032963.4542604168,5192873739.56568,2.007513465347222,3.2491964201388885,1.6206508734027778,1.0985527604166667
2025-07-08,2072319.3762291665,5328143443.332735,1.7987939801041668,3.0783458229166665,1.4819366884027778,1.1019069444444445
2025-07-09,2180099.096423611,5792259782.194033,1.3839671525347221,2.7897513819444444,1.0715933470486112,1.1048147986111112
2025-07-10,2233113.4497361113,6261069370.174952,1.2535441511458334,2.6856389305555557,0.9426204206597222,1.0583451041666665
2025-07-11,2100351.9372986113,6258625715.391287,1.5443860286458333,3.3153819756944447,1.161263238263889,1.0136625034722222
2025-07-12,1998449.991357639,5891540146.192788,1.68719602625,3.2690249375000002,1.2469978324305555,1.0791002222222223
2025-07-13,2008490.3477118057,5959984211.325117,1.626301976736111,3.1356939479166663,1.2359276256944445,1.0918914305555556
2025-07-14,2048389.3226006946,6189363089.067436,1.6292674485069445,2.6686095625000004,1.2838647022569445,1.07912628125
2025-07-15,2075491.0122534723,6255549605.621342,1.6551727209027778,2.453021298611111,1.282648329513889,1.0479729791666665
2025-07-16,2165591.5857986114,6968349827.465622,1.4255393630555555,2.25054575,1.0770279606944444,1.048953298611111
2025-07-17,2053700.199923611,7011165469.361719,1.4635581059375,2.8157015520833335,1.1243808915972222,1.0389817326388888
2025-07-18,2021071.0251076387,7253594191.163673,1.5526180391666666,3.0384455555555556,1.2590116392013888,1.029609638888889
2025-07-19,1995680.5875868057,7110016457.38812,1.6542619844097224,3.082187503472222,1.3214862977777777,1.0650885104166667
2025-07-20,2099467.3770104167,7780855268.29668,1.4791752433333334,2.774520253472222,1.2169235691666667,1.0279856840277777
2025-07-21,2137739.800954861,8069452122.6859,1.5521739813818183,2.5125123490909087,1.2681779661454544,1.0511870486111112
2025-07-22,2165734.5733645833,8022437886.514099,1.8457225891085272,2.8251322118055553,1.5082869526041667,1.0501103437500001
2025-07-23,2113996.406982639,7728002073.80927,2.059245258055556,3.0649747499999997,1.641383467986111,1.0571725069444444
2025-07-24,2076601.5136111109,7602123876.691063,1.8562558934722222,3.282845083333333,1.5098602097569445,1.0813379131944445
2025-07-25,2036633.8721423612,7466625778.422581,1.8283086007291667,3.4535257222222224,1.4807110239930554,1.0758618645833333
2025-07-26,2047900.2049201387,7659386848.018587,1.6125004499652777,3.321324302083333,1.2378939578125001,1.1258146944444443
2025-07-27,2070442.3563680553,7875085266.010264,1.4539771873611111,3.100688340277778,1.144791161423611,1.1103053055555554
2025-07-28,2157314.57296875,8296793124.343388,1.621646788125,2.9555799062499997,1.2875338100347222,1.067777875
2025-07-29,2096019.516138889,7963207691.502884,1.6196576421527777,3.1320701805555555,1.3925302259027776,1.0900109965277778
2025-07-30,2078519.3668125,7872559557.432088,1.5946870388541667,3.11560975,1.3627438029166667,1.0188678159722222
2025-07-31,2083771.8695763887,7940415619.324407,1.5445145686805555,3.157890822916667,1.260932137048611,1.0438016597222222
2025-08-01,2073499.1108819444,7499144025.0365715,2.1127546726736113,3.0498988506944444,1.9199231721527776,1.0410147673611112
2025-08-02,2019390.6809895833,7014829932.093388,2.124761257986111,3.1741655625,1.9677562981944443,1.0360554965277777
2025-08-03,1998412.324861111,6927094966.192022,2.0237859721180556,3.0781911770833332,1.930530498159722,1.1427694270833333
2025-08-04,1986251.6369201387,7159814712.163116,1.8098607235069446,2.9382478715277776,1.7299753973958334,1.0544772638888888
2025-08-05,1951916.157701389,7084442449.3819,2.073085779722222,3.2727214375,1.6841541669444444,1.0745496145833333
2025-08-06,1912731.4813784722,6940985112.950617,1.9079779262152776,3.322084954861111,1.6421280628819444,1.0915576805555556
2025-08-07,2003669.1896527777,7568640102.603684,1.377903778923611,3.103030604166667,1.1461193617708334,1.0741133680555555
2025-08-08,2100583.4785312503,8301725100.037855,1.2271618345833335,3.0846417743055556,0.9624407717013889,1.0576403819444444
2025-08-09,2222235.9706979166,9281953487.984962,1.0823204813194445,3.033531329861111,0.8810516776041667,1.0688345277777778
2025-08-10,2177548.944170139,9204274745.598585,1.2837195467708333,3.23679959375,0.9847076746180554,1.068293777777778
2025-08-11,2165442.778072917,9247567815.810646,1.2075640651041666,3.214157888888889,0.9396832518402777,1.0017859930555555
2025-08-12,2224734.3260208336,9767799448.173796,1.033277543715278,3.192691347222222,0.8523273762847222,1.023231388888889
2025-08-13,2311722.302940972,10805138391.109474,1.1401066913194444,3.219513357638889,0.9098263673958333,1.038708607638889
2025-08-14,2269501.5366944443,10562380728.266851,1.3312328669444444,3.4683363194444445,1.0153060672569445,1.0235956041666665
2025-08-15,2180629.6773784724,9906889813.73662,1.4478022953819445,3.5424360034722224,1.2206376218055555,1.0280396909722223
2025-08-16,2175522.794104167,9625435971.657412,1.6608365570833332,3.3686719513888885,1.4683455822569444,1.0704234618055555
2025-08-17,2201120.0379340276,9887133710.271008,1.5991878805208333,2.9668498854166665,1.451828407326389,1.021692638888889
2025-08-18,2135031.2016701386,9237917372.51778,2.0157959280555553,3.4121351979166668,1.7419649726388888,1.05915896875
2025-08-19,2228140.118708333,9411781158.009243,2.1246417496527776,3.7079722881944446,1.8553383521875,1.019453579861111
2025-08-20,2207188.9593506944,9327886005.756199,2.0181113338194443,3.777358135416667,1.8740703439930557,1.0265143784722222
2025-08-21,2186904.140857639,9344486617.445068,2.0073274147916664,3.9349259201388893,1.6737960280902777,1.0293078263888888
2025-08-22,2225808.551177083,10000849651.348885,1.6784197652430555,3.6102328680555553,1.5026045484722221,1.0297146493055556
2025-08-23,2337796.302388889,11083753021.541725,1.4467995145833334,4.113843100694444,1.0726272555208334,1.058084732638889
2025-08-24,2326400.6518333335,11147230956.726564,1.3539474567708334,3.863483548611111,1.0345374996527776,1.0238492638888887
2025-08-25,2213643.699409722,10183900218.058815,1.7311959093402778,3.803049836805555,1.3961250318402778,1.0589508680555555
2025-08-26,2102395.338972222,9408632996.714691,1.8231414991666668,3.4959811354166668,1.7250762842708331,1.0648483229166665
2025-08-27,2060536.2534375,9453992737.116732,1.6317635046527779,3.382023510416667,1.4375078220833333,1.0485541944444445
2025-08-28,2018528.354128472,9157065726.736296,1.8045778816319447,3.4589629722222224,1.6436684820833334,1.0936911111111112
2025-08-29,2014003.0944491227,8826729215.51451,2.247454883578947,3.34304069122807,2.02447506477193,1.0241470877192982
2025-08-30,2007556.0923958335,8755515811.413874,2.134026995694444,3.325458763888889,1.9559740960416667,1.0983759618055555
2025-08-31,2009876.2807569446,8958648722.34299,1.8525613990624998,3.2295249756944444,1.6845173310069446,1.1216646597222222
2025-09-01,2007255.3599548612,8781744415.084166,2.0548108647569445,3.1678757604166665,1.9142980872916668,1.0959796458333333
2025-09-02,2002144.6303680555,8687880491.252642,2.1197774288194444,3.2770024791666668,1.9934314407638891,1.0259485729166666
2025-09-03,1987226.3595312499,8718074451.96516,1.993842400763889,3.1770271493055557,1.8239255538541665,1.0295145555555556
2025-09-04,1966024.8549583335,8581637197.954866,2.2811786336458333,3.077294121527778,2.0107767627083337,1.0715282534722224
2025-09-05,1962596.0531041669,8518932962.707221,2.4088392638194445,3.02314428125,2.3084088213541665,1.0984397048611112
2025-09-06,1959496.2285243059,8409827043.380853,2.5339135960069448,3.092499138888889,2.4523388897569443,1.2072993090277777
2025-09-07,1983589.613027778,8516870884.44274,2.528631533611111,3.0660897013888886,2.4936005275694444,1.1214135902777778
2025-09-08,1987778.3145729166,8572895336.073476,2.548135054826389,3.277228013888889,2.4124072582986114,1.0801776250000001
2025-09-09,2006279.045027778,8657378202.023481,2.6506391894791665,3.4242628993055555,2.4434776384722223,1.064777423611111
2025-09-10,1998478.1818611112,8668387850.016333,2.539050337951389,3.5209412604166666,2.2976610778819446,1.1036549965277778
2025-09-11,2003811.8561041665,8845532368.650745,2.0316984628472223,3.47574478125,1.741754316111111,1.1087396458333334
2025-09-12,2055656.9248680556,9370499605.646017,1.6919754200347221,3.3707902569444443,1.4259907293055556,1.0986168506944445
2025-09-13,2043463.6463020833,9587065884.238045,1.6844889181944445,3.3769637743055556,1.3323165744444445,1.1291469166666668
2025-09-14,1986517.0931145835,9212917533.414192,1.8402096192708335,3.510509131944444,1.4671339992361112,1.0739080555555556
2025-09-15,1990533.7612951389,9058536509.707615,2.1564800960069443,3.7720868194444446,1.818488698576389,1.0668096458333334
2025-09-16,1967894.3546631944,8851075819.439613,2.492970057777778,3.787916451388889,2.2055485896527776,1.0972651041666668
2025-09-17,1929568.7505625002,8696359982.73891,2.6311463902430554,3.7780431597222224,2.3249231125694445,1.0239957395833335
2025-09-18,1930949.8350173612,8871796982.77544,2.2226795697569446,3.7231328194444444,1.8394380673958333,1.0622617743055556
2025-09-19,1997222.1058055556,9016169001.93882,2.526538296527778,2.996107871527778,2.1428515957638887,1.0380713923611111
2025-09-20,2024940.644871528,9060590907.697033,2.597173291701389,2.753504503472222,2.417414679791667,1.1175579895833332
2025-09-21,2029191.6541284723,9075425148.676493,2.5707851382638887,2.6561501493055553,2.3892902114930554,1.1678356284722222
2025-09-22,1984119.7743576388,8364659545.448354,2.744312102777778,2.941741638888889,2.409410081909722,1.0316793784722222
2025-09-23,1906500.3115937498,7970438005.82838,2.6023517496875,3.0433159479166667,2.370402572847222,1.073872861111111
2025-09-24,1928286.6849201387,8037276684.478875,2.650739028576389,2.521660763888889,2.4862812047222222,1.094848628472222
2025-09-25,1986527.188229167,7927584731.650659,3.0586298106597223,2.985498618055556,2.742716939444444,1.062868076388889
2025-09-26,1957789.5657708335,7749575784.199694,2.624433359548611,3.0628301006944443,2.4124288575694446,1.0631265625
2025-09-27,1911438.8154375,7662306318.739637,2.536564689826389,2.8081840868055554,2.232289885277778,1.1278293680555556
2025-09-28,1914878.7730729165,7699972376.271534,2.4890379963194444,2.834800052083333,2.1986290410069445,1.1580199826388888
2025-09-29,1906246.2866458334,7897546825.929923,2.362112016840278,2.848286309027778,2.0343832858680555,1.0555474513888887
2025-09-30,1852042.7519895835,7705610818.122511,2.2551913388541664,2.8314485763888886,1.9434017244097221,1.06196875
2025-10-01,1868710.0242534722,7945217105.045576,2.0362394100694443,2.5264083368055554,1.8238655844791667,1.0765683854166666
2025-10-02,1949119.0060625002,8601090786.733725,1.9328513225347221,2.2311026180555555,1.6644821059722221,1.0728492013888888
2025-10-03,1978210.0923472221,8884675850.726173,1.90661667375,2.2806121562499997,1.5817225326041666,1.0427042743055557
2025-10-04,1967324.6086840278,8820856519.958418,1.8960399590277777,2.247978892361111,1.5508408328819445,1.0954476493055556
2025-10-05,1991753.9345069444,9025031085.277504,1.7989814419097223,2.1364731875,1.532315916423611,1.0859369201388889
2025-10-06,2006616.5949756945,9242248542.252165,1.6823651335069443,2.1042491875000002,1.4544292902430556,1.0498139513888889
2025-10-07,2003092.5881944443,9243936534.04955,1.7661907327083333,2.150029208333333,1.4444346099305556,1.0472671770833335
2025-10-08,1933410.6051180558,8665356988.04345,1.990236400798611,2.1922452604166667,1.794830520034722,1.035660798611111
2025-10-09,1929221.1212291669,8453222598.743404,2.344482036111111,2.212389472222222,1.9594477845833334,1.047699795138889
2025-10-10,1896877.9334444446,8014772215.994431,2.6823834938541666,2.250104059027778,2.221857239027778,1.0451833715277778
2025-10-11,1427601.3060486112,5415602152.6904,2.6687886330208332,2.7225046145833334,2.279847104479167,1.0738752604166666
2025-10-12,1423526.7923958332,5578820158.95174,2.4634523116666664,2.5592129166666666,2.246206704826389,1.0279611493055556
2025-10-13,1434009.5326006943,5979746582.61262,2.3109466993402776,2.671730163194445,1.9943642377083333,1.010569621527778
2025-10-14,1432510.8487291667,5831832429.171817,2.5272670443055554,2.6903064687500002,2.080084761076389,1.0061885381944444
2025-10-15,1439281.2705763888,5842157024.596851,2.552084935138889,2.50087265625,2.138285191388889,1.0590079618055557
2025-10-16,1464477.0292986112,5816661782.918788,2.912829140486111,2.3234498541666664,2.5638945480208335,1.00743046875
2025-10-17,1458739.4979791667,5583798914.812439,3.219564325625,2.586670486111111,2.775214845347222,1.0008509305555555
2025-10-18,1468908.900079861,5689042895.609822,2.776936078125,2.4985339305555554,2.4207104922916667,1.0476536666666667
2025-10-19,1503071.6808645832,5913682980.64663,2.646645511145833,2.3690538506944443,2.3158571072222225,1.0743293541666668
2025-10-20,1508846.1344444444,6039870879.847889,2.6417355131944444,2.394094138888889,2.2862256204861113,1.0401728506944443
2025-10-21,1490074.1309826388,5857729542.335616,2.9065048149305555,2.4829746249999998,2.4682135579513886,1.0361346840277779
2025-10-22,1500992.6536631945,5749148477.327859,3.3466789756597226,2.413213684027778,2.9704914169444443,1.0534764444444444
2025-10-23,1478566.2882083333,5699449012.561491,3.1244095872222224,2.7227807118055556,2.772441893090278,1.0987053055555556
2025-10-24,1482313.1969444444,5818054539.236813,2.7869457236805553,2.9234124027777777,2.4417035953472226,1.011077954861111
2025-10-25,1487166.5321145833,5856254614.062669,2.8090546619444443,2.877225236111111,2.382764780763889,1.1600667465277779
2025-10-26,1537310.801996528,6176529913.812253,2.3302295059375,2.775363826388889,2.007347158020833,1.0813075972222221
2025-10-27,1591867.2278194444,6651010934.721319,1.916261698888889,2.955123222222222,1.6117470105555556,1.084209159722222
2025-10-28,1572871.4534062499,6436531122.04498,2.2939305241319445,3.1353020520833335,1.9216714867013889,1.055840125
2025-10-29,1533521.6228819443,6104759654.274494,3.0383529505208333,2.9936649930555554,2.6421388589583334,1.0841283993055555
2025-10-30,1581976.4005,6073430128.62379,3.7030272118402774,2.6060795555555556,3.2243213210416664,1.0424022499999999
2025-10-31,1583917.8667847223,6090924775.653294,3.3790681671180556,2.714052298611111,2.9889119867708334,1.060836670138889
2025-11-01,1578716.1094652778,6106444621.983575,3.1445423677083335,2.7789969791666667,2.7658906090277777,1.1662028298611111
2025-11-02,1610468.5352187501,6235160629.743706,3.178091435659722,2.7108235555555553,2.7624014296180555,1.1378218194444445
2025-11-03,1699128.8331875,6283628294.247081,3.9873280110416665,2.56395903125,3.3815992635763887,1.0076308993055556
2025-11-04,1734787.634,6013550605.7781725,3.7944789353472226,2.7719781979166664,3.211566956145833,1.062449673611111
2025-11-05,1653292.0499930556,5541545692.388149,3.325150887951389,2.6828177013888888,2.7664764338194443,1.0913422395833332
2025-11-06,1671167.7406493055,5619754809.771252,3.1927931517361112,2.7003831354166667,2.5756608708680555,1.0495578888888888
2025-11-07,1721157.7761041666,5750416967.523907,3.2902890090624997,2.717107371527778,2.6950956122569445,1.0480190972222223
2025-11-08,1721605.1278402777,5886301088.387748,2.8692460585763886,2.846778694444444,2.3436291990625,1.0580504687499999
2025-11-09,1710649.2978541667,5923054470.088462,2.7675787083680556,2.800944947916667,2.3490804519444444,1.1084624930555556
2025-11-10,1755912.0106354167,6297204865.316445,2.3781325746180553,2.9061502430555555,2.0831563410763887,1.1043240104166667
2025-11-11,1701507.9784826387,6000932603.8315935,2.6438513444097222,2.720926232638889,2.2790349268402776,1.063792451388889
2025-11-12,1676319.8903090276,5792989442.65139,2.7625027770486112,2.5736920694444443,2.473092150347222,1.0431821076388887
2025-11-13,1776534.5684826388,6032532637.567197,2.944772245347222,2.7275505694444444,2.5159940373263887,1.0330452673611112
2025-11-14,1738747.336986111,5530076210.49435,3.7943574840277776,2.7377290624999997,3.1284419352083335,1.0004916770833332
2025-11-15,1733943.9305243054,5501328260.406882,3.5944944414583335,2.7585517986111108,3.059239343402778,1.07377759375
2025-11-16,1821883.9499270832,5742124722.435852,3.7390084448958336,2.7971599270833334,3.1191638246180555,1.0914221631944445
2025-11-17,1897688.388670139,5926392963.448052,3.574975522048611,2.9271507118055555,2.9222091780555552,0.9928917951388888
2025-11-18,1954618.5208680555,5993485862.15563,3.540482355,3.22436953125,2.9204355547222223,1.0491825625
2025-11-19,1984251.79953125,6010512995.0581875,3.913899730625,3.4131128368055554,3.0815419799305555,1.0080656354166666
2025-11-20,2005180.5343541668,5946477383.875059,4.255543035416667,3.2444158680555555,3.225899213923611,1.0368666840277778
2025-11-21,1938377.460232639,5354902641.365907,4.282676005868056,2.6997012951388886,3.314875558055556,1.0521146979166667
2025-11-22,1878946.9697951388,5157604918.0902405,3.616539992951389,2.7011680243055554,2.7217370280902777,1.0797159027777776
2025-11-23,1886387.3262222223,5309896061.42583,3.2521891505902776,2.512326142361111,2.609091494027778,1.0689807708333334
2025-11-24,1865867.2452951388,5337467960.493157,3.106221340347222,2.7009068159722225,2.521330714513889,1.0418616006944446
2025-11-25,1851798.3643229166,5403717528.808027,2.8824877438194445,2.741007892361111,2.2281474769791667,1.0259109652777778
2025-11-26,1863257.20078125,5510394286.037808,2.5996394186805554,2.912813017361111,2.0425520094791665,1.0589317083333334
2025-11-27,1897792.6257881944,5740368711.550577,2.283487393819444,2.8911588958333336,1.8363529677083332,1.0225156423611113
2025-11-28,1886653.1169479166,5721681109.766944,2.3166067475,2.9212925729166668,1.8925322494791668,1.1015671076388889
2025-11-29,1913357.4357013889,5749394010.186856,2.5960782964583333,2.7987409479166665,2.1219387240972223,1.1443546875000001
2025-11-30,1898946.948354167,5724373899.673299,2.3764477270833333,2.846026430555556,1.9904976898611109,1.1156031875
2025-12-01,1932563.370003472,5427083154.472084,3.2091244560416667,2.924614,2.5143619641666666,1.1012560659722221
2025-12-02,1960515.7546909722,5649815750.890963,2.5755441200347224,2.9422809548611113,2.130703843680555,1.0447221493055556
2025-12-03,1965658.1691979165,6053367096.168195,2.0983175095138886,2.7622150416666664,1.7067161904861112,1.1287277881944444
2025-12-04,2030844.139246528,6449784988.776453,1.9370809671180556,2.91570959375,1.5039740330208333,1.0600864097222222
2025-12-05,2046222.9151840275,6355431116.025907,2.116938036631945,3.12816190625,1.6635763180555554,1.0496656111111111
2025-12-06,2072168.4155833332,6289761610.093806,2.3724248875000002,3.0332876458333335,1.9852609981944442,1.1289432847222223
2025-12-07,2031201.1376770835,6195513503.784496,2.3753337731944444,2.943210826388889,1.9581030424652777,1.0293235729166668
2025-12-08,1976459.4367291667,6173726378.26799,2.2902922725347223,2.773850392361111,1.8565615932291668,1.0598811041666667
2025-12-09,2011937.4926770835,6424821075.171022,2.025756401701389,2.7671362083333335,1.6477662217708333,1.0528901805555555
2025-12-10,2053133.3152465278,6841820277.174118,1.534089942847222,2.7995366597222224,1.273121832361111,1.0495978055555557
2025-12-11,2043815.5267777778,6557399069.178397,1.8920833134027777,2.9559344722222223,1.6098644229166665,0.9786283784722222
2025-12-12,1990272.2597430556,6334816123.901781,2.281340169375,2.940507357638889,1.9381985064236114,1.08725284375
2025-12-13,2012834.8398923613,6244870677.265905,2.698519595277778,2.8565833125,2.391852569826389,1.0937158472222221
2025-12-14,2033381.302017361,6298892633.61999,2.4878322112499998,2.869459392361111,2.140100304444444,1.151386857638889
2025-12-15,2068419.6553090278,6333347862.180379,2.516567009375,2.6842926909722222,2.2232326764930557,1.1023134097222222
2025-12-16,2029866.1952847221,5967881421.0914545,3.180569548576389,2.689855527777778,2.7930831272916667,1.01791053125
2025-12-17,1975149.6175243056,5735825206.639906,3.11630986,2.719925420138889,2.673182492152778,1.024008388888889
2025-12-18,1963961.7983472224,5600729878.04265,2.909965111284722,2.6190665520833334,2.580784739375,1.105573125
2025-12-19,2043025.8472847221,6008559374.003001,1.9790453163541666,2.594640878472222,1.7586533189583333,1.0960311215277778
2025-12-20,2072534.251784722,6174946813.178669,1.6650875812152777,2.5309334270833332,1.4022303527083333,1.1018944791666667
2025-12-21,2040742.5490173611,6082378311.306599,1.8007643875694446,2.652406229166667,1.5395111434375002,1.0855085659722221
2025-12-22,2010831.8248993056,6084900117.625249,1.8487549544097222,2.5870755208333334,1.650143939965278,1.1252132256944445
2025-12-23,2053767.2752430555,6090907490.561143,2.395094930902778,2.723061013888889,2.097508654201389,1.1567237534722221
2025-12-24,2111707.811375,6203860609.198617,2.5002492383333337,2.62880809375,2.220307015520833,1.1681564479166666
2025-12-25,2103449.434934028,6181898931.494419,2.358701943923611,2.665535388888889,2.1163794642013887,1.1470587291666667
2025-12-26,2138346.2997291666,6299877918.500057,2.4599459085416666,2.6421562569444443,2.2673718746875,1.0751026805555555
2025-12-27,2134299.7619861113,6251122003.889694,2.8977555777777777,2.6482390729166667,2.617483944861111,1.1426920243055556
2025-12-28,2124654.9725520834,6248625482.228772,2.618544143298611,2.6529029444444445,2.328912940138889,1.16176071875
2025-12-29,2149378.1632569446,6380734870.759185,2.4632268296527777,2.672251357638889,2.21065060625,1.1165242534722222
2025-12-30,2125983.5114513887,6300199070.389343,2.368883501770833,2.7459438958333333,2.1600254659374998,1.1020617881944446
2025-12-31,2097125.8588472223,6245563720.096331,2.180695744861111,2.781910517361111,1.9666978954861112,1.1023775729166667
2026-01-01,2102009.1805104166,6272765904.762993,2.2309516362847224,2.8085653749999997,2.031303942152778,1.105380545138889
2026-01-02,2240298.6709791664,6860187764.400758,1.5739449755208335,2.486856767361111,1.4710895221875,1.1064046180555556
2026-01-03,2284014.2078090278,7102680936.9935255,1.4819498596180556,2.3563012256944442,1.3788283920138888,1.168153170138889
2026-01-04,2266812.8861354166,7117439560.959445,1.47381061625,2.302199239583333,1.383778238923611,1.0439407118055555
2026-01-05,2227781.342777778,7093837253.518424,1.568620232638889,2.3154355555555557,1.5282235589930557,1.0009900381944443
2026-01-06,2206049.030006944,7143441379.9684105,1.4831120865277778,2.340175309027778,1.4348618464583334,1.0796942708333335
2026-01-07,2160955.0075416667,6931991897.271823,1.8430234470138889,2.63247203125,1.7042132526736111,1.0968488854166667
2026-01-08,2238055.4040381946,6989592412.441332,2.402769358263889,2.7196176770833334,2.2364183938541666,1.0933927638888887
2026-01-09,2269258.6247916664,7036205400.062035,2.5539464246180557,2.5301453645833334,2.410288603923611,1.051808295138889
2026-01-10,2270822.7464756947,7016195071.084334,2.6881851498958333,2.6278697777777777,2.558371615972222,1.21121446875
2026-01-11,2279360.9999965276,7080938594.316427,2.505500789652778,2.6200165590277775,2.4241997686805554,1.1846272604166665
2026-01-12,2242990.73325,7003530046.396092,2.4210666089236113,2.69140828125,2.3366172766319444,1.03179003125
2026-01-13,2258714.6515208334,7137758839.015908,2.0106385168055554,2.605481979166667,1.9865650676388888,1.124239982638889
2026-01-14,2288466.2729652775,7635292649.456001,1.3112292749999999,2.514832715277778,1.255937309027778,0.9816108611111112
2026-01-15,2251558.2555659725,7483617170.701297,1.4156626475694445,2.538333361111111,1.3543352193055556,1.11652396875
2026-01-16,2209116.3364756946,7282631684.276247,1.5336559458680556,2.5283295416666665,1.497260120451389,1.0797645104166667
2026-01-17,2234682.5811979165,7378042362.887214,1.5105301407986111,2.6238725208333333,1.4693480176736111,1.2922192118055555
2026-01-18,2253438.654826389,7488143026.15239,1.4507941146874999,2.5088650416666667,1.422979542326389,1.1405056458333334
2026-01-19,2268642.4019756946,7283781511.390378,2.202220521076389,2.677955402777778,2.1127549291666665,1.10504628125
2026-01-20,2347456.9927499997,7234502118.028703,2.8274273376041665,2.5244438958333335,2.584503051354167,1.0971607847222222
2026-01-21,2324058.575826389,6899992485.953948,3.3554730057986113,2.342281993055556,3.0601487941319445,1.1120105243055556
2026-01-22,2290671.6211319445,6831029250.01736,3.4043024621875,2.1578106180555556,3.0131734822916667,1.10490325
2026-01-23,2312496.7498993054,6823649408.885732,3.703922942256944,2.181778878472222,3.274524273159722,1.0759463993055556
2026-01-24,2290127.411357639,6775083336.572779,3.4015182786458333,2.17968871875,3.0373889483680556,1.2222393645833334
2026-01-25,2305521.72221875,6702034094.5663185,3.7267616061805557,2.159838326388889,3.199217974826389,1.17904390625
2026-01-26,2202769.236208333,6376522724.690136,3.2436983097916663,1.939666826388889,2.7773833088541666,1.273387704861111
2026-01-27,2247000.438885417,6619821940.301373,2.6627993338541667,2.005039638888889,2.2926046734722223,1.1296896527777778
2026-01-28,2291895.830590278,6903617967.738756,2.2275120485416666,2.0376795868055555,2.0305648276041666,1.0609100868055554
2026-01-29,2270964.6708125,6589537464.959597,3.220467267534722,2.0881406840277776,2.6579708309375,1.0791581458333335
2026-01-30,2269912.277934028,6204677192.422661,4.196076548541666,2.0579292395833333,3.0978557155555553,1.0989986840277777
2026-01-31,2271311.0757187502,5872079921.459976,4.27829697875,2.0064853888888887,3.0589448827430554,1.083959923611111
2026-02-01,1962720.7975277777,4674535837.289063,3.633561650625,1.878420795138889,2.5436944504166665,1.0530933090277776
2026-02-02,1963038.0358819445,4509588061.699902,3.4232426019791666,1.7875960902777779,2.5578465209375003,1.0324409513888888
2026-02-03,1987599.5172222224,4540149156.560465,3.7946304398958333,1.705767736111111,2.727355146215278,1.1063619027777778
2026-02-04,1985107.7282951388,4394211629.280288,3.9562966725694446,1.6885956875,2.784651124583333,1.0801533715277778
2026-02-05,1962430.748111111,4001597304.811798,3.967911284895833,1.5775865277777779,2.7561410229513887,1.0300716319444445
2026-02-06,1897152.2885069447,3723349351.293629,2.9576995760416667,1.7396624756944443,2.180321551111111,1.0801344375
2026-02-07,2025340.8023680556,4167708885.161883,2.5838028452083335,2.066143090277778,1.8722948168402778,1.0462557361111111
2026-02-08,1945864.3527187498,4086866217.0928903,2.3609931922222223,2.082648809027778,1.7601456968402778,1.0919353298611112
2026-02-09,1911241.8243749999,3971012161.8575954,2.502164358506944,2.0452349270833334,1.8630678497916666,1.1539964895833335
2026-02-10,1845445.679829861,3756926022.5783877,2.938297790902778,1.6212822569444443,2.164649321284722,1.0520780833333334
2026-02-11,1793314.9617812498,3519086506.002632,3.199898135833333,1.51534403125,2.3472454371875,1.0954258680555555
2026-02-12,1769739.084607639,3460941769.926937,2.9845417215625,1.4725864375,2.3122371655555556,1.0743831874999998
2026-02-13,1776718.2649756945,3531432935.7440042,2.717305197361111,1.461150795138889,2.194287657465278,1.0503245763888889
2026-02-14,1768723.2437847222,3664798167.149501,2.280516692777778,1.5334715416666667,1.955268109826389,1.1232337743055556
2026-02-15,1781967.4594965277,3614171345.657962,2.847335332638889,1.720900875,2.2797052512847222,1.12094459375
2026-02-16,1779429.83640625,3512046088.876196,3.348988287048611,1.6787938402777778,2.689924416215278,1.0829057118055556
2026-02-17,1776158.5478645833,3523495626.4096117,3.126929845451389,1.7287833715277778,2.5018600303125,1.0248625
2026-02-18,1793113.7755243056,3551428281.45808,3.028867679340278,1.6473776909722222,2.4925138294444444,1.1259395659722222
2026-02-19,1795574.5481909723,3504460090.377708,3.4945114127777774,1.6483942361111112,2.8871852509722222,0.9952994027777778
2026-02-20,1769340.1727256945,3462354601.2695856,3.2467893892361115,1.5052502777777779,2.6837644810416665,1.0933568645833334
2026-02-21,1762808.5469479167,3479824566.1926847,2.6594497335069445,1.5234686597222222,2.2404366865277776,1.0966118368055555
2026-02-22,1769283.9929965278,3471752327.9112377,2.9000427218750002,1.5621089722222221,2.4178013064930557,1.1629070659722223
2026-02-23,1816651.304107639,3420994518.992991,3.6760350103125004,1.4306349791666666,2.6072785736805555,1.0402881944444444
2026-02-24,1838006.3214895832,3378888116.6953225,3.578122171944445,1.4452573090277778,2.597892618194445,1.0440778784722222
2026-02-25,1837563.9870277778,3619194474.503911,2.3260294925,1.3865493576388888,1.8367829853472222,1.0558885104166666
2026-02-26,1889792.2289722222,3865726476.1409965,1.96569322625,1.4183322951388888,1.5522270234375002,1.0780400208333334
2026-02-27,1839063.4417222224,3638313383.4230394,2.770608080347222,1.47261228125,2.097559930625,1.0876000833333332
2026-02-28,1818682.515329861,3466750699.703968,3.3328418876736112,1.4107058541666666,2.529956867777778,1.0600464166666665
2026-03-01,1828855.5643541666,3625075705.3251853,2.3986660664583335,1.332717861111111,1.827700349826389,1.0417370902777778
2026-03-02,1897349.8665694445,3768888296.2350817,2.287881393472222,1.3086622152777778,1.8069074630902777,1.0512020555555557
2026-03-03,1948374.2258229165,3864553146.197961,2.4963497210069447,1.270049423611111,1.945231717152778,1.0554275833333333
2026-03-04,2037124.1844375,4207936423.480729,1.8879772362152778,1.2139851006944444,1.5536379342708333,1.0569947951388887
2026-03-05,2081590.8510173613,4387764069.262969,1.5421330659374999,1.2207809791666666,1.3763024209722223,1.0423006423611112
2026-03-06,1977268.5146458335,4018504418.387742,2.305520331875,1.223665111111111,1.9269089512847222,1.0549889618055555
2026-03-07,1955599.4685763891,3865238155.9202685,2.807650497847222,1.2326949618055556,2.3309121594097224,1.1079045347222223
2026-03-08,1999697.3984895833,3899223445.018792,3.059100470590278,1.187406482638889,2.497887186701389,1.0669400833333333
2026-03-09,1994091.637357639,3985704367.1417456,2.378937798923611,1.2079393472222222,2.0569125105555557,1.0384726805555555
2026-03-10,2079847.4605173608,4253938679.759029,1.7435787233333333,1.2538938958333334,1.5833764659722223,1.0495296354166668
2026-03-11,2093885.9525833332,4275628405.293952,1.8722929093055558,1.2269581458333334,1.6888920795138889,1.0264657222222222
2026-03-12,2083464.577173611,4275928481.7500095,1.7077114686111112,1.1648834236111112,1.5592076909027779,1.0620613854166665
2026-03-13,2179986.255579861,4616130137.09905,1.3712871661805555,1.18890146875,1.3307291732291668,1.1123661111111112
2026-03-14,2084847.0865451386,4338418209.843449,1.8310183646874998,1.2523808402777776,1.7527274563194444,1.1141416770833332
2026-03-15,2024189.561628472,4270255592.516739,1.7169458902083334,1.213603777777778,1.67678768625,1.0594939618055554
2026-03-16,2376941.905659722,5412313352.662176,0.9734507793402778,1.3469481979166666,1.0006004194097222,1.0983996319444445
2026-03-17,2442969.529045139,5688233046.128394,0.9970667030555556,1.2604344756944446,1.0061198377083334,1.0494793437499998
2026-03-18,2330521.962302083,5276281956.343907,1.2955101879166666,1.183612826388889,1.3008351622569443,1.0447841944444445
2026-03-19,2228846.1543159722,4812018902.486687,1.8404984153472224,1.0881156388888888,1.8085571381944443,1.0438524097222224
2026-03-20,2230338.7323125,4775338814.066523,1.9395141168402779,1.0707494895833334,1.9686016681944443,1.0610721354166666
2026-03-21,2217184.7821527775,4771926935.641343,1.8684936875,1.1187889930555555,1.9200864898263887,1.1097456909722223
2026-03-22,2182415.7840694445,4544731638.615657,2.1731189865625002,1.059334434027778,2.0788901353472222,1.1195985833333333
2026-03-23,2162393.646243056,4552695192.88834,2.0154289638194443,1.1029170034722222,1.9266684531597222,1.0512593645833332
2026-03-24,2131310.2869965276,4564601598.4261265,1.9827556811111111,1.136740815972222,1.8949797814930553,1.0811650347222224
2026-03-25,2167449.5890833335,4701988150.358356,1.6389476797916667,1.0871463090277778,1.6217193699305554,1.0735984930555555
2026-03-26,2174314.680274306,4556466478.8638,2.5369523023958336,1.1366079097222221,2.2706887805555556,1.0862103229166666
2026-03-27,2211441.879114583,4464111545.11573,2.915547227708333,1.126157888888889,2.526870019861111,1.08388353125
2026-03-28,2220659.3091388885,4452357634.865496,2.690750360729167,1.1054612326388888,2.4057796472222224,1.066177638888889
2026-03-29,2212761.4543159725,4421220230.915618,2.6383162760069445,1.1210164166666667,2.393648318888889,1.0175019930555556
2026-03-30,2179356.83159375,4453065976.495249,2.0008418528819445,1.1059008368055556,1.8183074605555554,1.1078286840277778
2026-03-31,2195846.441638889,4540647196.041616,1.7834698761805556,1.0997459791666666,1.66893421375,1.0727106874999999
2026-04-01,2299028.481638889,4891200059.84663,1.2570573656944444,1.0837603958333333,1.2294070056250002,1.0564286493055555
2026-04-02,2189463.897,4506979189.058131,1.9594899557291667,1.0583724305555555,1.804361148125,1.0490332569444445
2026-04-03,2169263.031326389,4456079411.261587,1.7652541380555555,1.0402099618055556,1.7056723550347224,1.1200169444444446
2026-04-04,2150878.1795729166,4419156462.734266,2.01186572125,1.0541137083333334,1.9081246849999998,1.1585234756944445
2026-04-05,2139742.2304652776,4391321453.641651,2.085103583229167,1.0775843472222222,1.9524689576388887,1.156517013888889
2026-04-06,2260059.0985625,4831708712.841859,1.1807002259722224,1.0270393680555554,1.2363281614236112,1.0767736423611112
2026-04-07,2193324.592121528,4624970295.298138,1.6599036178472222,1.0932228506944446,1.6788576476388888,1.103813861111111
2026-04-08,2332735.579152778,5202637722.344568,1.077363735138889,1.1159809236111111,1.1757796313541666,1.0620393506944443
2026-04-09,2255232.221184028,4940374762.559338,1.33576418625,1.1254728819444444,1.4830527753125,1.0681852986111111
2026-04-10,2257974.709215278,5003131499.5173235,1.2248778178125,1.0978615659722222,1.3930596803472222,1.0841093368055554
2026-04-11,2320935.3471458335,5233407506.885291,0.9969024013194444,0.9894114374999999,1.1439274395833334,1.1386110173611113
2026-04-12,2268012.6865138886,5011331225.612572,1.4655884519097222,1.0330312743055556,1.603804901875,1.1825233993055555
2026-04-13,2178572.428284722,4829723043.389904,1.5390725811111112,1.09320165625,1.738066855138889,1.0947427430555556
2026-04-14,2327097.7702673613,5483758105.39974,0.873798984375,1.2895128680555556,1.0079207659027778,1.1666569027777778
2026-04-15,2248606.322767361,5252384921.949474,1.0856730560763888,1.326785423611111,1.3604707639583333,1.0758321354166667
2026-04-16,2191267.0255034724,5130760019.412606,1.1399565807986112,1.291733013888889,1.4454541420138889,1.0924791041666666
2026-04-17,2221275.9130208334,5293182452.899983,1.018855860625,1.2534023472222222,1.3691320610416666,1.1463166215277778
2026-04-18,2207036.2081631944,5246413817.702253,1.1488763888541667,1.122266079861111,1.5405915204861111,1.12625221875
2026-04-19,2161641.922881944,5007843342.90881,1.4758506414930557,1.06265128125,1.9246385559375,1.0903202118055555
2026-04-20,2151911.215510417,4953372617.71394,1.5811171452430555,1.0920088472222222,2.0577185196874996,1.0786205833333333
2026-04-21,2127721.485190972,4921527880.786202,1.4620647613541666,1.1477690694444445,1.8968781019791667,1.1196580729166667
2026-04-22,2252226.592722222,5371046323.221739,0.978315326736111,1.29627890625,1.3411198739930557,1.18275321875
2026-04-23,2132820.380822917,4976915571.121194,1.3034841822222223,1.3135237604166667,1.6830668034722223,1.0772431666666666
2026-04-24,2035273.9286354168,4714008995.386751,1.5727603344444445,1.2705180104166667,1.9881185287499998,1.1210623784722222
2026-04-25,2027012.6240937498,4691126291.283474,1.5953974797222221,1.2033881597222222,2.038240999548611,1.1939213159722222
2026-04-26,2070340.3507638888,4838936036.4621725,1.3979433089930557,1.1506319965277778,1.8105489399305554,1.1349733402777777
2026-04-27,2031142.9656458332,4715242600.083475,1.602669641527778,1.154429829861111,1.9661450946874999,1.0713059756944443
2026-04-28,2019783.0650034721,4615633581.087771,1.814929814861111,1.1831877256944443,2.1909418588194445,1.145424236111111
2026-04-29,1989967.9526180555,4559723833.810869,1.5999140790277777,1.2444820694444445,1.9857483228125001,1.0801896006944445
2026-04-30,2008244.7844895832,4533658067.717968,1.7976747455555555,1.247669,2.1335494163541666,1.086724986111111
2026-05-01,1987954.8069270833,4550173455.685906,1.4089741617361111,1.1643667430555555,1.7681309204166666,1.1710975625
2026-05-02,1956995.8365833333,4511386935.094227,1.2663686874652778,1.1718995555555556,1.6000321992708333,1.2235458541666668
2026-05-03,2025256.8088506944,4694971324.532299,1.1907194860763888,1.1853701944444444,1.5259336636111112,1.1355845347222222
2026-05-04,2127918.551732639,5011293246.931302,1.0256642484374998,1.1937260798611111,1.3914870647222222,1.139919045138889
2026-05-05,2107837.295454861,5003272093.516611,0.9820446138541666,1.0926099965277778,1.3475964214583334,1.0995066006944443
2026-05-06,2172273.2819861113,5145217499.376224,1.2177671462152777,1.0382987916666666,1.6278292217361112,1.0785694722222223
2026-05-07,2301610.3720069444,5325498675.363116,1.8728811077430558,1.0114661284722224,2.2999349271875,1.0926769652777777
2026-05-08,2285642.775892361,5234696625.938526,2.1261934829861113,0.9966678784722222,2.5844986545833333,1.1375382048611111
2026-05-09,2226153.6219479167,5160168128.82136,1.8636987366319444,1.0290826145833334,2.302334407361111,1.2313337118055554
2026-05-10,2150568.3433506945,5022498558.418009,1.6565452830902778,1.1670520243055555,2.0672424429166667,1.2060561319444443
2026-05-11,2066627.6415208334,4826564892.184305,1.7472363693055555,1.2354481041666667,2.1197016206944443,1.0833568958333333
2026-05-12,2182727.6026041666,5000358496.095223,2.382562886666667,1.2953479583333332,2.722908020833333,1.00411671875
2026-05-13,2210499.4557395834,5040691707.125777,2.472874745138889,1.2555277291666667,2.8516961242013887,1.037474982638889
2026-05-14,2190226.03746875,4980596039.026843,2.238315304513889,1.26801059375,2.622210171979167,1.1091157118055555
2026-05-15,2194888.8043854167,4927216167.627635,2.3045479027777778,1.3144107743055555,2.628041264930556,1.1305024236111112
2026-05-16,2293816.8691909723,5030532501.523456,3.022648614548611,1.3650438125,2.9804285015625,1.2039722708333334
2026-05-17,2299005.527020833,5021407028.928472,3.02509899875,1.3527294479166665,2.9688407060069446,1.2305960034722223
2026-05-18,2230142.1470902776,4723967508.759884,3.2685008145138887,1.4249415868055555,2.991720452569444,1.1228841909722223
2026-05-19,2190932.976548611,4646646272.642466,3.0822472115625,1.4507974097222223,2.782114888159722,1.2284701840277779
2026-05-20,2218518.1959826387,4717982875.572793,2.8547645411458333,1.4281893715277778,2.7031914653125,1.1871623055555556
2026-05-21,2212172.4468020834,4717294637.230528,2.7756676385069445,1.423074,2.647089896423611,1.0876072291666667
2026-05-22,2222440.8536423612,4702078097.417645,3.057504075798611,1.3815327152777777,2.8218362944791666,1.0626885694444443
2026-05-23,2229087.709388889,4599088396.856729,3.4565310115972223,1.433590625,3.0003175008333334,1.1642290138888889
2026-05-24,2152729.2833784726,4542885151.000111,2.568993319652778,1.5364373298611111,2.2516287758680553,1.133581420138889
2026-05-25,2152429.5474479166,4549247888.933867,2.601347758298611,1.5280739305555555,2.299691784826389,1.0971124131944443
2026-05-26,2168757.0437569446,4539400460.587485,3.0171445058333335,1.5183100833333334,2.5988527403819446,1.1470801180555557
2026-05-27,2260396.0064409724,4671384368.808627,3.49281978875,1.509640201388889,3.0056895098958334,1.0552125069444445
2026-05-28,2333856.595465278,4667928732.3876295,4.028172786701389,1.477285173611111,3.267920758090278,1.0870759583333334
2026-05-29,2268917.1113819443,4564827654.375016,3.3329931989236115,1.4782102916666666,2.791437209652778,1.1215940416666668
2026-05-30,2204324.094479167,4452264610.392704,3.2538781173958333,1.5057458298611113,2.766414470798611,1.2755923437499999
2026-05-31,2215455.5121041667,4470036680.31116,3.253324203611111,1.5375452083333334,2.7380625020833333,1.2641897118055556
2026-06-01,2289565.5914895833,4557551160.00966,3.778676502673611,1.6205785034722222,3.0670652772569444,1.053493451388889
2026-06-02,2364125.189333333,4618636092.500363,3.947229879201389,1.8112732430555556,2.937130339201389,1.0476808923611112
2026-06-03,2356394.379829861,4361633514.682789,4.1123992014583335,1.8153067500000002,2.948972979583333,1.0686228680555556
2026-06-04,2272032.6317291665,4031952889.1037683,3.591179484652778,1.6888012569444444,2.5486763250694446,1.0850939444444443
2026-06-05,2303966.7236493058,3805082506.0060043,3.8422817278819443,1.4794619722222222,2.6330600746875,1.0573621944444445
2026-06-06,2359354.3916041665,3687837981.5651784,3.331620596875,1.2478539583333332,2.3865911665972224,1.05755353125
2026-06-07,2352166.6638680557,3806906966.012007,2.9784629152430555,1.23503878125,2.3101853132291668,1.1199571527777779
2026-06-08,2262324.1042430555,3803419903.759247,2.9216463473958334,1.23541565625,2.1594243890625,1.0461995243055555
2026-06-09,2263222.0150902774,3762575899.3497763,2.9893697899305556,1.3208038888888889,2.1856327601041667,1.0956318368055555
2026-06-10,2292575.2913541663,3738137429.815173,3.106270913923611,1.2244205902777778,2.325297976909722,1.0707804444444444
2026-06-11,2324678.1587743056,3850882387.3280554,2.5906323644444442,1.2342180416666666,2.0311714837847226,1.0860388055555557
2026-06-12,2284632.432076389,3812361234.0310755,2.663639801736111,1.2277253784722222,2.0261437364930557,1.144117611111111
2026-06-13,2262716.516392361,3787743968.5445514,2.6140715698958332,1.2376036145833333,2.0239078652430553,1.2244052118055555
2026-06-14,2292262.6185069443,3844629960.8738914,2.6481384900347225,1.2508709131944444,2.0385711712152776,1.1390997916666667
2026-06-15,2333758.2324895835,4126112605.2510624,2.1146521576388886,1.3873629722222223,1.6668196250694445,1.1254192916666665
2026-06-16,2280065.5673090275,4074880561.7919793,2.264525758611111,1.4961028055555556,1.788357212951389,1.1051744513888888
2026-06-17,2239160.5653194445,3964743908.8091345,2.4488092853125,1.487957784722222,1.910721233576389,1.1074957118055557
2026-06-18,2252718.6269930555,3890146932.911371,2.7960047316319443,1.4938949409722222,2.1705284635069444,1.0830353020833334
2026-06-19,2231389.447548611,3792833119.8052793,2.595098344930556,1.4475352118055556,2.0898661379166668,1.2077016597222223
2026-06-20,2219118.6212291666,3825954809.691863,2.4777917034722226,1.4652664305555556,2.0750695364583334,1.1339714583333333
2026-06-21,2222445.454357639,3841523805.4383,2.5312568161805555,1.5115018854166666,2.0815166294444447,1.1802087256944445
2026-06-22,2229782.837854167,3882981673.5694385,2.4114522839583334,1.4711451111111111,2.093058835104167,1.1113532083333333
2026-06-23,2275224.5047500003,3818206568.082674,3.2558851134722224,1.499630371527778,2.552571362083333,1.143886125
2026-06-24,2284874.4420243055,3754758126.109096,3.3044096112499997,1.400665607638889,2.5066133470486114,1.0692446493055554
2026-06-25,2272570.3136041667,3648518751.2304363,3.3719219121527777,1.3399764965277778,2.4111740209027777,1.1048279756944444
2026-06-26,2306213.4382604165,3603997675.3297176,3.200807685277778,1.4007378680555556,2.3028916044444445,1.0739688298611112
2026-06-27,2296108.73,3622938120.7178,2.82954183,1.449501,2.09315024,1.400459
