date,oi,oi_value,toptrader_acc_ls,toptrader_pos_ls,global_acc_ls,taker_ls
2023-01-17,33200403.700389106,8905571.81619596,1.1180359814719343,0.9820872625817121,1.3379485069031658,0.9952308857836576
2023-01-18,39703753.677083336,10841535.503269754,1.000015302220977,1.0626153528847222,1.0783184091522096,1.0297987841621528
2023-01-19,28739090.875,7463059.331350403,1.0978681581933467,1.005488455359722,1.380068834892944,1.1230715466052084
2023-01-20,31077417.010416668,8439006.819361074,1.1561233661830999,1.0643239415152776,1.3055283787307932,1.0782019574180555
2023-01-21,30387021.489583332,8706705.359410297,1.3661411419162124,1.0931515500465276,1.5023940038963626,1.0976315050090277
2023-01-22,23016801.895833332,6317010.62639832,1.3672765554850714,1.0407344712204862,1.7565670475194892,1.1892747928777778
2023-01-23,22624133.847222224,6387338.482995921,1.4203819191392861,1.0261878669437499,1.8402071891710865,1.0963109137566787
2023-01-24,25264679.420138888,7143282.692514954,1.7807592478607503,1.012939017413889,2.453600357877671,1.0375647089350695
2023-01-25,22661019.496527776,6022301.120260527,1.4583690531314688,1.014925153179861,1.868649192448867,1.1666178289850695
2023-01-26,22726570.284722224,6107973.180294609,1.4974289064546409,1.042864092926389,1.7142019924633958,1.1526913498631943
2023-01-27,24634414.875,6758849.411624726,1.521265242847347,1.0030082074250002,1.7017150998173367,1.1723831374895832
2023-01-28,28693694.03125,8227383.695501115,1.7058687431405353,0.9785609814597223,2.0278998025053903,1.043624607625
2023-01-29,27830594.107638888,8017898.796459343,1.8568144131476945,0.9907167151131944,2.200594752727675,1.071067072315625
2023-01-30,24211960.173611112,6645604.620049839,2.105996905812623,1.002902524573264,2.5048791055185893,1.2070367801180555
2023-01-31,22373610.163194444,6013534.171679095,1.9320771312972955,0.9483855198083333,2.531025799667553,1.1668431335371527
2023-02-01,24339708.930555556,6649366.510892909,1.8141907389888852,0.9947724789357638,2.226899512869219,1.1196993294357638
2023-02-02,33894229.260416664,9808175.693418162,1.9766954866552373,0.9944404170055555,2.506895745013466,1.0656634047461806
2023-02-03,32872164.774305556,9780915.568432353,1.7385115625465528,0.9902436524027779,2.1850537531214282,1.3042414615322917
2023-02-04,43801704.21875,14410066.359643586,1.5004680121923595,1.0469114563586805,1.5397213813496424,1.061989148536111
2023-02-05,49963128.27430555,19097942.522365488,1.188843814292087,1.0450314746333333,1.2850282674289728,1.0729367948559028
2023-02-06,64892559.94444445,28347478.11520533,0.8476388044954184,1.0990900372701389,0.7943807795452928,1.0444414500722223
2023-02-07,72727762.3576389,38777842.00466481,0.8091944563960349,1.0994593300142361,0.8954835938865584,1.0424821275239582
2023-02-08,64664954.496527776,33384879.852274776,1.6868354526028257,1.0866225830086806,1.662566983163552,1.0102586960152777
2023-02-09,55326565.28819445,24773952.04901597,2.4436996613333934,1.039785936177778,2.612786524128003,0.9756861706687501
2023-02-10,53013632.74305555,22149155.794358093,2.1093359392234117,0.9968127515440971,2.5408481343313207,1.0532683474652778
2023-02-11,46506867.746527776,19128052.805086453,2.429884729269934,0.9449645389614584,2.968373035316576,1.1200941295267361
2023-02-12,45381467.11805555,18714768.91088657,2.947208983057103,0.9365804315961805,3.5761299530976327,1.0373531772690974
2023-02-13,44511837.25694445,17230128.553617306,2.734840074509489,0.9796084885222223,3.274968056563764,1.0548822571319443
2023-02-14,49800572.53819445,21033655.191405784,1.9119889388820843,0.9573696607149306,2.160540221074523,1.0681432147406251
2023-02-15,50469351.89930555,22485206.967715655,1.895276730073074,0.9969149385437501,1.945057647933953,1.0615693957486112
2023-02-16,49269494.027777776,22666816.251719043,2.413333701725188,1.018570570376736,2.554460260645287,1.0242963858315972
2023-02-17,40768039.791666664,17741004.819844205,2.5740764888371186,1.0012555899934028,3.054372057336686,1.125812535811111
2023-02-18,40124956.885416664,17567936.03013645,2.7658935624874457,1.0247289623895834,3.2075888162861537,1.064581860026389
2023-02-19,40779701.72569445,17522714.85971987,2.9553678185399623,1.0133556693774306,3.507101580183326,1.1086676650927083
2023-02-20,40300899.958333336,16919442.87061851,2.980527111575929,1.009041889911111,3.6517914692260995,1.0640581972076388
2023-02-21,46840920.06944445,20901820.44693967,2.8811690365532083,0.9829000776475696,3.517632484345277,1.0023859797177084
2023-02-22,44240042.39236111,18679488.002457827,3.2822197690088912,0.9270592958121527,4.123846209068677,1.0084952255888888
2023-02-23,46317133.621527776,20574317.567202255,2.7682440958554517,0.7979444402302084,3.4615227334978376,1.0270477596666667
2023-02-24,55653545.027777776,25289534.900679633,2.3757744014800664,0.9886264798368055,2.9581234255377034,0.9903575691131944
2023-02-25,57183221.402777776,24889664.49787095,2.4440442539607545,1.0185466860833334,2.8239025325168794,1.021710103979861
2023-02-26,55446020.94444445,23693140.847363327,2.5840350364648312,0.953670659089236,3.2994692828283125,1.105079856511111
2023-02-27,53177572.10069445,23073805.351181917,2.6325771085199197,1.0039646460256944,3.4631326035039973,1.090325544196875
2023-02-28,48602482.503472224,21673973.05479993,2.723238682693241,0.9194855623208333,3.626591312973951,0.9838926473628473
2023-03-01,50362684.04861111,23682389.938603025,2.043197545863669,0.8894322766451389,2.7152390685868375,1.0295709607809027
2023-03-02,50268446.729166664,23260841.36571299,2.2284944426758533,0.9973998723215277,2.5523243972753833,1.032092545423264
2023-03-03,47126254.71875,20344602.555991575,2.480025579093054,0.7926154302072916,2.9878932115822847,1.0001602280680555
2023-03-04,45484087.23263889,19519048.27455522,2.2185307017261455,0.7588891067048611,2.7521014682283673,1.0946234395069443
2023-03-05,43733178.46180555,18939909.061992884,1.9189875902430893,0.7413046583989584,2.3610952968061123,1.103579396567361
2023-03-06,41856878.74305555,17641377.045450572,2.0545816096688556,0.7783854680805555,2.4783898437666125,1.1184031176458333
2023-03-07,43501034.260416664,17776819.00918914,2.2231861660583228,0.784081725482986,2.690245423233641,1.101539259098611
2023-03-08,49475973.104166664,18518610.451717157,2.368559557577563,0.7649719162743056,2.751667539582686,1.0789009075996527
2023-03-09,53431856.85069445,18460942.0856379,2.2394855114888204,0.8222756061625,2.6048571872819117,1.042513040329514
2023-03-10,48693673.229166664,15583984.310022278,2.035041928408633,0.7809363220815972,2.287646516202239,1.0749289957427084
2023-03-11,49559436.13888889,15736595.548154648,2.074241509282123,0.78073516643125,2.3240990021450423,1.0969112153774305
2023-03-12,50929991.395833336,16206112.479529848,2.0946076839500005,0.7442000732086806,2.484207108239045,1.1020541472024306
2023-03-13,34263540.652777776,12966583.141947256,1.7585964303819446,0.9363498489236112,1.939824864375,1.0537858294791667
2023-03-14,34526949.79861111,14503932.8259762,1.7842785228508806,1.0305043134840277,2.043315390589143,1.0340096363302083
2023-03-15,40394766.53819445,17685866.95422842,1.9516641561007337,1.1393909498753472,2.132569682878091,0.9879318539861112
2023-03-16,35146191.54861111,14727091.140622184,2.307324558175088,0.9907643131690972,2.734737960177227,1.0066798862100694
2023-03-17,33972239.06944445,14598052.903248087,2.4830220450412765,1.0153321732572915,2.9415812811495035,1.0187869151524305
2023-03-18,32868815.232638888,14551018.871154513,2.4892936662885323,1.085369479728125,2.712427771214058,0.9694318909322917
2023-03-19,28443236.729166668,12019950.609355982,2.368124138323674,1.0400282594805554,2.7463304967652107,1.0158767236940973
2023-03-20,28933550.013888888,11679402.299093682,2.6633135403602086,1.108720310260764,3.120824147390878,0.9998606946725695
2023-03-21,28782809.729166668,11367881.29870502,2.6437330824418983,1.1209883969690972,3.1050872119387076,1.0145104812336807
2023-03-22,29896362.565972224,11635236.488347767,2.629938043273714,1.1709537583659724,3.1140219971127845,1.03736162941875
2023-03-23,29276332.0,11206815.612183312,2.458217766180919,1.158874400992361,2.8998127306933,1.0688877857951389
2023-03-24,31749340.767361112,11868951.88460115,2.774296047000091,1.1712448199006944,3.1975731549378335,0.975874718275
2023-03-25,32168018.149305556,11763823.378039397,2.6373668408341397,1.1450152148802082,3.0296500441197662,1.0605096247572918
2023-03-26,31033507.357638888,11468953.603705391,2.4257410823311303,1.1685574058458335,2.8505083137341547,1.1269420408402777
2023-03-27,30878794.253472224,10996637.561969195,2.7846247325118916,1.2624799510100695,3.172608185330795,1.1147665954965278
2023-03-28,32398273.333333332,11102256.903924532,2.534768525616486,1.3324171381951389,2.7570412667839452,1.060220310820486
2023-03-29,36863331.871527776,13747576.640789595,2.630514336395961,1.3378818515590278,3.1679707576427276,1.0539699398673612
2023-03-30,36377901.395833336,13445575.565295702,2.817305820167015,1.3855227995440973,3.1103557693037884,1.0430738649767362
2023-03-31,33872319.56944445,12318115.61095091,2.7221633318486025,1.445590896765625,2.8215992060717507,1.0541250143802083
2023-04-01,35258582.277777776,12877558.547762774,2.9860658556448154,1.4456854651274305,3.204465804650689,1.0484670007572916
2023-04-02,35383335.28819445,12607780.295434687,3.1859917288401447,1.4643748135482637,3.5213630916016494,1.0563289497833332
2023-04-03,35106545.00694445,12244413.014551021,3.1079742174717797,1.5086027080239583,3.6635989833832365,1.0281373169479167
2023-04-04,35686470.472222224,12610711.682177812,3.1837841816499663,1.5868007438225693,3.7920264446058445,1.0581652481958335
2023-04-05,37329968.07986111,13566606.016802885,3.2203928974547447,1.547971391075,3.829149204531024,1.0446034160107638
2023-04-06,37284158.43055555,13257897.606086724,3.699447862474587,1.5619961379513887,4.416256316698066,1.0479194125618057
2023-04-07,39379434.659722224,13632899.762644041,3.928796295312198,1.4882005218211805,4.875040627616519,1.0973301857204862
2023-04-08,40308617.95486111,13820195.64414807,3.846554343906872,1.4815997795114582,4.699765168827268,1.1971123595500002
2023-04-09,40407789.90625,13555790.989594812,3.5912021835712356,1.5168828068125,4.15632176860494,1.1098353810506945
2023-04-10,39592806.409722224,13188982.799327487,3.0991658588223867,1.5575386504135418,3.58291512735862,1.0798886849947915
2023-04-11,43681537.51388889,15593999.546297967,3.09816423128923,1.4522878634072915,3.5772013584973457,0.9783596064020834
2023-04-12,41645968.10069445,14171950.755398579,3.5926177561534303,1.4820555520510417,4.290617595374733,1.092128689482986
2023-04-13,43242402.90625,15100879.05584045,3.5948257368981547,1.4329586966086805,4.420693038717259,1.072178711704514
2023-04-14,49847741.333333336,19135816.354223467,2.9721115939634615,1.4155605870746528,3.447288423003116,0.9961982838697916
2023-04-15,58339843.29513889,23892973.181911826,2.6451519458956474,1.3591380735229166,2.667010715984272,0.9781962320527777
2023-04-16,56923641.02430555,23074012.679860942,3.209016066862791,1.340370886125,3.557601986098416,0.9872528342760416
2023-04-17,55207118.29861111,22902788.39205382,3.245834800436202,1.3654459145649307,3.614244597698148,0.9791092584180555
2023-04-18,58469791.559027776,24892905.167925764,3.155897021501078,1.2558215089194444,3.5331524711809283,1.0089748897784723
2023-04-19,52173342.677083336,20849530.606599998,3.7519399814929377,1.2970742049038195,4.311255331576006,0.9813634390152779
2023-04-20,46926651.909722224,17321598.285812512,4.145399209622405,1.3098493462208334,5.008450995105317,0.9993388881187499
2023-04-21,45211197.95138889,15945893.9581291,3.960008522529905,1.3477413184204863,4.684311268369717,1.0479494640166667
2023-04-22,42522888.322916664,14392958.252787016,3.405310381683311,1.3376430665666668,4.192766352016863,1.1347776113086807
2023-04-23,41624762.059027776,14113079.019970518,3.4783880876066027,1.3495174112975694,4.082239025899047,1.0223533176371529
2023-04-24,43211992.20486111,14455901.268697634,3.3821682510303464,1.3643222187125,3.959047749550095,1.0284484686145834
2023-04-25,45825401.322916664,15077767.878359016,3.580565243968541,1.3534913294038193,4.238631029370287,1.047605736440625
2023-04-26,46913186.854166664,16199413.165202163,3.375022720634674,1.3173338853034722,3.8660768815354953,1.0098942059947915
2023-04-27,41951359.07986111,14225177.958686149,3.390035265754058,1.2974711743989582,3.9933324636478043,1.0740003953677084
2023-04-28,42886127.75,14512553.202721663,3.589345671869305,1.3082603121989582,4.316006448146409,1.0447666481743054
2023-04-29,40873336.26388889,13802063.680602917,3.5267946975613937,1.252135269104861,4.2929673331742,1.0827467411878473
2023-04-30,39758147.44444445,13287692.87340334,3.7442874700845223,1.2516468198756945,4.483123496178045,1.0466610171822917
2023-05-01,39082640.57986111,12556947.171077253,3.8178263192631925,1.223137987823611,4.6088271698905245,1.1312509552440972
2023-05-02,41084037.85069445,13013838.621083995,3.782470501636107,1.169026672890625,4.6403990488738796,1.1297230635944446
2023-05-03,43769142.39236111,13577125.22267623,3.7233791130920446,1.174521957517361,4.388857414046189,1.0636103184920138
2023-05-04,45252729.777777776,14347765.327526888,3.2954374145108365,1.2156097691583332,3.8021568729415955,1.1156431786444445
2023-05-05,49704126.09375,15252395.199648,3.749732624442291,1.2032798377569445,4.479374044430157,1.0703593858399305
2023-05-06,49953052.29861111,14638164.652032577,3.861027676008079,1.1764373136284723,4.495797874403589,1.0305108548506945
2023-05-07,48872794.38888889,14235038.87016875,3.0783796106766754,1.1656480281927084,3.7048185361096873,1.0989888993979167
2023-05-08,43004445.364583336,11534668.134838158,3.5022750042092796,1.1767132499958333,3.8626638385165726,1.010798589070486
2023-05-09,36943570.722222224,9423632.025676878,2.9022842422392667,1.0995586637295138,3.032411804904582,1.0814771438930555
2023-05-10,39065786.760416664,10217635.42345082,2.620108302681858,1.1454401472371527,2.8702388097848295,1.1444093840819445
2023-05-11,39337000.20138889,9726249.509980109,3.057919728581588,1.219631485484722,3.291922284814286,1.064052100218403
2023-05-12,39698061.64930555,9446296.207911214,3.171373779635566,1.1870888798809027,3.4619877551718337,1.1385066320913195
2023-05-13,39718854.489583336,9498617.49600359,3.444792577356384,1.1808543838197916,3.7443883518836167,1.0309504657520834
2023-05-14,39698049.53125,9531979.13725959,3.2524866975993216,1.1745613659833334,3.639736386658155,1.1349678756479167
2023-05-15,41966196.215277776,10340522.898270678,3.129398934233094,1.2059924690586805,3.535332386018445,1.073032461984375
2023-05-16,41124555.347222224,9994230.865315765,2.983516750340074,1.2157761994993055,3.352676749881249,1.1183450517357638
2023-05-17,43481152.48611111,10730805.94884317,3.0218249596787503,1.1930035296444443,3.3827340319558834,1.035242864704861
2023-05-18,43913345.104166664,11036975.961916707,3.4376561589086347,1.3085815004177084,3.81328558773152,1.0760063420545138
2023-05-19,51640413.03819445,13276542.654355003,2.943660741935322,1.2688974001850695,3.341944427944531,1.0871811955333335
2023-05-20,61478650.958333336,15925251.494788047,3.209939057843174,1.1211345335625,3.8124145602516015,1.024129840411111
2023-05-21,63334691.552083336,15861825.4114069,3.8146871951011594,1.109459612934722,4.3942054305614136,1.0798227438052084
2023-05-22,63675400.322916664,15266644.724421915,3.0089498660240723,1.0425939798559027,3.376638683828511,1.0980249791041665
2023-05-23,62738122.67361111,15288586.11028885,2.9295444788912905,0.9723404495204861,3.405251552539152,1.1640274886006943
2023-05-24,60742910.166666664,14151694.587577622,3.610645375318205,1.0232070744083335,4.0085174173252,1.0704193341319443
2023-05-25,60077838.81944445,13920678.058642156,3.1498186333969533,1.0926542991729167,3.480484946258675,1.1367344205739582
2023-05-26,60241905.440972224,14383041.006469745,2.8249770990654266,1.1319352517333334,3.1958343295549088,1.0917922305715277
2023-05-27,63197946.9375,16069453.852241622,2.460214081685035,1.1516520689607639,2.6692255312492246,1.103862537460764
2023-05-28,59228556.28125,15495487.351112237,2.5458780923492617,1.19224102330625,2.69643105703493,1.0782218613868055
2023-05-29,50138811.64930555,13145513.680159882,2.832228853626891,1.1400630690152778,3.02653084983467,1.012174803632986
2023-05-30,49778858.552083336,13454268.466632001,2.583158777291425,1.0856426463506945,2.8205019158638236,1.0744975321885417
2023-05-31,49579977.135416664,13393631.366902921,2.607267444174119,1.0709939465354166,2.7935040010297736,1.089742612854861
2023-06-01,46442264.00694445,12142810.151583252,2.765087259454306,1.1054765136777778,3.0554857433789753,1.1087209025604166
2023-06-02,47602269.01388889,12951219.215374993,2.727103511368005,1.1741842181343751,3.0850628072403263,1.1860359590815972
2023-06-03,47022297.25694445,12752141.024461381,2.8664560089510753,1.2188904173586805,3.089635830115351,1.2472510526673612
2023-06-04,47683614.104166664,13038182.15890694,2.880403620198626,1.217115533348264,3.147735613665621,1.2240928041940973
2023-06-05,45602312.621527776,11674643.38798148,3.1809187296790267,1.2388967371246526,3.45573446757302,1.098589886453125
2023-06-06,38468613.208333336,9308037.62888232,3.0574140565277035,1.1729667143270832,3.5698668788580994,1.133720636826736
2023-06-07,38011385.02430555,8948613.95526575,3.102699626591992,1.240797416640972,3.4949605566179134,1.1142747580371528
2023-06-08,36799543.010416664,8369677.151916664,2.91254558898312,1.190664783485764,3.4502941353260757,1.210046297853125
2023-06-09,38201510.64236111,8567968.633938033,2.9053876794965023,1.1505786181552085,3.6617461082943015,1.128661502026736
2023-06-10,35538081.190972224,6779608.886225764,2.7686475887928714,1.0402467386972223,3.0397958171236747,1.0258156833229168
2023-06-11,31921059.784722224,5878652.20652918,2.631691084849202,1.1052849318715277,3.015297374731164,1.2153128434565972
2023-06-12,34806102.79861111,6407124.13072272,2.318963490640219,1.0373958459635417,2.6326261863795057,1.0559632324538193
2023-06-13,33544967.975694444,6296049.236759415,2.4450663960234986,1.0330038435614584,2.809887102797379,1.1148314211899306
2023-06-14,32724783.152777776,6151674.805788461,2.5572395300404156,1.0875618544402779,2.8760904828959992,1.2419566651197915
2023-06-15,33879861.635416664,6092215.910517855,2.4831424001315208,1.0529794977784723,2.879724436809222,1.1836989682125
2023-06-16,37183250.98263889,6961159.612618741,2.364679506670157,0.9935724805159722,2.836029144966722,1.1344718001003473
2023-06-17,41398050.729166664,8126929.56749193,2.2144605106304756,1.0087224671736112,2.587852641498599,1.3268291825927083
2023-06-18,39048184.128472224,7493736.769473725,2.6355224365620744,1.0565460800697917,2.8989262564219658,1.3063634024520834
2023-06-19,39909539.83680555,7398999.975687709,2.4318678577669477,1.0956506248076388,2.7866795669638487,1.1836013887194445
2023-06-20,38677246.46875,7352998.88614469,2.515074619557508,1.1754682486190973,2.987132045268087,1.164444664720486
2023-06-21,41275542.354166664,8709403.777530417,2.214819877546907,1.2484498556270833,2.440802226022837,1.0981575592579862
2023-06-22,55869465.67013889,13327257.1111022,1.6329834661577702,1.200531071551736,1.5495161781543114,1.0418028878069443
2023-06-23,60073621.16319445,14319904.991690572,1.6668479577490765,1.2236052082510416,1.7181351374516485,1.086307192573264
2023-06-24,50235817.54861111,11734728.766709214,2.0098808967769073,1.2921023453895832,2.0571587399343656,1.011028154448264
2023-06-25,43669928.697916664,10124470.891482137,2.367581043648786,1.2608429151611111,2.456533204601322,1.0446042327385419
2023-06-26,41003584.16319445,9229346.615790347,2.5695388137921578,1.1741991048972222,2.7531150097683526,1.0864984758552083
2023-06-27,43361426.01736111,9955799.023178076,2.4615325211298855,1.0846500423510417,2.8437552372574815,1.0510619191878474
2023-06-28,44296676.3125,9835650.466535684,2.532607270399362,1.1168930959913195,2.903780207019847,1.0317326532208333
2023-06-29,40203214.402777776,8787558.259618737,2.1851631167627734,1.112339455109722,2.5189239840011757,1.1582009114472223
2023-06-30,41093844.635416664,9225707.72906036,2.3417210321073814,1.0767895421625,2.647665684848752,1.0553943532072916
2023-07-01,43160939.152777776,9990603.5479984,2.7001422621258575,1.0860193454402778,3.0633485142692924,1.1260764903
2023-07-02,44567577.260416664,10398040.786106048,3.1036418537427917,1.1201129571961805,3.6666773981272294,1.0484414453972224
2023-07-03,46313455.65625,11297409.405794866,2.770590443789491,1.1524425117878474,3.1183553955817214,1.0275071609225694
2023-07-04,43485893.79861111,10471552.490931178,2.8896228673626188,1.1707604915489584,3.0968708137980396,1.0171804578572916
2023-07-05,42706380.43055555,9925528.857022507,2.8259804063050185,1.144759763742014,3.0565589211880995,1.1129382953465279
2023-07-06,41896486.229166664,9417091.440096112,2.6490718990695696,1.149035363914236,2.8648190614931903,1.041303109525347
2023-07-07,39868759.42013889,8676548.084191957,2.5912918374280456,1.1009719490635417,2.859643657827775,1.1334118981034722
2023-07-08,41516820.02430555,9143244.01735737,2.35432088120681,1.1332938908486112,2.546184916892525,1.137017292848264
2023-07-09,40121097.90625,8760134.185469234,2.653113712614185,1.1117984000329861,2.8741694351071057,1.166745622095486
2023-07-10,42735913.322916664,9111263.97675601,2.7170150957291668,1.1381777046180557,2.9736647221875,1.0698430771180556
2023-07-11,42826231.947916664,9212344.924226418,2.7336953049305555,1.1580610227083334,3.0347931783680555,1.1266277404166667
2023-07-12,42230692.47569445,9058518.971764838,2.8010107969444444,1.0667038618402778,3.1628528286111113,1.0340206573958333
2023-07-13,50283779.597222224,11381403.232088065,2.188101526875,0.9538272131944444,2.4101348396527777,1.0340092206944445
2023-07-14,44470693.71180555,10538673.568888865,2.310555894930556,1.0933151782291666,2.3180277420833333,1.0593553624305556
2023-07-15,43931016.277777776,10478500.336908927,2.2794083464930552,1.0994007664583334,2.4005897457291665,1.0450920130555557
2023-07-16,46888007.621527776,11316952.772995112,2.3680885856597222,1.0856477180902777,2.5469072446180556,1.0667817538888889
2023-07-17,47081199.277777776,11128610.682017226,2.7222417168055557,1.1649059877430554,3.0332542972222223,1.0803903201736111
2023-07-18,45993998.78125,10545231.24275661,2.8464948110763886,1.260498737986111,3.035809429965278,1.0380960389236111
2023-07-19,47469489.48611111,10791211.73586986,2.832587112083333,1.2776729756944443,3.175704110486111,1.1317350325
2023-07-20,45035476.458333336,10172078.900811734,3.0004916043055556,1.2857402211111113,3.4235765821874997,1.0188392089930556
2023-07-21,43497333.534722224,9742603.727023832,2.951345063923611,1.2286360877083333,3.118301960451389,1.1468143318750001
2023-07-22,43913563.666666664,9858229.212250562,3.0551647015625,1.2584285969791666,3.150033436111111,1.323494798576389
2023-07-23,44416832.722222224,9860342.59694586,3.1376525730555556,1.2043615143055557,3.299895636354167,1.4155755621527777
2023-07-24,45420893.78819445,9809872.302347895,3.2051689792361113,1.1941262076736112,3.261087435208333,1.1459030814583333
2023-07-25,44645785.791666664,9375192.694714217,3.004023296840278,1.1197180488541667,3.2113929778819443,1.2212943678472223
2023-07-26,41339805.59375,8689551.661918798,2.7906457315625,1.0667875868055556,2.9513568825694443,1.155897935
2023-07-27,39893599.4375,8549356.751162423,2.7201545241666665,1.014915828090278,2.7834657443055555,1.1851128568402778
2023-07-28,39256884.60763889,8443806.678243052,2.936020767465278,1.009958217048611,2.940448558784722,2.4737616485416667
2023-07-29,41033801.30555555,8848378.433751307,2.8153903202083335,1.0242307874652776,2.585074599722222,1.5534979609375
2023-07-30,42141150.739583336,8918270.510395363,2.832337643263889,1.0107926469444444,2.736825592048611,1.1742399690277778
2023-07-31,40828865.33680555,8559398.061005281,2.787874730625,0.9805262602777778,2.9113963835416667,1.4065769790625
2023-08-01,40512080.583333336,8299656.286742141,2.784557923263889,0.9943267606249999,2.8869495860763887,1.3577689626388887
2023-08-02,41521037.989583336,8635277.744321592,2.823777842916667,1.0214356027083333,2.721038578090278,1.2571606977430556
2023-08-03,44621077.05555555,9084957.039379815,2.8055491129166668,1.0191535396875,2.7910438241319446,1.236326630487805
2023-08-04,42254690.815972224,8490020.698429726,2.8022091724652776,0.9809428783680555,2.816359337013889,1.9801746772569446
2023-08-05,45303037.96875,8787244.123955647,2.6938652526041666,0.9518967535069444,2.699715264131944,1.1958982382986112
2023-08-06,44142938.92361111,8727847.955514783,2.545637817638889,0.9629249781250001,2.4997119724652777,1.7627842357291668
2023-08-07,43672276.39236111,8597194.589262,2.9797649407986113,0.9995002788194444,2.8296082821180555,1.6855595365277778
2023-08-08,44622762.940972224,8772867.217516052,2.959215247951389,1.0195692267708332,2.839772451770833,1.2087521204166667
2023-08-09,44665094.440972224,8902255.932873124,2.903959146968641,1.0700632519163764,2.7831435205574913,1.2864161546527777
2023-08-10,44679762.270833336,8907176.877353316,2.936253999340278,1.0752480886805555,2.7538682822916667,2.3235792368055552
2023-08-11,43992696.07986111,8875072.464488883,2.9248453086458337,1.0541444255208332,2.698918656909722,2.9919277819444443
2023-08-12,44058881.42361111,8884438.087481635,3.433654657222222,1.0462434203125,3.2716310763194443,2.673074780277778
2023-08-13,44762564.135416664,9176950.429647014,3.2928163736805556,1.0349359215277778,3.2863370932291667,3.871779875104167
2023-08-14,55732706.99305555,12328700.48099334,2.1924493465972223,0.9629759506250001,2.2772289370833336,1.1232917849652777
2023-08-15,51884014.19444445,11085773.866103455,2.525061917638889,0.9877870227083333,2.5657507596875,1.2178220559722222
2023-08-16,41835473.104166664,8404605.719064504,2.566412470729167,0.9573932444791667,2.894323047638889,1.0950627984375
2023-08-17,40039024.979166664,7805711.260056605,2.330534488333333,0.9442800576736112,2.551671705486111,1.1056547436805557
2023-08-18,41539645.822916664,8128119.02556604,1.867951222361111,0.8711316920486111,2.0256319859375,1.0651149267708333
2023-08-19,53534439.958333336,11258887.60863434,1.5405908574652778,0.8460505888194444,1.4757151862847222,1.1436666452430557
2023-08-20,52659227.73611111,10915437.264809014,1.623559839236111,0.8733211049305556,1.5854299377430554,1.3202448325694442
2023-08-21,44795358.13888889,9086481.928369056,1.8301697411458333,0.9027249013194444,1.9262793060763888,1.190985713923611
2023-08-22,38064212.82986111,7463410.399956882,2.0103799465625,0.9671947246527777,2.1471765334375004,1.2188484355555556
2023-08-23,33674611.92013889,6779998.047390281,1.980313241701389,0.9845904203819446,2.1598780297222224,1.2154516842708334
2023-08-24,43057058.510416664,9062476.579924531,1.8985989275694446,1.0610080533333333,1.7992100428819444,1.1828555730208334
2023-08-25,43035704.0,9006543.659098063,1.8689391291319444,1.0841653034027778,1.892576874513889,1.094706594861111
2023-08-26,46007565.760416664,9623796.920772383,1.8144069684027775,1.0797884493055556,1.8365972174652778,1.1971707342708333
2023-08-27,44910386.840277776,9451786.371019356,1.772238956909722,1.0749762365277777,1.9009211297222224,1.1663264318055555
2023-08-28,39656746.35069445,8217637.771102152,1.8482732261458332,1.0765296787847223,1.9528608088541668,1.061568193472222
2023-08-29,36178142.05555555,7535271.040270623,1.8041285657291668,1.068861322638889,1.9451873757986111,1.1745865965625
2023-08-30,41050401.04861111,9109869.917607507,1.5711406757638888,1.0675688826736112,1.710304100138889,1.191483724513889
2023-08-31,69521412.61805555,16470670.812651439,1.4490019270833332,1.0469608334375,1.473261571111111,1.0399585268402778
2023-09-01,56630117.260416664,13059577.986434482,1.5433265480208334,1.0854005202083334,1.6461283093055554,1.0976890450694445
2023-09-02,57482722.565972224,13604703.125852093,1.4613986594097221,1.040492275763889,1.5740286301388888,1.0729482947916666
2023-09-03,68015178.18055555,17579305.506920446,1.1560841682986112,1.047632641423611,1.1841641999305557,1.0109028078125002
2023-09-04,62401029.04861111,16287079.53199671,1.1312596759722222,1.0803240787500001,1.1468098261805555,1.1074104272222223
2023-09-05,62415791.24305555,16066356.463567598,1.1309974648958334,1.090180701388889,1.1156086444791666,1.162656309548611
2023-09-06,59882872.072916664,15117323.462180346,1.1582090542708334,1.0727077744097222,1.1544916690625,1.1537335208333335
2023-09-07,57940927.79861111,14360147.618253546,1.2837541181944445,1.1077864921875,1.2973496890972223,1.2400364900347223
2023-09-08,54325375.965277776,13281935.077534953,1.271784977326389,1.0821920237847222,1.3717594406597222,1.188938088125
2023-09-09,51339179.125,12136955.141619718,1.2599200734027778,1.0816340586805557,1.4015763078819445,1.214363532048611
2023-09-10,47925777.434027776,10887209.634242274,1.3533626970833332,1.0787793330208333,1.4554160792708333,1.1254651906944444
2023-09-11,48282031.729166664,10988585.916200716,1.3194903324305556,1.0563597440277777,1.4537486536805555,1.089202541875
2023-09-12,45823765.70526316,10489269.349807775,1.6771804868421052,1.1401952663508772,1.7967770000701757,1.145646174631579
2023-09-13,44953795.60763889,10119373.841830986,1.883259240277778,1.2027099305208333,1.970076936701389,1.189056166840278
2023-09-14,41820330.822916664,9474580.448423289,1.7697651830208334,1.1864435658680557,1.862474688125,1.0806329025694443
2023-09-15,42011049.92013889,9752823.238689583,1.861235861909722,1.2546133652083333,1.9155068481944444,1.0817300387152777
2023-09-16,44178340.152777776,10492402.160565082,1.974897988923611,1.2791461077777777,2.0007168765625,1.216616480138889
2023-09-17,41943019.88194445,9675509.556415042,1.9978010529861112,1.3287254805555557,1.9855068693055555,1.0900271810416668
2023-09-18,40331444.777777776,9239961.528453551,1.8239563031944444,1.2357857201041667,1.8843423753819444,1.0984065147222222
2023-09-19,39619682.58680555,9140870.569703689,1.8890363754513888,1.2137903071875,1.9707646661805558,1.2380175486805554
2023-09-20,39066475.190972224,8983911.380292505,2.1949459399305558,1.2095295782291666,2.195190858263889,1.2829644704166665
2023-09-21,41583772.97569445,9475789.860367952,2.0814331956250003,1.0422789036805555,2.1075153702083336,1.1023593048263889
2023-09-22,46284400.27430555,10252372.717934009,2.0162280377777777,0.8961671990625,2.0329482193749997,1.137708213263889
2023-09-23,44156235.42361111,9771478.145684548,2.025716385034722,0.8919720152777777,2.0635351195833334,1.4533454861805555
2023-09-24,41363476.229166664,9020673.429636968,2.0486446815277777,0.8793118456597222,2.069872777534722,1.388987242638889
2023-09-25,38952678.66319445,8397924.942807656,1.9989497072569447,0.8676108398611111,2.0874737173263886,1.2379858168402778
2023-09-26,37759298.75,8105341.347903215,2.095548799861111,0.8932793957638889,2.153376596388889,1.3186811215624998
2023-09-27,37464414.14236111,7945341.07221227,2.2137685905208335,0.9210897421875001,2.2663648060069446,1.1568382849652776
2023-09-28,38449536.46180555,8268984.625325586,2.0603428046875,0.9521116350347223,2.1234585188194446,1.2281178020833332
2023-09-29,38678809.38888889,8441893.40376438,2.295815871458333,1.0388413764583335,2.2281711534375,1.2751406234722222
2023-09-30,38775621.52430555,8551372.797867004,2.2189622600694445,1.078821749201389,2.1703157090625,1.2430422597569446
2023-10-01,38344133.996527776,8774835.114935923,2.236716901736111,1.1355984047916667,2.1957504174999998,1.1678916538541666
2023-10-02,40303666.902777776,9291374.478786878,2.4563673756944446,1.240200339965278,2.1968792849652776,1.0867254245138889
2023-10-03,43195063.010416664,9534689.094853528,2.3782505503125,1.1863320968055555,2.263032918263889,1.2218339224305557
2023-10-04,41196788.496527776,8962985.583790688,2.325143727465278,1.133159239965278,2.2456348755208335,1.3672094026041668
2023-10-05,39478414.42013889,8579516.627634965,2.367840888263889,1.1238883404166666,2.2731218746180555,1.405019057638889
2023-10-06,39821606.73263889,8809721.284230322,2.2302733246180555,1.136287852673611,2.2091116278472223,1.3395650612847223
2023-10-07,39892341.25,8871188.714879466,2.4783689519097223,1.2201993049305555,2.344201039861111,1.7330041568402779
2023-10-08,39034470.33680555,8581971.757529967,2.531171302673611,1.1849097652083334,2.5326782424305554,1.29804563125
2023-10-09,37036986.38888889,7861098.437911313,2.6501997744791668,1.1248908276736111,2.554239021736111,1.3632551098958334
2023-10-10,36220861.427083336,7492919.193734919,2.4553093409027777,1.0383873776041666,2.336561893576389,1.3561533206944445
2023-10-11,34807789.645833336,7092401.978168011,2.4406721530555555,0.9656432325347222,2.264385625729167,1.1669264749305555
2023-10-12,35061413.99305555,7103956.907328309,2.2952895616666664,0.9286952296527777,2.156323564965278,1.7210678464583333
2023-10-13,34213006.85069445,7006297.135788071,2.152121393402778,0.9040591248958333,2.0772888990972223,1.5326437139930555
2023-10-14,36437793.197916664,7752054.7537939735,1.9382564065277776,0.9145452668749999,1.8554592903125,1.6759550352430557
2023-10-15,36321095.465277776,7734578.313149054,2.162237682847222,0.9300127293402779,2.2078081277777777,1.6969946701041667
2023-10-16,34397395.52430555,7372194.693590272,2.2681297755208334,0.9348335303125,2.4174333604166667,1.3439395432291665
2023-10-17,32270989.555555556,6782043.8189923605,2.4053691840277778,0.9375454814930555,2.625862878263889,1.3423493141319445
2023-10-18,30448911.34375,6258017.277924899,2.4385423562152777,0.9293896309027778,2.5137077511805557,1.2363615340972223
2023-10-19,30467458.90625,6165164.399002626,2.3526446902430553,0.9020362652083332,2.286793235972222,1.3843380089583333
2023-10-20,39177343.73263889,8441141.948959673,2.266135806111111,0.9357434853472222,2.3759994940625,1.2573184991666666
2023-10-21,43963468.05555555,9893772.2383342,2.3395635409027777,0.9855447514930555,2.7007655305208336,1.2700515017708334
2023-10-22,37681071.34375,8599151.016617738,2.2643755137847226,1.1137404087152778,2.4700280084027777,1.1384510765972222
2023-10-23,35397171.715277776,8341962.723171439,2.247626246631944,1.1818180265972222,2.450891291770833,1.0752012111458333
2023-10-24,38254497.375,10156866.22463726,1.9400412717708333,1.2090217447916667,2.1657609690625,1.0472111996180555
2023-10-25,45996457.04513889,13349181.254130552,1.640161310451389,1.1343084057638888,1.7722098609375,1.0302526283333333
2023-10-26,43952988.42361111,12996209.080423145,1.814393484513889,1.1826088620833335,1.8377368294791667,1.0525060817361112
2023-10-27,43734020.559027776,13326577.140669461,1.6892798192708334,1.2408767922222221,1.7450069599652778,1.0774705205208333
2023-10-28,54207423.84375,18745023.12997423,1.2852144915972223,1.1187772824305555,1.3574903264236111,1.04460240375
2023-10-29,56994010.36805555,21147416.668592844,1.2853049389930555,1.1366482530208333,1.2146200374652778,1.058694679236111
2023-10-30,50006681.927083336,18353757.556816775,1.4411833469791668,1.204518835763889,1.3842382353472222,1.0274392123611111
2023-10-31,48483869.628472224,17597145.655766882,1.5004416646180556,1.2074643633680555,1.425783323888889,1.0798781534722222
2023-11-01,44674796.78819445,15932728.104579393,1.563208348159722,1.2343317084027778,1.4381690555902777,1.0663824659027776
2023-11-02,43632204.621527776,15765763.212151518,1.68644404375,1.2218663691319445,1.6168306753125001,1.082134481701389
2023-11-03,41952906.23611111,14516446.062906343,1.6021994624305556,1.1576279130208333,1.561007642048611,1.1258017361458335
2023-11-04,43169805.125,15433142.636933347,1.5401853572916666,1.1700252783680556,1.5895099134722224,1.1574504248611113
2023-11-05,43101473.21875,15634444.990932865,1.5354861435069445,1.1629449890277777,1.5350525576736112,1.022025476736111
2023-11-06,44170882.979166664,16821601.45623275,1.7566520278819444,1.1476981854166666,1.7844839313541665,1.090050605347222
2023-11-07,43515708.315972224,16166144.06334969,2.111881255694444,1.1962894938194444,2.1642895640972224,1.0316290364930554
2023-11-08,42533507.541666664,15718426.588096507,2.2617986652430555,1.12294252625,2.3709878324305556,1.0497070089236111
2023-11-09,37067131.55555555,14121527.242111243,2.1244802552777777,1.0930234365277778,2.159069306423611,0.9973888454861112
2023-11-10,36330774.20138889,14545203.588115802,1.885495129826389,1.1606150259027777,1.9369149419444445,1.0571516247569446
2023-11-11,38849302.760416664,17031527.757415343,1.8298498813240418,1.191018992195122,1.8215314583623694,0.9928874147569444
2023-11-12,36538596.621527776,15280867.312021486,2.071983489861111,1.1739827625694443,2.178099351388889,1.0380682914583332
2023-11-13,35054811.822916664,14255134.083757497,2.2775281775347223,1.2187883536458335,2.4125792366319443,1.0492975981597223
2023-11-14,34930256.29861111,13346307.107723368,2.163712400277778,1.2020746561458333,2.2812526803472224,1.0583728585416667
2023-11-15,35596720.0,14647686.44220749,1.9891863151041664,1.1777009471875,2.136375377951389,1.0535883399652777
2023-11-16,39344957.822916664,17158911.906469695,1.9510766308680556,1.2446071555902778,2.0266652715972224,1.0932440280565372
2023-11-17,43383241.21180555,19417011.45136673,1.7498081938541667,1.1855024948958333,1.9053232658680557,1.022777552326389
2023-11-18,38893193.034722224,16936942.300907616,1.7260054140624999,1.1667961465277776,1.8165106324999998,1.0704323338194444
2023-11-19,47513252.35763889,23003714.22150269,1.2972060514583332,1.102866825138889,1.2212123275347222,1.040694832013889
2023-11-20,48852520.770833336,26462784.34689604,1.242398460390071,1.0979013923049645,1.1442492123758865,1.071535151701389
2023-11-21,48916671.11111111,24932147.01450364,1.5273679235069446,1.2195326777777777,1.5289795203125,1.0061300461458333
2023-11-22,45067012.690972224,23364418.639094092,1.4127807466319444,1.2006247658333333,1.6975152357291667,1.0498314032291667
2023-11-23,43885877.527777776,21921614.694760345,1.6971965841608392,1.1576460974825173,1.87503819,1.035759050138889
2023-11-24,43729760.090277776,23348829.395858802,1.4059663128125,1.1475465794791666,1.5053768739930555,1.0844423741319444
2023-11-25,42995342.135416664,22729489.576716404,1.6108404193402779,1.1721027252083334,1.7752551722222223,1.057506452048611
2023-11-26,42030612.902777776,22149470.215964958,1.6292661773426573,1.2221378856293705,1.734878278146853,0.9965687053819443
2023-11-27,42014323.29861111,22057397.453397427,1.4513878707291665,1.2211487688541667,1.5547770154166667,1.0299818878472222
2023-11-28,39162086.447916664,20496487.148792632,1.4284033460069443,1.2253569617708333,1.6642101768402777,1.0378699115624999
2023-11-29,41388847.284722224,22137033.52345805,1.4828429246875001,1.2762918145138888,1.5700797565277778,1.049061721875
2023-11-30,40246611.128472224,21137429.931485187,1.421805434375,1.2897108528125,1.4156120087847224,1.000281704409722
2023-12-01,40623541.291666664,21886870.33065066,1.4151730124652777,1.2568135267361111,1.5182822281597224,1.1646781704166667
2023-12-02,45696698.239583336,25426322.227565832,1.503054467986111,1.2227631977777778,1.5685664590972221,1.1455350034375
2023-12-03,47856150.614583336,27077379.101640455,1.6091961565625,1.2388997335416667,1.7702190411805556,1.0709784465625
2023-12-04,45106327.96180555,24575325.0580005,1.9064009795833334,1.2293987086805556,2.3270315004513886,1.0014335907291665
2023-12-05,40755565.708333336,21585705.19640632,2.0324742888541665,1.0807694704166666,2.4694534200694442,0.9892195922569444
2023-12-06,39720870.097222224,20805984.50052464,2.0784824900000003,1.0716346305208333,2.3183088553819444,0.9819490411805556
2023-12-07,40754612.42013889,20931540.31133439,1.9965119688194446,1.0802821022916667,2.3267654486458333,1.0415085920833334
2023-12-08,40923736.034722224,21797560.87392494,2.066155490625,1.1165371979166665,2.322063638090278,1.0386873056597221
2023-12-09,42942960.496527776,23098183.059197064,2.230850347847222,1.2013352856597224,2.457438909652778,1.0389634959375
2023-12-10,43494667.496527776,22518981.40247549,1.9745224182986112,1.1937899790972222,2.3984371601388887,1.0690189156944445
2023-12-11,41235507.19444445,20683652.496851847,2.267675420451389,1.3270312795138888,2.4924631894444444,0.9809379922222222
2023-12-12,46587880.395833336,25336478.46312925,2.0740099128125,1.311976532673611,2.409515354340278,1.105963955659722
2023-12-13,56698523.666666664,34603491.143597454,1.5919945190277778,1.2411707385416666,1.5046309545486112,1.033365198923611
2023-12-14,56466834.67013889,37688727.76335268,1.5037193505208333,1.3070682205208335,1.3818221670138888,1.0249477229166668
2023-12-15,53254651.18055555,38046692.52100783,1.6642486530208334,1.290206876284722,1.5697726364583333,0.9970229203125
2023-12-16,50951559.09375,33935597.44933667,2.0516232204861113,1.2616912437152776,2.1468546780902775,1.0367375402083332
2023-12-17,49771587.77430555,31779102.098652534,2.1399155238541665,1.3038889869791666,2.4079830439930556,1.0205114652777778
2023-12-18,47175943.45486111,30601066.86706633,2.1214926905208333,1.2942301153819444,2.3856018851041667,1.00953127625
2023-12-19,45069844.583333336,32103281.82789467,1.849487155798611,1.2279054877083333,1.8952715644097222,1.0185624147569445
2023-12-20,44979359.04861111,32993912.991798475,1.8360622875347221,1.230576851215278,1.898746979236111,1.045422055763889
2023-12-21,45566668.416666664,32792699.388138577,2.236230772361111,1.2215339684375,2.4174079587152777,1.0177442090625002
2023-12-22,42962469.940972224,31533951.287284255,2.181752345625,1.1846320197222222,2.3300585293055556,1.0235513643055556
2023-12-23,42228946.25694445,30683714.376191992,2.3064107466319443,1.1176961790277777,2.5741352020833332,0.9640078701041666
2023-12-24,41231982.70138889,30121634.825138584,2.3628323047916666,1.1246815985069445,2.5187216928819445,0.9858514801388889
2023-12-25,41698289.45138889,30156775.298373155,2.307803026666667,1.1345641605902776,2.56693034125,0.9887753324305556
2023-12-26,41164423.552083336,30837933.08424404,2.41566577625,1.2238925479861111,2.6528440747916666,0.9857987922569446
2023-12-27,39066365.55555555,28923821.851203464,2.5235976846875,1.370880096111111,2.768133493576389,1.0111325458333333
2023-12-28,39763257.55555555,28466616.235334612,2.6748208817013888,1.2942759835069444,3.0768644887847225,1.0089708358333334
2023-12-29,38016888.020833336,26339756.75840411,2.47340653375,1.184570346388889,2.8846881203819446,0.9757034964236111
2023-12-30,36525859.378472224,25180697.503804512,2.4183768427430556,1.1613513147222223,2.8400616788888886,0.9542104492361112
2023-12-31,35221079.270833336,24480611.230244022,2.291334696875,1.1765403466666666,2.711925988472222,1.0026508408680557
2024-01-01,34776685.190972224,24383582.283079218,2.1247977749999998,1.1854481946875,2.6113094009722224,1.0073553044791668
2024-01-02,34897271.39930555,25395985.386730243,2.4827309305208334,1.2582194230555557,2.834643485347222,1.0310726134722221
2024-01-03,33758642.26388889,23306806.52111998,3.250357284097222,1.2414396774999998,3.594728337118055,0.9962289787152778
2024-01-04,28364195.336805556,19282830.076810744,3.3819678784722225,1.239719452986111,3.7382433825,0.9819576629513889
2024-01-05,31173018.239583332,21948909.856053714,2.9819072935069446,1.3099145657638889,3.094168690902778,1.0387710828819445
2024-01-06,27666301.243055556,18090939.76639555,3.116433952013889,1.2598212835416667,3.3755914318402778,1.0554397860069444
2024-01-07,25808153.576388888,16527927.839850627,2.976542689826389,1.2121925854513889,3.365169107013889,0.9976923440277778
2024-01-08,24890242.201388888,15685729.639750404,2.6715844767708337,1.1513554046180556,2.8874922563541663,0.9889390346527779
2024-01-09,23607171.503472224,15520832.923609832,2.6673433140972223,1.2371801464236112,2.6171844245833333,0.9809780263194443
2024-01-10,25158817.729166668,16675746.519474767,2.5870222967708334,1.276818444340278,2.712781510034722,1.042747983888889
2024-01-11,29094027.40625,21305489.155585323,2.600122024270833,1.4412094035069445,2.719011146875,1.0224671593402777
2024-01-12,27268646.232638888,19236763.757220257,2.648515484201389,1.5904856699305556,2.8057559217013885,1.0007489705902777
2024-01-13,25201099.243055556,17082695.32550769,2.9909963568402778,1.5289967569791667,3.365505148402778,1.0526222111111112
2024-01-14,24990436.145833332,16860262.785167705,2.726832132708333,1.494311846875,3.05476599125,0.9772909106944445
2024-01-15,25412328.59375,17201447.75159,2.4405512125,1.4136315485069444,2.9065217456944445,1.0882053856597222
2024-01-16,26155545.861111112,17995421.435995128,2.7750924447916665,1.4229475474652777,3.3124648571180555,1.040892299826389
2024-01-17,24892298.229166668,16998975.781600878,2.826623217638889,1.4210480167013888,3.3691790375,1.0221764419097221
2024-01-18,26640277.961805556,17123552.123632975,3.0434054049305552,1.3612368996875002,3.524695349861111,1.1010582821875
2024-01-19,28219005.083333332,17430156.178766336,2.722457041701389,1.3296706131944445,3.1897520434027777,1.0137395764583335
2024-01-20,26978061.84375,16395422.627699869,2.7231395763194444,1.3392540754513889,3.1312117164930555,1.0517539340625
2024-01-21,27577312.104166668,16805762.63726231,2.6212335854166664,1.3023441804166667,3.058035350486111,1.0874590829513888
2024-01-22,27549132.875,15957943.977799028,2.744682996284722,1.3189365677777778,3.1780655319444446,1.050873028159722
2024-01-23,26385631.784722224,14666816.947998103,2.5240569904513888,1.3659670611805557,2.774975491458333,1.0323967088888888
2024-01-24,25133369.513888888,14615305.940554343,2.277481026527778,1.3505640244791666,2.253149501076389,1.0922836021180555
2024-01-25,25204165.430555556,14806522.251967508,2.4948919391319446,1.3626351239583334,2.615496078923611,1.0873096015277777
2024-01-26,25780758.135416668,15396535.755255153,2.4651280619097222,1.3607679467708333,2.5639338753125,1.1304109239930555
2024-01-27,25837401.854166668,15887847.563811848,2.397605484270833,1.414435675763889,2.5592107563194446,1.1472980048958332
2024-01-28,26250430.78125,16178093.738516055,2.6875533590277776,1.4530447746875,2.9137804268055554,1.156603667951389
2024-01-29,26606894.802083332,16230703.16255159,2.6353127033333332,1.510815124409722,2.8918343034722223,1.1270803723611111
2024-01-30,26776201.315972224,16662108.415461447,2.893318770694444,1.6476157455208333,3.008070055798611,1.1271004746180555
2024-01-31,27453039.350694444,15960704.57844315,3.7575753235069445,1.5543931087847223,4.010978026215278,1.1184934566319444
2024-02-01,28131486.638888888,15693779.637508448,3.6451314335069447,1.536352776388889,3.9248850190624998,1.1586422150347222
2024-02-02,32001957.4375,17814924.64631643,3.297449687222222,1.445238288402778,3.514085677465278,1.0431150910416667
2024-02-03,30524263.572916668,17201181.752118483,3.333498220138889,1.5172784821527778,3.288025945763889,1.1715264228472222
2024-02-04,31114314.545138888,16927703.5455538,3.688188235451389,1.5731256461805556,3.6817559519097225,1.0917954087152777
2024-02-05,32585595.788194444,17159637.37024033,3.484699955625,1.618338795277778,3.7605690200694446,1.1105555431597223
2024-02-06,32970743.458333332,17493608.31698923,3.675755623125,1.6382583178124999,3.913472054861111,1.1114752488194446
2024-02-07,33374327.982638888,18058844.97813957,3.5047340937500002,1.6863525295833335,3.543636513263889,1.1485345735763888
2024-02-08,32927746.986111112,18339803.426017977,2.9655193139583336,1.7641137252083334,2.9269203094791667,1.134865539236111
2024-02-09,30631728.149305556,17982566.45192555,2.573167535520833,1.756956254375,2.565632997673611,1.1022933320138888
2024-02-10,30967458.989583332,19136648.79237189,2.484918575868056,1.6531122116319446,2.536869713715278,1.1782829348611112
2024-02-11,30003993.25,19006784.50047674,2.6251730072569446,1.5992418339930556,2.7059702499305556,1.0919516442708332
2024-02-12,28017340.326388888,18029040.49170141,2.4969102199305557,1.6002948593750002,2.553136519375,1.0756208972569443
2024-02-13,27544850.809027776,18448533.732997432,2.6829120110416667,1.659233760625,2.7380733905208334,1.0852462636805555
2024-02-14,27612813.083333332,18486756.693819314,2.889877380034722,1.5451758943055556,3.056081160451389,1.1400162890972223
2024-02-15,27855262.857638888,18620256.88317121,3.20741782125,1.6771847569097222,3.224790281701389,1.0466518717708333
2024-02-16,29071607.392638035,20009313.78628912,2.9986135222085886,1.6116813524539877,3.1297796087116563,1.0623903493865032
2024-02-17,31235070.902777776,22533826.691763856,2.424790402326389,1.4158615746180556,2.654027903263889,1.0352388401736112
2024-02-18,33635449.746527776,27860975.503150225,2.0969258068750003,1.385120287673611,2.1312232827777775,1.0069234963541667
2024-02-19,32756621.836805556,29691077.91625416,2.1022242852083335,1.4548113400347222,2.1868197117361112,1.0470663357986112
2024-02-20,33977629.52430555,32696283.537518185,2.1243147597569445,1.4490843236805555,2.1755977581944443,1.0190927721875
2024-02-21,35020092.197916664,35647077.1595325,2.0636257944444445,1.4277857304166668,1.9663061793055556,1.0267159826736112
2024-02-22,37197272.270833336,41908467.222197555,1.925560771388889,1.4012676855208333,1.8073342033333333,1.0346263116319445
2024-02-23,35982745.503472224,39574899.96546183,2.116071602638889,1.4281126907638888,2.232281459722222,0.9824168646180556
2024-02-24,35598613.965277776,37195150.842788965,2.118013807152778,1.42196552375,2.4490409962847224,1.0621285122569446
2024-02-25,35092958.95486111,39030608.32685949,1.9871360834374998,1.4387945444444443,2.1204197190625,0.9876631230208334
2024-02-26,34484180.9375,38032282.55349534,2.0868185666666665,1.5098524796527777,2.223411644895833,1.013118905451389
2024-02-27,33603757.3125,36717605.395671815,2.2690778169444443,1.5865046635416666,2.4578896761805553,0.9877033647569444
2024-02-28,32852865.270833332,38981624.48342404,2.0528617394097224,1.6837391973958333,2.0736499178125,0.9781193637152779
2024-02-29,32093874.159722224,44668818.254081935,1.9742908663888887,1.732075502638889,1.8758586359375,0.9848175293402777
2024-03-01,33583432.42361111,55798630.199772984,1.6620957505555554,1.692838586111111,1.45910617875,1.0161510023263889
2024-03-02,31553115.857638888,53617906.517698646,2.5484153549305555,1.7433322819097221,2.505664741354167,1.0315999749305556
2024-03-03,30083803.295138888,55040773.29865349,2.527504778854167,1.7509424661805555,2.374091357708333,0.9919545180555556
2024-03-04,30778300.8815331,54823700.81163401,2.94215599533101,1.7162971428571427,3.1648101025435538,1.0523559930313588
2024-03-05,30671097.503472224,53283345.28925993,3.0483790586458337,1.7262732222222223,3.1365310210069444,0.955446232638889
2024-03-06,31135950.197916668,64023314.502178706,2.433875825590278,1.7472384340277778,2.286674949895833,1.0040381909722222
2024-03-07,34190582.1875,90230945.53577314,2.075172568402778,1.8141392083333332,1.7450607256944446,1.0086931493055555
2024-03-08,32959757.427083332,86762543.10272047,2.882336379513889,1.8635666805555557,2.638203474375,1.0161154131944443
2024-03-09,32349742.677083332,95389681.71427421,2.7065462434375,1.848408048611111,2.4416263104861113,1.0046030277777778
2024-03-10,32364927.274305556,92297794.4648547,3.6583521691666667,1.9486550972222223,3.432199922326389,0.9912109722222221
2024-03-11,31026079.368055556,86417833.2610455,3.854396501111111,1.9115038159722222,4.116559055590278,1.0014233472222223
2024-03-12,31203346.736111112,83655081.09116386,3.915751298680556,1.9013502083333331,4.024719390590278,0.9921303993055557
2024-03-13,32093935.902777776,86032583.40431948,4.0561192360763885,1.94819340625,4.259011604791667,0.9836644756944444
2024-03-14,33921712.0625,91067452.92265767,3.8263763636458332,1.9788549618055553,4.075646111666667,0.9698818888888889
2024-03-15,32573297.413194444,87729557.76636882,3.577078154548611,2.2382159895833333,3.5388274803125004,0.9592673368055556
2024-03-16,31773498.079861112,81056930.43644044,3.6566434223958333,2.1252762465277777,4.177638137881945,1.0017340104166665
2024-03-17,30983126.225694444,83229598.45341496,2.873107213854167,2.0484050555555555,3.3418538009722223,1.0024251805555555
2024-03-18,31317180.892361112,82829429.47770587,3.334362809479167,2.1946646493055555,3.641319719201389,0.994380625
2024-03-19,28233570.979166668,67835618.44161838,3.270547691736111,1.8803294756944444,3.8438508684027775,0.9944675208333335
2024-03-20,25103791.055555556,65145382.88449441,3.2314335224999997,1.7551832291666667,3.5671782252083335,1.0129138506944446
2024-03-21,24194114.774305556,63597835.71557205,3.7484918846527773,1.85787878125,4.060411659340278,1.0027329826388889
2024-03-22,24226797.125,60022999.482076794,3.1997659776041667,1.842562201388889,3.7815391994444445,1.00254678125
2024-03-23,23702204.364583332,58602431.20933447,3.1669396002777774,1.7511592812499999,3.8960444042708335,1.0241532500000001
2024-03-24,23798747.760416668,58513460.918251365,3.3303608619097225,1.7123303749999998,4.170718534895833,1.1472087465277778
2024-03-25,23607954.288194444,61482705.091793984,3.427625132152778,1.8553334027777777,3.7770199995486116,1.0219055
2024-03-26,25683936.548611112,73229320.70859165,3.398935004826389,2.1318187569444444,3.5197295092708334,0.9969707777777779
2024-03-27,28681832.017361112,88185859.43601424,3.2760030571180554,2.3287318229166667,3.1758814024305555,0.9693114513888889
2024-03-28,28404065.142361112,92961816.0792109,3.1005260109375,2.3883957916666665,2.9280029688194444,1.0172452152777778
2024-03-29,27799403.166666668,89119630.70027383,4.520138781041667,2.458881708333333,4.1505746114583335,1.0236984062499999
2024-03-30,27513895.875,84557830.41470109,5.0327468996875,2.418780423611111,4.760475121805555,1.0954805034722221
2024-03-31,26865139.923611112,83822744.26503041,4.528757290868056,2.2555523923611114,4.627832260416667,1.0746624652777779
2024-04-01,27404215.486111112,80676545.87571703,4.234050590694444,2.2428208611111113,4.554706671701389,0.954716388888889
2024-04-02,27447560.638888888,74521060.92542297,4.460113813715278,2.245503013888889,4.8759092434375,1.0225924965277777
2024-04-03,27035159.319444444,71898647.11972542,3.5623264273958335,2.13596821875,4.1125443433680555,1.0022907187499999
2024-04-04,26075309.430555556,70239643.36211915,2.6787037253125003,2.0112113125,3.2872438747569444,1.0025738055555555
2024-04-05,24953011.826388888,65140896.771747164,2.682734114756945,1.9795030833333334,3.319684168576389,1.0063579444444446
2024-04-06,24617479.826388888,64747633.70014828,2.532778769097222,1.9057725590277776,3.3105738221875,1.032462125
2024-04-07,24282405.461805556,65391316.94273015,2.743205421354167,1.9691443263888888,3.3466996710763888,1.0770786562499999
2024-04-08,23694578.260416668,65379837.39202967,3.313101954861111,2.1413880868055557,3.712729567916666,0.9891827152777777
2024-04-09,23914902.503472224,63972209.73606425,4.465707690763889,2.221155763888889,4.822595181631944,1.0051651736111111
2024-04-10,24183491.875,62113331.4824874,4.1311970909375,2.1161388125,4.585064191527778,1.0283721805555555
2024-04-11,24397977.604166668,63463611.494799666,3.892324658402778,2.0599287152777777,4.407342152708334,1.027953392361111
2024-04-12,23387374.614583332,56631966.49808499,3.526077809861111,2.045407951388889,4.01770131,0.9615106319444444
2024-04-13,16658806.006944444,34713148.51736691,2.472724932291667,1.7345550902777778,2.7268569294791667,0.9977735520833334
2024-04-14,13741063.215277778,28397173.719553657,1.6388872247569444,1.4388544652777777,1.9573096119097224,1.0219698333333334
2024-04-15,13109975.871527778,28851771.074957903,1.8502337881250002,1.3756696527777779,2.1606322806944447,1.013147347222222
2024-04-16,13919792.711805556,28272547.522826854,1.5534569792708333,1.5435911041666666,1.873841804826389,1.0159795277777777
2024-04-17,14178430.260416666,28405942.601095147,1.6560958638541665,1.5593919618055556,2.006875161111111,1.0161652916666666
2024-04-18,14408703.163194444,28783736.630333975,1.4509226218402778,1.5406693993055556,1.810935211840278,1.017916486111111
2024-04-19,14709236.555555556,30680325.289949425,1.6192328622569443,1.5664526493055557,1.9336964788194446,1.0150696701388888
2024-04-20,14663441.871527778,33365296.78748319,1.7488769002430555,1.5310614340277777,1.9637275590625,1.0496973506944445
2024-04-21,16678366.847222222,40709898.22051423,2.0197514218402777,1.651383565972222,2.0917963914236113,1.05107878125
2024-04-22,17049153.430555556,41677654.76010989,2.188264623576389,1.7401422534722224,2.3327381226736112,1.0017877847222223
2024-04-23,16592252.291666666,40752103.612102635,2.454953601215278,1.7005956666666666,2.5529461664930557,1.0547786006944444
2024-04-24,17510717.114583332,43052820.42385219,2.5281516451736112,1.7231700833333334,2.772349018298611,1.0380251111111112
2024-04-25,16505742.572916666,37730222.89360965,2.407198996909722,1.7219111284722224,2.7542460891666667,0.9811041701388888
2024-04-26,16353875.538194444,36363837.14690831,2.0256077904166663,1.7171568333333334,2.3386945656597224,1.0381655694444445
2024-04-27,17194005.229166668,36653314.02072019,1.5290333197916666,1.6910392881944445,1.8076524388194446,1.0384236145833332
2024-04-28,16706986.079861112,37053563.12573859,1.6689289309375,1.7142517048611112,1.8670325659722222,1.04271371875
2024-04-29,17613122.71875,37673031.4730325,1.5232969090277777,1.7576390902777779,1.7449959303472222,1.0521860833333332
2024-04-30,17339472.322916668,35289832.250929624,1.697020195,1.867912625,1.9688127170833332,1.0137185833333333
2024-05-01,17103346.680555556,33577585.37164406,1.6732593053125,1.8338882638888887,2.0184945020833336,1.004385361111111
2024-05-02,16772660.829861112,33344147.325648334,1.8397219510763891,1.8237570381944446,2.1466331893055557,1.0703930138888889
2024-05-03,16516747.638888888,34107546.285091765,2.539358045,1.8805137118055555,2.684501370763889,1.0474050173611111
2024-05-04,17136468.697916668,37279256.501096405,2.906118551111111,1.8332031388888888,2.870490395277778,1.0930327777777777
2024-05-05,18579552.034722224,41636256.40118263,2.825210725347222,1.66786565625,2.7906173065277775,1.0685824548611111
2024-05-06,20390964.565972224,49055581.6408918,2.6188460842013885,1.6715307604166667,2.620090168020833,0.9861742222222222
2024-05-07,19904835.75,48170553.16358105,3.0563291132986112,1.732235232638889,3.071198763263889,1.0092125208333333
2024-05-08,20415597.427083332,46163751.540110275,3.6670055146875,1.7436841319444445,3.5778551446527778,0.9920036111111111
2024-05-09,19979223.076388888,44185916.27148591,2.784348652881944,1.8254083645833334,3.183208747291667,1.026661892361111
2024-05-10,20261055.715277776,45869341.87382427,2.244147673020833,1.82338634375,2.5256724830902777,1.0063930243055554
2024-05-11,19260235.305555556,42720181.09013043,2.4844425719444443,1.825256697916667,2.8966016522569444,1.0468568576388888
2024-05-12,19152132.895833332,42032776.23678665,2.140748882743056,1.8302178333333334,2.571562231423611,1.0633312986111112
2024-05-13,18413590.215277776,39107708.26726379,1.71680581125,1.7400424513888888,2.1204911777777777,1.0154199027777777
2024-05-14,18598577.684027776,38230973.36946825,1.6770351694791668,1.7392978993055557,2.0735209110069444,1.0520584583333334
2024-05-15,18866933.215277776,39795224.02712781,1.6172408972916665,1.6876609305555557,2.0167092664236113,1.0226215694444445
2024-05-16,18821353.986111112,42435933.53645595,2.3499662376041663,1.6992727187499999,2.4538136474652776,1.056818017361111
2024-05-17,19644272.027777776,45092156.07747607,2.5747003960069446,1.716317795138889,2.644900649548611,1.0905012708333333
2024-05-18,20045337.965277776,46540549.95722468,2.9607924602777778,1.6611783541666667,3.0668521764236107,1.0736246736111112
2024-05-19,20321744.736111112,45722800.39865711,3.3296457120833334,1.668854513888889,3.5891949660069447,1.1079407256944445
2024-05-20,20274542.006944444,46228374.018595584,2.995974184826389,1.6713196284722223,3.0733659055208333,1.0376131840277778
2024-05-21,20961726.78125,52181479.75312957,2.8490537897916663,1.6517409756944443,2.9543839826041665,1.0242511180555556
2024-05-22,21457007.0625,54704500.73115878,3.289559818055556,1.6664661145833335,3.2435797337847223,0.9946000833333333
2024-05-23,21039710.715277776,51232241.10950278,3.096688154965278,1.5013189270833331,3.3117740727430554,1.054616625
2024-05-24,20062883.913194444,46567078.31608793,2.4560861753125,1.6021197916666667,2.9707595486458334,1.093988375
2024-05-25,20904402.71875,48388613.27176032,2.379868587673611,1.5652626354166665,2.898394740173611,1.0845179340277777
2024-05-26,20959547.184027776,47380328.62784174,2.631658412048611,1.5457349375,3.263979704965278,1.08543003125
2024-05-27,21101794.5625,47909657.57379995,2.6138079325694448,1.5582247291666667,3.245880299895833,1.0160081527777778
2024-05-28,21257080.760416668,47647872.78813673,2.608590115034722,1.6455041875,3.133563193576389,0.9950666076388889
2024-05-29,21698087.315972224,48858434.5870259,2.5917591025,1.6509232534722222,3.2270878994097223,0.9909385659722223
2024-05-30,21939842.96875,48705579.26039873,2.6373238212152774,1.628987079861111,3.17250262625,1.0095603993055555
2024-05-31,22608111.322916668,48783993.66575428,3.208600415416667,1.6918822152777777,3.9090708028125,1.0861606840277778
2024-06-01,23650928.833333332,50029371.29640542,3.2809146887500003,1.7735406076388889,3.977546855868056,1.0506607951388889
2024-06-02,23763400.618055556,49968162.265615754,3.2429649570138888,1.8561612777777776,4.029050938125,1.0781738506944445
2024-06-03,23834073.694444444,51102337.44628915,3.126890650277778,1.8865237916666666,3.7365162618402774,1.0178854687499999
2024-06-04,24296751.836805556,51593089.26987987,3.5403059970833333,1.9642276006944444,4.022474899270834,1.063151579861111
2024-06-05,26067849.635416668,56423616.40996821,4.046931125312501,2.095243236111111,4.288662716076389,1.048468375
2024-06-06,27396067.100694444,57659595.36885229,4.876374414861111,2.1289956979166664,5.162015346423612,1.0508832881944443
2024-06-07,27794672.409722224,54941303.52401907,4.4548918606944445,1.963382253472222,5.026752391666666,1.036766138888889
2024-06-08,22773607.840277776,40621582.04873698,2.7222757618055557,1.862161625,3.1711588741666663,1.0392890173611111
2024-06-09,21540694.440972224,37552961.45592003,2.4469445175347224,1.7647310277777777,3.0542646628819443,1.0124369652777778
2024-06-10,21483475.784722224,36458752.66199927,2.2834434281597225,1.6266494201388888,2.734552839375,0.9635636354166667
2024-06-11,21553580.701388888,34936142.01602942,2.2075105458333333,1.5693377430555555,2.6610169074305556,1.0145673993055555
2024-06-12,22134379.885416668,36039313.93669711,1.841611690348432,1.6063022160278746,2.203100387944251,0.9842493090277777
2024-06-13,21344819.861111112,34874580.840391725,2.057452218472222,1.7352679722222222,2.374967644340278,1.0419780104166667
2024-06-14,22255627.208333332,34400367.24043611,2.0966865821180556,1.724922034722222,2.556284398715278,1.0701448020833333
2024-06-15,20382925.90625,30117505.52535282,2.331154270451389,1.7045058819444445,2.814128385520833,1.03078759375
2024-06-16,20534087.510416668,29883255.253444187,2.7143471420138887,1.6680257118055557,3.100824093263889,1.0890137604166668
2024-06-17,20953080.694444444,28272192.274909787,2.7544668555208336,1.6922496076388889,2.8392566553125,0.988063888888889
2024-06-18,19980145.197916668,23759367.50902854,2.3405783999652776,1.567443125,2.3068048962847225,1.0067112638888889
2024-06-19,19937147.739583332,26751203.54894403,1.8329551390972223,1.3085931979166667,1.9409031512847221,1.0271668506944445
2024-06-20,28917667.763888888,46455048.75608617,1.0310636198611112,0.9620805972222222,0.9975866899305557,1.0443116805555557
2024-06-21,26006256.170138888,40958698.220356055,1.2491100321875,1.0299393642857142,1.1818923777083332,1.0777191805555555
2024-06-22,23162363.868055556,35268788.9547831,1.6404247602083333,1.0562328020833334,1.7144936136458333,1.0889989687500001
2024-06-23,22515842.027777776,32848296.865961134,2.0175671602083334,1.0929220347222222,2.2589697239236113,1.080374875
2024-06-24,21944946.232638888,31628094.412054453,2.3029441806944444,1.1773797465277778,2.2133828965625,1.0722773680555555
2024-06-25,21637568.243055556,35501474.12715736,1.8755672215624999,1.2280278993055556,1.6369722975347223,1.0463484305555555
2024-06-26,24764892.840277776,42866744.10654007,1.3710346049652777,1.1147026527777777,1.3203331923958332,1.0443034131944444
2024-06-27,27566297.496527776,44167636.20213182,2.2818130342708334,1.1499668402777778,2.460132057152778,1.0528645069444444
2024-06-28,29838412.559027776,43586025.81164747,2.5178018913194444,1.1269840555555557,3.1949692016319444,1.04079434375
2024-06-29,28631901.829861112,40121805.99325643,2.661297232361111,1.1118493472222222,3.6132837707986116,1.037819079861111
2024-06-30,28137856.934027776,38852185.10072315,2.4360674372222224,1.0811109965277776,3.2722316235069444,1.037972847222222
2024-07-01,28679202.1875,39896662.21875641,2.6839940341666666,1.063933611111111,3.4697191889930554,1.0979461597222222
2024-07-02,26691168.701388888,35504306.1318477,2.243252546875,1.0988381979166666,2.8544276350347224,0.9759617118055556
2024-07-03,25551489.59375,32468145.69631023,2.876529771875,1.2596783506944444,3.7199144547222227,1.0142899722222223
2024-07-04,26606348.041666668,32515808.639568653,2.7083586369097223,1.2987940416666666,3.572537341840278,1.02111009375
2024-07-05,22289265.673611112,25670486.35660642,2.2719744575347223,1.36979125,2.809721646979167,1.005319642361111
2024-07-06,19968824.322916668,24406036.570892416,2.273270286458333,1.4313633402777777,2.662066168125,1.07343078125
2024-07-07,18497585.711805556,21862056.20302868,2.5995923249652777,1.418561590277778,2.988719725,1.0459822291666667
2024-07-08,17824702.774305556,20514841.543465767,2.120610029861111,1.3180750416666667,2.6292008441319443,1.0224281458333335
2024-07-09,17575142.097222224,20642938.33781464,2.2953102025694445,1.3249305104166667,2.6710618724999997,1.0355466875
2024-07-10,17623447.375,21165242.806700215,2.5386192971527777,1.3152990069444443,2.8274546212847222,1.0639382743055554
2024-07-11,18239430.548611112,21620201.88850912,2.4687247589930554,1.2884832534722221,2.7720696547569443,1.029301173611111
2024-07-12,18189772.746527776,20736456.56814847,2.404405004513889,1.2430561736111112,2.7853591997569445,1.063269795138889
2024-07-13,18887991.194444444,22109506.02034125,2.542933628298611,1.2365919444444444,2.8686090383333336,1.008395253472222
2024-07-14,19417011.704861112,23329703.57376289,2.5729595348958334,1.2326975173611112,2.9085600527777777,1.0493001284722223
2024-07-15,19368444.25,25548280.8566773,2.4301140991319445,1.3066440173611111,2.6219369352083337,1.0388952500000002
2024-07-16,18817207.215277776,26210266.552749425,2.655910328229167,1.3122618229166667,2.602975696284722,0.9910791840277778
2024-07-17,17922847.03125,26544029.019182146,2.6597040916666668,1.176822579861111,2.6206580573958336,1.0039984618055557
2024-07-18,17514888.465277776,25095652.057993,2.6818431505208333,1.1705416909722224,2.6201269240972223,1.0822766701388888
2024-07-19,17808822.864583332,25369595.272325184,2.3897138426736113,1.22971490625,2.433039497777778,1.0165923715277776
2024-07-20,18017934.375,26408036.664600424,2.1718518486458334,1.221650763888889,2.1744345106597223,1.0555325104166666
2024-07-21,18370884.725694444,26438375.56860386,2.2229867971875,1.2236294375,2.2940376172916666,1.1190444340277779
2024-07-22,19673216.899305556,27950201.538192596,2.3127716746180558,1.2583425243055555,2.4144635217361112,1.0234259305555555
2024-07-23,19858094.434027776,26430759.101874046,2.3215092805208335,1.215840642361111,2.5096515599305556,1.0718079131944445
2024-07-24,20958458.0625,26513289.768989444,2.3186734311111112,1.2438346284722224,2.6424081186805553,1.0945722812499998
2024-07-25,21156409.798611112,25297803.02776659,2.261718562395833,1.2548808402777778,2.604978286597222,1.0874488819444443
2024-07-26,20654916.579861112,25970204.392858908,2.2237454050000003,1.1373383020833332,2.5276952469444445,1.1550185520833334
2024-07-27,20202209.791666668,25951195.169438817,2.413527408159722,1.1357211041666666,2.5450210977083336,1.0464659097222222
2024-07-28,19620547.465277776,24513981.150013443,2.5298508508680557,1.1535628993055556,2.6676044860069443,1.1260281875
2024-07-29,19857844.677083332,25104063.928241186,2.6524274041666667,1.1905854166666667,2.8834839583333336,1.0618294791666667
2024-07-30,20585512.138888888,24970314.44304908,2.9989805738194444,1.1926534756944445,3.2074603876041667,1.0865327569444443
2024-07-31,21415879.197916668,25298180.36226104,2.9077033428125,1.219426954861111,3.1502774382986107,1.091549892361111
2024-08-01,21249099.416666668,23915122.49943958,2.8081475677083336,1.1571322222222222,3.0979554075694447,1.0521059513888888
2024-08-02,20259701.072916668,22494034.373196885,2.6722087695138885,1.1470151006944445,2.9418200345833334,0.9739926319444445
2024-08-03,20025696.253472224,20869825.352926813,2.2174408194444446,1.2153794131944444,2.5946090487499998,1.0526402118055556
2024-08-04,20027385.107638888,19435497.22359626,2.127548526111111,1.21720971875,2.5164033794444443,1.0974816840277777
2024-08-05,21722566.996527776,17444527.896323007,1.907075677152778,1.2154655104166665,2.0994759586805554,0.9840106979166667
2024-08-06,20967325.739583332,17930239.006896254,1.7871252281249999,1.1081523159722222,2.0763399045138886,1.0709738055555555
2024-08-07,19851021.208333332,16984208.306340482,1.8126777287847224,1.1891675694444444,2.0330703800694447,0.9999977777777779
2024-08-08,22165669.024305556,18682418.517850466,1.952574124097222,1.2840965555555557,2.180111509513889,1.0622315763888888
2024-08-09,23525323.520833332,20140645.299622755,2.259605568263889,1.2535345451388888,2.2971204051041667,1.0238628541666666
2024-08-10,22448332.090277776,19103293.405167874,2.283169066909722,1.2199521215277778,2.408341907395833,1.0732680659722222
2024-08-11,23130301.420138888,20475720.09424575,2.4600307441666667,1.3070801180555556,2.389614017222222,1.0463822430555556
2024-08-12,22137108.697916668,18771802.14157486,2.3504065710357143,1.253037317857143,2.5622717786071427,1.0554265868055555
2024-08-13,22035398.211805556,18891945.122328512,2.4416366184375002,1.3541624444444444,2.593227810034722,1.0708703124999999
2024-08-14,21582292.465277776,18999163.091780994,2.5709377397222224,1.4241301527777777,2.6530247077430555,1.01633275
2024-08-15,21637341.052083332,18360664.61077782,2.492058348784722,1.4155655,2.607759063923611,1.0850738125000001
2024-08-16,22123390.083333332,18522809.31189279,2.0865525944097225,1.3122816284722223,2.270250024409722,0.997849954861111
2024-08-17,21662333.0,17965178.402932715,2.00437252875,1.2921329652777778,2.2809639286805554,1.0711534652777777
2024-08-18,22305187.631944444,18596345.546315085,2.1583287533333335,1.2518175902777777,2.413619877638889,1.0763690138888888
2024-08-19,23720921.357638888,19687856.072467856,2.2868006050694443,1.1799333993055556,2.571641317118056,1.137028763888889
2024-08-20,26906582.670138888,24036151.932636276,2.274521656423611,1.2981608923611112,1.9899358479861111,1.0769206875000001
2024-08-21,25283072.225694444,22949514.117905594,2.557637463298611,1.3414708923611112,2.3309593119444445,1.103939076388889
2024-08-22,26024957.045138888,25709551.759166796,2.4077822297569447,1.1662944826388888,2.148727342013889,1.1015946562499999
2024-08-23,27381145.541666668,30179320.456901252,1.9524519898958335,1.1756525,1.8468651990972222,1.015560125
2024-08-24,30086380.534722224,37672674.90305541,1.5287418327777778,1.2489711597222222,1.3935391647916666,1.025189048611111
2024-08-25,32948104.875,41662082.81713502,1.6469625869791666,1.4651026041666666,1.4330565888888889,1.0281210243055556
2024-08-26,34542914.722222224,46389309.74560601,1.4190279436458333,1.5327066701388887,1.2018352813541666,1.0741205416666668
2024-08-27,37116665.1875,50071648.36036296,1.45377427625,1.4316810277777778,1.2784110126388888,1.0587294270833334
2024-08-28,37502563.9375,46951616.711719766,2.0737701834375,1.3585065902777778,1.9234840132291664,1.0415700659722222
2024-08-29,39779416.35763889,47255908.105649196,2.444502394375,1.1050560243055554,2.4624332391666663,1.0076662048611111
2024-08-30,36929205.92013889,41360836.62003224,2.5506234785416666,1.03638534375,2.5878482317708333,1.0162616180555557
2024-08-31,33709330.052083336,39522894.58667412,1.7467941095138888,0.9435114062500001,1.775819587986111,1.0287285833333335
2024-09-01,33980923.28819445,39296093.79204484,1.6164758968055555,0.9445688402777778,1.8087511010416668,1.0759680069444444
2024-09-02,32722866.6875,38502540.59973501,1.4019520594791668,0.8879883263888888,1.556627286388889,1.0545649965277777
2024-09-03,31958408.371527776,37576249.62390293,1.5756244565277777,0.7806766076388889,1.7041226295486112,1.0554540694444445
2024-09-04,30458532.253472224,34178867.61994382,2.0388294541319443,0.7022130173611111,2.370544113055556,1.0627441909722224
2024-09-05,29621737.829861112,32781411.139161937,2.3347743111805555,0.6902962187499999,2.6156290260763893,1.064637576388889
2024-09-06,29312763.194444444,31234544.90562858,2.0312586753125,0.7662481909722223,2.4433832840625,0.9942981979166667
2024-09-07,26588735.715277776,28351956.71948076,2.0119076721874998,0.7962754826388889,2.3206731068402777,1.03339965625
2024-09-08,26111261.545138888,28264534.131029807,1.9579573911458334,0.8199254583333333,2.239879976736111,1.03892046875
2024-09-09,26458322.392361112,30512423.295473382,1.8977220683680553,0.8868753020833333,2.0483960557291665,1.0397439444444445
2024-09-10,28682413.142361112,36672396.17826275,1.5599594380902777,0.9408189756944445,1.426919621423611,1.0342476388888888
2024-09-11,34495578.54513889,45419653.75088669,1.2316208729166667,1.1139046805555557,0.9821466279166666,1.0635187916666666
2024-09-12,37013530.604166664,51730756.8929756,1.0573168148611112,0.9256287847222223,0.8581918567708333,1.0121072708333334
2024-09-13,36481070.09375,49299134.462192394,1.3369996592013889,0.9543664236111111,1.1089589191319444,1.0489185555555556
2024-09-14,34256395.38194445,46641201.35490221,1.3474204213541665,0.9264628298611112,1.1508128295833333,1.0666662673611111
2024-09-15,35324222.42361111,49026159.01990453,1.3203923691319444,0.9681711631944445,1.1452041890972222,1.1524403854166667
2024-09-16,33531035.975694444,43451479.76906861,1.6459693338541668,1.0625330625,1.528483727986111,1.0780894652777777
2024-09-17,32661378.152777776,42866323.515473366,1.6104886838541668,1.0413078090277779,1.5829608103819444,1.0721013715277778
2024-09-18,30654080.472222224,41555120.77434775,1.5834940371180555,1.2113930381944444,1.5379576703472222,1.01989940625
2024-09-19,36179530.496527776,54812019.361577585,1.6336221152083334,1.3065252743055555,1.5205519642708334,1.0344629930555556
2024-09-20,41034023.427083336,65024042.452619754,1.7495620311458333,1.468814267361111,1.6113132185416665,1.006227326388889
2024-09-21,41799915.697916664,67730129.5681365,1.833648381423611,1.4431507881944445,1.5514839176388888,1.0957660625
2024-09-22,41032565.822916664,65453304.936668344,1.9946296307291667,1.4715275138888888,1.6819619691666667,1.078519763888889
2024-09-23,37928617.76736111,62847415.26624371,1.963466898159722,1.3477623125,1.7137038560763889,1.0440347291666667
2024-09-24,36810227.989583336,61742555.560402736,1.8579748247569445,1.411824486111111,1.585854150486111,1.0906532291666666
2024-09-25,39331672.36111111,66193062.71311906,2.0492347050694444,1.3359170659722224,1.7899333790972223,1.0713065902777776
2024-09-26,37044715.378472224,61209802.27674299,2.239414367777778,1.3279886319444445,2.120761071423611,1.024315309027778
2024-09-27,35846517.715277776,59659435.457673654,2.3891857989930556,1.2859383263888888,2.244408099027778,0.9998273472222221
2024-09-28,38370461.38194445,61974558.532850996,2.7101441358333336,1.2463586666666666,2.547324541145833,1.0620721666666666
2024-09-29,38979480.197916664,62470076.03322074,2.5308405331944446,1.1881734618055555,2.519094950381944,1.014673170138889
2024-09-30,38332221.64236111,60446977.18167368,2.5626261271875,1.3168416145833333,2.486514643993056,1.0019632951388888
2024-10-01,39001429.878472224,61218563.86262122,2.245893041493056,1.4125585347222223,2.267818110972222,1.0004252569444445
2024-10-02,39693127.034722224,58521924.225901686,2.2503203644097223,1.4578345798611112,2.3562059144444443,0.9800456875
2024-10-03,38650629.53125,53787640.65104549,2.2821024662152776,1.3993164722222222,2.3833173025347225,0.9608202777777779
2024-10-04,35334142.32638889,49776398.6890758,2.1443464333333333,1.3480193194444443,2.3161544371875,1.022718954861111
2024-10-05,34256398.64236111,49165007.89753228,2.411967446180556,1.2350626111111112,2.4595492064930555,1.06978659375
2024-10-06,34743164.0,49286232.96715385,2.4018450205902777,1.2842898472222222,2.490694737673611,1.0607636770833333
2024-10-07,33663723.11111111,50899512.54860328,2.6470583980208335,1.255363420138889,2.590371087916667,1.0408845277777778
2024-10-08,32974075.375,47679045.722919665,2.8955047562847223,1.236419125,2.848467856875,1.0602470972222222
2024-10-09,32904403.729166668,45796259.49151736,2.9703984944444444,1.3520595694444444,2.9183580541666667,1.0128530034722223
2024-10-10,34404249.71875,45595645.58754734,2.911619882777778,1.2877841458333334,2.9128756218055556,1.0474124756944443
2024-10-11,33856206.36111111,46398024.46552896,2.7009263382986113,1.2390261770833333,2.649835081840278,1.0481948819444444
2024-10-12,32642466.458333332,47107442.24002945,2.8321857959375,1.2912235833333332,2.5690844580555554,1.1146024895833333
2024-10-13,32687965.944444444,46758388.63259588,3.1864660636805557,1.3907674340277778,2.7627595675,1.0644204791666665
2024-10-14,34530776.65625,51516195.66058564,2.880351289270833,1.4906826111111111,2.7727846649305556,1.0105113402777777
2024-10-15,35885848.40625,52835470.75040068,3.6801740332291666,1.6156277152777778,3.2847865915625,1.031490201388889
2024-10-16,34749154.791666664,50220105.62787246,3.546377770729167,1.5364516527777778,3.238598514201389,0.9795887187500001
2024-10-17,35492293.14930555,49221072.92325625,3.309633547013889,1.4970125763888888,3.1412189764236107,1.0191076597222224
2024-10-18,35773669.291666664,50078363.893978454,2.951584270034722,1.4360075486111112,2.933590775347222,1.08926884375
2024-10-19,36594553.145833336,51778506.624693304,3.1140370216319444,1.462426013888889,2.9770813840624997,1.1250662569444445
2024-10-20,38515125.07986111,54551441.22579049,3.305659375173611,1.4665910208333335,3.1755861225347224,1.0079352604166667
2024-10-21,41194173.22569445,58438172.610458925,3.817844392395833,1.5556252465277778,3.45980743375,1.0714469965277778
2024-10-22,41022537.677083336,56230575.67254914,3.5854900671527776,1.5226331145833332,3.5262415910069445,1.088096923611111
2024-10-23,40214724.75,53333223.59405185,3.4977300377777776,1.4960866284722223,3.4704043934027777,1.0721984270833333
2024-10-24,39996042.69444445,53814774.79814827,3.2585823603472224,1.4463061319444444,3.2622026946875002,1.1127414062499998
2024-10-25,40691209.895833336,52926717.57951188,3.5345881112152777,1.4952101666666666,3.4779753132986113,1.093067642361111
2024-10-26,35005213.11805555,42886385.546725504,2.8735737010069444,1.2113057604166668,3.023672905277778,1.0396284479166669
2024-10-27,35215316.628472224,43961285.32283933,2.657433502986111,1.23130390625,2.5990515453125003,1.1284141354166666
2024-10-28,35412368.94755245,44190529.96068057,2.8765223359790206,1.2860779475524475,2.7421581043706293,1.1069006293706294
2024-10-29,34884345.559027776,46258430.58031546,2.8826334275347225,1.300496670138889,2.804912852847222,1.1167132881944444
2024-10-30,36021839.166666664,47057990.27358167,3.6069969692708335,1.3721628645833333,3.274997861458333,1.1173777152777777
2024-10-31,36414999.940972224,47002671.72635396,3.5484847585069446,1.3739141319444446,3.270957998888889,1.0777439583333335
2024-11-01,37024739.34375,46793265.98965559,3.2649862898611115,1.3400084027777777,3.1700141186805557,1.0596112881944444
2024-11-02,37476199.052083336,45142617.78499113,3.3614407108680555,1.317630486111111,3.315810152395833,1.1634624791666668
2024-11-03,36441347.96180555,42018477.399772085,3.4014108732291666,1.3528013993055557,3.3716595927083333,1.0526399270833333
2024-11-04,34094669.979166664,38741291.553762384,3.0605281809722222,1.4141683680555555,3.187464696666667,1.0656281909722223
2024-11-05,33436201.440972224,39810063.30374517,2.659668166111111,1.4175785486111112,2.6875530014930558,1.0253581284722222
2024-11-06,34284260.31944445,47168158.97860208,2.4833503210069443,1.5203781041666666,2.0982563455902774,1.0682052499999999
2024-11-07,33922482.76736111,47685508.07252424,2.9058253298958334,1.6703829166666668,2.206243261527778,1.0712731354166667
2024-11-08,34187982.04513889,47658015.633528754,3.1200474211111113,1.7143476180555557,2.4472147340972223,1.065070503472222
2024-11-09,35144819.76736111,49453926.27433959,3.269957397986111,1.6920072291666668,2.7176920816319443,1.158330388888889
2024-11-10,35779914.472222224,53199863.87901742,3.5770927066666665,1.806306097222222,2.9412053546875,1.0828647708333332
2024-11-11,39724375.847222224,60080433.592445865,3.97663803125,1.976100451388889,3.2499110022916664,1.0014117013888888
2024-11-12,43742142.53125,64836848.43012224,4.722156881805556,1.9784371770833333,3.8170243197916665,1.0008448819444444
2024-11-13,53417865.322916664,69259306.13187097,4.386531578090278,1.7128225173611111,3.8915460986805552,1.0168920277777778
2024-11-14,56645744.77430555,72663891.9276247,4.033621539444444,1.8332248576388888,3.770942507569445,1.0080473576388889
2024-11-15,58977054.375,73372782.79325089,4.409133992395834,2.0178577569444447,4.167497887881945,0.9886220972222222
2024-11-16,58542961.020833336,76285734.25168827,4.691287832326389,2.3055161493055554,4.2528792990625,1.0139679930555556
2024-11-17,58640974.11805555,75423896.77207786,5.315814886770833,2.451494826388889,4.534015024027777,1.06715109375
2024-11-18,58735167.68055555,77047818.02687442,5.145472170798611,2.5508966666666666,4.509850201076389,1.0437053229166666
2024-11-19,57183438.927083336,75084865.8890994,6.1465368272222225,2.645631388888889,5.259967112777778,1.066274496527778
2024-11-20,58869131.458333336,74909498.16427122,5.924271611006945,2.4397564791666664,5.2345625453125,1.0553206875
2024-11-21,58322545.88888889,72752816.69425948,5.724941766840278,2.368870704861111,4.967863005763889,1.057255371527778
2024-11-22,61707239.4375,77536195.2775517,6.735595214270834,2.4492460104166667,5.566890604097222,1.0640167673611112
2024-11-23,61011832.302083336,83487153.5976407,6.929567560868056,2.8843525277777777,5.488422075104166,0.9950506041666666
2024-11-24,64351719.277777776,95506240.85427786,7.15791205763889,3.0755354305555556,5.802773836006945,0.9938493541666666
2024-11-25,63797372.972222224,94808419.10016426,7.839613360034722,3.448681600694444,6.528082245729166,1.002956611111111
2024-11-26,62868733.746527776,87478771.557285,8.5024849190625,3.1562155555555558,7.177233196909722,0.9639471006944444
2024-11-27,59324801.0,85093175.15930022,7.021202113993056,2.89944821875,5.651124202222222,1.0064114131944446
2024-11-28,59659985.88888889,92092536.91107258,6.4338132825347225,3.3103437604166666,4.931230235868055,1.0060464097222224
2024-11-29,63255854.315972224,103453079.31890555,6.730030797291667,2.9413037430555553,5.627841252673611,1.0035311597222223
2024-11-30,66060386.652777776,120508283.22400805,5.616159297916667,3.378371340277778,4.352663878368055,0.9725437465277778
2024-12-01,68235887.85416667,126445864.12280498,6.722031539756944,4.069664868055556,5.470361433888889,1.0437703888888887
2024-12-02,71647329.1875,129165670.99141127,7.600235321527778,4.142386086805555,6.231293293229167,0.9884146458333333
2024-12-03,70082465.33333333,132846527.7088689,7.129302649097222,5.215749260416667,5.134664968506944,0.9969039826388888
2024-12-04,69934502.66666667,135331271.4783912,7.704991033541666,5.397056670138889,5.817586881666667,0.9928080381944445
2024-12-05,71219762.82291667,137309339.42813233,8.071478164895833,5.023138871527778,6.414084329270833,0.9868367569444444
2024-12-06,73721251.74305555,153829810.39010537,7.043732734479167,5.1778870277777775,5.556516669756944,1.023180763888889
2024-12-07,76545863.82291667,160530691.16337168,7.21097993375,5.152603722222222,5.768572256770834,1.1006670659722222
2024-12-08,76039643.96180555,155786502.77632204,7.8699775561805545,5.339559104166667,6.4513358738888895,1.0519545833333332
2024-12-09,73134955.0798611,137851934.48481762,8.717350588368056,5.572445243055555,7.116098196076389,0.9533921076388889
2024-12-10,57202127.552083336,97036599.31612514,7.067491304895833,4.583871232638889,5.7034261038541665,0.9793360694444444
2024-12-11,55554181.18055555,97137497.68550736,5.801068538472222,4.287850173611111,4.680551473506944,1.1021297013888889
2024-12-12,55978022.74305555,102891539.78423876,6.294994917222223,3.9918945277777778,5.03862829625,1.0426842361111113
2024-12-13,56114990.23611111,100000084.08502601,6.070413817743056,4.573382048611111,4.594422363645833,1.070740892361111
2024-12-14,57337050.06944445,100591242.94422771,6.449606644270833,4.502550295138889,5.061021261111112,1.1064132638888888
2024-12-15,58415474.645833336,101482070.45573851,6.0120335880208335,4.307463260416666,4.8243174446875,1.0457215347222222
2024-12-16,59802138.43055555,104180255.81833191,7.101652310416666,4.351706270833334,5.643742577673611,1.0360467256944446
2024-12-17,60830248.68055555,101688557.26474096,7.399896779826388,4.250233697916666,5.9320751907638885,1.0345003715277779
2024-12-18,58160915.020833336,91453118.54453498,7.156275016493055,4.111267861111111,5.8475797420486115,1.0427376076388888
2024-12-19,53144624.520833336,73655527.34419706,6.981168121562501,3.92318775,5.975228071458334,0.9847130416666666
2024-12-20,45129654.42013889,58120915.19928255,5.455263555138888,3.182109503472222,4.783610449965278,0.9997885173611112
2024-12-21,40161012.260416664,53373495.881143,5.580596382916666,2.8278118854166667,4.660733588819444,1.0271754270833333
2024-12-22,39049949.21180555,49433698.70206488,5.129682463402777,2.60415559375,4.418373914375,1.0467090000000001
2024-12-23,37742810.02430555,48611741.602723375,4.575958918715277,2.600130826388889,3.9093912768750005,1.0766938506944443
2024-12-24,37709197.277777776,51608407.64796129,5.513009865868056,2.6673249861111112,4.526944039027778,1.1016595520833332
2024-12-25,38223355.91319445,52068155.432511,5.938340983263888,2.5995929062500003,4.7717244271875,1.0922206215277777
2024-12-26,39447863.17013889,50829174.954304785,6.285382894548611,2.644498909722222,5.171547055243056,1.1185455
2024-12-27,39860883.53125,52188218.85010271,5.5727155090625,2.4263382465277776,4.7598049463541665,1.089361986111111
2024-12-28,39292182.635416664,52137128.38826792,5.161655558576388,2.4481351944444447,4.336733382604167,1.1205592638888888
2024-12-29,39821673.67361111,53035985.824283734,5.720987263506945,2.5469921736111107,4.711190528715278,1.1685033437499999
2024-12-30,40079733.229166664,52539536.35984585,5.723628441770833,2.6091326666666665,4.9743290113541665,1.0313476319444446
2024-12-31,40767748.46875,52173760.29603641,5.372356635416667,2.481598239583333,4.786241124826389,1.11854196875
2025-01-01,41687365.177083336,53075732.39238199,5.216982995833333,2.3759211423611113,4.706538261701389,1.1428634479166666
2025-01-02,42426945.177083336,58737484.850242645,5.5123988215625,2.59162390625,4.4655975876388885,1.1627419583333334
2025-01-03,42808028.215277776,61884612.91034397,5.432880291736111,2.533297857638889,4.392205719375,1.0417588263888888
2025-01-04,42311092.722222224,63066569.47176739,5.784140025451389,2.6302726319444445,4.513582865208333,1.0864347708333333
2025-01-05,42919140.621527776,64443183.89875005,5.752277874548611,2.548642829861111,4.534843231597223,1.0699392222222222
2025-01-06,42695983.996527776,67957434.20006546,5.105628621944444,2.6257571041666665,3.978086895173611,0.9916897951388888
2025-01-07,42957697.614583336,65103995.441968255,6.054169668020833,2.9931957152777775,4.901050573541666,1.1458895729166665
2025-01-08,41598251.45486111,56175564.31457208,6.0078151278472225,3.02308821875,5.273344401979167,1.0263660069444445
2025-01-09,39545257.41319445,51738641.97041752,5.350954387465277,2.522327732638889,4.764769748020833,1.04309296875
2025-01-10,39160014.54861111,51924329.978216566,4.856914850416667,2.462466170138889,4.393541130868055,1.1140576180555555
2025-01-11,38651314.784722224,51124002.92191592,4.5380507146180555,2.539922059027778,4.048873981840277,1.0604114270833334
2025-01-12,38811801.11111111,50762836.3179146,4.653939802256945,2.4895350520833333,4.1462546018749995,1.0962917187499999
2025-01-13,39493187.65625,48355524.104533,4.55298007875,2.644295548611111,4.120860038888889,1.0156714652777776
2025-01-14,37919030.822916664,48161511.408553384,4.040285963541667,2.3255949930555553,3.5783365288888884,1.1494959444444444
2025-01-15,37673036.23611111,49681059.90188383,4.894552281388889,2.478169368055555,4.223196836354166,1.1461407256944445
2025-01-16,37972094.35763889,51079210.80136136,5.586432428090278,2.8916137291666666,4.522504774444445,1.1535897569444444
2025-01-17,40805824.934027776,56443205.5479036,5.483351854131945,2.905605638888889,4.354266885520833,1.0954081875
2025-01-18,40994670.916666664,54657627.190705284,6.226849299965277,3.0295754861111113,5.024524267881945,1.114578986111111
2025-01-19,43523932.722222224,54641162.27841378,5.8812096665625,2.6567143333333334,5.002774210034723,0.999962486111111
2025-01-20,40728915.159722224,49174525.37460069,5.520476605381944,2.282058111111111,4.910610301284723,1.0145576006944443
2025-01-21,40633390.395833336,49003329.8835794,5.1419406237847225,2.2690603715277775,4.600008217118056,1.0400416493055555
2025-01-22,39136875.270833336,51000348.150289625,4.754941311979167,2.3125088020833333,4.137089316631944,1.0161489375
2025-01-23,40162896.72569445,49661886.40953654,5.464386132597864,2.4346539618055556,4.706001421597223,1.0691431180555557
2025-01-24,39837506.291666664,49137692.189020105,4.927086797048611,2.5461344548611113,4.364683255347222,1.1220074618055556
2025-01-25,39690307.690972224,47986253.853082895,4.971267558472222,2.4331958333333334,4.402236215069444,1.0967870347222222
2025-01-26,40807602.02430555,49419411.30939521,5.221919765034722,2.3775050381944443,4.528060584236112,1.13620809375
2025-01-27,39897511.04861111,44034134.53671072,5.698284666805556,2.5261136527777777,4.959867691215278,1.0169431319444444
2025-01-28,41925407.833333336,44405711.83236517,5.654561678055555,2.609518635416667,5.003271427847222,1.1513920520833334
2025-01-29,45458345.722222224,45006894.78757673,5.336557659826389,2.3896000833333333,4.926642401736111,1.0650677326388889
2025-01-30,42499775.246527776,43847417.71159509,4.718755492083334,2.4285723368055554,4.343255750416667,1.1479705347222222
2025-01-31,42269719.527777776,44257398.65976921,5.940592017743056,2.5127779062499997,5.011118616631944,1.0075875659722222
2025-02-01,42362819.68055555,42709489.918390065,5.5365678614236105,2.6354109756944446,4.7799891684375,1.0768494965277777
2025-02-02,43302256.503472224,38701414.483183675,5.051208227951388,2.6652619166666667,4.500789100486111,1.050184861111111
2025-02-03,33638119.697916664,25328822.889824633,3.419854341736111,2.2706716250000003,3.084938230244755,1.0538959444444445
2025-02-04,30705799.465277776,24553071.346106164,3.5206661670833332,1.9050590173611113,3.012602044027778,1.0653914062499998
2025-02-05,31345327.673611112,24479023.879580136,3.5865448581597223,1.9595679791666667,3.0502755861458333,1.0859953368055555
2025-02-06,32035318.826388888,23930170.26405462,3.573621541493056,1.8718329618055556,3.112789423194444,1.0903165069444443
2025-02-07,31711754.611111112,23395867.7841708,3.642273293715278,1.8632992118055556,3.111747736701389,1.1566579513888888
2025-02-08,33143264.621527776,23863430.87915708,3.6864948251041665,1.9688426979166667,3.118612680798611,1.0964440243055555
2025-02-09,32339842.142361112,24409524.339594338,3.3284562802430555,1.773839201388889,2.8045182915277778,1.1649309201388889
2025-02-10,32225876.260416668,25098226.927181825,3.529609489027778,2.035229076388889,3.0200841178125,1.1246872916666666
2025-02-11,31712965.215277776,24905129.91425332,3.7749040586111113,1.864207847222222,3.2484977649652778,1.1377148541666666
2025-02-12,31604145.940972224,24040209.48773545,3.7242221306944447,1.892013111111111,3.217010552534722,1.1192905694444444
2025-02-13,32443935.246527776,25468286.98833411,3.7791533989583335,2.198502826388889,3.138548911770833,1.2344106145833333
2025-02-14,32045889.902777776,25621133.62492338,3.1873537202430553,2.0212817604166666,2.8145995046180556,1.1420182708333333
2025-02-15,33349054.493055556,26089596.834961515,3.654977059236111,2.16863059375,3.173388122222222,1.2094744791666665
2025-02-16,33393914.5625,26063754.76123673,3.3378618807291667,1.8082784895833335,2.9580449095833337,1.0921366493055555
2025-02-17,32591839.822916668,25342052.98539623,3.4824784319791666,1.88258771875,3.1624913705902777,1.0852935868055555
2025-02-18,32715733.829861112,24136064.53022088,3.1245549703125,1.5950656041666667,2.930803161111111,1.122631861111111
2025-02-19,33527938.010416668,24463392.98322463,2.9716047036458333,1.9191497152777777,2.814278238368056,1.069966048611111
2025-02-20,34092661.222222224,25535832.28004759,3.066635972708333,1.9018198680555554,2.908056193715278,1.1712963125
2025-02-21,33426073.913194444,26006164.38295569,3.9634377112152777,2.34403496875,3.2941069838888892,1.0789458020833333
2025-02-22,31864530.15625,25079786.345661942,2.998229254131944,2.078092784722222,2.6631524553819443,1.2039323125
2025-02-23,32453844.003472224,24836250.95980396,3.9638429586805555,2.329706204861111,3.4399677273958336,1.0765129236111113
2025-02-24,32030377.215277776,23466404.91581266,3.3426748225347223,1.9534961770833332,3.023506349131944,1.0443319652777778
2025-02-25,32491241.086805556,21176697.379009996,3.323808987673611,1.8647255520833335,3.207976415798611,1.0203809756944446
2025-02-26,35772964.822916664,23526174.456813257,2.9453708390625,1.6311446006944446,2.87610557,1.096975263888889
2025-02-27,36948227.635416664,24281067.86326037,3.271812865451389,1.9140237951388888,3.009279093645833,1.1703034444444445
2025-02-28,35168224.42361111,22204894.838488914,3.1314740102777776,1.7430061666666665,2.8684649396527777,1.0484785694444445
2025-03-01,35803635.34375,22869671.02799746,3.1745980210416667,2.142879579861111,2.9289306384375,1.221343798611111
2025-03-02,34804616.09375,23338106.87828466,2.958874413958333,2.0653714895833333,2.704001177604167,1.0160714791666665
2025-03-03,34762449.635416664,24032550.08196979,3.97793651875,2.1434276006944444,3.1826699661111113,1.1243285555555556
2025-03-04,33637119.10763889,19763270.458256856,3.5479189110416667,1.7810290868055556,3.190228992916667,1.0397696597222224
2025-03-05,33606913.90625,20110478.722755555,3.013862027361111,1.7923499201388888,2.9242258664930554,1.1815558854166666
2025-03-06,32165155.586805556,20436523.232431136,2.8219222859027777,1.6313680416666667,2.599285181597222,1.0578803854166667
2025-03-07,35654561.53819445,21616756.418161497,3.6301311620833334,1.9861088923611112,3.153256590138889,1.0802579166666666
2025-03-08,34849030.16319445,20621788.491919544,2.7964812646180555,1.593643763888889,2.601287214826389,1.112114920138889
2025-03-09,36730595.96180555,20165714.247805938,3.180892750069445,1.677395684027778,2.930820725416667,1.0714416597222223
2025-03-10,38782100.996527776,20228435.60938871,2.7202598963541664,1.3093314166666667,2.5510410441319444,1.051447173611111
2025-03-11,40497868.90625,18878266.218776304,2.550452178159722,1.799953652777778,2.3225943994097222,1.0331955451388888
2025-03-12,37535824.10069445,18350937.203680754,2.519503244652778,1.4197585069444445,2.2013743739930556,1.0896505138888888
2025-03-13,38280175.78125,18846833.361582417,2.7253031460416666,1.5646130520833335,2.342248809097222,1.0820856388888889
2025-03-14,37794938.69444445,19253080.476291258,2.5224805580555554,1.4575128784722222,2.225730635034722,1.1194438854166666
2025-03-15,39032705.70138889,20321533.574579574,2.9075149007291667,1.4534974583333333,2.458569581145833,1.1360794583333333
2025-03-16,38126972.434027776,19770487.195540033,3.052914999201389,1.545057767361111,2.4770453092708333,1.0999916840277777
2025-03-17,34869299.98611111,18103407.884642657,2.701798953020833,1.5399572708333333,2.2591669272222226,1.0255465486111113
2025-03-18,33245606.670138888,16805808.784419626,2.739046851215278,1.6895224409722223,2.2812725029166665,1.158307503472222
2025-03-19,31828915.871527776,16866600.910009824,2.5955441446874996,1.6396094930555556,2.2083143950694444,1.1468140729166665
2025-03-20,31725433.222222224,16877746.513771765,2.922512174097222,1.7810319409722222,2.276152378298611,1.0896279305555554
2025-03-21,32705750.579861112,16787018.345488176,2.979109559826389,1.7811950590277779,2.524507719930556,1.1034806527777778
2025-03-22,31785906.621527776,16313704.913353834,2.2857576169444447,1.6708696944444443,2.0353916980208333,1.1616625
2025-03-23,32217444.010416668,16541902.648435976,2.6302379607986115,1.598751892361111,2.2746011727430555,1.1808293715277778
2025-03-24,32679872.902777776,17712516.356647685,2.724209651458333,1.4591058229166667,2.276507257604167,1.185368527777778
2025-03-25,33773350.246527776,18885188.063146524,2.6196391307986113,1.3014878020833334,2.1197655460416667,1.1534715625
2025-03-26,35068227.26736111,19703183.57868378,3.330580408888889,1.2575176909722223,2.6254706646527777,1.2008520833333334
2025-03-27,34408544.621527776,18979806.658470985,3.2187685643055555,1.2828511215277778,2.586708757048611,1.2466050034722223
2025-03-28,35362325.166666664,18295810.709624663,2.90766593375,1.2320138993055556,2.5071509468055555,1.1097667673611111
2025-03-29,35690457.527777776,17296618.45317747,2.92902198375,1.235623232638889,2.655315698923611,1.1297243333333333
2025-03-30,34929676.53125,16543681.44453067,2.5019693218055554,1.1797669930555557,2.4684557212847222,1.1338061631944445
2025-03-31,35105677.55555555,16120607.585432403,2.9086505858333336,1.4269359166666666,2.709226057361111,1.08059171875
2025-04-01,34729333.565972224,16445721.95401691,2.616632121875,1.4876179756944445,2.475514397361111,1.1428053680555557
2025-04-02,36403404.80555555,16529803.307457294,3.0259683848263887,1.6465275069444445,2.8038359193055555,1.08568509375
2025-04-03,38216951.25,16525651.04207884,2.878665815798611,1.5892994930555555,2.6639544759375,1.0615944513888889
2025-04-04,37411038.385416664,16345636.727413177,3.04930090375,1.5737932708333333,2.7769328533333333,1.0620521458333334
2025-04-05,39224035.159722224,17117771.00050982,2.9780068904166668,1.5815788784722222,2.6985636660416663,1.1990422743055555
2025-04-06,40360073.29513889,16562324.89065318,3.319077403576389,1.6540810208333334,2.9384760418402776,1.1711652465277778
2025-04-07,40265214.94444445,15242748.686063906,3.0411638036458335,1.56366046875,2.7901684313541666,1.0279527256944445
2025-04-08,39111622.01736111,15263172.169747114,3.042600150173611,1.5771755069444444,2.712262836458333,1.0255771666666667
2025-04-09,38201387.315972224,15306155.702397691,2.9440846722222225,1.4527423229166667,2.7005823010416665,1.0763163715277777
2025-04-10,38759201.98263889,16425885.450786263,3.116833007465278,1.6835320555555555,2.71478980875,1.0983128645833333
2025-04-11,37973377.052083336,16603344.95047579,2.652863636666667,1.5858399375,2.4033724504513887,1.09679903125
2025-04-12,37577601.746527776,17551305.878122304,2.532086042361111,1.5186897256944443,2.3192963803124997,1.125361048611111
2025-04-13,38918472.58680555,19464772.47104068,2.6251955501736113,1.3779345590277776,2.299458522916667,1.088925753472222
2025-04-14,40130991.152777776,19870748.583316658,2.6358854620833334,1.2682899618055556,2.4845048000694443,1.1100473888888889
2025-04-15,39550210.059027776,18684549.2502428,2.754857258657244,1.1750789540636042,2.6881296331802123,1.2236413125
2025-04-16,37304583.697916664,17129151.451080382,2.4814761826388887,1.2953762638888888,2.4571590696875,1.102624982638889
2025-04-17,34653898.253472224,16489885.675471978,2.4371040535763893,1.385746736111111,2.3319176121875,1.174100753472222
2025-04-18,37293969.277777776,18898591.025274724,2.328792174930556,1.292653996527778,1.9828708683680556,1.1471060347222222
2025-04-19,38289839.79861111,20517284.0706861,2.187241326701389,1.3046711805555555,1.8557929414583336,1.0520931840277779
2025-04-20,40211427.614583336,23606188.074649084,2.141495523784722,1.2789347638888888,1.8305072908680557,1.1379720208333335
2025-04-21,41549027.30555555,25515344.011726633,2.293172199375,1.31513834375,2.0362065691666666,1.0546493819444445
2025-04-22,39813344.21875,23998765.16443686,2.5462893835763887,1.544523222222222,2.2509303500347224,1.1255883680555554
2025-04-23,38304069.38194445,24086959.064543232,2.4931144120833335,1.6807478159722222,2.1694353993055557,1.1531660416666667
2025-04-24,39064234.090277776,25580145.390661824,2.4491755997569444,1.6338625381944445,2.0581523143055556,1.1023066770833332
2025-04-25,39336898.22569445,27502481.710823298,2.749734139270833,1.66219240625,2.3354432285069446,1.088276173611111
2025-04-26,39500528.44444445,30454509.03462606,2.6405821743055555,1.6987289027777779,2.340967354652778,1.0956621874999999
2025-04-27,40663372.34375,30821790.57751315,2.7316818868402777,1.7130770277777776,2.453881764652778,1.0931029236111112
2025-04-28,43054277.11805555,30876297.234791007,2.9083573999652774,1.7411029444444446,2.641931093576389,1.201323513888889
2025-04-29,42805798.25694445,30685832.439663783,2.4741982025,1.8353016458333333,2.334519465625,1.1014034375
2025-04-30,41257661.902777776,29625248.180086754,2.864889620277778,1.9821827118055555,2.5276176558333336,1.1356828090277777
2025-05-01,40648655.934027776,30669595.561856244,3.183823848298611,2.0177301076388887,2.8165841662152777,1.2330209618055554
2025-05-02,41812346.08680555,30028396.390766688,3.0130731652430556,1.9541535972222224,2.724047170763889,1.13493640625
2025-05-03,41597188.55555555,28936480.08850856,2.384202216597222,1.9447794166666665,2.2397215748263886,1.1208132326388889
2025-05-04,40862657.708333336,27613991.46849137,2.3314626397222225,1.83068821875,2.163201924895833,1.0731951145833334
2025-05-05,40043072.458333336,26410450.728634328,2.6357042653819445,1.7556847916666667,2.345078087951389,1.1915015590277778
2025-05-06,39939084.89930555,26231835.326188087,2.651970844548611,1.8007885486111113,2.2893059478124997,1.0609930625000001
2025-05-07,39141328.64930555,26759550.984429624,2.896893952152778,1.7564837777777778,2.4934957449305557,1.1661248680555554
2025-05-08,36869971.53819445,27117783.609836295,2.634613079826389,1.7017264201388889,2.378651538159722,1.117996888888889
2025-05-09,36228790.50694445,29729464.24495807,2.9572979952430556,1.8962884722222222,2.449852404652778,1.0542488298611112
2025-05-10,35970785.20486111,30851879.278725266,2.870082709826389,1.9815849236111112,2.4060059269097223,1.136755888888889
2025-05-11,36065239.208333336,31119572.016143635,3.5711746335763888,2.327271329861111,2.7747131375,1.115481579861111
2025-05-12,36061822.11805555,31005395.80204084,3.236873527638889,2.5699772395833334,2.6290835438888887,1.0967015277777776
2025-05-13,36715245.583333336,30700767.81927183,2.6323341951041663,2.4935658229166666,2.255735701770833,1.037121579861111
2025-05-14,39315773.76736111,33466863.835730705,3.4247935922916666,2.8435235138888886,2.7821804954166667,1.09932496875
2025-05-15,39539462.090277776,31316162.2991974,3.0357706385416665,2.7544026145833334,2.540029167256945,1.05588965625
2025-05-16,37164495.840277776,29204542.974374086,2.582455990416667,2.388932170138889,2.267100133125,1.0371560381944445
2025-05-17,36375386.590277776,27296436.819342367,2.8813101369791667,2.33754053125,2.415475914652778,1.077095704861111
2025-05-18,36314662.29861111,27607328.925163385,2.5918205355208332,2.217229954861111,2.261407239236111,1.0974600868055555
2025-05-19,35607139.604166664,25999251.740474608,2.8687441293402776,2.1359923125,2.3633960614583334,1.1084845034722222
2025-05-20,36666191.715277776,26902153.176913887,2.348668254201389,2.3021173784722224,1.9929049932986114,1.0795128993055556
2025-05-21,36342542.89930555,28458403.321618263,2.3533066035069443,2.0134535520833334,1.9907457263194444,1.077695826388889
2025-05-22,35708833.42013889,30260206.036429796,2.455603371354167,1.9514953819444445,2.064286619548611,1.0769986840277777
2025-05-23,42271637.91319445,38484072.718454964,2.8471720833680556,2.1545610972222224,2.3350754752430554,0.9902954479166666
2025-05-24,43026702.43055555,36923305.66081725,3.078096600763889,2.3639321666666664,2.655389504548611,1.0636670625
2025-05-25,42456982.239583336,35055506.49715298,2.8744764673263887,2.215622326388889,2.578703402881944,1.1102475590277778
2025-05-26,42604104.48611111,38007443.2289386,3.1016995260069447,2.051860024305556,2.669847337222222,1.0969306423611112
2025-05-27,42809860.24305555,38327645.545251735,2.915856365416667,2.193380767361111,2.6207803685069444,1.1151672395833332
2025-05-28,42298382.33680555,37482957.53676536,2.8335805927083335,2.2947215347222225,2.548823710972222,1.1679016770833333
2025-05-29,42447478.916666664,37703479.22634606,2.8940325827430557,2.502284628472222,2.6259148502430554,1.1230169236111112
2025-05-30,44128829.878472224,35698204.51693091,2.7462609955208332,2.4047844548611113,2.604027097847222,1.0379317465277778
2025-05-31,41671895.145833336,30819402.820352886,2.2109432202083337,2.0975105520833335,2.3514713848263886,1.0582582222222223
2025-06-01,40577708.18055555,30293742.2086528,1.8749870935069444,1.9327724270833333,2.062322220972222,1.2219713680555555
2025-06-02,42495504.253472224,31833670.588687845,1.8065439619444443,1.7747030868055556,1.9875302630555554,1.1542306180555555
2025-06-03,43299204.833333336,34976973.583157465,2.1307422158680556,1.6886203993055555,2.0429631241319446,1.1434406840277778
2025-06-04,44129671.895833336,35990158.10467237,2.241178299131944,1.6319867222222222,2.185257293715278,1.1822042569444444
2025-06-05,44066418.354166664,34081946.14533904,2.2329158044791666,1.7660352569444444,2.3053737886458334,1.076193125
2025-06-06,42644104.270833336,31181864.687105563,1.624272843298611,1.6342468368055556,1.8166798515625,1.1943469791666665
2025-06-07,44258487.614583336,33585003.74133059,1.5497451355902776,1.6319169826388888,1.69908621125,1.1956788680555557
2025-06-08,43567181.14930555,33026408.706524655,2.04573666625,1.5879367291666666,2.0096683469444443,1.2318343159722223
2025-06-09,46702949.052083336,35815482.09645018,1.832643923576389,1.3695206319444444,1.784377275972222,1.3512613645833333
2025-06-10,48355743.03819445,38684473.01589748,1.9324166674305556,1.2871325868055556,1.8741532842361108,1.08056878125
2025-06-11,47780063.51736111,38274482.38281814,2.018240133576389,1.2952519791666668,1.9001234638194444,1.1356428194444446
2025-06-12,45256103.871527776,33629245.71111372,1.835563081215278,1.2334444618055556,1.8029271817708334,1.0699900416666666
2025-06-13,49467841.90625,32789982.445176806,1.6252278111805554,1.1328031493055555,1.6812548451041667,1.0531056319444445
2025-06-14,48639262.447916664,32463237.14921046,1.5211212453819445,1.126771642361111,1.6051504992013887,1.062287548611111
2025-06-15,44286912.989583336,30133648.497969277,1.4429507361805554,1.2247023333333333,1.5732605842361111,1.10566953125
2025-06-16,43156860.00694445,31132130.550971467,1.640236032951389,1.2007497847222224,1.7063927146875,1.1034468402777777
2025-06-17,44662250.32638889,29994239.374173436,1.8132460968750002,1.3295592569444445,1.7753366877430556,1.0864848055555556
2025-06-18,44320631.71180555,29082236.43542069,1.5709660455555554,1.2552717083333333,1.6428034089236112,1.0989944027777776
2025-06-19,43937122.253472224,29842201.02430903,1.3555408819444446,1.2138075972222222,1.4471734571875001,1.1173826979166668
2025-06-20,44236898.854166664,29700286.69869318,1.5991735726041667,1.1961276493055555,1.7046864053472222,1.127481236111111
2025-06-21,46041409.68055555,29457018.457990434,1.502730715138889,1.1730331423611111,1.6740560614930555,1.1098067951388888
2025-06-22,46400444.79513889,27286923.230589304,1.3953833558680555,1.238845625,1.5025601805902777,0.9647631874999999
2025-06-23,44488916.427083336,26974875.157401055,1.277253466875,1.2349172569444444,1.3997642028819444,1.2052010034722223
2025-06-24,44916315.197916664,30589219.498979945,1.938496709548611,1.4008497881944446,1.848087722013889,1.1739817847222223
2025-06-25,43859304.520833336,29296269.023364227,2.3818108918750003,1.3068702638888887,2.221448828715278,1.1177786631944444
2025-06-26,43930334.902777776,28892945.87805012,1.9325994043749999,1.2050197638888889,1.9833453083680557,1.0891795520833334
2025-06-27,47904945.49305555,31949178.54164155,1.6094732315625,1.2761612534722222,1.7813026448958336,1.071052111111111
2025-06-28,46314754.05555555,31100102.995807502,2.270862860347222,1.3166336944444443,2.2623921619097223,1.2440916180555555
2025-06-29,46522839.784722224,31975825.568121646,2.284982186111111,1.3749168506944445,2.1884784808680555,1.249216295138889
2025-06-30,47442080.354166664,32575111.93772815,2.1045734678125,1.3809993090277777,2.0303984805555557,1.0831587152777777
2025-07-01,48718519.69444445,32449263.67273362,1.548784584375,1.239909486111111,1.6458117805902779,1.1125165902777778
2025-07-02,47022967.277777776,32618192.050218806,1.5179508658680556,1.1111491631944446,1.6496264748958334,1.1287035104166667
2025-07-03,47305120.934027776,34284455.87403694,2.0841588256944443,1.283389517361111,1.9734424421180554,1.1692810694444444
2025-07-04,51050277.00694445,35297891.948917106,2.5858454526041665,1.4050414791666668,2.348059125451389,0.9318246423611112
2025-07-05,56294823.72569445,37541949.91074245,1.5081828984027779,1.3539730069444444,1.6428361352777778,0.9967857326388889
2025-07-06,57103338.027777776,37918974.31967974,1.3526030221875,1.4786334097222222,1.434678370486111,1.1717915243055554
2025-07-07,55077243.583333336,36988625.12346731,1.5566715836111111,1.4248064861111112,1.6148900055902777,1.2385408090277776
2025-07-08,52566512.11805555,35284516.06382045,1.5414908562847223,1.2906108576388888,1.6198640127083332,1.2430797118055557
2025-07-09,50776953.666666664,34552871.46477242,1.6806473734027778,1.2993274930555556,1.6791033789930556,1.1652814756944445
2025-07-10,51705847.378472224,36607158.614022516,2.104994787881944,1.4140655277777778,1.9582887054166664,1.2061848784722222
2025-07-11,56202942.315972224,41768129.03984067,2.6620466578125,1.4354580243055555,2.439225086909722,1.203980642361111
2025-07-12,59112485.215277776,41251613.41300082,2.6475522301041665,1.26822403125,2.4175363381944446,1.023555611111111
2025-07-13,56182680.197916664,40132841.040306926,1.8036417964583333,1.28726934375,1.8159577379166667,1.0585096493055555
2025-07-14,57946504.364583336,42381728.78844817,2.214762155208333,1.3905319131944445,2.073847643472222,1.075697013888889
2025-07-15,58680356.520833336,41373434.58574743,2.2121165956597224,1.334039777777778,2.032806443298611,1.0713960277777776
2025-07-16,66183035.96180555,50449155.483557254,2.2223886053125,1.5225008298611111,2.0924735668055554,1.1095186666666668
2025-07-17,68429916.10069445,52576726.39394186,3.035696328958333,1.4491343229166667,2.780402594861111,1.1360183680555556
2025-07-18,70049237.50694445,55311552.90366606,3.696744795277778,1.5378949826388888,3.3408437328125,1.0886556631944444
2025-07-19,66263629.822916664,50618336.93087891,3.501139817847222,1.5130545624999998,3.0758713752430555,1.1104448159722222
2025-07-20,66665098.73611111,53212408.81432841,3.367322002326389,1.5695773541666667,2.9603594608333332,1.1081134548611111
2025-07-21,67037714.06944445,55448015.57703291,4.3529647346181815,1.6188801927272727,3.6871382570545457,1.1154840868055556
2025-07-22,66543384.416666664,53785418.45993629,4.786084656434109,1.6508231597222223,4.109200820972222,0.96836040625
2025-07-23,65890619.21180555,50798987.42547656,4.305067218402778,1.6584201909722223,3.7083198660416667,1.0069144965277779
2025-07-24,59077031.64930555,43887680.1971346,3.0821706860416667,1.4930798680555555,2.9329343610416667,1.0088879236111112
2025-07-25,59115486.239583336,42820830.88241604,3.218159929236111,1.5782049444444446,3.0817355797222223,0.9914537430555556
2025-07-26,59267727.28819445,43567482.8704449,2.937655346944444,1.6766033125000002,2.769922622361111,1.1742800590277778
2025-07-27,59620858.53125,43993918.95074291,2.408947934270833,1.7287834444444445,2.395880020138889,1.1748099340277778
2025-07-28,60710496.44444445,45385873.75836314,2.8239206741319447,1.695482513888889,2.650200580104167,1.0807970729166667
2025-07-29,63594526.065972224,45341242.68869858,2.6535542902430556,1.4653923645833333,2.6119952273263887,1.083397625
2025-07-30,62289962.74305555,43125716.42918472,2.6260728260416664,1.495538902777778,2.5688136818055556,1.091779923611111
2025-07-31,60487783.958333336,41758264.80745687,2.3384576136458333,1.4657641666666668,2.272050656076389,1.1556921805555556
2025-08-01,57450721.989583336,37558517.04701945,1.9265440020833333,1.560689767361111,2.0240122419444444,0.9131994166666667
2025-08-02,53538797.10763889,33556172.58723334,1.7915486730208334,1.9013989722222222,1.8656157847569443,0.9071284236111112
2025-08-03,52565004.76388889,33024612.279022276,1.6926821482291665,2.0242098993055553,1.8020721789236112,1.1137370520833334
2025-08-04,52219290.996527776,33998630.809207544,1.7045308290624999,2.0839110173611113,1.8229597607986112,1.0726996631944443
2025-08-05,51102748.409722224,33265759.982862838,1.8969835219791666,2.315170701388889,1.884639796840278,1.0662385902777778
2025-08-06,50075803.04861111,32251910.068347495,1.8542449722222223,2.4345160208333336,1.8581864465625,1.0723455173611112
2025-08-07,51672753.659722224,34586086.121085525,1.9250029472569443,2.393358166666667,1.8926332104861112,1.2999329652777778
2025-08-08,51872710.875,35956654.80791382,2.1394332217361107,2.5561604270833334,1.9970701060069445,1.293194513888889
2025-08-09,54761597.92013889,39057446.266940564,2.0641931564583333,2.083394302083333,1.966094588159722,1.3937454409722223
2025-08-10,54044332.677083336,38576417.027835906,2.4778361798958333,1.9417089340277778,2.2096734102083335,1.1401778958333333
2025-08-11,52117393.23611111,37180904.27251075,2.9017681435416667,1.8656876319444444,2.5462739769791667,1.0348813784722222
2025-08-12,50744321.871527776,35765524.26745967,2.2987958621527778,1.669804388888889,2.1825663264236113,1.0726510833333334
2025-08-13,56153679.05555555,41381540.478222385,3.4279273866666666,1.6603074826388888,2.9438515337152777,1.087983857638889
2025-08-14,56224318.822916664,40887821.34100521,3.7719271702777775,1.5174129618055554,3.195704335486111,1.0124704027777778
2025-08-15,53637969.98263889,37681263.10909627,3.3463069234375,1.4556880520833333,3.0641853964930554,1.045261201388889
2025-08-16,53003794.35763889,37239015.92506281,3.0456474067708332,1.5004268298611112,2.8783079911458334,1.1749363506944444
2025-08-17,53165855.364583336,37863758.70496133,2.657009888159722,1.5366708819444446,2.673776688784722,1.142631065972222
2025-08-18,52530321.503472224,35841854.15583406,2.335957954340278,1.6000200729166667,2.2691778773958333,1.08235203125
2025-08-19,51084113.24305555,34371463.246269725,2.671678738541667,1.7582750243055556,2.4744261729861114,1.0470025902777778
2025-08-20,50355677.777777776,33912370.21268719,2.705594279652778,1.7753533020833334,2.551596495868056,1.1537853472222224
2025-08-21,50939702.55555555,34175280.47927465,2.479618285798611,1.9135366875,2.255029352083333,1.1554735208333333
2025-08-22,52865235.260416664,35840367.82206082,1.9290621669444445,1.9863572743055553,1.8891521115277778,1.105089375
2025-08-23,57185301.18055555,39260552.49217086,2.1581325629166668,2.2277401041666667,1.9418780003125002,1.2010808715277779
2025-08-24,55067853.6875,37467882.589962274,2.0904258675,2.4087178680555557,1.9129233484722223,1.017462673611111
2025-08-25,54335478.11805555,35426698.38750687,1.9385600360763888,2.21150453125,1.798000555,0.9784235520833333
2025-08-26,52955885.8125,33612328.58869639,1.7697034023958333,1.9202156423611112,1.7183311460416666,1.203201079861111
2025-08-27,52956449.17013889,34031041.44871116,1.8577175631944445,1.9930873854166669,1.7506965985069445,0.9419478506944444
2025-08-28,53508822.23263889,34553776.38756141,1.859325672013889,2.080625875,1.767755490486111,1.2504116423611111
2025-08-29,54060359.58245614,33824652.90597223,1.8878135574035089,2.0657015929824563,1.7764574589824562,1.0790160210526316
2025-08-30,54304656.135416664,33746479.18515403,1.8250385094444443,1.9862934652777777,1.7841318326388889,1.1802074652777776
2025-08-31,53503818.75,33465816.43526456,1.8613905738194445,2.08002734375,1.7866892119444442,1.278909732638889
2025-09-01,53375076.90625,32069665.812666748,1.8661604380208334,1.952778392361111,1.8050455833333332,1.125579736111111
2025-09-02,51937549.6875,31275861.21624281,1.8993801516666666,2.0264000381944443,1.8102180771527776,1.2364953611111111
2025-09-03,50880644.24305555,31557570.17600341,1.9796362633680558,2.1643511875,1.8481076149652778,1.221591402777778
2025-09-04,52832962.39930555,31851368.437555816,2.158280166701389,2.3429241701388888,1.9672876027430557,0.87469071875
2025-09-05,54435096.777777776,33037006.93221763,1.7428948529166666,2.313609559027778,1.7350509458333334,1.211689434027778
2025-09-06,54607265.90625,33013477.283123255,1.934737299201389,2.3871877777777777,1.8303791422916664,1.175883625
2025-09-07,55822297.104166664,34714174.855186805,1.8909009390625,2.2389361180555554,1.841532755451389,1.421714232638889
2025-09-08,56663908.39236111,36532196.76699383,2.423730069513889,2.3961784687499996,2.257633702534722,1.1291271909722222
2025-09-09,60350953.76736111,39580596.94300017,3.190489217013889,2.7903247013888888,2.8914663461111108,1.0702645972222222
2025-09-10,61922286.83680555,40264792.551505,2.953727355972222,2.70812696875,2.7002512668055556,1.1838654583333335
2025-09-11,61034653.291666664,40393437.38601717,2.9340623641319445,2.5886993055555556,2.6142115893402775,1.2135380555555555
2025-09-12,60334474.0625,40537647.906403854,3.2748094200347224,2.5117709548611113,2.717510731076389,1.1636267430555556
2025-09-13,61263504.32986111,42005322.096936986,3.27807994375,2.404488628472222,2.694009136597222,1.261246625
2025-09-14,60297310.22569445,40295521.97061222,3.1683047671527778,2.2718812638888886,2.6649493458680555,1.081298892361111
2025-09-15,60282845.5,38903867.63015603,2.6011674727777776,2.1455712569444447,2.306547293854167,0.9555186006944444
2025-09-16,61570599.3125,39533291.703885354,2.405125602673611,2.1451936944444445,2.1880187861458333,1.0003976805555554
2025-09-17,62931336.472222224,40346334.860455416,2.486670137534722,2.3118367256944445,2.239272623402778,1.1292799479166666
2025-09-18,63030663.364583336,42311195.77411699,3.0487110527777777,2.554056357638889,2.512557583888889,1.2109585555555555
2025-09-19,66799780.034722224,44082873.19274828,3.479794471770833,2.684062045138889,2.845526870173611,1.0788614409722221
2025-09-20,66508950.78819445,42895503.07216145,2.8514383922222226,2.475455888888889,2.476267836979167,1.179736125
2025-09-21,66108541.78125,42353667.30437838,2.4378577052430557,2.4564247638888888,2.197112025138889,1.3069220069444443
2025-09-22,64816065.125,38618057.58601631,2.2847952307986112,2.24439675,2.0286521658333334,0.9802912291666667
2025-09-23,69651331.89583333,41392452.96458305,2.2557877307986107,2.0717927916666667,2.0573763324652776,0.9554753402777778
2025-09-24,70185226.34722222,41661973.57325703,2.2387706546875,2.2584140833333333,2.0395174870486112,1.1781348055555556
2025-09-25,73696988.375,42427794.284781486,2.329275701076389,2.253256027777778,2.0958155909722223,1.1072536701388889
2025-09-26,76379702.1111111,43488384.08012332,2.2541440353819446,2.1462785798611113,2.109788021909722,1.197208607638889
2025-09-27,73900117.10069445,42585734.91916412,2.5657413507638887,2.303018420138889,2.3059532764930553,1.1642317881944446
2025-09-28,74199776.01041667,42210105.259145364,2.6883663904861113,2.2674161875,2.4457755302777775,1.3087108229166668
2025-09-29,73630579.78472222,42184179.40339192,2.883150399548611,2.214531881944444,2.5128911003472223,1.1689734305555557
2025-09-30,74494492.38194445,41640659.692074135,2.7273633247916664,2.2966602326388887,2.3219817842013892,1.056937079861111
2025-10-01,68866337.49305555,38791432.28590602,2.376500302534722,2.4686830381944445,2.070269340729167,1.2035866805555555
2025-10-02,70022695.11458333,41755783.22748824,2.9904666647222222,2.4439045000000004,2.4690842648611113,1.3353170069444444
2025-10-03,69442155.84375,41471422.793968506,3.4007809463194447,2.553218628472222,2.771992674409722,1.1616462847222222
2025-10-04,68979940.11458333,40400306.53824803,3.2595022497222224,2.4622751597222226,2.630348366527778,1.0991450868055557
2025-10-05,69896341.38194445,41613503.46589407,3.2296919544444447,2.6304173576388887,2.6895988524652776,1.1135533854166666
2025-10-06,72571574.6111111,42371710.728771105,2.8828392374305554,2.4686846840277776,2.520659725,1.089651013888889
2025-10-07,74760606.50694445,42668003.48794188,2.9725533797222226,2.4312535972222222,2.5319694692361114,1.0801247152777778
2025-10-08,75177550.60069445,41721646.2741352,2.852172165555556,2.4597773368055558,2.441252092673611,1.0254290902777778
2025-10-09,82374935.13541667,42959739.43536982,2.747384136909722,2.3382003506944447,2.3463814329861115,1.1423092222222222
2025-10-10,90976794.78125,42565277.4265781,2.50505896625,1.9943520833333332,2.262112419791667,1.0616218402777777
2025-10-11,60077118.020833336,23497394.420424476,1.3527228913541667,1.9438376666666666,1.2155886764236112,1.0198931111111111
2025-10-12,60912424.128472224,23003780.654099762,1.5125832285069445,1.715767722222222,1.3681177597222223,1.0533584270833334
2025-10-13,64089957.28125,23986330.59778145,1.6730143737152778,1.3425618611111112,1.5532075265972223,1.0202709201388889
2025-10-14,78433402.69791667,26290533.936404627,1.8350998938194445,1.420402423611111,1.7028925258680556,1.0142776909722222
2025-10-15,93938057.32291667,28859447.246628776,1.8271419082986111,1.2784874895833334,1.8463077614930556,1.1392552118055557
2025-10-16,98524203.77777778,28265802.046068504,1.999102659409722,1.669444767361111,1.956717968298611,1.1701830034722223
2025-10-17,103363282.3888889,27868516.113436017,1.9224899154166666,2.028105604166667,1.8315959293402777,1.0473408680555556
2025-10-18,103896054.60416667,27200747.04158837,1.970103256701389,2.2285248993055555,1.8545650321180556,1.0731109930555556
2025-10-19,106689160.28819445,29121409.16604648,1.9070278166319445,2.2629985868055558,1.8155435230555557,1.0263957847222223
2025-10-20,101215490.22569445,28762085.33427461,1.8564670618402777,2.070110642361111,1.746032227951389,1.1289793854166668
2025-10-21,111575667.10416667,29083312.483788878,1.839824092951389,2.362614284722222,1.7050598662152778,1.0518492222222222
2025-10-22,120856137.46527778,29149725.893124282,1.7458383485069444,2.6037536006944446,1.6352670555208333,1.1007979895833335
2025-10-23,117413701.72916667,28662812.48435483,1.7758423610416667,2.5305113958333334,1.6475538819791666,1.1721646666666665
2025-10-24,110276094.3576389,28887635.686251685,1.735131895138889,2.45672446875,1.6040238511111111,1.038491027777778
2025-10-25,108900977.28472222,28291748.706516113,1.7824207636111113,2.739722892361111,1.5987161113888888,1.162174465277778
2025-10-26,109178419.55208333,29291791.96396274,1.7162661805555555,2.6209359895833333,1.561366613402778,1.1013594444444446
2025-10-27,105543343.29166667,28698798.724793926,1.7405132407291668,2.5639400972222224,1.5262658396180555,1.0933305590277778
2025-10-28,105445152.0763889,27891141.899044737,1.7241736465277777,2.5529678194444445,1.5533889142361113,1.15079259375
2025-10-29,97808925.94097222,25546330.999317612,1.7649923807291668,2.759292847222222,1.5942697871875,1.0356825833333334
2025-10-30,94652760.5625,23600659.3166645,1.8680976580555557,2.924512888888889,1.6554293774652777,1.2217168229166666
2025-10-31,95086128.7326389,22726755.83025649,1.7553942718055557,2.1128856458333334,1.6547983311458332,1.2515468680555555
2025-11-01,97804576.45833333,24112862.297140904,1.619234838298611,2.1464112638888886,1.5120614755555557,1.2217838090277777
2025-11-02,99912481.55555555,25356688.305340566,2.0258900620138887,2.5178467256944446,1.7916917918055555,1.0422381319444445
2025-11-03,99839117.80902778,22333507.409540705,1.6098120416319446,2.377588875,1.4778442796527778,1.1078684166666666
2025-11-04,100809120.83680555,20963779.792098,1.442709046701389,2.0002997395833333,1.3616047368055557,1.1236189305555557
2025-11-05,97777177.72222222,21066362.207899045,1.709307776701389,1.9746380208333332,1.5697882838541668,1.1235250208333332
2025-11-06,94833534.7326389,20799171.80804716,1.932246822847222,2.184594013888889,1.7266918845833332,1.1579827673611112
2025-11-07,95462748.02430555,28216205.398927122,2.2042500978472224,1.9813477083333335,2.034871313298611,1.13345825
2025-11-08,87956891.47916667,31437000.09894876,2.1721929972569445,2.319090517361111,1.9555120919444444,1.1487235520833332
2025-11-09,80563628.19097222,25723222.906718995,2.397610274340278,2.569995642361111,2.2111819971875,1.1008744444444443
2025-11-10,71733775.60416667,24658194.466008343,2.299139273298611,2.3936648958333335,2.0229428480208336,1.1022600138888887
2025-11-11,69482505.88194445,24774953.872722715,2.197791224236111,2.5352635555555554,1.8871535865625002,1.069638625
2025-11-12,71356750.43055555,23562490.998196416,2.1098701170833336,2.880041947916667,1.8894347046527775,1.0751314340277778
2025-11-13,73059765.4236111,22227879.089543056,2.126579552152778,3.1232416875,2.0672164413194443,1.0417586631944444
2025-11-14,74701266.97916667,20954233.36666945,2.3302682736458333,3.5607673402777777,2.1780617597569445,1.091708392361111
2025-11-15,71986285.88541667,20696708.444541205,2.1385024149305556,3.1009822604166666,2.061851036284722,1.185279951388889
2025-11-16,68439192.72222222,19161844.55521413,2.183414130486111,3.0465189270833335,2.0748110804513886,1.11379971875
2025-11-17,69964700.4861111,19274640.14114412,2.0636667629513887,3.0483795555555555,1.9515383924652778,1.1088963819444446
2025-11-18,70662843.76041667,20226883.512132518,2.073345887361111,3.06262365625,1.993302838576389,1.0776331840277777
2025-11-19,74669077.8923611,22256691.946443073,2.4587531483333334,2.791213375,2.354126820972222,1.0128098298611112
2025-11-20,75226510.5138889,24088943.51981704,2.574822879826389,2.552867,2.398251904444445,1.0205322326388888
2025-11-21,68584816.95833333,19861779.35678927,2.488053352708333,2.314346086805555,2.4119722195833333,1.0404645347222223
2025-11-22,64761650.99305555,17896633.266686305,2.106759456076389,2.180443572916667,2.0806172225694444,1.0197602743055556
2025-11-23,64780751.67361111,18492940.61202456,1.8783025111805556,2.2115262083333334,1.9080605453472224,1.0553700416666667
2025-11-24,64249127.96875,17835824.14302274,1.7365789228472222,1.967755559027778,1.722100441875,1.1570655625000001
2025-11-25,71236326.72569445,19435610.33142149,1.3770952619791668,1.7474209756944445,1.3401948453125,1.1489416631944445
2025-11-26,86124593.0798611,23134044.623699624,1.2149135200347223,1.717057027777778,1.1900654578819445,1.107290857638889
2025-11-27,96436451.61805555,25748469.23140395,1.1797164910416666,1.825641777777778,1.1749587015277778,1.04579934375
2025-11-28,94562097.74305555,25289378.256688915,1.1903253319791667,1.87606240625,1.1794806964583333,1.0862893333333334
2025-11-29,92301012.8888889,24488274.959333166,1.222624780138889,1.881120239583333,1.2129601437500002,1.04151209375
2025-11-30,98918218.1875,25568575.480686992,1.1826461266666668,1.7477876701388888,1.202739065173611,1.105311513888889
2025-12-01,103818777.81944445,23914839.233468477,1.122941692951389,1.4308687291666666,1.091895227847222,1.2677925416666667
2025-12-02,105984996.48958333,25475987.174096365,1.097112942222222,1.378391295138889,1.068355185,1.1117309618055555
2025-12-03,101568575.88541667,26571022.86182704,1.1629298937847221,1.6017216770833334,1.0730234972569446,1.1874922256944445
2025-12-04,97756096.44791667,25023966.086238682,1.1934689328124999,1.5490199131944444,1.0945144717708333,1.0988703125
2025-12-05,100302974.61458333,24130898.1487522,1.1138586636805554,1.4577640798611111,1.0438179069444444,1.1304092465277777
2025-12-06,103344036.05208333,24280498.611566607,1.1035893383333333,1.3468436770833334,1.0852010485416668,1.0917171805555557
2025-12-07,104403198.18055555,24572530.622820288,1.0925449357986112,1.4046947951388888,1.071218026215278,1.0743303506944446
2025-12-08,109620776.14583333,26275966.592440534,1.1209568162152777,1.3812160729166667,1.1363817094791666,1.1289528576388888
2025-12-09,110254424.2986111,27246964.56824691,1.1431610430208332,1.3894585625,1.1119865855902777,1.1368306944444444
2025-12-10,109850763.58333333,28594205.347995784,1.2459110945138887,1.465712513888889,1.1555237398611111,1.040799642361111
2025-12-11,105657163.62152778,25446705.398251504,1.2830869512499998,1.38913084375,1.2156119816319444,0.9901626944444444
2025-12-12,105707066.65972222,25387699.70504621,1.2218440509722222,1.3407313715277778,1.1686289142361113,1.126059736111111
2025-12-13,107729202.4513889,26227103.93503853,1.2222026154166667,1.3440259930555554,1.1748571663194445,1.2966059895833333
2025-12-14,105353020.89930555,25194208.628773645,1.3377456692708334,1.4038802604166667,1.2539737061805556,1.2505539340277778
2025-12-15,106375468.09027778,24774533.06522142,1.2824165617708332,1.4221732083333334,1.2306920434027777,1.1086443090277778
2025-12-16,109062874.48958333,24210843.035694044,1.2142867878125,1.3566478958333332,1.1594369603819445,1.0983573993055555
2025-12-17,109959380.0486111,23432701.37434283,1.1083903065972223,1.3095500277777778,1.048950356388889,0.9960393090277778
2025-12-18,106156130.875,21492188.642792884,1.0592515207638888,1.3277935277777777,1.0257145947916666,1.266435784722222
2025-12-19,101307279.58333333,20812106.69272774,1.003195383576389,1.3243730868055554,0.9796348328819445,1.1105125173611112
2025-12-20,98684740.55555555,20735441.620260105,1.0349815159375,1.485847767361111,0.9776402657986112,1.3227461979166666
2025-12-21,99735598.33333333,20598889.216440618,1.008988715486111,1.447024625,0.9550414980208333,1.2655303645833333
2025-12-22,102474943.0451389,21308704.796648387,1.0223627734722223,1.4670219444444443,0.9764892669791667,1.2677874826388889
2025-12-23,103442549.5798611,21443035.124544755,1.0654010759375,1.4997171840277777,1.0098678889930557,1.2153760416666666
2025-12-24,106098857.34722222,21897938.083394267,1.2151943134375,1.4694113368055557,1.1643509077083332,1.2196685555555555
2025-12-25,104058290.0451389,21874738.649738263,1.3868268866319444,1.61391203125,1.307005844513889,1.2572073680555556
2025-12-26,103863654.69444445,21676295.731344845,1.2841658458333334,1.4911958923611113,1.2272404709722222,1.2446427916666667
2025-12-27,101273046.6701389,21594264.379594542,1.4585768629861111,1.4542476493055556,1.3451577662847223,1.422787517361111
2025-12-28,103995332.47222222,22498282.594560005,1.6610733071527777,1.4069808229166667,1.4807981592361112,1.3446275798611111
2025-12-29,102990846.9201389,22105576.75124947,1.719067151909722,1.4409183854166665,1.6063522939930557,1.1887882291666667
2025-12-30,106116136.25,22105644.264699224,1.3985822685416667,1.4121457986111112,1.3482317165625,1.2115412118055557
2025-12-31,108079607.9236111,22202550.15346171,1.2620955983333333,1.4572432256944445,1.2225439482986111,1.1033467743055556
2026-01-01,113591965.1076389,23199960.498460144,1.1715640225347221,1.41600490625,1.1233766435763888,1.1696676319444446
2026-01-02,106740116.35069445,23368420.28931723,1.400197378125,1.5806969131944444,1.2455322511458333,1.0369185104166667
2026-01-03,103461700.69097222,23895900.543339957,1.9057085906944442,1.6795809375,1.6254433929166667,1.2495726840277779
2026-01-04,107020584.49305555,27199599.175685424,2.323254797847222,1.5644877534722221,2.2133103697569445,1.016629357638889
2026-01-05,113167521.03125,32161592.95990948,1.8745202070833333,1.7992571597222222,1.869175853541667,1.0002330902777778
2026-01-06,109656043.4513889,32589138.627083693,1.8560380691666667,2.0057058333333333,1.7880097139930555,1.0598666840277777
2026-01-07,105952739.46180555,30129045.760622725,2.0887258346874997,2.1245471493055557,1.8968232033333332,1.1614742395833333
2026-01-08,105006485.07291667,29179004.180792734,2.4733601384375,1.9449803611111112,2.207455954965278,1.173263798611111
2026-01-09,102725253.9513889,28991728.195377182,2.430059070277778,1.8917080451388888,2.2892289311458334,1.0739983055555555
2026-01-10,101367587.18402778,28546364.30548643,2.279339512048611,1.921213902777778,2.157506519861111,1.3190104027777778
2026-01-11,100964281.3923611,28976148.178679258,2.1419554241666665,1.9649874826388887,2.0567915750694445,1.133815284722222
2026-01-12,105230867.02083333,30738162.55886375,2.158480894965278,1.7415495868055555,2.189592084652778,1.0703769479166665
2026-01-13,107973373.87152778,30801252.206278197,1.8863915577430557,1.7150946145833332,1.9106322350000002,1.0529302951388888
2026-01-14,107556994.28819445,31347968.964096528,1.5478924505902778,1.9552482291666666,1.4401423197222223,1.1080441944444446
2026-01-15,107023713.19791667,30130319.33342029,1.4495055815972222,1.9028800555555554,1.2899733300694445,1.1073275590277776
2026-01-16,106648709.04166667,29575168.169952277,1.3633720814583332,1.8958462708333335,1.2260090930208334,1.1306136215277778
2026-01-17,105888014.4236111,29649127.709572554,1.3732960802430556,1.9513734131944445,1.2268393000347222,1.301069798611111
2026-01-18,105971515.35069445,29009415.44663413,1.32043621625,1.986096045138889,1.1825112048263888,1.1587175590277778
2026-01-19,107279544.8298611,26216486.995165322,1.1598539781597221,1.715977732638889,1.0500756768402777,1.1815876736111113
2026-01-20,107781950.1736111,25807036.315189313,1.2459406150694443,1.6866924270833334,1.0920741721180556,1.1788437256944446
2026-01-21,102166190.2013889,24380464.77398397,1.2517935498958335,1.6516134895833334,1.124209748888889,1.1303052777777778
2026-01-22,98149882.90625,23514347.0271834,1.3097805147222223,1.6240190138888888,1.1730109559722222,1.1345026180555555
2026-01-23,99323344.95833333,23505725.749224212,1.298907854201389,1.66072690625,1.155393254548611,1.1563172569444444
2026-01-24,102408472.53472222,23801115.89256023,1.1518769979166668,1.6022972465277778,1.0397135008680556,1.3204961840277778
2026-01-25,103869832.93402778,23289542.870995887,1.0884060411458334,1.6008206249999999,0.9770854285416666,1.238160861111111
2026-01-26,102379460.03819445,22727376.86307124,1.1081107727083335,1.5899883090277778,1.0109967777430555,1.296465357638889
2026-01-27,104172789.20833333,23142881.62696637,1.1143921681944444,1.5872547569444444,1.0149569597916668,1.2287767881944445
2026-01-28,105454457.16666667,23968365.779683117,1.1857934103472223,1.5753769756944445,1.0763852056597223,1.1364863611111111
2026-01-29,110040396.9236111,24060856.232702065,1.2447671310069444,1.4870314166666665,1.146962487361111,1.0422391840277778
2026-01-30,111859467.80555555,23224063.05377135,1.2116600139930556,1.3048936527777777,1.1221468556597223,1.0964945416666667
2026-01-31,113268754.08333333,22132033.78867495,1.1213045527083334,1.2394089895833333,1.0402439130208334,1.1321323194444444
2026-02-01,113887397.84027778,21375937.331499487,1.2374116505208332,1.1625434340277776,1.0982797063194445,1.1053561041666666
2026-02-02,113780335.72916667,20868655.264186483,1.5156765328819446,1.2374953993055557,1.3524719294444445,1.1186519270833335
2026-02-03,118628421.30208333,21590437.1874029,1.3596485260763889,1.0665826736111113,1.1993893922916667,1.1573108333333333
2026-02-04,120010747.56597222,21795320.321500063,1.2296407009375,1.0320226979166667,1.0937774916319443,1.034478607638889
2026-02-05,119864555.28125,19995871.440835662,1.2423572966666667,1.0779884652777776,1.1117083696180556,1.0500552430555556
2026-02-06,120054309.11458333,19131805.32677752,1.139147908888889,0.9996313506944444,1.0346910815972223,1.1956233333333333
2026-02-07,119362356.41666667,19795373.935811415,1.4025531317708333,0.9351950069444445,1.2254943099305555,1.1803357083333335
2026-02-08,117977757.11458333,19369294.835782316,1.363145143298611,0.9638781215277779,1.1881827152777777,1.3772039166666667
2026-02-09,118175077.7048611,19017876.943940975,1.368164704201389,1.0041915798611112,1.1943829809375002,1.2404330972222222
2026-02-10,119435952.49652778,18815322.069956526,1.2754178190624998,1.0373016006944444,1.0961994990972221,1.280767534722222
2026-02-11,121756149.58333333,18756989.472969234,1.176116140173611,1.0615324479166666,1.0164972949305555,1.1020385277777778
2026-02-12,119956734.93055555,18895149.403426923,1.193600071423611,1.0436122951388889,1.0442873953125,1.3152781354166665
2026-02-13,117875921.69444445,18990145.26631994,1.3240173551041667,1.1244722881944444,1.1663580449305555,1.1308693819444444
2026-02-14,116588185.0486111,20177936.151435796,1.4840554834375002,1.11569090625,1.3095704034027777,1.2416760208333333
2026-02-15,117125120.18402778,20505837.637445554,1.7544250042361111,1.1423132291666667,1.5187123108333334,1.2765970034722223
2026-02-16,116824224.22569445,20151656.217467867,1.9313462255555554,1.122137076388889,1.6670873285763887,1.3019192638888888
2026-02-17,116322388.28819445,19962285.14091093,2.0512891599652776,1.121961625,1.8210277246180557,1.3677150729166667
2026-02-18,117676955.13541667,19944647.375583824,1.9910866598958334,1.1042846180555557,1.7761183059722223,1.4173484131944445
2026-02-19,123414793.37847222,20086580.66422568,1.772296084826389,1.1029136840277778,1.6103881284722223,1.4496664930555554
2026-02-20,126110012.34027778,20851286.744870212,1.68800345,1.119779920138889,1.5059951085763887,1.4384226979166668
2026-02-21,125000145.28125,20871839.92868664,1.6630101056944444,1.1673388680555556,1.4588885314930555,1.2513152708333335
2026-02-22,126542823.30208333,20323159.65413943,1.3778399210416667,1.1848213541666666,1.2292497907638888,1.3460795208333334
2026-02-23,126873706.02083333,19718538.326346204,1.340797382048611,1.1525183472222222,1.1991722859722223,1.2336774236111112
2026-02-24,127274259.33680555,19460704.884860218,1.4601384514583333,1.1148946319444444,1.3168591595138888,1.3352627430555557
2026-02-25,127148289.5173611,20547625.505249023,1.5052357510763887,1.1503543888888887,1.3493351911805556,1.2874581909722222
2026-02-26,129568173.5451389,21229469.14286157,1.7379611339583334,1.2244897395833334,1.4862495659722221,1.2999828506944444
2026-02-27,127504570.0486111,20509324.324002862,1.6558322124305556,1.1988602569444444,1.4632967397569443,1.2637827152777779
2026-02-28,129016472.37152778,19519369.625032227,1.3523150583680554,1.1922922951388888,1.1923245147222223,1.1829688958333333
2026-03-01,129214690.60069445,20021383.92330398,1.323903495173611,1.2041397395833333,1.1620284110416668,1.2065339965277777
2026-03-02,131909061.24305555,19942975.013647873,1.2423284392361111,1.1978478333333333,1.1051514803472222,1.2077696666666666
2026-03-03,135655857.7013889,20039453.68089421,1.1265890664930556,1.1765880208333332,0.993369421388889,1.1043489201388887
2026-03-04,134422015.03125,20465589.460584458,1.1516406365972223,1.2229634097222222,0.9928678676388889,1.2118069652777779
2026-03-05,130864057.74652778,20119315.32809443,1.2801806384375,1.3100166111111111,1.0958607984375002,1.1584474479166667
2026-03-06,129075988.86805555,19258245.60043218,1.2282799929166666,1.2708406979166667,1.069989643784722,1.0580551111111112
2026-03-07,133615043.5763889,19322078.96450183,1.081280270625,1.1658111493055554,0.9802089281597222,1.5211116354166667
2026-03-08,136090123.07291666,19329326.110184655,1.034877209097222,1.1582921631944445,0.9365912925000001,1.5979358368055554
2026-03-09,134021268.06597222,19238939.822267577,1.0814006284375,1.156018875,0.9842068185763888,1.3882680416666666
2026-03-10,132395168.01041667,19765493.804540116,1.1114150449652778,1.1847845972222222,0.9710368358680557,1.2001801597222221
2026-03-11,130579374.78819445,20691385.93673216,1.392289873888889,1.18840003125,1.2043043404861111,1.144343763888889
2026-03-12,128536237.93402778,20731385.37593882,1.8005751854861112,1.2207323194444444,1.5744638786805556,1.1925649166666665
2026-03-13,132815436.77430555,24115515.732065987,1.7351695422222222,1.2352992777777778,1.538559038611111,1.071444388888889
2026-03-14,126445723.875,22406071.51636143,1.8701596680208334,1.1958879930555557,1.6761530290625002,1.3811454791666666
2026-03-15,128399223.80902778,24725803.151785422,1.749049769236111,1.1569433055555556,1.6472478988541668,1.1160690729166667
2026-03-16,137573578.14583334,30300245.28601621,1.6022651453819445,1.0615095902777778,1.5470165374652778,1.1067980347222222
2026-03-17,143918957.5659722,33689795.12160686,1.4840643754166667,1.0054282847222222,1.4032035444791666,1.0980376875
2026-03-18,142147933.5659722,32045157.289882414,1.561287540625,0.9986664131944445,1.4361420290625,1.188994017361111
2026-03-19,140306915.72569445,30016007.142368283,1.6677658754166667,1.0604554965277777,1.5032971130555555,1.1094580590277778
2026-03-20,138682724.64930555,31167105.309434574,1.7500176662847222,1.0375435868055556,1.6747435252777778,1.0611304236111112
2026-03-21,145999294.96875,32810556.977462694,1.6949308512152779,1.059186798611111,1.636892942986111,1.202786402777778
2026-03-22,149763826.44444445,32009878.20531047,1.6518748119097222,1.04518596875,1.535991844861111,1.2424647256944443
2026-03-23,151038279.3125,32335259.301524147,1.6189008671875,1.0218352361111112,1.4788440021527778,1.1599037708333333
2026-03-24,157114848.3923611,36720478.9992043,1.743358997048611,1.0640877222222223,1.6919280722569445,1.058724423611111
2026-03-25,160119685.30555555,40500787.60634668,1.7815926914930555,1.0452171458333332,1.8010722851041667,1.1494366458333334
2026-03-26,158937742.61458334,38905839.07730164,1.7845198516319445,0.9441555868055556,1.7642468623958334,1.1561620381944444
2026-03-27,158911495.3888889,37122260.84626591,1.6553195192708334,0.9307256041666666,1.6115459812847222,1.1169433159722222
2026-03-28,161935394.19444445,38520352.251171,1.6111621801736111,0.9369000694444445,1.5742861931597223,1.2299809687499998
2026-03-29,161067324.18055555,38185347.811556764,1.6839925689930555,0.9301353680555555,1.6734264482638888,1.1823117708333333
2026-03-30,155533928.3402778,36800055.697444156,1.5211043094444445,1.0109029340277778,1.4934232070138889,1.183790548611111
2026-03-31,158955261.64930555,36674606.937952876,1.249953327638889,0.9866575069444443,1.2127821149305555,1.2182153472222224
2026-04-01,158021872.1423611,37817038.1231643,1.2542379609375,1.0331381319444446,1.1779191528819444,1.1326865972222222
2026-04-02,151801031.6215278,34874151.45083203,1.233146067013889,0.9390159131944444,1.140787997673611,1.0125317916666665
2026-04-03,151493092.97916666,35284857.0363024,1.0808765796527777,1.0028073645833333,0.9940639028124999,1.2690086493055555
2026-04-04,152006963.1388889,36158981.301372215,1.2398570825694444,1.134218423611111,1.1298192151041666,1.1082275937500001
2026-04-05,148734694.36458334,34015656.96305721,1.0874687993402778,0.9772307499999999,0.9901117470833333,1.1852049930555557
2026-04-06,148101183.1875,35164014.84341314,1.1471346138541667,1.0661133645833332,1.0403294802083334,1.095474138888889
2026-04-07,152531625.25694445,35573173.60745307,1.0221321680208333,0.9955011840277778,0.9281409037499999,1.14423403125
2026-04-08,158682521.8888889,39458265.80181135,1.2602771858680555,1.2104568159722222,1.0841967678125,1.1723530694444444
2026-04-09,146985816.71180555,35484533.666900635,1.2558899876041667,1.0799998124999999,1.1032813110763888,1.1884432152777777
2026-04-10,149492077.27083334,35684789.66062777,1.2072891285416665,1.0138709583333334,1.0576596131944445,1.0949620381944445
2026-04-11,154118137.0798611,36834310.44948017,1.0959286527777778,0.9628233159722223,0.9648389854861112,1.24091759375
2026-04-12,152513437.22569445,35793181.52375502,1.0757255789583333,0.9280441875,0.9649392832638889,1.0902661979166668
2026-04-13,157698083.7847222,36441315.35782158,0.9432223730902778,0.9220695763888889,0.8626865089583333,1.2281906041666666
2026-04-14,160591744.97916666,37328097.56675154,0.9759700603819444,1.0042779444444445,0.8628856439583333,1.1550299513888889
2026-04-15,169025103.07291666,38410609.36451678,0.954810778888889,0.9745812777777778,0.8530963292361111,1.1372143194444444
2026-04-16,163798651.5902778,38174205.38374121,0.971679652013889,1.0371346805555557,0.8343078527083334,1.1551914652777777
2026-04-17,159644107.36458334,37392242.94038383,1.0797090639583333,1.1794522743055555,0.8810373783333333,1.0871352673611112
2026-04-18,167163727.7048611,37564814.75233676,1.0549211897569444,1.0909153541666667,0.8998771253819444,1.057959576388889
2026-04-19,172190903.3715278,36978962.42515416,0.9932963612152778,1.0143198333333334,0.8683598742013889,1.2418037361111112
2026-04-20,171166361.0138889,35998979.02127776,0.9786237274305556,1.0112971145833334,0.8641888816319444,1.2474631493055555
2026-04-21,173327690.3263889,36453203.190010376,0.9797409404861112,1.0575024027777777,0.8505962646875,1.1673223993055555
2026-04-22,169810211.4826389,36132469.77719156,0.9821426090972223,1.1301355451388888,0.8367669658680555,1.1425128298611111
2026-04-23,169438740.7673611,35236198.85034642,0.9669972698263888,1.1462452951388888,0.8241786903819445,1.2691623368055556
2026-04-24,168616641.03819445,35283448.229313575,0.9899150052777776,1.21631625,0.8293256043402777,1.3163301666666667
2026-04-25,168819270.09375,35189190.23771143,1.0298431462847222,1.2576119305555555,0.8471558354166667,1.3783059826388888
2026-04-26,168398457.41319445,35375409.29127303,1.0740052398958335,1.3029099236111112,0.8819114438541666,1.4898695138888889
2026-04-27,168887569.46875,35190565.85003807,1.0887359105208332,1.2165481944444445,0.8969000107291666,1.2935808159722222
2026-04-28,172114689.03125,34390283.08184774,1.0744321689236112,1.1683080590277777,0.8873130311458334,1.1786100451388888
2026-04-29,173342617.09375,34346556.787373684,1.0570118024652777,1.2103126527777777,0.8672066921180556,1.1779012743055555
2026-04-30,170943573.13541666,33634419.80302885,1.0540035496527778,1.230941579861111,0.8449570779166666,1.3646360833333333
2026-05-01,170766744.5277778,33935793.82915686,1.084731523263889,1.3010482881944445,0.8866755053125001,1.3602575243055555
2026-05-02,171299023.5763889,34548132.50008731,1.1186400013194444,1.3349039895833335,0.9140452216666666,1.6329090104166668
2026-05-03,168235863.60069445,34832440.447644465,1.2423033088194444,1.4186103958333334,0.9928890672222221,1.3760389930555557
2026-05-04,161997778.9548611,33354058.129028752,1.3166742171874999,1.4112958159722222,1.0641791032638888,1.2813986145833334
2026-05-05,157975725.8263889,33294025.01349903,1.361564131111111,1.4836235694444444,1.0870075193402777,1.3597513715277778
2026-05-06,155649699.27083334,34580194.60388313,1.5085661309375,1.5353096180555557,1.214175511875,1.2753672708333332
2026-05-07,152682681.61805555,34070580.180545,1.7388142526041668,1.535693451388889,1.3687006389930554,1.2650888993055556
2026-05-08,148489299.4722222,33735972.936232276,1.8218823402083335,1.5456612291666667,1.427798759861111,1.1933196527777779
2026-05-09,145820146.99305555,34414108.511886515,2.1781366638194446,1.6433208923611111,1.7673355573611111,1.2415720833333335
2026-05-10,144093930.8576389,33967486.2690386,2.2217477102430556,1.727985232638889,1.803240096076389,1.3859036666666666
2026-05-11,140727487.625,33218658.443061486,2.1769206609722223,1.72009796875,1.7163200032291668,1.342349986111111
2026-05-12,138352668.35416666,31573018.232548296,1.888714171736111,1.676835263888889,1.4784065440972223,1.2551753333333333
2026-05-13,139725752.6215278,30871646.176287573,1.581214851111111,1.6448215208333332,1.2163641938194445,1.3078540104166665
2026-05-14,141029103.0347222,30073293.438047275,1.366331289652778,1.6172148715277777,1.0306120945833335,1.3469597881944444
2026-05-15,143564556.6215278,29866960.36353664,1.3772861047569445,1.5764359236111112,1.0474670927083334,1.1898762743055555
2026-05-16,143537412.8576389,28455817.12103542,1.3198538619097222,1.4725737604166667,1.0052701505208335,1.3667594236111111
2026-05-17,146152468.3402778,28539135.79099159,1.2351375384027776,1.4171544895833332,0.96565954125,1.3801894340277778
2026-05-18,148609640.13194445,28215894.524747275,1.1243291140972222,1.3321556493055555,0.8677718437152778,1.421375201388889
2026-05-19,146973655.77083334,28209641.755155932,1.2202713921875,1.3457399895833335,0.9409884414930555,1.3233009201388888
2026-05-20,147805809.4652778,28198333.040510967,1.2323591152430557,1.4181689826388888,0.9563867506597222,1.5651036388888888
2026-05-21,148441662.2465278,28730415.91095814,1.2444423807986111,1.4642229930555555,0.9619991515972222,1.4158091458333333
2026-05-22,150400277.25694445,31165392.46937327,1.352366879652778,1.4806487777777777,1.0741050310069444,1.2838456666666667
2026-05-23,141957103.7673611,28650145.416828707,1.8100983514930558,1.35554884375,1.5317375913888889,1.3700817604166666
2026-05-24,142727807.94444445,30162511.796346087,2.0909999257638887,1.4352206527777778,1.8425783851041666,1.3084768402777778
2026-05-25,143374405.9340278,31389286.770449374,2.171340584826389,1.5509820833333334,1.9963955761111112,1.2747201840277778
2026-05-26,152358164.8888889,37253253.4609253,2.1175957248958337,1.4924466215277779,1.9806720030555556,1.111977965277778
2026-05-27,153176878.3923611,37364051.94851782,2.2185396418055556,1.4537427048611111,2.065520922118056,1.1157364965277778
2026-05-28,151019815.1840278,34222989.645732395,2.2797302974652776,1.4524857534722222,2.0754433934375003,1.0884382395833334
2026-05-29,151687586.21875,36790479.47140731,2.2027859355208332,1.4449281388888888,2.163694347326389,1.0813403194444444
2026-05-30,160138147.22916666,41519805.01164161,2.309623421701389,1.3880426909722223,2.247648280729167,1.0867337673611113
2026-05-31,165286651.375,44762040.1114389,2.456377133472222,1.3390508333333333,2.3635216060069446,1.056385670138889
2026-06-01,161162298.94444445,44152745.32066325,2.499692671145833,1.3200148541666668,2.409912601666667,1.0472275
2026-06-02,156041595.5034722,41454836.647039555,2.4483329851736113,1.2528079305555557,2.2763565067013887,1.011267826388889
2026-06-03,145493558.54166666,37848598.4554695,2.2325081018402777,1.204075454861111,2.0777170650347223,1.0588717118055557
2026-06-04,140934463.1909722,32691262.73875863,2.1184152676041665,1.193561017361111,1.8815388030555558,1.0255095347222223
2026-06-05,137949984.23958334,27801565.260958195,1.5402334068055556,1.0855696180555556,1.26541364125,1.021634701388889
2026-06-06,134622076.4201389,26263646.3487018,1.2913351978819445,1.0769073854166666,1.0756674959027779,1.0835588645833334
2026-06-07,131474966.05902778,27368994.4914601,1.2531813275347221,1.0241666527777777,1.070262808125,1.15389784375
2026-06-08,129501832.77083333,27378440.495687906,1.3106649091666667,1.0435087152777778,1.0695742446875,1.1711237013888889
2026-06-09,130364022.2673611,26726170.18549642,1.2283126870833334,1.0469962361111111,0.9869304418055554,1.085299263888889
2026-06-10,131021885.72569445,25504530.533452258,1.0679603263541668,1.137395784722222,0.8404692186111111,0.9692644201388888
2026-06-11,136501109.6388889,25806361.91085418,0.9799667130555556,1.2481859166666667,0.7848115430208333,1.0673723923611111
2026-06-12,138859078.98958334,26409957.217670735,1.0247431362847221,1.3056708298611113,0.7932052148958334,1.1453456874999999
2026-06-13,142629369.5798611,28135496.696478963,1.0529466655902777,1.3700299270833334,0.8279443224305556,1.152813388888889
2026-06-14,140300669.1215278,29112535.019670993,1.2282074661805555,1.3304263368055556,0.9467286150694445,1.2107758229166667
2026-06-15,137046974.9826389,29620711.910338316,1.2818390601736112,1.3619336354166667,0.9933086726388889,1.0840250729166667
2026-06-16,134237736.09375,28234769.61730907,1.2511810289930556,1.2391687951388888,0.9683029921180556,1.1094898125000001
2026-06-17,137231382.33333334,28282404.51731464,1.2271180430208333,1.2387553194444445,0.9443448042361111,1.1209049097222221
2026-06-18,139611570.0625,27498598.693221,1.1566452642708334,1.2162887395833333,0.8938392060416667,1.1472490590277777
2026-06-19,140036081.8263889,27151258.014680788,1.1221142272222222,1.2330158194444445,0.8683103923263888,1.0887161319444445
2026-06-20,146477502.20833334,27687297.42786811,1.1555937994444445,1.2911538854166666,0.8983030272222222,1.15058246875
2026-06-21,153441099.0798611,28560394.47222993,1.187994301388889,1.348654513888889,0.9272770054513888,1.1748618194444445
2026-06-22,154285152.39583334,28223166.682002768,1.1513078950694444,1.3103906979166666,0.8916869067708334,1.181857777777778
2026-06-23,148881436.2951389,26201544.461019956,1.1122264740277776,1.3287536770833333,0.8386309289583334,1.2910157916666667
2026-06-24,143608563.1284722,24722084.60123751,1.0724884972222222,1.31846328125,0.8019095265277777,1.105643857638889
2026-06-25,140319733.3090278,23977548.47781479,1.0698922638194446,1.381654423611111,0.7981591234722223,1.1314541180555555
2026-06-26,142410568.2013889,24136310.37647689,1.0470328487152778,1.3574438159722222,0.7909407477777778,1.3050081458333334
2026-06-27,140744682.0,24982181.055,1.04421769,1.329646,0.79287723,1.403319
