date,oi,oi_value,toptrader_acc_ls,toptrader_pos_ls,global_acc_ls,taker_ls
2021-12-01,50611016.35069445,17885948.48150633,2.9152264566088997,0.9578066947440972,3.983916324431729,1.0736736489385417
2021-12-02,50027517.989583336,17072322.968727943,3.7346943800525736,0.9633546376541666,4.852700258448042,0.9771508721635418
2021-12-03,47672921.277777776,15723413.35256219,4.058588145358559,0.9474035766989584,5.278286244959605,1.0476957366048611
2021-12-04,31756604.23508772,8949887.148018468,2.6658625451775824,0.940691317611579,3.252684085499468,1.0627038302249123
2021-12-05,25861990.319444444,7175045.588657049,2.389669336105183,0.9596811601496528,2.7427324982383263,1.170173064440278
2021-12-06,26504152.409722224,6922469.458475482,2.3100268263912866,0.9768936372583332,2.632114395695,1.1355192429694445
2021-12-07,26980596.649305556,7552907.552676979,2.106162867251106,0.9632692019260417,2.4877904957355685,1.0759470276899306
2021-12-08,26216718.753472224,7135265.861399469,2.3559904272270797,0.96460685264375,2.821126430507298,1.161184547532986
2021-12-09,24978236.777777776,6701459.192772339,2.475175677089918,0.9625397356993055,2.927754862716063,1.1344176900715277
2021-12-10,26172811.065972224,6588117.100375527,2.3832311047004575,0.958157761798264,2.8592106378720055,1.1043867709072916
2021-12-11,26887656.027777776,6646262.616437235,1.9867830907334907,0.9480147119118055,2.405045166705121,1.1607763855322917
2021-12-12,25846662.920138888,6490371.175201351,1.9586944146078953,0.9469697753725694,2.351103055050581,1.1809541976899307
2021-12-13,25389055.986111112,6089520.445240576,2.2980403075211595,0.9414050499996528,2.7249734550916207,1.0920228939239582
2021-12-14,28170268.298611112,6383371.163113754,2.3934058480815157,0.94601998515,2.9421972453231415,1.101689171119097
2021-12-15,29780388.139372822,7154399.227885297,2.0119326130796082,0.9289308244017421,2.308299874898217,1.0402674093341462
2021-12-16,29951670.954861112,7992755.917415862,1.6593449221460104,0.9668491390871528,1.8138493175109913,1.1256055148968749
2021-12-17,26989078.704861112,6868993.365155733,2.136063106302738,0.9667262514965278,2.404482868428751,1.0254989638878473
2021-12-18,35568353.54513889,10153048.456860919,1.3108604785588613,0.9873174314163194,1.4337983990222698,1.1203776653163195
2021-12-19,57343950.23611111,17710131.92644542,0.7889047166172405,1.0142943906934028,0.7232796968231121,1.102680845551736
2021-12-20,46699684.38888889,14436605.615279937,1.117327440435507,1.0245953902059028,1.1150470714478455,1.1410688035055554
2021-12-21,38912247.684027776,11954028.013223724,1.5160932141064083,0.9980137387624999,1.6568290022412695,0.9662897085586805
2021-12-22,36355089.83680555,12053580.832928443,1.3517400459751643,0.9873926567538196,1.500977266044327,1.0505281031600695
2021-12-23,33584442.71180555,10854473.249374382,1.6782622428311875,0.987195131161111,1.9385362731516378,0.9823806170770832
2021-12-24,36750071.951219514,11751275.660891095,2.148778864274732,0.9520130679557491,2.6004633202454914,0.8683882924606272
2021-12-25,37779209.503472224,11852665.737535397,2.1889674935063486,0.9441152971697916,2.7144881150352114,1.244010714990625
2021-12-26,38743329.621527776,12176097.94769737,2.3636946456547085,0.9265506951215278,3.0833818052239566,1.0119636198982638
2021-12-27,38961065.378472224,12476243.300418891,2.4890343284995375,0.9352886174204862,3.454176808637936,0.9222215185326389
2021-12-28,31711023.666666668,9478631.54671332,2.6484308928537548,0.9069735743736111,3.291294167007849,1.0323487320614584
2021-12-29,28888498.609756097,8311845.887980506,2.7341963872462536,0.9939659283592334,3.360219002832048,1.066988198100697
2021-12-30,29838848.9375,8756668.374561239,2.6360657521860826,0.9856272835222857,3.3083552059565187,1.0458218654777143
2021-12-31,30274977.153310105,9043851.89609789,,,,
2022-01-01,27812676.09375,8214861.599180803,,,,
2022-01-02,29348632.836805556,9045796.174137667,,,,
2022-01-03,30233925.413194444,9332527.991241189,,,,
2022-01-04,30062347.309027776,9809974.558878649,,,,
2022-01-05,31269983.798611112,10045643.915531784,,,,
2022-01-06,27582642.149305556,7882125.252334427,,,,
2022-01-07,27487206.572916668,7744978.615150818,,,,
2022-01-08,31742815.59375,8497158.973197155,,,,
2022-01-09,28581874.489583332,7672749.99844666,,,,
2022-01-10,26861109.71875,7135094.8391707465,,,,
2022-01-11,27158416.947916668,7218438.388526184,,,,
2022-01-12,26697974.305555556,7658708.146153678,,,,
2022-01-13,27365896.034722224,7795066.288000511,,,,
2022-01-14,27639584.527777776,7756055.37739863,,,,
2022-01-15,28477185.763888888,8008212.401396748,,,,
2022-01-16,28750757.684027776,8005536.054124324,,,,
2022-01-17,30037590.729166668,8226037.747841757,,,,
2022-01-18,28812178.777777776,7585710.375379627,,,,
2022-01-19,27560355.072916668,7196740.436409453,,,2.8219209533389984,
2022-01-20,34394028.81944445,9378699.671312474,,,1.8111695471883396,
2022-01-21,26367642.583333332,6580418.307923618,,,2.930005947337166,
2022-01-22,25126255.371527776,5573825.746687412,,,2.3278451770126685,
2022-01-23,24785718.649305556,5516911.742095497,,,2.1999874728798288,
2022-01-24,26564735.090277776,5392299.6746484535,,,2.1587713339359023,
2022-01-25,23713197.6875,4860868.978003178,,,2.199943333209112,
2022-01-26,22628905.489583332,4861671.250181249,,,2.0523545807032444,
2022-01-27,20933074.704861112,4326604.509141672,,,2.4086889385416743,
2022-01-28,20415253.170138888,4292971.680446104,,,2.3640976793486477,
2022-01-29,20701917.256944444,4535722.262686204,,,2.2509666228096985,
2022-01-30,20963788.78125,4649107.789674125,2.265110344409722,0.9668240897569444,2.5019610457291663,1.2311176356944444
2022-01-31,20638187.034722224,4435929.184552647,,,2.560652479550038,
2022-02-01,24798178.565972224,5646767.5856694365,,,2.2484369483025257,
2022-02-02,21616469.868055556,4909091.403339024,,,2.2893613654955147,
2022-02-03,30592709.951388888,7072799.174365974,,,1.9014733920922415,
2022-02-04,43177883.8125,10473057.544009274,,,0.9830060212748545,
2022-02-05,35757564.83680555,9183278.482535278,,,1.35381534728149,
2022-02-06,29654416.944444444,7576041.665045245,,,1.63121877644711,
2022-02-07,29136979.989583332,7629406.364557015,,,1.888617469119656,
2022-02-08,28491789.711805556,7179895.259859973,,,2.103899197451864,
2022-02-09,25159528.072916668,6385809.315578688,,,2.068342939003606,
2022-02-10,23995382.34375,6088543.742068997,,,2.0323723436129466,
2022-02-11,22315236.3125,5472208.5213750135,,,2.268960260256505,
2022-02-12,21570748.472222224,4988771.300362001,,,2.175038316285166,
2022-02-13,22751637.597222224,5229904.129402987,,,2.2716711638478437,
2022-02-14,24446010.319444444,5614658.353030909,,,2.1176014347913834,
2022-02-15,42664396.802083336,10966693.504163433,,,1.030299499468648,
2022-02-16,37232836.13194445,9560003.146302093,,,1.4518769589078182,
2022-02-17,34889436.57638889,8718723.490257513,,,1.8094953787506773,
2022-02-18,29185669.263888888,6852763.513437153,,,2.252544407586526,
2022-02-19,27420974.940972224,6298487.394597769,,,2.2976312230900096,
2022-02-20,25137141.309027776,5535164.734670267,,,2.2415093622585878,
2022-02-21,25727581.84375,5554948.7309327675,,,2.1800165503578905,
2022-02-22,40879040.78125,8843472.761986386,,,1.5397725031680838,
2022-02-23,61401134.559027776,14078604.241116337,,,0.7335429673240182,
2022-02-24,36945160.25694445,7487664.353323079,,,1.5260518350072425,
2022-02-25,30283563.142361112,6614159.451462459,,,1.532757640724778,
2022-02-26,38418563.947916664,8622977.207700904,,,1.6351085026138132,
2022-02-27,31602872.319444444,6849807.430622585,,,1.7801831830004824,
2022-02-28,29076880.597222224,6303169.604209226,,,1.8073770334014125,
2022-03-01,30087479.722222224,6844879.240637908,,,1.860845783217687,
2022-03-02,27891129.017361112,6249895.640395423,,,2.202857158392666,
2022-03-03,25990147.152777776,5768658.079190763,,,2.0094918492640264,
2022-03-04,26576597.107638888,5620251.528223827,,,2.2793867324439296,
2022-03-05,26970865.78125,5600826.749393699,,,2.2492130049863555,
2022-03-06,25521419.697916668,5292723.425522995,,,2.1206918900703497,
2022-03-07,16918951.208333332,3464270.9896204304,,,1.8851733212537514,
2022-03-08,24663338.958333332,5123014.828132244,,,1.9769579664885764,
2022-03-09,28838387.208333332,6093050.9739317475,,,2.2135122106239637,
2022-03-10,28202319.947916668,5898447.53325502,,,2.1064581332957015,
2022-03-11,26866840.4375,5620870.394378896,,,2.2919382058628366,
2022-03-12,27266941.347222224,5682536.442145746,,,2.3839127061812664,
2022-03-13,31213930.152777776,6400826.310236264,,,2.616436721052955,
2022-03-14,29859023.322916668,6023742.196367081,,,2.9235388471614248,
2022-03-15,29480599.0625,5886447.958515678,,,2.923316313368988,
2022-03-16,30562763.302083332,6124562.944295239,,,2.7720151086950082,
2022-03-17,30282056.680555556,6235102.062571779,,,2.5563507210658223,
2022-03-18,29240140.409722224,5948802.311881203,,,2.714960414236882,
2022-03-19,31407644.329861112,6601901.828189086,,,2.3105087352310596,
2022-03-20,32276498.326388888,6736660.986720669,,,2.4421800819570354,
2022-03-21,33900192.45138889,7134309.813491442,,,2.530346200286821,
2022-03-22,37989812.78819445,8189047.9505044855,,,2.5233326615665694,
2022-03-23,43482709.402777776,9365316.235388447,,,2.6874832755383387,
2022-03-24,50088931.04861111,11100009.371538451,,,2.621513669409107,
2022-03-25,44686245.072916664,10003025.593760304,,,2.5095064727124146,
2022-03-26,42571112.59375,9569709.276423937,,,2.595126430460371,
2022-03-27,43572165.40625,10285891.744822089,,,2.0990367720727683,
2022-03-28,40018651.527777776,9822462.356636256,,,2.3160014819936214,
2022-03-29,42657113.54513889,10640836.06292006,,,2.3253620485449624,
2022-03-30,51500276.51736111,13016687.60613387,,,2.8084750810056374,
2022-03-31,51383127.75694445,12811644.020151569,,,3.2725079662438925,
2022-04-01,48245276.57986111,11611837.610160593,,,3.223721772395537,
2022-04-02,49920495.85069445,12391924.258022293,,,3.0358760241553133,
2022-04-03,49831147.46180555,12275896.528844997,,,2.9026581068202093,
2022-04-04,51997602.58680555,12508535.656584721,,,3.1285486559830686,
2022-04-05,52430351.60763889,12348434.775984759,,,3.3923630620125986,
2022-04-06,45135654.597222224,9820609.05529242,,,3.4235123908647704,
2022-04-07,46686100.01736111,10158795.62712764,,,3.2534432842481484,
2022-04-08,45065091.58680555,9779391.753330223,,,3.5492379460933483,
2022-04-09,42779527.13888889,8991313.360130116,,,3.268270886090503,
2022-04-10,47147246.645833336,10073152.854183024,,,3.2674177929924766,
2022-04-11,42354269.38888889,8483992.889551254,,,3.7139188666218823,
2022-04-12,40602898.10763889,8045769.024316203,,,3.5050908936848244,
2022-04-13,41081553.572916664,8220421.825821479,,,3.9600118768352335,
2022-04-14,42497808.291666664,8488372.096179359,,,4.062549967719889,
2022-04-15,43875437.128472224,8689270.877323331,,,4.268164708835155,
2022-04-16,46348800.604166664,9236216.75537146,,,4.362408463071589,
2022-04-17,46952880.42013889,9258179.096750602,,,4.299505142510799,
2022-04-18,43513531.95138889,8226152.425445465,,,4.222408440642281,
2022-04-19,42608031.98611111,8364509.084910613,,,4.110298770019358,
2022-04-20,44802993.364583336,8873188.152853215,,,4.248476087397207,
2022-04-21,44761595.628472224,8836782.775807407,,,4.056221762872516,
2022-04-22,43694571.527777776,8337379.603886525,,,4.2397524457117095,
2022-04-23,45627084.940972224,8634104.06541561,,,4.388143024971983,
2022-04-24,45075676.67013889,8441245.610478295,,,3.951061512006726,
2022-04-25,44123188.145833336,7883537.547940799,,,3.816424094598319,
2022-04-26,44704382.666666664,7904983.373982679,,,3.736420707019378,
2022-04-27,44683633.427083336,7586745.130748178,,,3.6927836961351894,
2022-04-28,45894606.80555555,7790152.642744399,,,3.407853303928047,
2022-04-29,46703120.909722224,7694352.424537803,,,3.524313276063349,
2022-04-30,48316204.14236111,7517097.736457507,,,3.6421788667368986,
2022-05-01,42663362.45138889,6142004.203414066,3.349557522123894,0.9581290902000001,3.3554229460663083,
2022-05-02,44383790.42013889,6289791.768406429,,,3.3877235493400466,
2022-05-03,43453556.1875,6141700.421822988,,,3.252002065987575,
2022-05-04,46459076.20138889,6653650.8376975125,,,3.2714382222836758,
2022-05-05,49541976.54861111,7176249.109380349,,,3.634932278132977,
2022-05-06,55389372.121527776,7385139.042608577,,,3.819971004597803,
2022-05-07,55251296.465277776,7342871.63679215,,,3.568104132143548,
2022-05-08,53358870.302083336,6823428.027972815,,,3.870103322622245,
2022-05-09,53138541.72569445,6425226.003668983,,,3.503712424714993,1.1135643031491151
2022-05-10,49250192.871527776,5626979.21917635,,,2.9563094587460412,1.0470388224981482
2022-05-11,45826284.625,4834016.094848674,,,2.3368485503769767,1.0179226157014285
2022-05-12,33516329.628472224,2860238.4394635838,,,1.8327422933119781,1.036610350423264
2022-05-13,31831351.673611112,3155197.4660777394,,,1.8613741309599676,1.1434046001312501
2022-05-14,31128301.489583332,3060608.335396538,,,1.7888988227639244,1.3161773912680554
2022-05-15,31223479.375,3186636.9748475957,,,1.7748812206462627,1.4388421538913194
2022-05-16,31440130.28125,3209708.654559833,,,1.831708627824762,1.2719308608909723
2022-05-17,32978423.680555556,3480079.177802069,,,1.6529243802396665,1.1809565766524306
2022-05-18,34477921.5625,3583110.159843505,,,1.6602646614462506,1.243420722215972
2022-05-19,37937760.291666664,3835969.127618495,,,1.545070046417801,1.1376943953486112
2022-05-20,37804333.23263889,3853876.080811209,,,1.5554080084199282,1.0842498061024306
2022-05-21,36308218.753472224,3654585.6002564337,,,1.7770476993356075,1.3312457427458333
2022-05-22,37187985.253472224,3817439.0881394246,,,1.8497128563690006,1.2371470887020832
2022-05-23,39702375.597222224,4135267.893590648,,,2.043495607986094,1.2549474230288196
2022-05-24,37856436.878472224,3714742.614028285,,,2.10060444091778,1.190456307372222
2022-05-25,38494034.458333336,3762168.1997847557,,,1.7908012695991102,1.2008660406409721
2022-05-26,39837649.434027776,3736159.322174927,,,1.6903293175585627,1.1916668386736111
2022-05-27,41200369.20138889,3675418.1603243896,1.8643997962172056,0.9269879144010417,1.7019086211113565,1.1446795562621528
2022-05-28,41259212.253472224,3645820.274830973,1.8807853774663914,0.9317653569562501,1.843416908665328,1.2631132961213523
2022-05-29,40003691.95486111,3541656.2693331083,1.986643863861649,0.9305714733378472,1.9284969458936372,1.3065672888982638
2022-05-30,39756206.885416664,3752013.790001688,2.119344098200722,0.9258506281791666,2.0731605711758383,1.1601852147986111
2022-05-31,40680569.565972224,3892214.699382091,2.211134601990531,0.9077591272201389,2.2742951851503928,1.3022366284260416
2022-06-01,42370045.260416664,3976027.099911443,2.216063407929857,0.9319625170361111,2.1738192114876647,1.1539999122937499
2022-06-02,41077628.20486111,3707963.9209099645,2.327330958914084,0.9290865157340278,2.2549980136328176,1.2429179911288193
2022-06-03,41566797.208333336,3738128.464605173,2.2221845403071026,0.9368810495034722,2.148690121467367,1.1911355188215278
2022-06-04,43250520.43055555,3852993.105759395,2.163584183695898,0.9293219487017361,2.1455287100582847,1.4853036772663195
2022-06-05,54892913.78125,5107345.189125259,1.887783818953221,0.9007482358927084,1.8942671464460308,1.1324691409440972
2022-06-06,51903317.14930555,4985767.139751877,1.8705462924626077,0.9191987894315972,1.878886531006634,1.091953664510764
2022-06-07,44007447.395833336,3988184.6000423497,2.346559636653266,0.9315294257965276,2.2520230021913776,1.2136477715291667
2022-06-08,43316204.17361111,3859383.0875617545,2.3992284094691,0.9317095985201388,2.4505138411792142,1.2242454209524307
2022-06-09,45108848.385416664,3964622.222366385,2.5161408132461456,0.9259238455128472,2.649562088685671,1.3242880760142361
2022-06-10,45994913.05555555,3854919.6379414224,2.66688375174615,0.9466453025618056,2.712679002856368,1.0683153161708332
2022-06-11,44171384.770833336,3523899.5769991027,2.447967065235032,0.95474614381875,2.4228281341574642,1.108099134135764
2022-06-12,43311718.9375,3157322.0686052106,1.9318932068753132,0.9422559706284722,1.7598587209939782,1.2587350248145832
2022-06-13,44480256.19444445,2888480.437539651,1.9593312952470912,0.9118106099270834,1.8443004197313175,1.0866824971413194
2022-06-14,46510250.43055555,3049883.0497934357,2.01512488391371,0.8699432990854167,1.8875124381627282,1.1493146509624999
2022-06-15,46554361.91319445,3024426.393506222,2.1877550194502984,0.9085990467006945,2.0381985898811767,1.0634506552555556
2022-06-16,43017578.458333336,2916725.945577445,2.208435848291651,0.941879975396875,2.008481684347854,1.084814838396875
2022-06-17,44184213.47569445,2998761.090473512,1.8903060484966785,0.9357442061552084,1.8667170018082078,1.1555414106770834
2022-06-18,47142254.565972224,3037930.5348589164,1.724833378175443,0.9744910915295139,1.739932407461735,1.0635680416541666
2022-06-19,47811612.989583336,3043240.4398766276,1.8603488374262322,0.9976083415024305,1.8741482538343321,1.1545647342083332
2022-06-20,50036910.034722224,3462440.696591529,1.8973418202646704,0.9786230153489583,1.8331170223601114,1.1001505220083334
2022-06-21,50335426.20486111,3735743.2370608747,1.778278520282553,0.9814369513347222,1.6769193798995854,1.1436979881447915
2022-06-22,54116485.729166664,3971252.1280803215,1.8578292762446498,0.9928453742875001,1.8168078474960119,1.1097814626822915
2022-06-23,57002217.760416664,4108149.2542598736,2.0527606588534137,0.9810339108524305,2.112473054989813,1.127888054864236
2022-06-24,59633481.10763889,4435454.29293365,2.4177071776575394,1.0041780611015543,2.408929402201655,1.0637918970260418
2022-06-25,62645170.0,4589866.803215954,,,2.6113132165646875,1.1595808304743054
2022-06-26,64331727.583333336,4664234.212082773,,,2.647165179633708,1.0668342173916665
2022-06-27,66403627.090277776,4662565.593436804,2.51750207279485,1.0271309187166666,2.474962409983851,1.1581335920090279
2022-06-28,66284075.697916664,4533741.190923928,,,2.4306008744399406,1.1587216067989583
2022-06-29,62724281.15625,4101147.2834076006,,,2.608301279696807,1.1971957429211806
2022-06-30,60855288.25694445,3758513.981773961,,,2.5629917224650347,1.1522797122347221
2022-07-01,60211567.70138889,3750295.6123623643,,,2.683033042795861,1.1394708144763888
2022-07-02,59758185.86111111,3727022.645487247,,,2.463694068187202,1.2322217566072917
2022-07-03,60327419.958333336,3750843.3747615293,,,2.2771606957035693,1.3675565884381944
2022-07-04,62442060.39236111,3869874.520094068,,,2.422170240268764,1.1846647797291667
2022-07-05,62590112.21180555,3900534.702716274,,,2.5758059517913363,1.1552554675934028
2022-07-06,60747620.34375,3745564.4412426404,,,2.320462551291806,1.1451992178697916
2022-07-07,63208897.340277776,4001825.1781461984,,,2.117290005103532,1.2573904880003473
2022-07-08,59390450.42361111,3826300.2348669884,,,2.3079720297891653,1.2030309868777778
2022-07-09,57807548.57638889,3847743.8239552844,,,2.311184010446114,1.1773092450399305
2022-07-10,59113696.18055555,3881152.6832955386,,,2.4892489579947794,1.2605326774045138
2022-07-11,57501381.53819445,3596199.1998501336,,,2.3935046033643896,1.2481322022024306
2022-07-12,58012682.71180555,3528531.075638801,,,2.367786323705646,1.241798294898611
2022-07-13,59750523.71875,3620812.3494074857,,,2.2853355936803044,1.1926817247614583
2022-07-14,57587391.83680555,3597390.224634938,,,2.276502014657174,1.2345995690729168
2022-07-15,55326769.152777776,3591018.9667740334,,,2.191311650062408,1.1947432411774306
2022-07-16,57720195.86111111,3764256.6178690847,,,1.8789778403515187,1.5211122877194443
2022-07-17,58160205.91319445,3813318.8396919817,,,2.0249874590304717,1.2787069150923611
2022-07-18,59119336.958333336,4054577.108187586,,,2.0082367816522324,1.2338594792434028
2022-07-19,56579447.80555555,4069304.7646245128,,,2.0995633726123675,1.1020502919670139
2022-07-20,59779635.0,4466664.989788228,,,1.8826585047818445,1.1770251728756944
2022-07-21,61880022.61805555,4331715.210943365,,,1.9094913923155354,1.1657631063295137
2022-07-22,58338874.229166664,4199904.254436573,,,2.083593005900415,1.0974330319395833
2022-07-23,58819725.791666664,4060361.558043177,,,2.1385564560507966,1.2171941089222222
2022-07-24,61720866.63888889,4365448.698210171,,,1.7414377238885936,1.1792950661475694
2022-07-25,63093932.39236111,4302555.269142055,,,2.139419663584243,1.0426638020506944
2022-07-26,52767996.684027776,3389106.403928211,,,2.0378365365463593,1.2041301791208334
2022-07-27,52715828.041666664,3481472.0779983792,,,1.9865996935381713,1.2001626492180555
2022-07-28,52163762.53819445,3661191.3157446743,,,2.1820282177074795,1.1697461645684026
2022-07-29,54340478.40625,3912418.4106911984,,,2.2427006425773617,1.068216478459375
2022-07-30,57416722.722222224,4224530.056510207,,,2.2278886463469703,1.239242710761111
2022-07-31,63484483.48611111,4898882.824882554,,,2.168436543504053,1.0142023944885417
2022-08-01,59795669.114583336,4578334.959469926,,,2.421760095212501,1.1622011657871527
2022-08-02,60796646.35069445,4518040.721004802,,,2.2961370008959427,1.1326940508590277
2022-08-03,69241781.09027778,4996331.655805364,,,2.238511261356937,1.087624452351736
2022-08-04,67415775.0625,4819291.639974304,,,2.4791208656784924,0.9977180906652777
2022-08-05,64185922.409722224,4731061.18630524,,,2.619971544651142,1.017197353095139
2022-08-06,72943472.0,5619095.169851739,,,2.8015545109152065,1.1157311029715278
2022-08-07,73749115.77430555,5699122.697284603,,,2.875906998464251,1.0398100318868055
2022-08-08,73628394.4236111,5805380.93797701,,,3.2493395931443794,1.1008654698864584
2022-08-09,78819069.99652778,6065069.590646483,,,3.3390336356410337,1.0297375343284723
2022-08-10,80746485.15277778,6139984.473823601,,,3.044563280385878,1.1800181672159722
2022-08-11,83455675.47916667,6724269.864447302,,,2.391916478103892,1.073398192801736
2022-08-12,85525276.41319445,6943420.591710944,,,2.423798841622167,1.0427289369447916
2022-08-13,78251034.36805555,6445903.273617413,,,2.4173249452262513,1.2153826103572916
2022-08-14,79331879.34027778,6407319.703272092,,,2.743594449432642,1.1297842280010417
2022-08-15,80228090.82291667,6299063.311874725,,,3.2899613400310823,1.0816237251652778
2022-08-16,83076131.1076389,6391878.635337478,,,3.547817003446131,1.0698862196253471
2022-08-17,78027118.65972222,5924582.178048544,,,3.497334707163396,1.09744047025625
2022-08-18,78288520.0625,5771356.6881315075,,,3.321460267425383,1.1732910306090278
2022-08-19,69028514.9375,4572615.66366175,,,3.0256778922057475,1.0934694342201388
2022-08-20,72643391.8125,4870429.091984723,,,2.642268095362645,1.1304769021777779
2022-08-21,79314364.6875,5419562.413161383,,,2.8628899036399695,1.1927766963333335
2022-08-22,68588314.36805555,4593571.794616859,,,2.646165915206586,1.1581527655371526
2022-08-23,69314326.87152778,4600159.723846981,,,2.6457327704837907,1.035600684242361
2022-08-24,73067655.9375,4901866.495011975,,,2.756391027264371,1.1459271722434028
2022-08-25,76003357.08680555,5169519.5186278215,,,2.799114935147552,1.036135193500347
2022-08-26,77121889.13541667,5132181.590314601,,,2.598455821319701,1.1118731693590278
2022-08-27,72892295.73958333,4575311.492245201,,,2.664202632211237,1.0870810592982638
2022-08-28,75842808.65972222,4831579.975171986,,,2.6026720952380957,1.1439819786788195
2022-08-29,76664332.625,4924746.581145054,,,2.45042992019112,1.1614445686774306
2022-08-30,75817551.46875,4910234.873368562,,,2.5860344540695057,1.0803632638281249
2022-08-31,74120789.9548611,4773387.029632155,,,2.487369554757181,1.1825510943513888
2022-09-01,76860954.56944445,4790305.5256582005,,,2.385721279002247,1.1528996982875
2022-09-02,88905825.26041667,5556925.792018605,,,3.0532279349335014,1.11937022334375
2022-09-03,90684373.7048611,5570960.598430139,1.9937677449327869,0.9779389002800001,2.816168328140176,1.3603466152795138
2022-09-04,100401260.71527778,6123605.666851383,,,3.5275151758428027,1.2459715272254355
2022-09-05,99609811.82291667,6120824.002612635,,,3.4224398780817333,0.9719306200295139
2022-09-06,88117226.94097222,5431957.538861318,,,3.0973997662045307,1.0606837627711805
2022-09-07,86699455.86805555,5141536.924340601,,,2.829690052416285,1.2034988771128472
2022-09-08,84320724.0,5113975.040267758,,,2.875899219160121,1.1603799599371527
2022-09-09,86620970.44097222,5453275.063785583,,,2.3549505828457216,1.1550222697194445
2022-09-10,83915957.09375,5345224.708481152,,,2.26114899749823,1.1572239006190972
2022-09-11,87266542.24305555,5569729.517488778,,,2.3495607363660103,1.3946578007628472
2022-09-12,102090662.4375,6796774.667437853,,,2.153884564456757,1.107044810151736
2022-09-13,148793953.375,10070363.53617767,,,1.9786252540150322,1.076562016996875
2022-09-14,114399410.77083333,7320083.453357539,,,2.5467656510973686,1.163255187996875
2022-09-15,97199860.66666667,6032409.678231659,,,2.470848489349843,1.184152136692361
2022-09-16,86954893.72569445,5282398.564755786,,,2.867427275232255,1.11479119408125
2022-09-17,89527684.2951389,5499690.031536605,,,2.9032282677646837,1.2697983902944445
2022-09-18,93924874.5173611,5664856.498561301,,,2.983978882655347,1.249367874515625
2022-09-19,82541407.5173611,4770486.988053124,,,2.7252350124652778,1.0868993917708334
2022-09-20,82866513.74652778,4795122.050251575,,,2.576614307048611,1.2204807326736111
2022-09-21,85825302.41666667,4943911.868361648,,,2.4907446610416666,1.1409920796875
2022-09-22,85877390.48958333,5041498.485342188,,,2.556650880704529,1.0744797368385415
2022-09-23,79395646.8611111,4806986.058201339,,,2.456204789216406,1.1281379652579862
2022-09-24,90554347.80902778,5623369.29105797,,,2.150751230568571,1.189174063190625
2022-09-25,89053170.12847222,5404833.967212258,,,2.42591106962988,1.1481472141211804
2022-09-26,96694903.05902778,5714795.237607794,,,2.7266071465238584,1.037078399151389
2022-09-27,90768728.4548611,5447372.7062382875,,,2.6515074400386944,1.088317526021875
2022-09-28,89871520.53125,5181196.112966121,,,2.776626351107238,1.1763059550152777
2022-09-29,93388183.50347222,5368410.961530963,,,2.637680674486449,1.2007436605447916
2022-09-30,96901128.78125,5578851.966265442,,,2.5368998824841484,1.1973024513597224
2022-10-01,98341501.0625,5642580.791206244,,,2.537962241638513,1.555493372654861
2022-10-02,100936584.28819445,5766466.170949388,,,2.530552038976401,1.2522457817774306
2022-10-03,103631013.76041667,5913893.1599451965,,,2.6846754318539823,1.1504081547395832
2022-10-04,104733973.90972222,6084067.752826102,,,2.6453007816716507,1.223167521782986
2022-10-05,110584923.0763889,6370344.622772454,,,2.8526115295752126,1.1601244787142362
2022-10-06,106854095.12152778,6208221.095937639,,,2.549966743116881,1.0593497326121528
2022-10-07,116172317.0,6850087.177270435,,,2.0125693483535034,1.0358898063260418
2022-10-08,125262893.75347222,7512828.857776936,,,1.5792724154508646,1.4682263442833332
2022-10-09,121772135.96875,7328572.4542523725,,,1.4393162610585801,1.3116783798479166
2022-10-10,114833875.90277778,6854375.970119857,,,1.7943614433682644,1.1729195415878473
2022-10-11,137443132.0,8267833.736338008,,,1.4436958088273195,1.1148614140569444
2022-10-12,300407082.1076389,19455440.53336143,,,0.5149279098467908,1.1074215162340277
2022-10-13,257702951.14583334,16224841.786455313,,,1.0675578930830285,1.0697098307875
2022-10-14,177741048.2638889,11189334.736197816,,,1.4977693183454017,1.1531209511739584
2022-10-15,163642503.875,10051130.919510856,,,1.9233271935249232,1.1526899088413194
2022-10-16,158349873.5590278,9592346.108900826,,,2.221123701783613,1.1831045551569443
2022-10-17,153001900.4027778,9417751.549759835,,,2.0787524977025935,1.1508001887746528
2022-10-18,144875952.1215278,9100867.91638016,,,1.9452629980744784,1.0692224595572917
2022-10-19,134835460.02430555,8170846.01733018,,,2.3053333401047524,1.1893133894121528
2022-10-20,132120216.0451389,7796096.610030262,,,2.495478303267615,1.1456552976524306
2022-10-21,129962614.01041667,7588788.915683048,,,2.452054647061239,1.0957105620822916
2022-10-22,125083937.4548611,7433696.818216268,,,2.2453703473925706,1.2219698686017362
2022-10-23,119692247.61805555,7115552.241654281,,,2.2075206703996155,1.1745636791531249
2022-10-24,116518177.78819445,6864417.392827022,,,2.4864044648339045,1.108437407567361
2022-10-25,116063540.94444445,6887373.607081044,,,2.628654457201826,1.1277284233131946
2022-10-26,126294239.38194445,7624627.974087621,,,2.7771953807370497,1.1837330003354165
2022-10-27,128544243.71180555,7730202.2811348075,,,2.7725972079325203,1.099327483407986
2022-10-28,122964230.42708333,7295849.676062545,,,2.6590976808563935,1.0954986584690973
2022-10-29,120511072.3576389,7308325.927541523,,,2.4650436287852386,1.301874656594097
2022-10-30,119846963.63541667,7362826.211951377,,,2.6001706835416667,1.157455718263889
2022-10-31,123116078.08680555,7407109.699846777,,,2.7048334056916405,1.172446806675347
2022-11-01,130758566.1736111,7740575.740643557,,,2.8458748673616854,1.0793244842357639
2022-11-02,128309304.40625,7537889.633343546,,,2.7855486920625494,0.9984700972635417
2022-11-03,126298005.57291667,7556960.409521535,,,2.9609213857076044,1.1231902453649305
2022-11-04,148082138.8923611,9153230.481528051,,,3.1948687332236023,1.0615130200663194
2022-11-05,162468208.2638889,10247866.312224383,,,2.7428616339246616,0.9992286102895833
2022-11-06,158377487.53125,9758692.205250956,,,3.0368447158219114,1.0353466353916667
2022-11-07,151449730.2534722,9004288.172509737,,,3.4805133631351186,1.0736518015770833
2022-11-08,127947278.99305555,7038455.059140783,,,3.3627764766007764,1.0047153109989582
2022-11-09,103768797.34375,4997438.916934004,,,2.793736980181132,0.9864390730125001
2022-11-10,97100097.87152778,4786300.927472958,,,2.3016546158351776,1.0544577549506944
2022-11-11,100323520.96180555,4830920.5957242735,,,2.534138602466608,1.0542421653239584
2022-11-12,98840688.64583333,4631768.721948274,,,2.514415217067111,1.1600220403722221
2022-11-13,98063055.82291667,4574271.683162152,,,2.26198575099396,1.1764845240277777
2022-11-14,106141651.53125,4808330.247035313,,,2.385528544068406,1.151653736068403
2022-11-15,105487644.87847222,5145050.892524466,,,1.928718628544225,1.2143752480434027
2022-11-16,109090886.0486111,5261893.552978823,,,2.1879974365565493,1.124651546254514
2022-11-17,128169157.87152778,6364428.886432009,,,1.5150183186530746,1.1995491919975694
2022-11-18,129370289.54166667,6278596.22516573,,,2.130252091987131,1.3163223898958334
2022-11-19,124319028.60069445,5978423.872255799,,,2.2569078639080438,1.3000755559111112
2022-11-20,119316997.95833333,5731791.235668151,,,2.0685879361372073,1.3204256106957746
2022-11-21,112837691.15277778,5181986.815895788,,,2.1606726268466616,1.118094781139236
2022-11-22,111717869.14930555,5109304.123575945,,,2.523276992847739,1.160766369670486
2022-11-23,112640041.7951389,5352090.158521508,,,2.4869969641631666,1.349676911584722
2022-11-24,111342981.4236111,5442134.359383532,,,2.1189313675656325,1.1920204047180556
2022-11-25,106672709.59027778,5216895.6417313125,,,1.8936539143861058,1.3085991754420139
2022-11-26,102487803.07291667,5106593.106666377,,,1.8944905631540172,1.2339478675121527
2022-11-27,103421218.31597222,5170683.713155528,,,1.8440175582140295,1.4303342780871526
2022-11-28,100358242.6736111,4849221.573297666,,,2.0043370663321074,1.197063731284375
2022-11-29,100283210.52430555,4905504.633612419,,,2.217470916756062,1.3718532949739584
2022-11-30,99610572.84027778,4989307.815308514,,,2.1542810059516757,1.3909109155364583
2022-12-01,99822686.25694445,4967087.205310024,,,2.1574784153907207,1.1785138624475693
2022-12-02,104190801.6076389,5075902.873484146,,,2.469005943215882,1.2689246955607638
2022-12-03,109648616.22569445,5274672.50517954,,,2.942843890244537,1.4455402001815973
2022-12-04,112151257.99652778,5347907.800060656,,,3.3494538505660474,1.3567612166281249
2022-12-05,105281867.71180555,5119282.778681666,,,2.952211391977623,1.1335974016
2022-12-06,103445447.78472222,4998608.891745874,,,2.7808401245591563,1.3407474068631944
2022-12-07,110846516.9513889,5216679.69817389,,,3.353353581274013,1.1107234838583333
2022-12-08,111839820.88541667,5291833.002173469,,,2.962755424487701,1.2250869352743057
2022-12-09,106565779.86458333,5111319.423893079,,,2.538839840882595,1.423703948788889
2022-12-10,108495755.12847222,5242011.438619893,,,2.2488175960809804,1.67080352305625
2022-12-11,115004276.08333333,5573861.813079099,,,2.1241583854631685,1.9811400148572917
2022-12-12,109477748.47569445,5132783.949100744,,,2.694187080404882,1.1948904605086805
2022-12-13,101446704.99652778,4776463.586526788,,,2.7541261124531005,1.1372764618277778
2022-12-14,101728410.72916667,4817578.343593772,2.4999649359901253,0.9448853888742574,2.732584105173652,1.3735523966354168
2022-12-15,122014199.11458333,5585185.9452167135,2.56926774563261,0.871091715428125,2.98237900612957,1.2689466347854166
2022-12-16,119307551.69791667,5328835.352250146,2.636794575806909,0.8281868424298611,3.3172018308570608,1.137595166026389
2022-12-17,118630464.93055555,5015891.127265445,2.64378947122386,0.8582541938868056,3.2676335832358445,1.1010298801065972
2022-12-18,118137627.99305555,5158041.572893746,2.122262444884041,0.8855699303993055,2.124395781011427,1.4842070725781251
2022-12-19,111398094.6076389,4785493.969900512,2.413233403001415,0.9253756104791666,2.4229508642168303,1.234444947632639
2022-12-20,109068314.58333333,4586939.3158333935,2.734271152445265,0.9733093841701389,3.1588504295800255,1.2644602779791667
2022-12-21,106265565.85069445,4528027.849572215,2.2960479987821634,0.9759847108864582,2.464901443460438,1.3578601056493056
2022-12-22,105878195.15277778,4548581.800968113,1.9740264543247694,0.9807893336590278,2.0976470884136256,1.365428536901736
2022-12-23,105803560.25694445,4605736.670773435,1.9806107313090993,0.9838914465010417,2.030053808328395,1.7104326995927084
2022-12-24,107644385.29166667,4711966.452171656,1.9069145931936422,0.9852784593256945,1.9527002947364027,1.7995011553000002
2022-12-25,109261847.34722222,4759617.093479623,1.833827446096112,0.9927523756777776,1.8738761094957814,2.7513382331697915
2022-12-26,106599427.52083333,4650065.560392433,2.005982480010151,0.9919044167743056,2.1150078308645517,1.4688426712753473
2022-12-27,107731745.81597222,4677699.138351478,2.0665323593613665,0.9911217520013889,2.147550478056943,1.568877563953125
2022-12-28,111867394.31944445,4620444.832295103,2.349743749557959,0.9798403985347223,2.583140565565265,1.5124479174951388
2022-12-29,115322121.84027778,4636566.607197543,2.5554869751445977,0.9643178208211806,3.1694930937118406,1.6092054384600694
2022-12-30,129034455.0,4946884.59564275,3.062554746220764,0.9587626515631944,3.82748846069745,1.3641914116732639
2022-12-31,153457299.0173611,5645389.982826699,2.953523272883593,0.945812617579514,3.810745737341584,1.3739055683697918
2023-01-01,170189628.22569445,6309137.500175199,2.4293735049277316,0.9459368686968751,3.094047786134462,1.0600980858454863
2023-01-02,178420658.81944445,6875472.727409263,2.0729782860264825,0.9680125130107639,2.408948167573537,1.0368148288541665
2023-01-03,162958058.4548611,6320208.940649072,2.270741597757486,0.9758907713517362,2.574213411335499,2.0014296404805556
2023-01-04,150453500.875,5783314.328643562,2.313910684427675,0.9486551193798611,2.7261401337756856,1.3054982040215277
2023-01-05,151331113.16319445,5794796.767099809,2.371817340731861,0.9439816857020834,2.728716130071495,1.335629919234722
2023-01-06,137029035.82291666,5173827.405427072,2.5696666865024103,0.9423328166899305,3.030541215093917,1.2583602548489585
2023-01-07,132460407.8125,5179806.753171367,2.248899124255435,0.9515460086263889,2.417671553522578,1.4681835991288195
2023-01-08,142209372.8298611,5717672.904305968,1.9473235128780395,0.9545137153541666,1.9864548287742463,1.1760079842177082
2023-01-09,136756573.5902778,6004126.361358785,1.7925688564423004,0.9729724244430555,1.806926881191065,1.1525871749770833
2023-01-10,125307772.52083333,5541202.751302669,1.796579169569975,0.9850835855506944,1.8233895785797698,1.146634064678472
2023-01-11,116487366.52777778,5151922.067630664,1.8661328278797147,0.9823928469184027,1.852897844856436,1.1078346962635417
2023-01-12,122134791.25,5698079.424659508,1.6829187339253897,0.9875002115854168,1.7129802241333678,1.0932586200201388
2023-01-13,118637507.63541667,5647274.105736274,1.907832125389967,0.9832371649895832,1.9376660396512833,1.0981348662743056
2023-01-14,111774657.15277778,5780361.61421175,1.646042032173791,0.9713177491215278,1.7500213904003832,1.1493826793788195
2023-01-15,112267620.25694445,5811179.316441644,1.8655606158489708,0.9707226487909723,1.9914847493369636,1.2355785201315972
2023-01-16,109327004.25347222,5790626.818305905,1.8306914593726507,0.9756095102208333,1.9843924037532306,1.1898509590725694
2023-01-17,106000157.24652778,5695340.980652922,1.7171387819573076,0.9853322192208334,1.8484590607820626,1.1020185114656251
2023-01-18,114942275.16319445,6389112.651496634,1.5164663541753491,0.99209974621875,1.5468772166410854,1.0904371926427083
2023-01-19,151207671.52083334,8622019.282301413,1.3832599280024982,0.9962596908781249,1.3305176074676037,1.085313692975347
2023-01-20,210172482.4652778,13468598.303551786,0.9514685061179059,1.025739365396875,0.8321748144373677,1.0786078826072916
2023-01-21,179717561.11458334,13008625.89746119,1.1744101530965534,0.986148258345486,1.0791350542411224,1.054433214089236
2023-01-22,153287963.7465278,10810941.80455086,1.4188287488180351,1.0066479674569444,1.4310401829638733,1.0773058573541665
2023-01-23,139042769.36458334,9624799.748948678,1.4863785513131618,0.9728593383965277,1.5509083599955515,1.2012257745314487
2023-01-24,130928413.2638889,8893946.488396088,1.741449471567301,0.9610530689062501,1.980719702453784,1.1041603227711805
2023-01-25,122940127.13541667,7964489.568297829,1.9142936481768917,1.0020807678763888,2.1323882540554706,1.0718199295965278
2023-01-26,111786543.3888889,7499031.49508637,1.893009572843938,1.029620260070139,2.0623754932731986,1.0395327745236111
2023-01-27,105442166.19444445,7178328.199132927,1.7343087950981533,1.0539519364333332,1.8828257950966443,1.058897523613889
2023-01-28,107110011.5173611,7296780.807045674,1.857364006429117,1.0593697758534721,1.9911129142687534,1.1289062286416667
2023-01-29,108786875.7673611,7438144.537755652,1.9138530709361836,1.0241636583822915,2.165775420117895,1.232448512776389
2023-01-30,111274790.90277778,7385234.452235696,2.069759499170925,1.0574128083642362,2.1846596475590547,1.04900975109375
2023-01-31,106521594.08680555,6917786.956178475,1.9736148464714287,1.0375929234364585,2.2708776151737857,1.1570441702829861
2023-02-01,106191678.44444445,6879995.833824623,1.9496783553870058,1.0366946855181185,2.253722646081503,1.050135364057639
2023-02-02,98320616.8576389,6784807.370261144,1.8948647378419818,1.0201076186434028,1.9491771214304974,1.1493251305243055
2023-02-03,102077205.2638889,7087970.477633044,1.8736011088159275,0.9680032503326389,2.128835419771871,1.0693969918145834
2023-02-04,110555239.02083333,8033589.804052424,1.7666604536797612,0.9533698094538194,1.961575098263431,1.1188300910805555
2023-02-05,107176308.0486111,7654427.82847165,2.0026502623887867,0.9529654062538194,2.261939140396659,1.0479135149902779
2023-02-06,103746154.3923611,7212166.369362628,2.0959478136619,0.9636038360208333,2.425178784895345,1.087889112573611
2023-02-07,110772858.22569445,7930420.658381944,1.9207788701420112,1.0004072567583333,2.314089554750444,1.0667784072805555
2023-02-08,125204794.30902778,9445562.492591133,2.2176029420439565,0.9814483677784723,2.652745259867805,1.1417640021461806
2023-02-09,118133140.15277778,8508309.744638585,2.4171944326303083,0.9523630887170138,2.8684255616569647,1.0820579050517363
2023-02-10,169079008.63541666,12789141.533659713,1.2613046261876226,0.9230531087006946,1.352666947605306,1.073558344811111
2023-02-11,222558532.28125,19144651.910915032,0.8628887860091292,0.9415062958208333,0.8672409058236821,1.0879641432628473
2023-02-12,233079281.55555555,21385933.30529975,0.9105293219054995,0.9697792901715278,0.8573081497205213,1.08327183039375
2023-02-13,186741125.91319445,15596978.04704943,1.3751310164435733,1.0009525647239583,1.3695075154944183,1.1067404339684028
2023-02-14,161358515.33680555,14002915.737556692,1.3319036347766375,1.0228342010930556,1.4015756575830216,1.1243924835496528
2023-02-15,153865287.0,13425083.427337924,1.4220481450542184,1.0492546449979168,1.639983780984552,1.060003126948264
2023-02-16,154430879.14930555,13879342.37753054,1.6866310446576291,1.0942419823711806,1.9201938400116763,1.0554253434402776
2023-02-17,131127007.95833333,11267392.937785603,1.8540459801928226,1.0446591891847221,2.070066269035861,1.057672417771875
2023-02-18,129036485.15972222,11055467.660616733,1.949493347342334,1.0648104256253472,2.2632523524479575,1.1106076767354167
2023-02-19,134237032.4722222,11925302.41183108,1.8396517849353975,1.0590406608763887,1.9982266446416128,1.0295390789006946
2023-02-20,129508503.01041667,11342137.733895175,2.21843652067406,1.0386215733506945,2.56122209582575,1.1293332164111112
2023-02-21,130092546.03819445,10950613.796945399,2.4644538884177063,1.0206827150065974,2.880104370361816,1.1607145336586806
2023-02-22,129181132.4201389,10426906.656787468,2.494007619121429,0.9980814624326388,3.019907672286474,1.0603395352427083
2023-02-23,124150606.2638889,10133032.345306633,2.420850792581174,0.9961346460795139,3.0047926463286636,1.0483837436211807
2023-02-24,122906235.3611111,9773091.328521067,2.416034167467511,0.9971383533493056,2.834462239444331,1.1294207658878472
2023-02-25,125723068.8263889,9530413.950742772,2.4938527941546353,0.986263872490625,2.918846056997568,1.1454797346493055
2023-02-26,128278548.84375,9609812.675637016,2.4850313472313603,1.0194991174079862,2.810992390449905,1.1616589460777778
2023-02-27,145462000.22916666,10577444.638622472,2.5222957137525497,1.025855188115625,3.016178957837745,1.0380729724440974
2023-02-28,161333489.83333334,11419570.738192324,2.4410774152127606,1.0748348544739583,2.9806690771768927,1.0994666272864582
2023-03-01,164387627.4548611,11556979.571521774,2.4818388093886714,1.063705990390278,3.1798126328328213,1.131094851540278
2023-03-02,163326059.44444445,11121196.40195754,2.6946533078842867,1.070889143803125,3.380841959944409,1.1777787556038195
2023-03-03,135489937.53125,8803343.677385664,2.7941557973627114,1.0883518466961806,3.1276869996326417,1.0511260085996528
2023-03-04,132106046.3298611,8570523.112807281,2.7679679990294384,1.0621381062920139,3.0917722174802136,1.1834798991277777
2023-03-05,128068652.08680555,8344125.541830073,2.651640890050392,1.0573253898465278,2.914227917917255,1.1723960124427082
2023-03-06,122402123.7951389,7817350.637483501,3.1082258267031,1.0225325716548612,3.529494815498421,1.1745599298934026
2023-03-07,118479730.49652778,7507864.766503922,3.062194552823197,0.9782935464020832,3.479678845774306,1.1239844465392361
2023-03-08,121705495.09722222,7486299.195423167,2.593620653234717,0.9434039768819444,2.756819292713338,1.1541842460548613
2023-03-09,125491474.2361111,7441865.089967641,2.4156921151983264,0.9207595350236111,2.6232736806420607,1.0597646478187501
2023-03-10,134829243.0972222,7736522.6463758005,2.241005312349788,0.8972755737562499,2.2891136332414463,1.0651576387864583
2023-03-11,124979632.80208333,7301796.942965705,2.1833386737391227,0.8840620598597222,2.208014725644552,1.1265068334888888
2023-03-12,124783637.30555555,7195833.450554382,2.489047869528315,0.8824631188878472,2.5299711337983224,1.0878628682371527
2023-03-13,120733225.61458333,7459496.208864469,2.268971126215278,0.8937839007986111,2.326783969027778,1.1164991528125001
2023-03-14,100141907.21527778,6519682.681530279,2.234128667880967,0.9054133044756943,2.3150273559187795,1.0475357386770834
2023-03-15,93635746.125,5964293.045461917,2.489215762235011,0.9307937456468749,2.595942409515912,1.0531376798847223
2023-03-16,97772037.72916667,5898458.591067185,2.612811364149051,0.9098019732871528,2.967598299389315,1.018544491351389
2023-03-17,90878121.7638889,5666925.332610502,2.4401259828374986,0.91704460250625,2.75212362360581,1.0713111264111113
2023-03-18,95469686.77083333,6160856.820431236,2.516425226399093,0.9545381938628472,2.7136136905132924,1.065008322370139
2023-03-19,88770697.21875,5682709.950099219,2.5417724786105063,0.9268247639899305,2.840745448220639,1.0798194478666667
2023-03-20,90801320.44791667,5720353.848953188,2.864427679333049,0.9357299952850694,3.081937799099188,1.0804166399194444
2023-03-21,93098003.5625,5771972.114103508,2.4733252911795898,0.91345294694375,2.7558128852603647,1.0525041694246529
2023-03-22,87688282.25,5497249.373339843,2.50437058387824,0.9433041416211806,2.711998056548165,1.031483521110764
2023-03-23,86098393.82291667,5276007.50807444,2.790240538306806,0.94944324375625,3.0761551666004383,1.1318781237510416
2023-03-24,88502853.38541667,5386127.857060637,2.7900877142647316,0.9438247159055556,3.1375191628458383,1.09616299451875
2023-03-25,87071883.2013889,5210935.225599155,2.5274413712859736,0.9194955217947915,2.9599856707333405,1.119724268970486
2023-03-26,91061960.7361111,5549490.559668063,2.3002935450396205,0.9090119186298611,2.7383999162561574,1.0464875369559028
2023-03-27,104201441.875,6232785.279348301,2.4137629456310417,0.9374121155784721,2.5524295292342583,1.0590737904496528
2023-03-28,102067154.75347222,6023421.893669901,2.1985407393238465,0.8979975596072917,2.1757144557423667,1.0782169040434026
2023-03-29,100680826.7048611,6238130.256681067,2.158090978484781,0.8797022575076389,2.314028680936312,1.1070733519288194
2023-03-30,121113868.22222222,7870883.473117366,2.420081177257035,0.8844165836118055,2.657307243516687,1.053605445514236
2023-03-31,175447090.17708334,12552310.364254693,1.7744305791016624,0.8705629917604167,1.7743734346304305,1.0207789198190973
2023-04-01,142962858.2777778,10202348.32699744,1.9890515648080813,0.8550552964864583,2.0538073507072365,1.0916333339201387
2023-04-02,137362351.63194445,10127316.362818897,1.8195838745858173,0.861746515678125,1.9304665299219432,1.072684815604514
2023-04-03,129428804.64583333,9084140.985723464,2.2665870230526868,0.8609253680402777,2.506708650962496,1.1254112487340278
2023-04-04,133768047.7048611,9009975.916468328,2.3207759407652215,0.8889456926753473,2.6026852317547537,1.056238633545486
2023-04-05,139894902.5798611,9400521.808204122,2.672602050457963,0.8946426612010416,3.042914097343589,1.0405156912934028
2023-04-06,139626137.52083334,9174558.849438645,2.729129912775285,0.9281519499003471,3.234028318162814,1.0215629360024305
2023-04-07,139259883.9375,9054853.275123585,2.7173512652557568,0.9378093400857639,3.3610704928461024,1.0722717349274307
2023-04-08,143363619.86805555,9336177.14420911,2.660922139043811,0.942349543775,3.424102842958036,1.1802775102690972
2023-04-09,150871106.4409722,9663492.888479846,2.9088024020443815,0.9417220247878473,3.730993410029063,1.2653028578829861
2023-04-10,137917156.9965278,8683204.103627548,2.637041606296462,0.9597525014336805,3.294011038146271,0.9984203117138889
2023-04-11,139936871.16319445,9216875.804738816,2.7557824062779854,1.0207802622475695,3.2668834185023248,1.09521418668125
2023-04-12,135606071.94791666,8651206.72117382,2.6307373706943333,1.0117287669128472,3.0533129905618734,1.0393208859059027
2023-04-13,136551209.2326389,8903730.603673616,2.4165534951387238,1.003942756832639,2.838214253644828,1.0413762881965278
2023-04-14,136693004.21875,9180149.428338831,2.5712040185549205,1.024239693771528,2.937102110613638,1.0038192374597221
2023-04-15,136414405.875,9287021.80215212,2.5349771532521883,1.0013761104656251,2.9831179816740163,0.9515327880590276
2023-04-16,140398830.13194445,9557957.976206142,3.108863635618521,0.9994042528468751,3.652818041402382,1.0277715289975695
2023-04-17,138355759.2638889,9303562.716986993,3.5231109954230284,1.01200914378125,3.9706318688543254,1.088159584417361
2023-04-18,141419645.40625,9569076.958745757,3.238095416013446,0.9769942530326389,3.8059707115375994,0.9596479687767361
2023-04-19,138027732.2777778,8929749.858070564,3.7733816946870453,0.9987699255284722,4.143624713757411,1.1089867384322918
2023-04-20,127620937.9201389,7983090.714031484,3.224204394650542,0.9799193311635417,3.5279381997362895,1.0863055830864583
2023-04-21,128065667.0451389,7813056.899815391,2.856326220707117,0.9829931429607639,3.008869690935672,1.0482074358385416
2023-04-22,126264445.44791667,7615082.020031028,2.5085732489495927,0.9674473596774305,2.544709070247789,1.133647300676736
2023-04-23,120551776.1111111,7300435.139276322,2.414052436114174,0.991661310607639,2.324650564205842,1.150388580946875
2023-04-24,119450495.23958333,7153425.982952361,2.565740434970876,0.999619502788889,2.638131609704125,1.0863370515916666
2023-04-25,129082178.14583333,7668377.957419758,2.6283386751048963,0.9836990070333334,2.8259814662444147,1.0841277260409723
2023-04-26,128760176.49305555,7916479.537326459,2.528265007571478,0.9236852378694445,2.698684539582151,1.1155730702600695
2023-04-27,120988822.59722222,7357757.378587447,2.559242466878035,0.9353681826871527,2.7853675698933236,1.1450223081756945
2023-04-28,118406346.89930555,7180933.199194814,2.600625417499322,0.94017665194375,2.8246440616669815,1.2542121872086804
2023-04-29,116814776.34027778,7091787.301625798,2.70370000032024,0.9342685105600695,2.9445402263741594,1.3498506277104165
2023-04-30,180677100.98958334,11503835.070224516,1.712267912826017,0.9125161624368057,1.6228838177032308,1.044506972737847
2023-05-01,179801548.76041666,10933231.134901613,2.4436874513861815,0.8636025492104167,2.6556037756287068,1.0656430722454862
2023-05-02,167027017.56944445,9765231.477832617,2.487622645661977,0.8424793087666667,2.9956173708254314,1.112879218979514
2023-05-03,158534381.35069445,9105753.446555719,2.533305647915543,0.8687807654826388,3.0773129358544065,1.120971547632639
2023-05-04,137263451.46875,7944679.219260882,2.4077130370713977,0.9203215341427085,2.83924543167361,1.1690165074322918
2023-05-05,134296457.4965278,7780747.733114464,2.4026317644683886,0.9360445371548612,2.8388285913802593,1.2732855883090277
2023-05-06,128772532.14930555,7375722.23176892,2.5345600143875515,0.9756121977951389,3.0412121344888807,1.0445190657340278
2023-05-07,123650486.90277778,7021340.381785185,2.4757499988859855,0.9530334339645834,2.985340087433536,1.1054902149163195
2023-05-08,119158854.9513889,6489154.970676705,2.5366664580904645,0.9847808812440972,2.951462396133499,1.0802785709333333
2023-05-09,110525278.99305555,5944938.928702116,2.359135451671598,0.9710902387170138,2.6578599061064008,1.1190044016600695
2023-05-10,107356211.6388889,5822918.447285399,2.361758661250564,0.9844603905371527,2.7077562925131304,1.1372635729871527
2023-05-11,117690242.30902778,6143300.058625793,2.4073648801267806,0.9929165521048611,2.758465037517444,1.0963353162805556
2023-05-12,120090040.1875,6141053.678383287,2.214712103444401,0.9955263574979166,2.6386625748745955,1.0343953221288194
2023-05-13,124114393.875,6406174.19934789,2.3216581997850545,1.0383550174357639,2.6521351822551007,1.0605431070586806
2023-05-14,131659947.94444445,6800464.665730091,2.219723955782621,1.0438358721277778,2.50935008393387,1.2066033887743055
2023-05-15,138400478.77083334,7271667.738784019,2.176538688027563,1.0713458178065973,2.4293868211695764,1.0671351499604167
2023-05-16,142899452.7534722,7471382.160681407,2.3708105425812986,1.1354744942350694,2.653163389581207,1.160229958365972
2023-05-17,151073426.3090278,7916930.319782134,2.6555694652606494,1.2200455218100694,2.9231617499662645,1.230179524653125
2023-05-18,152396193.8888889,8004999.490925966,2.8699831646088736,1.2432967054475694,3.1409718386273457,1.1411016727052083
2023-05-19,149037758.63194445,7831383.661367016,2.683607157206902,1.2184506207013888,3.0748144204670633,1.1908938561197917
2023-05-20,146463303.0659722,7739785.539473991,2.6347433035831758,1.2253081943027777,2.981690082101519,1.1846139500836805
2023-05-21,143760385.49305555,7555175.231608987,2.6939073505923723,1.240389757588889,3.0080195913544956,1.3523296129163194
2023-05-22,142736240.60069445,7420903.014600646,2.704272382253838,1.2220931866319444,3.0264738589584854,1.1880415299788194
2023-05-23,142777919.1284722,7467767.477535521,2.6229047546839883,1.1971387756413194,2.9318682107740046,1.3086884752194445
2023-05-24,138867390.2673611,7076770.40871949,2.7520590093733444,1.1994985033756944,3.0723472519608106,1.2352767971666667
2023-05-25,137647301.14930555,6977348.316059241,2.7726711005992413,1.1967533212180554,3.1622168402018245,1.350795142642361
2023-05-26,141063094.67708334,7207868.812323287,2.5053705363915784,1.186641754538889,2.8781562867877692,1.3641102798791667
2023-05-27,141295765.39583334,7350786.5473690275,2.3189473565364245,1.1912566691020834,2.5788327746315307,1.2793750117430556
2023-05-28,145150435.5173611,7629611.616917608,2.4228421712840102,1.1959301119020833,2.6049552410473655,1.3683113997125
2023-05-29,144182819.5590278,7615341.787696113,2.4288014539374583,1.1935334267506945,2.758574253500785,1.3933959371357638
2023-05-30,152330409.33680555,8030842.7343815155,2.4734636167405046,1.1519574045777778,2.9141458866713776,1.212075245088889
2023-05-31,157833682.83680555,8142797.783264439,2.5383158399430017,1.1520148826881944,2.881170319764824,1.3512216369944445
2023-06-01,158932231.02083334,8094439.7112699365,2.556543498261589,1.1153149682475696,2.8644616382936317,1.3246447573052085
2023-06-02,179572797.90625,9075037.681098282,2.6140198751271586,1.033865737838889,3.0277374282951546,1.3894785789944446
2023-06-03,185749621.9965278,9377860.503022954,2.8024712814283355,1.0301670932736111,3.3706322458910285,1.6023301984850695
2023-06-04,188052516.1875,9503058.382723494,2.3815220197652267,1.0386665166590279,2.9955227417614676,1.6515755998875
2023-06-05,188666478.75694445,9304287.074417355,2.197270928181221,0.9783034328708333,2.688333365534378,1.1409359312135416
2023-06-06,164839914.7777778,8039080.019600067,2.132051632472441,0.9492839717819445,2.4778391245690585,1.2357616402732639
2023-06-07,157757098.51041666,7710295.407331637,1.9614292413829186,1.006672634685764,2.2575065571969284,1.1676525118892362
2023-06-08,153673070.4097222,7408697.411125238,2.141130905263647,1.0258096659944445,2.5460239606624295,1.2550661997583332
2023-06-09,156839298.4548611,7604892.458061788,2.2016083372034236,1.0325289849145833,2.5859691040509274,1.3194265440920139
2023-06-10,148393514.27430555,6618314.4610335715,1.7099843314428458,0.9472078420545138,1.9398696607696766,1.0537325178760417
2023-06-11,138174708.19444445,6108292.383147959,1.8350176764465342,0.8764690136065972,2.072116585982282,1.1887748489131944
2023-06-12,139936736.36458334,6225284.395782154,1.7261594257414075,0.8433805164579861,1.9830976555947961,1.104026004596875
2023-06-13,137647211.13194445,6306075.1174256215,1.763221416145781,0.8353589334430556,2.014547289932178,1.3063164864479166
2023-06-14,138857244.0763889,6480933.6233210405,1.660207540708412,0.8496263363822917,1.8655689348585547,1.103811603232986
2023-06-15,148125611.4375,6479836.449539886,1.8575041770125469,0.7798726856791667,2.1824912848624525,1.0438738519427084
2023-06-16,174573140.2673611,7541181.221634318,1.6107406182536017,0.7733290597069444,2.0025444687034417,1.1320190205291665
2023-06-17,160596941.41319445,7297593.605731999,1.4852291771780435,0.7805987502499999,1.7170589509671315,2.1706414092236113
2023-06-18,153985030.7777778,7012220.3530956125,1.5740495176897038,0.7753466977875001,1.7663352830560477,1.391994611498264
2023-06-19,144773273.5,6515142.015777212,1.633128387401106,0.7782449255003472,1.8309624762101084,1.3374388795336807
2023-06-20,144391480.3263889,6672623.966172899,1.4285710217489642,0.8214526736913195,1.626868140628575,1.1421011123923612
2023-06-21,134804938.10069445,6728777.509599401,1.5633844003068984,0.9521313526159721,1.6505137698989054,1.0820555776319445
2023-06-22,122979264.83333333,6232215.292825647,1.9502072872300664,1.0094429328930556,2.091861151252003,1.1311352483218748
2023-06-23,114706898.87152778,5889347.074169315,1.8726365782700742,1.0176834926576388,2.0349809226395212,1.0438945930027779
2023-06-24,101972817.05555555,5288583.09511534,2.050861964248301,1.037754503604514,2.0902313380588424,1.1184391150871529
2023-06-25,114734941.77430555,5987991.20877574,1.9658235993249729,1.0148532470645835,2.0960819467131113,1.0465009056319445
2023-06-26,121624262.2638889,6152374.530573811,2.108921146238197,1.005643336703125,2.3255700074364847,1.085094517623264
2023-06-27,117761845.10416667,5943376.319177037,2.1661084810596662,0.9908542565802083,2.386250208935708,1.1464547498416666
2023-06-28,121025391.01041667,5926874.980865138,1.7872018568083188,0.9987380195239584,1.9609259228239833,1.0755574376510415
2023-06-29,116634756.21875,5655916.153108014,1.6144105711047148,0.9591641805493055,1.8308773002461212,1.1253046913190972
2023-06-30,110727141.90972222,5523027.259227394,2.016889704903546,0.9581950641902777,2.2244744134616727,1.0903379938003472
2023-07-01,113226142.36805555,5721189.711644544,2.419194359692723,1.0042169430159722,2.5383504079783745,1.2975477524489585
2023-07-02,120425224.9236111,6021133.013111881,2.5285578760961243,1.0176832137239584,2.605716876225383,1.1461659977663194
2023-07-03,128728668.84375,6522634.732357672,2.824360628397487,1.0097617003684027,3.4077378066937705,1.1208528158440971
2023-07-04,149721514.7326389,7374463.077053377,2.8522248285181595,0.9814055305930557,3.3892197065573963,1.0810855751368056
2023-07-05,146481847.2847222,7030924.708567456,2.3790395997397535,0.965728817046875,2.730123551722643,1.106026796240625
2023-07-06,139820469.8472222,6608128.687791453,2.1621856612723924,0.9674380171125,2.5293258465696566,1.1781549163934026
2023-07-07,133633390.8923611,6239417.501047489,1.779161411690505,0.9670251668888888,2.1852685136191052,1.090388437945486
2023-07-08,131568849.90625,6198448.486006992,1.9419741121541694,0.9780682955076389,2.365757954457049,1.117972173519097
2023-07-09,128131556.74652778,6042142.681943229,2.110836802822745,0.9866567885958334,2.5037009192180992,1.381797772623611
2023-07-10,125104873.7048611,5881608.140157227,1.9658531923958331,0.9844117509027777,2.293648954027778,1.1532149772222222
2023-07-11,124631287.16666667,5969313.392856696,1.8847542073611112,1.0150839491666668,2.1869488040625003,1.2903154822569443
2023-07-12,123205074.3125,5987624.815443324,1.9570213410069444,1.019516159236111,2.2576999366666666,1.0082523325694444
2023-07-13,120130426.59375,5916634.855510303,2.0385537723958334,1.0327983984027778,2.2766539051388888,1.175904230138889
2023-07-14,115761172.2951389,6030507.900495533,2.402890906527778,1.1241385568402777,2.4076332072569446,1.0801848359375
2023-07-15,121517509.4548611,6300558.398919407,2.252649234965278,1.1187668665972224,2.2771041336458335,1.1462474121527777
2023-07-16,124044557.8263889,6397581.835850034,2.2524625076041667,1.026029743611111,2.2304746477777777,1.1145829307638888
2023-07-17,119259154.3576389,6164837.3456157595,2.3252252018402775,1.0471133014236111,2.398949383576389,1.0838765124305556
2023-07-18,149497222.8715278,7881383.157522051,1.8247194503819442,1.0543256752083332,1.858869524027778,1.0669109974652777
2023-07-19,201617823.80555555,11137134.392703604,1.3344608343750002,1.0288319922222222,1.4049872300347221,1.0661731290625
2023-07-20,255606380.5347222,14701057.170998188,1.1613126267361111,1.025750513125,1.2037448136458333,1.1046275742361111
2023-07-21,210642563.26041666,11726783.964922357,1.4482624350347222,1.0123350275347223,1.4921128022569445,1.0521240139930557
2023-07-22,185149124.23958334,10086816.22872707,1.7708672907986112,1.0088647596180556,1.8525055424305554,1.1632391315625
2023-07-23,159760538.91666666,8522509.052550763,1.6710999570833334,1.003716102951389,1.8013097703124998,1.1796296990625
2023-07-24,144565879.77430555,7595681.849196737,1.6561215931597222,1.009129878125,1.7092318897222223,1.1097127629513888
2023-07-25,135248277.7048611,7033001.73243237,1.624757134513889,1.0074112324652778,1.7337110685416668,1.114946224097222
2023-07-26,128972993.5138889,6699169.969564331,1.7786032206944447,1.0352332864583333,1.99452172,1.0912802715972223
2023-07-27,139806492.89583334,7321865.149113529,1.7949549173263888,1.11591210125,2.053508620277778,1.2415910727777777
2023-07-28,134241850.41666666,6968882.382787631,1.835207641527778,1.117022227361111,2.0797566914930554,1.3127163514930555
2023-07-29,133610216.46527778,7125610.561621742,1.6999556071180555,1.0928330895486111,1.8415515391666668,1.1746082938541667
2023-07-30,138656062.6736111,7400565.11047704,1.8374747288541668,1.0954113220138888,2.017224231909722,1.551577048125
2023-07-31,135947986.89930555,7154670.13761231,2.1555093697569445,1.0773703084375,2.372486174652778,1.2001869025694445
2023-08-01,128625045.29166667,6584898.055648842,2.1618125277430553,1.0040992211805557,2.4276941848263887,1.1421920925347222
2023-08-02,142562942.5798611,7360134.892639875,1.7940253869791667,0.9108898647569446,1.964873754236111,1.1061218852430557
2023-08-03,189198424.2048611,10088197.076725546,1.12712707875,0.8737024903125,1.105557988888889,1.1145826849652778
2023-08-04,170909088.9236111,9079754.12009555,1.2870169826041666,0.9260430048611111,1.3282438633333333,1.1497642104513888
2023-08-05,154807911.8784722,8093553.037325089,1.5534433146180555,0.9765427533333333,1.6825164523958334,1.158991962638889
2023-08-06,169925101.5451389,9443035.112128498,1.3037949182986113,0.9599366542708333,1.4314810528819446,1.1317137700000002
2023-08-07,207336089.42708334,11560284.336490493,1.3389861152777778,0.9558307837152777,1.4301152335416667,1.0905644497222222
2023-08-08,260404140.92708334,15560315.329363218,0.9089447195138889,0.944671045138889,0.9516448272916667,1.046318346701389
2023-08-09,322096634.3611111,19788267.33563188,0.6077078128571428,0.9360267951567945,0.5827454414634147,1.0894590635069443
2023-08-10,268314458.2951389,15709424.35490687,0.9784297708680556,0.9188622632638889,1.0150513929166667,1.1216414559027779
2023-08-11,228748556.72916666,13007284.136872899,1.271131990138889,0.9320420735416667,1.4072500189236112,1.2481118547569445
2023-08-12,219074454.28125,12391071.017801834,1.2520198225694446,0.9502510764236111,1.444780734548611,1.1875865858333332
2023-08-13,213720707.45833334,12051167.481030779,1.2338363504166667,0.9409520889930556,1.5042876238541667,1.2930890743055556
2023-08-14,325028193.5902778,21053144.61879535,0.6546738690625,1.0310015514236113,0.6749098841666666,1.0318529312847222
2023-08-15,556742604.7361112,39288798.527239785,0.500187555763889,1.0338153699652777,0.4755580327777778,1.0489921488541667
2023-08-16,414946841.28125,26587192.37789613,0.9213193331944445,1.0226340484375,0.9516127288194445,1.0456561758333334
2023-08-17,321951163.1875,19632733.376030017,1.2151023989236112,1.0191168261458334,1.3088551454166666,1.0281316790972221
2023-08-18,242376371.8159722,13811164.468237583,1.2809436488541666,1.0718161770833334,1.434554050451389,1.124567308263889
2023-08-19,302527675.4236111,19555995.918277632,1.0195585695486111,1.0622792069444444,1.0878768001736112,1.0616345539930556
2023-08-20,316730262.9722222,19911414.073086124,1.1768235648958332,1.0685685656944444,1.1707144613541667,1.075092013611111
2023-08-21,284756072.9895833,17723585.82800217,1.2187444615972223,1.0212259434027777,1.340780616701389,1.0447059487152779
2023-08-22,262495412.36458334,15990848.75794111,1.2235964662152776,0.9978172151736112,1.431612855,1.0179663019097223
2023-08-23,265476242.13541666,15841693.246959504,1.2763938253472222,0.9331519172569445,1.5008271664930557,1.0612987597222223
2023-08-24,272124659.8888889,16588495.033523265,1.2460193333680556,0.9332581965277778,1.4691992589930556,1.0579114868750001
2023-08-25,279333192.7361111,16501137.62102789,1.1951140130555555,0.9190131393750001,1.4592387915972223,1.0159364992013888
2023-08-26,292616229.9756944,16904514.390982553,1.1448254643055555,0.8817334002777778,1.3666020894444444,1.3491963531010454
2023-08-27,279761285.6111111,16234964.882214053,1.1834273963541666,0.8678878155902778,1.3713612904166665,1.1129374778125
2023-08-28,274894224.3888889,15439512.698007666,1.3354466713888888,0.9456155898958334,1.536224422222222,1.0967790675347222
2023-08-29,269314306.4236111,14814297.384690676,1.4147117905902777,1.0478781628125,1.5933524783680555,1.1049399946875
2023-08-30,251706437.35416666,13702288.812747842,1.5572331533680555,1.1213909981944445,1.637591384375,1.1746136769791666
2023-08-31,246605628.78819445,13028255.34714582,1.58420452375,1.0721571272916668,1.7858972360416665,1.0644953167013889
2023-09-01,244511678.01041666,12378752.98709476,1.366341569201389,1.028413872013889,1.5863344316319443,1.1597579186458333
2023-09-02,242242067.84375,11916315.888253687,1.4781339668402778,1.0274342245833334,1.672657428611111,1.159789001076389
2023-09-03,245374978.4409722,12101894.910954034,1.6198342775347223,1.0102144087152778,1.828125906388889,1.1610398126736112
2023-09-04,259536167.69791666,12570771.015758133,1.7315259017708333,0.9855501763888888,2.086758735659722,1.2048091644444443
2023-09-05,246195463.5347222,11996724.815838138,1.7995900355208336,1.0070836384375,2.1626967478472223,1.1717569816666666
2023-09-06,244426779.21875,11996359.638774808,1.9542206126388888,1.082495886875,2.277431872465278,1.168685298888889
2023-09-07,240359069.13194445,11828595.296687063,1.9566408398958335,1.171449503576389,2.2300224757291667,1.1629077510416668
2023-09-08,230803367.1215278,11514932.6105197,1.9920252740277777,1.1446210987152776,2.2292778487847222,1.170458056701389
2023-09-09,228630081.3298611,11327321.911879528,2.1747301035416666,1.1694024243055554,2.334162758715278,1.4996374780902777
2023-09-10,220687149.0902778,10587910.98139246,2.1967217886805557,1.1718654017708332,2.370438122673611,1.1922193730902777
2023-09-11,211108479.33680555,9825923.276249295,2.025979866909722,1.1026915522222223,2.1798678591666665,1.1132299848958334
2023-09-12,192692615.60701755,9035772.555347666,1.8350523552631577,0.9171652986666666,1.9941886279999999,1.1050416398245615
2023-09-13,184022783.52430555,8876622.330085149,1.6912154885416666,0.920233829861111,1.8054180565625002,1.1108331930208335
2023-09-14,283019740.7395833,14593541.643803198,1.3258519538541667,0.8538643433333334,1.3670681732291667,1.0200330435069445
2023-09-15,252186872.66319445,12757645.277197601,1.5234681548958333,0.8433274836111111,1.700379535625,1.1857769020833333
2023-09-16,210268264.9861111,10799978.015667997,1.7598316775,0.8951786202430555,1.9386235998263888,1.1019836236805556
2023-09-17,196864094.2534722,9899952.920845097,1.741505329201389,0.8946616656249999,1.940313548125,1.0966172826736111
2023-09-18,185104725.19791666,9365918.686345961,1.520818468923611,0.9052309314236111,1.6674094269791668,1.2395847760763887
2023-09-19,179919636.4340278,9077699.434713274,1.6452606693402778,0.9401628534027778,1.840135643611111,1.1955438366319444
2023-09-20,187091094.9027778,9444819.352538686,1.8209971398958333,0.9849536690277778,1.991069695173611,1.1929681424652778
2023-09-21,188622916.85416666,9523213.058374416,2.002094073854167,0.9923932839583333,2.1662101933680558,1.0937807328472222
2023-09-22,186068910.89583334,9342687.900310671,2.127240348854167,1.0104217302777778,2.3497714687152778,1.3277420479513888
2023-09-23,191552839.4097222,9792473.253169797,1.9606866184722225,1.0028871073958332,2.2154931969444447,1.2241497828125
2023-09-24,196313963.41666666,9930406.741009442,2.2044824890277774,1.018171905625,2.494405743194444,1.2573013301041667
2023-09-25,180592268.7222222,9076148.413363013,2.056897249513889,1.0096204319791666,2.503393278472222,1.2170320290277779
2023-09-26,168042261.1701389,8363291.957441204,2.0069926297916667,1.0264794376041666,2.419368444895833,1.1335097279166666
2023-09-27,167964867.10416666,8282621.337123775,1.927651215798611,1.0284446496527777,2.2032118630555555,1.2439064846180556
2023-09-28,173642867.98958334,8612821.619365819,2.014871018368056,1.0079316571527779,2.2258432528125,1.1580082149652777
2023-09-29,189924346.73958334,9428074.646918204,2.266330013298611,0.9559655695138889,2.3965509339583333,1.2040975066319444
2023-09-30,188300419.38194445,9362422.822793946,2.225684279097222,0.9432264681249999,2.3263788201041664,1.4029464437152777
2023-10-01,198052559.67708334,9909429.004069664,2.367048417326389,0.9520533562152776,2.540567547986111,1.242178913159722
2023-10-02,203096549.9027778,10320664.865274537,2.233737870347222,0.9608737014930555,2.3178280339583335,1.1469361216666667
2023-10-03,191068968.72916666,9565202.89386197,1.7901712646875,0.9713720864583334,1.9006964046875001,1.173181619548611
2023-10-04,186093892.52083334,9037895.576431662,1.9689989125694443,0.9247744077777776,2.072728878298611,1.2397274966319445
2023-10-05,196704547.5034722,9515682.07096233,2.098781075277778,0.9403599968402777,2.1493010783680555,1.4778825468055556
2023-10-06,202871410.89583334,9789009.914740125,2.217942909444444,0.9988698776736111,2.256678649027778,1.6925450010069445
2023-10-07,196609483.9097222,9498689.269963756,2.2309531400347224,0.987099654236111,2.276471454548611,2.8373459747916665
2023-10-08,187833011.10416666,9024677.614707213,2.185386022465278,0.96085991625,2.2262242933680554,1.5544153622569443
2023-10-09,178449680.4722222,8398625.129984565,2.157795313541667,0.9445202805902778,2.1742434447916668,1.148522775451389
2023-10-10,172713165.36805555,8096183.315687615,2.062625855590278,0.9735251300694444,2.101637146180556,1.3482587250694444
2023-10-11,180117114.44444445,8327937.42173829,2.042275633645833,1.0081662680208334,2.1015588454166667,1.293249728298611
2023-10-12,183334258.3125,8423615.017944487,2.0802436429166664,1.054061208576389,2.1659329087847223,1.3099807295833332
2023-10-13,188314572.34375,8659042.378792254,2.0361856728819445,1.0687775833333335,2.1161931320138887,1.3193956772222224
2023-10-14,187165883.43055555,8746632.441913106,2.014465324791667,1.0890920737847223,2.048898125902778,1.8310038640972222
2023-10-15,185799498.3923611,8725069.367639693,2.144519815173611,1.0819213669097223,2.1786131555208335,2.1816918897569444
2023-10-16,184888103.625,8745514.164067233,2.1601201173263886,1.0568053531944444,2.3109706489583335,1.3670137271180556
2023-10-17,177766585.9027778,8319623.071340982,2.2274723890277777,1.0442895347569445,2.304393853958333,1.4273538527430556
2023-10-18,182376490.35416666,8734302.073145954,1.957901968611111,0.9937690381944445,2.0468239378819444,1.0799268933333335
2023-10-19,170573743.53819445,7905097.722121101,2.1412883439930557,0.9352211256944444,2.4142904984027775,1.405030754826389
2023-10-20,162989795.0486111,7659942.280122689,1.947426797986111,0.9411865060416668,2.199519545173611,1.4476040680555555
2023-10-21,159297246.1111111,7684824.642029191,1.8202897026736113,0.9400515459722223,1.8755724710416668,1.6669819022916665
2023-10-22,161363364.90625,7907765.204228248,1.8598098049652778,0.9524398307638889,2.0058036447569445,1.2050150761458331
2023-10-23,163472723.8402778,8168034.695487708,1.9392757782291667,0.9814626738541666,2.1330630800694443,1.1086334201041668
2023-10-24,165081296.02083334,8527863.680019855,1.9791628602430553,1.0551686775694444,2.249891442465278,1.0288088418055557
2023-10-25,171860567.0625,8859677.917856507,1.9697202002083334,0.9797127609374999,2.2646545671875002,1.1306119644791666
2023-10-26,182483337.8888889,9646539.90154569,1.7312010740625,0.9756844670486111,2.042497276423611,1.1686845060069446
2023-10-27,179060098.7152778,9202266.999917254,2.0028304926041667,0.9587803025347222,2.2769730844444442,1.1635299175694445
2023-10-28,178135972.48958334,9223744.615264049,1.9830189019791666,0.8943578350694446,2.322244589479167,1.2393870510416667
2023-10-29,182602072.15625,9504856.31320038,2.0246624372916666,0.9268828134722222,2.2652498389583333,1.2960236797569444
2023-10-30,188210951.08333334,9943751.953028344,2.145560136215278,0.9539868423958333,2.3731473651388892,1.1423296063541666
2023-10-31,184345020.92708334,9665909.007445967,2.4269522824305554,0.9638062183333334,2.7216003048958335,1.1256903801041667
2023-11-01,175690897.7048611,9106297.026089499,2.5652807678472223,1.0029191420833332,2.8249380392013888,1.2299659645833332
2023-11-02,185263832.2361111,10143895.242744021,2.367338173472222,1.0542835485763888,2.6202366819791667,1.160712329513889
2023-11-03,175739826.96875,9537656.592070566,2.6326679494791665,1.0424372190277778,2.977695399722222,1.0840325724305557
2023-11-04,180295373.46180555,9920768.982002197,2.8118842055555557,1.1197585290972223,3.1084113941319442,1.2224514318402777
2023-11-05,177188369.1423611,9894200.613300018,2.935550448645833,1.1204153364930556,3.2552802464583332,1.1691688606597221
2023-11-06,183391153.2986111,10464513.442354072,2.9621497597916666,1.1257500991319445,3.344700934236111,1.1646458267708333
2023-11-07,185436978.16666666,10803556.583701665,2.8832298440625,1.1320484678472222,3.098289738784722,1.0494391156944445
2023-11-08,181707378.6423611,10788872.098537479,2.6169091434375,1.0947201602430556,2.8062577198958336,1.0860323106597223
2023-11-09,177045737.42708334,10681203.63943788,2.943129432777778,1.1278637766666666,3.014992991875,1.036567872638889
2023-11-10,161170168.7951389,9821903.048619773,2.8058709662499997,0.977543992986111,2.7048895165277775,1.0020819699999999
2023-11-11,158900744.07291666,9980189.87755018,2.449112606132404,0.9573453262717769,2.446291786829268,1.0555989964583334
2023-11-12,162439162.78819445,10068727.807416586,2.9250903575,0.9346084580208333,3.2241591234375,1.1146806766319444
2023-11-13,156667438.05555555,9584066.407174353,3.1332423227777775,0.9681594317361112,3.4427553634375,1.0690996730902778
2023-11-14,145764557.2465278,8593949.544493861,2.9280069917708333,0.8950654107638889,3.349886192326389,1.0826262339930555
2023-11-15,142695215.42708334,8584038.228884716,2.802794410451389,0.8987154223263888,3.1902762052777778,1.1455913557638888
2023-11-16,148910708.10416666,9255706.133524437,2.8837595663888886,0.961151631875,3.046760289965278,1.036363067456446
2023-11-17,157125567.11458334,9882561.037887044,2.426523455104167,0.9709646690625,2.7852007624999997,1.0662454947916666
2023-11-18,150877762.1423611,9308171.399378153,2.1419239436805553,0.9585054680208334,2.308725409548611,1.1258057549652778
2023-11-19,142078852.5902778,8699486.841377042,2.423418862326389,0.9326683165625,2.8322966024305556,1.138321131736111
2023-11-20,139107884.71180555,9136690.161481109,2.200997743971631,1.0207977267375887,2.4794738306382977,1.0571264901736113
2023-11-21,132759354.68402778,8348833.814565902,2.301886500833333,1.04487383625,2.591044319236111,1.072165804375
2023-11-22,122909654.0173611,7432770.795823115,1.9731327771180556,0.9639213987847223,2.439192664791667,1.1189067355902778
2023-11-23,116833356.7048611,7226497.618134974,2.138932042,1.055865018877193,2.337905067122807,1.1541454431944445
2023-11-24,120900239.8888889,7510273.464981809,1.9742279715277777,1.0794451354166668,2.0098532657986112,1.1376093465625
2023-11-25,121874124.66666667,7696648.106432868,2.1531883204166666,1.1248244635763889,2.1535516136805555,1.2072375734027778
2023-11-26,129809460.35416667,8185409.681224914,2.1286391059790213,1.206113426818182,2.1100968258041957,1.1495670391666666
2023-11-27,131232098.08333333,8043230.464846366,2.1370407440277774,1.1643632404166668,2.196619394930556,1.110755453923611
2023-11-28,133621426.69444445,8121242.646760687,1.8988979171527778,1.1459104847569443,1.7799799315972225,1.0890053800347221
2023-11-29,140372271.8888889,8494813.736566566,1.7866508170833333,1.2371395115972221,1.5953831007291666,1.2316198422222222
2023-11-30,139588589.9027778,8422485.1894451,1.676279235,1.1898964039930555,1.491680200138889,1.299747317673611
2023-12-01,144118481.3923611,8756063.245198168,1.7583045789930556,1.1708854330902776,1.5991826489583334,1.3206356396180556
2023-12-02,144793181.7048611,8942279.589049555,1.8471773984722222,1.2399061127430555,1.696383218888889,1.329593396875
2023-12-03,141695325.66666666,8779757.792903993,1.9590751689583332,1.3360092324305555,1.7786538785069443,1.3535791277083333
2023-12-04,142121785.55208334,8959529.406688163,1.9752248711458331,1.3802284005902776,1.7744844085416667,1.1421981555555556
2023-12-05,143291569.1840278,9317297.482426189,1.970031134861111,1.4426778959027777,1.7999729547569443,1.1407703821180555
2023-12-06,145063379.9548611,9921339.182640063,1.8900384117013889,1.3825897778125,2.0040112015972222,1.0704469516319444
2023-12-07,142289230.98958334,9671240.022221223,1.9533575985416667,1.3117592961805555,2.0634351272916667,1.1617431269791667
2023-12-08,145887083.38541666,10279209.0616755,1.9977778166319444,1.4244375113541665,2.0666649919791666,1.143107342048611
2023-12-09,155828974.2951389,11798605.390659118,2.259361911875,1.5779943532986112,2.2006365950694446,1.0456772980902778
2023-12-10,151951629.86805555,11338417.042224929,2.249789960763889,1.5722358338888889,2.2979557125347223,1.0875656765972221
2023-12-11,143453305.8472222,10238030.504765395,2.6270982515972223,1.5152385732986111,2.614917578125,1.013568852361111
2023-12-12,141941410.93055555,10357401.294781221,2.3168920339930557,1.3835735558333333,2.4780449628125,1.078389953263889
2023-12-13,148167708.8888889,11244678.270228846,2.127943516805556,1.507616059375,2.1701985063541667,1.0681324893750002
2023-12-14,151117238.88541666,12169567.781105338,2.166546630138889,1.5247893728125002,2.1839543255208334,1.113415374861111
2023-12-15,150581459.7013889,12681262.135020588,2.224975789548611,1.3584389869444444,2.2297008218750003,1.0456620600347222
2023-12-16,143049942.0659722,11676374.175017048,2.175585240173611,1.2997402377777778,2.3040860290625,1.1680693160763889
2023-12-17,138752831.4097222,11030097.51239362,2.356366240972222,1.2769493122222224,2.4642286253125,1.0530117850347223
2023-12-18,146224873.78125,11213543.661332026,2.348649377152778,1.1907105070833335,2.4226105734375003,1.1048109285416665
2023-12-19,141274131.54166666,11260042.189961378,2.232345236701389,1.2852204526041666,2.2248211405902776,1.1417987838541666
2023-12-20,145557629.44444445,12502986.95176352,1.8839001442708334,1.3666531609722223,1.92546322,1.1006551255208334
2023-12-21,145120456.97916666,12948791.884562798,2.0610256965625,1.4038034966319444,2.019707245625,1.131018595138889
2023-12-22,155682605.02083334,14058103.926654305,2.4136112627777777,1.2954459737847221,2.3712244483680553,1.11610607875
2023-12-23,153817537.7326389,13709660.832720384,2.644174573854167,1.2456824630902779,2.593459260902778,1.0827088436458334
2023-12-24,159273308.1215278,14732876.535757888,2.6418787908680557,1.246739089652778,2.516972701423611,1.023549314722222
2023-12-25,158063894.0798611,14350467.97448569,2.766133033784722,1.242196998715278,2.8453191731944445,1.1144139540277778
2023-12-26,157735051.78819445,14190407.993143259,3.297636613854167,1.2670210693750001,3.484441743402778,1.022120712638889
2023-12-27,150752952.99305555,13548683.729421645,3.207869071597222,1.2780509592361111,3.3830136238541666,1.0522645435069444
2023-12-28,152979801.18055555,14044681.796135182,3.087382994201389,1.38640769375,3.21559133,1.1989201410763888
2023-12-29,144788639.9097222,12915808.94379329,2.9781388338541666,1.395495434513889,3.2149086488541667,1.0666561628472222
2023-12-30,145999496.00694445,12810612.709111784,3.114465674201389,1.413854664826389,3.401288210763889,1.0991274949305554
2023-12-31,145928506.00694445,12799717.199756132,2.9199679877430555,1.422813965625,3.3394420503125,1.1008076981597223
2024-01-01,142216413.7222222,12305723.145714538,3.1732064884374998,1.3918687534722223,3.5833372992708337,1.1006282433680556
2024-01-02,161543527.6388889,15505694.91092971,2.8175137153125,1.5412143331597223,2.968286591284722,1.0221014138541666
2024-01-03,159560950.4861111,14767145.546832949,3.1172192310763887,1.3257319955902778,3.339240224340278,1.2740176169444444
2024-01-04,135117019.7777778,11825441.509935562,2.984601868263889,1.2893792326041666,3.3230879750694444,1.1053900070833333
2024-01-05,138175000.3611111,11650881.907673,2.8870097560069445,1.2192417428472222,3.2030422943750003,1.1361361583680556
2024-01-06,147525256.76041666,11860490.241349986,2.9270152702430554,1.1483799982291667,3.069527947951389,1.1449453398611111
2024-01-07,154629191.9340278,12210682.46044097,2.949604701840278,1.1051262005555555,3.3454249696875,1.0857546534722222
2024-01-08,149732845.26041666,11558272.271178266,2.54020994625,1.0834874641319443,2.8121248150347222,1.0235642664930555
2024-01-09,147685935.20833334,11607280.325303866,2.4311190180555555,1.0986821477083335,2.4803960488541668,1.04550405
2024-01-10,141994906.86458334,11035329.168775769,2.6227209753819443,1.0742818627430557,2.6459896713541666,1.0461119693402778
2024-01-11,137210350.01041666,11524655.059722573,2.5817980937847222,1.1228851623611111,2.520778023194444,1.0725516527083334
2024-01-12,139653171.10416666,11560439.546528976,2.8733672418055556,1.1327511710069444,2.699363365,1.029486802013889
2024-01-13,143821712.10416666,11463211.112696275,2.5919662688888887,1.13224598125,2.6857506941319444,1.1305456975
2024-01-14,140381489.7777778,11215675.377139432,2.594220042986111,1.1424493052777778,2.687709047291667,1.0207908067361111
2024-01-15,138418783.6111111,10883686.141434848,2.585053990243056,1.1410021595833333,2.7173066656944442,1.0868090891666666
2024-01-16,135643948.28819445,10770639.028955337,2.679873648229167,1.1399765340277779,2.8910272518055553,1.1605329766666665
2024-01-17,135798967.7638889,10851728.918162284,2.974980626840278,1.1710598724652777,3.155468809513889,1.0780928707291666
2024-01-18,138903977.6597222,10780125.529542359,3.175893372013889,1.1970804485069444,3.402790973402778,1.0968823437847222
2024-01-19,128576288.39930555,9615070.090420417,2.7677321880902777,1.2904119321875,3.0588531231597225,1.1087449804861111
2024-01-20,116209155.90625,8811087.042386249,2.4735208786805556,1.4906255742361112,2.7800641090972222,1.1138328313541668
2024-01-21,116978657.47569445,8967683.449693324,2.3026677419791666,1.5234601975347222,2.5190778821875,1.1526626300347222
2024-01-22,113266210.65972222,8327788.021938544,2.435460123263889,1.516371646284722,2.5984202415624997,1.0996761319097221
2024-01-23,108545905.52083333,7598234.590783836,2.2948845926388888,1.43684123,2.5502922455902777,1.0495085624652778
2024-01-24,106599949.2013889,7613852.256160281,2.1919292387500002,1.4564582640972223,2.2364071210763887,1.1408771820486112
2024-01-25,109519292.7013889,7829375.785498381,2.0954173983333333,1.4637014689930554,2.1001743552430554,1.0715788859027777
2024-01-26,111298235.1388889,8096888.016803175,2.0139778775694444,1.5085342955902776,2.0417042285069447,1.3153706622569445
2024-01-27,110037291.9375,8196804.940000764,1.9966768644791668,1.5989391369791666,1.9133267314236113,1.233754260972222
2024-01-28,112897146.44097222,8417674.514520455,1.981276012638889,1.5725323247222223,1.9132518155555556,1.1731314053125
2024-01-29,117634620.0173611,8646337.366939722,2.2403863355902778,1.5029848564930555,2.1580745313541665,1.247987655
2024-01-30,125263115.44791667,9287505.092169624,2.2679868952430557,1.536843138263889,2.121409835972222,1.181363098923611
2024-01-31,131483516.05555555,9367973.91077705,2.712108980277778,1.4036522202083335,2.6596346400347226,1.1423305505902777
2024-02-01,140239127.03819445,9702810.052770747,2.6974133756944445,1.2864867037499998,2.8422365281944444,1.1680015296180555
2024-02-02,149191573.2986111,10343618.18025779,2.5627433528472223,1.1777152032291667,2.7586102234722225,1.1900545409722223
2024-02-03,145615217.35416666,10110940.279036228,2.589803635659722,1.1197607452430556,2.7744513872916667,1.3380704960416667
2024-02-04,142415415.45833334,9806687.094259076,2.8055028749305553,1.1291037230555556,3.073315956666667,1.2209707724652779
2024-02-05,139847236.7013889,9682452.51522857,2.770249239548611,1.1208967746180556,3.067618339409722,1.1368512741666668
2024-02-06,177174871.5659722,12739892.858707713,2.2305251323958335,0.98246436625,2.3495575596180553,1.207957005625
2024-02-07,220519600.64583334,16205973.9797899,1.8509948345833334,0.9071436303472223,2.103489559826389,1.0453656369097222
2024-02-08,147320457.7777778,11298191.352687595,1.6797959697222222,1.025462259201389,1.890346965,1.0857769063541667
2024-02-09,134590337.9965278,10408346.40056452,1.7052676923958332,1.1381365697569443,1.9930040139583332,1.1523747620833333
2024-02-10,131289714.2638889,10343203.1956439,1.8697079007291666,1.2125149713541665,2.1606023532291667,1.0973675255208333
2024-02-11,131031449.9375,10314503.902827427,1.9268351735416667,1.2656024528125,2.1425879218055552,1.0896835567708334
2024-02-12,126599574.93402778,9876847.415866796,2.019212086215278,1.3458374840972223,2.357943423125,1.1218344306249999
2024-02-13,136518254.33333334,11014034.718038686,1.9416765148958335,1.5258265298958333,2.2428942852777776,1.0116689605208333
2024-02-14,143167027.13541666,11745155.256939063,2.1461183771875003,1.6071757466319445,2.3228394618055557,1.1177414131944445
2024-02-15,141715606.2465278,11728659.327176057,2.2813138150694443,1.7710767716666667,2.4339135965972223,1.109594355625
2024-02-16,137322009.30674848,11618941.492021723,2.338410713435583,2.1249587542331287,2.4247430393251532,0.9997579084049081
2024-02-17,136389268.0972222,11416621.068547789,2.7580951809375,2.193594914166667,2.7564130090625003,1.1546858948958334
2024-02-18,146845460.6701389,12897714.023821624,2.7136709036805557,2.3633800228125,2.655739491458333,1.1051380416666667
2024-02-19,196090284.0173611,19742747.18008052,2.4545183134375,2.0563365255208335,2.5700930720138886,1.0463375170138889
2024-02-20,224680478.8784722,23972242.90766398,2.469754229826389,1.8458197939236112,2.601563545625,1.0023640794097224
2024-02-21,216808651.80555555,22750138.387162924,2.5709560077777778,1.7398508518055555,3.014027333611111,1.0938155902083333
2024-02-22,204079430.0173611,22330222.060341027,2.419547893298611,1.818776599236111,2.9447885371875,1.0232722393402778
2024-02-23,192347039.85069445,21466767.84434568,2.639520210451389,1.8949167853472224,3.1906764579513887,1.0444268368402776
2024-02-24,189650642.6388889,20616584.20568462,2.4742060119097222,1.9348213351736112,3.0570778940625,1.0797119998958333
2024-02-25,194693966.07291666,21107692.473673705,2.5837418141666664,1.893376362083333,3.178287992118056,1.1262549773958335
2024-02-26,193205767.19791666,20839440.694373354,2.4747192307638888,1.944531968611111,3.0901594983680556,1.0358664473263888
2024-02-27,181122409.6597222,19955322.629232854,2.381991648159722,2.283280495138889,2.9931563554513887,1.1228596183333335
2024-02-28,178066376.4652778,20039710.26867314,2.6178472413541667,2.3595124511458336,3.1421794725,1.0628032088888888
2024-02-29,174922322.00694445,20433804.616091058,2.8566517188541667,2.4298764468750003,3.566146380277778,1.0741984647222222
2024-03-01,177596146.9027778,20539106.237338603,3.428065941979167,2.391699431840278,3.8789480728125003,1.1178505394791667
2024-03-02,179628031.8923611,20808735.27364702,4.2575752314583335,2.4264058443055556,5.091679615694444,1.0678117047916666
2024-03-03,178578627.07291666,20141879.400061082,4.600138474305556,2.284701764548611,5.430260396805555,1.000165973611111
2024-03-04,177300542.98954704,20458268.804734636,3.95431646620209,2.261636407665505,4.223069636933798,1.03896149825784
2024-03-05,177508534.9548611,21215430.467640243,3.9006254248958334,2.236173447916667,4.334181084027778,1.04216684375
2024-03-06,161782960.7638889,19276336.27971204,3.3305797554513887,2.169987763888889,3.6206603544444445,1.069420267361111
2024-03-07,170136605.5972222,22635877.936752547,3.699229677083333,2.494961350694444,4.004826493263889,1.0107613541666667
2024-03-08,170302102.8611111,22278417.272454426,5.217024236493056,2.45406734375,5.7191961418402775,1.037447329861111
2024-03-09,164181345.8263889,21422208.930121433,4.884410481701389,2.865294295138889,5.427328546423611,1.2206069305555556
2024-03-10,174694199.8090278,22357630.51254623,5.675885105833333,2.7002885451388887,6.4914706990277775,1.2270749236111111
2024-03-11,176625259.74305555,22636633.904527403,5.161202278229166,2.4769910104166666,5.670687897118055,1.0444251805555556
2024-03-12,170167529.18055555,22229645.61491137,4.874305003958333,2.988738173611111,5.288898107604166,1.0081931493055556
2024-03-13,160435326.7222222,21396775.270282347,5.110140606388889,2.760166357638889,5.2860408224305555,1.130607513888889
2024-03-14,151143741.2986111,19329124.27339483,5.491521237951389,2.41697546875,6.157709857604167,1.0673975
2024-03-15,149421704.2048611,17690799.315828033,5.233851515416666,2.3181643784722223,6.008370330312499,1.0292058472222223
2024-03-16,146196586.9652778,17290200.252590965,4.956344918194445,2.6206063645833333,5.343610068298611,1.0302330972222222
2024-03-17,143834178.67708334,16484708.950692829,4.403201396979167,2.569913298611111,4.701600349513889,1.0125728611111111
2024-03-18,140942090.0972222,15867551.64906059,4.557142818229167,2.398409635416667,4.7662251223263885,1.0547839444444445
2024-03-19,141254021.14930555,14828023.056057956,4.3581311771874995,2.0237103055555554,4.618012139409722,1.028729204861111
2024-03-20,149783411.7048611,15825618.556833394,4.051918499444444,2.0431358854166666,4.325069137951389,1.05080184375
2024-03-21,152891056.4375,16964628.24316016,4.267918486145834,1.9070028888888888,4.3149462946875,1.1031244756944443
2024-03-22,152461515.58680555,16454720.415981432,5.017872166145833,1.8205620520833332,5.021658413194444,1.0303728090277777
2024-03-23,149785665.66666666,16151997.940110287,4.653411561770834,1.7099613680555557,4.737034821805556,1.1257182604166667
2024-03-24,150901640.53125,16256844.456153879,4.704022318298611,1.7120985868055554,4.923407341284722,1.1452507256944444
2024-03-25,154705156.1909722,17589008.19023389,4.8736634861458334,1.7647417222222221,4.8520569119444446,1.1102235069444444
2024-03-26,156788591.1736111,18897185.269526117,4.849318085451389,1.7480078715277778,4.9798790534375,1.1556926527777778
2024-03-27,154448312.4548611,17895923.063886877,5.029294649652778,1.611986142361111,5.479080668611111,1.15906884375
2024-03-28,148089462.1701389,17027390.522978477,4.400657397986111,1.631041670138889,4.823329637847222,1.1409723333333333
2024-03-29,144926650.0138889,16706810.620510893,4.680813355104167,1.7279335381944445,5.203088429965278,1.1320079062500001
2024-03-30,144352797.2847222,16634636.651655683,4.685446873854167,1.92595853125,5.213535312083334,1.0675936319444446
2024-03-31,147861091.625,17199673.126991246,4.5884339106250005,1.9412981770833335,5.033963007743056,1.1230722777777777
2024-04-01,144663983.6076389,16108513.2216797,4.941830722256944,1.7680882604166668,5.442389614826389,1.10307153125
2024-04-02,138672891.0173611,14608455.004856924,4.575683393020833,1.6754768125000001,5.030330989618055,1.0818238993055556
2024-04-03,139069857.52430555,14516696.89235276,4.469272364305556,1.7061453784722223,4.765662476423611,1.0469647604166665
2024-04-04,144184400.22569445,15141931.872048298,4.291404104965277,1.7305474965277776,4.574328999965278,1.1418818055555555
2024-04-05,144150537.13541666,14910759.489884436,4.497471500833333,1.69748903125,4.7488471132638885,1.0393743576388887
2024-04-06,142441709.0763889,15018377.37147722,4.161277403090278,1.7245059583333333,4.349211731180556,1.1827688645833332
2024-04-07,143869363.6701389,15292644.01175748,4.517951504756945,1.7604574930555554,4.62649663125,1.2364220694444445
2024-04-08,162111682.25694445,17424440.777907506,4.566392156805556,1.8003168715277778,4.616241540173611,1.2055240243055556
2024-04-09,168212887.02430555,17957411.217899606,5.203953397638888,1.898469875,5.129943612256945,1.1531017986111112
2024-04-10,168669953.35416666,17204113.53491284,4.875103570416666,1.630296888888889,5.1031051415625,1.08801015625
2024-04-11,166770493.2013889,16784356.089931842,4.633981379097222,1.5893752881944445,4.839276764618056,1.044020326388889
2024-04-12,157517755.8611111,15098290.954023702,4.930744595694445,1.6282182916666668,4.8063641411111115,1.0441995347222222
2024-04-13,127383448.6701389,10596132.550172776,4.186629019375,1.3845408090277778,3.737937082013889,1.0209188506944444
2024-04-14,114076095.22916667,9013432.746994141,3.1882306172222226,1.2027214618055555,2.8277317389930556,1.0211334097222222
2024-04-15,110625917.5173611,9160062.612333404,3.021877317743056,1.2318995,2.683568640173611,1.0805111597222221
2024-04-16,111555965.65277778,8824261.104227152,2.957216956875,1.138069201388889,2.7333487259722222,1.0799649652777776
2024-04-17,110928260.78472222,8751188.076274183,2.8670083552777776,1.1309952152777778,2.8405095755555556,1.0282432708333333
2024-04-18,109196840.98958333,8761286.576866254,2.867244940659722,1.0468433715277776,2.784398659861111,1.0594581770833333
2024-04-19,109807397.81597222,8988292.96551133,3.002752792951389,1.2590971458333333,2.791984031875,1.0548731805555556
2024-04-20,114155766.08680555,9437592.76209712,2.9498309770833333,1.2942036979166667,2.8502062635763887,1.0466598020833333
2024-04-21,110061597.12847222,9804988.837860264,2.820404255138889,1.3386702881944443,2.627246344409722,1.2151389409722222
2024-04-22,107871820.72569445,9753133.509211456,2.978771579618056,1.3553998819444444,2.822540108888889,1.1749799895833333
2024-04-23,166750217.68055555,18721286.70218454,2.6797501282638887,1.2408243819444444,2.430427264340278,1.0966221840277777
2024-04-24,442437481.9652778,60737701.230198845,1.3924291510069446,1.060144326388889,1.147253235798611,1.027177972222222
2024-04-25,416888032.3194444,48685451.510398425,2.209526090902778,1.0084825868055556,2.1072335721527775,1.0580585069444444
2024-04-26,347519020.9583333,39681471.01898438,2.6675651294791667,1.0886921527777778,2.7993077018402777,1.053988298611111
2024-04-27,301073039.28125,32324284.048827913,2.763118500486111,1.1631886458333334,2.9331228901736113,1.0836726666666667
2024-04-28,290038261.9756944,30804408.14797445,3.0495628661805556,1.1791112569444444,3.334924097118056,1.0508460972222222
2024-04-29,266049371.6840278,27362835.25924298,2.8393694512847225,1.2233773055555557,3.333704382743056,1.044700701388889
2024-04-30,264528660.4201389,25572697.967154324,2.593028874722222,1.26085503125,3.0118761039583335,1.0694487534722221
2024-05-01,251081488.94444445,24314895.857467048,1.55510347375,1.2384664652777777,2.0060473984375,1.0211473090277776
2024-05-02,237633560.51041666,23277095.81426442,1.611278152013889,1.2571275000000002,2.105082790590278,1.05905634375
2024-05-03,233135889.7777778,24971401.613870546,1.8955300903819443,1.3032014895833333,2.3375628925694443,1.0264462986111111
2024-05-04,226234171.28125,24808263.9404695,2.208947565520833,1.3388141805555556,2.562630388923611,1.0801049270833334
2024-05-05,200698101.9826389,21976768.023836806,2.386405539236111,1.4754843506944446,2.687893259097222,1.0478406458333334
2024-05-06,200901939.96180555,23286608.6314313,2.3925381519791666,1.6052828749999999,2.5419951609375,1.0374356770833333
2024-05-07,194299272.875,21758801.85337843,2.655102260034722,1.57562303125,2.8843881134722222,1.0298864583333334
2024-05-08,185661049.6527778,19953434.00264148,2.599258136006944,1.5955767604166669,2.8104675868402778,1.0892382534722223
2024-05-09,177033503.05208334,19294545.88797849,2.318496109826389,1.6596381979166666,2.549599708402778,1.055430642361111
2024-05-10,176398770.76041666,19205706.051504277,2.0880226026388886,1.6515820798611112,2.3014368237152776,1.0707785833333334
2024-05-11,177966100.80555555,19035819.702942323,1.7576208922569443,1.6576985069444445,2.040235554722222,1.0690765381944445
2024-05-12,177381129.96180555,19388503.50698971,1.9718954351736113,1.7590294583333332,2.2170197684375,1.1341580104166666
2024-05-13,166521134.5034722,17900093.495444443,2.3907742017361113,1.8709953993055555,2.615202842638889,1.08258428125
2024-05-14,169161888.11805555,18189332.669795655,2.6843714071875002,1.9052370208333334,2.730062570486111,1.099526871527778
2024-05-15,167435768.71875,18107788.091636315,2.6375578198958336,1.9159176805555558,2.6603188774305555,1.0814448125
2024-05-16,171361857.66666666,18903120.512754112,2.7153493950347225,1.9390804166666666,2.6422345245833334,1.1441749340277778
2024-05-17,182375267.64930555,21046825.432292968,2.5566662507638886,1.9052383680555556,2.490726611597222,1.1405158402777777
2024-05-18,184332532.11458334,21142197.929177407,2.9044001881250003,1.817961048611111,2.956260161979167,1.1406959270833332
2024-05-19,178357624.3611111,20079981.40977611,3.0714278516319444,1.8593107604166665,2.9318001534375,1.179587795138889
2024-05-20,175050503.1527778,19702622.76358508,2.9852332753819444,1.870827972222222,2.864596521875,0.9807536319444444
2024-05-21,171226617.4826389,19825075.429386333,2.9350142965277777,2.1597075833333332,2.7862520677430553,1.0465214236111111
2024-05-22,167948413.97569445,19225351.385324843,3.4612010335416667,2.0774751180555553,3.174030514826389,1.078322434027778
2024-05-23,168771437.4861111,18870812.491736736,3.6998044217361112,1.9560416944444445,3.370313598298611,1.0441564097222222
2024-05-24,157162675.56944445,17014097.85023092,3.3380878960069444,1.7428688437500002,3.0181323297222225,1.0321388263888889
2024-05-25,154414662.25694445,16751081.908280661,3.368200487986111,1.7385368958333334,2.9115073409722223,1.1948488923611111
2024-05-26,153363817.1597222,16450653.565312203,3.5848864678819448,1.7502988784722222,3.185466339131944,1.1340023993055555
2024-05-27,152794181.61805555,16395653.583152086,3.6975372413888885,1.8352698541666668,3.4329965714236113,1.1241665694444445
2024-05-28,156726455.0486111,16413899.650691904,4.068236510833334,1.7701300243055555,3.824598213020833,1.0833409097222222
2024-05-29,154425144.3576389,16231555.226764321,3.7649830895486107,1.746378159722222,3.715849465763889,1.0228889027777777
2024-05-30,152421069.8298611,15604554.965589149,3.864434839236111,1.681648451388889,4.103116658923611,1.0348729652777777
2024-05-31,157834700.18055555,15827830.746282496,3.8060681743402776,1.58305846875,4.034579860451389,1.0807929444444444
2024-06-01,156890558.6701389,15704476.55730935,3.6856578145833336,1.6254417604166667,3.8671143659375002,1.1558660034722221
2024-06-02,159432394.6284722,15866813.66443278,3.866679320555556,1.6642908541666666,3.9822739573263886,1.2135809479166666
2024-06-03,158000779.72569445,16054059.168392442,3.6281548515972224,1.772869611111111,3.656294125972222,1.10663746875
2024-06-04,159804988.66666666,16191321.521795832,4.037354747847222,1.783627715277778,4.071918016111111,1.1362014756944445
2024-06-05,161559482.02083334,16712516.198990434,3.6004189891666667,1.876706232638889,3.6295497963888885,1.0553397465277776
2024-06-06,164437702.1284722,16960565.080427583,3.759875718645833,2.047400107638889,3.7666432893055557,1.1260016909722221
2024-06-07,167736486.76041666,16641533.273439113,3.7242850511805554,2.0061346944444445,3.775704580555556,1.1038020868055556
2024-06-08,158808727.69791666,14547697.645091588,3.2652874075347222,1.7435273923611112,3.090556315277778,1.2266482604166666
2024-06-09,157113396.10069445,14216796.144097535,3.019215945,1.6706630451388889,2.8833965119791665,1.2100980034722222
2024-06-10,157109405.15625,14138279.477198984,2.8636982869444445,1.6609208090277778,2.7476010599305556,1.0934529479166666
2024-06-11,157222104.6388889,13753381.253976293,2.858088133888889,1.5438399166666668,2.8534098037847224,1.117593097222222
2024-06-12,151955263.39930555,13676696.60622207,2.6184887833449477,1.4812646202090594,2.687837082334495,0.987865923611111
2024-06-13,146790205.2048611,13134109.554964377,2.650108466770833,1.5266825729166666,2.5881614253125003,1.0377266215277778
2024-06-14,145779586.33680555,12844051.765668774,2.6896689331944446,1.4765938368055556,2.648350346701389,1.0845450069444444
2024-06-15,144947797.84375,12420594.056731721,2.6969278697569443,1.5000101458333335,2.5780789030902778,1.13994078125
2024-06-16,148091535.24305555,12622149.012513153,2.6249424394097223,1.5000398680555556,2.5247072489583333,1.1436442083333334
2024-06-17,149670767.33333334,12389662.541497903,2.6434660543055557,1.49812715625,2.612390220486111,1.0106084930555557
2024-06-18,152661944.4722222,11668134.683347635,2.244048411388889,1.3390582222222223,2.2504957542708333,1.1003723194444444
2024-06-19,146470575.0625,11761916.070913244,1.9420540559375001,1.340282329861111,1.9620248440625,1.0944097118055556
2024-06-20,143571506.52430555,11780685.519222677,2.0629432624652777,1.3836814166666667,2.056118913888889,1.1976691180555554
2024-06-21,141749616.57291666,11339571.351447366,2.125437117361111,1.347696767857143,2.1656067414583333,1.2408810034722224
2024-06-22,144776337.7638889,11312173.461970929,2.1312965822569447,1.28653021875,2.300639829409722,1.2964008194444443
2024-06-23,144467031.3472222,11300963.592706077,2.2044726427083337,1.2853951944444446,2.2626385997569445,1.10285853125
2024-06-24,147776302.41666666,11160159.804733297,2.301790522048611,1.345931079861111,2.270885749236111,1.0832201458333333
2024-06-25,143741052.0902778,11345412.77677858,2.2526385303125003,1.4496493125,2.1008463765625,1.225648736111111
2024-06-26,145145519.7465278,11215511.527484916,2.360055487673611,1.3966971006944444,2.2648324782291667,1.4114732534722223
2024-06-27,146687548.49305555,11349798.857554972,2.305526675416667,1.40401325,2.3196055229166666,1.1958540625
2024-06-28,145306364.9826389,11376786.998650178,2.3940780262152774,1.458985982638889,2.360687979861111,1.1767442604166667
2024-06-29,148972342.27083334,11492031.507787181,2.3702178218750003,1.4512665069444444,2.3965691732291665,1.2532279722222224
2024-06-30,156132047.10069445,11884048.590932438,2.2318372211458333,1.3893381076388889,2.192004555763889,1.2000014965277779
2024-07-01,160430110.13541666,12317722.018960236,2.2709313495833334,1.3860688125,2.218165012048611,1.2833273298611112
2024-07-02,159759245.2673611,12417354.381092515,2.0980599225694445,1.4143847083333334,2.145463077013889,1.1600382708333334
2024-07-03,161156280.3159722,11965417.988854289,2.2826425218749997,1.5201839236111112,2.3695500524305557,1.0698794479166667
2024-07-04,152512504.8298611,10608447.246644823,2.2246637203819444,1.648204861111111,2.376646803090278,1.0029864236111112
2024-07-05,144072248.97569445,9264858.10848371,1.9506144742361111,1.483351888888889,2.0409538502083335,1.0595246770833333
2024-07-06,135814371.2534722,9276733.152985431,1.8942216199305557,1.534275704861111,1.9871530537847224,1.0676622118055556
2024-07-07,129993351.03472222,8761794.453091169,1.8824082134027778,1.6423901041666666,1.9133098078472222,1.0581826493055555
2024-07-08,131297551.06944445,8624347.982799955,1.770287299375,1.5451998263888889,1.8610742638194442,1.0805767256944445
2024-07-09,129928428.2361111,8755461.100461205,1.8375044144444443,1.6078804861111111,1.8673530780555556,1.2123164583333332
2024-07-10,129403848.4236111,8694576.350170244,2.024640146076389,1.7749515868055556,1.9843827625,1.2319287534722223
2024-07-11,134251597.05555555,8955017.185422882,2.0017913403472223,1.6656446145833332,1.9881372281944445,1.2115026145833334
2024-07-12,138566700.99305555,9166384.448411835,1.9240514157291666,1.6855294027777776,1.935623217638889,1.2008073784722222
2024-07-13,138876180.85069445,9476120.579744492,1.907672840625,1.6350022361111112,1.8531832819444445,1.28560265625
2024-07-14,137666486.07291666,9769945.127493905,1.920263701076389,1.7136758402777776,1.8140898637152776,1.265321670138889
2024-07-15,130851975.53472222,9777740.50538061,1.9431522143402777,1.8099691944444443,1.8627669952777777,1.0472305694444444
2024-07-16,137396253.64583334,10561584.763716348,2.1759200146527777,2.039987350694444,2.0590704852777777,1.0744786006944445
2024-07-17,133415943.7361111,10280200.016501779,2.2683633266319445,2.097996798611111,2.1922884962499998,1.1103871562499998
2024-07-18,135295776.00694445,10020086.58189034,2.30866578,2.1530232256944446,2.134783902152778,1.0760545347222221
2024-07-19,136152548.3715278,9983366.452093305,2.325066973298611,2.087850732638889,2.125078082881944,1.0951700520833334
2024-07-20,134397920.2222222,10008969.903979352,2.3375845391666665,2.091932076388889,2.1132401575347224,1.2948559131944444
2024-07-21,135683651.9097222,10016607.54998356,2.344845507673611,2.114176423611111,2.1434497420486114,1.153388673611111
2024-07-22,137922576.8298611,9993004.996538335,2.3216650426041667,2.014117517361111,2.122503229895833,1.0756967048611112
2024-07-23,141979386.5590278,9865451.902379192,2.2614785272916667,1.8118207847222223,2.179941138680556,1.1199923506944445
2024-07-24,141488298.60069445,9667549.25515115,2.2353226571180556,1.7231561076388888,2.2293971293402777,1.2045122083333333
2024-07-25,156013068.14930555,10180363.051362637,2.2075301547222224,1.438772253472222,2.2461978390972224,1.1799363229166666
2024-07-26,162404951.85069445,10951961.147952544,2.2369385084722224,1.2328872291666668,2.2865030765972225,1.2611282604166667
2024-07-27,157919506.1909722,10875249.970912438,2.324251855625,1.2209703993055556,2.331151061215278,1.1762394756944443
2024-07-28,158330381.85416666,10784097.752086394,2.4499675027777776,1.2337366979166666,2.4243886799305554,1.1803711770833332
2024-07-29,161064721.60069445,10978970.04406031,2.5237534889930555,1.2097081770833333,2.509129547152778,1.1900651076388888
2024-07-30,161801369.2847222,10787194.680237975,2.502437326770833,1.2476574270833334,2.4912855034027777,6.990068704861112
2024-07-31,164224595.23958334,10723071.799879508,2.490802665763889,1.2943024722222223,2.5197483566319447,1.2006901319444445
2024-08-01,170764392.98958334,10596703.802996106,2.300025940486111,1.2666063680555555,2.361226852534722,1.1168324444444444
2024-08-02,167712120.74305555,10227365.750173507,2.2560809745833335,1.2515932013888889,2.270811810381945,1.059807142361111
2024-08-03,168236680.03819445,9832920.830031024,2.1805905430902777,1.2347973993055554,2.2719463407986114,1.0978759131944444
2024-08-04,172788890.64930555,9872957.054088019,2.108539898368056,1.2277362465277777,2.2016457331597223,1.0987921493055555
2024-08-05,178369675.2673611,9063671.600669792,1.9377090682638891,1.246954236111111,1.961794788402778,0.9936624791666667
2024-08-06,169464037.85069445,9331666.724333148,1.8954312039583334,1.155013048611111,1.9817899396875,1.1347519166666666
2024-08-07,158469894.6701389,8664884.530446524,1.9798464528472222,1.08167096875,2.0987705140624997,1.0199394826388888
2024-08-08,162858159.6597222,8869316.57495808,1.8541715961805556,1.1053440104166665,1.9364045514583335,1.1832973541666667
2024-08-09,163860951.86458334,9338005.703191696,1.9865331691319443,1.0736434618055555,1.9192776562152778,1.1160707187499999
2024-08-10,161846913.2673611,9019188.321426362,2.1319996562152776,0.9992843124999999,2.1394338252430556,1.3026751770833334
2024-08-11,161236694.33680555,8903296.267676827,2.0456699569097223,0.9771661805555555,2.0799732316319446,1.187736326388889
2024-08-12,152689797.85416666,8203086.38675059,1.960409248932384,0.9665670106761565,2.0247974457295372,1.1033905868055556
2024-08-13,167716674.5347222,8913078.668297049,2.036888588784722,0.9678312083333334,2.1217662144097225,1.2073364479166666
2024-08-14,170040081.7361111,9156331.499277242,2.003629597152778,1.0110259965277777,2.0739624073958334,1.1381074548611112
2024-08-15,171472253.7638889,9092475.320116041,1.948921883333333,0.9788052569444444,2.043588955416667,1.1290620763888888
2024-08-16,172609626.08680555,8968395.692421518,1.8552682933333335,0.9488577812500001,1.9798523078472223,1.2795802847222222
2024-08-17,176621478.16666666,9167869.453749953,1.8447588519791667,0.9585692986111111,1.9340282181597221,1.2569048229166666
2024-08-18,175514647.3715278,9344477.898269715,1.9210860640972223,1.0372487743055556,1.9724535155208334,1.1541108958333333
2024-08-19,179559741.2638889,9537496.636046447,2.056641889861111,1.02443675,2.0943651406597223,1.3308334513888889
2024-08-20,174007884.96180555,9437554.902952727,2.258226682256945,1.032617079861111,2.203742743368055,1.1812889444444443
2024-08-21,179909807.1388889,9659663.226609759,2.450757221597222,1.0369913680555554,2.3611037936805555,1.2785197326388889
2024-08-22,175340316.4513889,9624580.220987221,2.5633428085763885,1.11723275,2.2753389983333334,1.2609784652777778
2024-08-23,170152598.8611111,9736185.373880884,2.5060279796875,1.1939422187500002,2.255441129965278,1.2587037395833334
2024-08-24,163822159.6736111,9817521.309567532,2.570085285833333,1.489898670138889,2.316207066805555,1.2885456354166667
2024-08-25,160235644.66319445,9458570.846405612,2.624866479652778,1.4892368854166667,2.3856248413888888,1.2336922256944445
2024-08-26,159992024.1423611,9205098.731067128,2.5406905312847226,1.5170952638888888,2.3350687369444447,1.0621114131944445
2024-08-27,158343636.82291666,8703808.84570343,2.3695213282291667,1.4698432291666665,2.231580511215278,1.1715074965277779
2024-08-28,154435875.11805555,8061878.603517296,2.1455973930902776,1.1937774409722222,2.1351470390625003,1.1969018402777778
2024-08-29,154878018.8715278,7982743.750009524,2.051581549027778,1.104132545138889,2.009463705173611,1.2507610555555555
2024-08-30,154445094.5972222,7885873.442019343,1.978378391701389,1.087781545138889,1.9352594555208331,1.1014509583333334
2024-08-31,155577823.63541666,7870573.537097381,2.0604482500347223,1.1092517222222222,2.0191654271875,1.4278527847222222
2024-09-01,159922324.6215278,7830598.500272004,2.1622482188194443,1.1464443923611112,2.1697713341319447,1.3173295625
2024-09-02,158095663.4375,7809720.2754525775,2.030280572916667,1.093714017361111,2.122441185729167,1.142477951388889
2024-09-03,154440289.4340278,7768597.153674877,2.0776570268750003,1.0521885694444444,2.1030476022569444,1.076267017361111
2024-09-04,151430517.75694445,7411855.804950297,2.0427169180555556,1.0045568993055556,2.117233386909722,1.2389367465277779
2024-09-05,151615628.9861111,7354326.767696978,2.0349767529513887,0.9971534166666667,2.0729610650347223,1.3355906909722224
2024-09-06,154478608.35069445,7347579.370586903,2.029828218298611,1.111350138888889,2.111053332743056,1.1118726527777778
2024-09-07,162574425.7673611,7791364.39666089,2.0156007966666665,0.9928311527777779,2.139418785173611,1.1431714131944444
2024-09-08,162745871.02430555,8001560.724911726,2.093894829861111,0.9969113125,2.1246073294791668,1.225265125
2024-09-09,162483175.5798611,8200546.16983313,2.148653094548611,1.1354074652777777,2.1549198662499998,1.2667629652777779
2024-09-10,167747349.44791666,8490204.689366234,2.335080239548611,1.188310690972222,2.291316608090278,1.3485959236111111
2024-09-11,169083725.8402778,8421860.457988305,2.261541842152778,1.1609668541666667,2.2750783122569445,1.3361705451388888
2024-09-12,175490353.8263889,8847820.25788982,2.3434096445833337,1.2158679444444445,2.319643807291667,1.411617857638889
2024-09-13,179994112.1076389,9277356.28620719,2.4643986577430557,1.278351954861111,2.385976515208333,1.3032945555555555
2024-09-14,178535616.35069445,9273456.699805152,2.5330331396180554,1.3310710590277777,2.4926767549652777,2.017803628472222
2024-09-15,183697821.71875,9427892.715016888,2.5315202971180555,1.2817127847222223,2.5553857797569446,8.0954754375
2024-09-16,178285906.9652778,8863632.039548434,2.2519397967361114,1.2945660104166667,2.270043780763889,1.2381551527777779
2024-09-17,177413399.13541666,8806893.370296896,2.267615081458333,1.393851246527778,2.3545570169097223,1.3344084791666666
2024-09-18,175195851.0451389,8634221.97313381,2.4363325552430557,1.3702200555555555,2.4140701514930556,1.3630875
2024-09-19,189606968.0138889,9849283.575202994,2.611986372013889,1.5811792916666667,2.5603004328125,1.215790236111111
2024-09-20,196466407.83333334,10271359.395076752,2.8579668643055554,1.5324506666666666,2.7668380072569447,1.2416396597222221
2024-09-21,189044197.7465278,10248116.951540947,2.8457821681597224,1.4579783020833335,2.6787065541319444,1.245853857638889
2024-09-22,177747601.7013889,9586461.076679481,3.00389890375,1.4396080833333333,2.6869657431597225,1.2238324618055556
2024-09-23,179589079.2534722,10029539.625798658,2.6487414327777774,1.373936298611111,2.4494760672916667,1.1180695208333333
2024-09-24,177625214.84375,10118853.105872817,2.790043287986111,1.4049384479166667,2.538820074201389,1.2824695937500001
2024-09-25,173781605.01041666,10223397.442270925,2.730064417395833,1.4420145381944445,2.390036433159722,1.1159849409722222
2024-09-26,168900852.61458334,10039939.357923698,2.5776359747569444,1.4484128125,2.3459800363541667,1.1595186076388888
2024-09-27,163618832.4861111,10077214.688469937,2.566073228645833,1.664568263888889,2.2255095660416666,1.2567644375
2024-09-28,165851244.875,10207999.098978633,2.6966059447569446,1.8240174374999998,2.3085788410416668,1.1593980104166668
2024-09-29,164906078.24305555,10062299.945789276,2.5998359167708336,1.892425607638889,2.325511004409722,1.26440675
2024-09-30,165512897.98958334,9846779.762366852,2.6209607652430558,1.9568660451388888,2.1951019739236113,1.0980733715277777
2024-10-01,176649490.41666666,10005849.837069802,2.532849495763889,2.0220343194444443,2.3775037651041666,1.13504015625
2024-10-02,180411823.58680555,9557034.167867221,2.3718644494791667,1.9407821979166668,2.201492450763889,1.1032527951388889
2024-10-03,176884764.85416666,9076364.955831965,2.3386914193055555,1.924618590277778,2.123071952291667,1.1471528506944444
2024-10-04,172784406.3090278,9147695.5511504,2.2434034320833334,1.825204184027778,1.9616874275000002,1.2137831493055555
2024-10-05,172478989.875,9246681.368064988,2.262771059513889,1.9515941180555556,2.005448513576389,1.2502254409722222
2024-10-06,173992566.22569445,9253123.944475962,2.3179424012847223,1.9571607569444442,2.0303396905208335,1.50070121875
2024-10-07,171361279.0902778,9304124.162447734,2.464788836006944,1.9874326562499998,2.020234942951389,1.1787017777777777
2024-10-08,182285642.10416666,9553540.538439628,2.3869366636458333,2.0840332534722226,1.9401856725000002,1.0063438541666665
2024-10-09,179996738.80208334,9271870.749788424,2.4956049671180556,2.044699746527778,2.0288304739930556,1.26199821875
2024-10-10,177905024.98958334,8907951.604340337,2.430960841909722,1.9366024479166666,2.207053239375,1.1921990416666666
2024-10-11,175293596.61805555,8942842.366450641,2.3763604050694442,1.9035773645833334,2.305760801388889,1.2533630694444444
2024-10-12,180316429.55208334,9289164.433195993,2.6338698555555555,2.195437138888889,2.424874517048611,1.1694247013888888
2024-10-13,193814506.49305555,9836395.04762627,2.7202468397569444,2.162634965277778,2.501401402777778,1.1366875520833333
2024-10-14,203712293.38194445,10638401.923456235,2.6934134312499998,2.097301201388889,2.4535157524305555,1.136971954861111
2024-10-15,248930681.10416666,13755749.025737472,2.2989232188194446,1.9302853229166668,2.0524044002430557,1.1660639756944446
2024-10-16,242177044.89583334,13251519.300080951,2.5182051036805557,1.7478946180555555,2.5269702706597226,1.194314861111111
2024-10-17,226557241.6284722,11708963.872143568,2.658085388784722,1.648534795138889,2.6121496878125,1.1807074409722222
2024-10-18,223731409.9861111,11510354.94667014,2.468627749513889,1.5736696840277777,2.3023512653472222,1.299160111111111
2024-10-19,215144382.4513889,11348953.032259487,2.3535873046180553,1.601751107638889,2.213857877291667,1.0992827604166666
2024-10-20,213496597.9027778,11432845.868753895,2.4026567055902777,1.632585701388889,2.2527407309375,1.190139204861111
2024-10-21,219143791.28125,12008341.271984922,2.724816277777778,1.6838887291666667,2.4805601198958334,1.1571862638888888
2024-10-22,213854690.8784722,11219546.061592659,2.747210978020833,1.8825097187499997,2.538752979826389,1.2237200694444443
2024-10-23,214154456.9861111,11038897.313085647,2.6483139688194446,1.8280282465277777,2.4348035205555556,1.0924948472222222
2024-10-24,206879939.4652778,10638547.887523487,2.544391353923611,1.8456257881944442,2.3863381850694445,1.1954712118055555
2024-10-25,225496652.0034722,11336419.054635976,2.4893190855555556,1.8993003680555556,2.3925095301388892,1.2698277395833335
2024-10-26,248041575.5486111,11884064.59542001,2.4541106909374997,2.0970535868055555,2.3328289078472224,1.1709371909722224
2024-10-27,240771649.93055555,11707325.387197956,2.426652681111111,2.0945503784722224,2.3676480632638888,1.119797329861111
2024-10-28,241947922.19230768,11713204.976714404,2.488668432832168,2.091466,2.3649365665384616,1.1231985349650349
2024-10-29,254055340.4409722,12551733.972228404,2.5893900565972223,2.0152649166666667,2.4505775797569442,1.313554829861111
2024-10-30,263016125.1215278,12863137.869538827,2.799054439861111,2.0917684409722224,2.566023618680555,1.1948636597222224
2024-10-31,244782183.33333334,11529659.368410064,2.9266341578125,2.057186996527778,2.764464923090278,1.0408709756944445
2024-11-01,232118748.57291666,10677979.742812606,2.897659119027778,2.0234003194444443,2.8577787877083334,1.080252159722222
2024-11-02,228249057.63194445,10351768.477591733,2.936922017152778,2.0902208541666667,2.9341546603124997,1.7195671041666667
2024-11-03,221460265.3784722,9563784.313450387,2.980416722708333,1.9291092534722223,2.9539504097916667,1.2204433333333333
2024-11-04,207848476.05208334,8908563.819094708,2.616742335625,1.6024211909722221,2.6235292105208337,1.12310321875
2024-11-05,192073872.33680555,8546060.344190188,1.9982412181597222,1.49446121875,2.1134100521875,1.1026609618055554
2024-11-06,200350833.28125,9790063.35632126,1.8506011625694445,1.6621881180555556,1.8075025501041668,1.2026756423611111
2024-11-07,233028144.34375,11383026.691843947,2.2075110241319447,1.883256809027778,1.9673492544444444,1.1423379409722223
2024-11-08,239675014.8263889,12086623.148944521,2.140717861875,2.0312542048611113,1.8212586693402777,1.01698184375
2024-11-09,233791337.4652778,11972215.355609559,2.1715982140277776,2.0965839444444447,1.8575181043055555,1.1506824270833333
2024-11-10,223422884.5625,12337486.036481185,2.4235016345833333,2.4928685694444446,1.9429921783333333,1.0738705520833334
2024-11-11,214032640.56944445,11914354.887434764,2.881201682951389,2.759398822916667,2.192155519479167,1.1346435520833333
2024-11-12,248126234.0486111,14890370.224015594,2.746405264097222,2.5750673229166665,2.1200323065972224,1.0514803020833332
2024-11-13,297640590.2291667,17593795.211129233,2.403891503958333,1.577688451388889,2.0414389967708333,1.0478010763888888
2024-11-14,271452162.1354167,16781535.71392632,2.1577985737847225,1.44424853125,1.7868169075347222,1.003780392361111
2024-11-15,315745595.1215278,21664931.392993942,1.7975119161805557,1.21079740625,1.5727845514236112,1.0023403958333335
2024-11-16,354425322.8159722,30100786.077622507,1.6333503284722222,1.2873380972222224,1.4987350795833334,1.0459334166666665
2024-11-17,314814019.84375,27350772.218806747,1.8970748479166666,1.37035896875,1.8084840381249998,1.0239993958333333
2024-11-18,344444972.2222222,40847574.14728822,1.3215459409374999,1.429439829861111,1.2107940579513887,1.0285418715277777
2024-11-19,375789668.8784722,52788454.92736413,1.172311470486111,1.045086357638889,1.1114478623611113,1.0295893125
2024-11-20,351534055.3888889,43752404.14818105,1.7817283280555556,1.0877469236111112,1.6938932627430556,1.0256818333333333
2024-11-21,316076257.2708333,39329383.943811566,1.8318976926041666,1.0014620381944443,1.8745798823958333,1.0338545902777776
2024-11-22,309321918.1805556,41648752.35410427,1.6780592869444444,1.0513350208333334,1.641665174652778,0.9995499618055556
2024-11-23,311569792.5868056,47503868.93412923,1.771577296909722,1.2363568993055556,1.6949503532986112,1.0097416527777776
2024-11-24,289591964.4791667,42859206.19967598,1.9560035653819443,1.256293423611111,1.838800003125,1.0158832222222223
2024-11-25,284008762.5902778,39991462.65888538,2.062519189409722,1.3115574930555556,1.9486551693055556,1.0223712812499999
2024-11-26,287897459.6875,39102949.29901803,1.8596542704861112,1.433096059027778,1.8297871717361112,0.9984335034722223
2024-11-27,267654855.9340278,37452570.776269704,1.8270982685416668,1.597724545138889,1.838650137013889,1.0439079131944444
2024-11-28,264038789.52430555,37109438.30596672,2.102448598576389,1.6649317187500001,2.056202736111111,1.1352114270833333
2024-11-29,292587294.3125,45940864.29576604,1.8051986109027776,1.8432963020833333,1.6922727028472222,1.0338709131944444
2024-11-30,333617170.8055556,56280068.09297319,1.979783593611111,2.157494753472222,1.9029565854513888,1.0817146180555557
2024-12-01,345419879.4305556,65727059.89501688,1.7556810035069443,1.7770330416666669,1.6646003858333334,1.012072013888889
2024-12-02,432840840.8472222,112048985.025032,1.2125695980902778,1.4557829548611112,1.0623848904513888,1.0284440520833333
2024-12-03,387428544.1944444,133702473.24005824,1.500019756215278,1.4660434722222222,1.4308440823958335,1.0102186041666665
2024-12-04,392559485.5173611,121916221.02466267,2.265777162951389,1.5450377499999999,2.3979415975,1.0117183576388888
2024-12-05,399629271.4305556,118584665.14824618,2.5966692110416667,1.8472193715277778,2.795540002361111,1.026541736111111
2024-12-06,397441289.7604167,118295145.22075962,2.806994600972222,1.9818703506944446,3.0005273959375,1.005661767361111
2024-12-07,393410062.0625,132859887.60937248,2.5632408435416667,1.847760704861111,2.589358090486111,1.0769670659722221
2024-12-08,387711633.1944444,128414833.06477915,2.6633482410069447,1.918464423611111,2.8091539334722224,1.0219660034722222
2024-12-09,381293331.8020833,116943751.65636994,2.9122927242361114,2.0072014270833334,3.2149887403819446,1.0017927152777777
2024-12-10,293866983.1215278,83185001.76665749,2.157520985451389,1.7898244618055554,2.2743606594791665,1.0119757291666667
2024-12-11,283713987.2083333,82236741.72157198,2.2030132869791665,1.8138786666666666,2.3648110047569446,1.0696622361111112
2024-12-12,298027744.5902778,89052683.73899484,2.4001622927083335,1.5402924305555556,2.693677531875,1.0684135416666667
2024-12-13,300109814.1215278,91385033.65920943,2.203296527013889,1.5459375173611112,2.4132572366319445,1.019014138888889
2024-12-14,301873571.7013889,90491532.59170783,2.3404844252777774,1.6583498541666666,2.6558649116319444,1.1990257222222223
2024-12-15,294758610.5486111,85841909.05653031,2.2820778103472223,1.6820479444444443,2.6301141450694443,1.1217190972222222
2024-12-16,290596370.4513889,82716159.60325257,2.357348929270833,1.712761763888889,2.565590806111111,1.1035543958333334
2024-12-17,302088096.4097222,86093335.81323409,2.4728516415277775,1.7551017430555556,2.665172392916667,1.10618353125
2024-12-18,302720035.9618056,88590642.80489013,2.426576309166667,1.8509005243055556,2.4834107284374998,1.0116452430555556
2024-12-19,287467301.7465278,80042973.46446143,2.5017280265277777,1.6672172465277777,2.6052899487500003,1.0192257430555556
2024-12-20,250600247.6840278,66747000.36767382,2.3072909070486114,1.433573954861111,2.488236742708333,0.9984823333333332
2024-12-21,235587652.9652778,62065237.578071184,2.3623815249305555,1.335705388888889,2.5571580134375,1.0138388541666667
2024-12-22,229794203.05208334,59634444.8254292,2.0382472896180555,1.2765401319444445,2.2199677917361114,1.0374456006944444
2024-12-23,240584794.68055555,65028279.57284023,2.2731929603125,1.4290940763888889,2.315099418298611,1.0366557152777778
2024-12-24,267443997.53819445,83041933.90501851,2.1232075381597224,1.5232102395833333,2.0844969200694443,1.0519389583333334
2024-12-25,280841440.8958333,88130094.88072993,2.436199952152778,1.7635414166666665,2.4261323232986114,1.0459355868055555
2024-12-26,251156258.4375,74313305.51641016,2.688852758125,1.9582225104166666,2.6903295963194447,1.0403841979166666
2024-12-27,213842741.97569445,60512961.77752958,2.4698346231944446,1.761010607638889,2.698716399201389,1.05762159375
2024-12-28,209055897.8888889,58525319.63823094,2.1507702628472223,1.6505576909722222,2.463231144236111,1.084694628472222
2024-12-29,210700275.9027778,60489532.12888968,2.196124498159722,1.6032987881944445,2.3562237208680554,1.13494065625
2024-12-30,207411552.7673611,57781358.47971544,2.148490026736111,1.6110205347222222,2.3873457977430554,1.0923164340277778
2024-12-31,196341968.72916666,53428315.2774489,2.134438511111111,1.6676517222222222,2.3711665628125,1.1105226458333333
2025-01-01,208013385.2673611,57762376.02213262,1.9670637995138887,1.559245173611111,2.2179078905208334,1.0839488020833334
2025-01-02,218892967.38541666,64115619.61497261,2.3746442548958333,1.70482415625,2.5247653036458333,1.070659954861111
2025-01-03,250192201.44791666,77194964.70285405,2.439655201840278,1.7845309270833336,2.5569044699305556,0.9860642187499999
2025-01-04,255047635.0902778,78540024.39798813,2.7042697488888887,1.9679576006944446,2.770256615763889,1.0949465347222223
2025-01-05,238174986.8298611,72108535.86630346,2.7539165930902776,1.95788915625,2.8156576528125,1.104896420138889
2025-01-06,255356036.5590278,78423540.8280204,2.6575879197916668,2.0432514131944446,2.7124987842708332,1.0264726770833332
2025-01-07,272174934.7048611,84326298.94451576,2.7518068996875,2.213500673611111,2.682361554826389,1.0443939270833333
2025-01-08,229302853.52083334,64832681.39665886,2.763500929131945,2.132352340277778,2.756552499513889,1.04299484375
2025-01-09,212441938.13541666,57998610.51717174,2.5792258871875,1.8531737534722221,2.654121899965278,1.057232923611111
2025-01-10,209035572.63541666,57835206.35707068,2.4164983885416667,1.85059140625,2.5805192696527777,1.0379392951388888
2025-01-11,212916778.4236111,59904189.38814354,2.400492314340278,1.9700818020833333,2.4998507043055556,1.1651154409722222
2025-01-12,224258577.34375,63475303.875039354,2.652721505625,2.089333736111111,2.775850316909722,1.116655048611111
2025-01-13,216283691.97569445,58497261.49211063,2.263798401840278,1.955727107638889,2.2450428577777775,1.0295878229166666
2025-01-14,213444845.47569445,60592990.88235474,2.1903198701388886,1.8345339791666666,2.2042485570833334,1.1226370486111112
2025-01-15,256012574.44791666,78472879.78291453,2.409556917951389,1.8638405555555555,2.3533928298958333,1.13676903125
2025-01-16,316633628.4791667,111205454.1456884,2.1580256077777777,1.8631357986111112,1.9504467237152778,1.0331554756944443
2025-01-17,364134766.5208333,136964401.55709413,1.7228150627430556,1.8594939479166668,1.6301905912152777,1.0625626979166667
2025-01-18,342599735.75,122114260.21734077,2.3621240684027778,2.3013552013888887,2.116536197326389,1.0658180590277777
2025-01-19,313327889.6666667,108991353.32794592,2.607213588368056,2.8430299027777775,2.3809840005555554,1.0025677291666666
2025-01-20,286934348.7222222,100338735.56317423,2.6181401877777777,2.8573976284722225,2.5081857677083335,1.0009889791666666
2025-01-21,267895390.67708334,90226958.29387584,2.6609233621180555,2.788508065972222,2.607563826215278,1.0619101423611113
2025-01-22,270269796.6944444,88399291.24727124,2.6192411314583333,2.2379816458333335,2.5913126302083334,1.06206925
2025-01-23,259381932.48958334,83069117.9032267,2.522895232508834,2.03402878125,2.5000347599305552,1.0670005277777779
2025-01-24,246957404.0798611,82236911.60460359,2.3766297614930556,2.1898178715277776,2.291991192673611,1.1334944722222222
2025-01-25,236289625.0173611,78514245.94115482,2.3716178026041668,2.2345680381944444,2.3705868686458333,1.1021293958333334
2025-01-26,239733404.6875,80989950.1531173,2.4913093753125,2.165428420138889,2.3749491396527778,1.1897790277777778
2025-01-27,212829117.09375,65510424.382442065,2.7385708862500002,1.9601888541666668,2.773330646423611,1.0736938541666667
2025-01-28,203107532.6388889,63529774.94179896,2.355642720277778,1.7347108541666667,2.4633235368750004,1.087367170138889
2025-01-29,201273750.9097222,61456361.61086646,2.2732767185069442,1.8077679201388888,2.468394851215278,1.0485845069444446
2025-01-30,202574563.35069445,64022816.05019714,2.2949263099305557,1.969679326388889,2.383836975763889,1.0840033993055556
2025-01-31,203287157.78819445,63293245.68005982,2.5854165410416665,2.1008803888888887,2.5361765887152776,1.1102914479166666
2025-02-01,204302871.5138889,61311337.818109356,2.4972342228819446,1.9785415625,2.526510611493056,1.1475914027777778
2025-02-02,196895488.03125,53527729.49283989,2.356800075034722,1.7506329895833332,2.4162844533333336,1.1254754756944445
2025-02-03,174459853.8784722,42171167.925307214,1.8505277143055556,1.0888493541666666,1.9676113572027973,1.0313480381944444
2025-02-04,163274622.60069445,42071027.743143275,1.9283469478472222,0.8681605486111111,1.9848470009722223,1.0348863368055554
2025-02-05,160559148.02083334,40044782.622123,1.7366379146527777,0.8522300381944444,1.8494496057291667,1.0773105763888888
2025-02-06,153397834.4513889,36645411.19987022,1.78795961,0.9021144999999999,1.811447959861111,1.0551243333333333
2025-02-07,146659125.21180555,34494045.68726989,1.653828140451389,0.9871720034722222,1.7411386590625,1.0629158125
2025-02-08,148853007.22569445,34323083.89753585,1.564470166076389,0.9495278680555556,1.7279814286805555,1.1090752430555557
2025-02-09,153025473.9652778,35879795.8987112,1.6296088222569445,1.020260409722222,1.7500143035416666,1.107443420138889
2025-02-10,149201181.7951389,35055576.251161404,1.6408000132291667,1.0334573263888889,1.6609517464930557,1.1091832604166667
2025-02-11,156168879.4861111,36990492.14890868,2.0458661133680556,1.1634610972222221,2.018281686388889,1.1471181631944445
2025-02-12,165482183.0590278,37240020.54625045,2.124826777777778,0.9505981145833334,2.133965743159722,1.1538139895833333
2025-02-13,160691054.1527778,36407367.84738726,2.0318458499652774,0.9698453368055555,2.0249605730902775,1.1032086666666665
2025-02-14,166361635.5347222,38386206.157183565,1.8452690842013888,1.0944779930555555,1.830099351215278,1.0960725833333334
2025-02-15,162182965.8298611,37672076.76204341,1.9367182631597224,1.3434324375,1.8203104020486112,1.1165515520833333
2025-02-16,163161461.1909722,36549427.64755719,1.8903750649999997,1.1494171875,1.9000033921180557,1.2274324722222223
2025-02-17,174351977.2048611,37933335.88215372,1.9347818339236111,1.04005021875,2.028025810520833,1.0961411458333332
2025-02-18,177753498.89930555,36525821.37652326,1.9200060818750002,1.0853882569444444,2.017469007951389,1.0966309861111112
2025-02-19,170546980.21180555,36017794.0474485,1.7573177396875002,1.0357651770833334,1.7838958212847222,1.1026984131944444
2025-02-20,163722406.17708334,36005268.85396247,1.7858544810069443,1.0412897569444446,1.7592881484722223,1.0231588784722223
2025-02-21,159660836.3159722,34892834.600734085,2.061476563576389,1.1084019166666668,1.9564531527083335,1.1044972569444444
2025-02-22,164128328.9965278,35496204.33496813,1.8268978276041667,1.2719993402777776,1.7948269487152777,1.1612027604166668
2025-02-23,166909408.1840278,35382535.38741298,1.8367513050694444,1.3076319965277776,1.7649615665625,1.1577184652777777
2025-02-24,183033823.1423611,38369362.10928304,1.8244534632291665,1.1970985763888888,1.7745825133333333,1.0517129340277778
2025-02-25,206631604.94444445,39152307.32743067,1.805478375034722,1.148725090277778,1.949664860520833,1.042376423611111
2025-02-26,203131085.25,39808232.29443406,1.5603146162152777,1.1882197187499999,1.6796050375347222,1.1114484930555557
2025-02-27,201508711.43055555,40188511.23406898,1.5085894562847222,1.3787216354166665,1.6077350318749999,1.0821086770833332
2025-02-28,182987676.89583334,36142330.18136422,1.754107298125,1.473223871527778,1.7636826259722223,1.0448679930555556
2025-03-01,214494841.0763889,50274574.27468228,1.1002557295833333,1.2302661215277777,1.039163278888889,1.05400696875
2025-03-02,229284941.8125,58043679.16524999,0.9377608384722222,1.0804326319444444,0.9042199569444445,1.0541063680555556
2025-03-03,216838345.58333334,53922831.3868755,1.5420925880555556,1.403346142361111,1.4082697117361112,1.0336064201388888
2025-03-04,184805705.4340278,43263336.319718346,1.865880247951389,1.373388736111111,1.8706199786458333,1.0380744861111113
2025-03-05,182766335.63541666,45729452.46042325,1.589117774375,1.1606360451388888,1.6244175293055556,1.1261233055555555
2025-03-06,149066425.6527778,36460686.15528325,1.7971490067708333,1.1630745624999999,1.813417051736111,1.0859172604166667
2025-03-07,155800238.04166666,37767508.12020117,1.8439188267013888,1.2193393611111112,1.8553596797569445,1.1057709861111111
2025-03-08,153718919.97569445,35214184.75532614,1.9080410152083331,1.2773449097222223,2.035161824583333,1.0988122916666667
2025-03-09,162446040.64583334,34758147.26278704,1.898556121527778,1.3550548958333333,1.9874608967013887,1.0900732916666667
2025-03-10,167019855.64583334,33829733.253840044,1.9145205886458332,1.5299133576388888,2.0243065007986107,1.1111656979166666
2025-03-11,161930737.1701389,31626653.317734685,1.9344535735416666,1.5054871180555556,1.9913574034375,1.0777143055555554
2025-03-12,164306871.63541666,32851391.81195526,1.872546042152778,1.2190857395833334,1.9622098385416666,1.0915135451388889
2025-03-13,175463125.55555555,33935270.85078412,1.8755989097569443,1.155166076388889,1.923468995,1.1171677256944443
2025-03-14,196654050.8263889,37703431.52853365,1.7034654121180557,1.2156725208333332,1.7787602070833333,1.0165868368055557
2025-03-15,198256301.0798611,38288541.25560489,1.6629595385069444,1.26794471875,1.702990888263889,1.0413495659722223
2025-03-16,192980016.83680555,36385092.56817806,1.7338699195833334,1.2514278090277777,1.7566255834027777,1.168821111111111
2025-03-17,191363039.86805555,36637288.43362842,1.6414771158680557,1.37720025,1.6523077279166667,1.079253545138889
2025-03-18,193407950.71875,35986429.25535843,1.7476821376041667,1.3946006805555555,1.7331545075,1.1100267916666668
2025-03-19,193967895.11458334,37056387.92484549,1.8317961944097223,1.4772819409722222,1.7850376261111112,1.08072628125
2025-03-20,184206664.60416666,35386570.444729075,1.9915986853819443,1.5436456597222223,1.8601486588541667,1.1486463784722223
2025-03-21,183884873.80208334,34165460.773100644,2.0458782883680557,1.370559375,2.0064856228125,1.1873639305555554
2025-03-22,195127960.0659722,35867397.14264763,1.9164845729166666,1.2058966666666668,1.9779589528472223,1.1871040243055555
2025-03-23,206229646.4409722,37762967.9996952,1.8832932561111113,1.1238222291666666,1.9724721009722224,1.0419111979166666
2025-03-24,196536875.89930555,37591778.448132135,1.8679299875,1.2644561666666665,1.8771022245138889,1.1270768402777778
2025-03-25,186133433.1527778,36403293.16356334,2.060072843159722,1.4608315625000001,1.9137603486458334,1.2058356631944445
2025-03-26,180591273.4340278,35259614.79830419,2.169519723854167,1.5661313611111112,2.0154417003819445,1.1115883055555555
2025-03-27,176478851.66666666,34068278.303667665,1.835524262465278,1.5967932708333334,1.7824170543402778,1.091170795138889
2025-03-28,181244097.4513889,33417556.4024786,1.7639238849999999,1.32261515625,1.754036495138889,1.1011903611111111
2025-03-29,191072041.125,33121131.021063335,1.6400748395138889,1.1071959826388889,1.691991895798611,1.1634157569444445
2025-03-30,192140667.64583334,32927363.54186471,1.4389810444444444,1.0124739722222222,1.5491049071527778,1.137227013888889
2025-03-31,199454307.9965278,32409686.491583213,1.6345798323611112,1.1695911840277777,1.6651610860069443,1.1276288993055554
2025-04-01,186388858.28125,31382183.118091337,1.4369554644791667,1.1563354236111112,1.464288847048611,1.2762544652777779
2025-04-02,179916641.3715278,30112771.406907406,1.5358750191319444,1.2308889513888888,1.5088392019444443,1.0830006388888889
2025-04-03,180502319.1111111,29138080.12735313,1.5512816190277778,1.0821199583333334,1.6134851711111111,1.1817255069444446
2025-04-04,175472459.51041666,28642194.22022733,1.5073542147222223,1.0967250416666667,1.5781195103819445,1.1518569479166667
2025-04-05,170556748.6909722,27605973.004083537,1.544577722048611,1.1706216249999999,1.5804242808333333,1.2377627534722224
2025-04-06,172756832.64930555,26537744.727863997,1.5673854460416665,1.1498216076388887,1.6284534554166668,1.1539096111111111
2025-04-07,166271102.0625,23450016.849420425,1.3654531303472224,1.082328170138889,1.4136811869444446,1.057569013888889
2025-04-08,176420614.39930555,27346606.13955711,1.3436166218749999,0.9384390972222223,1.2773898012152778,1.0887580347222223
2025-04-09,173675719.68055555,26904331.940810524,1.3633449695138888,1.0580046597222221,1.385255330798611,1.092195954861111
2025-04-10,176032657.4375,29807322.25320745,1.2381067687152778,1.0180943680555556,1.2198379969791668,1.1661515416666668
2025-04-11,185213778.93055555,31479281.818623144,1.3223611169791667,1.1310852881944444,1.3239313086805555,1.2118792083333334
2025-04-12,184417570.7986111,31409184.082478676,1.3146928355902778,1.1537592256944444,1.3529950157638888,1.1243829479166667
2025-04-13,172894800.9826389,29460929.46537374,1.4736802859375,1.1416816597222224,1.4607919340972222,1.1558845
2025-04-14,173294912.7222222,29006230.335275926,1.4882931188541668,1.061242173611111,1.5352190470486111,1.0935463819444444
2025-04-15,166398835.3888889,27198188.213978674,1.3059335995035461,0.9729886134751773,1.437254496360424,1.1109210625000001
2025-04-16,172127892.875,27122617.97108166,1.2240255717013888,0.9638646631944445,1.3417307969097223,1.2175641284722223
2025-04-17,161045258.3125,25821331.534095738,1.2204896275000001,0.9695677256944444,1.300081041736111,1.0982384131944445
2025-04-18,150872845.2152778,24875035.33524837,1.393056791701389,1.017040420138889,1.439468102048611,1.1256808923611112
2025-04-19,150545568.1736111,25024908.738252237,1.4142788067708334,1.0854976111111112,1.4535688588194444,1.2010054930555556
2025-04-20,151337783.52430555,24951859.194843113,1.3800048315625,1.226177204861111,1.3749164264930556,1.1606776423611112
2025-04-21,153404730.48958334,26164149.249199167,1.2968083154861112,1.3346129340277777,1.2803052285069443,1.2819311145833334
2025-04-22,156515473.6388889,27252257.778115753,1.4018672383680555,1.3119977256944444,1.3991902176041666,1.2414944756944444
2025-04-23,181321094.21875,33130171.798146155,1.7748848135416668,1.1082124236111113,1.7124643143055556,1.2372574791666666
2025-04-24,188831108.66666666,34351378.23621848,1.8466222276736108,0.9855749687500001,1.7026747994097222,1.1598494340277776
2025-04-25,199143911.7986111,38518239.944867626,1.876687081701389,1.09197009375,1.7518624000347223,1.0925104236111112
2025-04-26,192118921.4375,37111815.86335866,1.9928184957291666,1.186452652777778,1.8726803438541668,1.1865887326388889
2025-04-27,189891749.46875,35925548.78045949,1.9668799238541668,1.2063762881944444,1.8496515950694443,1.14247821875
2025-04-28,195629315.1284722,37702033.10265984,1.6944614435416667,1.0596029097222222,1.7262429840972222,1.1733346076388889
2025-04-29,198925633.3159722,37520727.8755311,1.6094189470833333,1.0606325694444445,1.6392236650347223,1.1636616666666668
2025-04-30,193279202.2951389,35606932.964910485,1.5837768839930557,1.057172576388889,1.618513673298611,1.1483516840277777
2025-05-01,190616294.85069445,35528539.551855974,1.420585407986111,1.0904498368055555,1.3949155831597222,1.2507645104166665
2025-05-02,191474668.3125,35716914.920215264,1.6371418081597222,1.0361974409722223,1.6069114517708334,1.20817025
2025-05-03,189879215.46875,34714833.47946588,1.4371923430555555,1.0006157534722222,1.4528820075,1.14142778125
2025-05-04,187082849.30555555,33428192.36058235,1.2670284913541667,0.9363032812500001,1.3146443478819443,1.0841314722222224
2025-05-05,190921616.6076389,33420573.944439113,1.2442560859027778,0.9561858680555555,1.2867371092013888,1.1788273541666667
2025-05-06,193765415.6597222,33521003.022331417,1.1502237870833332,0.9973665868055556,1.1587600235763889,1.1372402604166667
2025-05-07,190254265.54166666,33452329.253943417,1.141749039375,0.9774259340277778,1.1416575317708333,1.2111459131944444
2025-05-08,193254666.75,36071578.308392145,1.2825532543402778,0.9874246076388888,1.2651791390625,1.2704843854166665
2025-05-09,203099789.8159722,40455739.73790559,1.748624416701389,1.1271008958333333,1.598685459027778,1.1131594930555555
2025-05-10,223669058.4375,46664255.70092891,1.877655964722222,1.264605079861111,1.735338363263889,1.218051298611111
2025-05-11,231726325.6111111,48253731.901112884,2.435135874548611,1.3571843194444444,2.0886236918055556,1.1812179444444444
2025-05-12,249393962.33680555,53467630.15560895,2.3532410547222224,1.430704517361111,2.0099355866666664,1.1012545555555555
2025-05-13,259668870.7465278,54594191.978603855,2.1668550875347226,1.4307649618055556,1.982267551423611,1.0141328229166666
2025-05-14,258444317.40625,54276437.086693615,2.3783978535416668,1.53158765625,2.1004108951736113,1.1164271493055555
2025-05-15,247933937.27430555,49686095.286266774,1.8407309900347224,1.4396695833333333,1.7281881897916667,1.1461385000000002
2025-05-16,241584859.69444445,48060532.65993013,1.780591497326389,1.3616925868055556,1.7237863834722222,1.101642795138889
2025-05-17,234807415.5451389,44947176.5193446,1.940946709826389,1.335039559027778,1.8264923463541665,1.1101007118055555
2025-05-18,226888773.375,43928463.84426846,1.6680578637499999,1.2893116840277778,1.6754032774652776,1.1741524201388889
2025-05-19,214100521.9409722,40699429.37843065,2.057185019965278,1.1694290763888888,1.924296761701389,1.1099182951388888
2025-05-20,203219070.4722222,39481787.253780566,2.0424694194791666,1.1234930833333334,1.9049551209722222,1.1843867222222224
2025-05-21,205968905.7465278,40378942.8698762,2.1848651777083337,1.1562491180555556,1.9802510427430553,1.1457099895833334
2025-05-22,212999252.27083334,43112262.54919801,2.1935993309375004,1.2610654409722222,1.9004690060069445,1.1410313229166666
2025-05-23,223150809.55208334,44929715.121651284,2.4978591218402775,1.3618874722222223,2.09690938,1.0719299965277778
2025-05-24,222005332.35069445,42329913.0188786,1.9216015277083334,1.2240834791666666,1.7316537256597222,1.1451166319444444
2025-05-25,222926285.1909722,41355450.20787135,1.6411320645486112,1.1009572916666666,1.5380110878472222,1.1530364444444445
2025-05-26,220243560.60416666,41515131.96245206,1.6178260645138889,1.0853752187499999,1.526720389861111,1.0956438923611111
2025-05-27,222001853.14930555,41634526.497578025,1.5146313030902778,1.1308527916666666,1.4606298191666667,1.197273888888889
2025-05-28,227074937.99305555,42038891.78604088,1.6625486116319446,1.1636256493055557,1.5662950219444445,1.2957033020833333
2025-05-29,223222414.5798611,41126546.713906616,1.8764717178472223,1.1210152430555556,1.7001924222222222,1.163793125
2025-05-30,219302073.5173611,38205698.95095798,1.686845616076389,1.0824959618055554,1.6347086972916667,0.9894696979166666
2025-05-31,209416521.07291666,34554877.57376596,1.4629480400694446,1.0122914965277776,1.5857563147916667,1.0725659270833332
2025-06-01,207937876.1527778,34775552.57763016,1.2425831280555555,0.9671366145833333,1.3060885312500001,1.1629993125
2025-06-02,212065120.85416666,35860701.379384235,1.3121641353125,0.9646290729166667,1.3474471381944444,1.2374861597222222
2025-06-03,209262966.2534722,36209022.86617335,1.3942327469444444,1.0080655798611111,1.4199334819444445,1.230960722222222
2025-06-04,207061615.40625,35343141.22036992,1.4616738612152778,1.041095482638889,1.4995344788541667,1.1126412048611112
2025-06-05,207002053.27430555,34298589.99465062,1.4614203821875,1.0275491597222224,1.5358622426041668,1.2069027569444444
2025-06-06,210747706.23958334,34674818.07824251,1.5669558101388887,0.9768232534722223,1.6188218738194444,1.2772368993055556
2025-06-07,210792857.77083334,35477010.096179955,1.8111563521875,1.0130898715277779,1.7854796752083333,1.3845788090277777
2025-06-08,214454395.5,36232381.77882783,1.9755811661111113,1.0193428715277777,1.8761257160763887,1.3390260208333333
2025-06-09,213205041.04166666,36631756.167083666,2.037929522881944,0.9960878541666668,1.8957724679513888,1.2592602361111112
2025-06-10,208615424.47916666,37338499.402908616,1.821054151909722,1.0430477847222221,1.7637813088888887,1.182816888888889
2025-06-11,218176627.9722222,38865253.92979752,1.8437018790625,1.0993497708333333,1.8130241317708335,1.297153607638889
2025-06-12,216895964.9201389,36548565.81524587,1.6709838409375,1.0415502222222222,1.727712898923611,1.1312144444444445
2025-06-13,217132124.3888889,33693583.61604632,1.4355989008680554,0.9110225104166667,1.6542691118055555,1.0740367708333334
2025-06-14,211386388.01041666,33180824.3271584,1.4368518805555555,0.9229233888888889,1.6132736278819444,1.2478353784722223
2025-06-15,211550404.5347222,32465398.941524547,1.3701303733680554,0.9616986006944445,1.5058404430902776,1.1013683055555556
2025-06-16,211353846.3576389,33510122.915350094,1.3523903296875,0.9562762604166666,1.492338386111111,1.1289030451388888
2025-06-17,204810134.64930555,31180978.05259812,1.5535336598611111,1.002669295138889,1.6835854633333334,1.0973790520833333
2025-06-18,205106477.13194445,30312518.738847308,1.5880100509027777,0.980568298611111,1.6954242505902777,1.2804941354166666
2025-06-19,207915682.0173611,30538033.722216215,1.355190401875,0.9581361458333334,1.499594748125,1.32164225
2025-06-20,210472064.3298611,30889721.173981752,1.3804591959375,0.935268454861111,1.5510231053472223,1.1500464166666666
2025-06-21,213350859.63541666,30484286.323282354,1.4172303845833332,0.9367221527777778,1.5944195202083333,1.2059799097222221
2025-06-22,216035288.9027778,28818419.074013505,1.3760645425347222,0.9191951076388888,1.5340516849305557,1.0978000416666667
2025-06-23,212712134.3402778,29500157.863415994,1.569110610173611,0.7988723680555556,1.6635950895833334,1.2931707777777777
2025-06-24,208699118.3263889,31814623.804194707,2.079780476631944,0.7756209374999999,2.0073517380555557,1.1690178055555556
2025-06-25,205577925.1388889,31294054.162110448,1.7671351896180556,0.7704577708333333,1.8301634511805556,1.17686746875
2025-06-26,208372925.03125,30492369.434887145,2.322580358159722,0.7409834027777777,2.159293227465278,1.0466529618055556
2025-06-27,204535876.4965278,29538842.321554467,2.0385383984722223,0.8097694340277778,1.9384548797569445,1.20189290625
2025-06-28,202163331.2673611,29713086.71063192,2.1379636564930555,0.8209666006944444,1.9927772729166666,1.2989186423611112
2025-06-29,204258647.80208334,30274966.41317061,1.9827120755555556,0.8838823402777778,1.8138371702083331,1.212214513888889
2025-06-30,198711810.5763889,29873709.37932749,1.9867627784722224,0.8545857569444445,1.7858911189583333,1.2369198680555555
2025-07-01,200631281.86458334,29595102.068125233,1.4869102715625,0.8648211215277777,1.4759161843055555,1.1211649027777777
2025-07-02,204520230.3298611,30621880.093736596,1.437103589236111,0.8091205520833333,1.4778945687847223,1.1676537152777777
2025-07-03,215076642.9722222,34131267.7180327,2.1142878115972223,0.86624278125,1.883566135138889,1.23126234375
2025-07-04,216481593.1840278,33657074.82455823,2.385566551909722,0.8899584270833333,2.104391626979167,1.1244662951388888
2025-07-05,214896547.05208334,33203201.994890854,2.239783340208333,0.8142040243055555,2.1071141164236113,1.1729482708333334
2025-07-06,214115738.71875,33313063.511944037,2.10854909125,0.8268797604166667,1.9715632718749998,1.2543779270833335
2025-07-07,207977428.8125,33079548.163990293,2.4496464923958334,0.8088060208333334,2.211984950972222,1.1900962604166667
2025-07-08,207831123.25,32945414.359511774,2.4765955460763887,0.8091988888888889,2.1732881186458335,1.2310700833333332
2025-07-09,213353310.27083334,35523250.27281064,2.153157287986111,0.8333407291666667,1.9378458269097223,1.217235951388889
2025-07-10,215012036.77083334,38324854.345281295,2.2246554569097223,0.921246875,2.0697810884722223,1.1368075034722223
2025-07-11,226842148.9513889,45298608.581506215,2.175404835,1.1822919270833332,2.0365804457291663,1.07322496875
2025-07-12,233876538.8402778,46230655.0935101,2.289854830520833,1.339087059027778,2.0706760346180553,1.0731169930555557
2025-07-13,277906059.0902778,63555739.30693509,1.6622582179166665,1.3738582361111111,1.5284986996527778,1.059921111111111
2025-07-14,292129796.6111111,71265939.1853969,1.6556078987152778,1.384580607638889,1.4490626421527777,1.0433687430555556
2025-07-15,281504706.0972222,65324565.85440789,2.237149050208333,1.3678023229166667,1.8855294436458334,1.1011786354166668
2025-07-16,282646247.6388889,66993497.54467622,1.9956858280208334,1.43843540625,1.8370814852083335,1.02499115625
2025-07-17,290696997.2118056,71850247.01834317,1.8554578072569445,1.4926126319444444,1.7824195075694445,1.028841420138889
2025-07-18,302461486.1736111,82701137.17259252,2.123954523784722,1.5833997152777777,1.8707977218749998,1.020587840277778
2025-07-19,278490513.4444444,74061083.309344,2.258224878125,1.5020676493055556,2.0665145995833334,1.088177340277778
2025-07-20,283912929.0902778,77304192.90997843,1.9851885088888888,1.4187738402777779,1.9513603020138888,1.0539673368055555
2025-07-21,272592872.5694444,75882753.93030755,2.2118679996,1.4614770509090909,2.1282333800363635,1.0622429791666665
2025-07-22,275110157.0381944,73854070.01944247,2.349577632316602,1.5389380937500001,2.229441808958333,1.061157420138889
2025-07-23,271883673.5069444,70562512.31345278,2.3234743887847222,1.5727036215277779,2.1873737285069446,0.9919980972222222
2025-07-24,255773796.1111111,62127755.75445204,2.1858955160416667,1.3619883333333334,2.1382363078125,1.0607071979166667
2025-07-25,255778678.78819445,62776244.43701747,2.0095471349652776,1.2836330034722223,1.9240563665972223,1.0864829895833334
2025-07-26,257552478.48958334,70515356.38616134,2.0021772225694447,1.277300736111111,1.8788064187847222,1.0652460069444443
2025-07-27,289715492.2916667,83550532.77860577,2.159281141597222,1.3293938854166667,2.0527016015277777,1.0418826319444445
2025-07-28,290443023.96875,81325262.0796154,2.303867930277778,1.4287576840277778,2.102549024201389,1.0881803368055556
2025-07-29,271331846.7430556,72645171.1535935,1.9732045003472223,1.423279170138889,1.924606190486111,1.1336560208333333
2025-07-30,264056184.1909722,68082284.2782737,2.159697407013889,1.448916826388889,1.9910988655902777,1.0495271076388888
2025-07-31,266304216.06944445,70614639.94636519,2.6011135000347223,1.3419906041666667,2.351727666736111,1.0649727638888888
2025-08-01,262468341.4826389,64887879.88786206,2.464452649652778,1.22285865625,2.318393160625,1.0098143506944444
2025-08-02,253118129.9097222,59642663.22414414,1.9020516831944445,1.1543053854166667,1.8822646236458336,0.9964281458333334
2025-08-03,247030340.6215278,59603240.62965759,1.3888889478472222,1.0470263125000001,1.5180549932291667,1.1628575208333334
2025-08-04,244589552.5347222,61119954.1840407,1.6767683260416666,0.9782197430555555,1.7545835391319444,1.0725574097222221
2025-08-05,246202069.54166666,59977159.10625778,1.7610724945486111,1.0043185694444443,1.6928921738541667,1.1607410243055556
2025-08-06,238366123.98958334,57570182.55245798,1.460598993159722,1.0119926597222222,1.4380654630555556,1.098242236111111
2025-08-07,238792470.92708334,59577031.869099766,1.5383073286458333,1.1400044965277778,1.4446658143402777,1.1132484513888887
2025-08-08,250996927.64583334,65780624.69332813,1.7459586588541667,1.2463132118055555,1.570407199548611,1.0688381215277778
2025-08-09,254825745.63541666,67554615.4202058,1.7231661294791667,1.3089270555555557,1.578816087986111,1.126006638888889
2025-08-10,256368519.9965278,66853500.033834495,1.835443508263889,1.3180520034722223,1.674962017326389,1.040765
2025-08-11,257277060.2638889,66047984.52051214,1.7737033803125,1.3488744027777777,1.5983569269097222,1.0808078645833334
2025-08-12,269259260.3993056,67970360.1770225,1.534429817048611,1.1514667916666665,1.4491764304861112,1.0704121631944445
2025-08-13,270488627.8263889,71149104.6863907,1.882701415138889,1.35672840625,1.696216509548611,1.1139827430555556
2025-08-14,269390167.0625,70029683.02321965,2.247802312673611,1.2822099166666667,1.9743182698958333,1.0118536076388889
2025-08-15,259656441.5486111,64854077.940612875,1.711094662673611,1.080915201388889,1.6151457334722223,1.0685737326388889
2025-08-16,257867930.1111111,64490830.767469436,1.5122930257986111,1.0584000659722221,1.4173816341319445,1.1333551006944445
2025-08-17,252447387.43055555,64180757.84014865,1.557369015590278,1.1171116944444444,1.4657583688888889,1.1857498506944444
2025-08-18,258342373.7673611,63148782.109096035,1.7421877921527777,1.104434170138889,1.6262793703472223,1.1344134236111112
2025-08-19,265077212.5486111,63169369.47858209,1.954464005625,1.0743557708333333,1.8003516116666667,1.0931769409722223
2025-08-20,265670907.73958334,62665335.395020515,1.7214323295833334,1.082930392361111,1.6207165598958335,1.0637944270833333
2025-08-21,264110438.24305555,62596943.97857703,1.6434690220138888,1.1388176631944444,1.5040334433333333,1.118727097222222
2025-08-22,258808645.625,62898049.06101828,1.6043361208333333,1.1919390416666666,1.49539125,1.0706432569444444
2025-08-23,266763011.6076389,66980277.87924169,1.9007032647569444,1.3891213993055556,1.639700466284722,1.2394392222222224
2025-08-24,262406204.5798611,65385749.023243956,1.9237943480902777,1.34451071875,1.6874143439236111,1.0214027152777776
2025-08-25,271590926.0208333,64811273.53034617,1.7664189136458335,1.3135007048611111,1.6799118540972222,1.1248583506944445
2025-08-26,279200174.1284722,66132858.946184345,1.413557917638889,1.1628998368055554,1.4342209177083332,1.113764611111111
2025-08-27,260001711.02430555,62553829.88389221,1.6540634350694445,1.2209549166666667,1.5752538532986111,1.0681090243055555
2025-08-28,260480209.9409722,62188683.82936805,1.7818232756597223,1.302909763888889,1.6555172500694446,1.1531739097222222
2025-08-29,284286670.3438597,65351738.81292286,1.7857450755789475,1.4165913192982456,1.6392813444561403,1.1691642140350877
2025-08-30,306580613.8229167,69125421.77701472,1.5568948415625001,1.355613579861111,1.4383987647916667,1.2129804097222223
2025-08-31,313841543.4652778,70502310.76446053,1.5622565939930555,1.3750679375,1.4131737823263888,1.154752204861111
2025-09-01,311424266.5208333,67248232.69694717,1.5058991976041667,1.3313357986111112,1.4160642703472222,1.2162788819444446
2025-09-02,296268257.1944444,64140882.169472784,1.6084712911458334,1.2763888819444444,1.5378719533680556,1.17272946875
2025-09-03,283135550.2291667,62368891.42384187,1.5624995793055556,1.3656331319444446,1.4428490799305556,1.0878520347222222
2025-09-04,284550524.7569444,61012816.053747624,1.6213972882291667,1.47674453125,1.4841385314930555,0.9769870937499999
2025-09-05,280823072.40625,61156300.14804424,1.4791593381944446,1.4135775,1.4202838229166668,1.181531309027778
2025-09-06,280706493.9166667,60661305.21216072,1.72418328,1.456485423611111,1.5983248518402777,1.1038556180555554
2025-09-07,283238225.40625,61980107.49805033,1.6540719327777778,1.4340745972222222,1.5538935501041666,1.161482857638889
2025-09-08,282365628.34375,63078738.869271025,1.6805600246875,1.4584810347222221,1.5507046978472223,1.2664001076388889
2025-09-09,268373398.64930555,61327008.08923427,1.7777314826041666,1.4048647881944445,1.6144095813194446,1.0964035798611111
2025-09-10,273453663.3715278,63390184.63081244,1.793512252847222,1.4397344201388889,1.6363425054861112,1.0140839756944446
2025-09-11,273149620.1770833,64491927.66990095,1.9683199425694444,1.4872285625,1.733837964201389,1.15657640625
2025-09-12,283296573.03125,68612119.7171157,2.2658073306944444,1.545285625,1.9381315477777779,1.059165079861111
2025-09-13,287634812.6423611,71294405.62298128,2.4676476128472222,1.535280125,2.150768235902778,1.1712842743055556
2025-09-14,275597281.75,66766152.898044854,2.3506265368402777,1.5445610694444445,1.99254034,1.1440795
2025-09-15,274501255.6631944,64829415.03934995,2.2773443749652778,1.5077507986111112,2.026516888298611,1.1809407847222222
2025-09-16,271945838.4513889,64269069.13528107,2.2739703078124998,1.4338725416666667,2.1021215961805555,1.1617761354166667
2025-09-17,275114081.4131944,65100941.67709373,2.2983581265625,1.4050154791666667,2.0917179585416665,1.1373473472222222
2025-09-18,295602823.0694444,72859269.5962759,2.327214261875,1.4609684131944443,2.024918595138889,1.22955071875
2025-09-19,293416095.8645833,70984775.97263518,2.4109348859722224,1.6585234479166668,2.0958675341666666,1.0621479652777779
2025-09-20,288206560.8090278,69762130.11844417,2.3214094173263886,2.0048224375,2.0742160546875,0.9977494479166666
2025-09-21,290224609.1423611,69084164.81940997,2.3325823811458335,2.251347451388889,2.091719106840278,1.121864875
2025-09-22,277598296.1180556,61283288.94681939,2.2750486138541666,1.9148574201388888,2.0773879573958336,1.0951245381944446
2025-09-23,261760214.81944445,57977829.84315384,1.8142612107638891,1.8748566770833333,1.7332555929513889,1.0850893194444444
2025-09-24,257749172.3715278,57426389.12833399,1.766191881875,2.015542673611111,1.6587170574652776,1.123546482638889
2025-09-25,264036499.4375,56340124.15227663,2.108612974513889,2.0028915243055554,1.9493465247916666,1.0650911944444443
2025-09-26,260531455.39930555,54777790.44979265,1.5494410030555554,2.081297743055556,1.4679749446875001,1.1702299756944443
2025-09-27,259954676.8402778,55364377.78180026,1.6570786220486111,2.0983439444444443,1.538682214965278,1.1495837777777778
2025-09-28,259084734.2638889,54764774.3497294,1.6565888701041667,2.093243940972222,1.5370970032638889,1.1234938541666668
2025-09-29,258004674.5972222,55653143.794504106,1.8046172843750001,2.1947805555555555,1.6298360796875,1.1513573993055557
2025-09-30,259156609.2986111,55433550.0556832,1.8124792909375,2.1474892951388886,1.6392291829166665,1.1452982118055557
2025-10-01,264197198.07291666,57783373.30362191,1.7908079944791666,2.211565375,1.6215298256944444,1.2066341319444445
2025-10-02,253571447.0034722,57514059.86708318,2.1634971278819446,2.078298579861111,1.8853307510416666,1.1024813819444443
2025-10-03,248136676.83333334,55708949.66853027,2.1390684433333336,2.0382834618055554,1.834057480625,1.1009021250000002
2025-10-04,249046551.8125,54764441.97540961,1.8613193089583335,2.046109739583333,1.6377889818402778,1.1838826145833332
2025-10-05,258914631.7534722,56834867.9470107,1.7124013665972222,1.7292623715277777,1.5406968636458334,1.2253423611111112
2025-10-06,261486133.3888889,58544282.551265456,1.7113950240972222,1.7456609791666666,1.5141319224652776,1.1403092604166667
2025-10-07,259523655.36458334,58097630.3737424,2.3280482683680557,2.2999148020833333,1.9673062431944446,1.047769625
2025-10-08,260925275.24305555,57024918.556103714,1.9630369996180557,2.328499416666667,1.7226133940972224,1.0775622291666667
2025-10-09,276423414.9097222,58846635.82530434,2.1081031849305556,2.1170345243055557,1.8700469475694443,1.10458965625
2025-10-10,279676615.4131944,57315936.25794203,1.8709331786805556,2.2327957569444443,1.6717482381944444,0.9902344895833333
2025-10-11,195827737.8298611,33353755.621796206,1.2074186438541665,1.7042291770833333,1.143586448125,1.0267175555555557
2025-10-12,180171769.07291666,31543689.08897178,1.2775882088541666,1.6904676527777778,1.202867773611111,1.1397868819444446
2025-10-13,168401563.3888889,31657070.60105396,1.359141420798611,1.5761910520833333,1.31629552125,1.2473195451388888
2025-10-14,154916759.1909722,28684931.35633729,1.3578292814236113,1.5553737777777779,1.3075484783333333,1.131166298611111
2025-10-15,152884701.0763889,28290879.612220578,1.4398620811458334,1.6747383020833333,1.3789050122222222,1.0863054027777777
2025-10-16,150273941.98958334,26635877.82046095,1.4990821190277779,1.7589539479166667,1.456728956388889,1.0098141145833333
2025-10-17,166234555.22569445,27268005.340938386,1.5048618384722223,1.6790707638888889,1.4183670000347222,1.0091802847222222
2025-10-18,167648342.71875,27655221.44518299,1.4734813899305557,1.4480368125,1.3908741509375,1.184343767361111
2025-10-19,160141987.8576389,26879485.636125877,1.4049198075,1.5179162152777779,1.3161173203819443,1.108378232638889
2025-10-20,153047575.1736111,26892346.194768593,1.4183042407291666,1.30208653125,1.3387395515972222,1.1801214722222222
2025-10-21,152032683.9340278,26404010.790987354,1.430457545486111,1.3075724895833334,1.3522583385763889,1.17824246875
2025-10-22,151623689.89583334,25575333.36053451,1.367679983611111,1.210762503472222,1.3160250218402778,1.128615763888889
2025-10-23,155130187.42708334,25840995.80951587,1.343522564375,1.27586359375,1.2433796568402777,1.0998957395833333
2025-10-24,158324081.66666666,26680965.000605956,1.1897760810069444,1.5044199305555557,1.0638231453125,1.057263201388889
2025-10-25,157390467.51041666,26915800.279386416,1.2596180158680557,1.6505311805555556,1.1214079888888888,1.1571599618055555
2025-10-26,154887397.25,27298839.345742814,1.449058847951389,1.6356700451388888,1.2626588392013889,1.2776785972222222
2025-10-27,172127109.27430555,31176329.590098687,1.5150339275347222,1.6729843993055555,1.3077797509375,1.091334097222222
2025-10-28,242014198.7847222,48752898.17379013,1.6200766929513888,1.3388821180555555,1.4643686705902779,1.0689453159722222
2025-10-29,253888144.71180555,50298983.94612077,1.8610018975347222,1.1895858229166665,1.7615015781944445,1.0601561006944444
2025-10-30,274090332.8506944,54651866.17987055,1.8990689258680555,1.2935261979166668,1.8048155684375,1.0176341875
2025-10-31,283044635.9409722,55171465.38078807,1.942530450972222,1.2355067569444445,1.8675391566666666,1.099490034722222
2025-11-01,272764444.3611111,54501724.570366696,1.8765245264583332,1.3702534444444445,1.8225665747916666,1.1883658298611113
2025-11-02,269762101.3541667,52474259.41366095,1.7724178457291666,1.3823751493055554,1.755212475763889,1.1393049513888889
2025-11-03,258711328.5,47167420.47663501,1.6822764505902779,1.4306082291666666,1.5729560212847222,1.0390649375
2025-11-04,225206205.20833334,38782757.34042412,1.6828131528125,1.6015123923611112,1.563851909826389,1.0841169166666667
2025-11-05,191015055.89583334,32783853.265356045,1.758188636388889,1.8038690868055554,1.6655760327430555,1.0717384756944446
2025-11-06,181572848.97569445,30548478.964099485,1.6718525879166668,1.89308315625,1.5316384788888888,1.0635953715277777
2025-11-07,182787379.4097222,30939396.63332987,1.3417285342361112,1.870342673611111,1.2575669257291666,1.033120954861111
2025-11-08,180521183.6909722,31630673.971350625,1.3118514284722222,1.963873107638889,1.1679531640277778,1.1428290972222221
2025-11-09,177841907.3611111,30674548.029303774,1.1750750083333332,1.8368699756944444,1.0803275837847222,1.051207236111111
2025-11-10,173984448.32291666,32840023.10115395,1.2314407633333333,1.6288576493055555,1.0985974803124998,1.1369264791666667
2025-11-11,167913914.08680555,31225665.78538421,1.7069091270833332,1.6555965868055555,1.3930498032291667,1.12912725
2025-11-12,165787479.8715278,29761968.96131545,1.5348546924305557,1.613896107638889,1.3439768978125,1.1493223368055556
2025-11-13,166264150.1388889,28930250.26594506,1.3687753693055555,1.6958742118055554,1.2162417214583334,1.072591357638889
2025-11-14,181897811.79166666,28910629.9471857,1.1790632436805555,1.8388986423611111,1.0922353732291665,1.0057842395833334
2025-11-15,192254077.0763889,30015698.829845224,1.1742238734722221,1.8810851145833334,1.1133179464583334,1.126661607638889
2025-11-16,196500876.43055555,29746772.32346904,1.1226840007986112,1.819320454861111,1.0641055708680556,1.0369234965277778
2025-11-17,195400942.0451389,28993629.781209875,1.102658527986111,1.6511901805555556,1.0435493023958333,1.1801938680555555
2025-11-18,186617750.34375,27457975.605464328,1.1038596584027778,1.5666154652777777,1.0533279780555556,1.093968375
2025-11-19,184742809.2847222,26955768.04558392,1.1526395095138888,1.5634070069444443,1.0818661393402778,0.9688938229166667
2025-11-20,182162782.9097222,26085415.23066199,1.1865841535416668,1.56686453125,1.0873350577083334,1.128076923611111
2025-11-21,183944194.47569445,24223683.271579012,1.2052710022222222,1.3435682430555556,1.0909076378472222,1.0545532569444445
2025-11-22,176794144.09375,22865876.880873658,1.2538741119097223,1.40373025,1.153527474861111,1.0979580520833334
2025-11-23,180790477.7222222,25514476.726984274,1.2977772152777778,1.3074822222222222,1.2108971845138887,1.0546155277777778
2025-11-24,194274205.7986111,28534223.155041285,1.4027288204861112,1.2564320451388888,1.2946554479861112,1.0407861458333334
2025-11-25,200506777.9340278,28936863.855615024,1.3986505967361111,1.2308510381944444,1.3287797669444443,1.0646068888888889
2025-11-26,201151240.65625,29203003.88426055,1.2904815162152776,1.341641357638889,1.242642472847222,1.2219247291666668
2025-11-27,191192949.7638889,28109907.404824477,1.3582846156597224,1.374024107638889,1.2805529364236112,1.1704369375
2025-11-28,184387717.86805555,27016945.799897775,1.3280779759374999,1.3959113923611113,1.2764768511805555,1.0736871284722223
2025-11-29,191440774.67708334,27553442.490986116,1.2974731756944444,1.3077387534722222,1.2525270902083332,1.189915375
2025-11-30,198288126.72569445,28495475.063752107,1.1990209243749999,1.3363549895833333,1.1594586711111112,1.1101095590277776
2025-12-01,207424559.0347222,27620529.032657996,1.1202984688541666,1.1747021458333333,1.0397855456597223,1.1780612083333333
2025-12-02,202964351.69791666,27769132.085289825,1.0839506261458334,1.1900639166666667,1.0307194759722222,1.1401445381944444
2025-12-03,186939886.44791666,27348911.723949563,1.4596055631944445,1.3393867569444444,1.3112687735763888,1.1575851874999998
2025-12-04,186367770.44444445,26405655.5967917,1.3763618254861112,1.5447224236111112,1.216011698298611,1.1405260451388888
2025-12-05,202592021.35069445,27663221.942016892,1.0714300605555556,1.6848340729166666,0.9718682539583333,1.2871894791666667
2025-12-06,209960690.4861111,27988611.49994436,1.0287260280208335,1.4419335833333333,0.9761494715625,1.3115470069444444
2025-12-07,207400699.4722222,27707074.324894648,0.9596072084027778,1.3343370902777778,0.9185081489930556,1.1707618263888888
2025-12-08,199335569.52430555,26846280.56168675,1.0455000944097224,1.245275857638889,0.9453646655208333,1.3032507395833333
2025-12-09,193735788.3472222,26354080.59823687,1.0821748236458335,1.3133105416666666,0.9570305633333334,1.070563125
2025-12-10,198692563.38194445,27199806.222673263,1.1467954505208333,1.3819923958333333,0.9874454458680556,1.1333659374999998
2025-12-11,203070553.8402778,26405881.316223808,1.0281835804166668,1.3480886805555556,0.9162226817708334,1.012375732638889
2025-12-12,214149872.4340278,27322557.88798873,0.9848015849652777,1.3280167152777778,0.8901955952083332,1.1306984652777778
2025-12-13,234453284.3298611,29007340.128722545,1.0084505499652776,1.2803367604166667,0.9339194881597224,1.1276178576388889
2025-12-14,246053670.9027778,29812194.96861504,0.9709630989236112,1.2948061423611112,0.9001258385069444,1.1394896979166667
2025-12-15,255216836.09375,29861431.167047646,0.9495776791319445,1.2928224722222224,0.8688763972569444,1.30728603125
2025-12-16,252270722.5972222,28821334.44287421,1.0224454905555556,1.2953144722222223,0.9044401936458334,1.2407184861111111
2025-12-17,241227027.9548611,27045072.62039234,1.0625967478125,1.3180010555555555,0.9268370478819445,1.1966150416666668
2025-12-18,240951024.6840278,26215808.090228543,1.0326249130555556,1.2141807708333332,0.9232164758680556,1.1399554930555555
2025-12-19,241272933.90625,26323264.713790115,1.0373231796527778,1.1417894340277777,0.9133878861805554,1.1617130486111111
2025-12-20,226469899.50694445,25422865.890620057,1.1355979439583335,1.205141375,0.9656275883680555,1.187810954861111
2025-12-21,227221102.4409722,25399576.902489305,1.100741039097222,1.1985355972222222,0.9529142306597223,1.166645607638889
2025-12-22,229793884.4652778,26066821.85442988,1.0810517305555556,1.1984423888888889,0.9529327184722222,1.2272719340277778
2025-12-23,232263475.0451389,25870770.28383902,1.1268636534722223,1.195273295138889,0.9968840484722222,1.263554184027778
2025-12-24,230433455.94444445,25229981.827819355,1.1147362928125,1.2119955069444446,0.9749394046875,1.2664809340277778
2025-12-25,227853645.5173611,25310302.034947943,1.1446621973958333,1.2239228333333334,0.9898284122569445,1.3971868958333333
2025-12-26,229597425.0,25779257.724854488,1.2905404279861112,1.1598569166666666,1.1090184993402776,1.3491698784722221
2025-12-27,224670121.88541666,25318777.00752344,1.2566456414930556,1.2592629583333332,1.10683893375,1.1659653472222222
2025-12-28,210891919.97569445,24335232.33217585,1.3618507262152777,1.3894521458333333,1.1282363845486112,1.1303489861111111
2025-12-29,210510021.8402778,24223418.66440147,1.5791078498958333,1.4806301909722221,1.3070148041319445,1.1512684791666665
2025-12-30,215132055.80555555,24065241.546876002,1.4414891921527777,1.361970138888889,1.221691548923611,1.3130403229166667
2025-12-31,220684103.33680555,24141653.842973985,1.1826984943055556,1.3526836840277778,1.0045519131597223,1.2787383541666668
2026-01-01,236075216.91666666,25812588.271539718,1.0789635131944444,1.279702857638889,0.932951013263889,1.1914774409722222
2026-01-02,224452746.71180555,26471503.634778295,1.3095098360069446,1.3650061319444444,1.0676596776041667,1.136029951388889
2026-01-03,221383502.19791666,26529192.25846967,1.4708965347569445,1.5519216666666666,1.1839431055555556,1.2728815069444446
2026-01-04,223297184.18055555,27725428.393355656,1.4723310570833332,1.662741732638889,1.1966273450694445,1.2091132569444445
2026-01-05,213938048.27083334,27129164.53927166,1.6080340751041666,1.8537199236111113,1.3061011809375,1.10750053125
2026-01-06,215701566.5451389,28032325.115150407,1.7306436799652778,2.340180267361111,1.4191488874305556,1.1704504270833334
2026-01-07,210797479.15625,26420126.55214845,1.5766725303472222,2.924946388888889,1.2870737452083334,1.1710066041666667
2026-01-08,212396685.8472222,25775898.373220168,1.4641164142708334,2.9500580277777777,1.2066941855555555,1.2125988680555555
2026-01-09,209095949.7951389,25035080.96002547,1.3446780899305555,2.8302796805555555,1.1146423010416666,1.1931934652777778
2026-01-10,210915324.1527778,25150731.202448346,1.2439461879166667,2.650612940972222,1.0348451155208334,1.292082763888889
2026-01-11,212620960.8298611,25003164.53393598,1.1092255962152777,2.5569493472222224,0.9403699403819444,1.2918085381944444
2026-01-12,213505019.00694445,24896373.207202792,1.192585682326389,2.3448924131944446,0.9895902577777778,1.1175753923611111
2026-01-13,217267156.5173611,25530841.279652774,1.1883412245833334,2.4295283263888887,0.9836838691319445,1.2686216041666667
2026-01-14,224192139.1076389,27932779.924163923,1.2455270642361111,2.6445883680555555,1.0361921130208334,1.0866115694444445
2026-01-15,205574828.16319445,24702590.46961115,1.3956503468055557,2.7305523819444444,1.1401669224652777,1.0843814305555555
2026-01-16,208504609.19444445,24443989.234385405,1.287989810625,2.485818170138889,1.0807187230208333,1.1860988784722222
2026-01-17,219731633.21180555,26103300.108466733,1.274821339826389,2.349939555555556,1.0647366835069443,1.4256346006944445
2026-01-18,218889221.99305555,25617185.897987176,1.2479370891666666,2.3257760624999997,1.0634704131597221,1.1552099583333333
2026-01-19,219984626.3923611,24140721.28906545,1.1236209524652778,1.6331375069444443,0.9402954177777778,1.2530909513888888
2026-01-20,229635209.5590278,24747277.49910199,1.1142755300347222,1.70867840625,0.9323561089583333,1.0796361145833333
2026-01-21,245668353.47569445,26756940.931070615,1.0891712511805556,1.452568454861111,0.9395129342708333,1.224481954861111
2026-01-22,245443540.88541666,26830268.393854704,1.2402200166666666,1.524915611111111,1.0567484603472221,1.0883823923611111
2026-01-23,247350918.2048611,27081585.181945287,1.2396937032291666,1.5562625972222222,1.051460914861111,1.2190207465277778
2026-01-24,248762878.9097222,26977845.711334318,1.1949114750694445,1.6003826875,1.0226049821527778,1.1165406388888888
2026-01-25,256828055.68055555,27168586.941277508,1.1067410983680555,1.5101705486111112,0.9366620115277777,1.0748420902777778
2026-01-26,261141783.92708334,27682658.74365771,1.048642285625,1.3967052777777778,0.9136220097222222,1.359325638888889
2026-01-27,253958074.14583334,27035842.822379332,1.1470236045138889,1.4932454097222223,0.9925554294097222,1.1819152743055554
2026-01-28,247679984.60416666,26619921.382614132,1.2110698304166665,1.5357327812500001,1.0145365263194444,1.1935116423611112
2026-01-29,252938973.13541666,26031026.74889948,1.1425316797569445,1.495051315972222,0.9696426821527778,1.0174145381944444
2026-01-30,277621561.7673611,27548748.218062013,1.0333368309722222,1.4127219305555556,0.8977795850347222,1.0906729027777777
2026-01-31,283863262.0763889,26725297.132282995,1.0025234783680554,1.4089490659722221,0.8534880445833334,1.171764097222222
2026-02-01,274106589.2604167,24898830.56886469,1.0268268321180556,1.3411386215277779,0.8674158782638889,0.9959364375
2026-02-02,274163695.0902778,25061355.856487773,1.1257397534027778,1.3084259166666667,0.9677206140277779,1.105295013888889
2026-02-03,276072880.2569444,25202001.298825264,1.2390169240277777,1.35343696875,1.0696627402777779,1.0737668645833334
2026-02-04,275557484.3576389,25112838.413208783,1.2548986155902777,1.2886598333333332,1.0848850029166668,1.1185413055555555
2026-02-05,296083907.3125,25003420.629855372,1.2277344334722222,1.2318308090277776,1.0470701192708334,1.0338019652777777
2026-02-06,304691150.6111111,26235073.563981347,1.1560694994791667,1.1719888298611112,0.9897094898958334,1.108397545138889
2026-02-07,295351650.1215278,26363568.073264796,1.5758325148958334,1.3168611770833332,1.3272804279861112,1.2450461944444444
2026-02-08,289868695.6736111,26461596.405788094,1.6256262975694444,1.31134790625,1.4157152565277777,1.1399408159722222
2026-02-09,290253718.5625,26481494.74651138,1.6412310494444444,1.293158440972222,1.4426742087847222,1.1963694479166667
2026-02-10,283530277.2361111,25789850.80632189,1.5647516048958332,1.2143880347222222,1.4225031482291666,1.2317277534722222
2026-02-11,285656324.8923611,25440434.53865057,1.4806577117708333,1.1967782083333334,1.3338219890972223,1.201170277777778
2026-02-12,288549912.2951389,26623481.409157325,1.5691883966319444,1.2265638819444444,1.3683483372569443,1.2522373055555556
2026-02-13,287139024.1840278,27051972.07987239,1.6754339794791666,1.26881325,1.4732466507638888,1.2376481736111111
2026-02-14,294213036.9270833,30274165.7629384,1.8697902322916669,1.30324275,1.695855075798611,1.1654439618055554
2026-02-15,279002921.0069444,28401187.083174907,1.8878622317013887,1.3984677569444444,1.702900153611111,1.1345085833333333
2026-02-16,281040159.4965278,28264573.010777164,1.797750334548611,1.4135616875,1.5903343485416666,1.1320225763888887
2026-02-17,277962255.0972222,28046122.470179144,1.7145072008680555,1.3227816458333335,1.5209119050694444,1.1154259548611112
2026-02-18,272553424.3854167,27468326.982158314,1.558341205173611,1.3042746145833333,1.4107454301041669,1.1949361319444445
2026-02-19,273064478.3194444,26751358.079764433,1.337149651701389,1.2688062881944444,1.240547617326389,1.1999404722222222
2026-02-20,272377861.9236111,26939242.664488327,1.2873862046875,1.2933471006944446,1.1746715035763888,1.3950812534722223
2026-02-21,264071374.8472222,26385695.55056917,1.3286591820138889,1.482318628472222,1.186365882951389,1.0748783680555556
2026-02-22,262220066.4375,25679486.397502083,1.1138806272569444,1.6581078958333333,1.0108784843749998,1.2266596805555556
2026-02-23,260921786.2222222,24905521.358260766,1.008115703263889,1.5584926493055555,0.9143948338194444,1.2296070902777778
2026-02-24,267453378.32291666,25256624.73162403,0.9421315831597222,1.5842722222222223,0.8612210488194445,1.3546192361111111
2026-02-25,263620971.09375,26283144.018872757,1.199596291111111,1.7579286145833333,1.0737661550694444,1.24427678125
2026-02-26,268853299.1493056,27383595.64721848,1.6083849396180556,2.0812254618055555,1.3999677281944445,1.1031373402777778
2026-02-27,272874389.9756944,27722445.654053614,1.7492696689236111,1.9996175729166668,1.5167139356597223,1.1830976076388888
2026-02-28,261879637.28125,25590194.146169405,1.4954522825694445,1.7122079895833333,1.2923611280555556,1.1179697222222222
2026-03-01,253819769.69444445,25192561.324876867,1.4983170875694443,1.7345618437499999,1.2439276893402778,1.17494775
2026-03-02,249699310.8472222,24599230.458208185,1.2955496329861111,1.7391936423611112,1.0987855211458333,1.0736533125
2026-03-03,264957401.2326389,25501395.413170565,0.9851106253819444,1.5689173819444444,0.8471482942361112,1.1498878611111112
2026-03-04,278960771.4270833,27947744.014887087,0.9858319998263888,1.4751339201388889,0.8678821975,1.2069553819444445
2026-03-05,261773967.08333334,26236964.548397943,1.3188997928472221,1.8516788229166667,1.1318745384722222,1.1120238055555556
2026-03-06,253333770.36805555,24963461.369010266,1.1345820366319446,1.75991546875,0.9816265485069445,1.1667693819444445
2026-03-07,251585452.16666666,24253098.069165118,0.8863490396875,1.660970576388889,0.7891258654861111,1.0700823506944444
2026-03-08,256522600.60416666,24328590.518393602,0.7736733059027778,1.4980189375000001,0.6843162551736112,1.0770078229166666
2026-03-09,253979524.1909722,24101824.68873556,0.751561683125,1.5064763541666666,0.6727044669097223,1.27945675
2026-03-10,247316265.05208334,23754532.584100723,0.787389485451389,1.5789526215277778,0.6847573700694444,1.1539297291666666
2026-03-11,253747928.2048611,23953404.27561229,0.7918232848611111,1.4664511006944445,0.6870146270486112,1.0395013958333332
2026-03-12,261161145.5,24597314.43457123,0.7732407911805556,1.2907125868055556,0.6790412576736111,1.1898954097222223
2026-03-13,256820789.44791666,24827470.720839415,0.8416444236458333,1.4862442743055555,0.7206085715277778,1.3078472256944444
2026-03-14,271722844.0277778,25269198.846989185,0.8422632298263889,1.4697644201388889,0.7528058876736111,1.030788826388889
2026-03-15,284332951.21875,27099006.687200025,0.8029415195138889,1.46466159375,0.7014312092013889,1.401514923611111
2026-03-16,272931196.2256944,26836781.39500081,0.9126650739583333,1.687645996527778,0.7813255568402778,1.2069415000000001
2026-03-17,261899320.91666666,25960419.78243553,1.0848850009722222,1.771446125,0.9077423603125,1.0904532395833333
2026-03-18,248708626.83680555,24270926.509017136,1.0085346175694445,1.738302375,0.8512883359027777,1.1175997430555555
2026-03-19,248860959.6527778,23299581.98054648,0.828925090451389,1.4354258993055555,0.7030460031597223,1.0141160069444444
2026-03-20,254921643.56944445,23781528.704784084,0.7855395899305555,1.4831212743055557,0.6799544821180556,1.2011897777777778
2026-03-21,254277562.90625,23662996.03469109,0.7996678215624999,1.475646451388889,0.6911726495833332,1.5375515902777779
2026-03-22,274722816.9965278,24759090.092494648,0.7741578774652778,1.2649221736111111,0.67959928,1.045571454861111
2026-03-23,289745439.25,26491144.350089338,0.7466527123263889,1.24284659375,0.6506907505555556,1.2776682534722221
2026-03-24,265136939.7222222,24683706.23628111,0.8717048503125,1.729287003472222,0.7349579237847222,1.147566548611111
2026-03-25,255123921.29166666,24176802.67208141,0.9709226523263889,2.0566369513888887,0.8152562070486111,1.2710108541666667
2026-03-26,246789590.21875,22677724.062614,0.9320558316666667,2.1451897708333334,0.7694597968402778,1.1119684236111111
2026-03-27,258270553.23958334,23229202.515979487,0.8196705271527778,1.864670628472222,0.6901640639236111,1.1774111944444445
2026-03-28,263692284.6527778,23727895.36969858,0.8019424599652778,1.7941099305555557,0.6954352451041667,1.3067690833333332
2026-03-29,265890131.35069445,23674523.4953378,0.8409098664583333,1.9135676527777778,0.7313024790277778,1.0999349305555555
2026-03-30,270045171.7326389,24040971.227889717,0.8132267390972223,1.7083524270833332,0.6732108446180556,1.24505503125
2026-03-31,285429924.8333333,24636432.968092646,0.7897940685069444,1.624578048611111,0.667522930798611,1.2113971076388887
2026-04-01,278452101.7916667,24911997.54562787,0.8446397334375,1.7291118784722221,0.6939625047916667,1.3050904791666667
2026-04-02,265095775.625,23011914.939487662,0.8918182403125,1.902311388888889,0.7351119708680556,1.2588890694444443
2026-04-03,261769518.72916666,23140201.566348147,0.9751550671527779,2.124799423611111,0.8125280860763888,1.3401546631944443
2026-04-04,260981949.9340278,22769794.274808455,0.9554075291666666,2.0686585694444446,0.7990816786458333,1.2517950312500001
2026-04-05,257650695.35416666,22395443.58110394,0.8716991184027778,1.9073964027777777,0.7282022145138889,1.3692262361111112
2026-04-06,249350552.4652778,22104461.0932645,0.9674959105902777,1.9665806493055555,0.7960172675347222,1.3502948263888888
2026-04-07,252274098.21180555,21953552.01168946,0.9051214356249999,1.9886359826388889,0.7618041002430556,1.2486438993055555
2026-04-08,275106751.4895833,25148502.955806732,1.0306652472222222,2.477590138888889,0.8260663171527778,1.22334871875
2026-04-09,270133301.0069444,24091655.27488066,1.0562672222916667,2.487584083333333,0.8826523568055555,1.2136123541666666
2026-04-10,254905356.4652778,22697675.441828374,1.0558524571180556,2.0797381215277775,0.8907701331250001,1.277154642361111
2026-04-11,247718146.67708334,21899762.961167086,1.0043115438541668,1.9375540694444444,0.8456658257638889,1.3003699409722222
2026-04-12,262964945.70833334,22654500.033961892,0.8764394894444444,1.9146155868055554,0.7212800067708334,1.1171581527777779
2026-04-13,288075572.0590278,24601532.881727546,0.8173766729513888,1.700697045138889,0.6838181278125001,1.3174391631944444
2026-04-14,297982216.2986111,25662822.117592756,0.8979295727083334,1.468844295138889,0.7238725945486111,1.3322015277777777
2026-04-15,306526633.7013889,26307746.199361302,0.8880606895486111,1.4186207048611112,0.73737595,1.123986125
2026-04-16,287550568.3611111,25403882.86948119,0.9843019451041667,1.4851301354166668,0.794107404375,1.4294752222222222
2026-04-17,268224509.7951389,24337247.993147902,1.1930828301736112,1.738848420138889,0.9493234316666668,1.1465880069444445
2026-04-18,246580105.06944445,22027679.773018457,1.2793326024305556,2.0785648402777777,1.050577952986111,1.4131377847222222
2026-04-19,245291955.91319445,21633599.51237833,1.1644524568402776,2.1290628680555557,0.9595087058333333,1.19614
2026-04-20,248634156.03125,22109930.093182348,1.1746799422569445,2.492938104166667,0.9855049728819445,1.3636605347222224
2026-04-21,244302204.83680555,21971074.546430033,1.373446492638889,2.815680951388889,1.1542909588194443,1.3313917569444444
2026-04-22,252681730.6909722,23045734.17577726,1.5780170240277778,3.0269773784722225,1.3108527986805556,1.338686482638889
2026-04-23,256023600.88541666,23186172.295628157,1.7580307306944443,3.2228861180555555,1.4795781476041665,1.4029673194444445
2026-04-24,256287487.03125,23295512.241284665,1.8477717612847222,3.5870503437499996,1.5440129017013888,1.3365185138888889
2026-04-25,267734320.40625,24390000.533750035,1.9756296832291664,3.841301972222222,1.6409755017708332,1.4357383888888888
2026-04-26,289434185.8784722,26669635.97082975,1.9342571652430556,4.0851667152777775,1.6367497305208334,1.2988861701388887
2026-04-27,295336890.625,26789958.694178805,1.8746398611805555,4.126615076388889,1.5867681934722222,1.3654992604166667
2026-04-28,295292542.9409722,26283754.952005517,1.3924151939583334,3.67659790625,1.1229365375347222,1.308230878472222
2026-04-29,292447385.1354167,26085469.880098738,1.3076874501388889,3.509236982638889,1.0512333009722221,1.4215298958333333
2026-04-30,293631852.9166667,25881712.36478534,1.2399788575347221,3.9240540486111106,0.9718380217013889,1.2272729027777778
2026-05-01,286265959.3611111,25169318.091130674,1.1813547015277779,3.953220413194445,0.9100644866319444,1.4026836840277777
2026-05-02,287476242.4305556,25333526.087964907,1.1627404939583335,3.769285763888889,0.9148245926041666,1.519332954861111
2026-05-03,290629747.4375,25561021.039593767,1.1979966775694444,3.8147961423611108,0.9397901815972222,1.4821429583333332
2026-05-04,282080893.2465278,24901152.244258735,1.2536668558680555,3.8772187152777775,0.9795110748263889,1.3227709097222222
2026-05-05,295429405.0694444,26415337.196952816,1.2649733222222224,3.817430972222222,0.9608250161805556,1.2632923055555556
2026-05-06,303662907.6979167,27761074.87655499,1.6366479427083334,4.256991656249999,1.2456515125694443,1.1484314583333335
2026-05-07,294399570.3715278,26604650.283868786,1.6885541822916668,4.423439559027778,1.2545282264583333,1.4060363923611112
2026-05-08,300515734.3645833,27378221.958345786,1.7125456544444444,3.6186602256944442,1.2879285544444443,1.304548517361111
2026-05-09,299065429.6493056,27820798.880599864,2.0845039158333334,4.632107625,1.5654790418055555,1.1997517916666667
2026-05-10,307043420.8229167,29235538.084279392,2.290604473402778,4.789965052083334,1.8171373361458332,1.0960130520833333
2026-05-11,318845576.3020833,30685988.684206765,2.26781751875,4.888385357638889,1.8929135639930554,1.2789298958333335
2026-05-12,312397622.1458333,29592296.651286792,2.1592516253125,4.734986177083333,1.7833123430555555,1.207481878472222
2026-05-13,317942480.9097222,29757328.01328303,1.943836170659722,4.532286128472222,1.6008856740972222,1.4435395486111111
2026-05-14,326343244.25,30786880.52397905,1.8993248948958334,3.978516864583333,1.573773198784722,1.2609563055555555
2026-05-15,327697340.1145833,30665817.54391316,2.064149574340278,3.96514721875,1.7217906701041668,1.253990767361111
2026-05-16,342002298.9479167,31346983.453693375,1.7539681607291666,3.1565419479166668,1.4553193443402777,1.6173181284722222
2026-05-17,344479161.8576389,31390458.99163921,1.6170355715625,3.0722830104166667,1.3500138200694445,1.4559446249999999
2026-05-18,345772608.59375,30821568.025637288,1.1898515084722223,2.9472241631944445,0.957076850625,1.2818029756944445
2026-05-19,348830557.0034722,31170666.585236624,1.139124376076389,3.0788797604166667,0.9065704506597222,1.3602611145833334
2026-05-20,340517153.7604167,30281688.12619984,1.0748725480208334,2.8589404201388886,0.8430543614236111,1.1958010763888889
2026-05-21,343884869.8159722,30657645.183700018,1.0410418340624998,2.9602021250000004,0.7949286576736111,1.3531955868055556
2026-05-22,341922463.3854167,30617618.098907623,1.1455415202083334,2.966320104166667,0.8602869766319444,1.4180512951388888
2026-05-23,349313977.0173611,30655268.01165877,1.0423932322222222,2.5419223125,0.8024941824999999,1.4673456354166667
2026-05-24,336980894.2534722,29998382.125599895,1.1404924865625,2.78784359375,0.8579767093749999,1.3432030069444445
2026-05-25,335968836.4409722,29886464.715867024,1.1928090901388888,2.8914872569444445,0.9072170355208333,1.560748267361111
2026-05-26,347437548.0694444,30383653.25813812,1.131103131111111,2.6463292881944445,0.8358269125694444,1.2848764305555556
2026-05-27,366129835.9027778,31487462.817280788,1.0540602735763889,2.571197215277778,0.7786060860416666,1.0841688402777778
2026-05-28,348828616.7361111,30108606.769623373,1.028374435451389,1.8963908680555557,0.7850047211458333,1.1706148090277777
2026-05-29,302366783.9548611,27771755.32906834,1.669570500902778,1.8965683472222221,1.4244452478472223,1.0443785347222223
2026-05-30,354016388.6145833,35015937.43850854,2.3035613024305555,2.345878010416667,2.1662812060069445,1.0857978715277778
2026-05-31,317070099.0381944,30477086.09525599,2.0121844189583333,2.071461673611111,1.7652104830555555,1.1578869166666665
2026-06-01,301793547.8402778,28424222.214019503,1.9877327167708334,2.160028267361111,1.647313752986111,1.2376533680555555
2026-06-02,304310663.4131944,27288070.883442435,1.7602639705555554,1.87925415625,1.3768309016666667,1.1743252499999999
2026-06-03,344220366.1215278,29891874.291165464,1.3453802430555557,1.4184399548611113,1.019267809826389,1.1715824131944443
2026-06-04,358091414.3263889,30398902.945684407,1.1128470838888889,1.241214798611111,0.8379324103472222,1.1381504340277777
2026-06-05,364468985.9305556,29569097.80541238,1.042622610451389,1.1498345208333332,0.7791767048958333,1.1816602083333332
2026-06-06,370764980.7222222,29315424.498008758,0.9898422864930555,1.1302148854166667,0.7355451668055556,1.2016822708333335
2026-06-07,368393119.2986111,29901293.465665612,1.0205500190277776,1.1374348958333333,0.7587585377083333,1.1988926493055556
2026-06-08,358383562.6388889,29322731.96209468,1.0308264133333334,1.1662660555555555,0.7602223540625,1.339097795138889
2026-06-09,357568327.8958333,28679503.393690754,0.9704134384722222,1.2009320555555556,0.7173333012499999,1.2154828541666667
2026-06-10,361612573.6041667,28332256.004461933,0.9045469328472221,1.2526322083333334,0.6727348528819445,1.2326242743055555
2026-06-11,367753074.5729167,28945755.68607873,0.8925283530902779,1.2939139722222222,0.6637565714930556,1.3796028993055556
2026-06-12,381112510.9791667,30071996.7122397,0.9280644360763889,1.3698115312499999,0.6897172923611111,1.290094482638889
2026-06-13,389179028.8125,30373846.017280776,0.9109483935069443,1.3333803125,0.6868042540625,1.3958521805555555
2026-06-14,397187910.59375,31157716.07912881,0.8974311517361111,1.3992925659722222,0.6789485050694445,1.4463453194444444
2026-06-15,386947959.375,31806244.506961923,0.959039723611111,1.4286028229166667,0.7080398353819445,1.23753875
2026-06-16,363102902.2847222,29833336.66842246,1.0814071772916667,1.6694193888888889,0.7942957159722223,1.0950716840277779
2026-06-17,350542230.5833333,28303549.434902728,1.0493066915625,1.9777806354166667,0.7717384620833333,1.3622202430555557
2026-06-18,350678681.5243056,28172791.08030389,1.0152871059722222,2.0502467812500003,0.7588515034375001,1.2630204375
2026-06-19,351864663.0034722,28105882.43179902,1.0382140848958334,2.094536326388889,0.7821102832291666,1.2786626493055555
2026-06-20,356942931.125,28604298.630841866,1.078793640138889,2.1657316284722223,0.8148790065625,1.4233420520833333
2026-06-21,352245993.5173611,28129347.24403136,1.1163226378819444,2.139788576388889,0.8300787670486112,1.2778197361111112
2026-06-22,354793796.9444444,28123014.383535422,1.002381119513889,2.0336014930555555,0.7465840914583333,1.225853121527778
2026-06-23,363148838.7013889,28262500.879463468,0.9908836967708334,1.9552950972222223,0.7335934050694445,1.3150022743055556
2026-06-24,368730072.1979167,28084163.21230315,0.9520234396527777,1.8931773368055558,0.6996481634375,1.2523973854166668
2026-06-25,379047776.8194444,27950866.133489564,0.8988695665625,1.8361124236111113,0.6480504643055556,1.1430288645833333
2026-06-26,372095272.2152778,27020873.91148595,0.8661657077430556,1.75382378125,0.6340459162847222,1.1139198124999998
2026-06-27,359039662.0,25445140.84594,0.89997198,2.005584,0.67799477,0.72618
