date,oi,oi_value,toptrader_acc_ls,toptrader_pos_ls,global_acc_ls,taker_ls
2023-03-23,10090452.681415929,5091189.922104639,1.0828952417642257,0.8376947405221239,1.380824739903617,1.067164073979646
2023-03-24,25151759.527777776,13641393.762304544,1.0962814632469586,0.9598404512552084,1.199877623025336,1.0040540346881945
2023-03-25,29113216.645833332,14008130.959692474,2.450159137580563,0.8784504851243056,2.4885219191079764,0.9839592098618056
2023-03-26,33911104.041666664,16142617.761094593,2.7189885671422815,0.8956402540843751,3.0526289815698666,1.0110470467173611
2023-03-27,29955158.732638888,14165744.13063054,2.4932811284686207,0.9299929121819444,2.719707843642207,1.0564470024256944
2023-03-28,26443116.954861112,11857011.699891804,3.143021482659279,0.8932116334694444,3.886202008812491,1.046347369792361
2023-03-29,26051733.53125,12215361.2685626,2.85902733098786,1.0109992462809028,3.5252916372317262,0.9987151575878472
2023-03-30,30296203.215277776,14267860.434146963,3.3411188144237043,1.0534515613291666,4.09402653855848,0.9736367420746528
2023-03-31,32389271.847222224,15429588.140168428,3.324987223100756,1.2315789837208333,4.100836849993763,0.9995812626517362
2023-04-01,33115398.513888888,16242360.286241021,2.7829038043363927,1.3623121523527777,3.144949112870408,1.0134711657875
2023-04-02,33518163.520833332,16018157.0879004,3.3522392330889628,1.3888218328871527,3.979076534527191,1.0195255120951388
2023-04-03,32624248.513888888,14934312.20852717,3.975426977158593,1.3529517874166668,5.149999591366538,0.981656979811111
2023-04-04,32868810.902777776,14962574.100149674,4.769628422324528,1.3220523695753472,6.834146708322615,1.0059287707774305
2023-04-05,31626056.621527776,14755446.715603448,4.37314958316966,1.3676251076253472,6.065361194220429,0.9823545903520833
2023-04-06,31737734.326388888,14352881.458157787,5.092583634878174,1.3769696211006943,7.21145795395633,0.998576885207986
2023-04-07,33255067.357638888,15018402.814063719,4.920143293205645,1.3209742003104166,7.101038714851623,1.0176442249256945
2023-04-08,34547441.277777776,15517951.319447147,5.037440326957868,1.3546921853458334,7.16381483967239,1.0573712252322918
2023-04-09,37830384.35763889,16581768.40396085,3.313386750613858,1.3399187821440972,4.0043105767197344,1.1070893896288194
2023-04-10,33922718.010416664,14849119.98649014,2.9651208269748555,1.3538197772541667,3.5336380064915205,1.0698241867211804
2023-04-11,30683134.458333332,14304791.098287787,3.1780835857870557,1.3922288687822917,3.9144371398639617,1.0372983144072918
2023-04-12,29218752.600694444,13110619.324086692,3.9719162467195335,1.334854435948264,5.230377477811939,1.0104295936670138
2023-04-13,52486942.684027776,27677027.278890103,1.3708573984105756,1.2268015268628474,1.6442137220774002,1.0817319490253472
2023-04-14,88338471.31944445,64255611.54797663,0.4342533126569244,1.1555385844496526,0.47219451820998004,1.0408924774434027
2023-04-15,104233024.1875,84147421.59025839,0.4722355780257384,1.1540942172555555,0.47124395774316724,1.0152131868659722
2023-04-16,106426078.20833333,95623678.2483098,0.5534819758482555,1.1761847527826388,0.6104069248326588,1.0151891226524306
2023-04-17,91847108.625,81907539.108636,0.7047048645064558,1.2004050087010416,0.738351874183757,1.0000652159479166
2023-04-18,85145676.22222222,78640338.22873488,0.8701251407285789,1.1562682200756944,1.0432360709470763,1.007902295509722
2023-04-19,73175522.9201389,61547525.0422498,1.317271536042089,1.2774233230277778,1.5144679190855737,0.9884020607746528
2023-04-20,68940821.36805555,53483243.46628806,1.459493160339289,1.3966823445597223,1.7216874159874613,1.0089443654510417
2023-04-21,69415766.04166667,52049324.053542346,1.4766307621423271,1.3893052453340278,1.7651278857967678,1.0071392110975694
2023-04-22,61647662.92013889,44985821.5365091,1.6265112021367636,1.408883797060764,1.9544394898084774,1.0351326213555554
2023-04-23,60039317.97569445,41921755.2066476,2.092253512121788,1.3750889882163195,2.4545020136062567,1.004082981723611
2023-04-24,60736099.427083336,41542481.59347415,2.030054112984286,1.3543627685263888,2.3951243526665427,1.0276022829065972
2023-04-25,61041724.36111111,40584714.67964096,2.3086885330708853,1.2744956212315972,2.652532824666168,1.0346835619006944
2023-04-26,57007869.1875,40753789.15510248,1.9660077327873735,1.1671601261319444,2.297439924510124,0.9910945682378473
2023-04-27,53403687.88888889,39238071.81677896,1.7930442845951882,1.049423420817014,2.0852388754043316,1.0135877484322917
2023-04-28,54933627.979166664,38967913.5287739,2.3663839248754335,1.0524583133277778,2.6853599358143967,1.0282147424663195
2023-04-29,58107137.902777776,39022216.14801425,3.2115830084979904,0.9685023697677083,4.025697582219505,1.0156401010194445
2023-04-30,61378451.715277776,40052246.06763053,3.4388200872188768,0.9533231923524306,4.28660895626489,0.9863011473322918
2023-05-01,60339345.55555555,37081928.040867805,3.4145667325172684,0.955609945996875,3.9769974416285367,1.0164645473420137
2023-05-02,58442765.84375,36226901.16996896,3.385824599323096,0.9507768837576389,4.102174772034285,0.9957038798774307
2023-05-03,65340755.875,38308525.42224858,4.004874123923002,1.0010146726482638,4.793166585029039,1.0452651587104167
2023-05-04,63841508.48611111,38233166.16377112,3.3048147826547147,1.0536749539236112,3.814792104199048,0.9937742784635417
2023-05-05,68480923.99305555,39160703.49093273,3.541355506003179,1.010662086870486,4.428442143232786,1.0534504729288194
2023-05-06,69151077.35069445,37230070.845526084,3.8698891600953385,1.0334710636135416,4.541033875769062,1.0259389873420137
2023-05-07,66420980.333333336,35969744.47599638,3.5902162338135315,1.0188870780461805,4.299706649317639,0.9638378835284721
2023-05-08,61858226.364583336,31156821.58134131,3.9015621256515454,1.0328939158965278,4.514292845869827,1.0318885231131945
2023-05-09,60377870.9375,28930499.855284438,3.654155063326882,1.0189769477305555,4.217314672640423,1.0569523325336805
2023-05-10,57944251.833333336,28274441.228367567,3.716965551382061,1.03149682655,4.4471978132085965,1.0192423822145833
2023-05-11,54659736.895833336,25398257.69563053,4.419752301094499,1.0241426389055557,5.195915509295191,1.0210048853180556
2023-05-12,56121085.44444445,25523510.422640696,3.8715715645820734,0.9995592198479167,4.9260692212439166,0.9712067337826389
2023-05-13,57034193.402777776,27471986.160771765,3.4546332204967465,0.9988320216270833,3.9885673849207035,0.9798562659031249
2023-05-14,54639499.753472224,27047065.368142344,3.1706740863709957,1.008443762265972,3.5305461914124496,1.0288619030663195
2023-05-15,49958799.18055555,25170630.31801914,3.522810821092852,0.9781731312874999,4.155623940545759,1.0195983919281248
2023-05-16,52753729.003472224,25418145.983830944,4.247202074239979,1.0023173237135417,4.956318822249889,1.0284814818736112
2023-05-17,56033254.677083336,26520640.301639896,4.256418140956746,1.0491868697895834,5.15459313926193,1.0237601457784722
2023-05-18,55405872.80555555,26799575.000231583,4.2435257186982245,1.0674181482614584,4.926339349131595,1.0236897696850695
2023-05-19,53976260.32986111,26284116.215934284,3.601698055938231,1.0838587327527778,3.925568210822604,1.0220422574479167
2023-05-20,53849109.770833336,25875370.50169402,4.07334095991811,1.1100825504524305,4.70085717079557,1.0232255876281249
2023-05-21,55080127.70486111,26392113.597817138,4.091749956832547,1.1124475583704863,4.8430554585210555,1.0249978260784722
2023-05-22,55084758.50694445,25586395.069119304,4.216437249554829,1.0884474374305555,5.281512819735305,1.0023988903729166
2023-05-23,56346791.496527776,26733857.33923958,3.965495276591624,1.0795960480399307,4.676797709299019,1.027912397436111
2023-05-24,54274091.854166664,25044137.797327086,5.051712129278187,1.133180476840625,6.398732809263392,0.9810409178048611
2023-05-25,52582477.48263889,23836152.450451832,5.256005707557069,1.121204216098264,6.761711620931624,1.056193943347222
2023-05-26,52172575.628472224,24291628.803312607,4.338543269774858,1.115485949301389,5.283617699482127,1.000548033421875
2023-05-27,51361349.621527776,24225032.910163216,4.2453982710562235,1.1303678074510417,4.922291226879235,1.104227865787153
2023-05-28,52431448.11111111,26008290.86146698,3.67876254510091,1.1533132742295138,3.673259239751675,1.0539919046447916
2023-05-29,53065130.177083336,26792223.055484943,3.732134993205463,1.2733799184034722,3.696478587137312,1.0335552763628473
2023-05-30,53316591.61111111,25984617.438947532,4.679494886070639,1.2968018514,5.02485526216263,1.0299982136680557
2023-05-31,51262262.91319445,23746537.366509218,5.539451707293358,1.296551423853472,6.434407404583787,1.0576897815524307
2023-06-01,50672251.30555555,23513493.468837753,5.5201807746099405,1.2267279313979165,6.867564543408882,1.024561794138889
2023-06-02,51572865.25694445,24068480.473753743,5.04022006945662,1.2003288047479166,6.155684727826557,1.0427327249586806
2023-06-03,52819057.31944445,24579792.300595764,5.30887393219811,1.2444070299236112,6.243546945773602,1.0460300414628472
2023-06-04,53185930.354166664,24613956.563667644,5.62355793024097,1.2522855897597223,6.919491483045437,1.2018692539284723
2023-06-05,51970989.0,22378725.551616408,5.590390144498205,1.2048006841690972,6.89671577257711,1.0189016825583335
2023-06-06,46758975.072916664,17665581.575340062,4.3188546228415845,0.9860623283270833,5.315757826580521,0.9835998751625
2023-06-07,48427021.59375,17185693.554017972,4.163755882489759,0.9288463006809029,5.055589829761134,1.1135687882864582
2023-06-08,48467946.15625,16650652.571673278,3.964322323491442,0.9402023712725696,5.069134929286816,1.06359490371875
2023-06-09,47611977.815972224,16273148.307188537,4.141721907683794,0.9814340654631946,5.2582884534244245,1.0378640188631945
2023-06-10,40560123.815972224,11188809.62801906,3.6029080324718703,0.9576608214673611,4.086756822654858,1.0223294603173612
2023-06-11,42470529.072916664,11230222.821781363,3.080837925909007,1.006686013465625,3.320333252656693,1.0972817744503471
2023-06-12,47273969.11805555,12752495.611028664,3.063359570842525,1.0563067724916666,3.3907511726684465,0.992067029111111
2023-06-13,40644979.715277776,11624569.036241548,3.047644710813907,1.0404071539836806,3.5278212676856797,1.0438102228131945
2023-06-14,41215455.34375,11807388.237277018,3.2077774319532817,1.0631497737395832,3.761773472243748,1.0929648064461805
2023-06-15,48738139.13194445,14140420.10214854,2.734153059979213,1.1039846947440972,3.042198352367528,1.0611509019545138
2023-06-16,48046971.715277776,13971231.388182502,2.984707419525913,1.1482625737020833,3.373789218037343,1.015856549388889
2023-06-17,43583186.89236111,12907435.596625105,3.317364063375531,1.163809535823611,3.7733470380324476,1.1845566658270834
2023-06-18,43118969.57638889,12679953.935794327,3.558849271738424,1.163808695638889,3.949266084561524,1.0343294411059027
2023-06-19,40660050.13888889,11745569.52853437,3.507089934903401,1.1376696174753471,3.7657626435416156,1.1085715810875
2023-06-20,40511937.277777776,11947817.849436663,3.573602243385712,1.1810079599375,3.877805607606107,1.0754347568190972
2023-06-21,46966919.70138889,15426122.64606567,2.898052985066734,1.2043858117465278,3.001228367484074,1.093972258017014
2023-06-22,40705851.74305555,13231894.153627986,3.1179923396885325,1.2426637263687499,3.194326411955289,0.9989867881736111
2023-06-23,36274264.78819445,11554528.06773732,3.3353615258459457,1.1701334030104167,3.469701507555293,1.0847371599947917
2023-06-24,34223746.86805555,10892607.099395832,3.547442616087315,1.2508957110249999,3.8145720751855907,1.0976382193163194
2023-06-25,35203872.39236111,11256168.527987527,3.586813978934204,1.2031534417541667,3.979902946797851,1.0286468141142362
2023-06-26,33768143.458333336,10581385.498965386,3.797660055758914,1.2238710653868055,4.303450655992942,1.079491588646875
2023-06-27,36128045.895833336,11271338.53435416,4.2146539505845775,1.208857342279514,4.730966173940453,1.13694265749375
2023-06-28,42655515.534722224,12268704.664474694,3.7200197491562697,1.2203021723184027,4.2063066267657,1.0637910616840278
2023-06-29,44688303.27430555,12221296.271178208,3.3239363018351895,1.16309167736875,3.842776732607145,1.0200590161246528
2023-06-30,41691585.527777776,11531945.480139349,3.281955301774884,1.1800286068225694,3.8883572855755366,1.0348958361989584
2023-07-01,44080078.21875,12394073.218049332,3.661155828410342,1.18397017948125,4.217065777774076,1.0487877572684028
2023-07-02,45746902.77430555,12764322.549543899,4.052555803744748,1.222734549642014,4.574558259909233,1.0035493523239585
2023-07-03,46312170.84375,13448263.907496776,3.979685701569509,1.1664566325038193,4.466815033681655,1.0231366728725695
2023-07-04,45955452.215277776,13587588.009973533,3.486538190424328,1.1913686712052085,3.999888515102446,0.9701343151850694
2023-07-05,44492141.85763889,12853880.049875332,3.565280895478942,1.14959593413125,4.085535621283432,0.9946386375368055
2023-07-06,41297621.75,11462225.316580616,3.7684944051423983,1.1461678545868057,4.376208011301709,1.0859928743458331
2023-07-07,41079578.645833336,10937865.945141211,4.0957611297555765,1.1319033387180555,4.872122096510829,1.0218027590854168
2023-07-08,39726469.75694445,10721476.92499662,3.8425080448021114,1.1422232181190972,4.628622108298155,1.0515795094187501
2023-07-09,39028220.840277776,10533954.946036277,4.090408028042055,1.15189676659375,4.809052360886856,1.06784462075625
2023-07-10,39044909.03125,10128593.14560908,4.3759465729513884,1.1042605714583333,5.239471468923611,0.9826349601041667
2023-07-11,40125204.996527776,10336807.74204322,4.297149631041666,1.072318272361111,5.1614990084375,1.0137118752430556
2023-07-12,42091695.43055555,10775115.037139554,4.476129415347222,1.068698966875,5.4076364765625,1.0727272377777777
2023-07-13,41606653.39236111,10940597.322326677,4.149592757673611,1.1100127556944444,4.996080506840277,1.0212249873611112
2023-07-14,44111545.24305555,12314779.392956411,3.8663271140625,1.2361378335763888,3.9212864174305557,1.040922088298611
2023-07-15,44586720.784722224,12172470.640142886,4.062214160833333,1.1888883935416665,4.5474360026388885,1.1148706522569443
2023-07-16,43918150.04861111,11807846.038043976,4.3911738499999995,1.1903365947569444,4.940836715347222,1.0762408613888887
2023-07-17,43197040.38194445,11600493.181811385,4.217067432951389,1.1945997014583334,4.915885146631944,1.0159528944791667
2023-07-18,43106044.947916664,11483845.53387268,4.383443040486111,1.2118955148958335,4.999532199513889,1.0130130103125
2023-07-19,41548505.55555555,10953094.036104074,4.431111411909722,1.209194901736111,5.220226187847222,1.0333601918055555
2023-07-20,40887919.88888889,10750583.665357463,4.414380108680556,1.2169921136805555,5.252535241319444,0.9835711391319444
2023-07-21,41529109.215277776,10781568.518151578,4.344150840659722,1.1883236576736111,5.214940380520833,1.0494221605902778
2023-07-22,41133326.03125,10686471.813116003,4.53315593875,1.1593890005208332,5.520070185173611,1.1271930595138888
2023-07-23,43356222.28819445,11328974.257872079,4.533112110520833,1.129628320798611,5.6721004695138895,1.1671817726736111
2023-07-24,45048406.354166664,11468349.486557582,4.10863501625,1.0824610499652776,5.024763438402777,1.0264419142361112
2023-07-25,50077876.496527776,12284090.511318218,3.9435124065972227,0.9371971101736111,4.9441885794791665,1.0048323390972222
2023-07-26,51249970.260416664,12497315.481006388,4.211835478854167,0.8953610794097222,4.976411609375,1.0629248708333334
2023-07-27,46853826.6875,11545431.06205603,3.6982508428125005,0.934031106388889,4.152835223263889,1.1314930012847222
2023-07-28,44892336.604166664,11043775.321863627,3.9719635317361113,0.979047367673611,4.448873276111112,1.4851739008680556
2023-07-29,44927908.82638889,11136510.701809943,4.038965193819444,0.9895430883333334,4.504277895798611,1.755737734826389
2023-07-30,45798281.934027776,11497895.750720726,3.716630592118056,0.9934878506597222,4.211086052222222,1.1755921966319445
2023-07-31,43974926.93055555,10985521.410435535,4.058064481875,1.040750089097222,4.822735768958333,1.1753354056944445
2023-08-01,43957128.78819445,10791677.73305457,4.309472111215277,1.0484578421875002,5.110496114166667,1.173907615798611
2023-08-02,42140684.809027776,10538989.385665463,4.343147811805555,1.0963154709722223,4.903112846458333,1.249397844513889
2023-08-03,41958810.70138889,10269566.150656931,4.797730247013889,1.0930933152777778,5.485042500416666,1.0781863297916667
2023-08-04,44400039.99305555,10748627.48168827,4.9988087977777775,1.0487770185416665,5.963327910138889,1.1258505163194445
2023-08-05,45446147.29513889,10952384.587486083,5.161918853506944,1.0249104793402777,6.244031649027778,1.5485195933333333
2023-08-06,43000428.19444445,10727900.092025425,4.071356174652778,1.0438038892361112,4.792430491354167,1.1146993971874999
2023-08-07,43175710.510416664,11120979.924382024,3.4441933774652775,1.0685791212152778,4.0278049221875,1.0570033369097223
2023-08-08,48055568.152777776,12932319.724802608,2.6378163379166666,0.988537925,2.8784728973263887,1.0365838502430555
2023-08-09,48442409.260416664,12684776.775662726,2.9964313168641117,0.9351422105923345,3.3344358252613238,1.2115598688541667
2023-08-10,46575418.76736111,12070900.448875817,3.441963409895833,0.9796238097916667,3.913269201631944,1.276082737361111
2023-08-11,44018330.121527776,11578240.316356037,3.414445926354167,1.0214254799305555,3.861006877465278,1.1444929790277778
2023-08-12,43356202.6875,11431911.1294777,3.6075116789583337,1.0348223114236113,4.019519974444445,2.3719810787847226
2023-08-13,42619328.86111111,11065716.365773203,3.9820338859375,1.0350836022916665,4.531496180034722,1.4495729030208333
2023-08-14,43146056.895833336,11195648.813796852,4.239246045416667,1.058026415902778,4.955683982083333,1.6101970159027779
2023-08-15,42768461.003472224,10825937.50306999,4.383927097013889,1.1015203795833335,5.018766668680556,1.331113593125
2023-08-16,42136296.79861111,9468441.45243723,4.320001830763889,1.0633446139236111,4.625512501284722,1.1480323775
2023-08-17,43603747.76736111,9272659.317733062,4.242401069444444,1.0529969135069444,4.798266672951389,1.1587385661805554
2023-08-18,36821637.0,6910801.238665504,3.3841533541666666,0.9782312344791667,3.8704104970833333,1.1626631403472223
2023-08-19,37516043.315972224,7240867.29895049,2.922720847361111,0.9723314390277777,3.3441902914583332,7.264282960972222
2023-08-20,37805058.291666664,7517513.4811978955,2.943547352777778,0.9975633396527778,3.335538399201389,1.2718417458680555
2023-08-21,38336502.48611111,7602882.26564517,2.8954131554513887,1.0771646324305555,3.0951418419097223,1.3136573646527778
2023-08-22,37045159.81944445,7123455.26258237,3.213623784027778,1.1251756844444445,3.4056296583333334,1.5610284723611112
2023-08-23,36070913.06944445,7140384.0706277145,3.4538391915625,1.1371118731597223,3.640164289548611,1.1994722184375002
2023-08-24,35504284.5,7044750.095535183,3.9122257513541663,1.1791282976041666,4.073244617499999,1.6209491710416666
2023-08-25,35337368.35069445,6772480.621988043,4.308009589375001,1.1586607060763887,4.456703032847222,1.3390918395138889
2023-08-26,35346998.458333336,6781970.328200817,4.7071331540625,1.145025066875,4.8215247485763895,1.6532117617192983
2023-08-27,38729623.76736111,7150154.773438264,4.4959041990625,1.0857175518402777,4.728478941979167,1.602275009513889
2023-08-28,38479093.79513889,7216963.9403618155,3.5493436088888886,1.1037263863194444,3.867670045694444,1.270025800798611
2023-08-29,36094665.159722224,6847367.471111819,3.7512957613541666,1.211197629375,3.9971221235416667,1.5473617853819444
2023-08-30,37157920.222222224,7291954.524457348,3.623809521493056,1.2511470333333332,3.6919210674999996,1.451952838923611
2023-08-31,36405775.760416664,7002146.546497351,4.115646392951389,1.2841767305555556,3.955315012361111,1.419229741527778
2023-09-01,35022251.184027776,6451941.437654768,4.7223343915625,1.2518794210416668,4.982099559826389,1.5317610352777777
2023-09-02,49149419.63194445,10087982.818102231,2.6923007988194443,1.104235597951389,2.7572639301041666,1.083459763923611
2023-09-03,49350667.11111111,9920358.768330393,2.744655770277778,1.1454300145833334,2.9623969984375,1.1917825271875
2023-09-04,42915198.51736111,9073918.460967625,2.5392197751388887,1.1627014922222223,2.64680715625,1.1026199023611112
2023-09-05,39270253.70138889,8481095.79484091,2.3549003532291666,1.1610484107291665,2.4341920475,1.1955774770833334
2023-09-06,35204509.333333336,7436197.184267396,2.7027463644097223,1.2188796226041667,2.7492141301041664,1.3650815354166665
2023-09-07,34209163.677083336,7128312.595717483,3.052762941041667,1.3639360610416666,2.9765194641319446,1.4445846779861111
2023-09-08,34571089.833333336,7298027.270072732,2.964037578298611,1.3324326666319444,3.0483711673958336,1.1074505846180556
2023-09-09,36433121.84375,7886809.086250522,2.593287908298611,1.3303842394791667,2.5415250675694443,1.2431980868055554
2023-09-10,37132213.23611111,7984224.0371639,2.4066552784375,1.2833454254861112,2.3309197602430554,1.1894388004513887
2023-09-11,38633502.41319445,8253055.062775648,2.3581305711805554,1.1728869755555555,2.4313546220833335,1.1266811765625
2023-09-12,36334450.81754386,7407458.371426015,2.426806005719298,1.1823488722456141,2.666273533578947,1.5113530524912282
2023-09-13,34103437.90625,7141902.703945513,2.474665434201389,1.2399229318055556,2.739717137256944,1.1546747727430555
2023-09-14,33319816.958333332,7138768.756110299,2.5558518344444447,1.2943867895486112,2.6693697758333332,1.235908157361111
2023-09-15,36304283.26388889,7766588.670577384,2.578848817847222,1.1847192136458333,2.859876984861111,1.184299431423611
2023-09-16,34779099.6875,7572667.693331327,2.883866783923611,1.2723907434722221,3.161539289965278,1.2461348796875
2023-09-17,31974093.090277776,6595450.9202892445,2.9839218402083336,1.3449438764583332,3.2132346914930556,1.1335588153472222
2023-09-18,32437619.763888888,6533889.7197129605,2.795404176875,1.2730541422916666,3.186870802638889,1.2786614056597223
2023-09-19,35698048.809027776,7145412.186899786,3.0756619228125,1.16475087,3.5899710189583334,1.2198621729513888
2023-09-20,35825935.55555555,7137916.344720365,3.111078399965278,1.1937685832291667,3.6038947949305555,1.1745710184375
2023-09-21,34552976.78125,6734898.893828363,3.3901124340972224,1.2442264115972224,3.749994312673611,1.1698878785763889
2023-09-22,35242985.76388889,6804481.0354463775,3.4536269788541665,1.2292339226041666,3.907963030451389,1.2699815402083334
2023-09-23,33929788.065972224,6654753.797111364,3.3642945046875,1.2941842033680555,3.5787632326388894,1.4397756621180555
2023-09-24,33608025.75,6547065.086105461,3.1699055684027777,1.3126364270138888,3.4305012047916668,1.801835667986111
2023-09-25,33483480.881944444,6579776.930587176,3.446961380347222,1.3682233293402777,3.669179081145833,1.5386102591319444
2023-09-26,33095304.857638888,6504246.627456065,3.616311549097222,1.413073452361111,3.8450796313541664,1.7329905560763887
2023-09-27,32649634.190972224,6343894.883876619,4.077679392812501,1.3985726397222222,4.295860675868055,2.2339846916666666
2023-09-28,32324992.041666668,6325436.800790723,4.207447169722222,1.3724354561111112,4.368024842465278,1.598569675958188
2023-09-29,32641635.170138888,6501172.310758876,4.259609884201389,1.3667664664583332,4.365863875173611,1.4686524262152778
2023-09-30,34955087.10069445,7036460.224958413,4.188698246319444,1.3741501969444443,4.306846976180555,1.5593577757291668
2023-10-01,35578206.625,7327208.65050133,4.092907515034722,1.3864670579861111,4.227252124201389,1.3970164706944446
2023-10-02,37667236.48263889,7959296.6294748075,4.222823132986111,1.4458676329513889,4.2164107226041665,1.2981384410069445
2023-10-03,34078081.54861111,6809931.21040018,4.729271458993056,1.4431773696874999,4.7626185428125005,1.4493184805208332
2023-10-04,31973029.618055556,6105590.629657362,4.784031339236112,1.3783355157291668,4.987925347569444,1.6986601985416667
2023-10-05,31489678.510416668,6025606.62775097,5.016612061458334,1.3498526517708334,5.317792146458333,2.124312281215278
2023-10-06,31075647.263888888,5979376.777525321,4.749910631527778,1.3161285349305556,5.165790377465278,1.7102371473958333
2023-10-07,30828400.315972224,5951304.240617859,4.892638562534723,1.3314268200694446,5.227600860659723,3.5071967097916663
2023-10-08,31684622.451388888,6045517.330054374,4.897498896180555,1.3037825355902777,5.173698111284723,1.8765513334027777
2023-10-09,31624493.913194444,5829186.651720215,4.858859364444445,1.2520969356597222,5.003617297013889,1.9406025656597221
2023-10-10,32357960.552083332,5759958.621895095,4.3348277049999995,1.1694493728472224,4.68417700875,1.715068075659722
2023-10-11,32880569.680555556,5796455.277596681,3.985815406840278,1.1421662025,4.4068533372222225,1.3833492746180556
2023-10-12,35450199.489583336,6334901.20034578,3.616029113506945,1.1127997726041667,3.976843109791667,1.528674893263889
2023-10-13,35318458.909722224,6346143.081231734,3.4815052860416666,1.1234015415277776,3.6925847212500003,1.7437574894791665
2023-10-14,35621648.166666664,6619107.279613343,3.213704895451389,1.1058282040972223,3.408010006076389,1.813306937152778
2023-10-15,34046811.53819445,6356871.053750016,3.1922646439583335,1.056951011076389,3.316246480972222,3.3499373063541666
2023-10-16,31898507.420138888,6017252.869471505,3.1770882136111114,1.0112227249305556,3.0837347504513892,1.812799952847222
2023-10-17,31023445.944444444,5779244.981100231,3.2408347843402776,0.9912811184722222,3.0872457303125,2.0712125096875003
2023-10-18,30316399.038194444,5439107.502693782,3.181883055208333,1.018334464722222,3.3849521283680555,1.6243648344444446
2023-10-19,30251277.694444444,5243124.466081622,3.320602377013889,1.0410046631944445,3.7390700473263885,1.5997406261458333
2023-10-20,30208470.680555556,5338717.712477748,3.4512097075347223,1.0821692391319444,3.8961845312500003,7.678194630659722
2023-10-21,31283784.15625,5590493.069127444,3.7660577470833334,1.0837533466319444,4.224986402604166,2.963496774355401
2023-10-22,35508288.31944445,6368980.130532281,3.747810259270833,1.0929932321875,4.154924714340278,1.4039226919791665
2023-10-23,36652477.253472224,6714199.4933958715,3.4750026671527774,1.1467860368402778,3.7728488932986113,1.173115442326389
2023-10-24,37239642.32986111,7307419.55583636,3.4634591415625002,1.188934898125,3.790205594583333,1.0722383044791668
2023-10-25,36460600.565972224,7281556.371106366,3.7220338410069442,1.2027775472569444,4.142046853958333,1.0758725067708332
2023-10-26,35850577.371527776,7356868.467168411,3.425183127673611,1.202623192361111,3.9126282687500002,1.0957825526041667
2023-10-27,34154184.5,6858245.699545059,3.6806274691666667,1.2192269367708333,3.875534904270834,1.3340060042361113
2023-10-28,37656365.885416664,8217508.795092768,2.7293456235416667,1.1501216725347223,2.9710748703125,1.3324132250694445
2023-10-29,40148936.559027776,9370721.244542006,2.131012256527778,1.1209376974999998,2.1145170276388887,1.142217350277778
2023-10-30,39890663.76388889,10207605.249968946,1.9740166039930556,1.1400377515972222,1.9814424652083333,1.0847279258333333
2023-10-31,45217026.22569445,11623574.949647086,1.9617778455208332,1.1288814191319443,1.9543377378819444,1.1427607487152778
2023-11-01,37171530.63888889,9106052.542756556,2.357980004375,1.1730723642361112,2.3739616946180555,1.255870784513889
2023-11-02,38952644.88888889,10174690.589338908,2.2346471542708333,1.1971509452430555,2.3052446137500002,1.250484108923611
2023-11-03,41780389.934027776,10774217.968961785,2.194061753576389,1.2418257361111111,2.2097894053819447,1.1611136981944443
2023-11-04,41988795.59375,10850513.392325306,2.1970673706944446,1.2026364168402777,2.286289944513889,1.4002984237152778
2023-11-05,40172040.05555555,10343884.854329817,2.495673008055556,1.2153227827430557,2.616731708923611,0.9639581876041667
2023-11-06,37910318.38194445,9719057.996230595,2.6389430893055557,1.247253217986111,2.8096398122916666,1.1082637086805556
2023-11-07,37999719.33680555,10098733.082658034,2.7957679345138886,1.223827724375,2.9069623667361113,1.0793840328125
2023-11-08,35825695.78819445,9616768.249994442,2.7020704505208335,1.141873683263889,2.716911507083333,1.1991562947222223
2023-11-09,31689473.888888888,8386399.735988864,3.2184951179166665,1.184508182048611,3.2843886530208333,1.0716275506944444
2023-11-10,29137618.152777776,7516889.674015918,3.286808543611111,1.212016485277778,3.382768326319445,1.063407184375
2023-11-11,30416280.493055556,8224283.331605513,3.205553546794425,1.2102637641463414,3.1561223851916376,1.0067862678125001
2023-11-12,31904604.739583332,8917864.614185024,3.033405711006944,1.1277127189930556,2.9121913175694445,1.0329657978472222
2023-11-13,32186184.652777776,9058766.997376708,2.9991747842013887,1.100654081076389,3.0010271667708333,1.0414520689930555
2023-11-14,31876612.625,8381982.314930376,3.3053947895833335,1.0245980517708333,3.3657168576041667,1.1398459303472221
2023-11-15,37598103.309027776,10843042.210956959,2.4256404089583334,1.0431498873958334,2.5051031906597223,1.1354228460069444
2023-11-16,37297993.20486111,10657032.875631286,2.9631767337847226,1.1790340507291668,2.8487859266319444,1.1127081970567376
2023-11-17,34110706.0,8919758.698892709,3.594715316458333,1.0525441896874999,3.6896893572916665,1.1073639325694444
2023-11-18,31545881.465277776,7863809.189905082,3.6948273770833335,0.9905667745486111,3.953159213784722,1.0974113330555555
2023-11-19,30578271.520833332,7787464.49372197,3.821005776909722,0.9776443440624999,4.081246128680556,1.2315211440972222
2023-11-20,30020775.625,7723857.335154154,4.160719507588653,1.0256765813829787,4.288345023723404,1.1882572578125
2023-11-21,30038316.75,7465205.590141411,3.8732808525347218,0.9579102746875,4.2036495185763885,1.001762543263889
2023-11-22,30041848.138888888,7067537.9555056,3.5642925873611113,0.9527807461805556,3.853848959652778,1.196121687048611
2023-11-23,29029829.75,7031488.64871763,3.542354587614035,1.0005564205964912,3.473792942175439,1.376750505
2023-11-24,29534312.767361112,7346483.866594892,3.1621358319791666,0.9859288098611112,2.950068595729167,1.2131958897569444
2023-11-25,30258097.097222224,7740544.757518302,3.1827067743055557,1.0124281598958333,2.9360340670833334,1.4790339056944444
2023-11-26,29447751.381944444,7474897.698356938,3.527358484755245,1.0608337796503495,3.0878931947202797,1.2754188242708333
2023-11-27,30273326.291666668,7448330.519198908,3.806338132638889,1.0111246965624998,3.586984202326389,1.2425707820486112
2023-11-28,29478077.645833332,7326311.85774229,3.8229865868055555,1.0046566930208334,3.8962455831597222,1.1642143410763888
2023-11-29,31736836.128472224,8212791.349365526,3.6100797722569444,1.0142392209375002,3.563644547291667,1.3391625943402776
2023-11-30,56285033.208333336,16376565.517949231,2.0613996837847224,0.9712345096527777,2.0100641830902775,1.0392465911805555
2023-12-01,59664699.67013889,16518018.801746093,2.408370496597222,1.0250572056944445,2.7970920053125,1.1191392433680556
2023-12-02,53312389.48611111,14971419.798491083,2.4090324976041666,1.108846192152778,3.039950302222222,1.0579024855555557
2023-12-03,46252034.19444445,13842533.639759105,2.234769138055556,1.2378533994444443,2.591532073576389,1.0415073995138888
2023-12-04,39808167.652777776,11624828.254665412,2.2807557974652775,1.5208380008333333,2.495903808645833,1.0423370267708334
2023-12-05,35763389.60069445,10501446.225649422,2.4966411304166667,1.8550764452430555,2.6048015627083334,1.0305086839236113
2023-12-06,35840808.166666664,10094777.05251542,2.635217413784722,2.0996203109375,2.8139891414583333,1.1436390402430556
2023-12-07,35933213.71180555,10048909.57510225,2.5026196267013887,1.8315503254861112,2.9059742915972224,1.0362767241666666
2023-12-08,36195791.69444445,10451235.131444957,2.553569886493056,1.8883735326388889,2.810062977326389,1.0274358704166666
2023-12-09,37248482.0625,11214791.659324227,2.673012398125,2.013428032048611,2.9423031214236115,1.0159582255208333
2023-12-10,36502625.03819445,10686687.990876008,3.107420970416667,2.0205430372916666,3.534150912222222,1.1845222147916667
2023-12-11,32032363.482638888,8675847.90362196,3.328350512361111,2.1447695230902775,3.739722404236111,1.0869229106944445
2023-12-12,32335634.274305556,8877973.864247851,3.080310368576389,1.9797326787847223,3.5769580614236114,1.1326870815625
2023-12-13,31578747.774305556,8718735.585511394,2.7702125527430557,1.9199014436805557,3.239601653090278,1.0880845749652779
2023-12-14,31589417.670138888,9043337.811763082,2.9220614343402778,2.156601448125,3.240886737465278,1.1030520706944444
2023-12-15,32906549.052083332,9186291.088501293,3.3396277612847225,2.3058364589583333,3.532550207361111,1.1145566606944444
2023-12-16,31216179.114583332,8626384.216313472,3.3414973369444443,2.2018703990625,3.778058210138889,1.1402832718402778
2023-12-17,33372260.444444444,9708600.39369879,3.126393414583333,2.002402465763889,3.4503985122569443,1.0083877610069445
2023-12-18,31255024.434027776,8524955.595480343,3.2233827475347225,2.0403917075,3.5989656814930555,1.1475254959722223
2023-12-19,31610138.1875,9125122.535647811,3.1150337380555557,1.8570215656249998,3.5121845334722224,1.0673020696527777
2023-12-20,33830600.114583336,10400143.936373476,2.7448630119791666,1.7911499736805554,3.047197348541667,0.9972603354513888
2023-12-21,32351371.767361112,9788227.045051444,2.9723353709375,1.9931502225347222,3.085929545902778,1.125344620798611
2023-12-22,32117302.604166668,10043000.751809102,2.9383649230555555,2.0879053644097225,3.120575129513889,1.0791150661805555
2023-12-23,30721665.145833332,9650333.067878801,3.245566184756944,2.1905880708680554,3.175227385138889,1.06654554375
2023-12-24,30109863.690972224,9809387.523848608,3.1606510028472226,2.1426393155208334,3.1357337632291666,1.0284675514930557
2023-12-25,29435914.986111112,9760032.301325236,3.214568349375,2.1699185498958333,3.1626529187152777,1.085428533298611
2023-12-26,29507647.072916668,10255965.13497913,3.194647181701389,2.083214512395833,3.195296905347222,1.0195545615972224
2023-12-27,28979203.684027776,10032310.109671038,3.321576949861111,2.108799139618055,3.5123260392013886,1.0623298052083332
2023-12-28,29141763.579861112,9494552.842354782,3.719362719236111,2.031111501423611,3.949594804097222,1.1258340777777778
2023-12-29,28903106.045138888,9117261.728968568,3.700301605868056,2.0058359697569443,4.0965996334375,1.147028623125
2023-12-30,29266534.107638888,9075860.398561971,3.6924727097222223,2.0196895116319444,4.202366268715277,1.1678918165624999
2023-12-31,28888733.069444444,9035815.739256628,3.530403797638889,2.0541242480555555,4.029466917256944,1.1395955607291668
2024-01-01,28207354.670138888,8454922.769049942,3.7804920506597224,2.131518988611111,4.1233284156597225,1.30230974875
2024-01-02,28044249.069444444,8853929.597769832,3.9831527331597223,2.2088431557986112,4.2229215706597225,1.1060581465972221
2024-01-03,27811915.246527776,8862493.306964027,3.4955730579861113,2.076617928125,3.730342110173611,1.0960125668055556
2024-01-04,30902114.020833332,10696280.12810367,2.683925167777778,1.7206314479861111,3.0840212679861114,1.0986436508680555
2024-01-05,30477817.256944444,9773452.196264155,3.3557374817708334,1.8070188615277776,3.7525738695833337,1.084538760625
2024-01-06,28090115.020833332,8527585.925456755,3.182499598159722,1.7300318790277778,3.5096941747569446,1.080311895486111
2024-01-07,28752945.239583332,8686345.169752803,3.2632369510069443,1.5708121371527777,3.664630349097222,0.9733659754861113
2024-01-08,22084009.524305556,6141967.277721254,3.1498276584375002,1.3876120680555557,3.6202761873263887,1.1425469054166666
2024-01-09,20954691.951388888,5687050.030911479,3.126023233402778,1.2851709511458334,3.620988329409722,1.1123308644791665
2024-01-10,20280353.875,5538787.255526353,2.9799398137499997,1.2380394149305556,3.5776656582986113,1.1188327996527778
2024-01-11,19917934.027777776,6160170.271627311,2.750964615590278,1.3206051615972223,3.0299565658333334,1.1262670169097222
2024-01-12,21874395.534722224,6855668.019783595,3.0839499086111113,1.3594263389930556,3.173207597708333,0.9685995119791667
2024-01-13,23705966.131944444,7253668.074180126,3.2322989196180556,1.3398287986805555,3.2833898115972224,1.0671760504861112
2024-01-14,22947130.489583332,7036412.279122014,3.194330207673611,1.3498919522569444,3.3386504975694447,1.1274912174305554
2024-01-15,22801483.072916668,7063997.70894461,3.1171088989583335,1.3531717757291668,3.400244484236111,1.1806042080555554
2024-01-16,23186324.576388888,7507443.488304032,2.966231771354167,1.3529507537847223,3.195251159652778,1.000363850625
2024-01-17,24554993.777777776,8357349.491726976,2.7493281081250003,1.3678246833680554,2.984380200277778,1.0235032306597223
2024-01-18,24386236.697916668,7824150.478414287,3.0471711279513887,1.4054282833680556,3.2641585506944444,1.1289178420833332
2024-01-19,25011563.010416668,7294647.818266217,2.969550601076389,1.4024612599305555,3.3369379833680557,1.1920501960069445
2024-01-20,24543937.583333332,7145917.5999535965,2.87205777375,1.4027477624305555,3.3682156373263887,1.23171806625
2024-01-21,23293389.854166668,6870029.591321157,2.8776846299305556,1.4130897673958334,3.358268673715278,1.2160281936111113
2024-01-22,22200419.972222224,6330484.922671164,2.8721586080555555,1.4553960146527778,3.2875098558680556,1.0633710763194444
2024-01-23,19859437.131944444,5364046.526882593,3.0475340487500002,1.4271307551736112,3.4771793321180557,1.1467489610416668
2024-01-24,18136857.267361112,4856467.740258203,3.092335365,1.3562955575694444,3.5552440386111113,1.2156542183333334
2024-01-25,18259730.989583332,4841681.821651755,3.108368598611111,1.3254498490625002,3.5849812804861108,1.2212954910069445
2024-01-26,20350137.434027776,5612493.547481371,2.8572930038541666,1.314490102013889,3.3685680146875,1.4020566915972221
2024-01-27,21322174.006944444,6076115.385946821,3.088762979965278,1.363985642013889,3.4981172078819447,1.2961517823958333
2024-01-28,20908181.836805556,5951569.151883718,3.2081594900694443,1.418752967465278,3.5358803332638886,1.1758214006249998
2024-01-29,20685675.833333332,5923151.638268936,3.2247594856597224,1.4049625371180554,3.5203589454166666,1.1824358935763888
2024-01-30,20894722.909722224,6094952.8110992005,3.234002187951389,1.3838455154166667,3.4866824179166667,1.2475326947222223
2024-01-31,20329092.277777776,5747769.2760704085,3.4420024798611113,1.3920492464236112,3.742401709236111,1.2597946845486112
2024-02-01,20063352.388888888,5601229.415640553,3.2555144827083335,1.3739064049652778,3.6796156717708337,1.267980580173611
2024-02-02,20070180.388888888,5689902.398463725,3.4045886032986115,1.3708458987152778,3.6907658091319444,1.2122310847569446
2024-02-03,20490436.340277776,5820800.740094244,3.4013412468402775,1.4072468036111112,3.476106257291667,1.526222523888889
2024-02-04,20670207.586805556,5691769.664925945,3.451916308645833,1.3968068406944445,3.726647690138889,1.713598284548611
2024-02-05,21945180.097222224,6067288.401673603,3.209658651597222,1.3732449821527777,3.5536585702430554,1.6582932421527776
2024-02-06,24278329.75,6801550.7284596125,3.137622792569444,1.3522007024652778,3.476793443125,1.622019180486111
2024-02-07,84438258.08680555,39959404.97669067,1.0488512395486111,1.023850798576389,1.0557480567708335,1.1218429895833333
2024-02-08,106211223.37152778,55341954.35450552,0.5126795435763889,1.058515431875,0.41082626854166665,1.0538593392708333
2024-02-09,90557427.36458333,54889860.691052966,0.5244133979513889,1.0777371039930557,0.4607960979861111,1.0681493047569444
2024-02-10,79396239.11458333,49720898.60689014,0.5317760523611111,1.0858732119791668,0.4355478737152778,1.0677149532986112
2024-02-11,79076447.34027778,49993770.02785318,0.5097939652430555,1.0551035152083332,0.4040494352430556,1.1075582360416667
2024-02-12,70654089.8611111,43054963.216056645,0.5140159656944445,1.0282474496527778,0.418625653125,1.1440878991319443
2024-02-13,59700868.034722224,35203296.78725019,0.5482015748611111,1.012363468263889,0.4687894638888889,1.2189049500347222
2024-02-14,51312319.253472224,29893424.522952992,0.5796806265277777,0.9703563155208335,0.5326173705208332,1.1941634203125
2024-02-15,45796318.09375,27446140.729436863,0.7284605973958334,0.8986466699305554,0.7452867557291667,1.0983732877083332
2024-02-16,44243214.521472394,26467142.302410267,0.740311719018405,0.8847269487116565,0.733205497607362,0.9890197846012271
2024-02-17,37893668.88194445,22028888.136152208,0.7026232992361111,0.8899359828125001,0.6676201886111112,1.2546146971874998
2024-02-18,37291628.74305555,22629873.594135188,0.6894531395486111,0.9123200991666667,0.6807558187152778,0.9593997875000001
2024-02-19,35492444.78819445,21962022.32692611,0.7731192264583333,0.8980925804861111,0.7101323005902778,1.0960856618750001
2024-02-20,36108357.55555555,23633449.508260757,0.9115375526736111,0.8796579353819445,0.86642500375,1.0535407024652779
2024-02-21,32103221.170138888,20018734.369649716,0.8781881808333334,0.8340877076041667,0.7936591879513889,1.1654418666666666
2024-02-22,30249080.836805556,18569429.272135954,0.8873265167708334,0.8179587135763888,0.8311166224305555,1.1270998271180557
2024-02-23,29058455.152777776,17555196.736056637,0.8845052448263888,0.7924928545486112,0.8605484640625,1.1981975838888888
2024-02-24,27598853.149305556,16578734.817000933,0.9016961622222222,0.7692025265972222,0.8794810020486111,1.277036518298611
2024-02-25,29047779.84375,17325351.990722414,0.9172092743402778,0.7807365596180555,0.9182956778125,1.357761832673611
2024-02-26,27528120.84375,16568117.603990154,0.9770773664930554,0.7894764901041667,0.9621332736111111,1.0808323842361112
2024-02-27,26092170.125,15546034.816264162,1.0892541848263888,0.7862236173263889,1.1122495339930554,1.1597337061458335
2024-02-28,24193041.347222224,14177684.079293363,1.2237261419444445,0.7437011294097222,1.257573597326389,1.1517580590625
2024-02-29,22119208.986111112,12850640.525030447,1.3636630065625,0.7198547011458333,1.2950217887847222,1.0053164469097222
2024-03-01,24565509.6875,15057075.429159082,1.3959682925,0.8077153921875,1.4404058110069444,1.0716600506249998
2024-03-02,23204720.722222224,15092523.83924419,1.3624601972569446,0.8896993881597223,1.3063809151041665,1.0922179915625
2024-03-03,21322225.194444444,14021129.488273425,1.3901088679513889,0.8943264840972223,1.2441951947569445,1.0673636127083332
2024-03-04,20272062.62369338,13174227.751343036,1.422009271184669,0.8509360975609757,1.274966070836237,1.0831764529616725
2024-03-05,20133294.076388888,12434772.979595078,1.5402115878472222,0.8244752708333334,1.3997181590277779,1.0917463229166666
2024-03-06,17483828.795138888,10825836.652597688,1.3532492555902778,0.8058305347222222,1.3361211389236112,1.0165752048611112
2024-03-07,20668116.760416668,14767439.366059288,1.5113203175,0.9222490104166666,1.5586930746180556,1.0492118020833334
2024-03-08,20947459.770833332,15878572.218091534,1.5759259202083333,0.9675444618055555,1.5364781468402777,1.015073215277778
2024-03-09,20163124.125,16507413.147445232,1.501176969097222,0.9916325381944444,1.4250253547222222,1.0516540868055555
2024-03-10,26134897.791666668,28591815.64016317,1.2058206250347223,1.014952798611111,1.1213618049652778,1.0445528819444445
2024-03-11,45395348.04513889,58852099.47020549,1.1294535232291667,1.379600392361111,1.0055914652777778,1.036809909722222
2024-03-12,44702766.989583336,63270230.74377538,1.1871860467361113,1.43315034375,1.0272573304513888,1.023796263888889
2024-03-13,39061584.0625,54423913.688976206,1.3676438876736112,1.6964093333333332,1.2864578425694444,1.1565605798611112
2024-03-14,41107305.4375,61361447.66517779,1.2280827971875,1.4821525486111111,1.1721061195833333,0.9849979930555555
2024-03-15,43722049.82986111,71657686.91533121,1.0296861060416667,1.8546177951388887,0.8881321828125,1.0389561909722222
2024-03-16,40747562.9375,64294075.80352542,1.0761517380555556,1.8565726284722222,0.9631313796527778,1.04749409375
2024-03-17,42365401.052083336,72068640.49055032,0.9422357500694445,1.8053786076388887,0.8954656956944445,1.0945988229166668
2024-03-18,41339316.347222224,69064273.2816704,0.9473861306597223,1.850336340277778,0.8789918128819445,1.0842701354166666
2024-03-19,43043984.8125,67452724.03893876,0.9853197540972223,1.7943327534722222,0.894051932673611,1.0529110694444443
2024-03-20,43987315.98263889,70076068.14582938,0.9577058163194445,1.9117389444444446,0.9021900992708333,1.1111355590277778
2024-03-21,33950144.895833336,45446591.79590817,1.4315408270486112,1.3010866041666667,1.6620352286805558,1.046491576388889
2024-03-22,31426360.388888888,35730485.930632554,1.5166230327083334,0.9842260520833334,2.1712689211111114,1.0502602569444446
2024-03-23,28773842.611111112,31536498.478585467,1.719869673923611,0.9185920104166667,2.5490766447569446,1.0697723888888888
2024-03-24,28073161.503472224,30601814.62918877,1.649861172673611,0.912396704861111,2.4747674671180553,1.025374277777778
2024-03-25,26266030.326388888,29765259.56064363,1.9064939803124998,0.9507954618055555,2.677689522291667,1.0500120416666665
2024-03-26,23581231.802083332,28089247.86410666,2.203000962048611,1.0848847569444444,2.8268131059375,0.9917334652777777
2024-03-27,23071013.822916668,28331910.5540268,2.2855481071180552,1.17115734375,2.787471498263889,1.0405505347222224
2024-03-28,22476380.090277776,27541871.21894326,2.4671676734722223,1.235094375,2.9790313934375003,1.0373409618055556
2024-03-29,23405461.447916668,25720208.57739575,2.7881531682986114,1.164605909722222,3.2032535653472225,1.0103125243055555
2024-03-30,20406844.583333332,21458233.963804178,3.073054605451389,0.9896457673611112,3.693608654583333,1.1177812604166666
2024-03-31,21846940.753472224,22444303.50224949,3.135777386527778,0.9432848472222223,4.051115191701388,1.1969919097222224
2024-04-01,22572898.409722224,22108327.15560751,3.343289548715278,1.0014154965277777,4.2025693493750005,1.051056152777778
2024-04-02,22105400.878472224,19882818.740655422,3.450897328784722,1.0346920625,4.160698203506945,1.0932291458333332
2024-04-03,21043129.940972224,18961300.771875605,3.180558675625,1.0915132118055555,3.844811344409722,1.066156763888889
2024-04-04,19864071.9375,18411289.44180665,3.0006902926041668,1.0400486319444444,3.7654777346875,1.0744141319444445
2024-04-05,19010916.315972224,17613526.993744448,3.159890930729167,1.1297340347222222,3.7447129755555557,1.0913379097222222
2024-04-06,18544880.659722224,17199747.620553594,3.4121622152777777,1.1430165069444445,4.056483921631944,1.2098764305555556
2024-04-07,18436255.642361112,17246269.641125992,3.5539162278125,1.1411513680555556,4.178805725694445,1.1116025625000001
2024-04-08,18026959.086805556,17003379.671674274,3.7017095287847224,1.1529284722222224,4.3033717771180555,1.2045228020833332
2024-04-09,17527837.329861112,16488652.056063645,3.7629700706944442,1.2440563680555554,4.239061298020833,1.0984693993055556
2024-04-10,15056287.520833334,13333419.327756071,3.350467142152778,1.299302795138889,4.004600186597222,1.001813920138889
2024-04-11,14775136.416666666,13000377.000079863,2.9604667511111113,1.3253635520833333,3.6193114759722227,1.1122127118055554
2024-04-12,14605099.770833334,12210737.083279254,2.707740913298611,1.1757132118055555,3.2933505140277775,1.0622141284722222
2024-04-13,12847025.527777778,9236418.61249821,2.071284792013889,0.9548310416666665,2.2946881643055557,1.0504687847222223
2024-04-14,11668942.642361112,7970410.284567786,1.9099865080902778,0.8319836145833333,1.9387575478125,1.0855609375
2024-04-15,10703744.270833334,7763926.309074351,2.0196326039930557,0.9496024444444444,2.028179423020833,1.0604186944444445
2024-04-16,10864483.274305556,7526032.475733444,1.9300833027777777,0.825612375,2.0057771406250002,1.1068522847222222
2024-04-17,11272294.145833334,8223855.10282815,1.8654903441666666,0.7855541875000001,1.9254550513541666,1.0647035868055557
2024-04-18,10344747.576388888,7400541.314090331,1.8142796648263888,0.7052194236111111,2.0309478618402776,1.1099336875
2024-04-19,10080996.4375,7422968.742808085,1.9168598527083336,0.7785511076388889,2.0335086939930553,1.0393126527777778
2024-04-20,13942633.944444444,11349962.395288013,1.758335201076389,0.85016021875,1.8413044146180555,1.0355387083333332
2024-04-21,13189510.347222222,11128682.665837055,1.7596762170138889,0.8579142291666666,1.7153755395138888,1.2123467256944445
2024-04-22,12309163.263888888,10375047.61577657,1.6744481822222221,0.9019939965277778,1.6184118234375,1.0940361354166666
2024-04-23,11924729.083333334,9873499.307336967,1.8427396210763891,0.938810576388889,1.8145371971180555,1.1399053506944443
2024-04-24,11873707.333333334,9402301.53328968,1.9652595310069445,0.9632796111111112,1.9898748277083333,1.1240840694444445
2024-04-25,11884600.954861112,8905544.961171351,1.9345911974999999,0.959403625,1.9551033651041665,1.00479115625
2024-04-26,11087811.75,8200899.014429133,1.9285605011458336,0.9672468055555554,1.9892720194444447,1.1285725659722223
2024-04-27,10796048.697916666,8036894.340215402,1.8932410612500001,0.9329210798611111,1.967117468298611,1.090273972222222
2024-04-28,9835854.934027778,7572735.51775929,1.9716264756944446,1.0261449166666667,2.1205198804861114,1.168647
2024-04-29,10953896.826388888,7957867.158719803,1.9568704015277778,0.8433819409722223,2.0495718711458335,1.142617003472222
2024-04-30,11412030.152777778,7943242.559687828,1.960353761111111,0.7847974236111112,2.0352989850347223,1.0965361284722224
2024-05-01,11134180.90625,7691087.341921464,1.8859110746527779,0.8349550381944444,1.9498793906944445,1.003156173611111
2024-05-02,10139215.767361112,7160928.100246672,1.9824669337152778,0.9003729791666666,2.0223324558680553,1.1231024895833333
2024-05-03,9886576.447916666,7144820.668229641,2.1304413121527777,0.9889160243055556,2.1462498488194446,1.2328718819444444
2024-05-04,9547326.732638888,7100922.649355296,2.1825729403819443,1.118791642361111,2.1448397486458335,1.0909242847222222
2024-05-05,9694710.670138888,7310982.951224709,2.226983038958333,1.184340138888889,2.1915362911111114,1.2332240833333334
2024-05-06,9437479.857638888,7287265.231420216,2.3645953745833332,1.2120096597222223,2.3475372199652775,1.16923
2024-05-07,9335989.135416666,6972574.9102038285,2.371556502013889,1.137621982638889,2.480462900729167,1.2055633715277778
2024-05-08,9501768.684027778,6899638.960152903,2.186082847430556,1.0093824479166666,2.3492904778125,1.1865089722222222
2024-05-09,9746463.482638888,7115369.62566406,2.3001298310416667,1.025957201388889,2.5042805340625,1.2145240972222222
2024-05-10,9057111.239583334,6671295.715157814,2.632979489201389,1.2259344444444444,2.658592955138889,1.2084041875
2024-05-11,9615641.069444444,6855191.891703296,2.4712929981944445,0.9831598506944444,2.6660944525694443,1.2432966250000002
2024-05-12,9500370.479166666,6743846.11035188,2.4745848419097225,0.9930393680555556,2.6874001747222223,1.3296623402777776
2024-05-13,10330167.180555556,7170459.506664964,2.447352223611111,0.9109487430555555,2.6187237973611115,1.17702246875
2024-05-14,9547472.708333334,6578411.85368056,2.4563339941666666,0.9619410659722222,2.5432134654166667,1.041194673611111
2024-05-15,9158846.243055556,6382665.942618472,2.3224239887847222,1.0296551979166668,2.3963176494097223,1.2084753333333333
2024-05-16,8365494.815972222,6001566.476434925,2.4838592698263886,1.2852854305555554,2.476833020590278,1.29016625
2024-05-17,8760882.708333334,6409067.218738757,2.5015128119444445,1.3365769618055556,2.5468958705902778,1.408378267361111
2024-05-18,9444906.013888888,7219291.807960326,2.279604977638889,1.4457164618055556,2.3416532405902775,1.1753637118055555
2024-05-19,9819097.381944444,7462216.008244708,2.1809851467708334,1.2678851284722221,2.289937931909722,1.2329536527777778
2024-05-20,9377120.284722222,7076277.822071847,2.196580626423611,1.2055343194444446,2.2542910471875,1.0534743368055555
2024-05-21,10560490.732638888,8237997.458835297,2.4605923710069444,1.5831821736111111,2.487542531875,1.1643320069444443
2024-05-22,11420900.256944444,8813559.008030398,2.4173964058680557,1.5348770208333333,2.6594425818402776,1.228837201388889
2024-05-23,10499487.177083334,7917657.267839147,2.459223029965278,1.4535173055555555,2.6263452147569444,1.120307670138889
2024-05-24,9270564.190972222,6859593.20095907,2.4730444515972225,1.2999855486111112,2.585932309861111,1.2777953229166665
2024-05-25,9167260.517361112,6849891.555311248,2.530112991875,1.3369951631944443,2.7178297343055555,1.269787690972222
2024-05-26,9241145.173611112,6903484.94246343,2.599344659340278,1.3974704999999998,2.929827692361111,1.3054572291666666
2024-05-27,9555646.975694444,7175721.3901058985,2.6733563017361113,1.493527534722222,2.9640982700347225,1.1493070277777777
2024-05-28,9662444.46875,7206373.3776477715,2.8341249814583334,1.3704863506944445,2.923668075451389,1.123783875
2024-05-29,9539196.930555556,6981818.936962662,2.8973925730555554,1.333173875,3.0076906724305554,1.2301197847222223
2024-05-30,9510504.413194444,6844113.874564126,2.6929674144444444,1.3115121840277777,2.913894317777778,1.133609923611111
2024-05-31,9610237.451388888,6846130.7386051165,2.9228514266319445,1.337772857638889,3.143229372326389,1.2055768715277777
2024-06-01,9536860.229166666,6795541.178371582,2.8358169189583333,1.3462357083333334,3.1258205656944447,1.86424090625
2024-06-02,9293735.409722222,6699820.24493727,2.975477218888889,1.4379633055555556,3.075147919097222,1.2842605104166667
2024-06-03,9875773.333333334,7063836.973619616,3.110913682013889,1.5728393125,3.3016520505555556,1.147076826388889
2024-06-04,10628944.128472222,7502530.320392867,3.1403300723958334,1.57848178125,3.5437913295138888,1.2523616701388889
2024-06-05,14710827.857638888,10984123.764738148,2.9419863696180553,2.0021949270833335,2.8806328054166666,1.1001066736111111
2024-06-06,14668918.489583334,10847002.755046628,3.0217782717708332,2.1323544652777775,3.0706585019791666,1.16603321875
2024-06-07,13220071.840277778,9579826.197380446,3.0000363253125,2.1451449548611112,3.172227212951389,1.3141281493055557
2024-06-08,9079284.795138888,5987681.782777392,2.9254800490277777,1.6583096076388888,3.0046339304166665,1.2867777291666667
2024-06-09,8770707.965277778,5698582.431459082,2.837058470347222,1.4541036979166666,2.8399024084027777,1.3469530868055555
2024-06-10,8419543.604166666,5440356.8999590725,2.7367611624652777,1.361111170138889,2.735745515173611,1.339895829861111
2024-06-11,7826872.690972222,4816641.369315576,2.870203152083333,1.2584407847222223,2.972586808298611,1.2012790833333333
2024-06-12,7664458.378472222,4702678.9327041535,2.82071146728223,1.1637282613240418,2.9159400740069685,1.280978375
2024-06-13,7831711.440972222,4709376.545248668,2.875436488090278,1.2180730312499999,2.8513039181944446,1.22549146875
2024-06-14,8139664.607638889,4718357.735239814,2.8153859999305557,1.094574607638889,2.893794285173611,1.1877809340277778
2024-06-15,8099096.364583333,4583320.7867160775,2.6343433163541667,1.0377066006944444,2.5830869921875,1.30986528125
2024-06-16,8205286.440972222,4586382.257325295,2.745278684548611,1.070339295138889,2.7054326407291667,1.54427053125
2024-06-17,10251116.493055556,5213231.28537142,2.7712878886458334,1.0169618090277777,2.8189163271180555,1.2663057118055556
2024-06-18,10581711.583333334,4808684.984497855,2.5716605450347223,1.0051697361111112,2.5009665498958333,1.02217334375
2024-06-19,9714878.802083334,4525446.85005128,2.727369807013889,1.0551808888888887,2.632156318715278,1.2307170590277776
2024-06-20,10412279.809027778,4843061.006206934,2.6624641819791663,1.0145765243055556,2.6432882060416665,1.180345236111111
2024-06-21,12115614.486111112,5456914.88744103,2.612452478090278,0.9831615373665481,2.6069369179861113,1.0932347638888888
2024-06-22,11862766.333333334,5300924.423231783,2.641192187326389,1.0300801805555555,2.5652416404166667,1.3938442256944445
2024-06-23,11913500.940972222,5210586.381238723,2.6003828951041665,1.0200572916666666,2.6732527673611113,1.3454325312500002
2024-06-24,12908511.979166666,5494078.256404309,2.6225811165625,0.9941523541666667,2.668913599375,1.099195236111111
2024-06-25,12353542.840277778,5510922.330371355,2.743185858159722,1.07948046875,2.775598377534722,1.2547559618055555
2024-06-26,11967650.104166666,5285960.775368006,2.672126469166667,1.1095663472222224,2.843255303472222,1.112128767361111
2024-06-27,11791926.454861112,5213772.285053408,2.658195113715278,1.1208394583333332,2.7746281913541666,1.2124068958333334
2024-06-28,11266897.472222222,5086795.972157479,2.7066694778819445,1.1393208506944446,2.6725470159375,1.1120138541666666
2024-06-29,10763577.256944444,4763034.885729986,2.735549188298611,1.1588726631944446,2.691757759826389,1.2086827743055555
2024-06-30,10654994.694444444,4717899.734061362,2.6570851027430553,1.1441699305555555,2.6570351822222222,1.1912592777777777
2024-07-01,10533587.385416666,4830271.007362344,2.779307922916667,1.1670786805555555,2.683740981423611,1.1172839340277778
2024-07-02,9964327.239583334,4468550.945996183,2.8542793307291667,1.1907611493055557,2.798231457326389,1.1604736145833334
2024-07-03,9778839.385416666,4278024.939706557,2.739750182638889,1.192980920138889,2.7543908538194444,1.2929950277777778
2024-07-04,10065919.993055556,4056915.969977657,2.6617736815972224,1.2594183368055556,2.608007049548611,1.0620920694444445
2024-07-05,9603666.420138888,3357583.4517698656,2.3074489559375,1.2676312013888889,2.3140613288194443,1.0293590208333334
2024-07-06,9393811.746527778,3465431.2972788643,2.2487807139583333,1.2927258159722221,2.1982497198611113,1.1338105729166665
2024-07-07,9467919.052083334,3608595.4107123283,2.2521624706944445,1.2914094791666666,2.1639964809027776,1.1431276354166666
2024-07-08,8956687.434027778,3402602.815632427,2.3830009475347222,1.253938888888889,2.2580974953124997,1.0781735347222223
2024-07-09,8545836.868055556,3331673.533250832,2.3995199979861113,1.2464664895833333,2.216521681284722,1.1014952777777778
2024-07-10,8505001.270833334,3390886.275803008,2.4106385727430553,1.261683576388889,2.1869411214930556,1.2243721493055555
2024-07-11,8487278.333333334,3362784.071172598,2.4676364398958333,1.2589419270833333,2.261321684201389,1.2383136666666668
2024-07-12,8713828.732638888,3401897.480842106,2.304987748506944,1.1615056284722223,2.18055127125,1.3795073194444445
2024-07-13,8695743.5625,3500476.369839144,2.369788845034722,1.160182090277778,2.139114889201389,1.2570189097222224
2024-07-14,8638670.0625,3538388.4943302516,2.4022077323958335,1.1312776805555556,2.2342628624305556,1.3266526354166668
2024-07-15,8532229.684027778,3627993.7954473468,2.5113849935069443,1.1648213993055556,2.3431409897222224,1.236786795138889
2024-07-16,8688536.260416666,3783815.8908589315,2.6243000375000003,1.1882790277777777,2.3508147054166666,1.2525374756944445
2024-07-17,9715560.65625,4566374.757938263,2.294053290347222,1.1911397916666668,2.1041770940972224,1.0785899340277778
2024-07-18,11123746.465277778,5255192.0444352515,2.0961620561458334,1.3056252083333333,1.8073239285763887,1.150294059027778
2024-07-19,10403078.118055556,4878983.06339908,2.095260196909722,1.333336138888889,1.8150149221180554,1.1467173506944444
2024-07-20,10627645.732638888,5205799.377049302,2.1635773718749998,1.3599366909722221,1.8323393490972224,1.2092529201388889
2024-07-21,10314512.496527778,4970907.031109337,2.274990539027778,1.3484435243055557,2.0139122049305556,1.2946481388888889
2024-07-22,9416309.857638888,4438242.8760156175,2.3674491909375,1.2683758680555557,2.1518734845138887,1.3285890451388889
2024-07-23,9544803.21875,4453539.762179052,2.061942673159722,1.139519763888889,2.000148663645833,1.125103871527778
2024-07-24,9359052.861111112,4300578.6271563275,2.018244785,1.163447065972222,1.9963360173611113,1.114984357638889
2024-07-25,8727670.857638888,3796010.3673478267,2.064392483958333,1.0751442291666669,1.9974051963194444,1.1663832013888888
2024-07-26,11787517.131944444,5789300.673037105,1.6329727732291668,1.0616465520833334,1.5204923973958335,1.0811657118055555
2024-07-27,11968024.336805556,5993985.428954725,1.7066924060763888,1.061234534722222,1.5430536228472223,1.0749200416666667
2024-07-28,10796522.527777778,5179926.957930356,1.9950983169791665,1.12605765625,1.8741166482638887,1.2518074895833333
2024-07-29,9870665.913194444,4652054.437660664,1.9298857529166666,1.08707275,1.8606290047569445,1.3453353506944443
2024-07-30,10359004.951388888,4701911.333998583,1.9548244040277778,1.0374811493055556,1.843700457152778,1.2164910104166666
2024-07-31,10048359.506944444,4557239.905116639,1.9059302184722222,1.0571295729166668,1.8695018743402778,1.1185173333333334
2024-08-01,9574009.003472222,4253738.465079498,1.8083483524305555,1.0979176944444444,1.7577932296527778,1.0032563368055554
2024-08-02,9103664.298611112,3860253.3850160455,1.9088685420486111,1.1649896979166667,1.816191452638889,1.1308194097222222
2024-08-03,9640549.993055556,3698621.8415214987,1.9778317821180553,1.0081781875,1.9861735996180556,1.1821320069444445
2024-08-04,9077146.149305556,3360257.5749389413,2.0248396290972224,0.9088578055555556,2.0643258710416665,1.1810444097222221
2024-08-05,8224218.447916667,2611480.2225168874,1.9912866522916666,0.8441862847222222,1.890045119409722,1.0454982534722221
2024-08-06,7464495.763888889,2529405.1036856417,2.1746947864930553,0.9697092256944444,2.0566465174652775,1.060873597222222
2024-08-07,7240322.791666667,2481290.165161286,2.263991090451389,0.9754910208333334,2.128884603993056,1.1044651666666665
2024-08-08,7642873.829861111,2683243.970394066,2.254082311388889,0.9455453993055555,2.1753905200347226,1.106745076388889
2024-08-09,7656160.315972222,2764297.181510481,2.347292476875,0.9671884930555557,2.143301914618055,1.3152738125
2024-08-10,7689982.263888889,2815352.1180904335,2.191628229652778,0.916711642361111,2.1236277231944443,1.236191815972222
2024-08-11,8525491.732638888,3239931.0107508944,1.96627870375,0.8218932881944444,2.0023644230208335,1.1204288958333333
2024-08-12,8385858.666666667,3096540.231793211,2.0024555821708185,0.7655161103202847,2.0913222046263344,1.1957402291666666
2024-08-13,8179431.795138889,3068047.8699524887,2.0867060524305554,0.8257449236111111,2.0868901954166663,1.11778765625
2024-08-14,8276282.770833333,3102308.497149205,2.1611760630555557,0.9204475173611111,2.079595670590278,1.1347035347222223
2024-08-15,8530437.534722222,3099931.4813020453,2.1064445726041665,1.0092549513888889,1.9898454332638889,1.2580633715277778
2024-08-16,8556600.753472222,3033330.8949454115,2.067153046284722,0.9680232916666667,1.9948231843402777,1.1429655694444445
2024-08-17,8669145.305555556,3082261.315847071,2.007749422222222,0.9634569965277778,1.8841258067361109,1.2679331249999999
2024-08-18,8635365.243055556,3118740.9214093774,2.139402195972222,0.9833076979166666,2.0457653465625,1.3239801145833332
2024-08-19,8784968.131944444,3163436.559477403,2.2243698624652777,1.0375419965277777,2.1245454252083333,1.189045107638889
2024-08-20,8824901.53125,3279138.9801802007,2.4158619658680553,1.0347385520833334,2.2350193268055554,1.1847914479166668
2024-08-21,8957763.180555556,3356937.3197766882,2.456329823645833,1.0499646840277779,2.2554380744791667,1.164873013888889
2024-08-22,9045344.472222222,3520807.846499358,2.3555573569444443,1.0830003159722221,2.1100232953124998,1.2959580243055555
2024-08-23,8852842.0,3539227.551671225,2.4093106594444444,1.0966486145833334,2.118471571736111,1.2034128506944444
2024-08-24,9209244.392361112,3905175.0610898007,2.3584605805555556,1.1639628333333334,2.0867017711805556,1.1625227569444445
2024-08-25,9207785.673611112,3827438.8189488524,2.3294798795833334,1.1846864548611111,2.1169910871180555,1.1743967083333333
2024-08-26,9426330.267361112,3762312.3846404213,2.3552039028819447,1.2171090659722223,2.1284171044444444,1.201278
2024-08-27,9530202.579861112,3652138.409426445,2.187496329027778,1.1409143784722222,2.0033882686111113,1.1435623506944443
2024-08-28,8799612.371527778,3147143.1647168277,2.3066504621875,1.0983033958333333,2.1724308686805553,1.128680920138889
2024-08-29,9043992.482638888,3201708.2868210524,2.379416195451389,1.0190971006944443,2.2613635604513886,1.2027257534722222
2024-08-30,8977750.472222222,3092438.569637349,2.3431021267708334,0.9361086805555556,2.227734851597222,1.2967541284722222
2024-08-31,8920525.822916666,3042323.441399216,2.3478423551041665,0.8821880694444445,2.2638098318055553,1.230578454861111
2024-09-01,9316039.152777778,3084530.324444426,2.2929442591319447,0.8718356666666667,2.2311691986458335,1.1496601944444444
2024-09-02,9497006.753472222,3150202.444353656,2.1189404819791666,0.8041441666666667,2.1612615934027777,1.2309778437499999
2024-09-03,9300573.756944444,3164324.0891578766,2.2533531374305555,0.8371639201388889,2.237286294895833,1.1853436701388889
2024-09-04,9461977.982638888,3105607.8832715326,2.258182297638889,0.8318025833333333,2.2685857938194447,2.8270715
2024-09-05,9342958.069444444,3068892.699340872,2.296416545902778,0.8523412847222223,2.2888003230208334,1.5150016319444444
2024-09-06,9703876.927083334,3095395.4807522036,2.234863112291667,0.8340961215277778,2.276658027847222,1.1379968159722222
2024-09-07,9786429.208333334,3098564.2781980922,2.2564710779861112,0.8189688402777777,2.2388247270833332,1.5532553194444445
2024-09-08,9568649.802083334,3074546.1482246835,2.243443430138889,0.8203637881944444,2.21929590625,1.515058784722222
2024-09-09,9347578.920138888,3099096.8281814205,2.2942142105555554,0.8483636875,2.253353387361111,1.4496124166666666
2024-09-10,9376805.350694444,3188710.340971794,2.498632634791667,0.873799375,2.4103130980902776,1.352700798611111
2024-09-11,9520238.784722222,3166916.1206726334,2.653905474513889,0.8830392777777778,2.5279940803819443,1.3781663715277779
2024-09-12,9667544.416666666,3278661.6712171417,2.6160905722569443,0.88388053125,2.539342316875,1.53744496875
2024-09-13,10329222.802083334,3578391.8239846947,2.4684646505902776,0.9511906701388888,2.3456430262847223,1.8882033090277777
2024-09-14,10080675.201388888,3503212.3707284383,2.522551175798611,0.9455753923611111,2.3934027793055552,1.6742473715277777
2024-09-15,9763616.791666666,3370286.8566725245,2.5827453986111113,0.9550326631944444,2.459179503576389,1.5035390625
2024-09-16,9664492.225694444,3170770.747195916,2.4123847560069445,0.9100148298611112,2.373721470729167,1.5315522638888888
2024-09-17,9874805.486111112,3269017.6223532045,2.3437597209375003,0.8749317604166666,2.334182353402778,1.8963630069444446
2024-09-18,9921395.034722222,3316163.1128591276,2.503923336423611,0.9125083020833333,2.429983622013889,1.5971161319444445
2024-09-19,10711791.166666666,3849472.992965291,2.4849682618402777,1.0031649444444444,2.3494989315625,1.2039720833333334
2024-09-20,10708629.822916666,3956765.8012473425,2.503503750277778,1.0248672048611112,2.2855927456944443,1.3905472986111111
2024-09-21,10855458.732638888,4117714.5876049334,2.3226693002777776,1.0220384479166666,2.15631165,1.3337342291666667
2024-09-22,10683792.78125,4029831.761931019,2.288520600520833,1.0412270451388888,2.0992529512847224,1.2713956909722224
2024-09-23,10874701.083333334,4125499.519749902,2.405853725486111,1.0598602083333333,2.282761249270833,1.5235446770833334
2024-09-24,11128366.555555556,4198497.861781043,2.6283560460416666,1.1190840208333332,2.484180304548611,1.4401742743055557
2024-09-25,14254432.420138888,5981454.966954509,2.099031074618056,0.9863381770833334,2.164612765798611,1.2205559513888888
2024-09-26,17561871.024305556,7531920.721502144,1.8730294454513887,0.9395165277777777,1.9235622183680556,1.14239959375
2024-09-27,15614384.40625,6694547.881782323,2.096460707777778,1.0201052048611112,2.1306449886458334,1.1472638020833332
2024-09-28,15020871.177083334,6317200.113999308,2.196796312361111,1.0616133611111112,2.216287848159722,1.1482950590277778
2024-09-29,14388434.777777778,6023249.312060722,2.0882831900694447,1.0740442604166667,2.137953535798611,1.0671413159722223
2024-09-30,13399168.920138888,5435627.7966177,2.1683117219097223,1.1176159930555556,2.2063922674652776,1.2242341631944444
2024-10-01,12357058.753472222,4751225.500629421,2.1775956900347224,1.0876969097222222,2.2149744684027777,1.2135968194444444
2024-10-02,10687232.770833334,3822279.585424848,2.2315688949305557,1.0259215729166666,2.2836037665277775,1.1992502847222222
2024-10-03,10390155.711805556,3582585.8105435614,2.235311830659722,1.008474361111111,2.2730332138888887,1.1482316284722223
2024-10-04,10365111.965277778,3645207.927500558,2.359879756111111,0.9846259479166667,2.4184609788194447,1.215265027777778
2024-10-05,10372643.538194444,3738594.329304429,2.4394625219444444,0.9907599479166667,2.4616927537847224,1.2838333472222223
2024-10-06,10519749.965277778,3796485.705668023,2.5954222310763893,0.9988401979166667,2.5539254144444445,1.4820624444444443
2024-10-07,10844914.934027778,4063087.431161969,2.4670151736805557,0.9855006562499999,2.3611073496180555,1.2932110416666667
2024-10-08,10555642.59375,3821466.791623155,2.4360999125,0.9601525555555556,2.2340127324652777,1.423977732638889
2024-10-09,10515182.013888888,3759017.209439169,2.2714397639236115,0.9394367430555555,2.1491792692361114,1.29784309375
2024-10-10,10525261.527777778,3686182.568799259,2.363175372222222,0.9421378958333333,2.250164008194444,1.5045701041666666
2024-10-11,10540468.045138888,3812522.2876468473,2.5695564105902777,0.9588684270833334,2.5619988490625,1.3236662604166667
2024-10-12,10686039.086805556,3987317.716097104,2.62467483875,1.0180800486111112,2.525222133923611,1.8968751076388888
2024-10-13,10848988.447916666,4010405.6210080907,2.642878053159722,1.0417021180555557,2.4707400713541663,1.413027388888889
2024-10-14,11818930.895833334,4557346.070321465,2.551698318576389,1.0751312881944444,2.475167250659722,1.2393785173611112
2024-10-15,13050228.184027778,5101962.6760316575,2.719175582777778,1.2372307708333332,2.5587123845486115,1.1426193020833333
2024-10-16,12813790.482638888,4916768.967434729,2.7914133483333337,1.2343321145833333,2.685409315833333,1.2933181909722222
2024-10-17,12660316.534722222,4747756.506519385,2.673900395902778,1.2210071840277776,2.5289235533333336,1.3089285312499999
2024-10-18,13447992.618055556,5054140.941053626,2.5784157989930554,1.1741022152777778,2.3657505482638888,1.4712670763888889
2024-10-19,13425898.309027778,5105961.415826651,2.624978767638889,1.1926658888888888,2.5649532528819443,1.343219246527778
2024-10-20,14879714.253472222,5922759.735256337,2.3933300658680556,1.0887562430555555,2.338136927465278,1.1349264236111112
2024-10-21,15948795.753472222,6551955.425210915,2.2627604403819443,1.0731618506944445,2.2487483682638887,1.196951454861111
2024-10-22,15574078.135416666,6351607.023316389,2.2604852844097225,0.9894929409722223,2.4495893179861112,1.1727787986111111
2024-10-23,14584730.923611112,5792184.490430715,2.3929850933333334,1.0115876736111111,2.4721260811111114,1.1436759305555555
2024-10-24,15216000.427083334,6435819.306712149,1.9846146952083334,0.96488165625,1.9806826693750001,1.1787454305555556
2024-10-25,16628852.458333334,6950663.079784105,2.1059965784375,0.9232942534722223,2.149012166875,1.1362038125
2024-10-26,15682413.6875,6054798.335967881,2.074486217638889,0.8831621770833333,2.2807596238194443,1.1104895416666667
2024-10-27,15763571.472222222,6387252.585306115,1.8565925174652778,0.9743552569444444,1.8782775800347222,1.1513162291666665
2024-10-28,14525666.363636363,5658759.018877409,2.1590144052447555,1.0127217237762238,2.224637252937063,1.123020951048951
2024-10-29,14234841.395833334,5824751.712923631,2.0691227826736114,1.0760221284722222,2.1081443218750002,1.1163686770833334
2024-10-30,15374652.326388888,6575852.297916518,2.0089606883680555,1.173164892361111,1.9660993830208335,1.1497716666666666
2024-10-31,15546017.888888888,6701243.208226037,1.8390984361458333,1.1366001458333335,1.723466230173611,1.104654
2024-11-01,15596443.496527778,6369608.077626775,2.0766701127430554,1.198312920138889,2.1157981859722224,1.1341375555555555
2024-11-02,14475250.444444444,5657411.012131131,2.151190395763889,1.2217830833333334,2.1574823261458334,1.2014566215277778
2024-11-03,13183263.211805556,4898509.275146605,2.1758855336805554,1.275891111111111,2.0805672449999997,1.050228920138889
2024-11-04,12557615.0,4534482.363060122,2.222652366458333,1.3283659305555555,2.1392374862847223,1.1394138333333332
2024-11-05,12261763.635416666,4387981.607466276,2.278463194375,1.2485855312499998,2.1980415653472223,1.2281016319444444
2024-11-06,13171728.614583334,5124495.999553908,2.318976077048611,1.32713296875,2.1700476551041668,1.1834118472222221
2024-11-07,13793466.989583334,5562196.958689636,2.3252115068402777,1.4460925833333333,2.099715845173611,1.2849791354166666
2024-11-08,15272988.875,6348140.10936675,2.2693739942708335,1.306909746527778,2.0521855656944443,1.0740476388888889
2024-11-09,15134409.076388888,6497166.559485263,1.9830447941666667,1.3434002604166666,1.7947191796527777,1.0730239444444445
2024-11-10,16337016.527777778,7424068.2142294925,2.010315176041667,1.40177825,1.7874568338194443,1.0805144895833334
2024-11-11,17629143.902777776,8239032.181841503,2.2604151726388886,1.7243543680555555,1.9668957811805556,1.0680466701388889
2024-11-12,19090837.423611112,8606304.396994349,2.603063777673611,2.07471759375,2.0699856427430556,1.0504281527777777
2024-11-13,19235513.725694444,8090432.401397011,2.4730588784375,2.1929731805555557,1.9922501319097223,1.0276816041666668
2024-11-14,20661823.684027776,8801879.36951547,2.4955817201041666,2.3023532291666666,2.0921631292708334,1.0316238055555556
2024-11-15,19150189.295138888,7924673.918796584,2.775755576215278,2.4856834444444447,2.2580225686805555,1.0700066215277777
2024-11-16,19030715.315972224,8427248.961290827,2.9228405202777776,2.5344577847222225,2.4112878021527777,1.1419611145833333
2024-11-17,19274718.5625,8540499.314076547,2.915389228715278,2.574669,2.3552880415625,1.1387561458333333
2024-11-18,19681660.642361112,8880599.136608278,2.8212152114930555,2.533006767361111,2.344172129375,1.0568817152777779
2024-11-19,19831039.725694444,9068550.131065853,2.8421266350694445,2.43377084375,2.343963231319444,1.1874926111111113
2024-11-20,19890668.972222224,8671874.547765093,2.7461042468402774,2.1971847013888888,2.3262928265625,1.1337180972222223
2024-11-21,19070252.854166668,8265837.368034054,2.7431129008333333,1.9903846180555556,2.357392175763889,1.1300185451388889
2024-11-22,19673912.951388888,8707810.864715096,2.892481308958333,1.9525821979166667,2.4200588011805557,1.17828996875
2024-11-23,20806808.895833332,9850108.673006045,3.1516200610416667,2.0173023888888886,2.6029402334722223,1.0755334131944445
2024-11-24,20939175.239583332,10295168.891251124,3.176388572638889,2.164113763888889,2.5412828810069445,1.0248424375
2024-11-25,21388144.677083332,10850904.041828036,3.409579541736111,2.6165193715277777,2.7288850479166666,0.9629927291666667
2024-11-26,18843045.444444444,9487759.03863044,3.217873080347222,2.478461642361111,2.570817537986111,0.9875232951388888
2024-11-27,16991535.020833332,9093854.391439922,3.3268894473958337,2.5202466319444445,2.797738607152778,1.0287012013888888
2024-11-28,17406801.899305556,9546528.96374009,3.439304310173611,2.693679357638889,2.8132669446180554,1.2950266145833333
2024-11-29,17064370.0625,9411683.2566592,3.4957261897569447,2.6529880833333332,2.9025667039930556,1.178929017361111
2024-11-30,17702646.6875,10306897.053389467,3.392495823125,2.6378365277777776,2.802460232708333,1.0986975833333334
2024-12-01,17366087.267361112,10376237.830217605,3.6367555843402775,2.773745736111111,2.955680182361111,1.0064927118055556
2024-12-02,17362158.614583332,9957923.07810107,3.9623660760416666,2.552385045138889,3.1501459905902776,1.118131670138889
2024-12-03,19196976.604166668,11172373.693267547,4.3511113310416665,2.9259919062499997,3.329398741770833,1.1373411666666666
2024-12-04,20046019.371527776,12937876.232305665,4.17555156138889,2.6411712534722223,3.4314313578125,1.0159062326388888
2024-12-05,19409325.104166668,12546415.501088964,4.208709365694444,2.8421745104166667,3.4218103564930558,1.0183637222222222
2024-12-06,21385958.392361112,14400012.037800662,4.406251889791666,2.543319475694444,3.7387049247222226,1.0215804236111112
2024-12-07,22674888.395833332,14895107.41039416,4.391387312083333,2.695368017361111,3.669381893715278,1.2061035625
2024-12-08,21702090.944444444,13957405.244699188,4.369498993402778,3.024108215277778,3.6791290837152775,1.1519642395833332
2024-12-09,21199222.576388888,12677200.6792376,4.330569701215278,2.9148944895833333,3.5200687896527776,1.039144048611111
2024-12-10,15924651.392361112,8120147.305802256,3.4783708712847226,2.122201184027778,2.7055750487152777,1.0865279618055554
2024-12-11,16604389.006944444,8572723.92741806,3.5796886152430556,2.335254006944444,2.7814102808680556,1.1199016180555554
2024-12-12,15745038.434027778,8800810.016888803,4.016414691944444,2.797424329861111,3.063474192708333,1.0640406076388889
2024-12-13,16091373.621527778,8702447.59527951,4.2408086300347225,3.0298389826388887,3.1644038744791665,1.097067888888889
2024-12-14,15825771.4375,8346171.142955667,4.165232223923612,2.9273423993055556,3.107291096736111,1.2383811041666666
2024-12-15,15634480.170138888,8095434.870152702,4.078686738784722,2.74269690625,3.1455601859374998,1.1917000868055556
2024-12-16,15546679.381944444,8030311.406692811,4.227099500590278,2.815284854166667,3.2402995115624997,1.1087851215277778
2024-12-17,16536519.114583334,8197213.212644584,4.108337794965277,2.5550372465277778,3.1833688383680556,1.2011969166666665
2024-12-18,17677645.638888888,8186022.347384047,3.756673421840278,2.2220031145833334,2.922676788125,1.2862682604166666
2024-12-19,17624915.027777776,7455872.115851854,3.5083303327777777,1.7216566979166668,2.7103458594444443,1.0753361458333335
2024-12-20,17600410.569444444,7219011.410745352,3.1957361296180555,1.1813654097222224,2.5830354494097225,0.9605973402777779
2024-12-21,15839206.284722222,7133548.230504553,3.1149629297916666,1.2100275173611112,2.38852300125,1.0557821840277777
2024-12-22,17224793.326388888,7672668.818390646,2.816168457673611,1.0096460868055557,2.419777815451389,1.0749337812500002
2024-12-23,16322969.940972222,7260293.91462322,2.744600976180555,1.0912924652777778,2.1430059228819447,1.1488448680555556
2024-12-24,15859360.833333334,7424279.224014614,2.880531359895833,1.3657004270833335,2.1493720950347224,1.1884545208333332
2024-12-25,15568596.309027778,7278957.639051507,3.034343104513889,1.507701420138889,2.260991060555556,1.2102951944444444
2024-12-26,15666193.25,6794377.549613149,2.9550867611805556,1.5351223402777778,2.2003975199652777,1.3929467291666666
2024-12-27,15477104.618055556,6842194.3542634575,2.982452486527778,1.5661562361111112,2.266880597847222,1.1049627395833332
2024-12-28,15613848.670138888,7002388.276035897,3.1362744649305556,1.5497095763888888,2.4796877290972223,1.3285448923611112
2024-12-29,15476436.711805556,6972028.77118097,3.1262388142708333,1.9041738333333333,2.4108746953124998,1.4080258541666666
2024-12-30,15023143.267361112,6712561.651863721,3.0334682866666665,1.9404562881944445,2.324290328611111,1.1895077291666665
2024-12-31,15124397.864583334,6632047.247190218,2.8723475914583334,1.936727,2.218488035486111,1.133167795138889
2025-01-01,15332297.673611112,6694016.54035321,3.0383253366319445,2.0570169583333335,2.3411694652430555,1.2258875486111112
2025-01-02,16470938.552083334,7507604.325854783,3.3675016644791667,2.076749451388889,2.5276901081597223,1.2007253472222221
2025-01-03,17276956.027777776,8098534.251206962,3.3278334381597223,1.930420451388889,2.5255838714930556,1.142604607638889
2025-01-04,16716611.208333334,7946097.569325913,3.6087248281944446,2.095806027777778,2.6201899596875,1.4054001631944444
2025-01-05,16205963.315972222,7684374.795672487,3.57345438375,2.2110185972222225,2.598629309027778,1.275917642361111
2025-01-06,15647982.951388888,7592620.361823983,3.4824730903819443,2.187953732638889,2.5939730664583336,1.2252877500000001
2025-01-07,15308130.802083334,7215303.483055251,3.5538455905555555,2.1176872743055557,2.5592933636805557,1.176895954861111
2025-01-08,14803268.600694444,6425910.738495006,3.158383897222222,1.6364107916666668,2.3763918585416666,1.2491455104166667
2025-01-09,14604527.072916666,6392380.177012777,3.2425619300347224,1.625633204861111,2.372746843125,1.2279186006944445
2025-01-10,14257018.197916666,6318712.221382343,3.279929561736111,1.5605763055555555,2.425688792604167,1.1507638958333333
2025-01-11,14207902.5,6270305.41887661,3.3179096047222223,1.5874566006944444,2.3918944640625,1.2192979513888889
2025-01-12,14443639.03125,6303289.734363405,3.253919638472222,1.5789339444444446,2.4095853773263887,1.1336310069444444
2025-01-13,15047876.857638888,6165935.190581415,3.038824963611111,1.4257107777777778,2.227467097326389,1.1630504479166666
2025-01-14,15277639.680555556,6410206.355314012,3.166171970173611,1.4994164583333331,2.3024940474652777,1.4269765277777777
2025-01-15,15350908.854166666,6644821.681714655,3.5656463346180556,1.6429817118055556,2.4871912878124998,1.44174396875
2025-01-16,15913681.663194444,6987481.447804057,3.742328441736111,1.7636313159722221,2.5822754746875,1.3553647222222223
2025-01-17,16129556.163194444,7253366.2269442845,3.8457630170486112,1.8739017465277779,2.681872392361111,1.2070734930555556
2025-01-18,16085464.041666666,7100866.649897071,3.718749140520833,1.9616331944444445,2.6171997000694445,1.2639719201388888
2025-01-19,16208881.003472222,6849931.784077295,3.6096139484027776,1.9521476979166665,2.579454058298611,1.101538232638889
2025-01-20,15728210.722222222,6296085.6984362425,3.5380091294791667,1.6436856909722222,2.4977143457291664,1.1249543368055557
2025-01-21,15052095.885416666,5970845.523459215,3.3993283516319446,1.6276055381944445,2.4695804289236114,0.92537325
2025-01-22,13550840.454861112,5463987.278904715,3.48467056875,1.9450876805555555,2.523762403298611,1.1540825208333334
2025-01-23,13178888.347222222,5098905.740829122,3.566912554825175,1.960960375,2.5410811696180553,1.1094669895833333
2025-01-24,13171303.850694444,5103131.901575649,3.460610446909722,1.9029275555555556,2.477851776493056,1.1456824930555554
2025-01-25,13383898.503472222,5051513.144840992,3.333613718159722,1.9590658958333331,2.468199266527778,1.2757145138888888
2025-01-26,13397996.625,5103148.309075184,3.482086873888889,2.066515934027778,2.5495707983333333,1.3978264652777779
2025-01-27,12826686.111111112,4456957.385624143,3.650982031145833,1.8277557222222223,2.5465018852430554,1.4656688263888888
2025-01-28,12689170.409722222,4463573.968156356,3.692670348576389,1.8291400520833332,2.5212213975,1.1558679375
2025-01-29,12610082.725694444,4314652.664013759,3.486233420902778,1.8227616493055558,2.5925161878125,1.2063677777777777
2025-01-30,12565100.329861112,4440626.874421919,3.753063594965278,1.8437736631944444,2.680753106388889,1.5792160381944444
2025-01-31,12916288.104166666,4651223.591143109,3.8899556293055557,1.9266020625,2.7306809125,1.2770258715277778
2025-02-01,12874864.197916666,4532599.124065719,3.8660805192013887,2.0019120729166664,2.757931963576389,1.1646984652777777
2025-02-02,12440144.444444444,3923120.5053702053,3.349884440173611,1.7084974513888889,2.5024796146527777,1.0291050243055555
2025-02-03,9661219.836805556,2469472.5468182694,2.728810782534722,1.1896098229166665,1.964580500944056,1.0766995590277777
2025-02-04,8418941.006944444,2230106.9105430176,2.8697476904166668,1.1661509236111112,2.0681189509027775,1.212383534722222
2025-02-05,8662161.024305556,2229709.750917839,2.6929208804513887,1.1236848541666666,1.9998715730208332,1.278003
2025-02-06,8416642.892361112,2100789.738956407,2.751687395625,1.0325915486111112,2.0439351528125,1.19684534375
2025-02-07,8556002.385416666,2086490.5715524042,2.5998206139583333,1.0188367222222223,2.066906642847222,1.1049536319444444
2025-02-08,8838019.350694444,2187571.748759551,1.448096355486111,1.0139396319444445,1.4346272736458332,1.4757429826388888
2025-02-09,11546683.194444444,3094538.9233325208,1.405947961875,1.0719268194444445,1.3408249507291667,1.2948436388888889
2025-02-10,10923954.246527778,2902039.7759354715,1.822387404340278,1.0004015972222222,1.6264167109375,1.2088037777777778
2025-02-11,9243492.944444444,2537930.720270769,2.4932951374305556,0.9744591770833334,2.071647342013889,1.0753024444444443
2025-02-12,8900829.819444444,2481899.30498537,2.0898134543055553,0.982130513888889,1.7226254214930554,1.2237088159722223
2025-02-13,9788311.739583334,2890177.3585481523,2.2139784569097225,1.1371106284722223,1.7647660766319444,1.1284022222222223
2025-02-14,9347754.184027778,2751239.5859286673,2.4929319613541665,1.0712572812499999,1.9795522797916665,1.0670406805555557
2025-02-15,8854039.722222222,2575389.9008664656,2.4849009296875,1.1063377534722223,1.9540357837847222,1.2062656666666667
2025-02-16,15318703.607638888,4744836.127066484,1.8026521105208333,1.0950412708333335,1.5418130024305556,1.1569218506944443
2025-02-17,27343245.447916668,8707118.91111139,1.9104291359027776,1.0893615104166665,1.6967425341319444,1.0368840277777778
2025-02-18,23799641.972222224,7186809.086624694,1.8536254891666668,1.1036122465277778,1.7327317612500002,1.0854496006944445
2025-02-19,20862498.972222224,6400882.095780803,1.764600211736111,1.0795314791666666,1.639235147361111,1.0266487708333334
2025-02-20,19841260.645833332,6162607.665192689,1.8476151232638887,1.1443966284722222,1.6889435279166667,1.0648714097222223
2025-02-21,17956050.461805556,5689053.295977723,2.084933708645833,1.251266625,1.7783929742361113,1.0145728576388888
2025-02-22,16993841.975694444,5172665.5143935885,1.921719521701389,1.25846603125,1.7837236154861111,1.1584178090277777
2025-02-23,16660778.142361112,5060032.947671732,1.9955461993055554,1.2856929166666666,1.826352323715278,1.197287263888889
2025-02-24,14046873.861111112,4049256.339468293,2.038543035590278,1.2456005208333334,1.8617416049305555,1.0993023368055554
2025-02-25,12993476.625,3434970.8809377933,2.0144249720833334,1.2283243229166667,1.818432488298611,1.064673986111111
2025-02-26,12715019.736111112,3444265.0848353673,2.2748642703125004,1.3524395729166665,1.9731548521180555,1.304278173611111
2025-02-27,11947892.347222222,3387574.656848866,2.223630211666667,1.2830597569444444,1.876453539548611,1.2791784687499999
2025-02-28,11332362.673611112,3019379.5601049196,2.146692622013889,1.3109958680555556,1.866534281736111,1.1869544027777779
2025-03-01,10993855.642361112,2930786.9131130814,2.009140152847222,1.2901567326388887,1.7415004323611112,1.2570228472222222
2025-03-02,10705399.364583334,2895950.0481935823,2.074436584756944,1.2851529722222221,1.8279299588194446,1.3576048159722223
2025-03-03,10746648.243055556,2847773.084293736,2.370252598993056,1.357578704861111,1.9736680819444443,1.135145982638889
2025-03-04,10234198.631944444,2378384.036863307,2.2652851596874997,1.1247781458333332,1.9481454133333334,1.0690589895833333
2025-03-05,11118908.135416666,2662908.7953032046,2.4416005672569443,1.1290668923611111,2.0547224166666664,1.2060290833333331
2025-03-06,11152897.489583334,2736795.801092668,2.4980244588541667,1.162231763888889,2.0615586069791667,1.2969287465277777
2025-03-07,10602339.690972222,2560963.2348145233,2.481715802638889,1.1376893506944445,2.1724536792361113,1.2181697395833333
2025-03-08,10661679.065972222,2505839.3185636816,2.4320618290972225,1.1614296006944445,2.2780701385069446,1.2379780381944443
2025-03-09,11133584.486111112,2470322.9413889204,2.350964611458333,1.1775166840277778,2.2319881896875002,1.1086725625
2025-03-10,11951603.229166666,2449133.017857983,2.1501488945833334,1.1793956875,2.0473731605902774,1.0535375069444446
2025-03-11,12009792.21875,2357053.020217711,2.0888043860763887,1.18552375,1.9892137960416667,1.108968392361111
2025-03-12,22578461.204861112,5065788.941796102,1.7699148936805555,1.1383602881944443,1.6743354380208333,1.063070048611111
2025-03-13,22546391.340277776,5161482.147215562,1.7675287803472222,1.165459138888889,1.651158396701389,1.0806395555555557
2025-03-14,20597727.899305556,4829807.9084599875,1.543023680798611,1.1651510729166668,1.5091072037847222,1.0655414722222223
2025-03-15,18821121.527777776,4324250.060423765,1.4615079312152777,1.2472110868055557,1.4692784022916667,1.0751753854166666
2025-03-16,21160188.59375,5117130.269778718,1.642561414513889,1.1712548819444446,1.5853254021875,1.0500531631944443
2025-03-17,27337846.722222224,7011716.363548253,1.7230154125694446,1.1926041562499998,1.8200232324999999,1.0974768194444444
2025-03-18,26796768.381944444,6788333.7851742,1.8537807311111112,1.2178439513888888,1.9005887638888888,1.1465320902777778
2025-03-19,24455090.878472224,6135355.613217831,1.854878231701389,1.21413903125,1.868606306736111,1.046364923611111
2025-03-20,22051131.315972224,5570862.849859487,1.7120153330902776,1.2024056388888889,1.7101182636458332,1.10495890625
2025-03-21,20438923.291666668,5242851.746170614,1.6372126644444445,1.1846206666666665,1.6886847565277778,1.0625543506944444
2025-03-22,19427052.5625,5071727.384256869,1.7371399703125001,1.1647127083333333,1.755095924861111,1.33185115625
2025-03-23,18368004.378472224,4759582.258289105,1.8991301416666664,1.2467649444444444,1.8334405582291664,1.273509986111111
2025-03-24,18107858.479166668,4753262.59922945,1.7945874427430555,1.3315108472222221,1.7030969371875,1.208765111111111
2025-03-25,18557504.243055556,4667201.452238622,1.8297971169097222,1.46328734375,1.7116397127777778,1.1591939479166666
2025-03-26,16998516.607638888,4338383.491950084,1.8046979652777777,1.4239393715277777,1.6542642345833334,1.3205577430555555
2025-03-27,16454503.055555556,4235664.353617455,1.7237675878819445,1.331534340277778,1.6558648680555554,1.2972578090277778
2025-03-28,15781348.197916666,3719723.969219534,1.7278927159375,1.3270732048611111,1.648197252361111,1.074481361111111
2025-03-29,15441903.635416666,3333423.3914763615,1.7085774971875,1.3253633993055556,1.6005422898263888,1.1185425347222222
2025-03-30,14881808.934027778,3181886.352701081,1.7888981443055556,1.3399951215277777,1.658768742361111,1.138356045138889
2025-03-31,14693371.368055556,3068041.9709137036,1.8620059692361108,1.323692309027778,1.741131952048611,1.3257314305555556
2025-04-01,14772104.284722222,3135219.605105557,1.8696791161458333,1.3468345243055557,1.791054770486111,1.1855757673611111
2025-04-02,14922214.902777778,3008082.6847968306,1.9777963116319444,1.4030836249999998,1.864046490659722,1.275627125
2025-04-03,14703283.086805556,2802461.439719232,2.0501321993055557,1.3237904201388888,1.980081066840278,1.3514886145833334
2025-04-04,14998673.826388888,2836242.0082994197,2.2039878740972223,1.285511576388889,2.1214660899305553,1.1711376666666666
2025-04-05,15177200.229166666,2852019.99443242,2.161187156388889,1.2279906111111112,2.0548979672569443,1.3740399409722222
2025-04-06,14761115.1875,2636375.068673482,2.1180036001041667,1.2215315069444446,2.0313031556597223,1.0456602534722221
2025-04-07,15656216.059027778,2566377.7588216485,2.0205259676388887,1.1755770972222224,1.8398638420833333,1.1773484305555555
2025-04-08,15558782.097222222,2558905.0329453796,2.089722780798611,1.1787731944444444,1.8248943214583333,1.2621924861111111
2025-04-09,15588124.322916666,2601417.760932142,2.052900796215278,1.1407599479166666,1.8423997522916666,1.1484700243055554
2025-04-10,15128822.611111112,2612938.5976558556,2.1819451967361108,1.1992115763888889,1.8696702611458333,1.2400808159722223
2025-04-11,14711033.194444444,2620924.4008445553,2.1355696534027775,1.2305703715277778,1.9270716012847222,1.1668580069444445
2025-04-12,14677417.600694444,2703277.0982354265,2.1163558786458334,1.28003134375,1.9091559304166665,1.1204437118055557
2025-04-13,15040132.322916666,2752867.8995067626,2.1271417025347223,1.2121348854166667,1.9191019906944444,1.4730155277777779
2025-04-14,14859052.291666666,2661812.966150349,2.0029826813888887,1.0895199618055555,1.8729720183680554,1.3463213923611113
2025-04-15,14198550.927083334,2520686.9027879406,2.026774258652482,1.1209686560283687,1.9098896062765958,1.21876528125
2025-04-16,15076716.513888888,2545424.2166360193,2.0707246919791666,1.1573535034722222,1.9972994821875,1.5183758506944445
2025-04-17,15966957.340277778,2787459.8281714967,2.1179599284722226,1.2442336423611111,1.971368538263889,1.3398590381944446
2025-04-18,15875214.628472222,2864721.1688152608,2.1613987066666667,1.306926125,1.9593198547222224,1.2947696215277777
2025-04-19,15971289.569444444,2913363.2327718358,2.2561073758680554,1.370116576388889,2.072202830347222,1.4272040208333334
2025-04-20,15324661.694444444,2838757.6343428968,2.252239642951389,1.4085426284722222,2.089149547638889,1.4177469166666665
2025-04-21,15001837.6875,2769415.4679394,2.3570475878125,1.4678664826388887,2.0915333115625,1.2772104305555556
2025-04-22,15540269.03125,2856369.4481092794,2.224151705416667,1.407735607638889,2.038142522430556,1.3090624340277777
2025-04-23,15993877.385416666,3161820.6051949044,2.660493132048611,1.453313,2.4094518394791664,1.2877452569444445
2025-04-24,14775987.461805556,2916602.183251577,2.5198274190624996,1.4080864305555556,2.240549879895833,1.23657434375
2025-04-25,14701862.15625,2991675.3561327625,2.783221663576389,1.5409308923611111,2.4291056723263886,1.4506242951388888
2025-04-26,14652439.604166666,3050107.921551845,2.738938341423611,1.5604427291666667,2.3877121524305553,1.3141057118055555
2025-04-27,15464206.9375,3047976.571957237,2.422632320173611,1.6201061354166668,1.933497403263889,1.1373841979166666
2025-04-28,15249822.989583334,3063647.4690360604,2.2646446297916665,1.5132219097222221,1.9017886991666666,1.3086229444444444
2025-04-29,13998339.329861112,2896548.5930109676,2.2236454899652776,1.4452722118055557,1.9659164537152778,1.1127600312500001
2025-04-30,13059260.159722222,2696849.1056246907,2.246705973229167,1.383293576388889,2.0071188255555557,1.3948071701388889
2025-05-01,13144844.295138888,2810310.8028651043,2.3270925027430556,1.413837784722222,2.0901824510416667,1.2153260659722223
2025-05-02,13789196.944444444,3026602.8098891396,2.1526857190277777,1.4312874027777778,1.9865453026041666,1.267661875
2025-05-03,13071424.916666666,2734284.803434091,2.236153245451389,1.4600188298611112,2.065082253993056,1.3843237534722224
2025-05-04,12656337.555555556,2490413.8322494263,2.1323862444791666,1.3666181493055556,2.0093702082291665,1.347464982638889
2025-05-05,12561581.378472222,2441474.243836808,2.118298610173611,1.3375483611111112,2.0213769751041664,1.3254454027777778
2025-05-06,12986203.555555556,2457711.614738966,2.0420956581944445,1.3826565520833334,1.9555107952777777,1.9365258993055556
2025-05-07,12534870.916666666,2361427.541345328,1.9850239843402777,1.4296554166666668,1.9191307431944447,1.2368817430555556
2025-05-08,13165018.048611112,2647311.973813124,2.269472903854167,1.4389363923611111,2.0967792481250003,1.3343110520833334
2025-05-09,14556429.545138888,3225845.940556216,2.5986423146527775,1.5299042604166668,2.348726027222222,1.296928
2025-05-10,16816035.177083332,3925999.7338900436,2.8758991765625,1.8015818020833332,2.4270922357986113,1.1201992118055555
2025-05-11,16781724.357638888,4007399.383138975,2.9599008592708334,1.8423570555555555,2.45239991,1.2386945625
2025-05-12,16684498.541666666,3980448.601327745,3.0949940112847223,1.8959378159722222,2.4774214828472223,1.1670032395833332
2025-05-13,16457901.951388888,3873202.834610458,2.9472570308680557,1.7635036631944443,2.097390311979167,1.2088939791666666
2025-05-14,16921319.628472224,4113293.5934161087,3.2268414559375,1.8517045069444444,2.2950164081944444,1.2319370625
2025-05-15,16207596.920138888,3581849.9502950194,2.828812035555556,1.7531644270833333,2.0693462111805556,1.042712763888889
2025-05-16,16372120.71875,3513396.138301317,2.8268926472916664,1.715137652777778,2.3703449551388887,1.0849760173611112
2025-05-17,15178071.381944444,3080558.854929844,2.9132738978125,1.7011630347222222,2.3917586890277778,1.1937371979166667
2025-05-18,14986018.930555556,3117176.1681544054,2.9032452776041664,1.6108555694444444,2.422135526111111,1.1856260972222221
2025-05-19,15435026.958333334,3102178.6660788646,2.8563967219444444,1.6479519479166667,2.3337024030555558,1.1169120104166668
2025-05-20,15007674.288194444,3115494.6109933327,2.672475905,1.54103165625,2.224677003368056,1.1772431631944444
2025-05-21,15730406.934027778,3309058.239749806,2.6919412972569443,1.5264730972222222,2.3254000101041665,1.3078390312500001
2025-05-22,16788176.045138888,3658460.3986782962,2.9768900560416665,1.5834196111111112,2.4824731864930554,1.2180401215277776
2025-05-23,17426703.354166668,3769963.856095598,3.1364494058333334,1.78141196875,2.496670608402778,1.1949309270833333
2025-05-24,16905979.840277776,3470924.39150423,2.6166502292361113,1.5963038298611112,2.0387497084027775,1.2005878819444444
2025-05-25,16991837.513888888,3356313.0849624667,2.5916242252430557,1.7363515555555555,1.9638786232986112,1.2193568784722222
2025-05-26,17106179.621527776,3442058.006165416,2.5629596334375,1.8441328506944445,1.9694989466319446,1.0864810555555555
2025-05-27,18162944.652777776,3667019.963673212,2.4780482855555555,1.907223972222222,1.9747909208333334,1.2003227847222222
2025-05-28,19865006.430555556,4034354.6912607085,2.927211192118056,1.8746944131944443,2.4101034853125,1.3574450451388889
2025-05-29,19793719.614583332,3972825.5429450218,3.2470456605555555,1.9962376736111114,2.5530724269791665,1.1818424340277778
2025-05-30,18259198.298611112,3379446.710795522,2.706306951597222,1.7959128368055555,2.250630872013889,1.0085278263888888
2025-05-31,16866695.743055556,2922618.086172089,2.2719463027430553,1.4914091736111112,2.268816464097222,1.1842721979166668
2025-06-01,16681963.163194444,2920983.6698800395,2.2245736038541666,1.4822092083333334,2.2021438996875,1.2686305590277778
2025-06-02,17074213.670138888,3026267.465157654,2.2866530351388885,1.5323870659722223,2.113337742326389,1.1980139340277778
2025-06-03,16961671.142361112,3124673.0912048817,2.534987953506944,1.616933795138889,2.225347252083333,1.1925575694444446
2025-06-04,16505342.267361112,3046329.477863221,2.507697334201389,1.698071326388889,2.2096749877430555,1.3258204861111111
2025-06-05,16368696.607638888,2918852.063447033,2.4177960832291667,1.6238291354166667,2.118747069027778,1.1782757326388889
2025-06-06,16062752.770833334,2781446.876025249,2.2370839424652775,1.4900184652777777,2.0525652009375,1.435602277777778
2025-06-07,15866820.159722222,2806573.6524744695,2.4943785910416665,1.4642951493055554,2.2095153028819445,1.4878163159722222
2025-06-08,15844154.086805556,2797857.13078246,2.6444492736805554,1.4653856701388888,2.2720722882291664,1.4110686805555557
2025-06-09,15896711.527777778,2842895.6692485013,2.6088941457986112,1.439466482638889,2.2692448671527776,1.6268871840277779
2025-06-10,16297393.913194444,3051989.462248578,2.845009646736111,1.3759415972222222,2.461897967152778,1.3759661597222221
2025-06-11,16688635.746527778,3118120.4088803576,3.1286898562847223,1.5553539131944445,2.616434199895833,1.33155265625
2025-06-12,16199922.809027778,2873874.9910809463,2.5698075011458332,1.515630972222222,2.325838578125,1.5154744618055556
2025-06-13,16169462.767361112,2641444.689891005,2.197164378472222,1.3841870381944446,2.085500559305556,1.162158642361111
2025-06-14,15568785.395833334,2557209.3964435672,2.221055085173611,1.4731033854166666,2.047444949861111,1.3657147118055555
2025-06-15,15366967.25,2525783.136633637,2.2064154741319446,1.5261680694444444,2.1145838085416666,1.2421455555555556
2025-06-16,16168443.15625,2716251.7508780067,2.5181396922222223,1.6676206736111112,2.3468326321180557,1.3700114340277778
2025-06-17,16136447.458333334,2607628.866708892,2.3041382778819446,1.5737722743055556,2.228039996527778,1.183705201388889
2025-06-18,16372591.868055556,2579760.702693302,2.1598410016319445,1.49395646875,2.110242710659722,1.4402029895833333
2025-06-19,16571353.913194444,2608697.4368657884,2.3277000639930554,1.4926588229166666,2.2388077974305554,1.2490929270833333
2025-06-20,17355805.795138888,2700516.125464419,2.22497715125,1.428201607638889,2.134717639652778,1.2467971041666666
2025-06-21,17190983.569444444,2593447.57081885,2.3445405204166665,1.429995732638889,2.2949005740625,1.2437123125
2025-06-22,17582598.482638888,2484458.610489089,2.208158891666667,1.3841508090277777,2.291138886284722,1.2403310069444444
2025-06-23,17815294.677083332,2563599.881427674,2.089067926284722,1.3044292604166667,2.2487554022222223,1.2778693958333334
2025-06-24,16928803.190972224,2632530.000929922,2.3546948244444446,1.202110451388889,2.351001016701389,1.1851234826388888
2025-06-25,16757542.795138888,2568987.013832653,2.2744450259027778,1.2396071736111112,2.2334570159375002,1.1525340694444446
2025-06-26,16858126.28125,2513304.9570561317,2.1927956342708335,1.2511290243055555,2.1685736271875,1.39728809375
2025-06-27,17074878.024305556,2494680.3475568052,2.1461641771875,1.3421108750000001,2.1041095728472223,1.1547413333333332
2025-06-28,16826710.006944444,2507635.539810358,2.2041890719444446,1.3722813229166666,2.2100344213194445,1.2038398333333333
2025-06-29,16498023.225694444,2540483.2301040706,2.316103305347222,1.4224942673611112,2.2726875427083333,1.3544808784722222
2025-06-30,16754345.1875,2609152.686012321,2.349311261805555,1.510796326388889,2.200206265138889,1.2656855659722224
2025-07-01,16762473.743055556,2521818.808470742,2.3354676619444446,1.3678440104166667,2.2318340446180556,1.302105298611111
2025-07-02,17633616.128472224,2715921.658871792,2.298521259652778,1.28158771875,2.257427989652778,1.3607726631944446
2025-07-03,19440516.399305556,3124382.736788101,2.501428167465278,1.1736989722222222,2.4143713366319446,1.5518711875
2025-07-04,20124570.822916668,3093598.190486589,2.519287852048611,1.1731307222222223,2.3019968369444443,1.364095170138889
2025-07-05,19401964.236111112,2914162.7662801715,2.377904994444444,1.1749262743055555,2.1819176349305556,1.442575625
2025-07-06,19063219.715277776,2892055.2995958654,2.3772634367708334,1.1903766597222223,2.2222016006944445,1.1074870208333332
2025-07-07,18902809.100694444,2873283.829934637,2.4791210097222223,1.2458289131944444,2.3087851113194446,1.3770341562500001
2025-07-08,19235387.041666668,2891629.419503498,2.4639410913194446,1.2181382708333333,2.3875370695486113,1.5965920347222222
2025-07-09,19922047.84375,3124543.202153106,2.632108057534722,1.20727028125,2.5121443626736113,1.2206396770833332
2025-07-10,21174659.409722224,3444409.049588449,2.835133586111111,1.3881228055555555,2.5606925709722224,1.2870882118055555
2025-07-11,23021434.336805556,4028109.104658352,2.9447713510416667,1.4400039479166666,2.6923697467708334,1.2936161631944445
2025-07-12,21833330.552083332,3775476.608927509,2.663371713298611,1.4503389895833334,2.465657831597222,1.3030575763888887
2025-07-13,21330920.274305556,3790548.9139400125,2.471812415138889,1.3842543437500001,2.3852840647916667,1.13586409375
2025-07-14,20890375.572916668,3707033.023010992,2.787747748958333,1.5840238715277777,2.6291314916666666,1.2374628611111111
2025-07-15,21072301.423611112,3643253.6729688174,2.7209973085069445,1.6082473958333334,2.4756066431944443,1.2740660729166668
2025-07-16,21804240.461805556,3973688.1345775053,3.369161202048611,1.6917817881944446,2.8281906608680556,1.324602826388889
2025-07-17,23004843.0,4154257.754643073,3.2130890216666668,1.7047645243055554,2.7493685634375002,1.3415593715277778
2025-07-18,22974727.204861112,4227467.440805771,3.5014848446180555,1.704734451388889,2.875146660347222,1.300846940972222
2025-07-19,22226549.21875,3964010.7571801883,3.412179039166667,1.6792709270833333,2.806813878611111,1.131504201388889
2025-07-20,22087154.451388888,4121795.612086802,3.4835668578819448,1.7334522395833334,2.897404444722222,1.1252297916666665
2025-07-21,22429908.038194444,4492343.434428964,3.2351115866546762,1.534162784172662,3.080969563152174,1.192246920138889
2025-07-22,23710400.434027776,4698397.922644668,3.0004693958076922,1.6231517291666666,2.848863675486111,1.08472575
2025-07-23,22339608.204861112,4372168.785942812,2.9868248994444446,1.655199670138889,2.7879088238194445,1.2165613993055555
2025-07-24,21378901.486111112,3974253.9443698376,2.8783227094097223,1.415183201388889,2.6977471316666666,1.1144231041666666
2025-07-25,20836608.15625,3779119.2003524774,3.017283811354167,1.4255483055555556,2.714274853090278,1.1721297708333334
2025-07-26,21228279.864583332,4002083.991944612,3.2612753679166664,1.456489298611111,2.8915457356944447,1.2320526423611111
2025-07-27,20792592.878472224,3992106.930450166,3.194143375972222,1.5082132534722221,2.823551173611111,1.14746371875
2025-07-28,20135471.46875,3835723.114168899,3.478923696423611,1.5865298680555555,3.008109498784722,1.29506815625
2025-07-29,20418750.743055556,3677852.2828351767,2.9472398539930555,1.3832611423611112,2.700448542326389,1.3015513680555555
2025-07-30,20626256.381944444,3585788.963160355,2.6498662042708334,1.381789125,2.440209032465278,1.2583088229166668
2025-07-31,20722766.597222224,3581755.6546604577,2.949798297048611,1.4406409513888887,2.5936165990277775,1.2691580277777779
2025-08-01,20430309.413194444,3259023.0471183015,3.121025397361111,1.3708108159722223,2.8551333655555555,1.2421805104166668
2025-08-02,20722208.225694444,3244749.069055379,3.1746711107638887,1.2430098055555556,3.0355060724652776,1.2441807743055557
2025-08-03,20974033.267361112,3311702.3570896345,2.980512960625,1.1878079895833333,3.021432326076389,1.618645388888889
2025-08-04,21416333.194444444,3419101.9554387163,3.1747651027430557,1.180860375,3.1396462933680556,1.4246656006944445
2025-08-05,21616568.961805556,3401049.25800545,3.1618996245138886,1.1456296631944445,3.1268020384375,1.423587482638889
2025-08-06,21597608.53125,3367502.2351887296,2.8984786655208334,1.171409590277778,2.9185678092708334,1.4925397986111113
2025-08-07,22002361.298611112,3534502.5173296556,3.1782885722916667,1.1590478263888888,3.082103816909722,1.4451885972222223
2025-08-08,22296871.138888888,3791441.360703628,3.151696567569444,1.1340149166666667,3.043037673958333,1.2000320243055556
2025-08-09,23935660.673611112,4244928.567305595,3.1107160185069445,1.101175784722222,3.239310194166667,1.138967482638889
2025-08-10,23364279.309027776,4102481.802516717,3.011580045347222,1.1814339340277777,3.040130313263889,1.2683068055555555
2025-08-11,23233813.201388888,3991949.50239408,3.2879291645486113,1.2660039791666666,3.0957611657986113,1.2101603888888888
2025-08-12,24517234.475694444,4225557.7616690835,2.7494804257291667,1.1831290381944444,2.6753905584375,1.109537159722222
2025-08-13,24524995.138888888,4416105.815468966,3.14765635875,1.1624991076388889,2.784180675868056,1.2343627361111111
2025-08-14,23021284.881944444,4005546.2826859,3.036032041597222,1.182917340277778,2.664560086215278,1.1250662430555556
2025-08-15,22211893.024305556,3603520.889005873,2.7574693872222222,1.349670736111111,2.4688289690972223,1.169426548611111
2025-08-16,22168033.048611112,3614769.327807028,2.9350288978472223,1.2439968784722222,2.7659190872916666,1.4692726006944445
2025-08-17,21776495.729166668,3642352.552616099,3.0516786518055556,1.2111962395833333,2.8669906258680555,1.2357843645833333
2025-08-18,21098812.430555556,3378333.0647488157,2.920770215277778,1.2873815590277777,2.724020301111111,1.4514949409722222
2025-08-19,21177611.503472224,3317726.9870851417,2.976983493298611,1.2857407916666665,2.7537237620833332,1.2556995625
2025-08-20,21199883.854166668,3316685.0349040013,2.836260064652778,1.2634284583333333,2.6363226481944446,1.540123388888889
2025-08-21,20767602.520833332,3263665.554574987,2.736500093020833,1.3219978368055554,2.462618797465278,1.3479873020833333
2025-08-22,20809743.888888888,3311570.802436366,2.6246058683680555,1.3660093229166668,2.4527253509375,1.3422156284722222
2025-08-23,21688502.069444444,3575191.4867175426,3.311688336145833,1.2756443854166666,2.7398366545486112,1.466928628472222
2025-08-24,20979280.25,3410078.9244577405,3.0971143574305557,1.3548873159722221,2.6347712976041664,1.31146775
2025-08-25,19848045.03125,3157665.7900304776,2.848857142361111,1.3080513333333335,2.573088438888889,1.0656999895833335
2025-08-26,24346178.670138888,3892726.2034540516,2.5942869589930555,1.2600284270833333,2.5295833132638887,1.138853298611111
2025-08-27,25809968.802083332,4171187.69547782,2.6126436469097225,1.1745971041666667,2.575545866284722,1.1117203472222221
2025-08-28,30143606.746527776,5157936.162386835,2.6234064935763888,1.1178703472222222,2.615852444201389,1.266362170138889
2025-08-29,42113800.992982455,7321056.935365519,2.7262280539649124,1.2048241684210526,2.6618543663157896,1.0810039368421052
2025-08-30,38115407.39930555,6515558.52952023,2.5159376383333334,1.1019086597222223,2.6084769928472222,1.1292518888888887
2025-08-31,35733120.78125,5971010.7302534515,2.4029849871527778,1.0587512743055556,2.515552203576389,1.124439701388889
2025-09-01,34135181.57986111,5455176.335627598,2.3246476168055556,1.0346308680555554,2.381575237326389,1.4322199583333335
2025-09-02,32179164.461805556,5088836.34874546,2.1948287956597223,1.0525174409722222,2.1507220210763887,1.3733467986111112
2025-09-03,30643988.565972224,4888820.6950538345,1.9779576840972222,1.043656763888889,1.9040606240972222,1.4893395243055556
2025-09-04,30748556.333333332,4784768.741637261,1.8468253067361111,1.0695624270833333,1.725103225,1.5259297847222222
2025-09-05,29763740.78125,4688140.330322748,1.7558450474652778,1.0314198368055554,1.709393319340278,1.3758792256944445
2025-09-06,29029000.15625,4644551.898910571,1.9894009966319446,1.1164430868055557,1.9381833774305557,1.5126192916666665
2025-09-07,28722796.611111112,4629847.381180039,2.1932431549652778,1.1575955416666668,2.220195017777778,1.304651329861111
2025-09-08,27299280.583333332,4453937.520780906,2.2536183895486115,1.2046113958333333,2.1764139494097225,1.2307757465277778
2025-09-09,24284826.128472224,4031480.8761427086,2.4198942251041666,1.3816845173611112,2.224353437534722,1.2453607638888888
2025-09-10,22710865.96875,3794814.058396024,2.5363616667708335,1.2333595312499999,2.3833287231944444,1.5104097569444446
2025-09-11,23247718.628472224,3867042.245682617,2.8004238061458335,1.2853813194444443,2.5232080964930557,1.3753215243055557
2025-09-12,23438382.423611112,3913291.131158785,3.027839734826389,1.3689934479166666,2.5371907142708334,1.3768102083333333
2025-09-13,23623149.409722224,4025554.277197053,3.5020547453819444,1.376346371527778,2.8792662821180555,1.5473166840277779
2025-09-14,23022558.236111112,3821333.149460664,3.5422045134375,1.3614436631944444,2.9087127205555556,1.4446156076388887
2025-09-15,23898666.618055556,3841198.8707903037,2.4490762196180555,1.3185856041666666,2.188911161909722,1.2012060416666666
2025-09-16,23732886.416666668,3769342.0199912987,2.1876961854861112,1.3072300520833333,1.9575974776736114,1.39393340625
2025-09-17,24435618.659722224,3905391.484010325,2.2823074915625003,1.3198571041666667,2.002965338576389,1.4718235138888889
2025-09-18,24589052.878472224,4114834.7775559044,2.7109209288888887,1.3636261180555556,2.2532602022569446,1.2686449826388888
2025-09-19,24776728.572916668,4161990.604251897,2.9754032630555556,1.3586584479166666,2.595375515763889,1.2898427777777777
2025-09-20,23582266.586805556,3929992.6286358386,2.9484130217708335,1.4532763680555556,2.7102455266666663,1.375207486111111
2025-09-21,27199266.361111112,4830579.924572299,2.5725123628819446,1.2943975208333334,2.465795517152778,1.2020212638888887
2025-09-22,23321695.15625,3717745.496100708,2.8608034696874998,1.1462783993055554,2.748980422673611,1.1234947326388889
2025-09-23,22725597.388888888,3477977.2843967797,2.604094897256944,1.1213497743055556,2.4914498496527777,1.2632278506944443
2025-09-24,23802679.069444444,3650826.6589009934,2.406112303854167,1.0829017569444443,2.366004736076389,1.3232641215277778
2025-09-25,24839405.934027776,3612660.053831337,2.132791962673611,1.1114591493055554,2.004204240625,1.2524930555555556
2025-09-26,25327143.996527776,3648004.474008509,1.9773376163541667,1.056808607638889,1.8896270559375,1.1903421493055555
2025-09-27,26670444.510416668,3903423.1314703394,2.0296303846875,1.1528133854166667,1.9540041641666666,1.4626571875
2025-09-28,26369575.795138888,3773156.69961299,2.136974649236111,1.1597236284722223,1.9184339272222222,1.4627579201388887
2025-09-29,25472291.836805556,3750524.8160100514,2.1286191660069442,1.1774195937499998,1.7883019111458331,1.06048859375
2025-09-30,24940556.010416668,3595490.3345824787,2.1393116510416665,1.1885867430555555,1.894059373298611,1.2317836631944443
2025-10-01,24515223.628472224,3656457.008546968,2.066379235034722,1.1956019305555554,1.8721347260416665,1.2766529895833334
2025-10-02,24354958.597222224,3745660.7948038694,2.351776431458333,1.2525829479166668,2.0386171977430556,1.5082598784722223
2025-10-03,25541200.458333332,4010191.2774334755,2.256023588298611,1.3310604166666666,1.8667756318402777,1.2403933159722222
2025-10-04,24559777.253472224,3806559.2357288706,2.269221698472222,1.2666277222222222,1.8857082159027776,1.5861461006944444
2025-10-05,23958353.913194444,3762712.4095335696,2.2427939121875,1.1974888194444444,1.9229971891319444,1.2701820208333334
2025-10-06,22892227.326388888,3582440.097141689,2.277928437361111,1.2498159131944444,1.9015303744444445,1.4679684756944444
2025-10-07,23066554.569444444,3556176.395716629,2.343540979166667,1.2677921979166666,1.9309101821527779,1.3542665208333333
2025-10-08,23810661.052083332,3609757.4246923854,2.4818025861805553,1.1948646284722222,2.150216195,1.277676607638889
2025-10-09,24014242.826388888,3544536.6930947984,2.3567696627777774,1.1626765694444443,2.0523543197916663,1.301956857638889
2025-10-10,23357368.625,3256589.1945010764,2.1472678564236114,1.165226954861111,1.8746747697916666,1.112073576388889
2025-10-11,21155457.166666668,2258933.630636401,1.4976569580208332,0.7751661111111111,1.4239067287152778,1.0045494722222221
2025-10-12,21354509.100694444,2399099.0305418856,1.2931479294097223,0.6270399444444444,1.36573810625,1.0760063194444445
2025-10-13,19771212.697916668,2388034.409894315,1.2246665046180556,0.663127375,1.344787542013889,1.0564963402777776
2025-10-14,19104307.076388888,2279162.5684050205,1.1664021359027776,0.7115122569444444,1.3053650014583333,1.1248404965277778
2025-10-15,19934501.003472224,2359572.2807994247,1.1847981775694445,0.6702965034722221,1.3559045734375,1.0808927916666666
2025-10-16,19144106.069444444,2227232.172357934,1.189924607847222,0.7089529513888889,1.370984229513889,1.0723447326388889
2025-10-17,18633936.194444444,2019722.6717165795,1.2519375409375,0.7409313402777777,1.4049142153125,1.2094033368055555
2025-10-18,18654985.163194444,2016605.5408412172,1.3885970764930555,0.8030335555555556,1.5274610447569446,1.4866147812500001
2025-10-19,18598139.451388888,2041779.6758991033,1.4343737815625,0.8586889652777778,1.5380403187152778,1.3777871354166666
2025-10-20,17794056.434027776,2009118.2250206934,1.5176959625347222,0.8240107708333333,1.6695030320833333,1.3789710243055557
2025-10-21,18392568.96875,2075593.7673058633,1.4587070715972221,0.8893648159722223,1.5970789561805556,1.2187115625
2025-10-22,19630962.611111112,2141700.627521353,1.3830494044444446,1.0104051666666667,1.5125501143055555,1.3476559479166665
2025-10-23,18641301.729166668,2033235.8573280093,1.1293903475694445,1.0789827604166666,1.214728301875,1.4418853055555556
2025-10-24,18547530.663194444,2032296.4947010556,1.0426371684375,1.0574404409722222,1.0719163144444446,1.4146605625
2025-10-25,18880048.798611112,2085364.8560615294,1.0830672944444446,1.095120763888889,1.0981445895138888,1.7380230208333334
2025-10-26,19478464.458333332,2201125.438511112,1.0778932861805555,1.1370669444444443,1.085643441111111,1.4780844340277777
2025-10-27,19850337.378472224,2252827.4011819917,1.0586726821180554,1.0412574305555555,1.0674247873611111,1.2677479722222222
2025-10-28,20763271.506944444,2323073.962388445,0.9687332165972222,0.9703223645833332,1.0359018809722222,1.3778775590277776
2025-10-29,20265270.71875,2226260.1776525024,0.9432709017013889,0.9196334618055556,1.0461744836805555,1.464013878472222
2025-10-30,19446290.947916668,2046340.7713313592,0.9944517701388889,0.9249823854166667,1.0984938934722224,1.2734387638888889
2025-10-31,18987380.534722224,1957504.7201409298,1.0111311599305557,0.868422017361111,1.1584554989930556,1.5111468125
2025-11-01,18805728.107638888,1991573.0382755143,1.0483145369444444,0.8482897534722222,1.2002117340625,1.7474929409722222
2025-11-02,19094986.041666668,2054680.214948179,1.1137537927083332,0.8885489722222223,1.2041790044444445,1.307326954861111
2025-11-03,19696992.15625,1963896.7391940418,1.1004303780555555,0.8897992118055557,1.2123316825,1.27731021875
2025-11-04,20610419.736111112,1941019.2534821471,1.147485160451389,0.90638490625,1.3377702180555557,1.2697680416666666
2025-11-05,20107518.982638888,1831501.1395179192,1.3056135617708333,0.86996759375,1.4958117841666665,1.4587390069444444
2025-11-06,19014121.677083332,1720036.7289202288,1.2736778119791667,0.8897597673611111,1.4323108279861112,1.24052040625
2025-11-07,19026965.190972224,1862626.2488938244,1.6847169090277778,0.9120812361111111,1.7784410668750001,1.32210025
2025-11-08,19105138.388888888,1945306.9233573969,2.574360516736111,0.9511398020833334,2.3613842929166666,1.203364888888889
2025-11-09,19078846.430555556,1909594.7547414126,2.590937049375,0.9998116631944445,2.389854518611111,1.3020628611111111
2025-11-10,18906051.770833332,1905066.1828541416,2.777586606840278,0.9828879930555554,2.541819179861111,1.4481924201388887
2025-11-11,18762655.885416668,1882049.4543358225,2.7949360987152776,1.0319913784722223,2.4861815528819444,1.1719240381944445
2025-11-12,18648125.427083332,1839223.8378655806,2.63948394,1.00204396875,2.4501716314930553,1.1919577048611112
2025-11-13,19407727.770833332,1863843.5105222415,2.624175046875,1.007513892361111,2.4485192157291666,1.1409175451388889
2025-11-14,19857673.333333332,1792485.4671477685,2.688338923263889,0.982205,2.467267213611111,1.4919445729166667
2025-11-15,19657948.40625,1781815.419401936,2.6795364914930553,0.9278280208333334,2.504940792777778,1.5642827291666666
2025-11-16,18600766.833333332,1644263.2698215493,2.4627659212847224,0.9067082881944444,2.3697976465277777,1.2865486909722224
2025-11-17,19642047.496527776,1734154.0197907872,2.1496093944791665,0.9376382777777779,2.1352694969097223,1.3100374375
2025-11-18,19284043.798611112,1671883.9523931665,2.256155152326389,0.9346265659722223,2.234561469236111,1.4986531006944446
2025-11-19,19114538.270833332,1616016.5002740005,2.3507017580555556,0.9157122777777779,2.236082813784722,1.4250663784722224
2025-11-20,20257365.829861112,1725403.6616336354,2.563067686666667,0.9089707569444444,2.4030684141319445,1.4665021076388889
2025-11-21,20533397.277777776,1617114.7587431483,2.683372389652778,0.9078762465277779,2.4291848464583334,1.3242184652777778
2025-11-22,19852900.402777776,1530864.2998284702,2.554262122361111,0.9184542569444445,2.3959558313541667,1.22846640625
2025-11-23,19387812.472222224,1529299.8852658572,2.3831991719791663,0.9088757013888888,2.2711757199305556,1.4659070555555556
2025-11-24,19228282.6875,1519855.8405661236,2.3344081971875,0.9049644756944445,2.155119154513889,1.307066576388889
2025-11-25,18794942.395833332,1518053.2757617375,2.455882133472222,0.9133493958333333,2.2771348786458336,1.66146171875
2025-11-26,19514869.0625,1572302.9987791758,2.7107233100694446,0.9514255729166666,2.3892872179166664,1.9787477361111112
2025-11-27,19386355.690972224,1579123.2437491743,2.8191261224305553,0.9282451597222222,2.4385132214583334,1.6305092430555554
2025-11-28,19644621.024305556,1584049.281087205,2.9872740299652776,1.0352655625,2.581066511145833,1.875771513888889
2025-11-29,20661414.958333332,1634751.2522937662,2.819070482951389,1.067691159722222,2.5013471678819443,1.8839998749999998
2025-11-30,21143257.847222224,1638366.0013930853,2.6939873961458334,1.1152410659722223,2.3973890734027776,2.62596765625
2025-12-01,20707818.725694444,1513019.7295317568,2.594392604722222,1.0517937118055556,2.306680599201389,1.2640210486111112
2025-12-02,22344325.559027776,1672893.5225575129,2.3573488644791665,0.8573270208333333,2.166781179652778,1.5809162048611112
2025-12-03,21887572.895833332,1724681.006336844,2.1945023568055557,0.7963891944444444,2.0768893022569443,1.82477771875
2025-12-04,22238968.767361112,1749527.4323695572,2.3503566880902778,0.7629678611111111,2.1468462166319444,2.078605579861111
2025-12-05,22528871.152777776,1719923.1570317878,2.196614911805556,0.7923094479166667,2.045494486597222,2.8312964166666665
2025-12-06,22858043.71875,1727817.6035221904,2.1043361656597224,0.761525,1.9893627844444444,2.51155584375
2025-12-07,22848758.743055556,1727417.432525226,2.2357160411805554,0.7834737951388889,2.102834920451389,2.2399406515679443
2025-12-08,22436125.9375,1695942.174391426,2.373314511701389,0.8427012951388888,2.2020225772569444,2.2244233020833333
2025-12-09,25408001.354166668,1999199.304016168,2.1353712997569447,0.8174644513888889,2.026842283333333,1.5559929895833333
2025-12-10,25600062.972222224,1998221.982384243,2.218180936215278,0.9193705729166667,2.0710635122222225,2.2379170659722223
2025-12-11,22378920.125,1639745.240029551,2.1364761147222224,1.0486366979166666,2.1678368239583334,1.6056855069444445
2025-12-12,22421876.829861112,1642834.9333008295,2.136484914236111,1.194334878472222,2.092963065138889,1.8507011145833334
2025-12-13,23186800.159722224,1691130.262210726,2.1704495276041667,1.2113958020833335,2.0699550578472223,3.3938784270833335
2025-12-14,23866640.888888888,1704628.7475995687,2.070169503298611,1.2854238368055555,1.9133024126388891,2.178430076388889
2025-12-15,24554890.298611112,1679689.3598984596,1.9602586727777778,1.3035963784722222,1.7912793444791666,1.6119712777777777
2025-12-16,24717199.329861112,1614088.8966180643,1.952670708923611,1.2336476319444445,1.8189067061458333,2.48454090625
2025-12-17,24689572.329861112,1580098.8761364156,2.0271841197569445,1.1784886770833334,1.9106787077083334,3.206217138888889
2025-12-18,25382230.614583332,1543520.3265439598,2.089059404895833,1.1083842395833332,2.0170868306944443,1.9082700590277777
2025-12-19,24897739.222222224,1526754.3733815257,2.121282751145833,1.1501739444444443,2.095817162986111,4.754629732638889
2025-12-20,24058421.454861112,1529021.0853145446,2.3158306979166667,1.2623746458333334,2.2394357393749997,5.661487152777777
2025-12-21,25001750.46875,1554726.7529775314,2.4372551261458333,1.3289762256944444,2.38768890875,2.8753213784722225
2025-12-22,27912790.84375,1708744.3037282254,2.380281191770833,1.4066809270833334,2.3666112041319445,2.2784109166666666
2025-12-23,30629737.930555556,1796426.1434760182,2.248643642430556,1.3491954305555556,2.3346827191666666,1.9364532048611112
2025-12-24,30835779.142361112,1776577.32444145,2.050051990486111,1.3630960625,2.1971222419444443,2.589875534722222
2025-12-25,29136402.534722224,1720390.3372508872,2.0787137908333335,1.3307535590277777,2.224866552256944,3.585179277777778
2025-12-26,28346124.961805556,1673781.14208184,2.0809708140972223,1.33838778125,2.2947238966666665,2.343480717770035
2025-12-27,32114434.465277776,1974218.1341366167,1.9935628335763889,1.2864393749999998,2.1662104319791666,3.5107584618055556
2025-12-28,35316371.184027776,2275283.480003031,1.9358794685416667,1.1276227013888889,1.9767988606944447,1.5358083541666667
2025-12-29,30711134.767361112,1993122.5136735311,1.8700230846527777,1.0951498402777777,1.9403190292013888,1.1761846527777777
2025-12-30,28757326.461805556,1864998.5141812344,1.8247476755208334,1.1490186493055556,1.8671047866319443,1.7381519027777779
2025-12-31,30925032.520833332,2179586.0506535266,1.4906642296180557,1.1766871388888889,1.5462196904166667,1.2233723298611112
2026-01-01,30177354.833333332,2051591.1452364835,1.7237467351041666,1.27059921875,1.7259545776041667,2.4266074479166666
2026-01-02,29190136.798611112,1978284.9812900478,2.01465378,1.4631556006944446,1.8929953736458331,1.9023897430555554
2026-01-03,28021437.694444444,1920659.8123135956,2.1262447909027777,1.5551580208333333,1.949138478715278,2.1336005694444444
2026-01-04,28866994.868055556,1986879.4769295517,2.235667584166667,1.617708857638889,1.991840745277778,1.6327114305555555
2026-01-05,26986923.784722224,1848900.5740987135,2.2113322010069445,1.5177106979166668,2.0007620773263888,1.7671541770833334
2026-01-06,25837843.076388888,1818508.2533196101,2.0628266225,1.4172924479166666,1.8889068290277775,1.74118240625
2026-01-07,24736379.666666668,1734943.8879220274,2.111530879409722,1.3852426770833333,2.0713302538194447,1.5536984027777778
2026-01-08,27681229.805555556,1933035.876597404,2.1985405750694444,1.3367668680555556,2.1990941916319446,1.4789297152777778
2026-01-09,27215558.413194444,1900654.5948707322,2.2911206949652776,1.2238401944444446,2.2861953683333334,1.3337452430555556
2026-01-10,92434678.55555555,7910320.186347039,1.4619368170833333,1.2116342326388887,1.3795318121180555,1.2177853090277777
2026-01-11,94584878.28472222,7493028.925554539,1.6266439290625,1.1904271736111112,1.616797396111111,1.0467719201388888
2026-01-12,78526399.64583333,5960083.623517182,1.5539603023263888,1.1648596875,1.5546307662152778,1.096775097222222
2026-01-13,72870135.375,5569455.112961434,1.4171396964930556,1.1353335555555555,1.3815961413194444,1.0910735590277776
2026-01-14,70021914.3263889,5326747.3712739665,1.192091800347222,1.257002486111111,1.084846536875,1.065999753472222
2026-01-15,69217327.55555555,5018708.736251486,0.9338624639583334,1.2296447083333333,0.8211506621180555,1.2430217326388888
2026-01-16,65783201.25,4908769.849697497,0.8989208980555556,1.19020909375,0.8189512340972223,1.3423990729166666
2026-01-17,65446151.78819445,5155832.722338752,1.1916020646180554,1.2882422951388888,1.1812140198958334,1.2198327256944443
2026-01-18,62995220.07638889,4869266.459391234,1.318709387048611,1.4975939513888887,1.2920965407291667,1.322733065972222
2026-01-19,52280155.89930555,3603505.7085238863,1.0501118993402778,1.2846564652777779,0.9553447608333333,1.0816970243055557
2026-01-20,50488857.11111111,3366697.9466578304,0.8396004251041667,1.1433513993055557,0.7509710245833333,1.1074133368055556
2026-01-21,48906015.23611111,3206012.5851835976,0.8237549963888889,1.1366518090277777,0.7289312371180556,1.2230777395833334
2026-01-22,46695917.01388889,3125379.265879802,0.8422472679166666,1.3045240590277778,0.7493312164236111,1.5325511875000002
2026-01-23,42937787.72569445,2877592.5930517614,1.0160838286458334,1.4459613298611111,0.9210387586805555,1.3507560486111112
2026-01-24,42650482.510416664,2840602.3445398244,0.9808184007638889,1.5035384062500001,0.9027032415625,1.494991986111111
2026-01-25,42372430.208333336,2844632.5163426735,1.0408394110416668,1.4507099513888888,0.9526183656597222,1.5144323194444445
2026-01-26,41973293.784722224,2748191.86290907,1.0688849766319446,1.3736925208333333,0.9918228125694445,1.2408614861111111
2026-01-27,42983504.81944445,2820049.6392838084,0.9702060731944445,1.2899722222222223,0.8913894914583333,1.6998425486111113
2026-01-28,44442681.48263889,2876915.550282629,0.8682050895833333,1.2716965277777779,0.7789209573958333,1.3646961354166667
2026-01-29,44405974.402777776,2793686.9569719676,0.8932499532986111,1.214682826388889,0.8048283193402779,1.2567199097222224
2026-01-30,41511884.239583336,2513599.934248716,1.1581699759722222,1.2570484444444443,1.0578165066319445,1.2424919236111112
2026-01-31,40684919.927083336,2373247.520497105,1.375010598125,1.2988910451388889,1.2650136136458334,1.2380882604166665
2026-02-01,40202075.996527776,2264320.9212543285,1.499898077986111,1.2233261597222223,1.4340386895833332,1.3218245555555557
2026-02-02,39614216.559027776,2201071.5869036033,1.5774290452777777,1.1771896840277778,1.5059729385069445,1.2315421597222223
2026-02-03,39313271.5625,2225517.4379192945,1.6094028365972222,1.1584074965277777,1.520945944236111,1.2934013159722222
2026-02-04,45290307.39236111,2609950.5933988565,1.6033374209722222,1.1478255069444445,1.5364963079166667,1.286074795138889
2026-02-05,46098161.53819445,2432120.9153277394,1.4963685439930556,0.9580183437500001,1.4460391263194445,1.1011653368055556
2026-02-06,43152109.208333336,2205390.421171378,1.4072478484375,0.8699440104166667,1.3498548151736112,1.245670795138889
2026-02-07,37650771.59375,1967704.9501681281,1.4625748691319445,1.014684857638889,1.374680454548611,1.551242048611111
2026-02-08,36714019.4375,1916931.4128208363,1.5562461254166666,1.079449892361111,1.444354315138889,1.1878839861111112
2026-02-09,35843240.97569445,1815478.0541615384,1.5362499453125,1.0320089756944446,1.4535541703472221,1.2423713958333333
2026-02-10,39209772.020833336,1924501.5992210177,1.4427058933680557,0.9816839340277776,1.4038257604513888,1.4417822534722222
2026-02-11,39963986.375,1931509.827727947,1.4218748488541668,0.9691123472222222,1.3771557231597222,1.5227178611111112
2026-02-12,38977212.34375,2007541.614139337,1.6634422489930556,0.8773165069444445,1.5601103019097222,1.2727058194444443
2026-02-13,39198335.79513889,2053246.1871097507,1.903485378888889,0.8411982743055556,1.7241645784375,1.561689857638889
2026-02-14,37415631.90625,2058743.4177387925,1.9956883600694444,0.8661236493055555,1.7726864850000001,1.8465538333333333
2026-02-15,37035425.5,1980685.4571512213,2.115402149340278,0.9579171597222221,1.8398528347916665,1.6341787083333332
2026-02-16,37509062.784722224,1963994.703780714,2.1816262765625,0.9801957395833334,1.8192601416319445,1.4821037361111111
2026-02-17,38943230.43055555,1999778.8080357362,2.072435178506945,1.0185126493055554,1.682849645625,1.607939267361111
2026-02-18,36959125.70486111,1862747.3003245275,1.7881817696180553,1.1716010625,1.497485481388889,1.8394971701388887
2026-02-19,35861122.19444445,1738072.648978497,1.6666180976736111,1.329963784722222,1.4285981007638888,1.4371980383275262
2026-02-20,36767881.17361111,1785876.4985869909,1.7850454027430556,1.39872971875,1.5316454790625,2.0944800659722222
2026-02-21,36814767.46180555,1788502.0396540568,1.8076891678125,1.4867521736111111,1.5442681156944444,1.7489223229166668
2026-02-22,37089419.177083336,1733995.784667248,1.6405028069097223,1.4509238923611112,1.4048975105208334,2.0280737569444445
2026-02-23,37594722.84375,1652761.5894243978,1.4004323864583332,1.4251002708333333,1.2018583357291666,1.3884194583333334
2026-02-24,37645621.979166664,1611282.5513119302,1.3146194326736111,1.4246251354166666,1.1366263660416667,1.6021920729166665
2026-02-25,36919305.75694445,1654132.4707865326,1.456922241388889,1.42585740625,1.2804316772569444,1.5178410347222222
2026-02-26,36022692.333333336,1617382.0732948524,1.7846511781944443,1.5221999097222223,1.5654974088888889,1.8559273402777778
2026-02-27,42002720.190972224,1906778.7499291152,1.6187586719444444,1.4447119444444445,1.4570747745486112,1.2614553472222223
2026-02-28,37966566.20486111,1629708.2467976485,1.5740941065972223,1.4683041145833333,1.4304601839930555,1.0205507083333334
2026-03-01,35642775.822916664,1539353.7297175599,1.6838327145833334,1.4924572534722222,1.4997227022222221,1.4490083020833333
2026-03-02,35143028.25,1501932.9702219635,1.7071041365972224,1.4802573993055554,1.5725668333680556,1.4980064131944444
2026-03-03,34817009.90625,1466039.6720950627,1.8085844380902776,1.5203893680555556,1.6568454349305555,1.6150421597222222
2026-03-04,33884902.61111111,1437551.055314152,1.9353002926041667,1.5255693368055556,1.7676097553819445,1.8905855868055557
2026-03-05,34305978.42013889,1447243.585531399,2.001620265798611,1.5064833159722222,1.8440624337847222,1.9075397708333333
2026-03-06,35070374.208333336,1466363.292902016,2.159051354097222,1.6394857604166666,1.9193643743055557,2.22265934375
2026-03-07,35429145.510416664,1463208.1203266578,2.490034355138889,1.6839528159722221,2.1113175504166666,3.0379908506944444
2026-03-08,35208249.17013889,1428992.6371363988,2.195642862638889,1.6924599930555555,2.0535207555902777,2.396853482638889
2026-03-09,35977815.41319445,1470937.9057471035,2.526463703784722,1.6351315729166667,2.2766502295833333,2.4901085
2026-03-10,37711670.19444445,1553772.3478916863,2.343994562326389,1.5851848055555555,2.235421088611111,2.091413010416667
2026-03-11,38832051.909722224,1612322.994423341,2.3492514077777775,1.446331326388889,2.2575807684027778,1.4902967152777777
2026-03-12,40333466.46875,1694932.5820019362,2.9017851031597224,1.5597682777777777,2.589985251215278,2.0413457673611113
2026-03-13,38711268.79513889,1639841.8979440585,3.01215235125,1.5582925381944444,2.5284825581944443,3.9972862847222226
2026-03-14,37681682.697916664,1560484.6024710394,2.991730924652778,1.5668895381944443,2.501160170555556,4.608902333333333
2026-03-15,38442288.81944445,1586439.6705234172,2.707471313784722,1.464863454861111,2.346912463472222,3.655089229166667
2026-03-16,38945870.42361111,1664439.5819752864,2.817720284861111,1.5244860208333333,2.3818591228125,2.0120257500000003
2026-03-17,38526110.92361111,1660302.9336213318,2.9171359724305557,1.514571420138889,2.436952536875,1.9730300173611113
2026-03-18,37161199.246527776,1566675.1097898008,2.8793763762499998,1.48964328125,2.4190622102430557,2.342800263888889
2026-03-19,36683034.06944445,1491833.7736485242,2.7295228846180555,1.4637665416666668,2.307367243125,2.1061517812500004
2026-03-20,36788231.559027776,1498533.098352781,2.6805629191319444,1.501142625,2.2824760539930558,2.1177525868055556
2026-03-21,36403288.57986111,1476276.698423013,2.7005214579861114,1.5489372604166667,2.3414310271875,5.123194431578947
2026-03-22,36202615.69444445,1409966.9538155356,2.55599754125,1.4696444444444445,2.1785370351041666,2.337731486111111
2026-03-23,36156332.4375,1411140.0341277963,2.4100741871180555,1.3837026875,2.1226388545833337,2.0650879618055553
2026-03-24,38181176.14236111,1496585.0844940515,2.5050006696875,1.46026903125,2.1968805407986114,2.9676945138888886
2026-03-25,39875296.597222224,1555897.9688067534,2.3529880989930554,1.5616928784722222,2.066069763611111,2.461033270833333
2026-03-26,39800043.916666664,1498827.8723982356,2.1277962522569442,1.531326576388889,1.8842361114930553,2.812504267361111
2026-03-27,37841150.590277776,1371546.3749708063,2.095306917291667,1.480350371527778,1.8768315156944446,3.4204697894736844
2026-03-28,38336965.746527776,1350958.5870653111,2.2886671779166665,1.462057236111111,2.0120649793055554,2.90319321875
2026-03-29,37646472.41319445,1303977.8263299097,2.3941590309722223,1.40435015625,2.1023033502430555,5.659550195121951
2026-03-30,37554481.78819445,1312283.003701344,2.3638505065277777,1.4045605833333332,2.095714018263889,6.060609861111111
2026-03-31,39050848.347222224,1348300.6291950927,2.4110948809027777,1.3368635763888888,2.1660032734375,2.544831951388889
2026-04-01,39022063.51388889,1395917.343990453,2.520464982534722,1.3984911284722221,2.259210152638889,3.149149114583333
2026-04-02,39451921.229166664,1334836.1079770315,2.7792999446874997,1.5323033402777777,2.450805008298611,1.8149035312500001
2026-04-03,52606142.51736111,1728006.3038239726,2.5763038874305555,1.7991346562500001,2.343081907465278,2.0696638055555554
2026-04-04,61747793.215277776,1947838.4731218303,2.568096994166667,1.8322287812499998,2.322319701145833,2.824602003472222
2026-04-05,59515904.33680555,1817939.947043833,2.3116402743055553,1.7232859895833332,2.1504285696527776,2.136298517361111
2026-04-06,55451683.895833336,1716142.328649885,2.2904667584375,1.7333059930555554,2.180084062326389,2.394727875
2026-04-07,53660806.416666664,1631660.9307680058,2.4015621696875,1.684452465277778,2.196842772326389,1.8979943750000001
2026-04-08,55706860.375,1765627.374887977,2.818491321076389,2.278522086805556,2.4443602163541667,2.123847534722222
2026-04-09,55266917.08680555,1695035.637944437,2.8876202484722224,1.7459404236111111,2.5475714211458333,3.5352977430555557
2026-04-10,56545460.90625,1757950.7557364972,2.8655183812500002,1.6787273819444444,2.50560260625,6.459070701388889
2026-04-11,73151621.28125,2403982.6623274265,2.2400681946875003,1.5181872256944446,2.0326817424652774,1.5709619270833333
2026-04-12,87551667.00694445,2879656.6804716047,1.8950968143055558,1.4557970034722223,1.7901061397916667,1.1897496041666666
2026-04-13,79977006.2673611,2583163.0384897287,1.6809228777777778,1.3190207430555556,1.5403511532986112,1.4889980833333334
2026-04-14,71351921.87152778,2266095.483479275,1.688392213576389,1.5033043472222223,1.5022440836805555,1.4820100381944445
2026-04-15,69260087.36805555,2135858.6152434256,1.5428809821180556,1.348624375,1.3157132726736112,1.7292669236111111
2026-04-16,65933809.375,2112984.232830001,1.679847405451389,1.8999181388888888,1.3886112997916666,1.4137941631944444
2026-04-17,63389181.71875,2118826.2644421835,1.9716099090624999,2.118054871527778,1.6263202840625,1.4926511909722222
2026-04-18,60971264.753472224,2005676.3093456526,2.196062479236111,2.183303715277778,1.8105347363541666,1.7533405416666668
2026-04-19,56082636.86111111,1762554.6158452637,2.0938409760416667,2.015339638888889,1.741131355138889,1.6430319340277777
2026-04-20,56406904.67013889,1770748.3650579308,1.7586894182986113,1.6484345520833332,1.4555262121875,1.4549025833333333
2026-04-21,68335939.3611111,2212204.4879475045,1.877297950972222,2.0227863402777775,1.548503322847222,1.4367882881944445
2026-04-22,68249251.62152778,2187947.006883317,1.8726349240625,2.131434979166667,1.513130463784722,2.2428455416666666
2026-04-23,67543136.3125,2088703.9345011665,1.6355863782638889,1.972745340277778,1.3247920308333334,1.808555517361111
2026-04-24,68363305.40972222,2146106.2102086227,1.640017057465278,1.962875142361111,1.3238737878819444,2.128033913194445
2026-04-25,74037623.72916667,2375747.2378500816,1.8864908022222222,1.9364530138888891,1.5174400737847222,1.8931763819444443
2026-04-26,71696232.5763889,2341374.447084277,1.9272288219097224,1.7724923368055556,1.6293974599652779,1.36023915625
2026-04-27,64871979.572916664,2036280.4185816618,1.866368257048611,1.7935438020833334,1.5942825021875,1.5844077118055555
2026-04-28,64620640.44444445,2000033.5605547465,1.654026804861111,1.7781329201388887,1.3981885097916666,2.567799104166667
2026-04-29,64085332.32638889,1965489.0121670584,1.7586489468055555,1.7568695902777778,1.4403910687500001,2.033113267361111
2026-04-30,64558675.715277776,1960370.6354412073,1.456513116736111,1.5811314166666666,1.1790279621527777,2.239035652777778
2026-05-01,63731381.114583336,1948271.8816559028,1.4202315245138888,1.692554736111111,1.1602275211111113,3.292884107638889
2026-05-02,64231373.72569445,2012470.1974195337,1.6645797686805555,1.8917441979166665,1.3417162695486111,2.048091895833333
2026-05-03,60569811.04861111,1876235.2118972999,2.3043765845833333,1.7008360243055556,1.712399942986111,3.0332491944444446
2026-05-04,63128624.784722224,1972688.1685068437,2.201269623229167,1.7096199201388889,1.6709596861458333,2.188588513888889
2026-05-05,69792817.02083333,2271469.637990825,2.3653432190625003,1.6191903993055556,1.9102312522916667,1.4139561770833333
2026-05-06,67471436.17708333,2209079.491611582,2.398177155347222,1.7061574895833334,1.9643349564930557,1.8174478229166668
2026-05-07,65581439.8125,2131851.6678360514,2.650648440694445,1.7980231215277778,2.018334674027778,1.6217400659722223
2026-05-08,68476772.05208333,2297851.134052417,2.8533504982291666,1.9727881215277776,2.0552696525,2.068202861111111
2026-05-09,70103860.13194445,2415151.167984649,2.9910929668402777,2.0048371944444443,2.194708801423611,1.7927467430555555
2026-05-10,69957809.87152778,2440852.185799931,3.0228794844791667,2.094665482638889,2.3032839831944445,1.6955428472222223
2026-05-11,68138297.52777778,2404859.947634114,2.9243538718055557,2.062017979166667,2.174770529201389,1.5659177881944446
2026-05-12,67678851.53125,2344861.037941162,2.8946856138194446,2.0681481875,2.1582667130902777,1.5239572361111111
2026-05-13,66974362.04513889,2276405.805294798,2.4987395039930558,2.1007589131944444,1.8759623453819445,1.9093898819444444
2026-05-14,66581914.74305555,2195657.3177589695,2.30534647875,1.9878381041666668,1.7639603699305555,1.8769325243055555
2026-05-15,67313027.44444445,2156817.8961726055,2.737508944826389,2.10985009375,1.967332595798611,1.351391454861111
2026-05-16,64401545.98611111,1959144.2881917986,2.6989306384375,1.9249178055555554,1.8504922448263887,1.8237811180555557
2026-05-17,64180367.020833336,1927443.7172364038,2.5254716488541664,1.7401976319444445,1.707720425763889,2.9911244270833333
2026-05-18,61517387.33680555,1774808.318323399,2.376843504409722,1.5444526597222223,1.539322277638889,1.6136825243055555
2026-05-19,60948163.822916664,1757520.9835408255,2.272135500138889,1.594656795138889,1.5066581830555554,2.033555
2026-05-20,59933902.39236111,1748662.2958594048,2.3205571559722222,1.6351507812500001,1.5304690685416666,2.169215625
2026-05-21,60132223.104166664,1786502.4808607558,2.8730766220138886,1.7337467118055556,1.867170636736111,2.510517579861111
2026-05-22,59082344.114583336,1822035.4164234614,2.771887485,1.7813612881944445,1.9642632373611113,1.861856611111111
2026-05-23,60549717.85069445,1880176.4074373473,2.402644556076389,1.7154692291666667,1.813973305972222,1.446703267361111
2026-05-24,60870407.878472224,1897756.1278831002,2.393539882777778,1.6435857743055555,1.8110841465277778,1.7094912604166668
2026-05-25,59230490.125,1840053.1858865072,2.5090095379861115,1.7360529479166666,1.9484444990625,3.621056972222222
2026-05-26,58828277.35069445,1769383.4470358982,2.6279395284722225,1.6664122256944445,1.988399469826389,1.5641839722222222
2026-05-27,58887157.791666664,1694823.31348057,2.6268068395833333,1.5437529791666667,1.8521243852430556,1.599741295138889
2026-05-28,56855546.26736111,1514840.4905382113,2.0297980538194444,1.3983337916666665,1.4864625871875,1.841311298611111
2026-05-29,139608539.40625,4800908.078660336,1.5467576992708334,1.15824534375,1.4167868419097223,1.0320561701388888
2026-05-30,212747785.2638889,8653935.331198147,1.4117876763194444,1.09909965625,1.4189113374305555,1.0270263368055557
2026-05-31,212063403.19444445,8353717.3232913,1.3488500237847223,1.0148760763888889,1.3470500047916667,1.0610647604166668
2026-06-01,170771342.9513889,6064663.5354828825,1.2873346153125,1.0411034166666666,1.149109946076389,1.0759134583333332
2026-06-02,143819847.80555555,4675467.483022819,1.1177106304166666,1.1201538506944444,0.906474558263889,1.2403076145833334
2026-06-03,139448297.1840278,4410225.130607322,0.9987220339930555,1.2375162638888888,0.8114923955208333,1.1227705555555554
2026-06-04,127986975.54166667,3713718.9591257917,0.8536111422916667,1.3088751284722222,0.6492710305902778,1.326438263888889
2026-06-05,120163665.3611111,3216725.1581432056,0.8178123661111111,1.3335179444444445,0.6167604278472223,1.1780439409722223
2026-06-06,116581270.91666667,2828383.4164512767,0.7023636297569444,1.3077342256944444,0.5228076825,1.33899578125
2026-06-07,108176022.80555555,2792679.8395747244,0.6734557877430556,1.2636790243055556,0.5111998069444444,1.302716861111111
2026-06-08,102114974.1076389,2664692.8032796253,0.6531973836458334,1.2690676666666667,0.4955907983680556,1.2367148298611113
2026-06-09,103064288.59375,2521063.186560752,0.6668166572222222,1.439126951388889,0.5033430146875,1.0332208819444444
2026-06-10,122430688.04166667,3156747.3570597256,0.7068918156944445,1.3261248784722222,0.5448641302083334,1.1862984375
2026-06-11,156063041.30208334,5086198.579601606,1.0320109833333335,1.1794076493055554,0.9513549061458334,1.0275326319444444
2026-06-12,138211612.5590278,4323463.882277421,1.3392826926388888,1.166750173611111,1.2131542448611112,1.1625231875
2026-06-13,136764652.8263889,3953613.685823334,1.0876438759375,1.2970594895833334,0.8915973589583334,1.2303110277777778
2026-06-14,129312567.6111111,3620502.3227010192,0.8662161835069444,1.3478273645833334,0.6665463161458334,1.1580419652777776
2026-06-15,138237063.6215278,3855844.136112685,0.74486121125,1.5041824027777777,0.5703485259375001,1.0203361284722223
2026-06-16,133736362.24652778,3618078.859096777,0.6758973935416667,1.58637746875,0.4951820157986111,1.1965344826388888
2026-06-17,152621915.1909722,4809719.223736036,0.7496656675,1.3518313541666667,0.6025193749305555,1.0971520833333335
2026-06-18,135796174.32291666,4212272.556443585,1.0978300051041667,1.2269103680555555,0.9509743019444444,1.0071543611111111
2026-06-19,121084983.42708333,3549303.666198677,1.0784208077777777,1.2316159583333333,0.872911989548611,1.1992031458333332
2026-06-20,125202512.1701389,3427946.968044864,0.8068348285069444,1.5500320555555556,0.5887866881249999,0.99094975
2026-06-21,143312331.6736111,4210775.914719996,0.7262064771875001,1.5843356631944445,0.5456197689930555,1.1223696215277779
2026-06-22,171384327.71180555,6292205.714872059,1.0103874903472223,1.2250271909722223,0.9725303472222221,1.0463351458333332
2026-06-23,162825616.2777778,5881887.19550758,1.2161518542708334,1.1448935972222223,1.2194435243402777,1.0502621180555556
2026-06-24,143644636.5486111,5468264.819045024,1.2898745047222222,1.095589923611111,1.3101672324652778,1.062335611111111
2026-06-25,152138278.19791666,6205412.246874953,1.377872140972222,1.0818595416666668,1.4657151705555556,1.0671797430555554
2026-06-26,133715912.74652778,5221582.541209059,1.3228077197916666,1.0895151909722223,1.4188625015972223,1.0893649409722221
2026-06-27,137423595.0,5724257.542725449,1.35241503,1.004003,1.49896566,0.66637
