date,oi,oi_value,toptrader_acc_ls,toptrader_pos_ls,global_acc_ls,taker_ls
2022-09-22,251558.56643356645,451060.9542003034,,,1.4548640324600846,1.4785704655874126
2022-09-23,590143.0902777778,1038726.6514449639,,,1.9502194520696499,1.419998970692014
2022-09-24,765582.9583333334,1315758.7235122481,,,2.594036438882312,2.207982749429861
2022-09-25,963434.7951388889,1610038.8240461133,,,3.239188197053154,1.926617347725784
2022-09-26,1105048.71875,1760193.5714673984,,,2.224387684838536,2.651014412091667
2022-09-27,1063838.1527777778,1765854.3422219206,,,1.8266489815376632,1.700661221696875
2022-09-28,1197869.079861111,1900165.9146400015,,,2.2862438829625513,2.497520993197222
2022-09-29,1293969.5277777778,2068587.600076965,,,2.0368762357938768,3.2509872403357636
2022-09-30,1299505.513888889,2070842.467895453,,,2.0355208545672023,1.9876490079972224
2022-10-01,1494979.21875,2313735.9874868537,,,2.472167666798894,36.43714205133611
2022-10-02,1679769.795138889,2502552.37790733,,,3.0979690308766163,2.4330083507090907
2022-10-03,1611009.392361111,2389632.9988683737,,,2.4013790308158804,1.919026961620139
2022-10-04,1953460.295138889,3065716.8729961454,,,1.4164425649371046,1.4547857463756944
2022-10-05,1909286.923611111,2925546.0459483373,,,2.1687476266285857,1.5510319486114583
2022-10-06,1945415.6180555555,2983054.7326665614,,,2.5746946450454113,1.7271383528309028
2022-10-07,1967734.6284722222,2927803.765170827,,,3.365050544276238,2.3178034138658536
2022-10-08,1941059.875,2872413.2660954166,,,4.168882155071841,3.2519571657454858
2022-10-09,1992170.2916666667,2912016.8798778714,,,4.167331244799175,3.5148372318656254
2022-10-10,2330245.1666666665,3233791.512803583,,,3.87839496705913,1.7188429498298612
2022-10-11,2318631.9791666665,3056422.9646524964,,,3.1144637139466966,2.614817521751736
2022-10-12,2345235.8368055555,3037200.4950416964,,,3.090606073114081,2.0766910391774305
2022-10-13,2624439.611111111,3189722.2684245943,,,2.3367883892264745,1.3305915635253471
2022-10-14,3180237.628472222,4221963.217053166,,,0.9011347748997517,1.3083259977604167
2022-10-15,2992517.170138889,3938764.50295267,,,0.865712545538013,1.466911580878125
2022-10-16,2982610.923611111,3987314.0843784213,,,0.668042334723833,2.3321428497135415
2022-10-17,4458209.618055556,6424727.237481071,,,0.4663640526104725,1.3866680429305556
2022-10-18,5464935.572916667,8168343.21951993,,,0.3268807593901066,1.3317380204211806
2022-10-19,3845919.6979166665,5492355.2347540865,,,0.8338993217386755,1.3629956022333334
2022-10-20,4019002.954861111,5891326.748865328,,,0.8158544676777965,1.2915202844625
2022-10-21,5448035.305555556,8173862.339047492,,,0.3471364878958157,1.2760327122229167
2022-10-22,5182578.0625,7819018.917694332,,,0.32637712490599485,1.7026350322711805
2022-10-23,4368585.875,6503070.9104303755,,,0.4222703270629599,1.6905739887180555
2022-10-24,4401682.701388889,6765578.200045517,,,0.4050005015397523,1.2488440448326388
2022-10-25,4294885.46875,6733427.060678404,,,0.49320418515330317,1.3829083889336806
2022-10-26,5962222.475694444,10112277.412977858,,,0.19404119172639503,1.1621937806979166
2022-10-27,5519777.729166667,9248183.452740885,,,0.2418591112747634,1.0718435967354167
2022-10-28,5035874.454861111,8326881.911921503,,,0.37000796532488783,1.228013586339236
2022-10-29,4676780.829861111,7872734.742976074,,,0.38029402275522245,1.2028146782187499
2022-10-30,4147106.5,6686719.721061017,,,0.6013008315123044,1.3752470200875
2022-10-31,3892755.1979166665,5946415.999813847,,,0.8470801247057522,1.5230836580211806
2022-11-01,3782334.8645833335,5681123.450658668,,,1.0259648530579752,1.5003886657
2022-11-02,3881665.1631944445,5779451.305652474,,,1.0360732988256054,1.4192607435597222
2022-11-03,4084194.4270833335,6330796.355823434,,,0.9950843292876598,1.3411295102520835
2022-11-04,4157261.746527778,7147237.368764727,,,0.6247112939337662,1.35644165083125
2022-11-05,4409685.388888889,7641090.251419438,,,0.6033389612159186,1.4654741797319444
2022-11-06,4369822.253472222,7326943.093057159,,,0.7197826436449792,1.5129902892611111
2022-11-07,4314045.298611111,7042800.73736902,,,0.8381085066082243,1.1010937674711805
2022-11-08,4024677.5381944445,6081282.590116651,,,0.853080907746544,1.1937297391631945
2022-11-09,4011640.673611111,4467787.781531144,,,1.08280205229487,1.188580850215625
2022-11-10,3797956.267361111,4130867.9844502904,,,1.0210709922187915,1.0939816169791667
2022-11-11,3992737.6875,4732445.587986681,,,0.7770297736138769,1.1536356088590276
2022-11-12,4505913.1875,5033169.114870254,,,0.7681704190862563,1.7598482751715276
2022-11-13,4668577.90625,5019117.313426748,,,0.8676333725901639,1.4364028944260416
2022-11-14,4387493.756944444,4671268.252423961,,,0.9516495699674601,1.434099342132639
2022-11-15,4592113.607638889,5389245.195619334,,,0.7951446608291054,1.2553702240336806
2022-11-16,5256759.65625,6305418.628286953,,,0.6948339076430217,1.2112236799305556
2022-11-17,5507134.302083333,6727895.783665997,,,0.7457914103998653,1.2532235064211805
2022-11-18,5900164.680555556,7386673.321372585,,,0.7018182201351781,1.1380679205319444
2022-11-19,5955334.930555556,7146027.7916596765,,,0.9209567579208616,1.5063316059038194
2022-11-20,5780970.361111111,6714319.927321824,,,0.8859010081391026,1.3580516008863157
2022-11-21,5885633.284722222,6423448.589758831,,,0.8582061754701718,1.3582383278774306
2022-11-22,5796337.635416667,6379238.119287783,,,0.922333091322625,1.2169026246086805
2022-11-23,5876286.03125,6747180.341897054,,,1.018040284768711,1.5903035035583333
2022-11-24,6038282.659722222,6935766.594791922,,,1.0434613215672301,1.5993990985402777
2022-11-25,6123984.982638889,6853635.013742385,,,1.0602331949408488,1.8050229158885418
2022-11-26,6183296.729166667,6863570.863272089,,,1.2930249674002805,1.671267484190278
2022-11-27,5966256.111111111,6517869.911912899,,,1.3432293265557127,3.162769888751389
2022-11-28,5777134.802083333,6080081.455917512,,,1.367731981486781,1.3740043801243056
2022-11-29,5489586.545138889,6041882.075243042,,,1.1757539632727054,1.2757781090437499
2022-11-30,5430547.625,6159843.056664807,,,1.0795744963009082,1.3449184369184026
2022-12-01,5438337.510416667,6105608.203012117,,,1.2006113245324737,1.313638460946875
2022-12-02,5289575.25,5846934.428752378,,,1.2426390398684333,1.6166893765711805
2022-12-03,5201230.871527778,5744137.3498870805,,,1.3340937848784464,1.955087378362847
2022-12-04,5012419.340277778,5490066.464940259,,,1.390947460905963,2.0079882816350696
2022-12-05,5235805.461805556,5781602.4532594355,,,1.4071527727391093,1.7666861267152778
2022-12-06,5540687.1875,5919849.305284668,,,1.5896292035961777,1.3467735290711806
2022-12-07,5450335.715277778,5637803.805195293,,,1.853104306499099,1.2667571449072916
2022-12-08,5681562.46875,5797154.072516302,,,1.7607490110444812,1.3614633592125
2022-12-09,5483091.680555556,5733427.081699741,,,1.2908277022452277,1.1886866454572917
2022-12-10,5318112.350694444,5516245.142677011,,,1.1335414418357022,2.046082782488889
2022-12-11,5343243.243055556,5515302.221068596,,,1.0985957933887984,1.6815541246545138
2022-12-12,5397377.399305556,5475205.3595847,,,1.228270374664841,1.2050142420784722
2022-12-13,5299489.368055556,5700315.642947125,,,0.8348630361192463,1.0522791326197918
2022-12-14,5623051.413194444,6406019.5098227225,0.508117364054377,1.0211855138316832,0.5364452094440182,1.2193402559854167
2022-12-15,5498986.065972222,6198097.713022474,0.596295123987484,1.0248486739840277,0.5478557194997014,1.2080779765913194
2022-12-16,5432908.385416667,5914373.088174012,0.8164348378336198,1.0248968895434027,0.8455161318412975,1.15655907600625
2022-12-17,5346040.322916667,5335554.867673519,0.8867727459009518,0.9969105150399307,1.0585102031390414,1.2187333634902777
2022-12-18,5425280.024305556,5326082.804556551,0.987035977871478,0.9967646586739582,1.1928259854225063,1.2806618764277777
2022-12-19,5531592.576388889,5424313.58762266,1.06164743286463,0.9980205433590279,1.34357094219948,1.1278589390288196
2022-12-20,5527894.305555556,5451419.058340544,0.8557496701806679,0.9970370277628473,1.1259318635467108,1.361509390148611
2022-12-21,5608656.170138889,5342561.963666316,1.1095248324015798,1.0004120654236113,1.4122928200703366,1.0183172628614583
2022-12-22,6243275.663194444,5644384.56319159,1.2457479163746463,0.9838813438218749,1.5473440940199135,1.2568090390197917
2022-12-23,6171567.725694444,5602359.205134752,1.1093551605049465,0.9826200798017362,1.3414248700751075,1.1323789246461804
2022-12-24,7415044.458333333,6955510.130777348,0.8289081569772301,0.9954819385180556,0.8939716832392465,1.2070431192572917
2022-12-25,8215106.930555556,7898549.24797929,0.5690218015978578,1.0237849161861112,0.5536657761730157,1.2531194736309028
2022-12-26,9429597.913194444,9515714.786645954,0.3963636623082707,1.0234596518288195,0.37523249628899413,1.3448146492895834
2022-12-27,10000244.482638888,10417367.296519103,0.4402900567387898,1.0399317053409722,0.4356742305483522,1.2925491927177084
2022-12-28,8908521.25,8611266.103309117,0.6949629379078782,1.0347778987114582,0.7100398224447809,1.2755856723506946
2022-12-29,7759732.513888889,7400497.330855533,0.7406415828212882,1.0068695071135416,0.8671172644645544,1.3477275267864584
2022-12-30,8098941.909722222,7755482.288907945,0.6655338183147371,1.0145107500805555,0.7762496234886603,1.5576414750680554
2022-12-31,8268325.993055556,7919794.949280818,0.7095712328071191,1.0128057785291666,0.8839248988430174,1.5168428711829862
2023-01-01,13056607.979166666,13465507.96732946,0.45672858299461055,1.0387239802586805,0.5455726829823407,1.1910885137743055
2023-01-02,21952742.75,25364364.42434115,0.29655951356964594,1.0606497781638888,0.3344306186314135,1.1018658369236112
2023-01-03,26774571.881944444,32730980.45602378,0.26845548403159525,1.051150595265625,0.2937685253847777,1.109299976334375
2023-01-04,26345419.864583332,35480575.64186777,0.25856973466612987,1.0475948250756943,0.27832147342325575,1.0894031904548611
2023-01-05,26496625.027777776,35967824.21261778,0.2605999025768855,1.0453804183972222,0.25838020667228073,1.1195670259125
2023-01-06,26730870.354166668,36789198.25853751,0.28914190959539005,1.0346161746708333,0.29867063625093526,1.110062990297222
2023-01-07,30080732.34375,44817641.34939848,0.24813632795701862,1.0408685863482638,0.23817703556880776,1.1551697186451388
2023-01-08,30149637.763888888,48868398.65193979,0.27595480226953034,1.0280108313482639,0.3030208505190669,1.1072365966819444
2023-01-09,20713497.163194444,39658970.525040574,0.4826854063226895,0.9654209885614584,0.5769990150097647,1.1023684111413194
2023-01-10,19200493.913194444,37913454.32516949,0.5353971610938076,1.0129740280177082,0.6631866395058873,1.045793550992361
2023-01-11,18376393.052083332,34082873.455662586,0.5062097903360608,1.0578448522069444,0.5791697196995678,1.1644045237309026
2023-01-12,17097751.159722224,32776132.625803277,0.4941923012373193,1.0919206043743055,0.5872360876533593,1.0640031635885416
2023-01-13,17372512.121527776,34905997.559641965,0.538892663781568,1.135763368202778,0.6129403146245841,1.1074075417607638
2023-01-14,16451419.9375,35807859.91080677,0.5438399766141703,1.1576983204375,0.6015309017228926,1.067172031920486
2023-01-15,16569885.496527778,37328309.221852325,0.5639707937133399,1.171771461054861,0.6313597453548995,1.0994621891239584
2023-01-16,16633206.520833334,35788031.25679258,0.8055545135561966,1.1451147576850693,1.024636473809224,1.0581685226715278
2023-01-17,16864646.895833332,34988476.87713994,0.8117310844275134,1.1164072047409723,1.036047203680707,1.1043512902013888
2023-01-18,16153778.795138888,33230427.949245255,0.7125206360381792,1.1056079214166668,0.8778493793650545,1.047535078817361
2023-01-19,14119732.513888888,27683904.421819206,0.6811355032252295,1.0912568910625,0.8137759059059384,1.1372954817461804
2023-01-20,14428037.239583334,29823565.944874343,0.6428362326931493,1.0912679165236112,0.7480489802840983,1.1545790072263888
2023-01-21,14061600.850694444,32390642.104124494,0.6400413259824904,1.1084863248597223,0.6491276492154604,1.0849345026236112
2023-01-22,14019873.895833334,32279870.261919506,0.7516534621379684,1.0922927526163193,0.8334953252366668,1.0507016649975693
2023-01-23,13809334.756944444,33614445.76546475,0.6671966677858632,1.060656984896875,0.7478576340514169,1.074749897238889
2023-01-24,13873698.802083334,35816386.87799013,0.6935221054336816,1.0418305217625,0.7540337586913519,1.0433783024527779
2023-01-25,12561989.690972222,29731757.72362291,0.8921121762833456,1.0267412508663194,1.1072564973180168,1.0970363127409724
2023-01-26,11450995.409722222,27636312.199397814,1.051446914747035,1.0282307353312499,1.2304195700946385,1.075190116076736
2023-01-27,12124995.138888888,28137668.66379328,1.2173065044418099,1.050028168946875,1.5046930846570123,1.1117249130743057
2023-01-28,11846994.440972222,27483802.33888226,1.2555325674430433,1.0323056728333333,1.526009857317297,1.1742776487972222
2023-01-29,11232234.791666666,25642406.750344492,1.2640942377512094,0.9972278392600694,1.5970928847866759,1.1725379984135416
2023-01-30,10658130.048611112,22981071.885851264,1.4183364219324832,0.9830376609135416,1.6314672458923576,1.0684357841520833
2023-01-31,9841715.173611112,20842105.380798798,1.3167998253991244,0.99640840929375,1.504824878749638,1.0606310333524305
2023-02-01,10479733.434027778,22843867.1211149,1.2949063685588171,1.0284383961344947,1.4640363743641425,1.063320086760764
2023-02-02,11022845.861111112,25868734.459195424,1.2875565463411525,0.9791430819538195,1.3711722963502473,1.0651709046513889
2023-02-03,11259001.246527778,25409074.915923867,1.3171954651123539,0.9406359493565972,1.5406839978548437,1.0571137374965278
2023-02-04,11480427.861111112,26178537.035518877,1.4656080662069357,0.9513766873409722,1.6649712770095557,1.042645491248611
2023-02-05,12046454.184027778,25487919.303091288,1.8386311469766683,0.9569966373395834,2.1792014458436966,1.050259103415625
2023-02-06,12715383.59375,27348965.34414531,1.6868981668120355,0.9430269325729168,2.0128980446519007,1.0626384512756946
2023-02-07,14343888.338912133,34897028.80058728,1.4085412737082272,0.9578136713058577,1.7051236194754225,1.0061515560949792
2023-02-08,13338198.805555556,33716305.98242887,1.5995025981750277,0.9790666813215277,1.8099053950905386,1.0339901216239584
2023-02-09,13087891.486111112,34903219.02081305,1.1709434474471987,0.998208825490625,1.2411150223470662,0.9941288775163195
2023-02-10,12850016.253472222,32265436.742994845,1.1752305488300905,0.9982290207364584,1.3592439066064208,1.0074903507340278
2023-02-11,12578932.090277778,28767369.36959271,1.4509530639133978,0.9569335146256945,1.8514090696474494,1.0512551229784721
2023-02-12,13410738.513888888,33571925.15643601,1.4320826384718857,0.9406879831225695,1.8651583919808357,1.0209928713899306
2023-02-13,11776715.795138888,27518334.576543324,1.4868547351700958,0.964202183603125,1.8687955764548378,1.0005497582166667
2023-02-14,10607105.704861112,25872492.78379401,1.2612437666645266,0.9457836569503473,1.540592012687825,1.021334867259375
2023-02-15,11214025.402777778,29986768.73234131,1.0745686139466535,1.037493612723264,1.1997965130869246,1.052709109711111
2023-02-16,11939341.795138888,33501359.458206728,1.177351956289194,1.0688964852659724,1.2181553086214327,0.9877795969795139
2023-02-17,11441306.309027778,32813397.194714513,1.00925557167327,1.0271641364420139,1.1342280220609378,1.040649757020139
2023-02-18,12702658.895833334,39552640.22106332,0.9930994696901121,1.0416520536197915,1.0416379266945828,1.014805144898611
2023-02-19,12800983.003472222,39892568.83216281,1.2451817111247108,1.0303609220885417,1.3161150649173,1.0081494536583333
2023-02-20,11623424.107638888,34443299.6798964,1.5941446632933158,0.9785056147572916,1.8912710884641868,0.9938089122840279
2023-02-21,11536088.125,32719323.987610713,1.7923415837860641,0.9785808759527779,2.1527077771870244,0.9689245919072916
2023-02-22,11274742.607638888,31441667.854383297,1.7134018728146554,1.0294010556159723,2.042592455914872,1.0563010924694445
2023-02-23,11541220.395833334,35090367.22835979,1.2376995383173834,1.018025030843403,1.4012953210468424,1.0319703774086806
2023-02-24,10775288.940972222,31522965.695898805,1.3983827423774562,1.0004507478336806,1.5801732474301429,1.0151432390944446
2023-02-25,11652644.364583334,32572931.21883962,1.4971907020213402,1.0221661962454862,1.8380618003580977,1.0355968027121527
2023-02-26,13486283.798611112,41085560.22914635,1.0065162682708835,1.0291542976614583,1.1809643927490954,1.0495902821927083
2023-02-27,15559286.010416666,48886450.308995694,0.8468875930472053,1.072468888334375,0.8677615667850481,1.0628131267010417
2023-02-28,15639808.277777778,48628536.94559793,0.9538130011399463,1.095636085850347,1.0070046516312583,0.9899150559611112
2023-03-01,15068226.836805556,46047541.89434553,1.0028016451433117,1.0832765008315972,1.1590050830013403,1.083336908203125
2023-03-02,15156254.215277778,44633895.07068828,1.1903627180567198,1.063009198095486,1.3066611391785599,1.0770921583100694
2023-03-03,15986899.545138888,46555068.05005753,1.1038165782759934,1.0280521881565974,1.2231259622231005,1.0361335321597223
2023-03-04,16773468.145833334,45034917.44274405,1.3462455026371678,0.9529908241805555,1.5841292459872465,1.1003913222600694
2023-03-05,15716026.427083334,41195931.2048581,1.2181735370554154,0.9410294893086806,1.3983482841701207,1.024880596686111
2023-03-06,15158615.111111112,38856747.15804138,1.1992457006852706,0.9120132768475694,1.354461271277499,1.1090608479177082
2023-03-07,15041360.517361112,38804557.84289982,1.196739473518424,0.9150158951427083,1.3272411930396633,1.0935830704378473
2023-03-08,14299506.635416666,35528401.39751718,1.1998836607894592,0.8887940219076389,1.3176262345809708,1.0663175314756943
2023-03-09,14002718.274305556,32751790.183450025,1.2125663188316214,0.9010392080923612,1.3968861285540384,1.0400562881489583
2023-03-10,14031333.170138888,31583961.315150518,1.0784450865711015,0.9350110351798612,1.1926759198295156,1.0284496754840278
2023-03-11,12870485.104166666,27862866.51664051,1.2292632867301878,0.9859410117593749,1.3632318195505826,1.0449623550315972
2023-03-12,13979923.802083334,29874170.74652262,1.2025177886921583,1.0004634816819444,1.3601155121202613,1.0622357350434026
2023-03-13,15024051.222222222,38675892.81644783,0.7986311767361111,1.0551672223263888,0.8347752193055555,1.031032464861111
2023-03-14,14851720.534722222,40768229.019044355,0.7954121786361028,1.0863991828940973,0.8499380071779179,1.0382190068833335
2023-03-15,13807505.520833334,35961711.06354388,1.187347241678748,1.0121519067315972,1.3215305011619196,1.0503846198142361
2023-03-16,15414990.875,36643434.01552078,1.6255165208494025,0.9074588078774306,1.9628719703237718,0.9860880490489584
2023-03-17,14933272.336805556,36571818.047503494,1.597005537089103,0.8700947410569444,1.8605056634961743,1.063340100901389
2023-03-18,12738116.78125,33507688.314131405,1.2940781067652305,0.8885056268434028,1.42945138957189,1.0266591741243056
2023-03-19,11413504.454861112,28767438.106342744,1.327529757287471,0.9032187661631945,1.5560959581924292,1.0068513890079862
2023-03-20,11390925.961805556,27275251.55435249,1.4166495105185968,0.9296294783190971,1.640699329699689,1.0004852199354166
2023-03-21,11746531.559027778,27637891.926591553,1.3337271402775726,0.9414830800392361,1.5938520035917831,1.0113944164913196
2023-03-22,11592506.982638888,27286315.050620608,1.3450980405680502,0.9882704993670139,1.6213167917500297,0.9911011240138888
2023-03-23,11241404.03125,26361754.01595116,1.2592290252045588,1.0603130136017362,1.4851552433164263,1.0306371836232637
2023-03-24,14359779.048611112,31442853.16098834,1.5935185454837013,1.0165648907100693,1.7997230730062053,1.060457466585764
2023-03-25,16377458.555555556,34201332.06564981,1.7752712378747288,1.0001800647336807,2.0364156394682356,1.0477912248163195
2023-03-26,17449832.305555556,37396577.008356996,1.613810195601987,0.998115426911111,1.9515849436850685,1.0679390333340277
2023-03-27,17329526.3125,37064479.249066815,1.5763897992285505,0.980114350909375,1.8227001557365392,1.0457217328184027
2023-03-28,17126837.996527776,36862440.84315284,1.4206773657937186,0.9720827115409723,1.7007156974650028,1.062137392573611
2023-03-29,16145098.114583334,38743885.74387571,0.9024180488794169,1.0514030577378473,0.9825991826377707,1.0160723891586807
2023-03-30,14218298.409722222,33191891.21321951,1.150062356957178,1.0470299047510416,1.2148179127423546,1.089216102876736
2023-03-31,13795745.965277778,32870754.9123294,1.128603131001492,1.0540019474555555,1.1880214360529036,1.071908984754514
2023-04-01,13088263.895833334,31513294.294232957,1.1688836302749939,1.0658430455079861,1.2014607376934885,1.1413216761527778
2023-04-02,12557956.069444444,29874279.64883795,1.2871858950183255,1.109074024804861,1.3711187551613508,1.0509821647145834
2023-04-03,11814191.413194444,28222194.292822145,1.2056665315362567,1.0929203024840277,1.3335699771440357,1.0418479839708334
2023-04-04,11402468.09375,28263688.618600298,1.125507118491386,1.0873570680309028,1.230143021797771,1.079200682707639
2023-04-05,12676225.90625,33806992.27062791,1.082222279339263,1.0468775802329862,1.1263648656604774,1.0553514209118056
2023-04-06,13169039.319444444,33432273.836503405,1.4876963558428438,1.038897360754861,1.6657101484095422,1.0769197179086807
2023-04-07,13640160.420138888,34675504.16494992,1.5852431326643759,1.0423672372472224,1.9178348733104198,1.0033781267104167
2023-04-08,13888237.899305556,33995720.32248828,1.7385768046331576,1.0440343636305556,2.064504467908352,1.099882670937153
2023-04-09,14955730.694444444,35132172.19003521,1.8539278617252168,1.0412308447239582,2.1879328749745364,1.073385100117361
2023-04-10,14897575.239583334,34377178.24493212,1.63453249738091,1.0365401791819444,1.9939794183856319,1.0836347480350694
2023-04-11,14430776.392361112,34951186.661720306,1.5298039994088681,1.0340077785986113,1.7448205514136585,1.0528544853197916
2023-04-12,16516185.84375,37432408.09064184,1.7674006162633733,1.0228797080940972,1.9890821181601446,1.0742279096190972
2023-04-13,16821392.496527776,39678155.71355324,1.438692225780908,1.0341584181159722,1.6478974030679767,1.0420243276260417
2023-04-14,17562359.586805556,45049447.34018934,1.0578615943772292,1.1003332741156249,1.1844659514817204,1.065605703973264
2023-04-15,16712778.194444444,42732962.524550706,1.2248280645693188,1.1480518509097222,1.3031118132154764,1.0287547468850695
2023-04-16,16865265.440972224,42720891.004221946,1.4492352680714387,1.1224476112631945,1.6728877109974054,1.0109197534302083
2023-04-17,16936776.059027776,42703661.90982384,1.5550733369658467,1.145068729595486,1.7833729397217633,1.0266006704104167
2023-04-18,18239733.649305556,45823837.99177028,1.6926541443438083,1.1282438613694443,2.0821189466366894,1.0370588706875
2023-04-19,17726985.284722224,42032100.83717972,2.038386931640419,1.1438555963534722,2.4244750467660086,1.003473076270486
2023-04-20,17533709.347222224,38676143.14799977,2.0344359758344464,1.1370061885739584,2.423714736109469,1.031674871936111
2023-04-21,17280048.614583332,36563981.62012205,1.7386281872934175,1.1258094190465278,1.9267181493813428,1.051529690015625
2023-04-22,17061416.902777776,35335412.8720396,1.767185867114186,1.1252972182211805,2.101514743233623,1.106554563061111
2023-04-23,17150858.993055556,35530727.41621411,1.9262250419848783,1.125477919411111,2.2062221925974836,1.0400698089635416
2023-04-24,16867021.673611112,35401067.462063015,1.773827949446562,1.1179593357197917,1.9754602348248445,1.0131811687125
2023-04-25,16910215.798611112,34911949.601672284,1.9044703714632978,1.0783481322052082,2.169147995377629,1.0698621223256943
2023-04-26,16103010.576388888,34356724.5097644,1.8335942013206905,1.1131219015704863,2.030579261590405,1.0656598173246528
2023-04-27,15079397.701388888,31861481.449810155,1.7876082009337873,1.093350213953472,2.1250453980318005,1.0758289865954862
2023-04-28,14653773.850694444,30793219.89349699,2.0578344879485777,1.0864199428430554,2.3590739738602804,1.0764165996673611
2023-04-29,14540529.826388888,30452659.164977565,2.0573293999878106,1.08777689051875,2.421741835732897,1.104048552026736
2023-04-30,14991425.84375,31007319.798410263,2.1388171763429105,1.0866381358635417,2.494805280198608,1.1207799985625
2023-05-01,15860230.350694444,31698266.704312008,2.1850260980677856,1.0621696140416668,2.6280947402113832,1.1236432074239584
2023-05-02,16078414.017361112,31750719.12570921,2.0497587665728627,1.0154713315340278,2.386567234495447,1.0613043676399305
2023-05-03,16713243.003472222,32603760.916104298,2.0109864892245928,1.0202592955371528,2.3317326812398296,1.048791250197222
2023-05-04,16901871.267361112,33092148.004006762,2.1233181196120494,1.0471644961305555,2.3099408333113813,1.0781317438607638
2023-05-05,17896290.565972224,34092441.236589365,2.209574500929398,0.9505295411232638,2.640846859017125,1.1223478997260417
2023-05-06,17825805.166666668,32948865.522371788,2.3253902482614484,0.9603584709663193,2.6734457281214024,1.1766322006444443
2023-05-07,17217885.215277776,31702956.630374994,2.027195532628634,0.9138882545965278,2.3467913737413397,1.1582494636034724
2023-05-08,16909065.972222224,29056868.096011475,2.1033194536342976,0.8966324418281251,2.3007015425685906,1.097101820537847
2023-05-09,24162467.527777776,44913689.9777714,0.9393365143176974,0.969616705303125,0.9551376102763592,1.0673548411652778
2023-05-10,21693545.871527776,40527845.12604048,1.0066866154705947,0.9740880341604166,1.0662226907062715,1.116728678490625
2023-05-11,20129809.225694444,35159159.95769418,1.4833559033726067,0.9777963130569444,1.543601909187502,1.1078568322006945
2023-05-12,21557335.368055556,37681867.76870258,1.3023095813412513,0.9680615748708333,1.4952013364733816,1.1209418018718749
2023-05-13,26868387.083333332,50679554.24538854,0.7853615733564248,0.997807915132639,0.7178908125906863,1.1416006081006946
2023-05-14,26139820.201388888,50235922.99351126,0.8226641519991748,0.9834604123388888,0.8046859210115502,1.1019924938940973
2023-05-15,29274950.819444444,60885588.9585832,0.7053581900139118,1.0196078690055554,0.6797532560052582,1.0959999481125
2023-05-16,33627152.42013889,73340158.34844999,0.5630443342983807,1.0466972514673611,0.5355725975308233,1.1310518410583332
2023-05-17,31087976.315972224,69988352.88696633,0.5632814678251041,1.0267723266055555,0.5567534632869673,1.1120237268440973
2023-05-18,26485608.246527776,59456904.201708406,0.7819734371637319,1.111000004089236,0.8365143063261374,1.0956508806211807
2023-05-19,23876506.875,51390283.36112699,0.9631297286413454,1.1692597676645833,1.1347861517280318,1.0873264249590278
2023-05-20,22483666.892361112,48129065.852462135,0.9866574293616659,1.1920688728895832,1.1619255628493776,1.117659475071875
2023-05-21,21406703.34375,45058055.67466398,1.0541870800023574,1.1991964074496526,1.2448824617897247,1.1411129767774306
2023-05-22,21390290.055555556,43862131.21315313,1.1244312942183763,1.2103124366836804,1.3167813618791564,1.1270333663614585
2023-05-23,19818292.892361112,40783451.48364032,1.1910991907922885,1.1978641591875,1.4326314128417532,1.0606766763569444
2023-05-24,20078493.548611112,39982351.25005332,1.2469359747147168,1.1938101734020834,1.4775891616416859,1.1639976354270833
2023-05-25,20886179.128472224,42383479.17854566,1.1980492584508644,1.2303468983621526,1.3823896241456,1.049033488857639
2023-05-26,20417899.701388888,40596690.829974085,1.282189541635912,1.1936857182784724,1.5005000513234736,1.0359629344052084
2023-05-27,20223915.197916668,39981503.749679364,1.2969587764585742,1.2070703565236112,1.5303482454906527,1.1186835841125
2023-05-28,20292985.715277776,40751239.897547774,1.291659999153728,1.237510405219097,1.5424019003753824,1.1526721742694446
2023-05-29,20541118.649305556,43529025.24513932,1.1376490957787508,1.2987558153670138,1.3210829579805705,1.117016772257639
2023-05-30,21898951.229166668,48106632.704263546,1.030224419979992,1.2473132452520832,1.1855129441227539,1.055900305745486
2023-05-31,21096838.361111112,44650668.21567354,1.134056859301,1.2734484638302084,1.2502474709553166,1.1079216144472221
2023-06-01,21401845.850694444,44325067.50248857,1.1764303604634172,1.3059274898788196,1.2473772099332603,1.0715481742496527
2023-06-02,23540036.569444444,52600631.315647885,0.8362565467914034,1.306979579648611,0.9022756464445503,1.084306569103125
2023-06-03,24442351.142361112,56105854.87515844,0.7384672908722243,1.3134554177989584,0.7260554181072392,1.155872691281597
2023-06-04,25121796.760416668,58144042.66787552,0.7496686351888229,1.2964095103027777,0.7498031243713099,1.0969109909284722
2023-06-05,23589386.315972224,52582559.855130926,0.852066634693002,1.2973062942527778,0.8550358005285547,1.078738558917014
2023-06-06,23564514.430555556,53995909.42750306,0.758080223302072,1.3211266361614582,0.8229394422634826,1.0975004175802083
2023-06-07,24876904.847222224,58639280.02758994,0.8180659560553187,1.3590453222333334,0.9600239919226143,1.0430745613784722
2023-06-08,22748108.40625,50153438.27838197,1.1013332238279936,1.3603954104260416,1.3646678153002723,1.0940870287885418
2023-06-09,22281398.802083332,48888574.04982559,1.1212149529613302,1.3458736198246528,1.4650430245971475,1.09783204779375
2023-06-10,17945146.177083332,33693957.658697546,1.294648782968589,1.277656498922222,1.3613152749712283,1.108130151210764
2023-06-11,15968584.475694444,28808329.268794727,1.3048776901722272,1.122339674082986,1.4170884172708307,1.1050946780024307
2023-06-12,15187787.538194444,27423518.37097819,1.1036404762314291,1.0632872101350694,1.1666636813550824,1.090326686881597
2023-06-13,15006466.222222222,26785441.17794245,1.1949889968084717,0.971549097236111,1.342672176385265,1.104009668848264
2023-06-14,14933250.545138888,26384800.733534172,1.2092224043839048,0.9563170152704861,1.3790239703634364,1.0961924663770835
2023-06-15,15301437.875,25415371.3363255,1.2589312176185485,0.9513529511375,1.4449199958951167,1.0982887100003473
2023-06-16,15494595.048611112,26723047.037801128,1.160523300518538,0.9797279739965278,1.349926661185653,1.0773149320538193
2023-06-17,14300022.892361112,25671410.67137075,1.2624746878965487,1.0317330203822916,1.463613919396938,1.1879966253743055
2023-06-18,14076146.979166666,24828126.279882237,1.391280017274567,1.0352379198100694,1.6144139681455782,1.1250681110770833
2023-06-19,14032051.815972222,24309774.7312008,1.3671207508314318,0.9997864299545139,1.5964343644713146,1.0826050805586807
2023-06-20,13803705.732638888,24917839.803331546,1.2031062239494246,0.9628542566729167,1.359572744504984,1.0932081391461805
2023-06-21,13932612.3125,26610142.014260523,1.2371809817733377,0.936192070732986,1.3267225566301326,1.156290999784375
2023-06-22,13163935.25,25847745.673592217,1.2176204088919784,0.9706076839809028,1.3053166422145834,1.0964120605059027
2023-06-23,12083696.822916666,23165011.036791064,1.2663371892660178,0.9998793190704861,1.38095308272118,1.0825256298774306
2023-06-24,11281173.628472222,21205532.269897785,1.35651271468669,0.9931294295305556,1.4498333507759182,1.0643857126659722
2023-06-25,11907154.951388888,23008395.57170931,1.2701258196598488,0.9955127855197917,1.3775244611739983,1.141743844279861
2023-06-26,12235485.9375,23540584.652664736,1.3028460842756953,1.04812440329375,1.4106188473096077,1.0472385595298612
2023-06-27,12688145.451388888,24831314.232857876,1.3146122012132757,1.1154163620940973,1.4145202351486192,1.1173336742197917
2023-06-28,12684113.743055556,23846753.754893497,1.323105673846552,1.1348449115010417,1.4384296311680962,1.081368606932986
2023-06-29,12301961.649305556,23090909.882268623,1.2060336770040085,1.0433158261875,1.416966430461316,1.1106662012437498
2023-06-30,12303819.697916666,24246091.154608246,1.0581562451604123,1.0421507115506943,1.2057404335531745,1.118585014714236
2023-07-01,14214573.746527778,29811132.707380302,0.978100504620559,1.0975510238961805,1.0314980671497624,1.0735751133166667
2023-07-02,14813932.232638888,31270873.69260116,1.0423230778435029,1.1257748809031252,1.0390970841703584,1.1007933120454862
2023-07-03,14830783.569444444,32365030.08336114,0.9923632756058812,1.1346172451548613,0.9956524181842933,1.0973393587041667
2023-07-04,15080541.819444444,33092990.169681303,0.9662405744229966,1.0991177003836805,0.982260085977145,1.0981182443447917
2023-07-05,13993631.225694444,29453088.24764084,1.1050319596163876,1.0682277402187499,1.1928112025271829,1.0305081211538196
2023-07-06,13657596.690972222,27909062.7413111,1.2493701872960736,1.1272776062458334,1.3781937040811105,0.9832265405190973
2023-07-07,13788909.256944444,26451287.44166928,1.4532958866789778,1.1613097751083332,1.6411281670677853,1.0539809046756945
2023-07-08,13770652.371527778,26728355.94369713,1.3518351098358208,1.1654675727711805,1.5717921699969748,1.102838977254514
2023-07-09,13549420.09375,26350879.967681404,1.4721858357368407,1.181731534329514,1.7208124109571858,1.1469640014350695
2023-07-10,13855560.361111112,26446853.48783931,1.5263110295833333,1.1269435418402778,1.745509648715278,0.9983644913194445
2023-07-11,13582690.944444444,26174929.363556072,1.4192744325347222,1.092168920451389,1.599828996875,1.0930381761805554
2023-07-12,13484341.944444444,25694656.136855774,1.5055247271527776,1.0921536248958335,1.7866280072222223,1.0687903504861112
2023-07-13,13979883.649305556,27875350.88370654,1.3487397625347224,1.03135888,1.5955090580902778,1.0705611346180557
2023-07-14,15870786.493055556,37262505.316788524,0.7216305975694444,1.0994077622569445,0.7080318263541667,1.0632840489930555
2023-07-15,16447221.003472222,39118813.94011525,0.7682727823611111,1.104651422361111,0.8167323272569444,1.0541319930208333
2023-07-16,16158402.131944444,36778268.85581239,0.9455833611805556,1.0986685875347222,1.0313538030555556,1.0443951892361112
2023-07-17,16674756.822916666,35405400.19602144,1.3477228493055557,1.1424048764583334,1.5776102286805556,1.047913021388889
2023-07-18,17077119.09375,34838399.40106434,1.5680709131944444,1.2193120212500002,1.8856246718402778,1.0296220808333334
2023-07-19,16992532.715277776,34880891.98052989,1.5534247007638888,1.238671161701389,1.907119389409722,1.0284074638888887
2023-07-20,15340499.618055556,32145187.606703904,1.3994294911805556,1.1754111425694445,1.6525919702430556,1.0342145254166666
2023-07-21,14974883.9375,30593479.31034942,1.576063393159722,1.1396599213541667,1.8650901134722224,1.0795914331944445
2023-07-22,15294687.03125,31109005.28944425,1.5555900221180556,1.163591362847222,1.8886346627430557,1.126035020659722
2023-07-23,15191908.940972222,30904658.899557795,1.483207776111111,1.1279449072222223,1.8002650995833334,1.1343740115625
2023-07-24,15236320.486111112,30057273.854650456,1.5818251347569445,1.1864379192708334,1.8626247577777777,1.0735460233680554
2023-07-25,15864640.288194444,31314525.14249061,1.6273499979166666,1.2387346621875,1.7525932473263888,1.0485468175694443
2023-07-26,16530872.993055556,31746758.22508698,1.8919440685763886,1.2311753905555554,2.257283789027778,1.0865918893055555
2023-07-27,16338187.347222222,31532860.662206333,1.6686552522569444,1.203176152986111,2.0519827762847225,1.0444320708680557
2023-07-28,16562884.621527778,31827996.964634582,1.8922993848263887,1.2265379598263888,2.3363735380208333,1.0779520930208333
2023-07-29,16437979.21875,31904264.710564356,1.8234185585069445,1.2684549635416666,2.2441730453472224,1.233132751076389
2023-07-30,16324919.746527778,31478029.78453861,1.8919736453125,1.2855162209722222,2.260328246944445,1.1543583360069443
2023-07-31,16235307.923611112,30529260.73295847,2.078421469826389,1.1910162694097222,2.5097455417013887,1.0449926478472222
2023-08-01,16191676.1875,29973488.79173266,1.8801890847569445,1.1322531193402776,2.262878075208333,1.1149996152083335
2023-08-02,17053107.920138888,32058991.66702468,1.8502961362500001,1.3141798662847224,2.0112006062847225,1.1089160420486113
2023-08-03,16749931.385416666,31214292.391598325,1.9155935270486113,1.2592423536458333,2.201739065868056,1.0244592434722222
2023-08-04,16429840.232638888,30549349.4241695,1.784195763888889,1.2586507671875,2.1023192408680553,1.1051297976041665
2023-08-05,16738699.059027778,30819647.3023495,1.8409288696180555,1.277148420173611,2.1884269006944446,1.119912569375
2023-08-06,16254964.430555556,30092340.991338745,1.9563670857291666,1.3024100456597223,2.2588613367013886,1.0229492476388888
2023-08-07,15998390.076388888,29310606.51230391,2.030047783263889,1.2912606484722222,2.380357610381944,1.0576360653472223
2023-08-08,16730691.690972222,31064944.491249,1.716278158611111,1.3254719196875,1.9907325719791666,1.116342967361111
2023-08-09,16421526.590277778,30690031.0822207,1.7757957415331012,1.4169980689198607,2.012741516062718,1.0244873387500002
2023-08-10,16566987.71875,31194628.565882053,1.6482199978819443,1.4783029238541667,1.8411376552430556,1.0737230939930555
2023-08-11,17031176.625,31430654.919610526,1.9085709595138889,1.4170089649305555,2.2625357775,1.3093012147222223
2023-08-12,16960697.725694444,31354409.304940537,1.7968187680208334,1.4314804071180556,2.0359735920833333,1.2497699034027778
2023-08-13,17065569.875,31284737.939970713,1.9343880454861113,1.4208353784027778,2.226333947048611,1.4322472414930556
2023-08-14,17290828.256944444,31752998.154128306,2.0025236932291666,1.4133745551041668,2.3664448032638887,1.230486559861111
2023-08-15,17395104.25,31252245.613987803,2.086439905555556,1.4477913672569445,2.399150377326389,1.0595249154513888
2023-08-16,16438740.722222222,28271011.4218197,2.065119554097222,1.411087987673611,2.3817591247569445,1.1275885309027778
2023-08-17,16115952.996527778,27212201.6387412,1.7560432975,1.3542926396875,1.941392081423611,1.1252206828125
2023-08-18,15299221.041666666,25113716.82510606,1.167385511388889,1.2354201269097222,1.1835278102430555,1.0801303372916666
2023-08-19,14902425.708333334,24481182.336402997,1.2313962744791667,1.2035307572569445,1.2659360939930555,1.190019587986111
2023-08-20,14303445.215277778,23711767.42340459,1.2350803805555557,1.2062960066666666,1.2498772910416667,1.1353281856597224
2023-08-21,13817103.916666666,22776380.82005864,1.3002344521875,1.2202625793055555,1.327674873888889,1.0144642997569444
2023-08-22,13371235.430555556,21681874.974760305,1.3135887571527778,1.1809079217361111,1.3660583104166666,1.1451311531944444
2023-08-23,13258020.760416666,22037754.702510696,1.2880232121527777,1.1892919531597221,1.3142094464930556,1.2281722351388888
2023-08-24,12394277.9375,20636079.018614274,1.354496738611111,1.1982960401736111,1.348967532777778,1.0787406927777778
2023-08-25,13321330.246527778,20955097.245696962,1.4622561763888888,1.1082642233680557,1.4767640135763889,1.1508749851041666
2023-08-26,13876627.319444444,21989868.0980995,1.4133982202777777,1.0789119544444443,1.5292570259722222,1.3183319255594406
2023-08-27,13875446.791666666,22118082.422172245,1.3805373763888888,1.1746769010416667,1.471108326875,1.195717648263889
2023-08-28,12879847.548611112,20353845.61202728,1.4924572971875,1.1909024518402778,1.607823951527778,1.1873096893055555
2023-08-29,12364843.131944444,19735723.227227293,1.4378669755902778,1.1929133310416669,1.5789381710763888,1.1286146306597222
2023-08-30,11617222.701388888,19146037.227474112,1.2875206236805556,1.1936276378125,1.3075815837152778,1.1364799857638888
2023-08-31,11537597.399305556,18577340.70959901,1.5236162402777778,1.1143469904861112,1.5467056190277777,1.1420501780902776
2023-09-01,11668256.770833334,18028767.278562274,1.5822283872916667,1.1015455863194445,1.6309341841319445,1.1731897227083334
2023-09-02,11865932.506944444,18170603.427969977,1.5284627068055556,1.0966606642708332,1.5546370128819444,1.3420256782291666
2023-09-03,12037210.895833334,18392493.444956098,1.5810674780555556,1.090312266388889,1.6640160571875,1.2289029085069445
2023-09-04,11987897.378472222,18454828.36580066,1.7536752059375,1.0892475334374998,1.8838505432986112,1.145481275451389
2023-09-05,11967969.347222222,18639541.61918995,1.7773908897916666,1.0818778821875,1.8766019250694446,1.2226223411458335
2023-09-06,11807496.8125,18625806.893522073,1.6381118514583333,1.0670791332986111,1.6732207928819445,1.2368714377777779
2023-09-07,11594857.975694444,18332605.7203208,1.5870246990277779,1.0834075133680556,1.5234657339583333,1.339729082013889
2023-09-08,11990641.913194444,18934187.237636134,1.7923559364236112,1.0763523994097222,1.7197127463888888,1.2044502838888889
2023-09-09,12673605.055555556,19371372.871386155,1.9215505284027776,0.9938069801388889,2.0034695499652777,1.4543823594444445
2023-09-10,12506683.138888888,18652406.240368415,1.9481448668055554,0.9835231055555556,2.0458740604166668,1.2974405570833332
2023-09-11,12507825.104166666,18271515.273098662,1.8473782943055557,0.9850001864930555,1.9418978477777777,1.1022914833333333
2023-09-12,12570229.592982456,18640094.276079565,1.7207396935789474,1.000212336245614,1.8506616356842103,1.1782704611578947
2023-09-13,12489875.204861112,18466869.473179474,1.9219417813541666,0.9870495862499999,2.086330640729167,1.1673720908680556
2023-09-14,12690956.565972222,18998257.73826205,1.9518829211805557,0.9673813874652778,2.1087136239583333,1.0022148549305556
2023-09-15,12779415.569444444,19151757.48911942,1.9428555978125002,0.947544573611111,2.0746552714583335,1.2126234712847221
2023-09-16,12847175.194444444,19742537.161420453,1.7938850425694446,1.0210130623958333,1.8937177473958333,1.3534907331944444
2023-09-17,12494654.881944444,18940475.16325195,1.8752718710069445,1.0438160613541667,1.958276255486111,1.1165243652083334
2023-09-18,12482493.378472222,19296403.513059173,1.7765492369791667,0.9467382902777778,1.8407740997222222,1.4239091465625
2023-09-19,12652744.774305556,19867639.031115416,1.8189543709375,0.9433429200347222,1.879235101875,1.11747244625
2023-09-20,12431040.423611112,19443466.499906324,1.9407811701041666,0.9570527264583334,1.9544517617708332,1.1107635667013889
2023-09-21,12461892.583333334,18993372.573845897,2.2350974486805555,0.9582062184027778,2.2338348451388885,1.1431720440277777
2023-09-22,13039506.802083334,19341598.501893684,2.1035058238194444,0.9264602622222223,2.2178962496180556,1.2070165166319444
2023-09-23,12967901.208333334,19259985.065250367,2.1058431356597223,0.9241709280902778,2.207757742951389,1.1881230827777778
2023-09-24,13114508.444444444,19465221.59975183,2.072673200451389,0.9255965685069444,2.1915553060069444,1.2730386255902777
2023-09-25,13247086.222222222,19524179.668610305,2.205579914479167,0.9324504130555555,2.3367410722222224,1.325046580451389
2023-09-26,13521442.253472222,19841453.48369896,2.298464798715278,0.9397875612847222,2.4702476439583334,1.2310406863541667
2023-09-27,13593526.045138888,19949928.996901497,2.199731202673611,0.942264976701389,2.381041468090278,1.280255944340278
2023-09-28,14025015.350694444,21546002.22458442,1.7845562444444445,0.9467199277777778,1.868145779548611,1.0910212020486112
2023-09-29,14007223.854166666,22671965.95310071,1.4552582285763889,1.0547509274652778,1.38037353375,1.0891475402430555
2023-09-30,13997194.947916666,23545416.82241775,1.3626007883680555,1.06199163375,1.2476497109375,1.1405570335069446
2023-10-01,13668580.979166666,22972613.87164816,1.4376063532291665,1.0729388433680556,1.2794441746875,1.3181029347916668
2023-10-02,13737724.743055556,22356082.229614563,1.767360592951389,1.087381408888889,1.665791095173611,1.204030359861111
2023-10-03,15203047.635416666,23779580.483171992,1.8924294252430558,1.0422712863194445,1.982913509201389,1.0627382802430556
2023-10-04,16500949.243055556,26118436.313134342,1.9435177139583333,1.066251626736111,2.1689346207291664,1.1250903087847222
2023-10-05,16330813.972222222,25460175.27303762,2.0324896288194445,1.0761679219791667,2.2186090113888888,1.1542178471875
2023-10-06,16232896.430555556,25163567.437839855,1.9671358084027777,1.0533342953819445,2.1709852034375,1.1772841338888889
2023-10-07,15909646.84375,25019255.964207888,1.876189833888889,1.1101725538194445,2.0325907974305557,1.428816220763889
2023-10-08,16014302.881944444,25346615.634637926,1.8282622204513888,1.1139563555902778,1.9528216801736111,1.2201813233680554
2023-10-09,16090656.083333334,25045666.986597277,1.9525334347916667,1.1089141172569446,2.0752690547569443,1.193698682951389
2023-10-10,16043054.263888888,24621786.616189457,1.8424032007291666,1.0525412969097223,1.9832704581597222,1.2673656027430555
2023-10-11,16336067.086805556,25264753.975709684,1.738474618298611,1.0789510147569445,1.8933362414930555,1.124704809722222
2023-10-12,16174378.416666666,24403776.221329227,1.9131078620138888,1.0854036393402777,2.0946755541319444,1.17703559
2023-10-13,16046933.447916666,24733591.50631325,1.7421779382291667,1.0995344265277778,1.8675415217361109,1.1639254472222222
2023-10-14,16058748.809027778,25514945.42756486,1.3014184872916668,1.1126928156944444,1.2588945982638888,1.2096531429166668
2023-10-15,16423117.236111112,26241750.50138007,1.213220905763889,1.0974314955208333,1.1224488143055555,1.3499601784027777
2023-10-16,15232491.940972222,24539263.823566303,1.3588650030902778,1.0774295945138888,1.3601966416666667,1.375398015451389
2023-10-17,14284547.111111112,22422957.69314956,1.6439323864930555,1.1067766602430555,1.6236468619791666,1.5427843422569445
2023-10-18,13689693.350694444,20751864.79331914,2.017116333958333,1.107078530173611,2.1054428855902776,1.3052301092708332
2023-10-19,13361056.159722222,19767955.937926654,2.1062807840277777,1.1215786971527777,2.321949100451389,1.2620670586458334
2023-10-20,13396482.732638888,20316951.44420144,1.9099047375000002,1.1386179851041667,2.1226918004166664,1.3363435351041666
2023-10-21,13143186.989583334,20924389.46570362,1.55548175625,1.146303929340278,1.7194073174652778,1.4107076719444445
2023-10-22,13552230.399305556,22585865.72440491,1.3394378039236112,1.1692794560069446,1.3765453432986112,1.1883696914583333
2023-10-23,13410282.607638888,23491922.12368693,1.339563472847222,1.1866522561805555,1.3733701836458332,1.1016208619444443
2023-10-24,12593327.368055556,22887174.561022773,1.3163623299652778,1.2114025013194445,1.3175575758680556,1.084381594340278
2023-10-25,13904875.631944444,25933105.373251606,1.3325163385069443,1.1984319682291666,1.3748743306944444,1.1181382950694445
2023-10-26,13649353.427083334,25564938.979228716,1.3848319473611113,1.2001194571180556,1.3757777928125001,1.0816995685416666
2023-10-27,13971564.253472222,25286838.19356403,1.4582306692013889,1.252029100625,1.3685214352083335,1.1521145806597222
2023-10-28,13928175.791666666,25292352.611584023,1.4079531152083333,1.213664729826389,1.4147204952777779,1.25391973875
2023-10-29,13772160.767361112,24954780.064121913,1.3778049143402777,1.2357094061458334,1.4105637927430557,1.2496553173611111
2023-10-30,13678372.524305556,25095958.32727509,1.3718566417708333,1.2591838282986112,1.3793321488194445,1.1365082113888887
2023-10-31,13566318.739583334,24558103.909482166,1.440503764375,1.2838354189583334,1.472184859375,1.1255421378125
2023-11-01,13113032.506944444,23978767.13995274,1.4186339740625,1.3086716054861112,1.4549010953472221,1.0534230118055554
2023-11-02,13538540.871527778,24673145.74151592,1.5384440998263889,1.2995786352430556,1.6041975696875,1.1644816062847223
2023-11-03,12981190.194444444,23284289.553592846,1.5261370297569445,1.2240142969791665,1.7220443566319446,1.1189489194791666
2023-11-04,14329127.135416666,28515609.769681655,1.2325932260416668,1.2665988762847222,1.2774370218402777,1.0689748377430555
2023-11-05,14352085.121527778,28987288.628529444,1.3310894045138888,1.2859628307638888,1.4222033458333334,1.0540747571875
2023-11-06,13891041.364583334,28056262.12406574,1.4024013875347223,1.314961026111111,1.5184458920486112,1.0944532821875
2023-11-07,13596899.777777778,27042779.696943425,1.5597804709027778,1.4329228614236111,1.6674812803819445,1.0865382652430555
2023-11-08,13464319.760416666,26298646.250491682,1.8587942334027778,1.3334918352083334,1.8839036792361112,1.1450406728125
2023-11-09,14630499.222222222,30562262.08701442,1.5277511069097223,1.4214975084375,1.578117830138889,1.0506282280208332
2023-11-10,17053668.861111112,39832147.74944365,1.3113812980208333,1.5097525316319444,1.3930440647222222,1.0307956035416668
2023-11-11,15278845.142361112,34846322.94010687,1.5175444071428572,1.6848607789198606,1.6005068796864113,1.0175756955208335
2023-11-12,14635169.71875,32866104.6550372,1.5291774720833333,1.5982915398958335,1.6945170841319444,1.0532273585763887
2023-11-13,14257192.239583334,33286035.64651198,1.4502692701041666,1.4593568043402778,1.6135231883333332,1.0215702991666666
2023-11-14,13141444.006944444,29079669.952938724,1.5382778810763889,1.200906502986111,1.7277310662152778,1.0785239707638887
2023-11-15,13339216.204861112,32538036.32607489,1.3823292035416666,1.2118726954166668,1.4137071904166667,1.0337752122569444
2023-11-16,13590351.454861112,32440518.47705498,1.61441869125,1.3790133830208333,1.633089938090278,1.068638731958042
2023-11-17,13084719.375,28727600.354919624,1.8337013713194443,1.1834431760416666,2.1485061754166668,0.9901926526736111
2023-11-18,12753260.809027778,27921759.412678823,1.6080832284027777,1.1652366211458334,1.8965326197569443,1.0415091631944444
2023-11-19,12224819.329861112,27788887.656898662,1.4755165065625,1.1326559530555556,1.7320182246180555,1.0064898596527778
2023-11-20,11210089.670138888,27556432.401621863,1.239450528505338,1.193956192241993,1.371070479644128,1.0145595214583334
2023-11-21,11353261.760416666,26807353.888673052,1.2778655995833335,1.165826849027778,1.3937458768055555,1.0311765929166665
2023-11-22,11004478.538194444,26799307.90994925,1.0998431416319443,1.0919612946527777,1.316154254826389,1.1231076878472221
2023-11-23,11977521.965277778,30490489.364663668,1.0935511269580418,1.2363117155944057,1.0135352673426574,1.0940395351736112
2023-11-24,11438535.71875,28932308.542057965,1.3469994458333334,1.2396986789583333,1.257603395138889,1.1709569319791668
2023-11-25,11405523.545138888,28484206.92317196,1.5759580471874999,1.2549485673958332,1.5838000465625,1.116849192048611
2023-11-26,11541268.152777778,28698291.7583713,1.5796830605244756,1.374674884090909,1.5018109891958042,1.1209063441319445
2023-11-27,11376412.659722222,27159044.20691299,1.7437406687152779,1.281315710625,1.7603819629166668,1.1115986024652778
2023-11-28,11326926.041666666,26542190.40009999,1.9704667511458334,1.253837821701389,2.128969826284722,1.0271155002430554
2023-11-29,11758590.395833334,26935179.692311667,2.025828788923611,1.2633897477083333,2.1530621971180555,1.1505841589583334
2023-11-30,11881171.232638888,27490775.794546153,1.7578573295833335,1.205225968611111,1.9886312051041668,1.0629060050694443
2023-12-01,11705808.177083334,27959157.904415175,1.4132312331944443,1.2546856750000002,1.5329788874999999,1.0236665442361113
2023-12-02,11864768.333333334,28509608.202099618,1.5087864842708332,1.3086827658333333,1.6234401494444444,1.0742115498611111
2023-12-03,12542412.215277778,30348105.786131747,1.6810818433333334,1.403920647777778,1.9284102912847223,1.1983072734027778
2023-12-04,12570639.774305556,30349067.953494642,1.67658764125,1.3779488471527777,1.7986269029861113,1.0521583596180557
2023-12-05,12326043.590277778,29396663.40337393,1.8631929794097222,1.5125033311458334,1.9458632426388887,1.0035650871875
2023-12-06,11956061.298611112,27941078.758069094,2.171768556527778,1.6056985449305554,2.3161134305555553,1.0526108897222222
2023-12-07,12788645.065972222,30182606.38479456,1.9998609160069445,1.3635064670486112,2.2676731228472224,1.0715883213541666
2023-12-08,13586594.5625,33249821.62147879,1.8569475909027777,1.4101147105208334,1.9290387453125,1.078150179236111
2023-12-09,13896014.847222222,33683944.2395069,2.182501192534722,1.4201262898611111,2.2711701088541667,1.0928257546527778
2023-12-10,14120440.628472222,33651241.74937368,2.1934204867708336,1.2925381630902777,2.4620201214583335,1.0627982378125
2023-12-11,13418790.0,30551944.24468722,2.268787991736111,1.3140016132986112,2.453677952152778,1.0504887020833333
2023-12-12,13395439.788194444,30285161.535021815,2.2286168845138885,1.2042078165972223,2.4640856295833333,1.089683923611111
2023-12-13,13288954.625,29555957.76591512,2.295028813611111,1.2019508207986112,2.4504128180555558,1.0275644969097222
2023-12-14,13019664.628472222,30413303.460038703,1.9924023064583334,1.2884369970833331,2.150003111284722,0.9778621285416667
2023-12-15,13107887.208333334,29327261.85479887,2.7700982027083336,1.3300983352777778,2.722414468715278,1.103660426597222
2023-12-16,13166096.65625,28687705.630861834,2.8298095125347222,1.2330871105208334,3.0789868603819444,1.0624852026736111
2023-12-17,13468444.8125,28647024.584285542,3.129171254548611,1.2983712931944444,3.3750815622222223,1.0900409364930554
2023-12-18,12853486.961805556,26658534.30454421,2.920295693472222,1.2822246563541666,3.2186456105902774,1.063681637638889
2023-12-19,12436331.21875,26098672.215959404,2.9326515455902777,1.2780398488541667,3.2555073835069446,1.1067324998263888
2023-12-20,12358596.208333334,25978517.10034737,3.1276131172569444,1.2766193393055554,3.6077078656944446,1.0482953435069444
2023-12-21,12649504.763888888,27095975.30112259,2.9029650381944445,1.2827224323263888,3.302313725625,1.0334221421180556
2023-12-22,12791677.486111112,29345445.266006604,2.4460368003819446,1.2002260816319443,2.8723812543055556,1.0476146051041666
2023-12-23,11685089.180555556,27286734.225876406,2.368830184791667,1.1808425937847222,2.601269114375,1.070046822048611
2023-12-24,11077289.493055556,26667527.582133733,2.2294749553819444,1.1968887495486111,2.4687204885069445,1.0065366583680555
2023-12-25,13358660.795138888,34499726.948162004,2.426616326076389,1.1995888798958334,2.9998991763194445,1.0164380127083334
2023-12-26,12713551.489583334,32166807.76892827,2.9616066038194444,1.2530237996527778,3.611856514340278,1.0238925934027778
2023-12-27,11595128.135416666,29733701.249036208,2.6812368254166667,1.2877199748958335,3.119585906111111,1.0788022516319444
2023-12-28,11102690.777777778,31897755.835190877,1.8301499175000002,1.3064262824652777,1.8706696334375,1.0179704835763888
2023-12-29,10652629.975694444,28825761.606984153,2.498163279097222,1.337072237986111,2.8555178070833334,1.0660812612847221
2023-12-30,11569187.371527778,32949918.353337962,2.2175193777430557,1.3596867239583335,2.3028630587847223,1.027395714097222
2023-12-31,11517854.454861112,31386585.458193347,2.5274373843402778,1.4003267556249999,2.888702718958333,1.047309050798611
2024-01-01,11034958.861111112,30817349.95149823,1.9353406660069443,1.4711245065972223,2.240398678819444,1.0977752446875
2024-01-02,11428429.142361112,34467799.27658132,2.0865152099305555,1.5345503900694444,2.3107175130555557,1.014377296388889
2024-01-03,11740696.409722222,36463562.16346033,2.2155838730555555,1.5577413814236112,2.4362987902083333,1.0725767127083334
2024-01-04,11534339.413194444,37026872.6122354,2.0707662446180555,1.3177241952430556,2.2894199671180555,1.075335137152778
2024-01-05,11226964.322916666,35635535.82245425,2.2202486976041667,1.2277232904166668,2.480155920173611,1.0689821039930556
2024-01-06,10997705.958333334,36180679.150657624,2.0578307866319445,1.1295177997569443,2.0894190418055554,1.0757540320486112
2024-01-07,11326474.173611112,35158411.05697082,2.5204827346874996,1.1370098679166665,2.8415317970833334,1.05355542625
2024-01-08,11236963.913194444,32979141.32523293,2.2966153994791667,1.1146831390277778,2.504372562048611,1.0319656284027776
2024-01-09,11219434.951388888,36599671.126776844,1.8747385914583334,1.161396391736111,1.907212297361111,1.066785161076389
2024-01-10,13982000.652777778,53151145.87152347,0.9227909083333334,1.095423431875,0.7270630538194445,1.030878727951389
2024-01-11,12628701.861111112,46991001.66065237,1.5415672436805556,1.1240582324305555,1.2952353559375,1.0263274835416665
2024-01-12,11644029.451388888,42194282.492724635,1.8021893703125,1.1425123746874999,1.6653102754513889,1.031912966736111
2024-01-13,11156584.899305556,37820194.51337511,2.1272505740972223,1.0964163224652779,2.279354129861111,1.0725144996875
2024-01-14,12026863.729166666,39808908.89492924,2.3084961205555556,1.0925525800694444,2.610878387048611,1.032033568888889
2024-01-15,11834998.21875,39247159.315839216,2.296780634201389,1.0944048425347224,2.8146426543055556,1.0497149151041667
2024-01-16,11641231.861111112,39071490.85031167,2.2333399831944445,1.1160190523958333,2.619162316527778,1.0225685791666668
2024-01-17,11509052.815972222,37624417.04970427,2.380440008263889,1.133467039548611,2.7064444542361112,1.0619714068402777
2024-01-18,12011587.020833334,37295364.67201515,2.5868122088541665,1.1677825864583333,3.0427380802777777,1.0898103336805556
2024-01-19,11903088.625,35782403.01465297,2.4069615894097223,1.1999028858680556,2.8306991455555557,1.0411870987152776
2024-01-20,11688516.454861112,33807735.474732846,2.4440432590277776,1.2212423742361112,2.8181836834722223,1.1213916060069444
2024-01-21,11417496.100694444,33205996.286042348,2.4988958599999997,1.2325667860069442,2.927314681076389,1.1551148961458333
2024-01-22,11980278.451388888,33962999.10275843,2.5200061279513886,1.2183535773958334,3.0110999151736113,1.00944782875
2024-01-23,11895246.149305556,31911051.716596425,2.464219960972222,1.166100381423611,2.8571152120833334,1.018055592673611
2024-01-24,11515513.506944444,31505545.811338764,2.397000936875,1.146355415625,2.693450084965278,1.1815396469097221
2024-01-25,11088574.215277778,31919216.23366556,2.116155281597222,1.0988152827430555,2.1739908606944445,1.0458777525
2024-01-26,10877738.083333334,33037753.476633582,1.9736961540625002,1.0697252701041666,2.0758495498263887,1.169112127013889
2024-01-27,10426335.788194444,31566057.975710087,2.3577938168402777,1.0512497066319444,2.529120920138889,1.2623813223263889
2024-01-28,10125107.559027778,31694639.13865407,2.1965253305555557,1.0567949190277777,2.3232279713541666,1.0319782798611112
2024-01-29,10325060.121527778,32329923.968524046,2.0687114833333333,1.056594574375,2.284297219513889,1.095078140763889
2024-01-30,10177915.840277778,31316523.931812566,2.1193998615625,1.1456280387847224,2.3191418766666665,1.1775093616319445
2024-01-31,10102025.368055556,29326916.617997054,2.5256474585763886,1.1703897495833333,2.892479449722222,1.0677741793055555
2024-02-01,9977916.5625,27959287.46324103,2.5044365207986115,1.155706363888889,3.1257421402777776,1.1304444731944445
2024-02-02,10249158.784722222,28959089.36633345,2.3851409677083333,1.1891508601041667,2.7628793027083334,1.18842943875
2024-02-03,11401023.791666666,31595414.128001053,2.6200099677430555,1.2122108146875,3.126605026736111,1.1918943348958333
2024-02-04,11913469.743055556,32555654.30801608,2.614766523263889,1.197561379236111,3.1484519727083335,1.1273952220486112
2024-02-05,12117602.190972222,32926763.213974945,2.478361717847222,1.2260571419444444,3.0060884381597224,1.2268161663888888
2024-02-06,12085564.413194444,33228153.11382871,2.433451318125,1.2440292682291667,3.0595920868055555,1.1532192725694446
2024-02-07,12797398.177083334,36578724.663897894,2.115160853923611,1.2651424255902777,2.4065413705208334,1.075354996423611
2024-02-08,13813506.611111112,39742632.32994119,1.9706928096875,1.3107111680208332,2.354869283298611,1.1149441575694443
2024-02-09,13463720.340277778,39834791.67299126,1.7684389099305555,1.3107761175347223,2.0191470486111114,1.010997407048611
2024-02-10,12794448.802083334,37927825.874534465,1.9385450324305558,1.3887687992708333,2.192472804722222,1.1825159039930555
2024-02-11,12828501.847222222,38063503.93064756,1.9915422372222222,1.4025690437152778,2.2191858097569446,1.1794542649652777
2024-02-12,12550293.225694444,36924283.623681255,2.1974944830555554,1.3614415165277778,2.555785628611111,1.1548703938194445
2024-02-13,11675318.118055556,36401621.66511332,1.7876753407291668,1.4689645963194444,1.897002523576389,1.0775282189930555
2024-02-14,11581301.291666666,36845573.58765143,1.9482821860416668,1.4642219197222222,2.132865674548611,1.1496388356944445
2024-02-15,11563632.927083334,37441498.59148925,2.4638744460416664,1.494411584652778,2.696349396145833,1.0788976807291666
2024-02-16,11929881.300613496,39188470.89548216,2.408363726932515,1.4854575103680983,2.6133362054601226,1.156538891595092
2024-02-17,12438317.493055556,39316189.31640105,2.8926116319791664,1.4738140889930555,3.0418012461805555,1.0616612072222222
2024-02-18,12363102.586805556,39201750.53110516,2.9342392022222223,1.5076941483333333,3.2754540961458334,1.1506198655208335
2024-02-19,12217327.21875,40820023.240089126,2.5842933313541665,1.6417017450694444,2.725966971875,1.0787594632638888
2024-02-20,12201327.708333334,39203224.57546557,3.258442198159722,1.6691770056597222,3.2967537357638887,1.1215452913541666
2024-02-21,11873989.347222222,37197307.17149571,3.169460964930556,1.5939727151041667,3.3925633099652774,0.9825262637152777
2024-02-22,11787464.447916666,35994836.34695332,3.2052850929166663,1.4951868067361112,3.599658042951389,1.0351825118055555
2024-02-23,11740985.90625,35668816.09084475,3.0663441207638886,1.5062233228125,3.516211455694444,0.9943467860416667
2024-02-24,11613575.902777778,37180988.243368655,2.7177327783680556,1.5051612295833334,2.9511827175347225,1.1422741652083335
2024-02-25,11291758.899305556,37702989.605083674,2.4510435638194448,1.581150791701389,2.5097704914930556,1.0828941927777778
2024-02-26,11381407.930555556,39278084.78571391,2.188646363472222,1.612180002013889,2.1971055796180554,1.0526332464583334
2024-02-27,11116996.614583334,39222221.10346483,2.1372072218055553,1.6630954523611112,2.235602217847222,1.1166900862152778
2024-02-28,10941876.180555556,37442344.62240167,2.8982237216319446,1.7657264947569444,3.372679289652778,1.0665512502777779
2024-02-29,9776652.71875,34258902.29258411,3.450202941909722,1.9408798293402778,3.804479587395834,1.033873897361111
2024-03-01,9660931.684027778,32709755.668087184,4.310759427118056,1.7036056842708334,4.562932087326389,1.0873985779513888
2024-03-02,10056344.739583334,34013254.46614358,4.551382920625,1.791119690798611,4.6508338091666666,0.9910600794444444
2024-03-03,9708416.059027778,32788432.391801298,4.498346488020833,1.8608160780208334,4.459667187326389,1.0711314624305555
2024-03-04,9890905.655052265,32649917.248127203,4.564480180139373,1.7751600034843205,4.649028508675959,1.0209225609756098
2024-03-05,10278291.447916666,34113494.66698012,4.279016263263888,1.61544990625,4.355216402291666,0.9713102465277778
2024-03-06,9795673.395833334,31975447.994608626,3.4780176484375,1.415816607638889,3.525711362986111,0.9924575451388888
2024-03-07,9526533.454861112,32329104.940862145,3.9409574529513893,1.6002436736111112,3.6617462380902777,1.0579623472222222
2024-03-08,9424204.493055556,32397995.703706928,4.125272040347222,1.7025047395833335,3.903395153854167,1.1102861701388889
2024-03-09,9971564.701388888,33965370.230626374,4.5086364303125,1.6765706041666666,4.4579959209375,1.1181280069444446
2024-03-10,10591616.545138888,35236856.70056543,4.673415235763889,1.6291689618055556,4.716723907777778,1.1162800902777779
2024-03-11,11029607.038194444,36694233.73646672,4.531143099583334,1.686017309027778,4.487651524131945,1.0330155416666666
2024-03-12,11719915.868055556,38609165.76549262,4.825637081631944,1.6721328506944444,4.6659590302777785,1.026209125
2024-03-13,11313475.256944444,39011807.383750245,4.3865763724999995,1.7059198854166668,4.100325798854167,1.1759159270833335
2024-03-14,11365457.642361112,37166658.194800705,5.527825820902778,1.6692511701388888,5.6708618338541665,1.0919916111111112
2024-03-15,12462876.892361112,37018535.64299029,5.188181891180555,1.5777862534722222,5.382329475034722,1.0409440381944444
2024-03-16,13435425.385416666,38412090.44997332,4.7870304065625,1.5738398055555556,5.195777826666667,1.0956482465277777
2024-03-17,14224604.517361112,38590804.19230585,4.5152878776388885,1.450066892361111,5.091714827430556,1.0896847847222224
2024-03-18,15068315.8125,39099939.00051803,5.0888843406249995,1.5551477604166668,5.698372451493055,1.1165282569444444
2024-03-19,14823366.930555556,35324907.591544524,4.343597579513888,1.3514884548611112,4.829535207951389,0.9793740208333332
2024-03-20,14300031.868055556,34730183.81144266,3.9631952597569446,1.247249076388889,4.418979824583333,1.0224252777777778
2024-03-21,13945383.802083334,37857865.87611301,3.4458373916666667,1.2869825972222222,3.6607755140625002,1.0754702916666665
2024-03-22,14300569.670138888,39871581.77996981,3.3042411378819443,1.2925730868055556,3.701380732847222,1.0724047951388889
2024-03-23,14605919.329861112,41598983.92263451,2.888001421875,1.3522388437500001,3.148245190590278,1.0757043159722222
2024-03-24,14558807.5625,43950034.41844932,2.5840804672222224,1.4134833263888888,2.6700158366319444,1.098834204861111
2024-03-25,14109949.954861112,45836842.3032633,2.695456575659722,1.4973440277777776,2.695723270833333,1.067468111111111
2024-03-26,13801956.388888888,44653805.99269677,3.069859997604167,1.7586899756944443,3.166953649895833,1.0992467708333333
2024-03-27,13208872.052083334,41224855.52944264,3.4143066808680556,1.8364334479166666,3.644627007986111,1.1017928888888888
2024-03-28,13755476.829861112,40293550.32787104,3.803135695763889,1.7468977187499999,4.429249468159722,1.187165267361111
2024-03-29,14295592.847222222,40800366.96706137,3.6759319105902772,1.817316079861111,4.3191822363194445,1.1149595243055554
2024-03-30,14300974.493055556,40354420.819131784,3.857625677986111,1.8788260763888889,4.490951923576389,1.1150542152777776
2024-03-31,14773572.684027778,42780323.58303025,3.7708872713194443,1.8023176180555553,4.346765425868055,1.1379374166666667
2024-04-01,15109882.590277778,42785289.64871052,4.025321996736111,1.8777988749999999,4.411105953819445,1.0976544236111112
2024-04-02,15049603.864583334,40062114.13603541,4.4138976371875,1.8753268090277777,4.681578042708334,0.9864562187500001
2024-04-03,14945400.208333334,38787555.29208107,4.284448340486112,1.6800465590277778,4.637554474652777,1.1007658541666665
2024-04-04,14690820.975694444,38309001.19462362,3.881204836284722,1.6026092048611111,4.2924202084375,1.1138753020833334
2024-04-05,15244030.503472222,38082179.93254098,4.575317058368055,1.6475281180555554,4.971209844791667,1.1122648020833334
2024-04-06,15403593.336805556,39263631.38024198,3.8154870901041664,1.6112081875,4.0390331285069445,1.1650041527777777
2024-04-07,15355287.930555556,40202309.33225175,3.6871498916319445,1.6562582847222223,3.997355447986111,1.1416952708333334
2024-04-08,17146078.711805556,49511279.30777699,3.0236650297222223,1.723336878472222,2.939023648159722,1.0431676354166666
2024-04-09,17053459.690972224,48795802.47810691,3.8269914116666666,1.9977793055555557,3.669553027847222,1.1049336631944444
2024-04-10,15531300.451388888,41288635.57182817,4.396228372326389,1.955068888888889,4.706996376493056,1.16164325
2024-04-11,15949774.34375,40833082.945003904,4.080898411840278,1.967511454861111,4.0566262236111115,1.0941746631944445
2024-04-12,15101016.3125,36531100.68780138,3.8769619348611113,1.9240961909722225,3.812244887083333,1.06298975
2024-04-13,12516815.298611112,24964478.529676106,3.2380569011458333,1.8011616041666667,3.1894868849305555,1.0741948784722224
2024-04-14,12363631.520833334,24234878.385755055,2.1547098269444445,1.5232224791666666,2.1650191029513888,1.0366764791666665
2024-04-15,11772667.913194444,24250170.13744428,2.2669874729166666,1.437957829861111,2.2361316703819445,1.096505472222222
2024-04-16,11092314.239583334,22086906.688323233,2.3770621683333335,1.4100174236111112,2.336596487395833,1.0121252569444446
2024-04-17,10949531.958333334,21435834.411328156,2.436937229201389,1.4368304201388888,2.3513328777777778,1.0430083055555555
2024-04-18,10746459.104166666,20984051.23126211,2.363576148888889,1.4421876388888888,2.3550424227777778,1.0608944270833334
2024-04-19,10920830.163194444,21733052.731270477,2.5989341077777777,1.448986034722222,2.4806864817013885,1.073765048611111
2024-04-20,10948663.413194444,22133198.53711019,2.6413848723958333,1.43528946875,2.501516354027778,1.134555763888889
2024-04-21,11128023.388888888,23321331.03949777,2.5284837679513887,1.4791407847222222,2.358307225798611,1.1318549375
2024-04-22,11391250.045138888,24259546.510378323,2.5557018193750003,1.4977088993055556,2.375129921909722,1.1837156354166667
2024-04-23,11537478.59375,24516853.91258337,2.5925786302777776,1.5416466493055556,2.3825354630555555,1.072909298611111
2024-04-24,11555516.027777778,24236553.414343946,3.133044236840278,1.630607513888889,3.0474045927430553,1.080473875
2024-04-25,11146838.263888888,22363344.044052433,3.2129899698958333,1.6567982430555555,3.1752538261805556,1.1290994895833333
2024-04-26,10999442.878472222,21787744.2456379,3.5266387042361114,1.720036173611111,3.4318456745486112,1.0665649618055555
2024-04-27,11249374.107638888,22128200.668242726,3.388402341631944,1.7152563090277777,3.260277255868056,1.2464388993055555
2024-04-28,11811777.236111112,24843723.202260762,2.7892544794791667,1.6486443333333334,2.697921350972222,1.1133017083333334
2024-04-29,13394580.857638888,28419820.026988935,2.502576269375,1.4418523541666666,2.5023223026041665,1.050367920138889
2024-04-30,13574271.861111112,27094731.293321013,2.9419620553124997,1.4265350798611112,3.0183784698958336,1.05747621875
2024-05-01,13283394.881944444,25123806.269756112,2.8779738783333335,1.445388642361111,2.9546410051041665,1.0438790555555555
2024-05-02,12618306.600694444,24614321.173007745,3.0016774959722223,1.5287611805555554,2.922826105625,1.074222107638889
2024-05-03,12323654.982638888,25625171.870903462,2.7901044736805556,1.6266234409722222,2.5607181718402776,1.0928570659722223
2024-05-04,12530885.173611112,26109900.632661458,2.986797722222222,1.7107593645833332,2.7523201103125,1.219413361111111
2024-05-05,12349316.135416666,25128438.509980887,3.230775167361111,1.7210888368055555,3.0576880225694447,1.304727701388889
2024-05-06,12407708.625,24772008.206075534,3.438398866909722,1.638164795138889,3.368151365833333,1.058581736111111
2024-05-07,12499281.822916666,24397750.17059226,3.3609500533680556,1.5788712569444445,3.3759300171527777,1.1046522430555554
2024-05-08,12812179.253472222,25033534.259945262,3.240630017743056,1.5772105659722222,3.288002564201389,1.0878122847222222
2024-05-09,12934859.3125,24319148.067974128,3.683960371388889,1.467286840277778,3.748005215277778,1.0822191631944444
2024-05-10,13008948.927083334,23971103.70782937,3.629183201597222,1.4224563090277778,3.6025341571875,1.1954173819444445
2024-05-11,13373043.149305556,23696230.56497127,3.3647841740277777,1.4205588472222221,3.5660894171875004,1.181224732638889
2024-05-12,13616409.961805556,24215266.996522114,3.510374889861111,1.456282375,3.5898051640625,1.2537851805555555
2024-05-13,13588364.659722222,23555841.674928218,3.5162702108333335,1.5842828993055555,3.7061396919791667,1.0545993090277779
2024-05-14,13450887.104166666,22118965.910635583,3.037284652986111,1.630979236111111,3.497291146076389,1.097731954861111
2024-05-15,13520002.0,21990621.98030181,2.9925090888194443,1.7249964479166666,3.3744716667361114,1.1393993993055556
2024-05-16,15858647.385416666,25437636.884808324,3.173769036736111,1.844225871527778,3.4190053729166667,1.154332138888889
2024-05-17,18192913.40625,31880493.451905422,2.402779878402778,1.7347549722222224,2.3909631647569447,1.0221268402777777
2024-05-18,18524613.038194444,33204497.742096525,2.424362702048611,1.7969248368055557,2.3111440832638888,1.143788326388889
2024-05-19,18012241.8125,31357545.545562115,2.9252356982638887,2.038243947916667,2.8867473048263887,1.2257440486111113
2024-05-20,18987911.659722224,34318614.15667579,2.7443813407986113,2.0643837881944447,2.648284256388889,1.0904833437500001
2024-05-21,24563861.604166668,55385639.001464956,1.50579556875,1.9121765520833334,1.240950148125,1.0318137083333334
2024-05-22,23104045.267361112,49068796.50922802,2.411779882430556,2.085467923611111,2.032200799375,1.1036246493055557
2024-05-23,21588773.899305556,45840838.54605057,2.4449005077430552,2.26460921875,2.3881996492708333,0.981843329861111
2024-05-24,20641519.208333332,47565533.274495736,1.6871628382291666,1.997808034722222,1.5577765069444445,1.0659553020833334
2024-05-25,21774542.923611112,54323496.88996689,1.167368362951389,1.8477564305555556,1.0047098448611111,1.0759573854166666
2024-05-26,22479666.958333332,57337990.031625405,1.1479633744444444,1.9002717916666667,0.9641742177777777,1.09795921875
2024-05-27,22684189.003472224,58319778.88784143,1.3242716363541667,1.952013111111111,1.19134049375,1.0412083055555557
2024-05-28,22594687.513888888,54661927.743734196,1.924151035763889,2.044679902777778,1.9216743850347224,1.08156965625
2024-05-29,23661721.145833332,55359292.3150251,1.8498830084722222,1.9966645763888888,2.0177616272222223,1.0444245555555556
2024-05-30,22461592.375,51970496.30146071,2.0563232947916665,2.2546251145833334,2.1279849975347225,1.0246528090277778
2024-05-31,21784111.913194444,52891402.29322888,1.8818802612152778,2.386914315972222,1.7417663633333333,1.0690486701388888
2024-06-01,21500840.763888888,53799839.3078955,1.5914410252083333,2.34039621875,1.4442940338194445,1.1702733923611113
2024-06-02,21525706.548611112,51508111.893690184,1.7947460841666667,2.4336623506944446,1.7406569290277778,1.1426565625
2024-06-03,21013086.496527776,49572794.77455577,1.9419686879861109,2.512582055555556,1.9824962487847222,1.102989871527778
2024-06-04,21336692.986111112,49138024.89032216,2.2509010628125,2.5371419305555554,2.1630203236805556,1.1032701527777777
2024-06-05,22260996.170138888,50786884.898880705,2.519266075763889,2.4954997291666667,2.4370839751388886,1.12594771875
2024-06-06,23324338.423611112,52173396.382392615,2.7513969746875,2.53789296875,2.688669994375,1.1856288541666666
2024-06-07,22588157.069444444,48882756.04078945,2.8719257927083337,2.7577913541666668,2.8135168463541667,1.0253905034722222
2024-06-08,20290155.1875,40312635.65733653,3.258174444027778,2.8986948680555553,3.2233416930555556,1.1009859791666665
2024-06-09,20462556.913194444,39654000.73668309,3.3349996324305557,2.7848086006944444,3.380881714548611,1.07900084375
2024-06-10,21202535.611111112,40191642.29557357,2.8892936840972223,2.5685657083333333,3.0902329123958334,1.1280764444444444
2024-06-11,20904772.822916668,38496082.35212688,2.8299170900694444,2.554429135416667,2.858086323923611,1.0340394930555556
2024-06-12,21482958.798611112,41533657.695002854,2.1807402353472223,2.2847994444444444,2.233833448954704,1.0525954756944444
2024-06-13,21969828.048611112,42223773.51249323,2.481290548784722,2.656528951388889,2.5091309439583336,1.1007562222222222
2024-06-14,22146931.923611112,42768648.884948455,2.452096044548611,2.6007409479166665,2.48404465875,1.0837867291666667
2024-06-15,24282823.340277776,49798895.25814525,1.9099125005555555,2.4129725381944445,1.7357882174305557,1.0873166458333334
2024-06-16,24276754.361111112,50453161.1610435,2.0229384537499997,2.472929409722222,1.9164654360416666,1.1901436909722223
2024-06-17,25390134.510416668,53368340.54614719,1.431604541875,2.3227913645833334,1.3089078923958333,1.0554044444444444
2024-06-18,25257999.736111112,50725455.36159971,1.6364987745833333,2.3569603055555555,1.5161189356597222,1.0067588958333333
2024-06-19,29798337.9375,69671012.66698873,0.7886264139236111,2.0827082361111113,0.7210145035069444,1.0472864513888889
2024-06-20,28236166.503472224,64361657.22865477,1.0629104419444444,2.3715885694444445,0.9794093647569445,1.0700149027777777
2024-06-21,26274223.354166668,59516192.49174283,0.953058861736111,2.6312206428571425,0.9470771742013889,1.0630339097222223
2024-06-22,25697021.854166668,56468414.098453216,1.3586151834722222,2.6792330833333335,1.4031325133680557,1.096352
2024-06-23,25446551.034722224,54967527.216279216,1.5254949727430556,2.8517020902777777,1.6661841239583335,1.0489220208333334
2024-06-24,26263792.25,57383667.58967491,1.304650160625,2.427042059027778,1.3699968116666668,1.0075881319444444
2024-06-25,27028053.409722224,64023724.647054486,1.156391960798611,2.4902625868055552,1.0185516715972223,1.0918284618055556
2024-06-26,26007609.274305556,61244942.83176638,1.3779203417361112,2.591268954861111,1.2612170875347222,1.0641678020833334
2024-06-27,26365243.142361112,62674197.375809394,1.3616858419791666,2.3804376527777777,1.3032413552777777,1.0807227083333333
2024-06-28,27307175.486111112,60614261.37588707,1.5512878948958333,2.2160525972222223,1.5589842559027778,1.01162059375
2024-06-29,33153136.982638888,64933510.539777465,1.5433391114583332,1.4971549305555554,1.7681156306597223,1.0642876562499999
2024-06-30,32717474.940972224,63262826.60451576,1.4451396285416667,1.5527871909722224,1.7352671023958335,1.0566682222222221
2024-07-01,32752453.715277776,66072590.38608035,1.3612229708680554,1.753810034722222,1.5278969352430556,1.0547312569444445
2024-07-02,31449795.625,62380144.72890467,1.2845796976736112,1.9924636006944445,1.4654615702777778,1.0640092430555557
2024-07-03,34365031.82638889,60797752.89323779,1.4277201069791667,1.8564275243055555,1.7446859631597222,1.110991378472222
2024-07-04,33508665.3125,57348285.65742403,1.301654346076389,1.8011134270833336,1.6524614366319446,1.0343240381944445
2024-07-05,29882515.024305556,46823515.27545052,1.0835045709375,2.1343129722222223,1.2892773952430554,1.0176208958333333
2024-07-06,27787361.194444444,44237307.65814974,1.1415190678472222,2.1886486597222223,1.3731411834027778,1.0884084895833332
2024-07-07,27242841.701388888,43072403.0231903,1.262511551076389,2.2679190243055554,1.4466817030555557,1.0247890902777776
2024-07-08,26890309.565972224,42449492.40158554,1.2648689160763888,2.333776659722222,1.4756676022916666,1.0855723680555556
2024-07-09,27687092.465277776,43772042.890279084,1.5107799424652777,2.202772583333333,1.7524313641666667,1.121683982638889
2024-07-10,28501247.152777776,45514810.010282025,1.720226695451389,2.1784186875000002,1.9168376763541666,1.0624802777777778
2024-07-11,28950806.923611112,47318395.52845395,1.7884420230902778,2.1612645486111113,1.9155976689583332,1.1080991840277779
2024-07-12,28494230.565972224,46774485.28345016,1.7511220809027777,2.2479010277777776,1.8932982637152778,1.0659217013888889
2024-07-13,28611345.989583332,48513793.20036667,1.7310672899652777,2.2407951041666667,1.7405648150694446,1.13666090625
2024-07-14,28415024.552083332,48059121.69291208,1.750297711701389,2.2423191631944444,1.838122811284722,1.0166330277777778
2024-07-15,27641070.815972224,48769837.027124286,1.7535780508680556,2.43641521875,1.788217965,1.1114093506944445
2024-07-16,27549813.440972224,49414257.94953593,1.836093931875,2.529727795138889,1.7656552627430555,0.9975378854166667
2024-07-17,28715733.163194444,54819948.82492177,1.7301294488541668,2.325344940972222,1.6537807928819444,1.024530201388889
2024-07-18,29647065.357638888,57848919.676113255,1.4818869913194446,2.259277447916667,1.4764112785069445,1.031467763888889
2024-07-19,27561023.857638888,52995213.80666934,1.6323686290625001,2.4044851354166665,1.5979131156597222,1.0147909513888889
2024-07-20,26147598.902777776,50412682.24280207,1.7025703249305557,2.499012086805555,1.6197307460416668,1.1207081979166666
2024-07-21,25374388.784722224,48516563.52498001,1.5706289404861111,2.446034222222222,1.5555989465972222,1.0747861354166668
2024-07-22,24516630.847222224,45554446.17954456,1.5371529070833332,2.6855771215277775,1.5376912972916665,1.0720096979166667
2024-07-23,24730982.614583332,44740577.14494872,1.4898368821180556,2.5283073541666665,1.5623882821875,1.080872138888889
2024-07-24,25376624.625,43512574.77024689,1.5816841495486111,2.4410070590277777,1.7114172779166668,1.1395563125000001
2024-07-25,25544701.152777776,39653636.889750235,1.690212273263889,2.2952173125,1.8869851452430555,1.0997684375
2024-07-26,26214312.079861112,41251827.80343092,1.7215503710763889,2.318824375,1.9649677397569445,1.1607378993055555
2024-07-27,27043767.3125,43076088.2245801,2.0444899573263893,2.451140909722222,2.1808092030208335,1.0915741250000002
2024-07-28,27162036.888888888,43087074.6241309,2.238106294548611,2.471707947916667,2.3456474507291665,1.2338625729166666
2024-07-29,26805038.128472224,43627955.64514444,2.222714882986111,2.4651982013888887,2.3165643865625,1.06302203125
2024-07-30,26375737.479166668,42526650.67297724,2.4281819272569445,2.4539002743055556,2.4580657279861113,1.0672627118055555
2024-07-31,26362162.916666668,42877257.87989287,2.3748617640625,2.231110003472222,2.454093958402778,1.01790415625
2024-08-01,26152270.256944444,40473051.559000656,2.4697243093402776,2.065864760416667,2.5994928777083333,1.0576329618055555
2024-08-02,25625239.611111112,38317645.973415956,2.4827825804166666,2.2423079305555556,2.5934261209722225,1.052326888888889
2024-08-03,26589352.840277776,36581742.587583564,2.4023199930208334,2.1337407256944445,2.6212265,1.14023959375
2024-08-04,26452867.576388888,34341693.820811056,2.093141699826389,2.0847494340277777,2.3294997069444445,1.1305888993055555
2024-08-05,24117602.190972224,24445772.658596687,1.9900199412152777,1.8925829062500001,2.0107082498263886,1.0501392013888888
2024-08-06,22891557.465277776,25751276.667185828,1.800552774201389,1.666884201388889,1.8286889160416666,1.1231111631944444
2024-08-07,22831482.392361112,24604643.244764447,1.9786231373958334,1.7798252638888892,1.919918511909722,1.1042314618055555
2024-08-08,23152246.291666668,25244982.92575658,1.8106322973958333,1.8189836979166667,1.8446563075694447,1.1013452083333333
2024-08-09,22130237.694444444,24561331.076885268,2.079203690486111,2.1548618541666666,1.8634517520833331,1.1453162083333333
2024-08-10,21688300.517361112,23826916.842916172,2.1678658513194446,2.00759628125,1.9677697932638887,1.21583684375
2024-08-11,20410482.270833332,21896640.399756763,2.3169735747569447,1.8947111944444446,2.1474754693402778,1.17191090625
2024-08-12,19705408.40625,20989382.609464232,2.3521958342857143,1.7738503321428571,2.267191885964286,1.128748
2024-08-13,20094035.965277776,21320341.694695923,2.4944574398263892,2.013325048611111,2.3532168977777776,1.1433922152777778
2024-08-14,20844255.34375,22305497.555426322,2.3067983869791666,1.8901620694444443,2.2162162057986112,1.0980268645833333
2024-08-15,21110807.954861112,21966579.322398767,2.208215244027778,1.8883444722222222,2.2079154742013887,1.1142788055555555
2024-08-16,21076912.232638888,21145716.482049108,2.2020842751041667,1.6921163506944443,2.2661555222916667,1.115155857638889
2024-08-17,20462024.958333332,20959350.498271137,2.1578170069791667,1.75826525,2.1551009990625,1.191766642361111
2024-08-18,20427395.739583332,21957813.985699307,2.198566901215278,1.8177505590277778,2.0994708021180557,1.1154246701388888
2024-08-19,20048121.996527776,21042004.268169966,2.4903226647222225,1.8584098541666667,2.3699301813194444,1.2400971875
2024-08-20,20425051.597222224,21858244.425681807,2.440084362222222,1.8359226006944445,2.308888101076389,1.1027478263888888
2024-08-21,20524986.027777776,22257836.08187349,2.496143927395833,1.8573318125,2.3263754671875,1.1033899305555555
2024-08-22,19752977.576388888,22083887.3413503,2.5534555047569447,1.7618950868055556,2.3134869100694444,1.2434236944444443
2024-08-23,20222647.340277776,24340334.51783654,2.3549714330208333,1.74421975,2.086370643298611,1.1757783124999999
2024-08-24,21246807.177083332,27813698.936429657,2.278431995277778,1.8873561250000002,1.8751829568402778,1.1695875729166667
2024-08-25,19459962.045138888,24232565.5036764,2.7322485291319447,2.059547996527778,2.1993048910069444,1.19453696875
2024-08-26,18666804.284722224,22779537.3644595,2.6468978563194443,2.0773116354166667,2.1982203877430555,1.0411411597222222
2024-08-27,18766131.270833332,21849243.471743852,2.563344629409722,1.9486272500000001,2.2700655112152774,1.0879792118055556
2024-08-28,18919372.052083332,19995361.89890726,2.7274617787847224,1.8375680347222223,2.5813751177083333,1.1508748333333334
2024-08-29,19929801.486111112,21234803.14600694,2.466069328472222,1.6960995729166666,2.4100549454861113,1.2787998437499999
2024-08-30,19098792.420138888,20123516.306765154,2.361115046944444,1.6378975173611112,2.3255521122916667,1.141100954861111
2024-08-31,19252922.694444444,20437913.741972774,2.4075922596874997,1.6545067152777777,2.2780675236458334,1.1963876979166668
2024-09-01,19372561.729166668,20287122.030095637,2.323226106631944,1.6064695416666668,2.294807707638889,1.11301284375
2024-09-02,18885078.010416668,19767072.85162697,2.340356251423611,1.546018017361111,2.3612790785416666,1.1624410555555555
2024-09-03,18572169.28125,19243062.394370127,2.6408531093055556,1.6273762916666668,2.6763263371875,1.102644434027778
2024-09-04,18384711.767361112,18338230.168915585,2.6115800300694447,1.539787638888889,2.681657697847222,1.135750798611111
2024-09-05,17950079.75,17721616.212124553,2.7839916571875,1.558322440972222,2.797099428576389,1.2155330034722223
2024-09-06,19152499.201388888,18215426.261205547,2.756268168888889,1.5152459687500002,2.820897111111111,1.1317899479166666
2024-09-07,19644941.350694444,18060191.27734308,2.6755755722916668,1.4494441979166668,2.7943761991666665,1.288038829861111
2024-09-08,19627820.166666668,18246307.29374654,2.643221316527778,1.4763425902777778,2.754609191076389,1.1438764548611111
2024-09-09,20152751.954861112,19619244.44499418,2.5376061180555554,1.5417785416666667,2.568164318402778,1.0874291631944444
2024-09-10,19732829.15625,19884666.1269857,2.6833681471527777,1.6367254479166666,2.549860064201389,1.1804830416666665
2024-09-11,18323519.916666668,18365304.614133865,2.8469053919444445,1.6324655104166665,2.6598569721180554,1.0564647916666667
2024-09-12,18535776.368055556,18944863.768263355,2.7954882266666665,1.5741613854166667,2.551743250763889,1.0763319375
2024-09-13,18688628.489583332,19385651.072723523,2.8029585775347226,1.5623578819444444,2.4914210871180553,1.2451357256944444
2024-09-14,18729283.815972224,19380786.10709845,2.894357395,1.5370906111111111,2.512722150625,1.2882723055555556
2024-09-15,18934679.732638888,19333778.215808805,2.9268338819097224,1.5146448715277776,2.5999471964583334,1.2351885277777777
2024-09-16,18645587.96875,18298753.177692767,2.8318543157291667,1.5165555798611112,2.630938217673611,1.2359995833333333
2024-09-17,18649769.694444444,18363135.217157003,2.8184444973958334,1.4765791145833334,2.6545009543402776,1.2438460590277778
2024-09-18,19110110.475694444,18681695.39485367,2.7499019815277777,1.446342545138889,2.5375140983680553,1.2118056527777776
2024-09-19,18846912.128472224,19736710.863045406,2.672061075798611,1.5356651215277777,2.480730625625,1.1642346319444445
2024-09-20,22593417.545138888,24919843.59540117,2.4725737822222222,1.7098977291666666,2.22160638,1.2186028472222223
2024-09-21,23073615.5625,25708842.08546661,2.4661089507638887,1.7714149444444445,2.230784545798611,1.2203343854166666
2024-09-22,22568258.048611112,25444722.609607693,2.3202135580208334,1.7925412604166668,2.030233870243056,1.1344902916666666
2024-09-23,22110911.263888888,25513303.691944435,2.243409430451389,1.6317455798611111,2.0828629400694445,1.0362471111111111
2024-09-24,22138901.725694444,27026140.065447498,2.216482934826389,1.8050388055555555,1.9209972055555555,1.1168090069444443
2024-09-25,21424980.864583332,26918212.35902381,2.2641279451041667,1.7220558368055556,1.9890655294097224,1.1287378645833333
2024-09-26,19882323.944444444,24822080.35876045,2.3338436627430554,1.8474340659722222,2.1241512869444445,1.1241483784722222
2024-09-27,19633962.496527776,25605383.746736612,2.198469082847222,2.070251388888889,2.028439384236111,1.0264034236111113
2024-09-28,19998244.947916668,26813414.132573575,2.1996948571527777,2.2110494999999997,1.8836708671875,1.201731201388889
2024-09-29,20401524.256944444,26982124.118280374,2.2753195487499998,2.2684374687499997,2.0115386081944444,1.0895240173611112
2024-09-30,20121659.923611112,26366306.600742787,2.2968719008680556,2.328156611111111,2.0495057401041668,1.0803754027777779
2024-10-01,19880314.777777776,24897968.669862244,2.3708846531944445,2.0338424965277775,2.1761822557291666,1.081149128472222
2024-10-02,20541095.888888888,22701276.422712073,2.3804150277430556,1.8123473541666668,2.297912036840278,1.0425698819444444
2024-10-03,21094937.552083332,21694395.7669086,2.4237386316319443,1.8458241215277778,2.3209610946180557,1.1537851458333332
2024-10-04,21956042.788194444,22676746.477751557,2.430123157847222,1.9427189583333333,2.3647120052777777,1.1549955555555556
2024-10-05,22109146.944444444,23466621.093813825,2.425810917534722,1.8798179513888889,2.252741723611111,1.211029045138889
2024-10-06,21730743.559027776,23031901.904290386,2.608053173784722,2.033318315972222,2.367007317569444,1.14510890625
2024-10-07,21736198.975694444,23987056.06843007,2.568057323333333,2.135077045138889,2.268140768611111,1.1345259618055554
2024-10-08,21080701.125,22705487.380388375,2.7727213318055557,2.1559430069444447,2.4663830998958334,1.0317776979166666
2024-10-09,20880191.263888888,22172069.307475932,2.9669337074305555,2.411724920138889,2.724608797013889,1.0838083958333333
2024-10-10,20942814.253472224,21712720.66943025,3.0227406487152777,2.3153381458333335,2.797370934861111,1.2239276597222224
2024-10-11,21616290.038194444,22804344.847119596,2.9454957815625002,2.2958008541666666,2.663157287465278,1.3064927604166667
2024-10-12,22729437.010416668,24582375.73382868,3.106417344965278,2.2810878993055557,2.6450590750694447,1.2269365833333332
2024-10-13,23463716.927083332,24618615.464581802,3.2849872354513887,2.27324484375,2.824251682326389,1.23421453125
2024-10-14,23864712.618055556,26755829.510165386,2.760227386388889,2.4493631909722224,2.419290166909722,1.112719111111111
2024-10-15,23912670.434027776,27598892.29748471,2.82638402375,2.8318733159722225,2.28014968625,1.1293881041666667
2024-10-16,23133300.527777776,26012955.403628983,2.8734638095486114,2.7575679652777776,2.4517866855902777,1.1618872118055554
2024-10-17,23286466.864583332,25558418.651075307,2.8327950115625002,2.65032653125,2.4847075744444442,1.1287565520833334
2024-10-18,23178729.354166668,25724970.900006074,2.777316209375,2.644272760416667,2.473258275833333,1.1493667013888889
2024-10-19,22969889.927083332,25822541.40556876,2.8683164605902776,2.712511940972222,2.4838711760069447,1.1925537256944443
2024-10-20,23455734.333333332,27211359.56864555,2.749531328298611,2.7669481875,2.289477796597222,1.1424997083333333
2024-10-21,23544976.711805556,27691325.85866917,2.885127553680556,2.9420016701388887,2.2321348354861112,1.148197152777778
2024-10-22,23777980.409722224,27384294.856506348,2.9288678262500003,2.841669579861111,2.3603650677083334,1.1369763125
2024-10-23,24347550.732638888,27008242.00314972,2.999857718229167,2.7787024097222224,2.5304265197916664,1.1230136458333333
2024-10-24,24682957.930555556,27167203.306669578,3.1303235211805553,2.704825888888889,2.5206378675694445,1.12672884375
2024-10-25,24435645.15625,26329638.87205512,3.1989258747916667,2.7224407881944446,2.5190211647569445,1.1508221979166668
2024-10-26,24028627.621527776,24194141.885356694,2.9889587201041667,2.496268510416667,2.5833650783680557,1.2721759583333334
2024-10-27,24729501.447916668,25348175.54093006,2.9828389915277778,2.5432033958333333,2.6853754138194446,1.3346921944444443
2024-10-28,24633718.63986014,25192817.44100473,3.019727903216783,2.6266286678321675,2.6473883672377623,1.18725270979021
2024-10-29,24568647.277777776,26478726.55063034,2.9369845536458334,2.824944982638889,2.450542448715278,1.2714320729166666
2024-10-30,24450734.961805556,27216123.621760793,2.8822430561805557,2.846741975694444,2.218687861458333,1.1687681631944444
2024-10-31,24118253.454861112,25869284.11320149,3.0761462975000002,2.855636270833333,2.435203463263889,1.1777745
2024-11-01,24845805.583333332,25837498.998957608,3.0430122716319445,2.7298359687500002,2.745717446111111,1.4592154583333334
2024-11-02,25156597.142361112,25510461.926906645,3.003973472708333,2.6976244583333333,2.729455970520833,1.32194046875
2024-11-03,24356239.135416668,23425667.429704953,3.263685033576389,2.566717791666667,3.0193122554166667,1.1226583368055556
2024-11-04,24215227.274305556,23277646.88833447,2.907528736527778,2.3332361840277778,2.678980580277778,1.1494757881944446
2024-11-05,23680414.8125,22844564.132918928,3.0569816788194446,2.399441857638889,2.799418786597222,1.2700100243055554
2024-11-06,27959148.5625,32704524.408887956,2.0678048409375,2.314113607638889,1.7721694052083334,1.1059709722222222
2024-11-07,35267926.64930555,47520713.45934798,1.4375739722569445,2.4197714791666667,1.1167239333680556,1.115146875
2024-11-08,37252334.48263889,46971650.00803652,2.263225701423611,2.734754069444444,1.7429052471527777,1.14344259375
2024-11-09,34528096.222222224,44166541.313881546,2.5423755638541667,2.823962763888889,2.0097734036805557,1.132052642361111
2024-11-10,34608644.94444445,46470534.896957435,2.6338388017013887,2.939110704861111,2.1505136272569443,1.0634782083333334
2024-11-11,34045372.166666664,43430653.59893218,2.8515378171875003,3.3575438506944444,2.3420367660069443,1.039930451388889
2024-11-12,32877335.253472224,40123619.33883739,3.5206069808333336,3.3443092743055556,2.868735717013889,1.0254896736111112
2024-11-13,31566864.864583332,36146880.255982436,3.6360771086458334,3.120962326388889,3.1236819116319445,1.0335742777777779
2024-11-14,30827920.677083332,35619906.62019773,3.473059482638889,3.214905736111111,3.097608237673611,1.0530649756944443
2024-11-15,31261243.673611112,35368414.71026611,3.3428493845486114,3.1663063611111113,3.044876409861111,1.0719413125
2024-11-16,29985726.34375,36015939.39774094,3.2713510608333336,3.551149878472222,2.953945051423611,1.0514410486111112
2024-11-17,29347108.899305556,34773823.80325451,3.807244082847222,3.896781135416667,3.150111547638889,1.1146379479166668
2024-11-18,28863786.149305556,35116006.190676294,3.772037217951389,3.866466520833333,3.169385642395833,1.08774459375
2024-11-19,28793042.003472224,34555890.04285258,4.097634308680556,3.571398739583333,3.5123032690625,1.0988968263888887
2024-11-20,28327555.173611112,32577047.664823506,4.156867810173612,3.4005065625000004,3.6102237796527774,1.0089260451388888
2024-11-21,28934264.8125,33955510.20598812,3.6777219035416664,3.099987201388889,3.1582571563194444,1.1315030243055555
2024-11-22,30249315.180555556,36902475.69065598,3.5301173547222224,3.2826295937500003,2.8105939880902775,1.0727166006944444
2024-11-23,30090825.663194444,39567162.840065055,3.630915466041667,3.375116138888889,2.9406027660416667,1.0310438958333334
2024-11-24,30144187.020833332,41969639.964455776,3.772668220590278,3.1459942986111114,3.0588082561458334,1.0298656701388889
2024-11-25,31275714.690972224,49675832.057629496,3.2478006731944444,2.841146048611111,2.484355141875,1.0140171076388889
2024-11-26,30818569.232638888,49518277.87844486,3.149391280833333,2.5773868159722224,2.4127269549652777,0.9992950694444445
2024-11-27,29820743.336805556,51117132.096637145,2.948747003333333,2.6515020625,2.299962839513889,1.072310128472222
2024-11-28,29641916.114583332,50627150.7902419,3.3124316944097223,3.2097489930555554,2.4476327233680557,1.0371744479166667
2024-11-29,29027076.760416668,50233240.45836869,3.2022007125,3.556471173611111,2.3384810269791667,1.0634489062499999
2024-11-30,29018630.684027776,52472436.896722436,3.2785777308680557,3.769548461805556,2.492886695798611,1.0550213472222223
2024-12-01,28762209.479166668,51629758.57575982,3.5323140183680555,3.885911673611111,2.763767299236111,1.1470610347222223
2024-12-02,28433263.885416668,50391493.04993037,3.6778726030208335,4.39249375,2.798501720763889,1.0170110694444443
2024-12-03,28087119.006944444,54125917.59820059,3.8338692471874998,5.810373482638889,2.8307016375347223,1.057800298611111
2024-12-04,27432219.229166668,57661347.02573527,3.650655574479167,5.346980177083333,2.6606765053125,1.0580538784722222
2024-12-05,26185114.548611112,55734387.57341497,4.232847885798611,4.978163902777777,3.2911146953472223,1.01265796875
2024-12-06,27306025.392361112,60296016.616377085,4.1303865298958335,5.168614159722222,3.2820202141666663,1.0657360833333334
2024-12-07,26639452.465277776,58845347.40173296,4.464818661319445,5.9943973715277785,3.4309885693402777,1.0504682048611111
2024-12-08,26338340.972222224,56478574.14737029,5.133513498298611,6.555821791666666,4.099244959340278,1.0354846354166667
2024-12-09,26345021.951388888,53018493.108640306,5.033008847465278,6.2885503125,3.9486491798958334,1.0092166180555555
2024-12-10,24119747.864583332,43521830.569981456,3.9731046915624995,5.6252588333333335,3.068040273541667,1.0465010381944444
2024-12-11,23847636.857638888,44354539.622353904,3.756427991493055,5.82265982638889,2.8796076568402778,1.0416393263888888
2024-12-12,25737969.350694444,55138430.36427054,3.2028098734722223,4.992817277777778,2.358122459479167,1.0736384444444445
2024-12-13,28155907.121527776,62192252.35329461,3.1430302998611115,3.778927017361111,2.5207880785416665,1.1270459131944444
2024-12-14,27574735.555555556,61526208.673837155,3.2370484755902775,4.4006953993055555,2.62278816625,1.0758660312500001
2024-12-15,27756038.46875,62529334.24176913,3.099664866388889,4.1213046180555555,2.5195761040277778,1.0425563784722223
2024-12-16,27933533.184027776,63877526.09081432,3.569498652569445,4.039463552083333,2.9657441869097223,1.0512724791666668
2024-12-17,27136768.111111112,59313077.71577712,3.8645994708680553,3.903430965277778,3.182919176875,1.050931795138889
2024-12-18,26345313.923611112,53568162.19466957,3.654189378541667,4.028074260416667,3.0247523251041666,1.0603108958333332
2024-12-19,25932024.381944444,45472918.938293085,3.2700059150694445,4.108866677083333,2.6051754770486113,1.0977765347222224
2024-12-20,24989245.732638888,39975681.519184954,3.1938964741319444,3.4420444756944444,2.509587433958333,1.0338057430555556
2024-12-21,23901993.444444444,41486941.408701316,2.665378750555556,3.6001886458333328,2.0763938033680556,1.0517520347222222
2024-12-22,23456335.427083332,40126003.73766378,2.5598658760416666,3.6112623715277774,2.057141277986111,1.037879767361111
2024-12-23,23839795.888888888,41347919.62683211,2.6795257344097223,3.643235798611111,2.1473102424305552,1.0573092569444444
2024-12-24,24195265.552083332,44820974.68710694,2.675835650451389,4.056282947916667,2.1103845338194445,1.1035400208333332
2024-12-25,24352389.875,46235985.76755641,2.854051737986111,4.3506137916666665,2.1791618635416667,1.1298468368055556
2024-12-26,24824173.809027776,45314581.488946885,2.645743497083333,4.073985065972222,2.0477281809375,1.0660902013888889
2024-12-27,25269666.28125,47638484.66810593,2.4013359265277776,3.9394341423611112,1.9507659735069443,1.1531713819444445
2024-12-28,25275888.045138888,46644394.3397398,2.5885232480555556,3.7393730381944446,2.1096162198958335,1.19501196875
2024-12-29,25730666.621527776,46659587.108058155,2.7852590827083334,3.666761986111111,2.2220321355902777,1.2075084895833335
2024-12-30,25729993.149305556,47945085.141616546,2.3391834850694444,3.726627861111111,1.9546440820486108,1.0352943854166667
2024-12-31,26104482.597222224,47916357.85312239,2.3444168735069444,3.657251875,1.9739392002430556,1.1415665937500001
2025-01-01,27241368.659722224,47875083.56296352,2.5420242733680554,3.4469640902777776,2.0918983862847225,1.1055208993055556
2025-01-02,26267143.048611112,49002957.95898364,2.602549292013889,4.075394739583333,2.0258950432291667,1.0579073715277778
2025-01-03,25999874.944444444,49540569.11097171,2.8381492928819445,4.820400572916666,2.1895695729166667,1.057431170138889
2025-01-04,26688142.211805556,54050212.81261055,2.761816898472222,4.657775395833333,2.1059933713194443,1.1133527152777778
2025-01-05,27345827.527777776,56170441.833813086,2.6880527061111112,4.252257170138889,2.0535818714583334,1.0885898993055556
2025-01-06,27609255.368055556,56657527.829196624,2.6720185400347223,4.063971309027778,2.046011004479167,1.1405809305555554
2025-01-07,28132875.263888888,54657886.189678565,2.807790864166667,4.271629704861111,2.1496291531597223,1.1567115659722222
2025-01-08,26827251.697916668,45797472.58278975,2.5660002251388887,4.624679704861111,2.0933822170138887,1.0743643368055555
2025-01-09,26998049.711805556,44149751.20202114,2.6445941572569445,4.534069767361111,2.134893680798611,1.126192829861111
2025-01-10,27387565.767361112,44785701.45767833,2.7195101433680557,4.5548049375,2.2278845716319444,1.1749330486111111
2025-01-11,27589355.690972224,44151104.521488115,3.145754738125,4.713827746527778,2.4910284346875,1.1507321006944444
2025-01-12,27316599.645833332,43131460.54507255,2.932178482638889,4.320869979166667,2.3588232698958334,1.1646948194444444
2025-01-13,29067266.951388888,44343839.08182319,2.6704821957291665,4.168751322916666,2.1318309894444445,0.9857917465277778
2025-01-14,28526651.9375,48431869.824273355,2.2189666937152777,3.658011666666667,1.8590610747222225,1.0762914791666667
2025-01-15,29667602.725694444,55975803.45010486,1.918599300277778,3.294254,1.5693991647916665,1.1005621493055555
2025-01-16,31100825.75,62825272.87215059,2.0427064809375,3.4005399270833334,1.582687610798611,1.1368888055555555
2025-01-17,28856809.34375,57774321.434668265,2.3490435089930557,3.9555668125000003,1.8677666621527775,1.1863550347222223
2025-01-18,27465357.0,50220406.37383935,3.195937166423611,5.0622023125,2.476019405833333,1.1357796215277778
2025-01-19,25480902.899305556,43961470.70566733,3.2906003444791665,5.372482784722222,2.5544698260416663,0.980243
2025-01-20,22741644.239583332,39910725.784074344,2.8185582951041663,4.032159326388889,2.3350085579861113,0.9969052604166667
2025-01-21,23426480.534722224,43376103.85835227,2.2904475049652775,2.453845329861111,1.9965554429166668,1.0820441944444446
2025-01-22,24376813.006944444,46469477.80732003,2.337753670902778,2.3522817395833333,2.0069023809722224,1.177228673611111
2025-01-23,23395211.652777776,41753630.34234136,2.867285861382979,2.8688963784722223,2.5187877716319442,1.0931843576388889
2025-01-24,26770642.864583332,53606225.30513981,1.5792067536458334,2.4846764444444442,1.2926008210069444,1.1251549965277778
2025-01-25,27916814.239583332,55212011.84688363,1.7323665152083334,2.221265100694444,1.402971406701389,1.1535759236111112
2025-01-26,26620127.465277776,56637907.909034416,1.475369603125,2.09061540625,1.31069283375,1.0852131458333334
2025-01-27,25100886.75,48645938.18610184,2.0078957746180555,2.4594530694444448,1.8378816082291667,1.0700677118055557
2025-01-28,23445012.909722224,44268145.39893497,1.9781499637152775,2.6091511701388885,1.8613757147569443,1.10764546875
2025-01-29,22596529.902777776,41735630.57388523,1.930035109826389,2.691440923611111,1.793934772986111,1.0487878055555555
2025-01-30,23053553.326388888,46072844.692816325,1.8862637303124998,2.8342332118055555,1.7406508669097223,1.0822800555555556
2025-01-31,28093837.631944444,63229810.32356346,1.1455246898263889,2.3094355868055554,1.0299055592013888,1.1443072951388888
2025-02-01,29063822.402777776,64660380.74814631,1.3912542711805556,2.512929291666667,1.252060145972222,1.1228587013888889
2025-02-02,28282242.284722224,55674486.24581626,1.9548074603125,2.557826451388889,1.8357135818750001,1.0820442048611112
2025-02-03,28221735.149305556,47808110.905041635,1.9986647363541665,2.5108334097222222,1.8175071383916086,0.9973284131944445
2025-02-04,26538589.170138888,47309305.148386925,2.127233358541667,2.3955201840277778,1.8284097008333333,1.0660150729166666
2025-02-05,26763500.305555556,46707638.81009719,1.9093574080555555,2.438301513888889,1.6820409758333335,1.0465585416666667
2025-02-06,28225240.131944444,49662123.99581048,1.7065391958333334,2.2235118020833333,1.5675718417013889,1.0497884340277777
2025-02-07,28365579.916666668,47384198.12821222,1.9066870777430556,2.1751580868055553,1.8040376968055556,1.0416838958333332
2025-02-08,30022713.045138888,45507878.136696704,1.7206356489930554,2.1727902465277777,1.6943472334027776,1.0630762118055557
2025-02-09,30506790.847222224,46133664.24175447,1.8557128534722223,2.181389677083333,1.7542593960416668,1.0600036701388889
2025-02-10,29615170.739583332,45416346.713385604,2.0637798634375,2.473980756944444,1.8166237763888888,1.0738273819444446
2025-02-11,29230836.3125,47468771.24057956,2.1693562257291665,2.9298105243055557,1.8496666087152778,1.0544146631944444
2025-02-12,29172664.465277776,46093718.13087804,2.2880633355555555,2.9429846354166664,1.9308818303125,1.089354736111111
2025-02-13,30498709.965277776,52596657.11245716,1.4000450216319444,2.395716774305556,1.303218920173611,1.0951220590277777
2025-02-14,30336438.871527776,54732291.41574229,1.2572479746180556,2.3621389340277776,1.2041290887847222,1.1842813576388889
2025-02-15,29436008.152777776,54057323.3841571,1.5760507548958334,2.5307941145833333,1.3690320075,1.0950943368055555
2025-02-16,27622822.569444444,49826026.15716878,1.5106188229166666,2.7942735,1.3551338953819443,1.0207239583333334
2025-02-17,28201221.673611112,52266531.918166175,1.6376802225694445,2.3082290590277776,1.4578327439236112,1.0799529756944444
2025-02-18,27876448.322916668,50237301.72703032,2.0971453808333336,2.1070721493055555,1.7828299245138888,1.0636335659722223
2025-02-19,28059887.149305556,48729895.94655797,1.696325172048611,1.9823878402777777,1.5453480884375,1.1482966979166667
2025-02-20,29086373.854166668,50837058.0315642,1.6051281802083333,2.138794128472222,1.4817325012847222,1.082823815972222
2025-02-21,28669736.868055556,50150257.09597604,1.9458946537847222,2.611851777777778,1.7015682642708334,1.0441945243055555
2025-02-22,28251265.201388888,47129892.45994089,1.7597732287847223,2.7783902430555556,1.6021667818055556,1.0609848993055555
2025-02-23,27737094.003472224,46801048.082180396,1.6305477290277777,3.2320093229166664,1.4627249335416665,1.1721803645833333
2025-02-24,26156053.788194444,41442101.855950564,2.1079121361805555,3.5468459791666667,1.8187881658333334,1.101470954861111
2025-02-25,25139247.565972224,34755691.40570114,2.1178376280555558,2.5456413333333336,1.8650768810416665,1.0244170034722222
2025-02-26,25927708.986111112,35513698.657869846,2.284530378888889,2.704670763888889,1.9632096340277778,1.0078103541666668
2025-02-27,27815756.201388888,37861489.16691368,2.3603455524652777,2.5972950555555556,1.9656868704166668,1.1197982743055557
2025-02-28,27538338.0625,34228971.065086246,2.404857173611111,2.9405432986111113,1.9814411150347222,1.0689670624999998
2025-03-01,29550357.440972224,36608607.98434192,2.2612714088888892,2.8732777361111115,1.8728813901388888,1.0927209756944445
2025-03-02,29380701.965277776,37461665.06480053,2.2505887815277776,2.9696381909722223,1.8433815144444443,1.10358940625
2025-03-03,28572770.777777776,36073275.244226664,2.339444478611111,3.450204996527778,1.8227131435416668,1.0954094861111112
2025-03-04,28913432.270833332,30551865.593719933,2.1646181355208336,2.627531284722222,1.8141705821527776,1.021941545138889
2025-03-05,27369945.055555556,31159971.640422676,1.8197614455902777,2.182270732638889,1.5448572739930555,1.047856857638889
2025-03-06,26719836.260416668,31686025.557573576,1.8799953000694447,2.390550090277778,1.5149698404166667,1.1173717569444443
2025-03-07,28032584.513888888,31433894.027470946,1.943877395798611,2.3117202708333333,1.5831972600347222,1.1709096354166666
2025-03-08,29152290.989583332,30970853.770550847,2.1344453390972222,2.174955722222222,1.7384588105902778,1.1271307361111111
2025-03-09,30456411.520833332,31546031.374797184,1.9244901902083333,1.9411483958333333,1.5928000920486112,1.1258231631944444
2025-03-10,33140449.392361112,32375979.897332363,2.0646591230208333,2.0021936041666666,1.7035191777083334,1.1349350034722223
2025-03-11,35895859.36805555,32070937.53509164,1.8310854389930558,1.7671132569444443,1.5048107397222221,1.0887143298611113
2025-03-12,36302246.34375,33063739.252561405,1.871080477534722,1.8732106041666665,1.4871074331944445,1.1741158194444443
2025-03-13,37732961.152777776,33669168.159723155,2.085670127013889,1.9221850520833332,1.6286393769444443,1.1374415833333333
2025-03-14,37953463.979166664,35436463.26700515,1.9945304368749999,2.0164213125,1.5666082352430555,1.1463423506944443
2025-03-15,36536514.253472224,34968296.72021388,1.925297176909722,2.303050100694444,1.456362932326389,1.0148170486111112
2025-03-16,35634546.635416664,33234920.946625393,2.167443034826389,2.438661413194444,1.6108240526388888,1.1536038333333334
2025-03-17,34996391.302083336,33459678.45909901,2.0612496279513888,2.532608625,1.5698090496180557,1.0893600034722222
2025-03-18,35531990.60069445,33042942.503478885,1.9710747322569446,2.6876017430555557,1.4818682684027777,1.005711079861111
2025-03-19,38995787.270833336,38843934.977281824,1.5719457240277779,2.3756335416666667,1.2184461236805555,1.1474344166666668
2025-03-20,39831502.434027776,40308758.92800847,1.6235025736805555,2.453187041666667,1.2367867430208335,1.0551414340277778
2025-03-21,39069949.20486111,39024981.8088089,1.5889153499305555,2.5955247951388887,1.2623077502430555,1.063605045138889
2025-03-22,38711467.333333336,39437196.518792905,1.5845353607291668,2.6836199062499997,1.250694592638889,1.1274989166666667
2025-03-23,38327411.159722224,39528934.7649298,1.7316430871875,2.6285896944444445,1.3376171351041668,1.2128954618055556
2025-03-24,37433877.35763889,39845635.590722226,1.7592237327777778,2.6545119166666664,1.3659314189236111,1.0525833541666667
2025-03-25,36520816.809027776,38788230.01691443,1.7454690059375,2.834309722222222,1.3375512880902778,1.1199823402777778
2025-03-26,35650628.427083336,37410488.374660924,1.6746357365625,3.088638315972222,1.3322134468055555,1.1116143819444444
2025-03-27,34776656.270833336,36049054.24002411,1.7217724587152778,3.256599454861111,1.3906351407638888,1.1706580833333333
2025-03-28,35023687.85069445,33233377.697907552,1.7993420792708332,3.077752704861111,1.463508607777778,1.183109079861111
2025-03-29,35515547.677083336,31804950.943192046,1.8668933964236112,2.6655004791666665,1.6013898153819444,1.0513439062499998
2025-03-30,35234842.958333336,30604162.631034203,1.9256142886805554,2.5796947604166665,1.7328858910069445,1.1399015173611111
2025-03-31,34561712.34375,29769892.555846393,2.184419086666667,2.66683384375,1.8972223169097222,1.1072645798611112
2025-04-01,33193496.798611112,29707291.418238595,2.143297628090278,2.830423201388889,1.8055834185069441,1.0393255243055557
2025-04-02,32625089.236111112,28365056.901811924,2.2579295931944445,2.9788747256944443,1.866742459895833,1.06892425
2025-04-03,32737653.930555556,26794653.562355224,2.2150576948611107,2.785446923611111,1.8851344531249998,1.0823874583333333
2025-04-04,33208172.538194444,27693919.085476406,2.0073792301041666,2.8507400729166665,1.709452627673611,1.0169959236111112
2025-04-05,33914423.0625,28224212.390005037,2.3508480828819445,2.8386382430555557,1.9104488998611113,1.3079366493055555
2025-04-06,34195753.934027776,26676933.815385267,2.3805512597569445,2.7893338958333334,1.9333475661458333,1.1138658229166667
2025-04-07,34382340.42013889,23493855.46916244,2.150439299479167,2.5013143368055553,1.7693960794097223,1.0912686145833335
2025-04-08,35208308.534722224,23347709.14191466,2.025636960763889,2.425025204861111,1.681306495486111,1.0480130625
2025-04-09,35864234.75694445,24084432.36050523,1.8931853313194447,2.421302246527778,1.6236696759027778,1.0462653506944444
2025-04-10,34513726.125,24764833.552202296,1.8584448832291665,2.7678938784722225,1.5007024406597222,1.0718047465277778
2025-04-11,33573393.684027776,24339954.10387612,1.8820111426388888,2.879880159722222,1.5616588159027778,1.1211571180555557
2025-04-12,33562610.54513889,25045304.039622854,1.9359048142708335,2.906506857638889,1.6450419986458333,1.2234324756944444
2025-04-13,32369381.579861112,23908400.41722749,2.0779546937152777,3.1798804375,1.7153942451388888,1.1398606145833332
2025-04-14,33508448.930555556,24657680.935680404,2.029398531527778,3.227057920138889,1.7194533360069444,1.1459562673611112
2025-04-15,33723252.18055555,23692008.42318295,1.9173124835106383,2.780019390070922,1.6588983720921986,1.1637593333333334
2025-04-16,33567389.30555555,22842443.826056935,1.9423372008680555,2.886115482638889,1.6434862429861112,1.1431500034722222
2025-04-17,32275969.232638888,22289857.861150354,1.9582552812847223,2.969585815972222,1.6558391980902778,1.058075173611111
2025-04-18,31635079.989583332,21862619.557837278,2.069365898611111,3.0659325555555554,1.7128889204513889,1.1876024444444444
2025-04-19,32258075.795138888,22695725.98842712,2.1311654555208333,2.894359611111111,1.7380555300694445,1.2208237430555555
2025-04-20,32062392.659722224,22850422.682226375,2.2768502425,2.7924313923611113,1.8266255760416668,1.1483746041666665
2025-04-21,32055800.791666668,23429185.264375173,2.3889552724305556,2.8458905243055557,1.9007191597569444,1.134875375
2025-04-22,33074965.388888888,24351836.459599324,2.3773433744791665,2.7452987083333333,1.8948290113194446,1.184800295138889
2025-04-23,32420132.715277776,26209121.744646244,2.178996999340278,3.092128173611111,1.7096342169444445,1.1560511979166668
2025-04-24,32915826.815972224,26975060.956691384,2.5340193986458335,2.9847726979166667,1.884659423784722,1.1470356284722223
2025-04-25,32635573.954861112,27626619.814962298,2.69379113375,3.1093304583333334,1.9748591280208332,1.0896316180555554
2025-04-26,32341426.513888888,27887682.491001982,2.5896139525694446,3.2751639791666665,1.9215736209722225,1.1548119722222223
2025-04-27,31623417.680555556,26932215.47582104,2.4514059113194446,3.5410386354166667,1.8262756875,1.1167629722222223
2025-04-28,30960114.819444444,26190851.94085809,2.5218555820833335,3.684619256944445,1.9401851359027777,1.2114898611111111
2025-04-29,29029995.177083332,24539834.433473118,2.0670275660069444,3.6957796770833338,1.7506085659027777,1.1536090451388887
2025-04-30,28050835.888888888,23203824.985586897,2.1306081440625,3.8733214513888887,1.7773033459722223,1.2348895555555555
2025-05-01,28052618.638888888,23917500.126542013,2.459078150590278,4.151835427083333,1.9251457730902777,1.2182072847222223
2025-05-02,28406018.21875,24346720.356326662,2.5176146994444446,3.790537524305556,1.9107329227777778,1.2402162326388888
2025-05-03,27199751.708333332,22642845.219030898,2.5203670530555558,3.9540046423611113,1.9660061501736112,1.1932228125
2025-05-04,27427045.510416668,22293014.712604925,1.942692374722222,3.37316178125,1.7078393447916667,1.1017913854166668
2025-05-05,28145250.614583332,22544190.722176597,2.1567252755902775,3.011147732638889,1.9133727350000003,1.1843261666666667
2025-05-06,27970497.944444444,21420070.520420846,2.188027805,2.949194395833333,1.875590031423611,1.2073205034722223
2025-05-07,27785415.538194444,21634099.613807667,1.8598424444097224,2.6751164375,1.6154754252777779,1.1406072118055555
2025-05-08,28665936.774305556,24896311.87987788,2.213373644652778,2.5724640520833333,1.7772748502430555,1.2162276041666666
2025-05-09,29226936.690972224,29371145.032436,2.448587400416667,2.9543478020833334,1.849169606111111,1.065054607638889
2025-05-10,29975438.184027776,31982026.651157048,2.1399097472916666,3.1355281145833334,1.6891090209027777,1.1208773715277778
2025-05-11,30031083.826388888,33447805.732739363,2.4385622827430553,3.5148219131944445,1.8258889094097224,1.1004473055555557
2025-05-12,29579704.930555556,32380279.41353253,2.5281985732986114,3.594273184027778,1.9529341134374998,1.1041325694444444
2025-05-13,28742569.125,31088321.28666328,2.6151463800694446,3.6656365034722223,1.990373033472222,1.080575625
2025-05-14,30597506.402777776,33664320.72028995,3.308037673645833,4.132813177083333,2.4103505409722223,1.127430513888889
2025-05-15,31154881.673611112,31580189.26221411,3.0388231338888887,4.1432203506944445,2.2275444017708335,1.1657004027777778
2025-05-16,31551692.552083332,31185112.92566152,2.4180020744097224,3.902988732638889,1.9111229735416666,1.1225165104166668
2025-05-17,32117731.1875,29952128.839339666,2.7020046197222225,3.7267402881944443,1.941636581388889,1.2167972534722222
2025-05-18,32749782.847222224,30251330.854276862,2.585726972951389,3.44235675,1.9332693607986111,1.1812045069444443
2025-05-19,32303612.920138888,28684885.498713307,2.5641018551041665,3.475899652777778,1.9243707344097223,1.097186545138889
2025-05-20,34246900.22569445,30057973.936591752,2.3334493706944444,3.5597724479166666,1.7859385507638887,1.0805977638888888
2025-05-21,35219819.465277776,31488492.37181376,2.238959568125,3.6636636944444447,1.714434376736111,1.0991163993055555
2025-05-22,35990918.833333336,34261767.09927292,2.2770562268055556,3.6265297881944445,1.7065332673263889,1.1756557743055556
2025-05-23,35628943.364583336,33385509.012746137,2.6454565271527777,3.642417038194444,1.9524621871874999,1.0805273611111113
2025-05-24,36098919.64930555,31355973.04970375,2.3649156975694443,3.0803070416666665,1.9089617313888887,1.0946188506944443
2025-05-25,35736878.49305555,30512608.894040644,1.9139079972222222,3.138166513888889,1.621654302673611,1.1552366006944446
2025-05-26,36371780.128472224,31988235.31676609,1.8941002271180554,3.337776572916667,1.5898386306944445,1.129658
2025-05-27,37561093.97569445,34160391.19273505,2.099681016736111,3.4808032187499998,1.6873841103125,1.1079422534722223
2025-05-28,38273812.45138889,34626206.890180305,2.556982028333333,3.7132454201388887,1.9250882547916666,1.1147508888888888
2025-05-29,38709030.166666664,36703651.46511408,2.5937111273958333,3.4503531631944444,1.9466410256944444,1.0589242916666666
2025-05-30,40837540.15625,37429600.264764234,2.460932374201389,2.973492041666667,1.9616753502777777,1.0195045520833332
2025-05-31,38776660.878472224,31799767.61314174,2.1059742816319447,2.2802220798611113,2.0079721352777775,1.0943155069444446
2025-06-01,37667345.479166664,31805823.41221526,1.5874186793055556,2.425211239583333,1.6185527761458334,1.1742245451388889
2025-06-02,38550047.690972224,32394031.79536528,1.6533022185069446,2.4862707916666666,1.591340986875,1.1550750381944443
2025-06-03,37797987.77430555,32718852.59652178,2.2242766503472224,2.8101567534722225,1.9190073256597222,1.139686357638889
2025-06-04,40959445.01388889,35874473.801394194,1.7655198263194445,2.9743938923611113,1.5010529895138889,1.143416704861111
2025-06-05,48079621.309027776,40644144.909210995,1.652459766388889,2.5923311840277776,1.4728071390625,1.1821069513888889
2025-06-06,41130841.06944445,31728689.33483461,1.4519316444791666,2.124649503472222,1.465936650972222,1.1054241076388889
2025-06-07,39351414.3125,31776632.05098399,1.3330014494097222,2.263075545138889,1.3223883357291666,1.0685362500000002
2025-06-08,38075515.666666664,31148750.851141017,1.6555804589236112,2.451175329861111,1.448055123472222,1.3381315833333334
2025-06-09,37409368.96875,30946163.464588895,1.7549583673263889,2.638895034722222,1.5069199291319444,1.2782856666666667
2025-06-10,39572619.940972224,36168969.091982596,1.7387363672916667,2.7859783958333333,1.4326154190972222,1.0884590069444444
2025-06-11,42185875.215277776,41052985.4152216,1.7909008123958334,2.348457875,1.5426907968402779,1.0599626215277778
2025-06-12,41840580.979166664,38847133.45560227,2.0530225310416665,2.3287481805555554,1.6013246699652777,1.1572855
2025-06-13,40432437.07986111,32708382.46238317,2.488342511041667,2.07540178125,2.104281697673611,1.0810234340277778
2025-06-14,40706482.98263889,32959408.24909211,1.7161055297569443,2.2921126979166666,1.6066081708680555,1.1280463541666665
2025-06-15,40033067.472222224,32440220.705950618,1.6061273425694444,2.5364920208333332,1.4970301866319444,1.1000379930555555
2025-06-16,40355726.69444445,34001200.68120924,1.5503478334374998,2.4995697638888887,1.4927636333680556,1.0534272777777778
2025-06-17,38550156.44444445,30893649.948712748,1.632829651388889,2.5212917951388887,1.5450402150694444,1.1304074618055555
2025-06-18,40206317.822916664,30998372.151387915,1.3766423586458334,2.6052439340277775,1.332869907673611,1.1113478506944443
2025-06-19,40918238.95486111,31798502.219957523,1.3462644727777777,2.6521380381944444,1.2920382951736111,1.2522165486111112
2025-06-20,41142370.96180555,31369903.58436899,1.353602779826389,2.539979489583333,1.2999327680902777,1.212540517361111
2025-06-21,42277708.07638889,29949299.079285596,1.1984681229861112,2.282962604166667,1.1858578111458333,1.1795195694444445
2025-06-22,42304494.55555555,28066080.521906264,1.183707772048611,2.315747128472222,1.1782379799305556,1.1326734513888888
2025-06-23,41856779.510416664,27813862.585351165,1.4112755056250001,2.3176360868055554,1.3309243668055555,1.1284528923611112
2025-06-24,41634033.90625,29741818.47439687,1.1423864700347222,2.3432552812500003,1.085991420138889,1.184305496527778
2025-06-25,40464845.815972224,28651724.06578304,1.3553218903472224,2.591217836805556,1.1983348315625,1.1426096354166666
2025-06-26,39822177.128472224,27857160.957788303,1.5696018740277777,2.460623392361111,1.3661725225,1.1107886180555555
2025-06-27,39411841.01736111,27453791.30353716,1.5652380010763889,2.4263087395833334,1.4066197892013887,1.1131695694444443
2025-06-28,39704799.590277776,28005380.58813198,1.6341251951041667,2.4494650138888887,1.436148301597222,1.1723959722222221
2025-06-29,41464983.347222224,30123080.499125585,1.6099721147916666,2.1726317256944445,1.3788424269097221,1.3533166840277777
2025-06-30,41535319.81944445,31118187.967693407,1.4609051668055555,2.1108335868055557,1.2551931307638888,1.1715369652777778
2025-07-01,41706354.15625,30020403.878088508,1.1550048951736112,2.059567208333333,1.081154184861111,1.12403859375
2025-07-02,40329870.652777776,29563006.186636113,1.0917123314930555,2.181143270833333,1.1011738844791668,1.0967753541666667
2025-07-03,41667230.35069445,32230040.804476414,1.194221069375,2.37530971875,1.089352042847222,1.1351606805555554
2025-07-04,41750454.239583336,31053061.100236416,1.7936433367361113,2.2780733020833335,1.469052450763889,1.1190746111111112
2025-07-05,41521131.541666664,29946156.689877167,1.1397503131944444,2.269966027777778,1.1221566207986111,1.1879266701388889
2025-07-06,41976289.98611111,30606991.33041409,1.1081575380555555,2.4060049375,1.0815230263541666,1.2569562256944444
2025-07-07,42116863.02430555,31059613.898533702,1.2687211412500001,2.5948645798611114,1.1916114295138889,1.158673111111111
2025-07-08,43268318.03819445,31125949.764340606,1.2712082108333334,2.7312142256944445,1.1981680138888888,1.0630301319444444
2025-07-09,44366339.00694445,33005727.915876217,1.1930536334027777,2.9107490277777774,1.0633832319097223,1.144590236111111
2025-07-10,44969790.854166664,35834227.19337234,1.9603458343750002,3.1461718854166665,1.5370005526736112,1.16146921875
2025-07-11,45540473.722222224,39102255.73430454,1.7855412244097222,3.662056430555556,1.4368665656597224,1.03680684375
2025-07-12,44567182.53819445,36629475.12145886,2.236512804201389,3.8848022638888886,1.7153504709722223,1.0823119340277776
2025-07-13,43938289.9375,36331193.7001741,1.668439190173611,4.159664378472223,1.4181007361458333,1.0687577361111111
2025-07-14,43088216.1875,37392371.619331084,1.4925582282291667,4.270511552083333,1.3252000815972222,1.0446573125
2025-07-15,41676710.0,35659522.403899856,2.1134756161805557,4.345101430555555,1.7075672822916668,1.0643199027777779
2025-07-16,42607330.020833336,39010178.87480107,1.9411793840625,4.207634065972222,1.6629215830208333,1.0518876874999998
2025-07-17,45103066.284722224,43538797.270388395,1.887737452326389,3.502057704861111,1.6255171329513889,1.0565618993055557
2025-07-18,47791647.18055555,52201584.99485464,2.144166002222222,2.637145670138889,1.8052152791319445,1.0414020833333333
2025-07-19,45079894.833333336,49045964.61959791,2.8964552455208334,2.7625688888888886,2.2831191735069445,1.1297140104166667
2025-07-20,46612553.010416664,54845223.52924226,2.4977941514583333,3.0122720381944443,2.136251573888889,1.0752534270833332
2025-07-21,43933669.527777776,53818588.16729415,2.599898825454545,2.9666411054545456,2.2279716072727274,1.0740872395833334
2025-07-22,42655445.166666664,50521519.52290462,3.1236432050775194,3.7284176006944443,2.4528745301736112,1.1318012847222223
2025-07-23,41691939.302083336,47410449.491338976,3.1279281105902776,3.7680955312499997,2.454446552465278,1.0960626666666666
2025-07-24,41338891.60763889,44873794.81208926,3.0017507755902777,3.6779693194444443,2.4769961955555555,1.1284552743055556
2025-07-25,41012070.215277776,43971642.22505345,3.0135227653819445,3.594023795138889,2.448006279236111,1.1158704027777777
2025-07-26,41926337.25,45691793.78471516,2.9753323297569443,3.6880521840277773,2.363647175416667,1.2247786284722222
2025-07-27,41993278.73263889,46512612.54217994,2.677387490902778,3.5295896041666666,2.225093994340278,1.1309256145833333
2025-07-28,41202603.121527776,46541349.6034662,2.469330147361111,3.3666583819444447,2.1721155740625,1.051702045138889
2025-07-29,38644635.60763889,40970828.52827276,2.3082758333333335,3.5584023125,2.0574453646527777,1.137250732638889
2025-07-30,39161939.36111111,40177016.99225179,1.9508500914583335,3.5950648333333337,1.8071293463194447,1.0094188993055555
2025-07-31,38439894.239583336,38899612.24988809,1.9108935271875,3.9356998576388893,1.7705043410069445,1.0742278194444443
2025-08-01,38450059.39236111,35753076.28842753,1.7426112447916666,3.788244777777778,1.6062789200347223,1.0522214305555557
2025-08-02,40202162.01736111,35630356.9004878,1.5996285664583334,3.546394621527778,1.4628244362847223,1.1201342152777778
2025-08-03,40006670.385416664,36014315.97142399,1.5813762220833334,3.140602076388889,1.467948974375,1.202760996527778
2025-08-04,38847694.447916664,36370331.69142096,1.605442640173611,3.0306341770833334,1.5110501079166667,1.171889138888889
2025-08-05,37119680.878472224,34182256.71831849,2.261446566736111,3.721147951388889,1.847659543472222,1.1227519236111112
2025-08-06,36657214.604166664,33741172.20910233,1.828129657986111,3.524288427083333,1.627872723576389,1.1342788055555557
2025-08-07,37983328.41319445,37333716.67101145,2.0339036581944447,3.7495865833333335,1.6913298504861112,1.13195228125
2025-08-08,40534493.13888889,44668504.34529726,1.8737373170833334,3.7374932673611116,1.506551347638889,1.0236006284722223
2025-08-09,43725953.427083336,52375734.721235745,1.9652625830208332,3.593736840277778,1.6205581101041666,1.090413111111111
2025-08-10,48170795.98611111,64764194.133388504,1.9327068413541666,3.8505246979166667,1.6120672376388887,1.101442517361111
2025-08-11,54407986.97569445,81677446.14114445,1.7102803479513888,3.461647434027778,1.3909570343055555,1.0028185868055557
2025-08-12,56435040.104166664,86382320.21615645,1.6139216763194444,3.24238478125,1.3370832280555556,1.0526241527777778
2025-08-13,56854917.802083336,86144692.58350635,1.8307424610763887,3.1230698194444444,1.4545374461805556,1.0500901041666666
2025-08-14,56065979.76736111,80447644.75521034,2.5119086529166665,3.4158683055555557,1.8165303789930556,1.0576115416666667
2025-08-15,50318234.690972224,69441291.00912698,2.3594341890277777,3.434635892361111,1.9469899549305556,1.0970756770833332
2025-08-16,49231733.184027776,68688327.33159369,2.5396996088541663,3.57392665625,2.0663583405208334,1.0431689166666667
2025-08-17,48623952.996527776,67928978.63838443,2.0531309582291666,3.4625674027777777,1.8093505111111112,1.0662286979166666
2025-08-18,51037497.90625,66869071.5062849,2.2299777535416667,3.7284746805555553,1.8297325753472222,1.1316610555555555
2025-08-19,51565171.465277776,66472572.42118878,2.368868212083333,3.515139878472222,2.006441634513889,1.0959433715277778
2025-08-20,53314581.583333336,70411663.7083865,2.6350368178819448,2.9765441631944447,2.3408504149305553,1.071871190972222
2025-08-21,52015512.27430555,66340675.05753705,1.9958054504166667,3.252138951388889,1.7534857655208334,1.0895759722222222
2025-08-22,51403001.59375,70810952.63318653,1.7272501780555556,3.3780795833333332,1.5857601094791667,1.0244835486111112
2025-08-23,54171014.059027776,82074822.30951716,2.388305255,4.536393652777778,1.8484041867013887,1.0915992083333335
2025-08-24,51480960.64930555,75902120.3181879,2.6012096703125,4.791748888888889,1.9788362006597222,1.0981746631944445
2025-08-25,49438442.00694445,66723462.78674393,2.3968482880208333,4.832660166666667,1.9704643417708334,1.1692864131944445
2025-08-26,48809427.027777776,62681921.53958278,1.9173390546527775,4.050687680555556,1.8070474447569442,1.1165274201388888
2025-08-27,48555959.625,61897624.13342529,1.657543632048611,3.9301666388888887,1.5021953181249998,1.0135191458333332
2025-08-28,48650249.375,61432046.60757392,1.6223523836458333,4.157485663194445,1.4767451667361111,1.1165394722222224
2025-08-29,48720532.71929824,59610875.681382924,1.597162995368421,4.349155,1.3926066200701754,1.2117258947368421
2025-08-30,47764345.3125,57968181.97931442,1.5508421902777778,4.186694510416667,1.3877143358680555,1.1917513055555555
2025-08-31,46558436.934027776,56852084.57168219,1.5246226782986112,4.321766951388889,1.3527068059722223,1.0821791423611111
2025-09-01,43943814.722222224,51438970.772585064,1.5388059769097222,4.7806061458333335,1.3413733963194445,1.052016642361111
2025-09-02,42762755.86805555,50219103.574247256,1.6029841990625,4.390335722222222,1.3983149924652778,1.0916636423611112
2025-09-03,42671438.21180555,51962873.784326464,1.8187052128125,3.8699349409722226,1.5085479981944445,1.1258016979166667
2025-09-04,41005922.309027776,48903238.03196209,1.975311227986111,4.250121413194445,1.60944461875,1.0595179861111113
2025-09-05,42001674.79861111,49886237.02129295,1.649506300902778,3.6394312361111107,1.4563315000694446,1.1644705729166667
2025-09-06,42599777.315972224,49631758.269172266,1.6670060880555555,3.493240604166667,1.470557138888889,1.2071680451388889
2025-09-07,42285182.47569445,49804467.92696497,1.6045168121875,3.6560934201388893,1.4193323512152778,1.1355262118055556
2025-09-08,41903354.059027776,50372203.266692,1.8069846735416668,3.7470536006944446,1.5365015755208333,1.1673332743055556
2025-09-09,43584631.97569445,52400834.533052616,1.9017140399652779,3.4545307326388888,1.5712947452430557,1.105749840277778
2025-09-10,43877125.07638889,53260647.60904522,1.8103735645138888,3.5177583368055556,1.5543734939583334,1.0643307152777777
2025-09-11,43034595.86111111,54199331.02836442,2.037039765416667,4.091466350694445,1.7046391150694444,1.0913335277777778
2025-09-12,43425934.28125,55905750.8074889,2.145120003402778,4.250185413194444,1.7161433411805556,1.1070848541666667
2025-09-13,43639611.4375,56902480.62296438,2.1754024455555556,4.048716458333334,1.7076151797222223,1.180543048611111
2025-09-14,43689775.052083336,54837454.55043216,2.2030621194791666,4.069170527777778,1.7125243371527779,1.1186095208333333
2025-09-15,43626078.604166664,52391774.11842068,1.9254730853125,3.7471894305555558,1.5577410930902778,1.15388528125
2025-09-16,43860688.69444445,51810546.31135222,1.807887445625,3.415656388888889,1.5181536827430557,1.1270133993055556
2025-09-17,42835944.78125,51654067.03840028,1.8387260289236111,3.7911201527777774,1.5241676644444444,1.0611905833333333
2025-09-18,44007363.20486111,58305292.218449056,2.1502855225,3.8686433993055553,1.6981700047222223,1.0893683888888888
2025-09-19,41909638.11111111,54142049.23735952,2.5888505662152776,3.8636440868055555,1.9083894294791668,1.1403161805555557
2025-09-20,41580335.965277776,52525382.38115229,2.210099883125,3.6424575312500003,1.736044397013889,1.18056290625
2025-09-21,40588068.854166664,51198904.79427003,2.3720738808680557,3.7437586180555553,1.8199082165277778,1.193799923611111
2025-09-22,40917534.88194445,46489459.562600665,2.1716296713194447,3.4183270868055557,1.7041844457638888,1.0281275347222223
2025-09-23,40670032.003472224,45323532.16582012,1.8099229022569443,3.317422440972222,1.5559037649305556,1.0836734340277776
2025-09-24,39822905.09375,44644147.93716072,1.9859072610416666,3.362705534722222,1.7002953069444444,1.1581205555555556
2025-09-25,38556721.68055555,41791945.52466972,1.901548069722222,3.365459204861111,1.6256360241319445,1.1245410868055556
2025-09-26,38851457.69444445,41696401.7921482,1.9847458911111113,3.324312767361111,1.7000797461805555,1.0300636041666666
2025-09-27,38004953.277777776,41419443.73834223,2.2951155884375,3.451318569444444,1.8518690407291665,1.102806513888889
2025-09-28,37688089.354166664,40822999.89908299,2.181395133263889,3.5163218993055554,1.7898453452430556,1.1625216979166666
2025-09-29,38184499.13888889,42842905.75022337,2.228336392534722,3.2469674965277777,1.811081587326389,1.09186803125
2025-09-30,39017085.85763889,44377160.00942275,2.3980505569444444,3.0428622534722223,1.9601598065972223,1.1293677430555555
2025-10-01,40546801.302083336,46528920.83865975,2.226924750972222,3.5183634444444447,1.8589060282638892,1.0945639166666665
2025-10-02,40066408.684027776,49108267.84692927,2.581050942916667,3.756722572916667,2.0479150362847225,1.1513053472222223
2025-10-03,40734369.5,50894616.10840385,3.021059452048611,3.6377929409722225,2.303520397638889,1.1773081875
2025-10-04,41791657.684027776,50485887.972360194,2.972224559340278,3.697756236111111,2.2814665290277776,1.2631574791666667
2025-10-05,43170458.49305555,51511624.96200382,2.821964141284722,2.86158590625,2.239705691006945,1.1727844861111112
2025-10-06,44017408.371527776,53547572.84481112,2.415233375694444,2.7925325555555554,1.9455892509027777,1.1165861180555554
2025-10-07,40311439.659722224,49195577.828382954,2.670376445659722,3.7229472708333335,2.0551485861805556,1.2472494097222222
2025-10-08,38204737.979166664,45392525.34825526,2.6413877474305556,3.772333170138889,2.1027789955208336,1.120567840277778
2025-10-09,37534801.76388889,43507048.27553826,2.5885553675,4.026399642361111,2.0331836408680553,1.1038159444444444
2025-10-10,37591259.22569445,41910178.32569447,2.4539685205208333,3.9791518333333338,1.9248290796874998,1.0079942604166667
2025-10-11,25991590.600694444,21582401.165675912,1.4155398153472223,2.5817215451388886,1.2571764141319446,1.1065513298611112
2025-10-12,24091753.902777776,20701262.9367076,1.3063845550694444,1.9389311979166668,1.1632228347569444,1.1320684131944445
2025-10-13,23770170.861111112,22586476.121706713,1.3864229077430557,1.9664541979166665,1.2095382840277777,1.055892798611111
2025-10-14,23540932.847222224,22549921.953664884,1.4084345901388888,2.3000379409722225,1.182168957638889,1.0855460277777778
2025-10-15,25297982.215277776,24570741.756484456,1.5270659699652778,2.5366441145833334,1.3135314206944446,1.0991194409722223
2025-10-16,24492210.802083332,22280198.52841215,1.6665577123263888,2.25115440625,1.467020460902778,1.1154556180555555
2025-10-17,25072901.75,21735987.94990687,1.7234325608333334,1.8625262291666667,1.4903807051388889,1.017218142361111
2025-10-18,24448377.576388888,21338794.220356736,1.648649949826389,1.8227137743055555,1.4373163240277778,1.1799432395833334
2025-10-19,24637022.395833332,21961711.385150854,1.6258198059375,1.7754789131944444,1.418482276701389,1.1424579756944444
2025-10-20,24140944.958333332,22110800.35966685,1.632055608298611,1.7520291979166667,1.4416424441319444,1.1422621354166667
2025-10-21,23460033.010416668,21314044.108824737,1.5158107297916665,1.83898603125,1.310216435486111,1.1244582916666668
2025-10-22,22453106.940972224,19821349.116112936,1.474003805763889,1.7394499340277778,1.295053664861111,1.0958597048611112
2025-10-23,22349212.958333332,19906969.064055283,1.5249149849652777,1.6040167916666668,1.3197022420138889,1.1443273194444443
2025-10-24,21446996.538194444,19639846.820532843,1.6399041526041667,1.7959931736111112,1.4320038453819446,1.1053993541666667
2025-10-25,21233343.482638888,19466145.00756251,1.7463667927083335,1.9064525833333335,1.4843352359375,1.2310909062500002
2025-10-26,21376436.625,20154915.17457142,1.7508932154861112,2.037442982638889,1.4572873849652777,1.148090204861111
2025-10-27,22741311.625,21786449.46362505,1.7134248796527778,2.034439427083333,1.4480270248958333,1.1244869305555556
2025-10-28,23603865.451388888,22026996.62107785,1.5530230099305555,2.07422946875,1.3504169078472221,1.1108877777777777
2025-10-29,23667730.368055556,21835469.43191607,1.3369428131249999,2.1275358368055555,1.1693140722916668,1.219707763888889
2025-10-30,22942006.559027776,19958373.860970955,1.4437313225347221,2.1995555625,1.2196342573958332,0.9862902048611111
2025-10-31,23485746.309027776,20221551.659658775,1.172248311423611,1.9465968263888886,1.0293592636805555,1.2378762256944444
2025-11-01,22616125.690972224,19879355.68700095,1.286502416388889,2.0148992152777776,1.1198078321875,1.2730348819444446
2025-11-02,22116311.645833332,19374184.798123162,1.3110671204166666,2.1195774895833335,1.1252365342708335,1.1757995972222224
2025-11-03,23468271.340277776,18694998.20094218,1.156229044548611,2.124701465277778,0.9792980557986112,1.0789518194444443
2025-11-04,25640079.208333332,18773332.335466437,0.9686859588541668,1.993605329861111,0.8373171326041667,1.0366675416666666
2025-11-05,25083009.697916668,18638130.2188977,1.0595241619444444,1.741561923611111,0.8860306722916667,1.1302986631944443
2025-11-06,24913743.618055556,18643217.484742716,1.098383564375,1.8181435312499998,0.896340047326389,1.0661481284722223
2025-11-07,25481993.225694444,19874292.85519834,1.0806707804513889,1.78392259375,0.8925427925347224,1.1215293194444445
2025-11-08,24866147.152777776,20365696.381054986,1.1820033186805556,2.1420930208333333,0.9252291907986111,1.1048784444444444
2025-11-09,24487016.479166668,19921069.676392905,1.1477055946527779,1.9398640694444442,0.9086914269097223,1.1075629965277778
2025-11-10,24289754.399305556,20698682.782225575,1.2842590116319446,1.9420582708333332,1.0241553422916665,1.1456181111111112
2025-11-11,25944943.71875,22045751.580101375,1.4395520725,1.884433875,1.1766373625694444,1.0150800277777778
2025-11-12,24802876.822916668,20302891.441731967,1.3601095228819444,1.7594155069444444,1.1299235977083333,1.3111775902777778
2025-11-13,24039271.166666668,19357665.19835272,1.3736877865625,1.6232113194444446,1.1210785478472223,1.1460414652777777
2025-11-14,24002929.982638888,18356582.51247425,1.2184877833333332,1.5640635486111112,1.0218455389236112,1.04227921875
2025-11-15,23108267.743055556,17617933.129784975,1.2068761781944444,1.7117772222222223,1.0168245404166667,1.1535953125
2025-11-16,23662657.96875,17609474.501345363,1.2027118820833334,1.725259892361111,0.9903763526388888,1.1097618506944444
2025-11-17,24352757.302083332,17743766.001235243,1.1795529839236112,1.762808704861111,0.9664159613541666,1.0985225
2025-11-18,24928932.506944444,17774665.099658255,1.161876869340278,1.6644521458333332,0.9639077384374999,1.1470436527777776
2025-11-19,24845636.427083332,17722203.450495154,1.2887382092013888,1.7872386111111114,1.0225872349305556,1.0361668125
2025-11-20,25644428.159722224,18257294.715631112,1.310355031840278,1.8305546458333335,1.0473671344097222,1.1038644479166666
2025-11-21,26301087.944444444,16655358.968893133,1.1179663721180555,1.7450876666666666,0.922694458298611,1.0230791666666665
2025-11-22,25775320.760416668,15840250.807899144,1.0288991768055555,1.6945663854166666,0.8876940602430555,1.1092017187499998
2025-11-23,24949611.829861112,15681494.094763389,1.1059182212152778,1.671283982638889,0.9786685876736111,1.1094731284722221
2025-11-24,24986978.96875,16070856.038959019,1.0646431661805555,1.627314732638889,0.9068251819097222,1.2035021180555556
2025-11-25,25162283.96875,16511248.787153443,1.1463019811805557,1.73969790625,0.9401248138541667,1.1336911423611111
2025-11-26,25415313.111111112,16876256.07667428,1.1423402287152777,1.710354590277778,0.9352745559722222,1.1838142916666667
2025-11-27,25468833.944444444,17048880.61113648,1.1392484540277779,1.5928395243055555,0.9350509966666666,1.2036726909722222
2025-11-28,25192208.086805556,16788689.969678484,1.122398262048611,1.6518807777777778,0.9265080447222223,1.1896195034722221
2025-11-29,25256844.479166668,16572179.31284131,1.0637903591666666,1.6428840972222223,0.8843008559027778,1.219811607638889
2025-11-30,25348160.427083332,16537159.405462656,0.9986417724652777,1.5735691215277778,0.8494499444791667,1.258141263888889
2025-12-01,25933216.649305556,15133256.666182416,0.9359642342013887,1.597539003472222,0.7886236404861111,1.0869219166666666
2025-12-02,28165936.565972224,16432835.650529156,0.8569244908333333,1.67830084375,0.7359004727083334,1.0940773194444444
2025-12-03,26184275.590277776,16585833.549424926,0.9318446055902778,2.1304191666666665,0.7583437807291666,1.1421904027777776
2025-12-04,26233169.628472224,16813350.932587847,1.071430912326389,2.156397486111111,0.8426593326388888,1.1909802430555556
2025-12-05,27073304.083333332,16362258.669227637,1.0304461589930556,2.2742431909722223,0.8084343850347222,1.0399709027777777
2025-12-06,28397113.572916668,16224016.513369573,0.8780715532986112,2.1037873819444446,0.7441361813888889,1.0594780138888888
2025-12-07,27964153.222222224,16263564.14723174,0.8712913084027778,2.1756180138888888,0.7438272505902778,1.1746584826388888
2025-12-08,28355584.635416668,16874885.895078044,0.9003450836111111,2.0480719930555558,0.7580874501388889,1.182294204861111
2025-12-09,27829484.548611112,17085455.927786708,1.0048961647222223,2.130829461805556,0.8114357100347223,1.1208776840277777
2025-12-10,26784509.621527776,16880342.73810716,1.17813915625,2.32927790625,0.9186044929861112,1.11376321875
2025-12-11,26589237.53125,15671495.796776325,1.169429009236111,2.3399849895833333,0.9576600347222222,1.0788980520833333
2025-12-12,27830269.131944444,16794955.230931763,1.1461439179166666,2.423116857638889,0.9303353244791668,1.2694629930555557
2025-12-13,28737575.263888888,17133049.826496504,1.2645315627430556,2.212343277777778,1.0297823475347223,1.433159576388889
2025-12-14,27782040.267361112,16393500.559945362,1.4434864681944444,2.2188188784722223,1.1671379980208334,1.3181373506944445
2025-12-15,27462930.333333332,15900852.285193894,1.4402990326041667,2.1934382743055556,1.1917199637152778,1.1653089479166665
2025-12-16,28760685.795138888,15856984.382269919,1.0892939428819444,1.9673893993055556,0.8914440375,1.3266401770833334
2025-12-17,29248589.427083332,15789324.629117575,1.0552550694791667,1.926431329861111,0.868472665625,1.2004487465277778
2025-12-18,29444254.954861112,15164816.416765375,0.933997594375,1.7835368680555557,0.7763799425694444,1.184759034722222
2025-12-19,29426666.232638888,15755498.728138546,0.9894394338888889,1.6835951805555556,0.8265571776388889,1.2299555520833332
2025-12-20,29172892.274305556,15966817.778284375,1.323219088611111,1.970530565972222,1.0626883712500002,0.9650055104166666
2025-12-21,29084486.868055556,15561801.931019532,1.1166452290972222,1.7559959756944443,0.9039407603125,1.3072931006944444
2025-12-22,28652449.708333332,15683143.725128846,1.0258545144791666,1.6553038368055555,0.8836575698263889,1.2968804479166667
2025-12-23,28212465.600694444,15165622.140376674,1.1740615889236112,1.6649658715277778,0.9947130152777777,1.3174765243055555
2025-12-24,29193745.725694444,15425140.157335239,0.9784727642708333,1.622719607638889,0.8124106381944444,1.2826947604166667
2025-12-25,29404828.628472224,16345596.444706313,1.1397727182291666,1.558452871527778,0.9334995865624999,1.3642577638888889
2025-12-26,29255264.836805556,16329286.619509595,1.6034620714583334,1.5642894166666668,1.4150400554861111,1.28179896875
2025-12-27,29195106.013888888,16612595.706747128,1.7557981530555555,1.5609327256944445,1.5472830244097222,1.2979525590277778
2025-12-28,28852384.920138888,16778079.649403926,1.8216196156944444,1.6236978090277778,1.5396203120486112,1.5562867708333334
2025-12-29,28624310.732638888,16990842.63611069,1.6763221048611112,1.7832926423611113,1.433936284548611,1.2318821944444442
2025-12-30,28353051.777777776,16635514.946008649,1.6698758948611112,1.8091021736111113,1.4717979522916667,1.3091320590277777
2025-12-31,28852500.270833332,16845212.7661082,1.6538457620833333,1.8772720520833335,1.4316130036458334,1.1746054930555556
2026-01-01,28294665.350694444,16703146.29812226,1.7563158379513888,1.8869708645833336,1.4981742072222222,1.6035341458333334
2026-01-02,27646778.003472224,16984726.56521596,1.9037414651388889,1.8991704895833332,1.5642913808680554,1.1839176458333334
2026-01-03,28061828.763888888,17209135.09104535,1.898754659652778,1.7362325798611111,1.508554225798611,1.5131045347222223
2026-01-04,27963425.996527776,17597483.485155478,1.8175956971527778,1.628568003472222,1.471443216111111,1.271885951388889
2026-01-05,28849516.458333332,18543990.310603328,1.7421710181597223,1.5704847777777777,1.4505248488194444,1.2676258819444444
2026-01-06,29549069.118055556,19430864.669259682,1.829896353159722,1.6508803194444444,1.4888038012847222,1.2220996909722224
2026-01-07,28406889.381944444,18279704.252407756,1.7396949661458332,1.9911897256944444,1.4229329371875,1.1568611076388888
2026-01-08,27976392.892361112,17553574.562665112,1.7156857483680554,2.100158284722222,1.3698314291666667,1.242783517361111
2026-01-09,28027599.621527776,17821647.583948907,1.6673770061458333,2.0305312569444443,1.3494091552430556,1.2192628541666666
2026-01-10,26940844.3125,17157722.925699554,1.7981739010763889,2.0814132291666665,1.483053231111111,1.5051043784722222
2026-01-11,26958354.038194444,17152786.088693716,1.6132865575347222,2.023963854166667,1.3697920921180555,1.3373008611111112
2026-01-12,26329771.277777776,16451176.571497628,1.4349123042361112,1.96818696875,1.2391526771527779,1.1470708159722223
2026-01-13,27136242.059027776,17024525.401929285,1.0988461491319446,2.0545557743055554,0.9218521305208333,1.188108579861111
2026-01-14,28735019.086805556,18949808.53620111,1.3839526114930556,2.428020486111111,1.1045494305555554,1.2808646597222222
2026-01-15,28339597.170138888,17832758.64527778,1.4371746628125,2.514734152777778,1.1348803234722222,1.1786787604166666
2026-01-16,28673539.180555556,17520437.934604503,1.1212178778819444,2.3621992013888886,0.8867075472569445,1.1915500243055555
2026-01-17,28659046.395833332,17441787.457388178,1.039474857638889,2.1601921354166667,0.8256387484027778,1.27229384375
2026-01-18,28787300.46875,17409609.54583505,1.0246490927430556,2.006218277777778,0.8283520657638889,1.4348698993055555
2026-01-19,29233509.795138888,16078914.670215674,1.0144890229513888,1.6009528854166666,0.8135059514583333,1.3810425069444445
2026-01-20,29259062.552083332,15763082.4865975,1.0813050645833333,1.5311366770833332,0.8481532514583333,1.141323361111111
2026-01-21,29669491.451388888,15739534.5525055,1.0939175174652778,1.6140219895833332,0.8685804966666667,1.1598185555555556
2026-01-22,29749004.399305556,15743324.980948333,1.172997557361111,1.7026241770833335,0.9103320773263888,1.104759017361111
2026-01-23,29362176.833333332,15420198.556364272,1.2474097772569444,1.7772121284722222,0.9838332995486111,1.323845513888889
2026-01-24,28805874.472222224,15061290.874176268,1.212447920798611,1.7654493819444446,0.9820017827083333,1.5512370381944445
2026-01-25,29100691.993055556,14829794.355856588,1.2385664328472223,1.607386,1.0106180772569444,1.480245388888889
2026-01-26,28362010.989583332,14529039.27132997,1.3987215980555556,1.5647249479166667,1.1458723563888888,1.3363175555555555
2026-01-27,28166546.736111112,14548420.544266019,1.6264718839236112,1.5323480729166665,1.3508077147222222,1.3231086805555554
2026-01-28,28549409.770833332,14913642.624567254,1.684948637951389,1.653801673611111,1.4447834490972222,1.2777753854166667
2026-01-29,28565516.510416668,14189695.145397522,1.6885225527777779,1.7027411493055555,1.4121090242708334,0.9987107604166666
2026-01-30,29257206.440972224,13796687.619040823,1.5942930216319444,1.81586409375,1.3243819328819444,1.2099630208333334
2026-01-31,29979273.965277776,13265108.122318853,1.5042544113541667,1.7744339097222221,1.2316360246180555,1.2356003993055555
2026-02-01,31325162.079861112,13054243.01645546,1.4934013395833334,1.5417324097222223,1.1893734497222224,1.1718606215277778
2026-02-02,30459072.993055556,12757742.267897388,1.5742229265277778,1.6228318506944444,1.2633350501736111,1.0383295555555554
2026-02-03,30997142.847222224,12839589.88327386,1.7110906283680556,1.751043659722222,1.327771294548611,1.2649990312500001
2026-02-04,32334773.40625,13260951.328505944,1.6577005424305555,1.9610930208333335,1.2925595714583333,1.1429595694444443
2026-02-05,35045580.53125,13097224.469798274,1.561374707361111,2.1303965694444447,1.2233058303472222,1.1344236388888889
2026-02-06,34283995.42361111,11680233.324575683,1.2724370142361112,1.9356888229166667,0.9795023930902779,1.2125051979166668
2026-02-07,33043568.430555556,11868691.992494507,1.1734534787847222,2.0877897187500003,0.8771609761111111,1.24436646875
2026-02-08,34255530.190972224,12247651.644608805,1.1727895112847222,2.2931964722222222,0.8805125971875,1.124964454861111
2026-02-09,33734615.645833336,11826454.434802942,1.1708669260416666,2.380344114583333,0.8825097516666667,1.3454761597222222
2026-02-10,34079051.30555555,11673418.033216156,1.1674104663194445,2.4826716944444445,0.891088276388889,1.1539667604166666
2026-02-11,33533915.451388888,11078247.82138068,1.1089561772222223,2.840178684027778,0.8542395272569444,1.1250942395833334
2026-02-12,33595637.604166664,11232570.680427365,1.0382765378472223,2.8422482777777778,0.7820844131944444,1.1842663402777778
2026-02-13,33003717.427083332,11236133.218625972,1.0491110295833335,2.9644682569444445,0.7861175916666666,1.2300754930555557
2026-02-14,31947681.659722224,11349048.265929,1.2126843559722222,3.0881027916666666,0.9036380730208333,1.296785215277778
2026-02-15,31401161.875,10957920.723212847,1.2876709681944445,2.998415013888889,0.9580712180208333,1.2010122777777776
2026-02-16,31415503.961805556,10684951.590036573,1.3286935975,2.7839495694444443,1.002390945625,1.4385880694444444
2026-02-17,30476234.972222224,10396887.803070342,1.3689896899305554,2.3677984444444444,1.0387418549305556,1.2066250416666666
2026-02-18,30071353.420138888,10148289.355854213,1.406466385,2.2991236701388886,1.0976134015277779,1.3129363680555555
2026-02-19,29262842.423611112,9500002.289395334,1.3847498997569445,2.1708412256944443,1.079700275,1.3557640694444446
2026-02-20,29028690.548611112,9464973.634101214,1.3315808069444444,2.0639928854166665,1.0346782401736112,1.3730729375
2026-02-21,29103502.135416668,9641487.26612937,1.4925516972222224,2.1272151770833334,1.1431431898958335,1.4818847847222223
2026-02-22,28938387.440972224,9127997.990483107,1.3710557652430557,2.097957534722222,1.0799279044444445,1.2133986319444443
2026-02-23,30637344.3125,9200757.814702459,1.0988881467708334,1.995767048611111,0.8683918402777777,1.2666943993055557
2026-02-24,31035264.788194444,9219881.63355933,1.1641615444444444,2.0947896041666665,0.9491127312152778,1.3409311805555555
2026-02-25,30884000.302083332,9755967.044144236,1.2997804301736111,2.01691246875,1.0345237593055556,1.26799296875
2026-02-26,31434311.777777776,10023279.094693817,1.5218560575,2.159516350694444,1.177307262326389,1.168532125
2026-02-27,31247733.229166668,9611759.888165308,1.504517768923611,2.2955133368055556,1.1868718027430556,1.1944437465277777
2026-02-28,30885945.663194444,9067956.986929005,1.2840729747222221,2.1876110555555552,1.0088660724652778,1.1814740347222221
2026-03-01,30550316.527777776,9312378.485959306,1.3276496181597224,2.087676111111111,1.0627933272569445,1.1905834340277779
2026-03-02,31202165.708333332,9540741.209234117,1.41990057,2.1145623125000004,1.1648747573611111,1.1935519166666666
2026-03-03,33891681.48611111,10261227.242456567,1.3883151557638889,2.3248845868055557,1.1310245028819446,1.1805202430555555
2026-03-04,34902666.82638889,10905292.067023695,1.4320350571527778,2.3859979097222226,1.1793224875,1.2260103715277777
2026-03-05,34900049.614583336,10955514.160592223,1.4757128238194444,2.3080755833333333,1.175905757951389,1.1897489652777777
2026-03-06,35987725.253472224,11002333.635612296,1.435196202638889,2.270187319444444,1.1454589593055555,1.1513810798611113
2026-03-07,35178961.309027776,10259045.962056339,1.3331108298958334,2.244093361111111,1.0506116795833333,1.293144736111111
2026-03-08,34761358.909722224,9776065.130613524,1.163798682048611,1.938588548611111,0.8849565344097222,1.2244191597222223
2026-03-09,34712146.48611111,9913112.738633873,1.1953691602083334,1.8132145763888887,0.9470667631944445,1.2211318958333335
2026-03-10,33747174.34375,9727332.072240546,1.157786487986111,1.7913348819444446,0.9248873187500001,1.1675830555555555
2026-03-11,32772104.975694444,9655826.953472206,1.2056922175347222,1.7441418784722222,0.9639746954166666,1.20702359375
2026-03-12,31805510.006944444,9403817.095237771,1.434382404548611,1.7652377499999998,1.1664943590277776,1.2869558020833334
2026-03-13,32724897.364583332,9949650.290922081,1.665067061388889,1.8417973506944445,1.2810873188541665,1.3289340243055556
2026-03-14,32598390.503472224,9618605.165795011,1.4752854759027778,1.9310310590277777,1.1544340112847222,1.2431113263888889
2026-03-15,32426885.854166668,9865429.485363796,1.5320684000347222,2.0011954722222223,1.1619813271180555,1.5359530625
2026-03-16,32209529.263888888,10340272.91603442,1.670455089201389,1.7882674375,1.2816126239583334,1.3753402430555555
2026-03-17,32190259.902777776,10377671.951739522,1.725136272638889,1.9253060694444446,1.3211030982986112,1.2139796909722222
2026-03-18,31266710.784722224,9777735.531493016,1.7475815370833334,1.9857242395833334,1.339668439513889,1.2772083229166666
2026-03-19,30925252.277777776,9240307.41822537,1.824673224548611,2.0180104305555555,1.4642153881597222,1.2706511805555556
2026-03-20,31178185.96875,9299860.690995662,1.8732100060763888,2.355488420138889,1.549236060798611,1.3129128611111112
2026-03-21,31143382.902777776,9288693.421865096,1.9137601639236113,2.477434722222222,1.5882510042708333,1.61798871875
2026-03-22,30616817.677083332,8768474.828149885,1.7513494329513888,2.328600763888889,1.3361044488194445,1.3249825659722223
2026-03-23,30334730.635416668,8716481.465770232,1.6941210531944444,2.2309299270833334,1.238147120798611,1.3426326631944443
2026-03-24,29951468.850694444,8743394.964960037,1.8300963327083335,1.9995534097222223,1.3540449763194444,1.3668715972222223
2026-03-25,29670695.118055556,8884040.791948793,1.9615781350694443,2.0374525451388887,1.475818207673611,1.4778781909722223
2026-03-26,28981162.666666668,8407459.846463654,1.946260085486111,2.096071815972222,1.4802602014583333,1.2843572777777779
2026-03-27,32698747.9375,9428606.174430506,1.5743627321527778,2.0910422881944446,1.2244346052777777,1.4005110243055556
2026-03-28,39402027.61805555,12001820.70222067,1.3879319846527778,1.9002670069444443,1.1670638798958333,1.2025955625
2026-03-29,38966566.14236111,11891767.294302687,1.557480018611111,1.8450638333333333,1.357409898125,1.23764909375
2026-03-30,37966086.354166664,12035968.277888682,1.5570586849652779,1.909773097222222,1.332949881701389,1.1485959097222223
2026-03-31,36872359.190972224,12050731.28560645,1.5540597380555556,1.8362360868055556,1.3327075563541666,1.1644701388888887
2026-04-01,36882608.75694445,12362876.663163785,1.6228641386805556,1.918684892361111,1.37889812625,1.1153291145833333
2026-04-02,35752020.86111111,11350205.231398571,1.738863966736111,2.153675576388889,1.4152099417013888,1.4534342743055555
2026-04-03,35444538.11111111,11217997.880387781,1.596531076875,2.0685733611111115,1.2914799274652777,1.2857955416666667
2026-04-04,35279129.26736111,11132558.462452343,1.4023974073611112,1.9568500069444446,1.1567127872222223,1.6942638368055556
2026-04-05,34883065.614583336,10820432.48943668,1.2494627592708332,1.925555125,1.0071009982291668,1.7300030243055557
2026-04-06,34612823.31944445,11085888.896313442,1.3259670910069445,2.2344931284722223,1.0361503408333332,1.1791211319444443
2026-04-07,33159955.038194444,10332103.727979986,1.233573241736111,2.0856947118055555,0.9700799189930556,1.2578649131944444
2026-04-08,33459420.350694444,10910135.651128706,1.344631725173611,2.292657107638889,1.0406255412847223,1.4055288159722223
2026-04-09,31422626.371527776,9957623.000760179,1.4025926869097223,2.3150081770833335,1.1011183945138887,1.3038325868055556
2026-04-10,31554236.232638888,10283813.801957626,1.464672164861111,2.5697638055555556,1.1452106301736111,1.34317834375
2026-04-11,31082908.413194444,10335869.626867361,1.729856756076389,2.5457402465277776,1.3309931485069444,1.16281965625
2026-04-12,28762779.666666668,9149705.268817306,1.7580564209027778,2.7323404270833334,1.3604197784375,1.0471491006944444
2026-04-13,29293242.302083332,9199091.989467178,1.2596833687152778,2.8387816145833336,0.9741245227777777,1.3366637048611112
2026-04-14,35661612.277777776,12686914.625953576,1.3708154477430556,2.204534298611111,1.1189829719097224,1.1925282499999998
2026-04-15,35271282.309027776,12825304.642324818,1.7569585843402777,1.9920306354166668,1.4783162582291667,1.2584604895833333
2026-04-16,35974880.965277776,14530351.376691816,1.9345419044444445,1.9770443854166666,1.6469889947569445,1.2065898368055556
2026-04-17,35602646.53125,15186913.437568583,1.946733724375,2.035489017361111,1.605617188263889,1.152128954861111
2026-04-18,35258381.309027776,14499208.69303173,1.848035160451389,1.8821075624999999,1.4815574447916666,1.0933063333333335
2026-04-19,36651945.652777776,13771395.805352882,1.70795646,1.9155249756944446,1.3418153930208332,1.233638107638889
2026-04-20,37408385.96180555,13517905.841592133,1.4840067589930555,2.0721911944444447,1.1582093,1.26188365625
2026-04-21,37723291.93055555,14222069.399143808,1.4716298189930557,1.974857548611111,1.1139813203125,1.0504760937500002
2026-04-22,35193850.840277776,13696328.712758457,1.5802113403819444,1.7701958472222221,1.2555383796180555,1.193066340277778
2026-04-23,34297778.58680555,13038408.663771799,1.465607330590278,1.6105668993055557,1.1455274924652779,1.327225045138889
2026-04-24,33948112.83680555,12925243.54513528,1.4297084555208333,1.7871821354166666,1.0990026794444445,1.4643596597222224
2026-04-25,33396774.458333332,12617669.69528847,1.2734395765277777,1.846554527777778,0.9646641321527779,1.4180653680555555
2026-04-26,42785184.13194445,17553862.354276303,1.1477402619097221,2.0699699930555555,0.8999401567708334,1.185612986111111
2026-04-27,45603136.73263889,18677530.4508475,1.4145758982291667,1.7754239236111111,1.22928905625,1.1606708611111112
2026-04-28,37185810.93055555,14664695.968647983,1.4542894849652777,1.9685314479166667,1.2360765853819444,1.3301333402777777
2026-04-29,36539261.26388889,14001162.633677386,1.3154755011458332,2.10790628125,1.0771384103819444,1.27073609375
2026-04-30,35860757.98611111,13267668.263368139,1.0837486706597224,2.119484680555556,0.8347027480555556,1.1338962638888888
2026-05-01,36949483.222222224,13673110.93952995,0.9414050820486111,2.106683357638889,0.7118927910416667,1.3580881041666666
2026-05-02,38171703.239583336,14242757.417338561,0.9172490341319445,1.8796762500000002,0.7004660073263889,1.5272609895833333
2026-05-03,38784619.715277776,14231056.384076726,0.8855906318055555,1.8568320555555557,0.6718378700694445,1.1925584444444446
2026-05-04,38055224.322916664,14138545.731145926,0.8455200163194445,1.8265383333333334,0.6367473078819444,1.26468575
2026-05-05,36679254.39930555,13741499.379299127,0.8943222947569445,1.817162829861111,0.6731037723263888,1.3587076736111112
2026-05-06,36577192.96875,14076893.369507805,0.9409536474652778,1.8742239861111112,0.6886555134722223,1.2188940625
2026-05-07,34519448.059027776,13294401.440210916,1.0205462008333333,1.88429096875,0.7336531049305556,1.1252993125000001
2026-05-08,34986434.6875,13910657.006206675,1.020674865138889,1.9271718368055555,0.7227128955902777,1.1125766284722223
2026-05-09,36376412.66319445,14609237.210000508,1.1094905115972222,1.9599130590277778,0.78308658125,1.1306350833333334
2026-05-10,35597972.0,14417503.150553249,1.114471,2.008187482638889,0.7926640651736112,1.4328283159722224
2026-05-11,42432031.625,17730180.94553591,1.1800328096875,2.054660680555555,0.9041964294097222,1.1300972222222223
2026-05-12,39275140.034722224,15682631.226438068,1.1445454211458332,1.8765623506944447,0.8706868596180555,1.1495490277777778
2026-05-13,37163242.32638889,14826293.927066112,1.0801194868055555,1.9514239097222221,0.7881227555902778,1.2851823680555556
2026-05-14,36603767.09375,14160874.87580071,0.9769260930555556,1.8513732326388888,0.7123555614236111,1.3603737256944446
2026-05-15,36762941.33680555,13760139.908445338,0.8818737718055556,1.784351954861111,0.6350714951388888,1.1592370937499998
2026-05-16,37119217.440972224,13143338.761469368,0.8125684243402778,1.8033170416666668,0.5933574407291666,1.1229611145833334
2026-05-17,37268250.14236111,13262848.71474485,0.8134254844097222,1.7684367152777778,0.6031118649652778,1.5786549756944444
2026-05-18,36105932.291666664,12661506.59541072,0.8340214864583334,1.7223697534722222,0.6102732925000001,1.2603604236111112
2026-05-19,35558883.340277776,12599164.883547343,0.8930311115972223,1.6914728680555555,0.6532820372569444,1.3265096944444443
2026-05-20,35324880.659722224,12626797.55535998,0.9260739990277779,1.734901295138889,0.6880179823611111,1.5917987777777778
2026-05-21,35489235.96875,12719578.730338447,0.9522704718055556,1.6661886631944443,0.6991195371527777,1.3331084444444443
2026-05-22,35477879.552083336,12590949.329005722,0.9325936880208333,1.7267101249999999,0.6851408138541667,1.15864309375
2026-05-23,34552427.5,11761489.16123913,0.9444252042708333,1.70853321875,0.6924339051388889,1.1668060555555555
2026-05-24,34358986.375,11900889.644195702,1.0419274154861111,1.815057826388889,0.7362846959027778,1.4244520034722223
2026-05-25,34374907.73611111,11932118.41718577,1.1891702761805556,1.856637263888889,0.8428594037847222,1.4398147152777776
2026-05-26,34613822.4375,11916954.447635954,1.3108687931944445,1.7861946736111112,0.9437471627777777,1.3228741875
2026-05-27,34399139.30555555,11708191.413650453,1.4717626325694446,1.7699677395833333,1.0946118976041666,1.4655979270833333
2026-05-28,35109962.440972224,11270327.630292617,1.3256969827083334,1.5909169930555556,0.9819103429861111,1.2289024409722222
2026-05-29,36016007.815972224,11627994.58285703,1.3215020883333333,1.4646593541666666,0.9879203332986111,0.9875392465277777
2026-05-30,37261701.80555555,12012396.901737122,1.2601275843055555,1.4551466770833335,0.9279790886111111,1.2760604270833333
2026-05-31,38088481.753472224,12333748.185865158,1.318136088611111,1.5590568854166666,0.9653898387500001,1.343584642361111
2026-06-01,36702577.559027776,11970537.15139734,1.4797192936805557,1.530834534722222,1.088972522013889,1.2542492395833333
2026-06-02,36244126.48611111,11524273.937532384,1.7310837818055556,1.692477173611111,1.2877721771180555,1.1325080625000001
2026-06-03,36347749.54513889,11128077.881661706,1.630204500173611,1.9571455381944445,1.1689779661805555,1.0865033645833333
2026-06-04,32555358.475694444,9154360.364503494,1.4464400288541668,2.202941798611111,1.0261161440277777,1.1834959340277778
2026-06-05,31538598.232638888,8256368.107111381,1.5470130414930556,2.073247840277778,1.1140200176388888,1.1162803333333333
2026-06-06,31539239.729166668,8074699.889922689,1.7073832496180554,1.8965099965277779,1.2973941766319443,1.296512402777778
2026-06-07,30445757.961805556,8081216.460768223,1.7859401435763889,1.7194492152777778,1.4458323448958332,1.281824638888889
2026-06-08,29236607.003472224,7887824.450500026,1.8128792275347223,1.7797347256944442,1.458538548125,1.2382271770833333
2026-06-09,29889250.548611112,7827590.326673933,1.7667603177083333,1.8787541701388888,1.4121914328819445,1.325027701388889
2026-06-10,30679860.628472224,7925103.828035476,1.69328897,1.90394590625,1.3720786475,1.283663423611111
2026-06-11,30678664.472222224,8084417.633834417,1.7154388487847223,2.0026400694444444,1.4011412458680554,1.3927329756944444
2026-06-12,30837754.711805556,8147283.353982427,1.8116032432291667,2.081063729166667,1.4467567159374999,1.3123633333333333
2026-06-13,32236319.913194444,8467177.379178293,1.7773300711458333,2.146861392361111,1.371498451215278,1.3343895
2026-06-14,32860852.670138888,8595412.515369616,1.694471785486111,2.133661215277778,1.3225289479166666,1.4780524270833333
2026-06-15,33330951.291666668,9151421.044354662,1.6314223735416666,2.129461125,1.285395574826389,1.2638471944444445
2026-06-16,32770268.805555556,9022266.29416831,1.7787597038888887,2.337404576388889,1.3956919760416666,1.2069420069444443
2026-06-17,33663260.614583336,9655347.727281416,1.8071748394444442,2.2242361284722225,1.4638317418402778,1.0879703715277778
2026-06-18,33027289.590277776,9156446.211135931,1.8377692831249999,2.2107186527777776,1.4618209221180556,1.2295001319444445
2026-06-19,32670578.795138888,9056251.56691264,1.6896629521527777,2.1067414375,1.3708296041666665,1.2746961944444444
2026-06-20,33110050.840277776,9163110.849598803,1.7896551863541665,2.0980136875,1.4324996038194444,1.6112150902777778
2026-06-21,33348761.614583332,9247347.659200622,1.7783662538194445,2.1132022256944447,1.4244018369097222,1.4297520972222222
2026-06-22,33939711.347222224,9265912.284809195,1.674567413923611,2.1739824375,1.3218354490972224,1.4811549270833333
2026-06-23,34750850.99305555,9034254.016814664,1.5866352656944445,2.153122541666667,1.2106762482291666,1.3274750208333335
2026-06-24,35271155.92013889,8990050.97750664,1.5516427238888888,2.1175577118055555,1.1675568372569445,1.2256362743055556
2026-06-25,33659482.86805555,8467670.180272453,1.604508238125,2.3708459270833333,1.2120943220486111,1.1537025625000001
2026-06-26,33962378.97569445,8351001.21121638,1.4428055865625,2.388409253472222,1.0533215415972221,1.2480148333333334
2026-06-27,34062605.0,8502026.208,1.41706161,2.460028,1.02681491,12.191083
