date,oi,oi_value,toptrader_acc_ls,toptrader_pos_ls,global_acc_ls,taker_ls
2021-12-01,4730657.128958333,123029693.84625405,5.112327331436089,0.8911526634621527,6.093641896402229,1.0071586277850695
2021-12-02,4778558.406076389,118474753.79581043,7.556180142923206,0.8923046970680555,8.72260688625985,1.0244083774034722
2021-12-03,4803351.251458334,118317263.25386806,7.4861663028109495,0.8833199744055555,8.855131648935911,0.9906648722236111
2021-12-04,3693533.0869473685,75597830.66792712,5.59038542837737,0.8610625903228071,6.399150432593345,1.0340845903557894
2021-12-05,3404871.4002430555,66973005.585812636,4.7987844497787915,0.8478223156288194,5.240832752204607,1.0328621273104168
2021-12-06,3568838.4605555553,66108997.969377294,4.939265128843164,0.85603646704375,5.412874007575986,1.073616755292014
2021-12-07,3523865.215,71172502.95130831,3.705287294747061,0.8581226664986111,4.0451546634247775,1.0330404903104167
2021-12-08,3832948.2113541663,84849998.90522836,2.7577629920769424,0.876499429128125,2.819508587573643,1.03055604729375
2021-12-09,3749126.1817013887,80429277.1281908,3.327390780182151,0.8528572629784722,3.4045004776042376,1.0442708725954861
2021-12-10,3638189.351875,71943377.68704128,4.519590241698705,0.8407413294621527,4.834288653146455,1.0339680551743056
2021-12-11,3598800.735763889,69709486.01944011,4.268195422413699,0.8357979095281249,4.751439366405337,1.0529015845315972
2021-12-12,3552859.8222916666,70596494.10055952,3.7534969852438373,0.8356297252475694,4.100404006102317,1.0164599998104167
2021-12-13,3640492.955,68536124.11237337,4.572797376956726,0.8484378781493055,4.723938937401574,1.0587836125930556
2021-12-14,3688925.532951389,66512178.77127276,4.646784172017075,0.8634663379017361,5.08521807478776,1.0279631315468751
2021-12-15,3760562.623240418,69236991.60809739,4.037253810882447,0.8663131713860627,4.340990888740179,1.0084078818756097
2021-12-16,3740097.0794791672,73456723.44290604,3.249166228108249,0.8911777029076389,3.3930018291609456,1.0726475019447916
2021-12-17,3669009.220486111,68468902.51681903,4.526890541658628,0.8896001790506944,4.896667088472996,1.0593186498086806
2021-12-18,3658408.1585416663,70443339.0546009,3.427534571054182,0.8792493656798611,3.8205445120056365,1.0479904458861111
2021-12-19,3688538.7636805554,72262315.47265095,3.185738211389781,0.8895538700451389,3.507123309198018,1.070110594701736
2021-12-20,3687618.8838888886,68694093.269016,4.575438016441514,0.8867338854951389,5.172426013575363,1.035773901265625
2021-12-21,3801644.1651041666,72396996.47988862,3.939694068487448,0.9602291549624999,4.526119836693038,1.0284508787618054
2021-12-22,3939967.7830555555,78877110.92094718,2.8722988813965906,0.9469987643500001,3.2371665904431763,1.019554917059375
2021-12-23,4016689.873472222,84206983.88139835,2.8346592037734433,0.9662539847795139,3.187406208238916,1.041349023011111
2021-12-24,4044089.5356445992,89259624.49605533,2.603415421810912,0.9761182342627178,2.9586088552758047,0.9956954615923345
2021-12-25,3987033.649444444,86867943.61001152,2.7964237046000924,0.9885034032350695,3.2326991536572405,1.0371969948434028
2021-12-26,4083402.214930556,90851624.64276083,2.5024918215927774,1.0167689869236112,2.8766249433098583,1.0064956533572917
2021-12-27,4188757.2207986107,98640609.24256748,2.6036570302142623,0.9810526837697916,2.9918724437665456,1.0130413670989582
2021-12-28,4099914.974895833,89516739.38185327,3.9555526416389557,0.9873196834000001,4.313526481583135,1.030085118850347
2021-12-29,4025541.0529268296,82497618.14838858,5.452726812469762,1.0228161072606272,5.997863525365435,1.0023362308780488
2021-12-30,4035911.572777778,80121009.0394956,5.849549421113093,1.0409758852268571,6.337513401616681,1.0525405722228571
2021-12-31,4093031.816759582,81817374.95180146,,,,
2022-01-01,4099355.3581250003,81875522.83796787,,,,
2022-01-02,4202864.6978819445,89574259.64982449,,,,
2022-01-03,4356499.722291667,97211843.80986464,,,,
2022-01-04,4553189.386840278,107782103.23085219,,,,
2022-01-05,4964886.618506944,127247318.43079437,,,,
2022-01-06,4761296.420659723,116657787.8737732,,,,
2022-01-07,4543598.034201388,113867540.75195007,,,,
2022-01-08,4653214.395972222,119900716.37844735,,,,
2022-01-09,5097835.5460416665,138353536.68085092,,,,
2022-01-10,5400271.911111112,147841746.63240469,,,,
2022-01-11,5414900.594340278,146901231.83297312,,,,
2022-01-12,5588804.696770834,148024333.86335826,,,,
2022-01-13,5573071.63125,143793725.30919585,,,,
2022-01-14,5525116.273125,137258491.66851017,,,,
2022-01-15,5314426.894618056,136195661.6254346,,,,
2022-01-16,5176496.971979167,132372452.41542213,,,,
2022-01-17,5294784.685451389,129803255.93842036,,,,
2022-01-18,5514212.465902778,127548053.13273457,,,,
2022-01-19,5361418.383090277,118277526.99002022,,,5.342851702186188,
2022-01-20,5272195.136944445,115953959.63650641,,,5.0385217823958515,
2022-01-21,5128708.658472222,98530314.2608389,,,5.9029354672077865,
2022-01-22,4786046.634756944,77202479.3653199,,,4.31207691570449,
2022-01-23,4812592.490069445,76673051.2829456,,,3.8377755794949255,
2022-01-24,4900007.673680555,73970897.531238,,,3.6829361130448715,
2022-01-25,4895396.33548611,74793926.0662141,,,3.478747377338233,
2022-01-26,4698075.36875,73913870.36348344,,,3.321890471222176,
2022-01-27,4595616.822638889,68799801.68023586,,,3.69302713036243,
2022-01-28,4594572.129861112,70663344.65486823,,,3.1141557151027346,
2022-01-29,4616080.462569444,75093630.3684296,,,2.545145236831444,
2022-01-30,4946759.563611111,85104842.7756259,2.2332764871180557,0.8456491314236111,2.108818893784722,1.0641503534027779
2022-01-31,4868653.666145833,82934121.23553525,,,2.551178778230226,
2022-02-01,4646087.797916667,80049410.16926852,,,2.6083486594287457,
2022-02-02,4750347.317604166,79512521.30949551,,,3.1121173824352475,
2022-02-03,4731551.936805556,74615081.65004903,,,3.674284461500825,
2022-02-04,4714945.5295486115,78059029.61049862,,,2.7997983301131995,
2022-02-05,4840955.687673611,86497756.77784319,,,2.2390822335528924,
2022-02-06,4677393.759375,83016621.0987859,,,2.3776700197383906,
2022-02-07,4730944.669791667,88278613.37763113,,,2.2131911430534297,
2022-02-08,4586335.073784722,84517824.43776624,,,2.36843655502668,
2022-02-09,4491071.4471875,82287065.1475084,,,2.7094594323090324,
2022-02-10,4519420.247048612,81961406.57220401,,,2.9175368099432144,
2022-02-11,4617904.13326389,79608843.24476199,,,3.6182645360245775,
2022-02-12,4778047.053402778,76695871.85417974,,,4.6326688066175805,
2022-02-13,4695334.805451389,75118369.81658837,,,4.387067228775425,
2022-02-14,4752438.778993055,74151689.05569665,,,4.339263367119752,
2022-02-15,4722906.399097223,78645421.18785141,,,3.247835910248116,
2022-02-16,4546249.4305208335,77311664.3294218,,,2.897274674700134,
2022-02-17,4580301.848402778,75308216.66299817,,,3.649242404678235,
2022-02-18,4657069.498506945,72619305.39441839,,,4.497267663428981,
2022-02-19,4653594.760555555,71270797.05745822,,,4.122117724635093,
2022-02-20,4679959.689236111,69111697.17550048,,,3.7566575960519466,
2022-02-21,4766775.685555556,69800406.3446236,,,4.0456232682242375,
2022-02-22,4944346.633020833,67636251.96326752,,,3.6938377791474273,
2022-02-23,4884631.506215278,68763732.2191504,,,3.3421649839227365,
2022-02-24,4980759.820416667,61751225.517079085,,,3.415116745465846,
2022-02-25,4484367.488784722,61144443.49827128,,,2.5432372922753914,
2022-02-26,4297376.684409722,62411060.760453224,,,2.123573913408951,
2022-02-27,4306910.738993055,61214114.594384156,,,2.1089315498668046,
2022-02-28,4240368.2101041665,59618065.23254505,,,2.578873994986799,
2022-03-01,4215730.606388889,63882445.43570626,,,2.2150540395387086,
2022-03-02,4207266.6640972225,64792566.01778821,,,2.263097621372301,
2022-03-03,4262746.083645833,63922119.246034555,,,2.62918450222543,
2022-03-04,4403834.8819791665,62536465.14786286,,,3.226688364780245,
2022-03-05,4548861.980416667,63271202.8596513,,,3.312048956383039,
2022-03-06,4594770.008368056,63160877.0121471,,,3.4731332076244907,
2022-03-07,3131098.0669791666,40888567.029662415,,,3.8455407427967745,
2022-03-08,4473250.493402777,58681554.12332298,,,3.174018421630283,
2022-03-09,4612044.628472222,63958003.03642542,,,2.70901363056453,
2022-03-10,4598616.130833333,61217753.44897074,,,3.4016183178533375,
2022-03-11,4645603.720555555,61084754.74097756,,,3.507794167196433,
2022-03-12,4716284.230520833,62613512.329985894,,,3.323162245508393,
2022-03-13,4773683.901111111,62940969.31965278,,,3.4735504913478996,
2022-03-14,4841558.399548611,63136892.68854548,,,3.587125415050317,
2022-03-15,4888952.668020833,64903060.17700892,,,3.516491569523936,
2022-03-16,5212356.862152778,73405799.34790315,,,2.0842808340313423,
2022-03-17,5166813.811631944,75278702.08491528,,,1.8608955524056903,
2022-03-18,5226720.088159722,76725553.78085633,,,1.9072813840516625,
2022-03-19,5167235.412083333,77815902.26716818,,,1.797643963198425,
2022-03-20,5100978.503923612,75404766.04826647,,,1.959991820853126,
2022-03-21,5101450.7907638885,75693970.90615112,,,1.9454310352486006,
2022-03-22,5327877.436354167,82861563.04125883,,,1.6662631049887422,
2022-03-23,5172883.23875,80044382.51118277,,,1.896784058820385,
2022-03-24,5168248.268333334,82734715.28285748,,,1.8524424282491978,
2022-03-25,5068065.9296875,80944900.09144527,,,1.9475705629435909,
2022-03-26,5038280.940659722,79220616.20628771,,,2.2358492984987404,
2022-03-27,5187994.284895834,83593709.60804865,,,2.1523525624816715,
2022-03-28,5160187.836979167,87679432.63264434,,,1.8038862506490676,
2022-03-29,5096275.353055555,86618239.56420271,,,1.8513503498817672,
2022-03-30,5156038.087534722,88606432.57296161,,,1.91579537872561,
2022-03-31,4993181.668125,86576718.7604077,,,1.873547310559979,
2022-04-01,4659404.528333333,78849015.95118625,,,1.9377218641125913,
2022-04-02,4623408.234166667,80812683.80889747,,,1.8970442533546563,
2022-04-03,4786455.493680555,85223610.27159685,,,1.7797367946539504,
2022-04-04,4728020.120972222,82725313.57114276,,,1.9906874181691399,
2022-04-05,4649286.532847222,80287613.83855863,,,2.1472555467837235,
2022-04-06,4457508.8758333335,71679206.02133812,,,2.4643743575446972,
2022-04-07,4407546.762916666,68599897.94486742,,,2.8656710703191326,
2022-04-08,4442294.595277778,69264098.31411138,,,2.8860203496525925,
2022-04-09,4412275.918472222,67594935.7489211,,,3.0308350908147266,
2022-04-10,4446924.572152778,69029918.94297436,,,2.833676776042068,
2022-04-11,4636226.106111111,66696525.16903106,,,3.6246117891217744,
2022-04-12,4734324.547430556,65980242.18255332,,,3.9736774997855386,
2022-04-13,4900708.3967361115,68660592.95319866,,,4.133355799034914,
2022-04-14,5016120.397395833,69714498.75076655,,,4.246254487609927,
2022-04-15,4980055.029236112,69258550.05447704,,,3.734773620595545,
2022-04-16,5016729.290208333,70472850.06487697,,,3.499612163194651,
2022-04-17,5207360.553541667,74514760.83120738,,,3.4917865810436917,
2022-04-18,5211899.899652777,70641662.41929694,,,4.591033312430593,
2022-04-19,5248607.5798958335,73804443.64582936,,,4.018616081017024,
2022-04-20,5309666.845590278,75047207.07374462,,,4.034131048836426,
2022-04-21,5287504.225,74128693.14865659,,,4.172239636519704,
2022-04-22,5386722.531944444,73820775.7342551,,,4.531912022801092,
2022-04-23,5338668.477951389,72003898.37226969,,,5.050851851397898,
2022-04-24,5407302.0428125,72593049.31308651,,,4.8066305283570205,
2022-04-25,5283164.419548611,68854333.36964507,,,4.5993253668795875,
2022-04-26,5288143.568784722,68888030.91799949,,,4.715482049149531,
2022-04-27,5535408.331840278,69703793.78152284,,,5.071296734838196,
2022-04-28,5659006.296284722,71787789.41907504,,,4.414618440611161,
2022-04-29,5672957.657604167,69889607.65170528,,,4.670681967971114,
2022-04-30,5823724.763958333,69151799.92673641,,,4.982685012746839,
2022-05-01,5655075.908958334,62935120.02442055,4.073519843851659,0.8807673743999999,4.436349796723717,
2022-05-02,5397516.461875,60193915.76754934,,,3.9599240200536423,
2022-05-03,5318744.462847222,59449816.550432116,,,3.903813650305218,
2022-05-04,5288330.081805555,60543390.35616318,,,3.9420871107308315,
2022-05-05,5233594.814722222,60638612.64900459,,,4.11154171565917,
2022-05-06,5315367.6666319445,57359686.29741023,,,5.053156837262986,
2022-05-07,5365763.613958333,57120100.906954885,,,4.748618198215568,
2022-05-08,5451531.95375,55200868.42976294,,,4.868658788911919,
2022-05-09,5556346.23375,51774141.93270788,,,4.608844152660788,0.9872752554903509
2022-05-10,5242289.774791667,45825558.021313,,,3.6497836879795806,1.0105984107401236
2022-05-11,5044318.597048611,40041165.33766438,,,3.7967699952153833,1.0194641033866667
2022-05-12,4661013.712604167,30040576.186737604,,,3.2000429971509337,1.0245433928815972
2022-05-13,4371923.401041667,31560893.893926688,,,2.785507864017254,1.0629780839024305
2022-05-14,4356437.152708333,30607412.38087223,,,2.564938780171091,1.0880548202104168
2022-05-15,4401231.051805556,32662917.40208539,,,2.4895247161254854,1.1247682688260416
2022-05-16,4257928.154826389,31685545.414739847,,,2.1708408851313203,1.084621473475
2022-05-17,4322055.884756944,33115229.936487198,,,2.022216345254442,1.1205444527388888
2022-05-18,4231084.800590278,30886299.61929545,,,2.1911969491244756,1.051503842560764
2022-05-19,4710966.701458333,32779535.946851518,,,2.4117348768623343,1.0896077418579861
2022-05-20,4628516.534618055,32600831.11026311,,,2.425327874212657,1.0909885832121526
2022-05-21,4608480.825208333,32174239.84706183,,,2.548069438731528,1.0789626802302084
2022-05-22,4824890.389861111,34675731.54123272,,,2.3404089688561025,1.084944809767361
2022-05-23,5022651.984375,37188439.72562503,,,2.1478806789583995,1.068327638417361
2022-05-24,4702702.040902778,33148008.488781232,,,2.684732623949188,1.068895873614236
2022-05-25,4850257.123020833,34524201.077106975,,,2.456012875162375,1.080418391071875
2022-05-26,5126249.580902778,34464498.35714385,,,2.7573048763234738,1.0641627979385417
2022-05-27,4988358.561597222,32114858.91610988,3.329726833472391,0.887884612534375,3.0687010902662846,1.0345719497458332
2022-05-28,5112326.94375,32903169.183680415,3.05555343261482,0.8883574534798612,2.965631749631284,1.190463195488968
2022-05-29,5335494.982152778,35030081.03345035,2.8761509958922873,0.8403593900951389,2.7432550295868308,1.071883629490625
2022-05-30,5232823.391909722,37459924.87392768,2.621417949132479,0.8554924429017361,2.4901242046729704,1.09938768274375
2022-05-31,5194004.703715278,38793934.26712955,2.5639363674623894,0.7837150818326388,2.5095269598818906,1.1103434205690972
2022-06-01,5088173.1831944445,37408144.3766293,2.6673484286612545,0.88739134015,2.5054897278332766,1.1160892388604167
2022-06-02,4995418.705555555,34894338.59366918,2.886300074401967,0.8413297192177083,2.8550919391766922,1.086051845060764
2022-06-03,5024268.716527778,34772542.99491079,2.798533214730326,0.8430297918211805,2.7526671123893887,1.1144458425788195
2022-06-04,5019811.31295139,34845295.78196409,2.751893266143875,0.84425644365,2.6989029104289006,1.1147918842059026
2022-06-05,6332711.457847222,47215379.467931956,1.5635456942540105,0.9069868948024306,1.3629552642420264,1.1462866486524306
2022-06-06,6637248.475625,52549732.014356986,1.3630886614417466,0.9050807655993055,1.275459345854038,1.0956499526690973
2022-06-07,5805775.812708333,45579912.46433723,1.8997025923320148,0.915015052535764,1.7542239904350339,1.1120029622635417
2022-06-08,6271765.291805555,53727510.93222377,1.4079498217530206,0.8952774467881945,1.2681974772338684,1.1041346591680556
2022-06-09,6881104.193645833,62234827.58348963,1.1542692569391861,0.8962986467142362,1.0682914808886725,1.1282469814180556
2022-06-10,7032659.510277778,61906075.00653936,1.4117464057522815,0.8935620596465278,1.3327306257501357,1.0847972996812498
2022-06-11,7042560.922881944,54082135.53965164,2.0900228411203146,0.8372951393909722,2.1147153136082313,1.0677308793756943
2022-06-12,6972513.174583334,46852844.73302477,2.3212514770678734,0.8238208917447917,2.282419584331959,1.0762169542427082
2022-06-13,7122954.0338194445,41307647.713783525,2.3875851414995393,0.8043885813076389,2.359763334092984,1.02770634931875
2022-06-14,6943324.896631945,43431639.5822494,1.9799296379158322,0.781289708871875,1.9691938478782012,1.0901843106274305
2022-06-15,7352380.325173612,47878316.479043305,1.7525616102631194,0.8043731412440972,1.6602901407302466,1.0609243838600695
2022-06-16,6756161.106597222,45218486.8551868,2.068775850044929,0.8044708863666666,1.9501096901156596,1.0380722140163194
2022-06-17,6437293.724270833,41556446.03154535,2.059892856637444,0.7669138395666667,2.071363135430846,1.0466331066138888
2022-06-18,6758551.104756945,39885280.03663509,2.295838374701352,0.7909061296527777,2.3314330603140685,1.0114400654277778
2022-06-19,6818433.206770834,42780756.436912864,1.9409396491604727,0.8166455041604167,2.0455244353768816,1.0475212008697916
2022-06-20,6021286.078645834,40472017.12138534,1.7908887595193714,0.8588999878024306,1.7567105024075322,1.0464661760027778
2022-06-21,5668890.0209375,40814971.698336706,1.6740100721781257,0.8829339297569444,1.6591225931813764,1.0671187292288193
2022-06-22,5442548.048923611,36616303.51927146,1.9135249345034775,0.8873042306395833,1.8697541990422744,1.0852257793336806
2022-06-23,5341941.164236111,36724991.18084893,1.8338289892064839,0.8611954019631944,1.9137215246032748,1.0505241764645834
2022-06-24,5420261.161354166,38712698.5252014,1.8686426240502354,0.8652742934243524,1.8592889298952546,1.05173248211875
2022-06-25,5546903.550972222,39511717.85630727,,,1.9666298504026045,1.0393600223104167
2022-06-26,5407696.666666667,38532056.621178895,,,2.0084276025643186,1.0406871858430558
2022-06-27,5705301.217222222,38413297.17031965,1.974626660517976,0.8539513798166666,2.2316411113768546,1.0650450031788194
2022-06-28,5965773.970590278,39201646.784720495,,,2.2917033592405907,1.0293188713881944
2022-06-29,6036213.9921875,38195669.2939647,,,2.593724107926119,1.0609687188128474
2022-06-30,6439604.472291667,39105477.95982584,,,2.4965126964826485,1.0647271339881945
2022-07-01,6107293.807847222,37374950.00370264,,,2.4746342014237017,1.0710244832222222
2022-07-02,6024300.206180556,36978472.251060456,,,2.394504610570818,1.1201325852340278
2022-07-03,6126277.2359375,37501325.23555319,,,2.3821757715667475,1.2188207961180555
2022-07-04,6239362.4313888885,38727677.37985185,,,2.1474094084969826,1.1346837171920139
2022-07-05,6436972.1390625,40579204.11821759,,,2.3796961385892215,1.0568866263416665
2022-07-06,6114105.158854167,38463475.603369735,,,2.4527373192759416,1.096207996367014
2022-07-07,6520659.620555555,42471357.34103615,,,2.003043562096016,1.0840851287065971
2022-07-08,6040218.730625,39394824.37851418,,,2.361463602552713,1.0314185384385417
2022-07-09,6030228.075729166,38954479.03453833,,,2.7242586561863495,1.0889393106229166
2022-07-10,6046427.53079861,37928828.79297607,,,2.739309904615677,1.0971134245142362
2022-07-11,6923606.400277778,43202881.819802724,,,2.4604155915030783,1.09052297320625
2022-07-12,7450150.454166667,45687374.861357376,,,2.3073403750973664,1.0854020316465278
2022-07-13,7242859.483993056,43601536.706737556,,,2.3427086675671047,1.0847732366899305
2022-07-14,6892602.205034722,42529160.18519873,,,2.0129053991164145,1.0910365468215277
2022-07-15,6390976.2925,40119216.54862093,,,2.095483191393603,1.1260346882444443
2022-07-16,6399678.416840278,40435886.50773084,,,2.0211393555557797,1.1254802368586807
2022-07-17,6235229.835659723,40498155.85704451,,,1.9218636652321015,1.1163524639340277
2022-07-18,6138883.676458333,41735920.321594924,,,1.7098347790358184,1.133900956507639
2022-07-19,5854995.551319445,41302885.32941015,,,1.8447535634981032,1.0726064597347222
2022-07-20,5801856.403194444,42154950.09408407,,,1.8927071393186026,1.0119513137597222
2022-07-21,5713372.6959375,39180329.472279385,,,2.1352068679087757,1.084083848850347
2022-07-22,5565182.824270833,39095892.74889973,,,2.0824619544989234,1.014492838121875
2022-07-23,5327968.3778125,36328529.941804156,,,2.3476817725442953,1.0488541683565973
2022-07-24,5705442.828020833,40095078.64935085,,,2.0086313506175957,1.1330458246857638
2022-07-25,5623298.726736111,38006788.714528106,,,2.5142563164116254,1.0396011378895833
2022-07-26,5730600.452222222,35947642.96503518,,,2.9988783947207747,1.0872529413069445
2022-07-27,5688325.594826389,36395695.82080207,,,2.7317909205955617,1.081805097928125
2022-07-28,5347278.802326389,37194041.989981726,,,2.0233896562637694,1.0675040505506945
2022-07-29,5651045.7046875,43589013.37552792,,,1.7996412411493918,1.0614603171149306
2022-07-30,5779191.045451389,45529045.62347377,,,1.8207142362811153,1.0694543472461806
2022-07-31,5641317.309201389,44290928.39751026,,,1.8899317365249655,1.1093969599625
2022-08-01,5706365.343402778,43551175.11960534,,,1.8884203660224328,1.0365119319468752
2022-08-02,5493791.687638889,39797430.57181294,,,2.265646448914236,1.0768265003947917
2022-08-03,5513464.631701389,40869856.71429837,,,1.9981810100483668,1.0765659259229166
2022-08-04,5361549.0833680555,39472531.46557012,,,2.3652225972066705,1.0904307148104166
2022-08-05,5435259.458090278,41744949.54923783,,,1.993816369932892,1.058049729642361
2022-08-06,5495500.035243056,43269529.54668349,,,1.8026154939796544,1.1537316634055557
2022-08-07,5564079.284513889,43928358.45751314,,,1.8941603910174214,1.2186815443486112
2022-08-08,6383452.3107986115,54511436.877689965,,,1.199446205215589,1.1456195205138888
2022-08-09,6248771.613333333,53924658.74717295,,,1.4129563034462498,1.078691108132639
2022-08-10,6559308.345555555,57492487.71400389,,,1.4338756242015454,1.0976341738430557
2022-08-11,6490643.2794791665,58674248.55770852,,,1.5012582801766363,1.1153201409743057
2022-08-12,7044139.893784722,64450887.20640646,,,1.399691125020415,1.0738265237868054
2022-08-13,6879458.466354166,63379785.23349852,,,1.390293980018215,1.0724845005711805
2022-08-14,6666942.339826389,60178851.99128083,,,1.604586197604923,1.03618932535625
2022-08-15,6087358.586944444,53074301.07791842,,,1.9658984218772555,1.0450479684156249
2022-08-16,5994784.244027778,51364309.99150714,,,2.183192639158216,1.0580795282621527
2022-08-17,5858992.919930556,48876241.993275136,,,2.479910640150558,1.028620230120139
2022-08-18,5988465.3878125,48415952.789140016,,,2.6703664644602663,1.0271033604802084
2022-08-19,5782327.929756944,41544847.22009226,,,2.866499896496249,1.0420370428708334
2022-08-20,5590869.877361111,39107043.07948523,,,2.897839498501344,1.0599994755100695
2022-08-21,5625736.404236112,39499273.18723259,,,2.8216677428284638,1.0828414327024305
2022-08-22,5599353.474374999,38550876.83929807,,,3.0161395115644343,1.0950245052618055
2022-08-23,5517170.741423611,39132616.51434042,,,2.7959632037907487,1.075750370576736
2022-08-24,5360699.314375,38406664.40068606,,,2.6095250220259967,1.0662994711833333
2022-08-25,5434850.020520833,39082944.82402486,,,2.48782829589235,1.1041240041895835
2022-08-26,5582962.157708334,38424624.84411087,,,2.7264256922586716,1.0404448077163195
2022-08-27,5858594.020416667,38211291.440550536,,,2.8912079782712063,1.101972195607986
2022-08-28,5901890.442430556,38345023.51586871,,,3.0269791162909065,1.1253532475652779
2022-08-29,6036765.0534375,38909451.103450775,,,2.6838185578158043,1.1237561340329862
2022-08-30,6015065.107083333,39976859.949943095,,,2.5824558365051473,1.0360511274593749
2022-08-31,5955768.006631944,40035892.296245255,,,2.5324919429075243,1.0547023247559029
2022-09-01,5658777.494409722,37481053.63112103,,,2.6421173473166517,1.05257514935625
2022-09-02,6071690.052743056,42188337.46787656,,,2.010654439612697,1.085234471323611
2022-09-03,5770350.961631944,39518157.11953308,2.3046313761033463,1.065545249795,2.36593660525365,1.1277695858885417
2022-09-04,6656254.210833333,46847627.63572258,,,1.8271568937054576,1.1577574647635416
2022-09-05,7494697.2866319455,54011310.27413818,,,1.2742090928265362,1.1313527309399305
2022-09-06,6480988.649375,46290295.284410134,,,1.8431753933251425,0.9823505778989584
2022-09-07,5932936.414652778,40248796.19264727,,,2.395127931845701,1.048186309111111
2022-09-08,6344837.928715277,45938695.62697583,,,1.4429543077684732,1.1092704084791665
2022-09-09,7200446.149652777,56137580.92997798,,,1.0899551557261513,1.0837579124604166
2022-09-10,6506795.489166667,50771384.0630077,,,1.3167671086944388,1.0520805068878472
2022-09-11,6629612.7283333335,52587390.409137495,,,1.2568879032244473,1.09793910791875
2022-09-12,6669069.833680555,52818311.291776724,,,1.3072592868032595,1.0804709257541667
2022-09-13,6073053.075381945,45453539.91354437,,,1.9115051572372268,1.005658674407986
2022-09-14,5641778.852951389,41178916.71705386,,,2.335707298074657,1.1567210182229966
2022-09-15,5538522.491319444,40459206.15557641,,,2.2632327460547557,1.0825643309489583
2022-09-16,6206802.691631945,47202902.91634041,,,1.4627872195068734,1.0715093173017363
2022-09-17,6846772.246701389,54219064.29213794,,,1.1686536776419831,1.1770104314253471
2022-09-18,7033069.16125,55472549.61690937,,,1.1363948095416117,1.0941401315586807
2022-09-19,6009056.017465278,43572925.160377204,,,2.310999353611111,1.0242325708333333
2022-09-20,5859853.018333334,41611175.99249211,,,2.391193882777778,1.0430434285069445
2022-09-21,6013381.026423611,41608067.5598728,,,2.1248955195138888,1.0599904387847223
2022-09-22,5778146.691354167,40006156.28903964,,,2.385117230475273,1.1064170258979167
2022-09-23,5802988.192187499,41542927.22002891,,,1.9068280260595118,1.065384927279861
2022-09-24,7036667.424583334,53631781.91448016,,,1.0821405088917062,1.1375575164031249
2022-09-25,8667121.173611112,68064320.24872147,,,0.7898281636480197,1.117719828623611
2022-09-26,7707801.842638888,59746323.08912402,,,1.1055788359264243,1.085844707720139
2022-09-27,8121992.246493055,65863001.76360185,,,1.0814825947287445,1.0898043664645833
2022-09-28,8641944.712777779,69416275.83607875,,,1.2939001319590409,1.031242885415625
2022-09-29,7852928.7811458325,60988675.46031678,,,1.7118247778228024,1.016025965614236
2022-09-30,7505420.845034722,58028073.54166123,,,1.7920911008676457,1.024857745810764
2022-10-01,7613675.088333334,57233841.242510594,,,2.3614028792766866,1.0511552061156249
2022-10-02,7834717.477187499,57717129.68524666,,,2.870559847343586,1.0626683198503473
2022-10-03,8028284.295798611,57689572.92134098,,,3.3228143067159635,1.0521619127038193
2022-10-04,8346089.285069444,63803056.661947384,,,1.7642465498644055,1.0934836171378473
2022-10-05,8416928.056875,65341346.972856134,,,1.282779369426514,1.1018421615784721
2022-10-06,8182473.024444444,63734184.933257066,,,1.2881380691314865,1.1227952422576388
2022-10-07,7717507.85486111,58973952.456419535,,,1.8150137756061748,1.0853518989496527
2022-10-08,7494060.81625,56452553.27342553,,,2.120884070583905,1.1484779279253472
2022-10-09,7379746.469548611,55574904.28459579,,,2.370007151612137,1.1663029190777778
2022-10-10,7053872.993055556,53388377.90774948,,,2.4274754223815167,1.0529642316670138
2022-10-11,7005400.736215278,50528077.048189975,,,3.1470479880482,1.026520362253125
2022-10-12,7061180.305590278,50697199.06327082,,,3.388662958790538,1.049286889793403
2022-10-13,6689717.329270833,45957721.27537431,,,3.170433679747063,1.0393104449538193
2022-10-14,6150299.307673611,43401517.0368406,,,2.226462093202038,1.1094478439027777
2022-10-15,6501738.7090625,44889518.149593964,,,2.0448206901339807,1.140080184879861
2022-10-16,6879543.630416666,48643610.50144218,,,1.809759425373687,1.1486791753038195
2022-10-17,6930294.5529166665,50013792.8292271,,,1.4897566222544194,1.1317741920892361
2022-10-18,6886842.983159723,49408535.85568457,,,1.5842593312863216,1.0593317233159723
2022-10-19,6641927.646493056,46289621.86637922,,,2.288493504468548,1.0250631698635417
2022-10-20,6718785.4465625,45505944.37222424,,,2.8784247814420323,1.1121660686520833
2022-10-21,6652135.138576389,44284590.1088414,,,2.983433625555684,1.1050252871694444
2022-10-22,6320977.903263889,43169583.116784,,,2.3582106107469283,1.1469996113475696
2022-10-23,6368975.332743055,44025333.35638346,,,2.0133794852496165,1.1605587193465279
2022-10-24,6453704.8153125,44675014.454824634,,,1.845836410818312,1.0527470110416666
2022-10-25,6361450.592222222,44297965.81067534,,,1.8915414713237944,1.1141089714913195
2022-10-26,6453816.936006945,46155049.53302191,,,1.6219940817009324,1.0652700186614583
2022-10-27,6623233.9531597225,47239654.619780675,,,1.7181245368357165,1.0173850294947917
2022-10-28,6652107.060555556,46561362.867368475,,,2.0361043114122173,1.0770456729836804
2022-10-29,6713945.563159723,48867260.2979184,,,1.5061078029267947,1.088988783626389
2022-10-30,7298053.542048611,56108363.45114799,,,1.2563150922569444,1.1301508223611112
2022-10-31,8666293.091597222,68737133.34786874,,,1.0832119846859667,1.0454433782586807
2022-11-01,8233072.180243055,63864879.01804577,,,1.4361137018108967,1.0672895233472222
2022-11-02,8146514.962326389,62742765.81715184,,,1.4827707284093128,1.0146208963329861
2022-11-03,8132116.672395834,63322416.84063433,,,1.5960396185663193,1.059826873867014
2022-11-04,8741632.101354167,72566019.89980556,,,1.2523854536096437,1.073236407017361
2022-11-05,9067687.018333334,79307691.59056355,,,1.1600962875716194,1.0806033150354166
2022-11-06,8710772.384895833,74491178.42648141,,,1.3053527486826526,1.0479083470413195
2022-11-07,8360145.296041667,70332723.50288528,,,1.529905377433517,1.0505323625479166
2022-11-08,8976834.268472223,75830445.0060031,,,1.3650315757153337,1.0032436695378473
2022-11-09,6919200.33,47134202.013136834,,,2.973386223411604,0.9700674023260417
2022-11-10,6107450.102465278,41939907.93128535,,,2.3415023709113227,1.0368157827760416
2022-11-11,5648628.491875,39310209.34321721,,,2.399375386689405,1.0400781423666665
2022-11-12,7124499.446875,45883458.01990333,,,2.9571221449767164,1.0931270999208333
2022-11-13,7364296.43704861,45899602.156154394,,,3.4714537130297254,1.0424043222267363
2022-11-14,7104086.327569444,43255674.47965209,,,3.354561560973921,0.9882112550072917
2022-11-15,6742397.649548611,43262915.84079113,,,2.5125500434433503,1.043839627973611
2022-11-16,6934434.259722222,43720164.887980856,,,3.2265145845928607,1.0484190530635416
2022-11-17,7478927.9480208345,46327102.165774,,,3.2295956911773436,1.024571248142361
2022-11-18,7570421.605625,47097266.9710491,,,2.99436725094019,1.0564700578413193
2022-11-19,7921475.191701389,48488785.67477337,,,3.4841595543276314,1.0521979424309027
2022-11-20,7968379.946874999,48213254.33302343,,,3.485532214436317,1.1932137644167247
2022-11-21,8355130.023090278,47977869.81783472,,,3.9778434427874987,1.0530227422927083
2022-11-22,9186074.301979166,56487562.07547609,,,1.9011219392192094,1.0859492307680556
2022-11-23,9541419.083020832,62183792.67724519,,,1.2087815885591424,1.071232001540625
2022-11-24,10241104.139375,69225665.88814758,,,1.0179389629140476,1.0209592627822917
2022-11-25,11021816.756493054,74900199.22870131,,,0.8625647373525746,1.1169218276409723
2022-11-26,11818558.847118055,82853349.35657145,,,0.8150259922901574,1.1173226516694443
2022-11-27,12641118.492708333,89918221.99294008,,,0.9042927834461663,1.0807047241177083
2022-11-28,10912402.48079861,74936307.9035086,,,1.318979031724296,1.0198597117520833
2022-11-29,13080656.189895833,96086969.2114768,,,0.9067576090041081,1.053681054864236
2022-11-30,11726132.138923611,87676915.20686463,,,1.044686662657609,1.0058777764395834
2022-12-01,11275272.93420139,85651500.9277019,,,0.9615057052623038,1.0538901619781251
2022-12-02,11366525.955208333,86343474.1991322,,,0.8967725255513989,1.01752812821875
2022-12-03,10919135.918194445,80930560.97695787,,,1.088760171712963,1.0371145481614583
2022-12-04,10658395.195069443,78187209.49526238,,,1.3192528994017914,1.0727590486187502
2022-12-05,10568408.282465277,78476216.25359374,,,1.2670589167998751,0.9744732885538193
2022-12-06,10154300.48125,73128671.49974503,,,1.6888193508226605,1.031368146692014
2022-12-07,9897129.258680556,68414299.42629158,,,2.2719481257183767,1.053795250879861
2022-12-08,9849780.981145835,67969953.27079374,,,2.2309001085503453,1.0401828837857638
2022-12-09,9331355.822048612,64827862.042995386,,,2.180228113801214,1.0589841228322916
2022-12-10,9467840.794027777,64819591.07831558,,,2.4529873548816754,1.1672696492951389
2022-12-11,9453517.099027777,64927448.484976344,,,2.4493625373635295,1.1735716010961807
2022-12-12,9120813.062256943,60400046.374045886,,,3.0504555752096696,1.0884879763861113
2022-12-13,8601404.622951388,58048135.70443651,,,2.6594184447852194,1.1075024048315971
2022-12-14,8004956.072986111,54809343.95364361,2.365889927144353,1.0234539981019801,2.3334869920996173,1.05851807245625
2022-12-15,8667437.795277778,57013731.18884127,2.8610079861086106,1.0499117266708333,3.1159995670999554,1.0358295750208333
2022-12-16,8986137.458472222,56464025.274213076,3.5305870240996278,1.0577945076378472,3.7807354073993085,1.0415688041590279
2022-12-17,8648867.683854166,51583609.22862781,3.314610133817873,1.069367834909375,3.5309461595194325,1.0906888358131943
2022-12-18,8955225.284722222,53633199.537976325,3.3058948650619358,1.1282355297229167,3.442733819713443,1.0728811337513888
2022-12-19,8835625.161423612,52453770.190395914,3.210149781153583,1.1525604553215278,3.25439322222757,1.0820599949659722
2022-12-20,8641515.824305557,51905665.25568315,2.9275667127579243,1.1017132478357639,2.942901999851454,1.09333147635
2022-12-21,8771557.633819444,52179630.90514163,3.1522976697881773,1.122833912167014,3.260355901150827,1.0845735294125
2022-12-22,9230678.7115625,55005355.673954695,3.2236415321462903,1.0632640691246527,3.4038112389302757,1.025822147901736
2022-12-23,9460739.1446875,56685306.01930393,3.3252032957619075,1.0816549630069445,3.313034479614589,1.1194324622663194
2022-12-24,9746727.67375,57697243.04056776,3.283119712938036,1.065702479651736,3.4113415766055537,1.101157252207639
2022-12-25,9937646.791006945,58955379.31775539,3.134233452888333,1.062179991284375,3.2384479045175056,1.1848430802340277
2022-12-26,9867687.460381946,59033377.368808776,3.0590535455823504,1.0801270339739584,3.090177276713986,1.1355075016149305
2022-12-27,9814208.218819445,58413503.383512646,3.1596510557773843,1.084911711396875,3.2551464432508452,1.1225116417489582
2022-12-28,10456626.959305556,60126092.58747348,3.656077242101686,1.0766400303420138,4.02948945562095,1.0403788947954862
2022-12-29,10726002.313506944,60676296.00225845,3.201276949198601,1.082198091582986,3.395871051707188,1.0355585461385415
2022-12-30,11016318.4975,60636139.932279654,2.9581044661326032,1.0489012822361112,2.978987625566708,1.0296987887659723
2022-12-31,11800413.97357639,65097924.675616056,2.902543199453352,1.045700194896875,2.8763570810284023,1.1801140893541666
2023-01-01,11789986.308506943,65667179.64335607,3.000476872595593,1.062511895765625,2.92901776843108,1.1134625509694445
2023-01-02,11320098.593680555,64167743.96551863,2.8559019176469502,1.0743597089253472,2.8528384363095496,1.0988727734038195
2023-01-03,11307849.06701389,63848736.35509801,2.928638973939657,1.102266655388889,2.9001764834552715,1.0814228604149305
2023-01-04,11095513.880902776,63957816.39736606,2.8122931875938453,1.0839896885381946,2.8752232546263956,1.0941650328322916
2023-01-05,11186354.196909722,64144527.35430524,2.88861002468783,1.0864757678444446,3.0106485643685894,1.0540200311659722
2023-01-06,11442618.928298611,64519541.850729905,3.3255118310817013,1.1507293531840277,3.5067740874651037,1.0387652825940972
2023-01-07,11047392.525486112,63803559.526344985,2.9356779631374397,1.0618691141461807,2.9347278901162084,1.1455927396239582
2023-01-08,11052336.227430556,64348245.093723685,2.675765119605666,1.084243138896528,2.484737943350997,1.1249686612940972
2023-01-09,9836167.965833332,60247004.30002419,2.184007667406758,1.118544993754514,2.236149592261139,1.0483063369690973
2023-01-10,9305706.253680555,57010467.46071285,2.1228822806386196,1.2292593287690972,2.2251593412153814,1.0586678000833334
2023-01-11,9160994.557291666,56038537.589436136,2.013590503269528,1.232814319913889,2.21234769719457,1.0648234211149306
2023-01-12,8990653.26517361,56675505.86962169,1.9039378492367964,1.2303103100336807,2.0292030417180245,1.0404862685100695
2023-01-13,9058089.77576389,57750359.776248544,1.83575814413127,1.2698277276305554,1.943487152328259,1.0612549335131944
2023-01-14,8306534.673888888,56599747.89704605,1.4921306970732036,1.3128981769499999,1.747939984985537,1.0373016795975696
2023-01-15,8370983.506041666,56462106.503637314,1.6008439904344516,1.3375684439173612,1.8512447707890363,1.0610979012347221
2023-01-16,8456685.674270833,56652807.82815699,1.6832789442781424,1.34040679809375,2.0576964535555553,1.0175500393395833
2023-01-17,8387444.4252430545,56544434.82546217,1.6277878039599607,1.4019384347125,1.8739457385190026,1.0831987131614584
2023-01-18,8361098.936944445,56148082.166487575,1.6623373241834118,1.3134720251996528,1.9593297067695903,1.0034009598621527
2023-01-19,8114786.267083334,52158793.17734664,1.8714104667784066,1.3086197504899306,2.1850926366914933,1.0859858684663193
2023-01-20,8178488.413888888,53709121.72972426,1.7186310382014467,1.3221795315020832,1.8861491506315535,1.0466832296833333
2023-01-21,8163579.59704861,57094629.53428904,1.5434433531255205,1.3579220249920139,1.6490493962057469,1.01269530010625
2023-01-22,8415925.676319445,58528640.8859515,1.5779007071873812,1.3738301850593748,1.783987940429326,1.0306310662496527
2023-01-23,8295443.185729166,58707856.31611349,1.7411397003438984,1.4937708828145833,2.1066635138243623,1.0884422165560284
2023-01-24,8107335.358541667,57099810.55981107,2.000652815601481,1.4505925091131944,2.3902423138002473,1.0254950347680554
2023-01-25,7626530.10107639,51488789.448974386,2.1606842828321113,1.470891887028125,2.6281699174354625,1.0482894412114583
2023-01-26,7862912.994791667,55088212.27584378,1.90714267845758,1.4899122756545138,2.228702952427109,0.9906970916065974
2023-01-27,8357833.2629861105,60498447.4520833,1.6646431231427217,1.3763546787038194,1.8395117452507377,1.0294746987815973
2023-01-28,8721751.83684028,63693003.96523455,1.6666985724553571,1.3689300251979166,1.8151982219889986,1.036186262986111
2023-01-29,8485531.634583334,62410070.001299515,1.605182004497158,1.359458082701389,1.81191275035116,1.091935599625347
2023-01-30,8494623.780277777,60344213.225361176,2.0195129331094126,1.3475377695211805,2.2833784094545515,1.0026983621979166
2023-01-31,8450191.847638888,58923302.10899993,2.216986480951092,1.3343027455361112,2.66874911119741,1.0316275441854166
2023-02-01,8631998.294479167,59695413.96220931,2.330184805671789,1.345179957798258,2.7951664006101486,1.0030307746381943
2023-02-02,9198456.290624999,67035942.78609472,1.7870138018924184,1.2778434779503474,1.926817672430522,0.9977491293430556
2023-02-03,8925542.378437499,64167494.926202945,2.0059178494914445,1.4426428320822917,2.300548576071135,1.0393439978711807
2023-02-04,9063822.915902779,65692682.02241055,2.0931242991584535,1.4625880100472222,2.330546986582297,1.0411007071538194
2023-02-05,8921878.274479168,63377507.78618421,2.3224304524370094,1.4679021488319444,2.602155055204763,1.0038879272079861
2023-02-06,8505379.220659724,59252967.01421045,2.626305841133654,1.429420117889236,3.022417731635104,1.0317176398079861
2023-02-07,8294215.546250001,58114486.80127474,2.3333028829889417,1.378010230342361,2.710985164245312,1.0456368099527777
2023-02-08,8131617.5808333345,58337559.66562388,2.0944885146986136,1.4007991313211805,2.3701281208597615,1.0169593879315972
2023-02-09,9263475.757847222,68348335.78106347,1.729785681840604,1.369008981920139,1.7856893365183915,0.9973190063663194
2023-02-10,8739300.543958332,60708052.27046422,2.1703010588094678,1.4150687141531249,2.5336928410408386,0.9958667791888889
2023-02-11,8382775.214409722,58046133.27442135,2.1449215873016243,1.4861685177618056,2.6478785212416702,1.1286523990802084
2023-02-12,8372155.890937501,58203905.714334324,2.365342564094802,1.498172950785764,2.8966833768079803,1.0588100700854168
2023-02-13,7943153.307534723,52654503.61293477,2.714759273242898,1.4170978465545139,3.1889303755914735,1.0421719829076388
2023-02-14,7642988.101319443,51064527.207959615,2.6007577311511416,1.363628488932986,2.881251518964169,1.0463261862215278
2023-02-15,7629542.717256945,52543838.40872695,2.1887717818842383,1.421660843220139,2.3816901805237722,1.0855331792489582
2023-02-16,7495790.57767361,54581086.37793949,1.78330568940642,1.4891897978961806,1.9266247939685104,1.0489537715048611
2023-02-17,7665069.519305555,56095410.63737917,1.7521984734454414,1.512567957842014,1.9946649742526275,1.0278624291350695
2023-02-18,9442170.825555556,74395190.51291317,1.4956032158122856,1.4752686598163196,1.501724809195662,1.047841848242014
2023-02-19,10245681.045173611,82499414.5416221,1.6208171441334875,1.4471217813937498,1.7085560207358559,1.013689360585764
2023-02-20,9684465.993402777,78212155.70218483,1.7807972992823755,1.5902358229878473,1.951258161332376,1.0060572440371527
2023-02-21,9263172.4778125,72389946.11124301,2.269275914270528,1.6364953342388888,2.5883484751838464,3.056767073750347
2023-02-22,9290332.074375,69712885.14195043,2.662917135294971,1.6871769070590277,3.0682164478351903,1.016061120451736
2023-02-23,9398131.112465277,74298549.40661947,1.8878307921443738,1.654749832385764,2.12766565071663,1.0388523786225694
2023-02-24,9835238.637777777,76833242.64676352,2.08223475980804,1.7457672894711806,2.2464936297820284,1.0131392980958334
2023-02-25,9329011.466805555,68635769.98127908,2.8334937116243366,1.7801128787749998,3.0865161966374774,1.0657235025118057
2023-02-26,9341330.545868056,69131001.84353316,2.6253908074504584,1.708723779889236,3.034185813649499,1.130989640604514
2023-02-27,8983696.879270833,65749128.6294131,2.8466708646318595,1.7044725031166665,3.2455598161906867,1.0571500516649306
2023-02-28,8742782.08,63780584.70763302,2.68912632822749,1.6445183269319446,3.1174671564722183,1.0125015641190973
2023-03-01,8507113.342638887,62917250.187198624,2.3797933468313865,1.4999034669052085,2.6984708111501483,1.0820326529166666
2023-03-02,8570531.881284721,62662041.808397345,2.7108812115190926,1.5832825287291667,3.107053983762179,1.03890910343125
2023-03-03,8199715.611840278,56584423.84955354,3.409722712971865,1.3712271442260415,3.7831255693684955,0.9760019032465278
2023-03-04,7987384.932708333,55132462.16569675,3.2185237244705043,1.434320389853125,3.372582129959029,1.1217142212937499
2023-03-05,7979454.755590279,55374636.80596995,3.053786213729978,1.4236559627145833,3.192515200033048,1.0840895333090277
2023-03-06,7990728.110659722,55077422.95046661,3.1265329463202325,1.4287790385774306,3.2244148697912176,1.0419481362385417
2023-03-07,7821801.504652779,53475576.443728425,3.1226736890674496,1.4234394193513888,3.2547363822693485,1.0393129448614582
2023-03-08,7995518.861458333,53983379.80707064,3.0121134912781082,1.4297658304854166,3.05221178252768,1.056194398101736
2023-03-09,8295700.211076389,53929036.73950309,3.1887165476859467,1.3020686552840277,3.2761508402359594,1.0114897568305556
2023-03-10,8224220.5131250005,50535184.36968971,3.16036635030382,1.2707326968010415,3.166799572450559,1.0237063597083333
2023-03-11,8183843.821493056,49917374.48931535,3.1228878683695656,1.2410103440652778,3.1244344671254236,1.0124948579777777
2023-03-12,8252965.257083333,51099813.84116635,2.633567242662927,1.246146499135764,2.620892362351354,1.11718648884375
2023-03-13,7856788.489166667,52139579.93448831,2.21131528,1.2733547220486112,2.2139624056597222,1.0299512532291668
2023-03-14,7732286.693402777,52956788.33712486,2.0272441487941126,1.175403699323264,2.1268525156433604,1.020557838595486
2023-03-15,7573332.939305555,51515302.938025065,2.328331510962992,1.1759054010434027,2.4030367313998973,0.9835674951472222
2023-03-16,7093715.424479167,46705860.16445551,2.7962772059474066,1.2686848811003473,2.809953447401901,1.0032915307677084
2023-03-17,7113648.303680556,49598548.57145708,1.8734140054469899,1.1971242938552082,1.9784178622491373,1.0513351048131945
2023-03-18,7209436.413194444,51484851.46357883,1.913239014413841,1.3400078876715278,2.0144957270075396,1.0027205054020834
2023-03-19,7461058.60701389,52970770.34012034,1.8443579051365764,1.3507890253250001,2.058738679256218,1.032016033390625
2023-03-20,7534560.884027777,54078221.16635693,1.7798000484387317,1.3869402036361111,1.8967605954617754,0.9997485151694444
2023-03-21,7175858.079166667,51423091.75493265,1.8100061509082304,1.4131445079864582,1.9110040106725594,1.034632561267014
2023-03-22,7908835.191354167,58677273.16112827,1.55876060198954,1.3592230286107638,1.5707277360678809,1.0128204507631944
2023-03-23,7673464.172743056,56541438.39692858,1.7962015915121847,1.4761678024798612,1.9941973842832494,1.0631643904479167
2023-03-24,7653870.6962152785,56417442.918327145,2.0050220870948374,1.4801203023777778,2.0636882544872432,0.9842471307218751
2023-03-25,7603931.582326389,54104464.136504345,2.581752669041634,1.4268483909284724,2.637746809748465,1.0968632147302084
2023-03-26,7442221.9584375,53474938.408735506,2.1719184129495845,1.3911474430461805,2.2337348923914853,1.1407975827024304
2023-03-27,7515628.9245138895,52900990.306434296,2.4551739681219185,1.404313324443403,2.5110880229123484,1.0170984112954862
2023-03-28,7698969.581840279,52778924.0005994,2.7558662012699853,1.5186787165586806,2.883286321469738,1.0369217344784722
2023-03-29,7692304.5503124995,55622646.01242245,1.7150852803067482,1.5345852623194445,1.9012471883186288,1.0889043834944445
2023-03-30,8033654.718715277,58813128.589212924,1.405661907729216,1.6197816732822916,1.5255719583262328,1.059831533653125
2023-03-31,8389505.397083335,62851856.528519325,1.2524228115725857,1.541241732472222,1.3552124063197946,1.0539696380944443
2023-04-01,8609115.165729167,64855287.7798441,1.2625737864252502,1.581310486721875,1.288334249965202,1.0846872720347223
2023-04-02,8252223.679826389,61055521.45131542,1.721215790490871,1.6259928457895834,1.8078199157414905,1.096532117403125
2023-04-03,7722347.482187499,55942678.26083936,2.146461151305785,1.7700989461166667,2.3334260862632927,1.0824332025211807
2023-04-04,7432738.854027778,54528436.85725333,1.6091569431430262,1.702085527537153,1.8191469591789147,1.0839960572055556
2023-04-05,7651832.935833333,56820086.26384828,1.6633979584744214,1.621977245952778,1.869924547598731,1.0449605180552082
2023-04-06,7627013.010416667,55164174.50454456,2.49070063725744,1.6452336075142362,2.86472168289985,1.0246229705809027
2023-04-07,7832365.919027777,56336086.22931511,3.0309733308898403,1.5776721901868056,3.2611139546358996,1.0508171513253473
2023-04-08,7654747.7038888885,55160767.59259693,2.089625381739909,1.618738845553125,2.3684326056801095,1.139761543867361
2023-04-09,7821093.934444444,55808990.655184984,3.0869111586244116,1.5616145690795138,3.3204834965523933,1.2203233798958335
2023-04-10,7663045.0026388895,53652807.11806311,2.1677106364352308,1.6446131032649305,2.4016096153658744,1.1234458432958334
2023-04-11,7629710.194201388,56189076.632688776,1.48612929708544,1.7651540155986112,1.740139963359626,1.0945751851618057
2023-04-12,7531966.8158680545,54327759.54691961,2.167995353466966,1.7425354721319444,2.427560319734455,1.0332377358128473
2023-04-13,7702311.976770833,56659622.300789155,1.538815572592122,1.7378584696697916,1.8332207493103896,1.1235865808993055
2023-04-14,8412389.068715278,65041575.74632125,1.2146701591306703,1.773703642034375,1.412973794937435,1.0419198162211805
2023-04-15,8855395.9609375,69394064.84114031,1.252237305213865,1.7738650583690974,1.421566117975189,1.070599491298264
2023-04-16,9371904.841666667,75326321.14322166,1.1785826680923859,1.6802246850302085,1.3076614243652123,1.0836772007489583
2023-04-17,9312079.567951389,75771136.65697014,1.1552157714709863,1.6859497638475696,1.2925053713784993,0.9964654958413194
2023-04-18,10788392.20732639,91517870.04371063,1.1018589357165651,1.5815114883336807,1.2532170625885586,1.095344319209722
2023-04-19,10125292.023368055,82879618.77438305,2.511460959164479,1.8201971090288194,2.5534077836066085,1.0339997917871528
2023-04-20,9762811.966388889,75566015.3290085,3.6176512441516007,1.967635109009028,3.7563360960128898,1.0456579731079862
2023-04-21,9956910.112777777,73442480.63820244,4.282726055645152,1.9301167259093748,4.302318918611763,1.0198141543548611
2023-04-22,9885323.35982639,70593059.59362605,4.4469686996980435,1.7643390518166666,4.500432326085299,1.0867669714059027
2023-04-23,9744567.146736111,68767400.15529694,4.5455772894889215,1.5902186924718749,4.550194414719252,1.0558976243819445
2023-04-24,9350555.608159723,66633041.348238416,3.716070458916232,1.549042210931597,3.7566985388739105,1.036551076364236
2023-04-25,9587361.783680554,67762395.8595779,3.9055780670706803,1.5177163453017362,3.971766717638893,1.0319368711961807
2023-04-26,8857331.843611112,64299575.01853923,3.205680476809275,1.6344109666003472,3.283986348588566,1.05362954650625
2023-04-27,8141490.834479166,57802705.909551516,2.7403953137273542,1.637788838340625,2.952666363917761,1.0823729476309027
2023-04-28,8259323.712916668,58472287.597737014,2.9992422177493974,1.635631051503125,3.0225442066606245,1.0646281684940972
2023-04-29,8417779.881076388,59913782.68937981,2.902705806012897,1.6492132601350695,2.9996449015114437,1.2009947645836805
2023-04-30,8421708.665729167,60404689.78894741,1.9667561035229981,1.7387637204277777,2.1580307159738346,1.096832716338889
2023-05-01,8563198.420902777,59483183.21606033,4.728927568876767,1.6533279910041667,4.559338989953505,1.1080907675059026
2023-05-02,8689086.919965276,59992427.82688546,4.258433322941617,1.6412763251128473,4.233835195985292,1.0823462042381946
2023-05-03,8527526.820486112,59339286.16259317,2.257632176916377,1.68307667181875,2.4862447044004914,1.0915961307253472
2023-05-04,8676577.726145834,61193456.33664147,1.5771592184387566,1.7697500263604167,1.7847357614678292,1.1217923252798612
2023-05-05,8680698.874965277,61745722.876394786,1.4956523623791333,1.7528719704552083,1.7358149323626872,1.0826804371041667
2023-05-06,8613891.969965277,60664788.1938453,1.812887582812667,1.8098272774194446,1.955345022757478,1.1550814777958331
2023-05-07,8517061.195,58970505.45388101,2.5269931051659986,1.7752823824715278,2.709036211812826,1.07442049105625
2023-05-08,8747222.787465278,58362220.051214166,5.169563142709055,1.6903408137093752,4.634170565292191,1.0711571937756945
2023-05-09,8620654.692881946,56370581.3170909,5.084749519362982,1.639278505739236,4.470496973298696,1.12255935974375
2023-05-10,8778536.990555556,57481927.0942103,4.839341738386264,1.5980886349590278,4.408572743532254,1.118394722348611
2023-05-11,8649350.67125,55576696.2890198,4.963863709147986,1.6761822621402778,4.346150066871396,1.0403473574701387
2023-05-12,8738962.187708333,56018886.84464846,4.311923116677024,1.6898021872020834,3.891419172994466,1.074961686487847
2023-05-13,8413306.959826387,55127992.075599276,3.1403637462641347,1.707634078153125,2.9075876180449076,1.1552217939409721
2023-05-14,8338579.4202430565,54396448.84485388,3.256362175415393,1.7253173516288196,3.097687943726194,1.1857823825774305
2023-05-15,8404275.417986112,55833960.532190666,1.8345238469900582,1.7141967949131944,1.9772002258942767,1.1223574034611112
2023-05-16,8391250.256145833,55764222.717697956,1.4380529185388247,1.768505808838889,1.6420106355714825,1.0475090490086805
2023-05-17,8596172.594930556,57251887.373865396,1.3756334578303429,1.8351480973729164,1.5775719571640803,1.0608794120645832
2023-05-18,8720456.365243055,57994689.63317618,2.1288887953515094,1.8947035526288194,2.1539925312463057,1.0547872331256944
2023-05-19,8878430.33684028,57715842.06241522,4.8147876810287284,1.834366352446875,4.439482714205769,1.0806658092079862
2023-05-20,9018482.772291668,58559036.603001155,4.639213000986263,1.7552534724763889,4.3150784993402835,1.3346021948072915
2023-05-21,8913084.400625,57642959.87435988,4.83163731973018,1.7655660453590276,4.444048924151779,1.1427807337802083
2023-05-22,8943697.262465278,58077291.71676609,2.5882880664494365,1.7572208341489584,2.576269209057387,1.2159928107305555
2023-05-23,8813056.6846875,57612585.081530206,1.29174912875066,1.8543279881079862,1.5761761607937275,1.189415907770139
2023-05-24,9183933.72173611,58283205.84327033,4.7827350011190966,1.8158381582805556,4.533945312044942,1.042685321326389
2023-05-25,9394727.051423611,59041560.16948038,5.156017839745367,1.834969469309375,4.750498354910194,1.310769325670139
2023-05-26,9506298.933124999,60037351.25103275,4.777314253022608,1.8034124012562502,4.344572241143126,1.2647721610743057
2023-05-27,9169256.07517361,58474661.371651754,3.9882998324468275,1.8626663653100697,3.7704834856726817,1.3773462030263888
2023-05-28,9195636.191770833,59927332.11912766,1.3447842724051968,2.0074959907083336,1.5160936111928818,1.2549728058208334
2023-05-29,9196787.522291668,60764064.498789534,1.099784802126707,2.038019750047917,1.2735295837238672,1.097518641529514
2023-05-30,9252188.56545139,61084237.05969421,1.1068849570354713,1.9292240367,1.2942190092027317,1.1378193610229166
2023-05-31,9094559.47565972,59057812.903384276,1.4958853001720098,2.1039589188440972,1.6861630902679203,1.1085196016072918
2023-06-01,9070692.616041668,58199067.08236097,1.7161835579909175,2.1198985819628473,1.9374905364355142,1.1984406761322917
2023-06-02,9184563.278506944,58904609.594609484,1.7236922157365495,2.154105459534375,2.017141084320269,1.2367496017260418
2023-06-03,9505612.812013889,61000704.808897406,1.7734907139814036,2.192539443160417,2.0491125494834272,1.488059454051736
2023-06-04,9683023.571770834,62760630.08365595,1.4960774850736882,2.135224464560417,1.7472117871621164,1.2701473814805555
2023-06-05,9367364.799479166,58767335.428139865,3.311972283003278,2.042056191390625,3.3108047333849853,1.0122180489868056
2023-06-06,8914672.895104166,54727937.461810514,5.291373254910205,1.684581040225,5.094970924644904,1.1143637159680555
2023-06-07,9011697.241215277,54657735.85358201,5.040428324373154,1.691416927270139,4.694641000537463,1.1092907879868055
2023-06-08,9315892.668159721,55648424.98077996,5.171128327686592,1.685693524317361,5.078521382789337,1.1706001474635417
2023-06-09,9065841.78673611,54232493.709546335,4.013910147736525,1.6802766500402777,3.9121473702252008,1.1525280618899307
2023-06-10,7413942.486979167,39038529.36311397,3.6939608845113643,1.3072613662649306,3.544622181395803,0.9570094201909723
2023-06-11,6178438.598958333,31957969.15674889,3.162585536622173,1.1970306888017361,3.1205612253791037,1.1461268965506946
2023-06-12,6260849.586909723,32112121.302687094,3.2221455667497674,1.2135573598836806,3.177894059391292,1.1203213743104168
2023-06-13,6282997.840451389,32872827.41177574,2.8290999556114667,1.2542507385951387,2.9025648700295457,1.0496504981993056
2023-06-14,6367593.395729166,34161083.79596466,2.327137889083457,1.2451068337215279,2.304824352567527,1.104436131237153
2023-06-15,6268909.507118056,33079205.913761575,2.523070737462329,1.1841436354166666,2.4789971838342617,1.0804870587270834
2023-06-16,6461315.441631945,34090766.54628805,2.520567828745046,1.166165682353125,2.563639951271896,1.1511612355555556
2023-06-17,6666532.343368056,35425521.95712972,2.44231952368289,1.1468889678822916,2.5042301191014373,1.1298827987381945
2023-06-18,7380968.010173611,38662872.38509517,2.7256447085537387,1.099198275705903,2.888378453021581,1.1900276850975695
2023-06-19,7758321.495520834,39679845.62429404,3.0209487418134193,1.0332721020628473,3.1583844334535898,1.1561018348614585
2023-06-20,8069621.059583332,41318191.03550513,2.894041314174849,0.9598439077006944,3.0845960173902807,1.1126074855034722
2023-06-21,7584888.730729166,40997241.30784191,2.252683528331748,1.002331953611111,2.3478384440250384,1.1135364880090277
2023-06-22,7625210.94125,43162580.13278144,1.9383063067821726,1.123155112426736,2.094512714604349,1.0619655454631944
2023-06-23,8179227.704722222,48012800.73063795,1.779826943536021,1.2002371381326389,1.8914651807394358,1.0842796326253472
2023-06-24,8041812.1309375,48792184.15217915,1.6517807116178505,1.2387799183590278,1.6944173916250918,1.0589837120979166
2023-06-25,7725394.837673611,47959316.0577511,1.627706371516328,1.2185253910618057,1.687957466557882,1.0583828708809027
2023-06-26,7479281.413680555,45856314.44059756,1.674470324799155,1.2041007398520833,1.7619000945814787,1.1158156973868056
2023-06-27,7621854.167847223,47131998.91072218,1.636912118820014,1.221873811936111,1.7595453111985688,1.0818955410850695
2023-06-28,7302070.936458333,43793117.028549425,1.908991640044718,1.2240549683423612,1.9896651713907392,1.0635690132065971
2023-06-29,7285466.796979167,43106328.11388932,2.0573292120112283,1.227521850370139,2.1194496941842704,1.1289740632131944
2023-06-30,7098287.597951389,43746547.621826835,1.565620462465762,1.2202188130621527,1.6763416521347327,1.0854807929829862
2023-07-01,7026090.8905902775,44247101.04690745,1.7509581361220041,1.2107848820458333,1.8128230843694257,1.058919230214236
2023-07-02,7163037.9925,46119892.15673706,1.5921715786985535,1.2406420791524306,1.6174942799180794,1.024620734470486
2023-07-03,7279964.451388889,48028284.54094029,1.4870608581414464,1.198071514342014,1.5474313288946258,0.9896006706111111
2023-07-04,7032168.333645833,45826432.914474174,1.5426942770965484,1.1972058260614584,1.5906940373500276,1.058543091651389
2023-07-05,6890472.5696875,44065252.5394139,1.923344681619433,1.1689167137211804,1.9810785588672069,1.08266301373125
2023-07-06,6465616.896493056,40530604.995049044,2.2963193944551583,1.2151236163624999,2.456095347506208,0.998438240938889
2023-07-07,6331194.36763889,38883222.54152786,2.4516615213909683,1.2461846556597223,2.6465318359198897,1.0799073458600694
2023-07-08,6323755.3678125,38958313.62029957,2.3262410809839444,1.2698118306944446,2.495857714065915,1.0664999624805556
2023-07-09,6439481.3133333335,39829085.22797691,2.141345488666466,1.277776964405903,2.246662116439229,1.1037424808868055
2023-07-10,6508563.6325,39863975.233047724,2.4017278154861113,1.2915354854166667,2.531630579513889,1.0664496046874998
2023-07-11,6486060.788645834,40047447.314328,1.9371539284375001,1.286405905138889,2.1534185652430557,1.0901345595833334
2023-07-12,6392177.369479167,39926862.043096475,1.7536835380902778,1.241273727986111,1.9401806691666665,1.199556834409722
2023-07-13,6835846.89,44542278.06205662,1.425690919201389,1.1981378886458334,1.580047806388889,1.0678000584375
2023-07-14,7329415.538159722,51856067.46129869,1.4305202824305556,1.2546398600347224,1.4875261460069444,1.0035178861458334
2023-07-15,7231856.0540625,50139077.5066376,1.9278609976736112,1.3068889466666667,1.9564077467361112,1.106721134201389
2023-07-16,7896950.0319444435,53554587.40698972,2.1897607314583336,1.2023495410069445,2.2026991444097224,1.0362262728125
2023-07-17,8423869.175659724,56852483.30178619,2.1528212380902776,1.0740411078125,2.2995343264930557,1.0732044881597222
2023-07-18,9085439.722152777,63805041.99816232,1.2896580835416667,1.2145220894444444,1.2744087881944446,1.0305080817708334
2023-07-19,8047785.280625001,55629321.959531456,1.6474986379166667,1.3695934012847222,1.737150919861111,1.028589575
2023-07-20,14052842.097291667,111444285.921668,0.7930802634722222,1.3511656441666666,0.8374261607638889,1.0707832362152778
2023-07-21,19583260.701006945,159849861.862345,0.5312517022916666,1.3466209274305556,0.4824528174652778,1.0539489216666666
2023-07-22,17792098.37003472,143281073.11754277,0.6674264395138888,1.4192094549652776,0.6245774748263888,1.0863748527430555
2023-07-23,15469968.86027778,123259400.04907492,0.8248744639930555,1.5049610804513889,0.7987399447569445,1.091610305277778
2023-07-24,13416726.238784723,102632206.47837217,1.3473178326041666,1.6604942683680557,1.2851010569791665,1.065231057638889
2023-07-25,12435636.543333333,93071522.22781658,1.6309129880902777,1.6812892840972222,1.6441715014236111,1.0243034959375
2023-07-26,12052856.053020833,90816623.31447873,1.6499063348958334,1.6272265397569443,1.7339867110069445,1.035397402361111
2023-07-27,12804245.2571875,101910800.09580784,0.9122971336805556,1.4396350430902778,1.0010521762847222,1.0639679963541666
2023-07-28,12662714.46138889,99711503.99440809,0.9489761181597223,1.4304371889930556,0.9849305320486111,1.038743068263889
2023-07-29,12019773.760486111,93472355.71993479,1.1085558990625,1.394641026423611,1.2373178368055555,1.1211041028125
2023-07-30,11812273.890833333,91148695.31074801,1.258331501076389,1.3910589207638888,1.395098251840278,1.088211575590278
2023-07-31,10897876.991597222,82727573.45837201,1.7465440898958333,1.4262627023958334,1.8611915350694446,1.0393506417361111
2023-08-01,10607617.621458333,79274776.02392003,1.8497784804166666,1.4850611539583332,1.9772435731944447,1.0973916881249999
2023-08-02,10852847.757291667,81974050.52983364,1.7577692919791668,1.520518000138889,1.8797563580902776,1.0485079830555555
2023-08-03,10948727.605555557,79598903.71812361,2.076883705798611,1.4942651071180555,2.219543268472222,1.042273218611111
2023-08-04,11409805.548645834,81497395.70503765,2.0750167599305556,1.4921825199652778,2.2024802013541667,1.112855807222222
2023-08-05,11389876.578368057,81859750.25377367,2.1029900133680552,1.4197139411458333,2.1286113785416667,1.1013784807291667
2023-08-06,11237053.656770833,80404679.82723539,2.124237842222222,1.446832685173611,2.1565508981944443,1.2529648933333333
2023-08-07,11234942.467777777,80493822.11786349,2.0340945171875,1.4954660182291668,2.088066438402778,1.0911794686458334
2023-08-08,12006591.225729167,88578006.7015251,1.559446570451389,1.5157464719444445,1.6353835269791666,1.0782687525
2023-08-09,12025699.325416666,91446701.08826528,1.0735957836585366,1.4563163914634147,1.1676721631010452,1.093231654826389
2023-08-10,12331356.440833334,94091334.1892336,0.9612777566666667,1.4431046600000002,0.9962677545138889,1.0454249354861112
2023-08-11,11788148.312152779,88702228.63634808,1.087007143298611,1.4552964116319445,1.1673099983333333,1.1587809466319445
2023-08-12,11363312.715486111,84599817.41266838,1.280713329548611,1.4686811678819445,1.4228702827430555,1.1985512995833334
2023-08-13,11288446.359861111,84272822.81909218,1.3498050603125,1.466211971875,1.4983817958680554,1.1534701777777778
2023-08-14,11469625.034270832,85660715.01646867,1.5166127724305556,1.5093314993055555,1.6465654377430556,1.1010566947569445
2023-08-15,11436004.509027777,83069300.99695489,1.9442275151388888,1.5378406477777777,2.1167142986458334,1.0805405019097223
2023-08-16,11180953.315694444,77235483.02040595,2.4530658535069443,1.537955500798611,2.4442075773958334,1.0243238507291668
2023-08-17,11154263.175625,74623586.19628268,2.4657794635763888,1.554011505347222,2.437980981388889,1.0211573722569445
2023-08-18,9418184.621215276,58282851.72825256,2.2435343659027778,1.4802812375,2.179504093402778,1.0511387341666667
2023-08-19,9498693.932569444,58635490.20508921,2.1586407739583335,1.4939071248958333,2.1127473738194444,1.1280174722916667
2023-08-20,9696132.336284721,59863881.53432185,2.2675922590625,1.4525834675347222,2.2551315248611115,1.167545975173611
2023-08-21,9534430.5575,58947790.41369572,2.321062601701389,1.4406243125347222,2.2282271021875,1.127386105972222
2023-08-22,9647727.540868055,59157188.04224303,2.3459343714930556,1.4296904642013888,2.2282449986111112,1.1527197042708335
2023-08-23,9761120.156979166,61075819.1241115,2.1504257046180557,1.4354362771180555,2.0584798670833333,1.1175504052083332
2023-08-24,9459056.857708333,58788446.2827579,2.160032381597222,1.402831437673611,2.1184386701041666,1.1154999180555556
2023-08-25,9428483.883541666,56460003.61083135,2.362741937048611,1.313234680138889,2.3993008521180554,1.1112069706597223
2023-08-26,9143499.092465278,54880592.48822299,2.293243358715278,1.3027964215972223,2.3544902724999996,1.2789864774564461
2023-08-27,8952020.777118055,53633396.042394824,2.316931381631944,1.2752426901041667,2.4296121664236114,1.3946347200347222
2023-08-28,8387535.521145834,49916311.01911816,2.463415681111111,1.2372850403125,2.500868066423611,1.1404579863888888
2023-08-29,8017772.8922569435,48343876.468875065,2.304699890972222,1.2445811758680554,2.370591913923611,1.0853733309027778
2023-08-30,7482612.023750001,45004766.445609234,2.3758823384375,1.1811077632986111,2.320249853784722,1.1559872083680556
2023-08-31,7563000.681354167,44837621.30904121,2.4801827074652776,1.1058827435069445,2.532272884027778,1.083381859236111
2023-09-01,7399298.872847223,43998931.310506314,2.3511526295833334,1.1080348425347222,2.365518884479167,1.0820964549652778
2023-09-02,7062511.195902778,41965510.88391785,2.41413697,1.1164881396180555,2.4775012247222223,1.1900161593055556
2023-09-03,7082426.982395833,42545220.031916596,2.2867329846527777,1.1157782864236112,2.2835637976041667,1.2034509594444445
2023-09-04,7162569.534375001,43349465.84256062,2.1493854209375,1.1008501632291667,2.1653614893055555,1.0957324481944444
2023-09-05,7210828.854166667,43622959.73793091,2.062211944652778,1.0934162811805554,2.016083756736111,1.1734261580902778
2023-09-06,7241027.774131944,44792393.63746613,1.9865924252083333,1.1236661642361112,1.9761082701388888,1.1213509437152778
2023-09-07,7266568.236631945,45806000.57193262,1.8198756661805555,1.1209919452083335,1.747479595625,1.1336113143055555
2023-09-08,7122619.340555555,44684495.87473872,1.8146883795486108,1.0908830724305556,1.757740588402778,1.2555761015972222
2023-09-09,7283661.171319444,45250833.92417896,1.8127468395138888,1.1031180647569443,1.7788336245833334,1.3943019513194443
2023-09-10,7009811.7847569445,42525340.68324017,2.2198811361458333,1.105109807951389,2.2299050921180554,1.1406231786458332
2023-09-11,6735128.278368056,39755972.67682127,2.4872066250694447,1.1414889610416667,2.5303153446180553,1.0909396428125
2023-09-12,6406940.185263158,38057084.046663836,2.440770300982456,1.1110834610175437,2.4986600454035086,1.1502997161754385
2023-09-13,6320081.352673611,37852463.97262043,2.461968984548611,1.1246882214930556,2.423435667152778,1.161128973923611
2023-09-14,6440186.212951388,39128887.63385587,2.3176890368402776,1.1336515788541666,2.271062591284722,1.1350677558680555
2023-09-15,6704415.459618055,41494907.94689815,1.8221194915624999,1.1170052098611112,1.764369991875,1.1425941303125
2023-09-16,6726073.324861111,42179125.777142264,1.7989174682291664,1.1789518000694443,1.6642782488194445,1.155911646840278
2023-09-17,6695528.097118055,41379976.47597006,1.8451417378125,1.163736576736111,1.8043499247222223,1.236551166736111
2023-09-18,8853311.971111111,58342381.79914127,1.196927320798611,1.1894081898263889,1.1581807464583334,1.0725542631944445
2023-09-19,9169221.188368056,62081667.00533983,1.1030412464583332,1.1517436834374999,1.1025975960416665,1.0970564303472221
2023-09-20,9401618.666215278,64676135.306387156,1.0337818870138888,1.1559550383680555,1.0337932747569445,1.058391617534722
2023-09-21,9628334.91,65082002.28189644,1.1529036165625,1.1839463422916667,1.1265940015625,1.0638402985416666
2023-09-22,9801766.171458334,66306236.01504424,1.1958067125347223,1.2253614730902778,1.2054431690277778,1.0970174088541667
2023-09-23,10270226.336493054,72422461.61237845,1.0161135080555554,1.1992548313194444,0.9997890121875,1.0878445398611112
2023-09-24,11072485.735555556,78829952.63761342,0.9665851411805555,1.1455407180208335,0.9543966681944445,1.1052165209722222
2023-09-25,11922292.699479166,87107940.75306888,0.8597756008680555,1.0929611209722223,0.8650485420486111,1.0388850328125
2023-09-26,12725819.560416667,94257808.59243482,0.8274196465277778,1.0696511536805557,0.7979527954861111,1.124055754375
2023-09-27,12238945.614930555,91922696.66735093,0.8894098292013888,1.0871039365972222,0.9114392683333333,1.1160668851041669
2023-09-28,12703407.468888888,98707339.13608378,0.8090993949652777,1.0786574571875,0.8023035596180556,1.0635481818055554
2023-09-29,12677367.946840279,98957285.29243995,0.7724046597569445,1.0952002914236112,0.7894599913541667,1.0846589632291666
2023-09-30,13727243.947534721,111321434.54792258,0.7256349847916667,1.0795360271180554,0.7118627763888888,1.0544058734027777
2023-10-01,13536460.61,108899543.48839572,0.8088306994444445,1.0748734544097223,0.8109521321180556,1.1197021930902777
2023-10-02,13646439.504548611,106402476.64343196,0.9934452438888888,1.1066932189583332,0.9951021710763889,1.0717425573958335
2023-10-03,12833431.481631944,96732772.32243067,1.213058126875,1.1085809430902778,1.2501809727430555,1.0872012366319443
2023-10-04,12704075.602743056,96148325.9652636,1.1405763585416666,1.1191949694791665,1.1731897218055556,1.076538979548611
2023-10-05,12691846.3625,96633619.46658602,1.0590395352430555,1.0944365312152777,1.0899607322569445,1.083762975625
2023-10-06,11949387.73986111,90659812.41123803,1.054451389722222,1.0893339581250001,1.1230073152083333,1.1256327467361111
2023-10-07,11901057.0315625,90173288.00350308,1.040424532777778,1.109795305138889,1.0971458802777778,1.1456536403472222
2023-10-08,11832048.923333334,90469573.71636392,1.0134359640625,1.1216068150694445,1.0608272680555555,1.0817073303472222
2023-10-09,10697442.46,79646122.89716193,1.2609457068055556,1.1918359130208334,1.3249701216319445,1.0540080424305556
2023-10-10,10364475.626111113,75491733.34472466,1.353496637777778,1.2358182896527776,1.4393196427430555,1.1428490532638889
2023-10-11,10784600.231597222,78635197.87015924,1.3534181386805555,1.2765497089930555,1.3832205913194444,1.105115307673611
2023-10-12,10919261.752395833,79303543.088455,1.4433793517708333,1.290575762361111,1.4628171495833333,1.0860821472222222
2023-10-13,10947170.77236111,78849975.38235551,1.440035754236111,1.2830471854166667,1.5098011572222223,1.130552427361111
2023-10-14,11247158.255729167,81937110.89432174,1.3023953125,1.3099447944444444,1.323298992326389,1.162242819201389
2023-10-15,11286999.247222222,83142571.5372632,1.2634955332291666,1.3019744089236112,1.2274582726041665,1.193229732673611
2023-10-16,10773921.258645833,80891844.11012594,1.0788884464583335,1.2990064789583333,1.0941339710069444,1.1063568771875
2023-10-17,10373345.635486111,76887531.69394839,1.1943568172916668,1.2903313267708334,1.2309754279861111,1.1086684599652776
2023-10-18,10604929.245729167,78151114.84310395,1.2285395888888888,1.2909313002430556,1.2410478575694444,1.1194611103472223
2023-10-19,10807890.27673611,79241113.4608208,1.229130605486111,1.3198244672569444,1.2437429226041667,1.0877279228819445
2023-10-20,10607157.659444444,80022854.33438833,1.0257520088194445,1.3830787069791668,1.0565027961805555,1.1260249158680555
2023-10-21,11982897.48701389,99341778.79274473,0.8558153948263889,1.43057022875,0.8636898222569445,1.135779105277778
2023-10-22,15107303.104236113,141420573.37099612,0.6610070358333333,1.427036712361111,0.6440323383680555,1.0512953622916668
2023-10-23,15460315.598506944,160109192.25999638,0.7967947247916667,1.4481011975694444,0.8060220909722222,1.0195883777083334
2023-10-24,14055310.152708333,143945436.5176512,1.0134361102083334,1.5851976075,1.0035441909375,1.020970279861111
2023-10-25,14081748.5675,156783324.30023918,0.9300574488541667,1.5558321235416668,0.9777399373611111,1.0118069205208333
2023-10-26,13361184.075208332,145449644.23404446,1.077609478472222,1.5635535017708333,1.1761973152083334,1.0066516748611112
2023-10-27,13356018.1140625,146914386.26130533,0.9940287822916667,1.6140665370833334,1.0906294304166666,1.0052621230555556
2023-10-28,13910656.001006944,156035938.1454001,1.0131396625,1.6010326372569446,1.0634283755555556,1.045249052951389
2023-10-29,13601505.643784722,149960716.38125777,1.068381632361111,1.559777952361111,1.200317486388889,1.0697352892361112
2023-10-30,13580315.739618056,152412506.2746335,0.9923884006597221,1.6128768990972222,1.0776327388888889,0.9832710965972223
2023-10-31,13331181.19888889,152080789.9185164,1.0962066662847223,1.692749510902778,1.1645246414930555,1.0246053781944444
2023-11-01,12925744.595069446,144018154.53347373,1.1908940173611111,1.7046673842013889,1.292255761736111,1.0171993430208335
2023-11-02,12853136.976458333,144325562.1470239,1.1604800368402777,1.8066725131944443,1.2389523455902778,0.9893954472916666
2023-11-03,13064558.968611112,144814581.46566164,1.0556556570833333,1.8442583223263886,1.1661318725694445,1.0247280394444445
2023-11-04,13081315.447465278,148426415.15782446,1.0081944019791667,1.9588752224652777,0.9671010814930556,1.0457570559375
2023-11-05,13405595.042916667,161634285.62595826,1.0672693394791668,1.9408745952430557,0.9970182737847222,1.0222977702083333
2023-11-06,13008371.125625,163130687.32202548,1.0241939277777776,1.8811917398263889,0.9794877441319445,0.9981088071180556
2023-11-07,12933231.847465279,167555798.4638546,1.0929540213194444,1.8904306771180555,1.0274943911111112,1.0192999631597222
2023-11-08,13152582.973402778,181172296.73408508,0.9319059196180556,1.839162810486111,0.8654867596875,1.0295199477430554
2023-11-09,12395082.486041667,182369018.47223872,1.0811696794444443,1.9576192701388888,1.008741199861111,1.0230402083333334
2023-11-10,11847603.697777778,175483880.4338623,1.2778253418055554,2.094348403819444,1.3479122795833334,0.9765351107638889
2023-11-11,11445483.180069445,177936328.3908989,1.2851710907665506,2.194577186236934,1.2707077243902438,1.00006752875
2023-11-12,11118359.113090279,177574591.11326057,1.3421636054166666,2.321161139375,1.2907667456597223,0.9956098515972222
2023-11-13,10641792.812916666,162384235.61283666,1.5718272824652777,2.2111373735069444,1.605050961076389,0.9980591874652779
2023-11-14,10081596.504270833,145453329.26088136,1.54695054125,2.1622670454861113,1.6874008598611112,0.9872126240277778
2023-11-15,9900789.6271875,145720258.83868474,1.4542481778819445,2.0987841872569444,1.6907715825,1.0247682709722221
2023-11-16,8978445.010555556,130221161.51893872,1.8135358928819443,2.0335724771527777,2.005678435694444,1.1832469930877194
2023-11-17,8211004.026423612,112189656.28240433,1.9874813288194444,1.896941379965278,2.3000334099999997,0.9998115034027778
2023-11-18,7624131.810833333,102814638.92291898,1.8505595197916667,1.8011429863194444,1.9969776893402778,1.027387917638889
2023-11-19,8000563.716493055,113916450.24668916,1.5391003184375,1.6657215454861112,1.7054142510416666,1.0208296521527778
2023-11-20,7756375.7866319455,116046483.06828086,1.4416028551773048,1.6807172331560283,1.4548191367730496,1.0247115327777778
2023-11-21,7680180.973159722,108810948.34118861,1.7922186964583335,1.7268248554861112,1.8607822918402779,1.041024593888889
2023-11-22,7343611.830659722,104002536.81813468,1.4852193360416668,1.7126632743402779,1.7769812214236111,1.0319421590625
2023-11-23,7431758.127881944,107400695.9830901,1.4705532285664336,1.6629736533916084,1.6342371388111887,1.0680971492013889
2023-11-24,7595642.89298611,109650127.02088687,1.534583846875,1.7371140190277776,1.668720227048611,1.0678636743402778
2023-11-25,7566065.780416667,111439649.05874841,1.4894138956597223,1.839619544548611,1.6112796074305555,1.0920008630555555
2023-11-26,7607330.768750001,113302902.9512396,1.621338581118881,1.9561638710489513,1.668431942902098,1.0351317728472222
2023-11-27,7451259.2728125,107400039.30351052,1.8669659308333333,1.8312197463541666,1.9371731696180556,1.0513152766319445
2023-11-28,7397808.921145833,105671539.68044803,1.8081820670833335,1.7247696317708334,2.0368585871180556,1.037375566875
2023-11-29,7301168.110416667,106875620.56947355,1.6712805482291666,1.866411189236111,1.8478496943749998,1.066203168923611
2023-11-30,7324443.008020833,105952058.2116794,1.7855131334722225,1.8952188018055556,1.9810850853472222,1.074370647638889
2023-12-01,7587681.543402778,112046378.80674213,1.6055659888541667,1.8972424829166665,1.7615420247569444,1.0696275913194446
2023-12-02,8307659.744930555,130239015.82167763,1.3432163691319445,1.900540841354167,1.3592841778819444,1.1072868154166668
2023-12-03,8134675.876354166,129772981.68129799,1.4044554927083333,1.975726435798611,1.2869809581944445,1.0766829673611111
2023-12-04,7773854.701041667,123016579.91828214,1.517898428263889,2.0318006559375004,1.5226967988888889,1.0454364194097223
2023-12-05,7678405.544270833,119389217.3584835,1.780416833576389,2.0197119971180557,1.8751456047916666,1.0219072388541666
2023-12-06,7454657.323090278,116922274.84619422,1.8190750867708334,2.0634919333680557,1.8920957790277777,1.0049259368055554
2023-12-07,7784530.779270832,119668481.69157635,1.9621914891666665,2.001643892638889,2.133389039861111,1.0307218171527779
2023-12-08,8640727.121979168,141370365.43322313,1.6885428259722222,2.175982540659722,1.7951737030902777,1.0320534717708334
2023-12-09,8604892.058819445,144297315.96899098,1.7801407291319444,2.365712693819445,1.8418724203472223,0.9861266027777779
2023-12-10,8537211.673888888,138428658.0962332,1.8475087010763889,2.3207492221527777,1.9463777295486109,1.0724052297222224
2023-12-11,7339157.516979167,110017989.29465142,2.3129880710763886,2.077299781597222,2.4212112033333333,0.9965591148263889
2023-12-12,7156744.916840278,105602346.54810235,2.236923967638889,1.8704247461805557,2.5171629520833334,1.0557513007638888
2023-12-13,7081721.008576389,101912966.29618964,2.4057959352083333,1.8108718525347223,2.70912615,1.0285209389583332
2023-12-14,7127471.3865625,107039074.04398003,2.1714485967708335,1.7037279094791666,2.435129297013889,1.0452367459722223
2023-12-15,7067215.903645833,105417189.04179078,2.3752986390277777,1.8466002382986109,2.4070651168402777,0.9878132432986111
2023-12-16,7173717.548125,103892611.53867698,2.506554850763889,1.8445359778472223,2.7176902121875,1.0597153873611111
2023-12-17,7527312.561666667,107005241.77417386,2.7252929496875,1.7564420527430555,3.0926572113888886,1.0345467460069444
2023-12-18,7578746.6293750005,107175611.27937225,2.4750131163194444,1.6527833236458334,2.8983824693055555,1.0020927644444444
2023-12-19,7302453.197604167,105243079.33992316,2.3107040494097224,1.6452676888541666,2.696513879722222,1.0175033080555556
2023-12-20,7188974.794548611,103321903.7026943,2.348055144201389,1.6978563551041668,2.784320230763889,1.0002270679166667
2023-12-21,7455768.5540625,109901264.79719618,2.1801092839930556,1.7251048692708333,2.454527476388889,1.1011457919444443
2023-12-22,7782904.696631945,119737415.99930456,1.8967476219444446,1.9242216215972223,1.951921481875,1.040547766875
2023-12-23,7768682.467499999,119655026.9536035,2.0504550983333334,2.1003620936111114,2.0384579906944444,1.02116534375
2023-12-24,8294109.277048611,129912180.76057506,2.2255620307986113,2.1284355816666665,2.263555333298611,1.0337466306944443
2023-12-25,8410565.875,129619458.34279203,2.5930224811458333,2.0623073075347222,2.76754680625,1.0156603678819445
2023-12-26,8449537.501631944,129073695.46802227,2.8556164777430557,2.0291324271875,3.0516688795833335,1.028980427951389
2023-12-27,8467577.417499999,132113890.36798906,2.4944988061111113,2.001130959965278,2.5704747404166666,0.9981567614930555
2023-12-28,8558591.439444445,143767241.923192,2.0473407819097225,2.107738784513889,2.0288982118055556,0.9993252830902778
2023-12-29,7731368.970486111,122256086.9725785,2.6755896419444443,2.366544179513889,2.819551465763889,0.9872370102083333
2023-12-30,7099207.9062847225,108647201.33238848,2.9896276274652775,2.288204796145833,3.274536598923611,0.9848654096874999
2023-12-31,7108396.136875,108311515.70197952,2.8824109940625,2.2160904810416664,3.1980024218402776,1.075552193159722
2024-01-01,6882895.451979167,104958993.02617861,2.6100020378125,2.131272333090278,2.9113629691666665,1.0933502084722222
2024-01-02,6817347.360833334,106496882.93825036,2.728542435659722,2.006994645798611,2.887269335833333,1.0381304962847222
2024-01-03,6270181.0703125,92483795.18982755,2.9161110619444446,1.8325530837847224,3.1455125230208334,1.0387278569791667
2024-01-04,5365726.968402778,77253789.46798706,2.2972905290972223,1.4657591974305555,2.5350142149305555,0.996770785138889
2024-01-05,5351569.010069445,75768345.99784711,2.731437262013889,1.4487140022222222,2.949657932951389,1.044022789201389
2024-01-06,5398027.342118056,73317282.91749445,2.7415122223958335,1.4782782619097223,2.952645985902778,1.0380801443055556
2024-01-07,5206617.329965278,70417880.26089819,2.6684754336111114,1.455447577361111,2.951698987465278,1.0361840053125
2024-01-08,5063550.839201389,68676154.41292892,2.2486402991666665,1.4375534021875,2.5153588651736114,1.0386989518402778
2024-01-09,4864736.1952777775,67141934.93844476,2.4282284002430554,1.427854554513889,2.519899551493056,1.0207270809027778
2024-01-10,4613055.375243056,64848768.59143145,2.3398025071875,1.4699022276041667,2.426402573125,1.023424333090278
2024-01-11,4548062.213576389,68375220.61347176,2.344755924826389,1.415417148125,2.2861563764930555,1.0295193611458333
2024-01-12,4763395.154826389,70028748.39154714,2.4145262409374997,1.3586419405555556,2.4761849823958335,1.0527481904166667
2024-01-13,4765757.053402778,67625696.86385089,2.3116045299305554,1.3455784981249999,2.5573970281944445,1.0124321907291667
2024-01-14,5129651.895659722,76661606.10233405,1.804293238888889,1.38397098,1.8973976105555554,1.0577455234722222
2024-01-15,5616586.127222222,86882852.5540383,1.8293444582291667,1.5090852054861112,1.8507356819791667,1.0674429429513888
2024-01-16,5453605.179166666,82605678.73274584,2.2520324803819443,1.4843785653472221,2.3789861054513888,1.0115114593402776
2024-01-17,6111657.8034375,96729618.42298502,1.7659027360416666,1.5794985913541666,1.7324718872916667,1.0713125597222222
2024-01-18,5974580.019305555,90422225.32911138,2.3975508661805556,1.6057326001041667,2.4904316768749997,1.064398098263889
2024-01-19,5846203.797291666,88780701.62339137,1.9402945459722223,1.5156796491319444,1.9583594428125,1.0496922428819444
2024-01-20,7031729.934201389,112381573.06749612,1.7174874020833333,1.7257567826041667,1.583520130486111,1.050799419409722
2024-01-21,6600952.093541667,103058016.51917541,2.107559679375,1.8433379122569444,2.1040257205208333,1.1326129564583334
2024-01-22,6405089.893333334,97368478.47832543,2.077082151111111,1.882083897048611,2.2012039316319445,1.0406800898958333
2024-01-23,6297653.611701389,89856970.97131784,2.0834706114930555,1.7818881016319443,2.2367781774652777,1.0040388751041667
2024-01-24,5834685.432986111,82534642.87032883,1.9377522734722221,1.7424946583333334,2.0855385875,1.0552768042361111
2024-01-25,5785113.303298611,80138304.64048856,2.057605368229167,1.6191337831597223,2.315488174861111,1.0775855390625
2024-01-26,5740575.234097223,80313371.79418708,1.9076978228124999,1.5116996179513889,2.2806248215625,1.105089623125
2024-01-27,5793696.731493056,82624063.55713648,1.8515237194444447,1.499205091875,2.0781072761805555,1.0170450458680556
2024-01-28,5689803.010590278,82185315.26681836,1.6915852490625,1.5012188949305556,1.8667799908680556,1.0782200977083332
2024-01-29,5787646.586631944,85220022.03363432,1.6457349994791666,1.5210277651388888,1.7750430565972222,1.0650891211805555
2024-01-30,6385958.146458333,97469119.44568866,1.4506245603819443,1.7495902093402778,1.3966738703125001,1.0807167769444446
2024-01-31,7974397.761319445,124761606.53833286,1.3971255528125,2.0244153821180557,1.2464092336458334,1.1108475541319445
2024-02-01,9228263.255520834,149133047.51235944,1.3739953477430555,2.0835881181944442,1.2587409777083334,1.0531793057291667
2024-02-02,11649602.798680555,209945467.6138058,0.7779528462847222,1.9406506992361112,0.6472471254166667,1.0666144035069445
2024-02-03,11418292.205173612,203419571.9665008,1.0204534754861112,2.0708977685416667,0.8794133236458334,1.0589178885069446
2024-02-04,11269087.221423611,203370837.7042252,1.0465625395833333,2.1371029714930554,0.9374379286111112,1.0385415163194445
2024-02-05,11668040.552118056,220737255.63066354,0.8557139587847222,2.0714553860069445,0.7535524835763889,1.094934240763889
2024-02-06,11261677.155625,211792971.1142897,1.0463610143055557,2.0964438913888888,0.94597045125,1.0848256016319444
2024-02-07,10674262.038576389,196772872.06620896,1.2279082768055556,2.1869239384375003,1.212960760763889,1.1116651801041666
2024-02-08,10657736.102361111,198230456.62569156,1.2382163954861112,2.077058018125,1.2310213452777778,1.0440919922222223
2024-02-09,10451016.582083333,191438739.9557347,1.3227317142013888,1.9616479548263888,1.4108422481944443,1.0639212622916667
2024-02-10,10034181.277812501,185203761.92876953,1.3060836947916665,2.033483724513889,1.3210084188194444,1.0584497227430556
2024-02-11,10743540.843472222,216072954.5460386,1.0703435640625,2.1639084788888887,0.9507726788541666,1.0388465822569444
2024-02-12,10575412.339374999,214991400.62387657,1.140430414548611,2.341575089513889,0.9809907801736111,1.0555741577430555
2024-02-13,10139559.278611112,202996264.1921841,1.3861389898958334,2.2584060668055557,1.2819520480555555,1.1047019829166667
2024-02-14,9926230.008819444,199905453.73997357,1.3843719709722224,2.2531837010416664,1.3526398237847221,1.0052046453819445
2024-02-15,9877920.18795139,198272740.7355324,1.578246900798611,2.425651740347222,1.5057505438541667,0.9896555472916666
2024-02-16,9797713.59030675,195904558.58195305,1.6408837745398772,2.5291318514723926,1.6145691413496932,1.0670282948466256
2024-02-17,9758055.438715277,192098133.10573024,1.6293988610416668,2.500886419895833,1.6754811690277778,1.0515183495486111
2024-02-18,9539693.283819444,190796227.46405306,1.5509859052430555,2.691563607465278,1.4719596145486111,1.1404234072569444
2024-02-19,9552155.387465278,191100577.753822,1.7106520866666668,2.650205074756945,1.6615042735416667,1.0520258094097223
2024-02-20,9690460.589166665,188277391.0819649,1.8784944105208332,2.572037765034722,1.9866944873611112,1.050778232326389
2024-02-21,9553696.841180556,177768424.1398002,2.1049151462152778,2.569765042465278,2.2393900796180555,1.0440532053819445
2024-02-22,9555458.795763887,176773588.60700467,1.9618153962152778,2.6486633859027777,2.2460275048958334,1.1316256548958334
2024-02-23,9942182.132291667,179163516.29616028,2.2677696257638886,2.6769439376041664,2.604682657291667,1.0863982791319444
2024-02-24,9825388.243645834,180066842.50103185,2.076499567222222,2.960075286597222,2.455507174375,1.034322164513889
2024-02-25,9581336.149548613,178374106.83286422,1.9567611306597223,3.0564262356597225,2.2024047042708332,1.0647356996180557
2024-02-26,9344870.767430555,174915990.6866535,2.087349476875,3.174238501493056,2.245927207534722,1.0536492931944443
2024-02-27,9026165.463680556,172606802.93140224,2.3144683032986113,3.284863735972222,2.321314423958333,1.0268186712847223
2024-02-28,8994633.738645833,173208472.02192476,2.3951243229166668,3.314342743576389,2.4707287897916665,1.0508215273611112
2024-02-29,8895757.433402779,176448046.2353663,2.3599752346527776,3.5453647971875,2.494238460972222,1.0303194381944445
2024-03-01,9021908.592881944,178778927.8561913,2.4362502726041666,3.600000713333333,2.532357206736111,1.0780410805902778
2024-03-02,9212077.290208332,193816735.73950002,2.472030781875,4.115369139965278,2.3779987730555554,1.0396385725694444
2024-03-03,8799726.373645835,182408716.10567224,3.2579567115625,4.186108793854166,3.053795421388889,0.983565734513889
2024-03-04,8714838.200696863,178132002.86134288,3.02798235912892,3.7545978292682927,3.082785820174216,1.0443649895470384
2024-03-05,8590855.867777778,172799220.22318473,2.7718282134375,3.710453447916667,2.907211474097222,0.967959
2024-03-06,7899017.425798612,153644753.56794673,2.0228331038194445,3.422106451388889,2.223402491111111,1.0366638229166667
2024-03-07,8062078.751909723,161504807.32136208,2.6589141490625,3.8896077430555556,2.677278755173611,1.0887925625
2024-03-08,8156656.769930555,162223122.07096365,3.220121574791667,3.757545826388889,3.2232716551041665,1.0903081006944444
2024-03-09,8344141.2065624995,166879693.03233734,3.245201489097222,3.7644457256944444,3.230218944791667,1.0947868611111111
2024-03-10,8661748.058854166,172986124.985283,2.768965498263889,3.6945641701388885,2.9416589917708333,1.0533647569444444
2024-03-11,8884008.445520833,189867030.40382674,3.0563935712152777,3.7998297291666665,3.007673069201389,1.0018755
2024-03-12,8009988.538055556,165293862.72496358,3.549544194375,3.641160645833333,3.7310380305902777,1.0391419375
2024-03-13,7968152.458333333,164314368.52133098,3.592313009340278,3.5150417847222224,3.9753331860069445,1.1372178402777777
2024-03-14,8154668.964965277,170392546.27190438,3.6726105825347224,3.7075370034722224,3.765022248923611,0.9859607708333333
2024-03-15,8266757.125312501,161514744.1894558,3.2760394172916665,3.4015158020833334,3.484186680277778,0.9960065069444445
2024-03-16,7716209.105486112,146889543.65611097,3.3386943696875,3.4682875729166667,3.6149147195138887,0.9822296041666667
2024-03-17,7455503.7960416665,136733625.83612368,3.1039350238541665,3.057528024305556,3.5587263333333334,0.9996064722222222
2024-03-18,7166969.755416666,134680520.64999533,2.4949856151041665,2.8674088333333336,2.8639283397222224,1.0229805069444444
2024-03-19,7231766.373506945,126121782.50697954,2.559350251388889,2.735068423611111,2.8630541453472222,1.0522200902777776
2024-03-20,6994478.382569444,121737711.90659335,2.507379955173611,2.9094600868055553,2.9060461669444444,1.0136158680555556
2024-03-21,6891981.59,126774838.7416456,2.209303473472222,2.9813513020833335,2.443610101111111,1.057040142361111
2024-03-22,6931611.747361111,125357399.73124687,2.7805300954513887,2.935337291666667,3.079362636840278,1.068556263888889
2024-03-23,6927995.649513889,126947317.81478694,2.939145784479167,2.9935855694444444,3.0945848319791667,1.070043673611111
2024-03-24,7049631.521840278,128693894.03303398,3.189051100381944,3.0255461076388888,3.3411774296180554,1.0917809618055554
2024-03-25,7048819.134236111,134017371.43344747,3.0983759884027777,3.0324090694444443,3.037598717291667,1.1022363923611112
2024-03-26,7301669.298958333,145945549.9310176,2.656659222638889,3.01395796875,2.4066365763888893,1.0873761041666665
2024-03-27,7325825.272361111,143649339.02812564,3.642778174236111,3.2015211493055555,3.217123239097222,1.073603795138889
2024-03-28,7263616.2586458335,140516726.2546553,3.6170820831944446,3.2800125798611113,3.5512380222569444,1.06804103125
2024-03-29,7378711.734201389,140071295.31499732,3.553315531527778,3.0753007604166664,3.7242303656249995,1.1028640520833333
2024-03-30,7419745.443194445,141458246.70838967,3.5892581261805554,3.2167234652777776,3.622198097916667,1.0783321319444445
2024-03-31,7436185.903923611,142085873.58898866,3.9652015159375003,3.232518222222222,4.0915632211805555,1.1804503680555554
2024-04-01,7420167.626909722,137569721.36677268,3.6664836347916667,3.0163953993055554,3.9551413720486113,1.0595547395833333
2024-04-02,7402399.264756944,133059552.45586051,3.5249442885069446,2.8030020555555555,3.6335726705208335,1.0174901631944444
2024-04-03,7315237.216701389,131186785.04448496,2.887158743576389,2.7972328958333335,3.117092809340278,1.0491024965277778
2024-04-04,7201856.913333333,128733717.90317671,2.6614225378819447,2.839229163194444,3.0099218714583333,1.0602367361111111
2024-04-05,7308981.833611111,126869148.23550616,2.7290369916666664,2.890104503472222,3.106618958923611,1.048834625
2024-04-06,7393961.386180555,129258906.75678481,2.6197263278472223,2.8698755902777777,3.0996621203472223,1.2276265555555554
2024-04-07,7304205.936354167,129471628.02517891,2.8161092363194444,2.9391326041666668,3.1878066873958333,1.203502045138889
2024-04-08,7336192.295486111,133027030.96535134,3.553773066909722,3.025297628472222,3.442334665798611,1.1560389270833333
2024-04-09,7338891.677743056,130129443.88714316,3.4101166465972224,2.9933045,3.462120562986111,1.114690548611111
2024-04-10,7375164.788854167,127800577.94310907,3.0337813959375,2.7482413715277776,3.379335233784722,1.0989310381944444
2024-04-11,7278570.883993056,126586980.83401662,2.9611769989930554,2.7786625000000003,3.2848877247916666,1.1190459479166668
2024-04-12,6939194.916458334,117938240.7920937,3.2930080145833336,2.6263647708333333,3.2249939469791666,0.9906661527777777
2024-04-13,5419159.566041667,79110937.26100789,2.0711492926736113,1.7523875555555555,2.2325206537847224,1.018969736111111
2024-04-14,4436342.157638889,60137459.195663795,1.5228547402430557,1.4689766041666668,1.7317791440277779,1.02848609375
2024-04-15,3872536.9853125,54304783.11058545,1.6007489856250001,1.4544494097222223,1.7976300469097224,1.04186228125
2024-04-16,3778603.481909722,50473515.46829249,1.7153451668402777,1.4309212881944444,1.9389525555208331,1.0455253402777778
2024-04-17,3679778.171909722,48952092.47803618,1.6621290567708333,1.4165729131944444,1.8771346014930554,1.0944876597222222
2024-04-18,3664010.2606597226,48991317.03439018,1.6442897958680556,1.3663331979166666,1.8926177627083334,1.0837299652777779
2024-04-19,3596937.475555556,49351035.88998412,1.8292032684027777,1.3977730555555556,1.9217550853125,1.0633406423611111
2024-04-20,3540381.4665972223,50756012.62278536,2.084238275694444,1.4009880555555556,2.0532946694444445,1.1235284861111112
2024-04-21,3492075.661701389,51876950.48880569,2.284387022430556,1.4184045381944446,2.178326222604167,1.1331282118055557
2024-04-22,3565651.840486111,55084907.92443327,2.1503137817708335,1.3950179722222222,2.147192123298611,1.1171949027777779
2024-04-23,3382677.5239583333,51872635.8921243,2.635174825,1.4338431041666668,2.741907389444444,1.0880764236111111
2024-04-24,3423139.771701389,51734606.76825607,2.827567403611111,1.461932871527778,2.9944732578819444,1.0773134444444445
2024-04-25,3447801.730347222,50495060.18960818,2.747929618472222,1.4259710659722222,2.9002756414930553,1.10640378125
2024-04-26,3389907.2188888886,49656970.60517745,2.2906280196180555,1.4415406701388889,2.506166007152778,1.0792927951388889
2024-04-27,3509137.4644791665,49598929.132962316,2.3191173649305554,1.4728843090277777,2.5387172089930554,1.0873329756944445
2024-04-28,3561325.724513889,50426710.25887419,2.108951311597222,1.4264250972222223,2.336249236111111,1.1653475555555555
2024-04-29,3726824.8604513886,51893454.87594627,2.0148618311458333,1.389338888888889,2.3046957840277775,1.1425817465277777
2024-04-30,3698533.385763889,49771596.4053908,2.1284927838541665,1.4394885972222222,2.4000180211805553,1.0371381805555555
2024-05-01,3708282.6680208333,48150428.94471437,2.110312947951389,1.450599173611111,2.3746484148958333,1.0561451701388889
2024-05-02,3563267.736840278,47874937.62128387,2.0179989186805556,1.4488382395833335,2.1662302056250002,1.1022939374999998
2024-05-03,3427131.6444791667,47229084.40791817,2.2699855291666666,1.5233450173611112,2.2755371975,1.0777595416666665
2024-05-04,3347759.52125,47583629.165335745,2.1753761030902776,1.5549361562500001,2.162187566388889,1.1107030694444444
2024-05-05,3335542.2695833333,47705843.20996693,2.251237110798611,1.5635056770833333,2.2692975053124997,1.1774993715277777
2024-05-06,3447228.864097222,50579143.33865327,2.3053001275694442,1.5794625,2.2963894177083333,1.1194973472222223
2024-05-07,3544910.4705208335,50974651.90919136,2.513499161076389,1.5950978194444445,2.5450383453125003,1.1718825625
2024-05-08,3587518.4462152775,49935622.51475823,3.107964485902778,1.6801722430555557,3.0079801543402778,1.1063100729166666
2024-05-09,3623101.7511805557,50976871.94589386,2.8419219640277777,1.679288388888889,2.8530892048958334,1.070352263888889
2024-05-10,3512214.4028819446,49241402.62958684,2.5062486169791667,1.6483336770833334,2.6468211015972223,1.0713564756944445
2024-05-11,3521664.319965278,47609398.25820285,2.345560832847222,1.5042649444444445,2.6675830772569444,1.1859204409722224
2024-05-12,3671119.0537847225,49337421.78547729,2.240176728055556,1.4586731284722223,2.605203438958333,1.2907791284722223
2024-05-13,3631584.2084027776,48784402.45022221,2.1568326011805556,1.5015487812500001,2.526013195659722,1.0814183645833333
2024-05-14,3622348.1253125,48079655.058894575,2.170710248611111,1.5164951666666666,2.5731189275347224,1.0614144305555557
2024-05-15,3706695.050277778,49416140.20469126,2.1080878121180557,1.4778418715277777,2.4598596785763887,1.1373901493055554
2024-05-16,3841891.5027777776,54553466.99368928,2.1665191587500003,1.4840389166666668,2.1453062439583332,1.1071106076388888
2024-05-17,5512476.444513889,88942328.83166187,1.260615336284722,1.2487598541666667,1.0432620419097223,1.0456821666666665
2024-05-18,5475895.082986112,88979044.07114047,1.224924895625,1.2629585833333334,1.019501227777778,1.1381779375
2024-05-19,5646292.190208334,93673020.17107591,1.1327588090972223,1.2494095520833333,0.9193277833680555,1.0848117222222222
2024-05-20,5824489.425590278,97480540.14508109,1.159242442048611,1.19556965625,0.97362681125,1.082973357638889
2024-05-21,5274164.9521875,88991970.372895,1.3589678205902778,1.263744579861111,1.219465547951389,1.051012190972222
2024-05-22,4564958.808506944,75839125.93673974,1.583901740625,1.3424310138888889,1.4598755153819445,1.0910649861111112
2024-05-23,4051066.03125,66386737.60706777,1.8759797487847223,1.4133421041666667,1.7560813291319444,1.0719076145833333
2024-05-24,4411619.339652778,76109440.0065528,1.4298502044444446,1.4837516840277778,1.3365128702777778,1.1665494409722221
2024-05-25,4339752.885694444,74624132.03846326,1.814239909861111,1.55610284375,1.6924202871527778,1.1631594131944445
2024-05-26,4256770.107361112,73867765.26015669,1.5342398536458335,1.5139345451388888,1.4976642137847223,1.1002227048611113
2024-05-27,4308494.961840278,76342298.05004698,1.5669410541319444,1.5289484375,1.5565974217708334,1.0083895902777777
2024-05-28,4484952.535138888,82073466.44752751,1.6039149027083335,1.6360261527777777,1.4585988704166666,1.020844763888889
2024-05-29,4434672.416006944,82503467.1878574,1.6458619693402778,1.6434458958333333,1.4674065695486112,1.0993461145833332
2024-05-30,4524029.282708334,82921674.92975493,1.9448749603819442,1.6149920069444446,1.8130159687847223,1.138548670138889
2024-05-31,4330731.197951389,77895411.40323325,2.398854467048611,1.6201434027777777,2.2308463943055554,1.0241767326388889
2024-06-01,4492192.718819444,83115339.82093608,1.6829466592708333,1.5791979618055556,1.5664331978819446,1.1414692256944443
2024-06-02,4387504.906319444,80463905.15289229,1.8935262119097223,1.6320685312499998,1.7264871309027778,1.2092040451388888
2024-06-03,4345507.985625,78029062.65701738,1.953016124583333,1.6339663020833333,1.9919932170833334,1.144449013888889
2024-06-04,4421621.268402778,78156106.14494509,2.085683585173611,1.6013854618055554,2.2945506293402778,1.19055490625
2024-06-05,4338294.926041666,77344004.59432043,2.3400523845138888,1.6292763333333333,2.4166990158333332,1.1000715416666667
2024-06-06,4603949.441284722,80331578.0731325,2.8035577915625,1.6431104722222223,2.8376293206944445,1.1123332916666666
2024-06-07,4476452.531909723,77026263.10325274,2.636573068784722,1.7222810138888889,2.6255816847222224,1.0150192673611111
2024-06-08,3983080.1968750004,63944794.68908972,2.1069784994097223,1.7238147673611113,2.2144307698611114,1.0402494444444443
2024-06-09,4020916.8120833337,64609024.45346704,1.7784146654861113,1.6102097986111112,2.0037260566666664,1.1421986631944445
2024-06-10,3920164.7571527776,62785131.96129368,1.6588315943055556,1.5592326944444443,1.8916736369791667,1.1445718576388888
2024-06-11,4047925.1680902783,62149836.57054169,2.0461324215972225,1.5922882743055555,2.2526741033333333,1.0743986493055555
2024-06-12,3963865.9018055554,61728926.4336659,1.8569492619512196,1.5808019790940766,2.094755021986063,1.1061031666666665
2024-06-13,3886775.6371180555,60073533.208981924,2.3881241496875,1.7251122256944444,2.4710147208680557,1.0186633194444445
2024-06-14,3904041.736631945,58977366.15813191,2.2545194058680553,1.7133560902777778,2.4578984870833334,1.0511487881944444
2024-06-15,3979517.6212847224,59317803.015467905,2.1841090665972223,1.635186388888889,2.452108038229167,1.308517736111111
2024-06-16,4110418.5572569445,61358005.70765245,2.3857777756597223,1.5591001111111111,2.614260954236111,1.0909783020833332
2024-06-17,4087931.8240624997,59797750.09488715,2.5472730025000003,1.4924327743055554,2.675117112916667,1.112495715277778
2024-06-18,3999598.996770833,54633665.805754825,2.5509054256597223,1.3921417638888889,2.7547984586458334,1.0038753194444443
2024-06-19,3896694.0706597217,55615789.590986066,1.8199302965972224,1.3817513368055556,1.9505323025,1.0885129722222222
2024-06-20,3812592.0862847217,55139503.80111474,2.044957987847222,1.4191057291666667,1.9957234109722224,1.0477849652777778
2024-06-21,3754010.837847222,53368161.213535644,2.3257724973958336,1.5042990571428572,2.247356723611111,1.11842403125
2024-06-22,3802063.5094097224,52076598.53472042,2.4631950802430556,1.5199883159722223,2.5061971167361112,1.1309996736111112
2024-06-23,4011500.6271527773,54156560.66133426,2.0958789940625002,1.4335075138888889,2.3045303021874997,1.1922277951388889
2024-06-24,3984493.8490277776,52688923.949171685,2.362211267361111,1.4032868819444444,2.434443246215278,1.130985329861111
2024-06-25,3756163.254930556,52555368.38229856,1.8446139002083335,1.3356236770833334,1.9040305778472222,1.0700569270833333
2024-06-26,3761169.5801041666,52894527.35108567,2.0974224352430557,1.3766911597222222,2.067281963576389,1.1096027847222223
2024-06-27,3776399.1883333335,52906376.86106405,2.4364907701388887,1.4392251666666667,2.2963914786805555,1.1441961736111113
2024-06-28,3754571.8035763893,53441486.090338215,1.9599129177083334,1.4898326736111112,1.9066294027430557,1.1458393402777778
2024-06-29,3851534.479756945,53142048.233936004,2.3907786806944444,1.533792763888889,2.4249142101041667,1.2682798854166668
2024-06-30,3917300.4511458334,53690938.73848277,2.4454304869097223,1.4654441736111112,2.5006360825694447,1.1565037430555556
2024-07-01,3996048.137604167,57483865.3065942,2.1958822834375002,1.4494682986111112,1.8923775067013888,1.0699056354166665
2024-07-02,4061828.1136805555,58927222.79332272,2.2804346209027777,1.4346765625,1.9466712683680558,1.1690038333333335
2024-07-03,4100892.1209374997,58254312.96945928,2.379352435798611,1.5132514826388888,2.2032572833333335,1.1032850451388887
2024-07-04,4152957.118194444,54443505.57125609,2.666996917083333,1.4210842708333333,2.858503017361111,1.0583195451388887
2024-07-05,4029045.0665972224,48090971.269295506,2.084908313263889,1.2049203715277779,2.300229181076389,1.0539844583333333
2024-07-06,3627379.4005555557,45842992.21521131,1.9047586265624998,1.2044377881944444,2.0994249836458336,1.1106827881944445
2024-07-07,3474867.629201389,44323883.40137832,2.240710539548611,1.3059461527777776,2.1996989868402776,1.0912245381944445
2024-07-08,3576022.974652778,45922528.728751145,2.1862258362847222,1.2683782291666668,2.234237617465278,1.0391908298611112
2024-07-09,3699260.830173611,47976337.92154774,2.1221829549652775,1.3016994166666667,2.243535145486111,1.1091680902777776
2024-07-10,3840451.618854167,49394588.91680522,2.0821532718055553,1.26586621875,2.27596441875,1.1224276284722223
2024-07-11,4017264.154513889,51092081.22740439,2.1618423370833333,1.2863715625,2.389944743159722,1.1734174479166668
2024-07-12,4118201.296145833,51613477.95619273,2.266469477673611,1.2978817743055555,2.537689561111111,1.0942161284722223
2024-07-13,4088022.978854167,52934201.51111046,2.1497736507291667,1.3992573263888888,2.3374527215625003,1.0470803229166665
2024-07-14,3987034.1837500003,52482540.39102862,2.341282315798611,1.4254270451388888,2.4231232756944445,1.106784597222222
2024-07-15,3883177.4322569445,53959581.73675461,1.8942328524305556,1.391258732638889,1.9433647625,1.0435734097222222
2024-07-16,3918106.955625,55788617.0517093,2.1142493938541667,1.4186634027777778,2.0114983143055554,1.0767254305555556
2024-07-17,3913449.5453124996,55533105.63820841,2.2525704973958334,1.4491247847222222,2.1618502791319445,1.1374203437500001
2024-07-18,4061261.9488194445,55769535.742796145,2.623064037152778,1.4362611041666666,2.4958465164930552,1.1175138402777778
2024-07-19,4079759.7695138883,55983079.54240009,2.5402981924652774,1.4716937916666666,2.5126475818055556,1.094483298611111
2024-07-20,4079010.06,57444594.247087285,2.3740262559722223,1.5687877951388889,2.2802717158680554,1.1676929965277778
2024-07-21,4090135.081006944,58690025.94177039,2.213019145694444,1.5535536805555554,2.1004302086458333,1.0943154340277779
2024-07-22,4193538.7798958328,59852141.404842325,2.3209111628819445,1.46751296875,2.3482193120833332,1.0789479305555556
2024-07-23,4156703.2807638887,57777501.81757113,2.4238266979166667,1.4309091041666668,2.495352064652778,1.024840065972222
2024-07-24,4130690.9585763887,56804146.07977783,2.4335635304166665,1.4315233368055555,2.508084159548611,1.11554728125
2024-07-25,4158001.079131944,53769287.02247937,2.346548152361111,1.3829926875,2.474368750138889,1.1054550972222221
2024-07-26,4112054.796111111,55068745.46958997,1.893482062465278,1.4198790763888889,2.115240339791667,1.1245026284722224
2024-07-27,3962866.040034722,53896575.38781597,1.9620821474305556,1.462663809027778,2.0610775314583334,1.2351634861111112
2024-07-28,3878300.7709375,52101523.19817064,2.315020328611111,1.49726278125,2.3149703708680556,1.3159396458333332
2024-07-29,3900565.7547569443,53303530.70351792,2.2803802435069445,1.470780982638889,2.283816688506944,1.0276398333333332
2024-07-30,3952747.03125,53277243.73850588,2.311318038298611,1.4551890104166665,2.3497428555208333,1.0856002534722222
2024-07-31,4078572.2637847224,53469204.6897315,2.471901717222222,1.442981798611111,2.5702506122222224,1.2225580347222222
2024-08-01,4156943.4800694445,52993256.14796774,2.4605275258680557,1.4766896805555556,2.5764628042708333,1.0693803784722222
2024-08-02,4192179.0212499998,51723210.929377645,2.5926383030902778,1.4972325104166666,2.7149007636805553,1.095401576388889
2024-08-03,4529232.742604166,53689695.607689194,2.3581194689583334,1.394948486111111,2.6515070142361115,1.0580616736111113
2024-08-04,4600230.299062501,52311367.667925216,2.3404445506597225,1.3723493437499998,2.6079827156944444,1.065219
2024-08-05,4504724.454375,41456036.045390464,2.471227024652778,1.2434245381944444,2.541292589548611,1.0026699791666667
2024-08-06,4162349.1087152776,41880093.405005276,1.983075973229167,1.0682479027777778,2.1686549594444444,1.0787499201388888
2024-08-07,3906919.0848263893,39110102.349136315,1.8943625774305555,1.0596951006944444,2.0200166031249998,0.9944671979166666
2024-08-08,3817796.0469791666,38625422.303146,1.884689683611111,1.0926271458333334,2.0215834084722224,1.0938110868055555
2024-08-09,3861443.0281944443,40393649.34477907,2.1965265336458333,1.1247874618055556,2.1304548388194444,1.1550385069444444
2024-08-10,3800205.8771527773,40207896.8842616,2.2001859805555553,1.0625703715277777,2.1489530683680558,1.0646039930555555
2024-08-11,3691126.318229167,38652565.64645725,2.354852465486111,1.005399263888889,2.2685151086458335,1.1111453923611112
2024-08-12,3658374.0719097224,37770265.95784706,2.2231419350889676,0.988444487544484,2.240130357544484,1.1094171284722223
2024-08-13,3697897.581770833,38504904.62124737,2.376531011527778,1.0662792708333333,2.373923007708333,1.1177559166666666
2024-08-14,3772199.099270833,39604341.91357402,2.2301225119444443,1.094505579861111,2.248134120763889,1.0951871354166667
2024-08-15,3801500.996770833,39400173.13786102,2.217031959409722,1.095730670138889,2.2453321007291667,1.1270888333333333
2024-08-16,3738663.508819444,38069795.68100571,2.2028941454166664,1.0613519687500002,2.2850868101736115,1.125440982638889
2024-08-17,3809160.612291666,38464703.35520767,2.1882818394444445,1.0269309930555555,2.297402608541667,1.1206075902777777
2024-08-18,3854043.173055555,39371882.31743169,2.0307197575694445,0.9833250138888889,2.184755689236111,1.2114359513888888
2024-08-19,3834489.5103125,38645397.85365076,2.0493317497222225,0.952226486111111,2.2014123165625,1.146401267361111
2024-08-20,3882410.540069444,40112161.007717386,2.4451530952083336,0.9930947881944445,2.476904345451389,1.1407506354166665
2024-08-21,3935406.881875,41572940.878303975,2.5420642550694446,1.0381638958333332,2.4721481089583333,1.0658683506944444
2024-08-22,4222404.298472222,47930301.06333147,2.4137753952083334,1.0590610034722223,1.9514080947569445,1.1013362152777777
2024-08-23,4065107.516180556,47565043.598944016,2.2124994440972223,1.013988840277778,1.8493959412499998,1.0648062222222223
2024-08-24,3927735.117152778,47667728.645087585,1.973198689826389,1.0399951354166665,1.7843808545833335,1.1874276736111111
2024-08-25,3899487.5263888887,47351911.65308866,1.8340055612152777,1.0597155590277778,1.6591891617013887,1.1171225104166667
2024-08-26,4051624.726354167,49345469.50360055,1.9272301018402775,1.0232007048611111,1.7143474404513888,1.0263050381944445
2024-08-27,3830281.509340278,44694979.422546275,2.0416323736805553,1.0103981041666668,1.8719883113541667,1.0936850486111112
2024-08-28,3631792.4932638886,40848465.68429161,2.433883984236111,1.0211764340277778,2.337958968923611,1.106774951388889
2024-08-29,3640298.119548611,40670210.14419946,2.3024328697222223,0.9954758819444444,2.3322738445486113,1.1471799027777778
2024-08-30,3529321.174861111,38792256.49544791,2.212894922361111,0.9938825486111111,2.241510434861111,1.1356110972222222
2024-08-31,3601604.5772569445,39931631.579497755,2.377854035659722,1.0150249895833334,2.2634619594097223,1.2217434999999999
2024-09-01,3653941.273402778,39270294.03376798,2.3670298905555556,1.005704951388889,2.2661074542361113,1.1754693576388888
2024-09-02,3473560.790034722,36788337.26527959,2.2377588778819444,1.025680673611111,2.2139868440625,1.1016243159722223
2024-09-03,3553533.2070486112,37434029.55949028,2.3747598297569446,1.0407702916666668,2.3490941211805554,1.1286128784722222
2024-09-04,3553496.555034722,36472347.84683266,2.347185483854167,1.05113221875,2.3991687155902777,1.203790642361111
2024-09-05,3550583.1502083335,36020221.25897488,2.401536786701389,1.068635329861111,2.4380886150347223,1.1419432291666667
2024-09-06,3695338.3029166665,36283743.45765299,2.5282312437152776,1.0711221041666665,2.5958760386111113,1.0820987847222223
2024-09-07,3938886.0338194445,39009849.916601695,2.485798989722222,1.0439416770833334,2.5067735383333334,1.2104171354166668
2024-09-08,3826859.520208333,39112149.08848322,2.5543317507638887,1.0461516597222222,2.4212090929861114,1.2058319409722222
2024-09-09,3810193.6752083334,39982160.154189706,2.4418571569444447,1.034868736111111,2.3272017440625,1.1137538506944444
2024-09-10,3701265.926284722,38870609.84326442,2.393553714548611,1.0648877187499999,2.3004083710763887,1.0941484444444445
2024-09-11,3704661.2434375,38552838.52659454,2.4067777341666665,1.0775637500000002,2.21519112875,1.1472342881944444
2024-09-12,3692087.6099305553,39183463.0738909,2.542037223125,1.1011543125,2.2874644920138887,1.1420853020833333
2024-09-13,3890129.450416667,42936767.301917225,2.432004322395833,1.1594791215277778,2.0861641698263886,1.1048421562500002
2024-09-14,4104749.2116319444,46533651.21153713,2.3775056953472222,1.1347777048611112,1.9242709922569443,1.2363881979166667
2024-09-15,4129093.072951389,46147879.80722536,2.477789375729167,1.1110202673611111,2.0666686991666667,1.2561941006944446
2024-09-16,3839541.3642361113,40685148.60884491,2.3545683906597223,1.0733438125,2.2573345153125,1.1629676493055556
2024-09-17,3673189.8965625,39015110.59909937,2.059302641354167,1.0400196076388888,2.113384646319444,1.1652629375
2024-09-18,3572553.902534722,37642250.65554763,2.0516643983680556,1.0302190868055556,2.0920071924652777,1.1294397395833333
2024-09-19,3632588.5817013886,40593043.52244788,2.050960720625,1.0925683541666666,1.9353494636111113,1.1487887152777778
2024-09-20,3795071.511006945,43576101.25006363,2.3339736441319445,1.1499633090277779,2.0959852691666665,1.1310531666666668
2024-09-21,3932723.5216666665,44651532.82209149,2.4956469514930557,1.235617142361111,2.216353923090278,1.3235443923611112
2024-09-22,3850349.219756944,43161948.35177858,2.671782234166667,1.2490850694444444,2.3661454046875,1.1557702847222222
2024-09-23,3697876.8550694445,42085909.12624075,2.677878492395833,1.1726477881944444,2.4827424567708336,1.0988203784722221
2024-09-24,3679677.8103125,42528756.38741895,2.7001072718055554,1.2457372673611111,2.4445386836111114,1.1226976631944445
2024-09-25,4095513.2836111113,50196796.25488922,2.1342869331597223,1.3182729270833333,1.8966093165972222,1.0908825208333335
2024-09-26,4482355.919583333,55236804.39377634,2.278060218298611,1.3351647048611113,2.0408878062152778,1.1132400312500002
2024-09-27,4616221.335763889,58568060.535297446,2.039235444201389,1.459748107638889,1.9940241105555556,1.1610571666666667
2024-09-28,4593104.204305556,58532447.35939666,2.1418356316319445,1.5397421631944443,2.021197596701389,1.0833243402777777
2024-09-29,4579081.0159375,57814429.994621925,2.3013812403472222,1.4668766944444445,2.140418537465278,1.2566856145833334
2024-09-30,4411817.187222223,53447151.168115705,2.542712234097222,1.4654587743055556,2.395521978715278,1.0821185381944445
2024-10-01,4227136.220763888,49634445.452271454,2.521338509270833,1.3880987152777777,2.443279290034722,1.1151164479166666
2024-10-02,3990177.6557986108,43722832.22993097,2.4333939581250004,1.32045953125,2.462905453611111,1.0905833541666667
2024-10-03,3946124.9635069445,41887972.98089544,2.6013679681597224,1.3452921770833333,2.6210098608333334,1.0446623645833333
2024-10-04,4005720.40875,43926581.45408384,2.6729607603819443,1.2678735972222224,2.6574694945486113,1.1159639895833333
2024-10-05,3954857.0888888887,44366020.198327154,2.6623188241666664,1.32173575,2.5545702025000003,1.1949377256944445
2024-10-06,3954982.1027777772,44558126.85647768,2.744619390625,1.320441090277778,2.6117842102777775,1.2059455138888888
2024-10-07,4042208.5420486107,46286075.772499904,2.655091609409722,1.3170056215277777,2.5273432290277777,1.0885205763888888
2024-10-08,4051865.579409722,44757289.68139661,2.763622862673611,1.3471260312500002,2.5831471021527777,1.091335138888889
2024-10-09,4389391.075868055,46964178.95843712,3.144764938090278,1.3276189305555555,2.9828812207986113,1.1172961215277777
2024-10-10,4582650.527951389,48401106.49687496,3.1264573398958335,1.294997857638889,3.079198949722222,1.0972749270833333
2024-10-11,4544828.355034722,48832624.54367142,3.033744604340278,1.2614386284722223,3.0307618977430555,1.2661977118055556
2024-10-12,4536972.938958334,49986861.120934874,3.108207056770833,1.2800135798611112,2.9369758514583335,1.2544119756944445
2024-10-13,4750411.9470138885,51643200.227519676,3.037292002152778,1.3307282604166666,2.7410445699305557,1.234825375
2024-10-14,4905643.013715278,54175016.369586244,2.8836062191319445,1.3903082777777778,2.7080955163194442,1.143467451388889
2024-10-15,4986594.116979167,56780509.95911539,2.978090584375,1.4665778854166667,2.4933804052430557,1.0724699791666668
2024-10-16,4991620.462395834,56330353.33855732,3.066093978263889,1.4740054131944444,2.6790531880208333,1.0437169166666667
2024-10-17,4965859.630034722,55095914.31202532,2.964193803958333,1.5247177361111113,2.682594081909722,1.0564474618055555
2024-10-18,5118275.505034722,58057342.45601987,2.675432877777778,1.5649947916666667,2.4772153756249997,1.2331919791666666
2024-10-19,5124601.169965278,58473062.76781752,2.706333651493056,1.731026732638889,2.496245787326389,1.1788451666666666
2024-10-20,5201624.297395834,60534636.94042304,2.6384617586805557,1.7363257013888889,2.3827077753125,1.0791181006944446
2024-10-21,5326941.966597223,62871049.81865451,2.733933017118056,1.8253134618055558,2.3248807520138888,1.091865652777778
2024-10-22,5556556.981944445,66780096.392359205,2.351114889722222,1.7750854895833335,2.0180973023958333,1.056486798611111
2024-10-23,5518715.371145833,63346392.79904033,2.7648429854166667,1.687003236111111,2.5518475597222223,1.0821925833333335
2024-10-24,5445940.991909723,62229348.34414812,2.8128339594791667,1.6577406284722223,2.6808092828472225,1.106100111111111
2024-10-25,5349739.53951389,62795929.77825657,2.617617814861111,1.7542762152777778,2.3502795104166667,1.083194954861111
2024-10-26,5112528.103020834,56722319.75211111,2.7628976577430553,1.6132452604166667,2.5678075184027778,1.051736017361111
2024-10-27,5032061.551770833,55251470.04614511,2.6732717295833335,1.6313821805555557,2.593456736388889,1.1525429583333333
2024-10-28,4894269.010314685,53699397.11851935,2.615467106853147,1.6394160629370629,2.5412292813286714,1.0513350034965034
2024-10-29,4740534.768263889,54574137.41437388,2.4957374299305553,1.764630048611111,2.3504302531597223,1.0092371770833333
2024-10-30,4895440.229166667,59176476.18345241,2.436159353333333,1.88950178125,2.1049285384375,0.9646053472222221
2024-10-31,4965723.3509375,59346504.88274773,2.379188944027778,2.014787059027778,1.9299654542013889,1.0789539618055555
2024-11-01,4699376.655590277,53485013.09194392,2.904521266527778,1.9639904861111113,2.698243778125,1.105520138888889
2024-11-02,4566174.216701389,51190209.426870905,2.8792665405555558,1.9663396562500002,2.7203579428125,1.0972670590277778
2024-11-03,4615231.99,50163252.87954074,2.8944200435416665,1.7269927604166666,2.726365962013889,1.0460175868055555
2024-11-04,4697060.730034722,49518145.070004396,2.9779422112847223,1.4905507847222221,2.929348682743056,1.1166355868055555
2024-11-05,4657371.907291667,49398366.331057,2.7860471683333334,1.4543725868055555,2.8229387114236113,1.0863194965277776
2024-11-06,4295683.691875,50519996.54751232,2.3627177444791667,1.823056208333333,2.1734651164930554,0.9685214930555556
2024-11-07,4348785.6121875,53977955.05720763,2.471651099826389,1.9431705243055555,2.004488686875,1.025140767361111
2024-11-08,4684110.812986111,61241726.02010519,2.3578907475,1.8586127395833334,1.8833415856944444,1.0691988055555557
2024-11-09,4793941.303541667,64787330.488890275,2.246413661666667,1.8468755069444442,1.7436698944444444,1.0962400972222222
2024-11-10,4790991.5440625,68899835.54005899,2.358131212048611,1.9930304027777777,1.9337970063194443,1.0301528090277778
2024-11-11,4736505.382291666,67610008.17798014,2.6358355388541668,2.008609388888889,2.1652581780902778,1.0677217743055556
2024-11-12,4622533.993854167,66515527.878003545,2.8687996003819443,2.088819361111111,2.306290971909722,0.9634234409722223
2024-11-13,4488890.7005555555,61130601.0788813,2.818050302361111,2.0232802465277775,2.312238842638889,1.0035608402777778
2024-11-14,4601868.593854167,61398616.32220352,2.9060973467361113,1.9660525208333333,2.464017618923611,0.9960886145833333
2024-11-15,4822376.081111111,64406451.78536686,3.0680020568055557,1.7690454166666667,2.706756675972222,1.011070013888889
2024-11-16,4918734.082465278,70243529.23737785,3.1213570365972223,1.8487635555555555,2.7666909464930556,1.0215943506944445
2024-11-17,4945119.988611111,69873920.82665126,3.2684741191319446,1.8958863472222223,2.825611653611111,0.9951399409722222
2024-11-18,5105339.974722222,75283449.6234123,3.167098761701389,1.915583402777778,2.798161743333333,1.037499861111111
2024-11-19,5146312.713958333,76544946.60001384,3.4812211343749997,1.8950239791666665,3.039587331701389,1.0112392048611112
2024-11-20,5075075.884409722,73894963.53902094,3.5497882,1.90531365625,3.159515741979167,1.0296088333333335
2024-11-21,4870829.4219097225,71593686.53667615,3.0459185300694447,1.859340090277778,2.756159932569444,1.0342486354166667
2024-11-22,5199456.359791667,79634557.16741751,3.1450353186458333,1.8720315,2.6674846856944447,1.0326136215277777
2024-11-23,5435957.690138889,93393190.67262012,3.2256461952777777,1.8650105833333335,2.655614111805556,1.0484634166666666
2024-11-24,5334549.163854167,92655698.39781354,3.4752152170138886,2.040670138888889,2.817555405590278,1.0125383715277776
2024-11-25,5437742.668680555,98496927.38291173,3.564643448263889,2.563711263888889,2.5614908228819444,1.0720973194444445
2024-11-26,5378753.7109375,92474680.06030183,3.7569549516666663,2.6645208958333333,2.9135146568055554,1.0169353854166667
2024-11-27,5363977.155069444,96443471.46485749,3.5567735626736106,2.495691013888889,2.769946501423611,1.05702584375
2024-11-28,5383806.115243056,96825497.0837583,3.866751624131944,3.0614607187500003,2.869863413958333,1.0739271597222222
2024-11-29,5486359.520312499,98616299.66352326,4.042974933680556,2.736276892361111,3.160526550694444,1.0475753541666668
2024-11-30,5428725.9440625,101190849.62872067,4.127493040798611,2.7965196770833334,3.148247650520833,1.0358992430555556
2024-12-01,5533632.942465278,103742256.06535152,4.116928721666667,2.6433455208333334,3.229854589444445,1.1228609131944445
2024-12-02,6408567.621145833,136486061.2361515,3.4232705283680556,2.3491241354166665,2.684991324722222,1.0338236909722223
2024-12-03,7615586.012708332,186979006.38830283,3.9190560611111116,3.501565232638889,2.8404849595486112,1.0002946180555556
2024-12-04,7404038.686944444,181337555.07090592,4.577075145729166,3.7928186458333335,3.6626651613194445,0.9936544756944444
2024-12-05,7509661.580069444,179978969.19503215,4.878176377430555,3.621236767361111,4.258090995763889,1.0069433506944445
2024-12-06,7421674.810243055,178482042.3026061,4.928546579583333,3.7721641909722226,4.323396130277778,0.9886212048611112
2024-12-07,7762086.363194444,195628332.96701613,4.953140216597222,3.7996569166666663,3.980635903993056,1.0737395243055556
2024-12-08,7796992.5764930565,200561004.74920103,5.0622113593055555,3.5664719305555557,4.106832721458334,1.0323858437500002
2024-12-09,7574393.420069445,189257117.1649503,4.931020474548611,3.079812506944444,4.147844717569445,0.9790348993055554
2024-12-10,6231018.433368055,138609942.5646356,4.3127801811458335,2.7930574444444445,3.739294000173611,0.992215048611111
2024-12-11,5921427.866840278,136265653.82176936,3.9730596367708335,3.097633368055556,3.469952968645833,1.0733848333333333
2024-12-12,7960418.546736111,221401860.51572537,3.3620678105208333,3.4022581527777778,2.680002431909722,1.0667554548611111
2024-12-13,8928986.898611112,255587348.2264648,3.2696930788194445,3.163580888888889,2.632510397638889,1.0622893437499998
2024-12-14,9100831.144756945,269700917.2323431,2.9334272032986113,3.0880289166666666,2.2740600796180552,1.0354095659722222
2024-12-15,8650735.744930556,250663206.0319712,3.084346500625,3.0809170138888886,2.520854599722222,1.0706497256944445
2024-12-16,8702124.528402777,256140597.4804262,3.162051292118056,3.28180809375,2.486736110763889,1.039582545138889
2024-12-17,8611377.653090278,243047567.4140435,3.91367747625,2.9247844479166667,3.3599851780555556,1.0602266284722222
2024-12-18,8281823.055729168,224697620.9288381,4.120888549166667,3.4734921145833333,3.5752396228124996,1.0121985451388888
2024-12-19,7408254.081076388,179265074.4147507,4.1292201759375,3.152302090277778,3.7059621823958335,1.0211916180555556
2024-12-20,6600734.837118056,148429038.02105308,3.7471001434027777,2.7979611666666666,3.391219047013889,1.0047173229166666
2024-12-21,6198785.157569445,143607547.46138173,3.6740354790972223,2.8322190902777775,3.1490702898263887,1.0201587118055555
2024-12-22,6176234.589166667,136801890.52689338,3.5299370802430556,2.86697928125,3.117471399201389,1.0305110868055556
2024-12-23,6146007.925902778,140989761.18125734,3.3520615243750003,2.838236784722222,3.0467461165972223,1.04959309375
2024-12-24,6290456.482395833,153877340.8565351,3.626370055486111,2.9137344131944447,3.0849363609375,1.1054585937499999
2024-12-25,6429952.677881945,158979755.86603296,4.139115092083333,2.6663731805555555,3.43933933375,1.0861165104166668
2024-12-26,6250523.497534722,145085039.9549962,4.0943815288888885,3.1482593020833334,3.5624304273611114,1.0420661354166667
2024-12-27,6300529.211944444,142923265.1638525,3.6546020431249997,2.887925486111111,3.3410354952430557,1.0223186041666665
2024-12-28,6753777.092361111,145381576.35602155,3.5595490734375,2.712806375,3.3425276741666665,1.148936517361111
2024-12-29,6616247.384652778,142155412.13326943,3.616903264340278,2.6238693090277776,3.2659483131597224,1.0659272291666666
2024-12-30,6772301.143090278,142004957.12125003,3.6322473300694447,2.5758408506944446,3.3619804183333333,1.0776385243055555
2024-12-31,6831883.532708334,139513575.87904584,3.7113339972569444,2.654422829861111,3.4696335300000003,1.0541644166666666
2025-01-01,6968734.299375,142385636.51489443,3.6267042183333333,2.5527733402777777,3.4581059289583336,1.0680743680555556
2025-01-02,6591164.700347222,146375120.843856,3.8858314863541668,2.8775252916666667,3.1612094469791665,1.0564255659722221
2025-01-03,6515769.591631945,148124195.28903738,4.241049407986111,3.164492986111111,3.266417024861111,1.058597861111111
2025-01-04,6811617.596493055,159242051.9097975,4.413965420625001,3.239764322916667,3.2605312384722223,1.172793076388889
2025-01-05,6289179.791597222,146885785.1420134,4.496443199375,3.192774763888889,3.3578698242708334,1.078386642361111
2025-01-06,6833209.557881945,162607343.78461707,4.206947847083333,3.246517440972222,3.1434907411805555,1.1130228506944446
2025-01-07,6936508.491215277,158241621.03247526,4.431545519444445,3.146715340277778,3.5454426114930557,1.057319048611111
2025-01-08,6486668.014652777,134951365.19070694,4.046742531423611,2.7803303854166668,3.6112261748263887,1.0310537708333334
2025-01-09,6812917.052673612,135942067.95727986,3.8423742220138895,2.5396793368055555,3.5396211504166666,1.0502603958333332
2025-01-10,6703382.966111111,134848680.41856885,3.8485703191666665,2.4882262430555553,3.620396033368056,1.0767888194444444
2025-01-11,6703690.564409722,134449472.9034558,3.937770039131945,2.7994034305555555,3.6407696141666666,1.1299559583333334
2025-01-12,6858409.944791666,137353727.9838722,4.067511243819444,2.748242263888889,3.766344385763889,1.1358883090277778
2025-01-13,7198421.5433680555,136694891.6276761,3.773322585173611,2.871365315972222,3.4119888864583334,1.0256998020833334
2025-01-14,7092613.558020834,141226735.43541372,3.7881961119791665,2.751589767361111,3.318159679513889,1.1089413506944445
2025-01-15,7113566.872395833,148859849.44500113,4.247781605694445,2.98389678125,3.5094847396874997,1.0638878749999998
2025-01-16,7252559.745243055,162926070.44236687,4.284974505034722,3.296300809027778,3.280774689166667,1.102352357638889
2025-01-17,7441628.675625,180044647.0766213,3.658343047430556,3.0441796493055557,2.966958092083333,1.1283341909722222
2025-01-18,7302542.559826389,176699094.90692103,4.021761883784722,3.467679027777778,3.0189381534027775,1.0311445277777778
2025-01-19,7218274.482569445,175412488.80285552,4.192243777708333,3.5049028055555556,3.3291261923958335,0.9928970520833332
2025-01-20,7189306.962083333,181749716.25110084,3.640280523854167,2.934072989583333,2.939873894027778,0.9960947013888889
2025-01-21,7371544.487604167,187314685.07116014,3.4509054568055557,3.1268215625,2.734131527951389,1.0836622708333334
2025-01-22,7454617.201180556,192456233.79327965,3.145764773680556,3.2143655833333336,2.372418072083333,1.080192079861111
2025-01-23,7236658.473090278,180117194.0446978,3.4127195544483984,3.2533449305555555,2.7485422601388887,1.0838937222222222
2025-01-24,6948894.513090278,179172988.4296074,2.9769101018402777,3.4672937256944447,2.3301431931597225,1.0849254687499998
2025-01-25,6878081.9644444445,172083516.8774818,3.177417143125,3.409798972222222,2.6120867221180557,1.1296173819444446
2025-01-26,6946665.020347222,177254563.0985144,2.9325294173263887,3.14735828125,2.425276709722222,1.0800530555555554
2025-01-27,6684963.259548611,156702602.37266767,3.2560389749305556,3.0186880173611113,2.8347220791319447,1.1095894409722222
2025-01-28,6457976.861215278,153637231.1882176,2.5783441093055557,3.050700472222222,2.1944635034375,1.0787143229166665
2025-01-29,6241138.357430556,144855277.44035232,2.5949667834375,2.9736714444444443,2.460723216215278,1.0450443402777778
2025-01-30,6375223.080555555,156059533.064534,2.4072800840277777,2.698656982638889,2.097799818263889,1.0980374409722222
2025-01-31,6381576.844756944,159850279.68720642,2.7904448058680553,2.74597959375,2.2790703215972226,1.0856370243055555
2025-02-01,6355430.612465278,156912224.02611637,3.055311729409722,2.8558726875000002,2.5445615666319443,1.0457574479166667
2025-02-02,6051000.283055555,132927112.49349056,3.3175559335416667,2.45111415625,3.107386208854167,1.0041513125000001
2025-02-03,5078800.380208333,98460119.32762973,2.880866221701389,2.1313263854166666,2.672503120629371,0.9560813749999999
2025-02-04,4539414.630277778,92657043.4297104,2.7780786207986115,1.9840260694444443,2.491280064826389,1.0246726840277778
2025-02-05,4489365.216631945,88149117.18493609,2.7093041297222222,1.9876650902777777,2.518930820625,0.9985142534722223
2025-02-06,4559124.318055555,87660092.8057714,2.756158051354167,1.8455137777777777,2.586813091840278,1.0728453090277776
2025-02-07,4443576.790729167,83760798.14903262,2.8598680412152775,1.776632965277778,2.6754306081249997,1.0360505
2025-02-08,4409143.637395833,80120196.90146703,2.322871691423611,1.8887603923611112,2.3018969377430554,1.0040530798611111
2025-02-09,4341095.138819445,80407628.94491355,2.4385093947569443,1.8033674305555556,2.3483263037152775,1.0120646111111111
2025-02-10,4436792.9452777775,82549441.57123633,3.1555483831944446,1.910487513888889,2.8396974439583333,1.0439801979166665
2025-02-11,4488474.412013889,85863732.28974631,2.969253395729167,1.9853386562499997,2.720648115034722,1.0634382812499998
2025-02-12,4276518.350486111,79489154.49757113,3.046869351458333,1.9221316215277777,2.873217775694444,0.9877562499999999
2025-02-13,4281265.260625,80072312.7984277,3.327880422986111,2.0510463368055554,2.9286608490625,1.0413158194444445
2025-02-14,4286082.132986111,81796038.02827588,2.4890077042708336,2.1800696354166664,2.378017465416667,1.0725649270833335
2025-02-15,4252009.528090278,81512956.6070493,2.842647374826389,2.4053311631944445,2.5242692253124996,1.0443449305555557
2025-02-16,4094017.6707986114,77467667.68545154,2.542290897638889,2.161351159722222,2.3985459008680556,1.055583142361111
2025-02-17,4225490.1475,80640356.7111093,2.869839797361111,2.0585136979166667,2.5607351696875,1.049638798611111
2025-02-18,4318057.558854166,78199587.17699453,2.4016354235069444,1.674547329861111,2.3569409485069444,1.045746375
2025-02-19,4319843.158611111,77251453.28729296,2.1447702488194444,1.4975325069444443,2.1765037925,1.0294922361111112
2025-02-20,4316852.7303125,78348225.19447966,2.3112585675,1.5656903090277778,2.305217694652778,1.0284322777777777
2025-02-21,4379100.495347222,79434460.67814463,2.8097458230902776,1.7361104930555555,2.557253197708333,1.0793656180555555
2025-02-22,4582765.088229167,80865376.74708347,2.8432663417708337,1.6598493055555557,2.8098703597916668,0.9807459618055555
2025-02-23,4535980.4778125,80368892.38983713,2.8134620444097225,1.6814645,2.7079604525694445,1.1759369166666667
2025-02-24,4916825.534479167,81379861.22896042,3.091039798541667,1.4591569930555555,3.0520830827083336,1.0036217083333332
2025-02-25,5082853.067395833,75818360.83966881,3.0963121263194444,1.271351482638889,2.9810317615625,1.048828829861111
2025-02-26,4777180.473506944,73112923.49490047,3.0917179219791664,1.3631465138888887,2.8531591304166666,1.0500452569444443
2025-02-27,4801206.565486111,73667017.12668985,3.061840061215278,1.4552908159722222,2.8346826631249997,1.0634423263888888
2025-02-28,4922128.604826389,70130008.70050834,3.225833141770833,1.4258560729166667,2.9740217091666667,1.0317693888888888
2025-03-01,4701070.806666667,68994259.17354281,3.0086041941319444,1.4665539340277778,2.6163030093402777,1.1055990833333333
2025-03-02,4734119.826319445,73130640.11707444,3.069109756840278,1.5605912430555557,2.5972294446180557,0.9849340486111111
2025-03-03,4587072.742256944,73938627.46950841,3.7436457030208334,1.6283055729166667,2.8071207552430555,1.0247714756944444
2025-03-04,4644136.940347222,65158976.48162072,3.5529883803125,1.4642402916666668,3.084745239513889,1.0299035451388887
2025-03-05,4521871.6961458335,71065186.47826982,2.756806129409722,1.422229263888889,2.4039678363541666,1.083497125
2025-03-06,4581495.849618056,78137397.00897764,2.3404562576041665,1.4347685833333332,1.8848889923958332,1.066045076388889
2025-03-07,5017859.739861111,83480758.86870068,2.78584868125,1.4670632499999998,2.239320111284722,1.0518222569444444
2025-03-08,4983457.174895833,77204715.06617564,3.0943299103125,1.572317579861111,2.6767725586458333,1.0635418784722224
2025-03-09,4962318.461076389,72418265.05426666,3.170873337951389,1.7008141666666665,2.7570250341319444,1.0440469791666667
2025-03-10,4723374.913993056,64313611.98741285,3.1374066679166663,1.6453488506944445,2.9554668473958334,1.0188212534722223
2025-03-11,4830756.7075,62334912.215322345,2.914321156041667,1.3237964791666665,2.7536910264930556,1.022708048611111
2025-03-12,4535679.236111111,59733969.87381593,2.8749224303125,1.3899149895833334,2.6770373426388887,1.0358253506944444
2025-03-13,4635315.086215277,60894345.70370796,2.8496479710763887,1.4805689930555554,2.587668866875,1.0598028715277779
2025-03-14,5253459.324236112,72697654.52000493,2.6352843440625,1.3914629409722223,2.425561310625,1.0230214236111113
2025-03-15,5168618.908958334,72185838.03716101,2.8426784235416664,1.5139551979166666,2.6156290844444445,1.0642665729166667
2025-03-16,4771682.127951388,65570296.259865746,3.0422471797916666,1.5730708263888888,2.6838891895833332,1.0463809444444445
2025-03-17,4659312.75375,64284200.57264444,2.890321115729167,1.467890045138889,2.7052823571875,1.0450142326388887
2025-03-18,4510466.397847222,62317088.382099256,2.9264300708680557,1.5706112222222222,2.576573999166667,1.0587542256944444
2025-03-19,4532724.134479167,64705046.81647868,3.042481188263889,1.598680673611111,2.6444401867708334,1.0243362326388887
2025-03-20,4482791.989930555,65040466.330116786,3.0178569514930556,1.5412643784722222,2.5563924328125,1.0323398958333334
2025-03-21,4412268.057013889,62129288.5922059,3.159323636597222,1.591794076388889,2.818714748715278,1.0019979305555555
2025-03-22,4467918.558055555,63468131.33964784,2.8437104533333333,1.4762721215277779,2.6331135009374997,1.053015
2025-03-23,4499869.196388889,64526017.41549423,2.8655032811805556,1.3520271180555554,2.6106123552083336,1.1200495034722222
2025-03-24,4590728.183229167,68848074.4371053,2.6737581728124997,1.4429845208333334,2.3377670721180555,1.0688751319444443
2025-03-25,4699459.495173611,71909015.39054602,2.675254689201389,1.464842690972222,2.1550962827430555,1.1101842638888888
2025-03-26,4891598.369027778,75735802.80900763,2.667642965347222,1.4420551597222222,2.1286181797569443,1.1166535416666667
2025-03-27,5112890.546111111,79505089.62945904,2.4764156597569444,1.4870970034722222,2.0565335510069445,1.1052695694444443
2025-03-28,5034805.273055556,73148110.23498847,2.7471899888194447,1.4994885972222223,2.391241448402778,1.05543009375
2025-03-29,4874069.751597222,67310387.74817249,2.7777621629861113,1.4734236631944446,2.5334347960416665,1.100470704861111
2025-03-30,4923129.239756945,67044176.839920536,2.663774941631944,1.3220827083333333,2.5199708704166666,1.0594512708333332
2025-03-31,5003339.823194444,66976205.80635382,2.819580763125,1.3595481458333334,2.6030037627430556,1.1111281076388888
2025-04-01,4847696.900625001,67541150.81203753,2.845333865972222,1.346162451388889,2.6182245305902776,1.1054490104166665
2025-04-02,5041270.2421875,68783856.20890573,2.805742591423611,1.500021142361111,2.549095369097222,1.0542239131944444
2025-04-03,5082168.530451389,65189358.49220391,2.7882083193750002,1.5231639027777777,2.649307276909722,1.0315197083333334
2025-04-04,5125403.893750001,65731111.35002477,2.603432429826389,1.59734771875,2.4373242477430552,1.0352980625
2025-04-05,5215900.89875,66751461.12282547,2.6670745401041667,1.6244636284722223,2.4048377094791666,1.2445473715277777
2025-04-06,5309998.1423958335,65177013.215830125,2.775531709652778,1.56904040625,2.5329590396180555,1.0620500416666667
2025-04-07,5302660.506597223,58853782.72517135,2.612080771388889,1.5126241631944444,2.514829942777778,1.1183477604166667
2025-04-08,5418178.348090278,61829433.35522147,2.2060133829861113,1.4544302743055555,2.0763904119097223,1.0729138854166667
2025-04-09,5557468.103611111,64081768.01624811,2.2684070260069444,1.3868634722222222,2.181853626354167,1.0603994375
2025-04-10,5318509.7056944445,65053946.722340256,1.998429761076389,1.3051007048611112,1.7556167369791666,1.0907734756944445
2025-04-11,5240076.268645833,65536633.33511868,2.131042732118056,1.2734400243055555,1.865869411076389,1.062889857638889
2025-04-12,5382321.19625,69305233.27516022,2.020025709236111,1.3112148020833334,1.733231616736111,1.1198133715277778
2025-04-13,5356680.855138889,68991983.05823523,2.0440129903819444,1.3670470520833333,1.7377451311805556,1.076452965277778
2025-04-14,5084565.087465278,65316287.20099238,2.0755261055555554,1.4593593541666667,1.8606107175694444,1.0760215555555555
2025-04-15,5075910.058055555,63608366.45740226,2.0774984367491167,1.3136303215547704,1.929073346007067,1.0648093645833334
2025-04-16,5438929.021701389,66728280.68171656,1.3952573258333334,1.1809075520833334,1.3912890788194445,1.1253751145833333
2025-04-17,5590390.708298611,69838269.43681069,1.320930855,1.1302297256944445,1.2952198653125,1.0601156631944444
2025-04-18,5685090.452395833,71542986.94282347,1.3758563310069443,1.2384569618055556,1.3166678449652778,1.006135236111111
2025-04-19,5685503.266319444,72860307.27156147,1.335226687986111,1.2061372743055554,1.2579324855208334,1.1846627395833333
2025-04-20,5995147.555,78618049.0741675,1.3158702003125,1.2180180520833332,1.1730355027430557,1.1155110034722222
2025-04-21,6303371.324791666,84299445.55805627,1.2972249944791665,1.3211400625,1.1768300439583335,1.0528462604166666
2025-04-22,5943013.190243055,80225654.45932443,1.3622068290972222,1.3387362534722222,1.2644496834722223,1.0848511145833333
2025-04-23,6014286.6575,88726505.34413686,1.666514508611111,1.4917145104166667,1.4607024220486111,1.0547994166666668
2025-04-24,6210231.962326389,91321775.86303091,1.860967816388889,1.8106158854166665,1.5698746104513888,1.1005985243055556
2025-04-25,6164651.086666667,92754462.02808131,2.016503244861111,1.8216629756944447,1.7252723384722222,1.1241109513888887
2025-04-26,6106992.002881944,91264601.04561508,2.006983182604167,1.8603602708333336,1.7671405719791666,0.9838744965277778
2025-04-27,5895671.225868056,86222638.99627906,1.767227642048611,1.8631006527777778,1.615722250277778,1.0682044756944444
2025-04-28,5951761.660972222,88077355.44512115,1.8261858951736112,1.8974957743055556,1.6874317042013889,1.09197271875
2025-04-29,6131903.122083333,91688998.25460257,2.1227526770138887,1.923237923611111,1.7959182528125,1.0387289479166666
2025-04-30,6133014.541006944,88340851.12464373,2.0232695881944442,1.8386113993055555,1.9000281214236112,1.0672327465277778
2025-05-01,6108847.606979166,90273954.23300128,1.9077835025694445,1.8146246666666666,1.6635158154166667,1.1197083819444444
2025-05-02,6363729.135347222,93747757.37318565,2.0456292619444443,2.061300423611111,1.7086635038194444,1.0356268888888889
2025-05-03,6439967.868263889,92731035.94335361,1.9894194852083333,2.0271884375,1.7342156698263889,1.1090122743055555
2025-05-04,6384969.535694445,90023063.72106296,1.9302558497569444,1.8337300104166667,1.8111324102083333,1.0859661875
2025-05-05,6463499.795451389,89276767.52982491,1.8440371093402779,1.6653392812499999,1.820381957222222,1.0758856145833333
2025-05-06,6566676.195902778,88571600.20126945,1.8064558767708334,1.5932473541666665,1.801497515590278,1.1395889618055555
2025-05-07,6213438.029027778,85708927.84455125,1.7796402424652777,1.7733246840277779,1.7422874082291666,1.0509171354166666
2025-05-08,6217731.651458333,92791716.38581972,1.8635796617708331,1.8850061805555558,1.7224144196180555,1.1165721597222222
2025-05-09,6612596.672534723,105631375.41793904,2.7171027297222223,2.1171027569444445,2.237857678576389,1.0379654965277778
2025-05-10,6706210.569305556,110284999.44456539,2.715304908472222,2.46342425,2.2984926848611114,1.0729754930555557
2025-05-11,6757183.668263889,113536797.41095154,3.0652979316666666,2.6656597222222222,2.492325455763889,1.0353420659722223
2025-05-12,6477018.240173612,110370661.80833626,2.9463507193055554,2.7976788020833334,2.4563659247222223,1.0103227256944445
2025-05-13,6249598.791250001,104942783.0836007,2.974192509861111,2.975241920138889,2.4970255657291665,1.0377462777777777
2025-05-14,6306445.8515277775,107725812.23418696,3.1342541069444447,3.1198551006944446,2.5028118539930557,1.0280951770833333
2025-05-15,6105544.840277778,100139883.33406368,3.235389878090278,2.873494916666667,2.7245056447569445,1.0271845902777779
2025-05-16,5979134.845034722,96635840.8285601,3.0582682219097226,2.421948347222222,2.709355702465278,1.0256486666666667
2025-05-17,5833246.956284722,89601369.96467571,3.162756588958333,2.5111282708333333,2.7929840688194445,1.0758790069444446
2025-05-18,5787096.685069445,90473478.88889395,2.8555063039583333,2.2738138472222222,2.7089456520833335,1.0772737743055556
2025-05-19,5472986.340104166,84208282.91014102,3.1333555123263888,2.113095208333333,2.7900748976736107,1.0791911076388887
2025-05-20,5473619.041458334,86284391.79211418,2.9153816462499997,2.277497611111111,2.614028783159722,0.9704975277777778
2025-05-21,5321230.433576388,84415739.63071889,3.2559560081597225,2.589806440972222,2.8114034003125,0.9731596006944445
2025-05-22,5630438.126458334,93100121.90452956,3.1883919639236113,2.744835347222222,2.64990094,1.0270193645833332
2025-05-23,5815794.727326389,95808205.62682635,3.589062439027778,3.24156821875,2.849047881111111,1.039720236111111
2025-05-24,5738381.354409722,89627876.84241363,3.0993615419791665,2.616948472222222,2.750061104201389,1.0266417291666667
2025-05-25,5889279.978194444,89511098.248936,2.9451648610416665,2.2867765729166667,2.6965644803819444,1.0624560520833333
2025-05-26,5861754.505034722,91637246.77881825,2.9471010838194447,2.194026375,2.661935918159722,1.0796491631944445
2025-05-27,5696565.269895833,89941166.60746692,3.1133271590625,2.178097625,2.7058446184375002,1.0380048993055555
2025-05-28,5650090.304930556,88904019.15096097,3.351423536875,2.2846293784722222,2.862372647048611,1.031875138888889
2025-05-29,5826508.377395834,90891585.3009351,3.468935446736111,2.2948789305555555,2.992761452986111,0.9706109513888889
2025-05-30,6179484.513715278,89009779.68930921,3.0610062264583333,1.718274138888889,2.835317194340278,1.0651263333333334
2025-05-31,6084436.560694445,84149368.16657624,2.7232585896527777,1.471309,2.8148220261458334,1.1033397638888889
2025-06-01,5821054.723645833,80829282.65112938,2.7162601310416665,1.4880264930555556,2.8048026411111113,1.1016869479166667
2025-06-02,5887350.579305556,81335644.78503996,2.778767681111111,1.5174444097222224,2.919567398125,1.042283513888889
2025-06-03,5952288.853888889,84411255.78033048,2.7258641801736108,1.5568842222222221,2.6924064290625,1.0906129756944445
2025-06-04,5999845.412916667,84853912.31406742,2.8345504551041665,1.540627857638889,2.6305982827777776,1.0657808333333334
2025-06-05,6104785.579097223,82998954.10261461,2.8414299779861114,1.474136642361111,2.8609219396180556,1.1174822152777777
2025-06-06,6120003.475659722,81391842.82056445,2.594737392083333,1.321394375,2.745482077708333,1.12544771875
2025-06-07,5954174.8046527775,82525352.32889201,3.0202420336805553,1.3807894722222223,2.78777615625,1.2062637534722223
2025-06-08,5878698.381354166,80992690.57679936,3.460160889097222,1.3981124618055556,3.0788085133680556,1.1310429513888889
2025-06-09,5881241.302638889,81587012.77856877,3.372968429444444,1.4672448159722222,3.0931922419444446,1.1768772847222222
2025-06-10,6192488.754895833,92138905.65422736,2.888970912534722,1.3853833645833333,2.5634640961458333,1.135237736111111
2025-06-11,6322709.343506944,96462769.77718349,3.10652005,1.5471607118055557,2.5384218444444446,1.0649866840277777
2025-06-12,6193381.922534723,89158454.6057745,3.318221420798611,1.791031513888889,2.990174523784722,1.1065536840277777
2025-06-13,6073365.180173611,80313447.01518488,3.1342519391319446,1.6251299236111112,3.2428768737847222,1.0221349513888889
2025-06-14,6466749.884375,84982386.8509707,2.7653599380208336,1.4117195277777776,2.917966376979167,1.0871953541666666
2025-06-15,6567947.651527778,86494455.35222147,2.7424999352083335,1.4332953194444444,2.9101361750694448,1.2649405381944443
2025-06-16,6289754.152222222,86140297.65437922,2.620853992430556,1.5674600104166665,2.6656221959722224,1.07127265625
2025-06-17,5825938.066944445,77392015.98740171,3.019745306215278,1.8308288333333331,2.9480773178125,1.0425784097222222
2025-06-18,6036284.186527777,78201038.9623003,2.752206642986111,1.683625753472222,2.9423232106944446,1.1043633993055557
2025-06-19,6048627.607708333,79333829.75831014,2.6612429453819444,1.668303048611111,2.7559445350694443,1.2369852951388889
2025-06-20,6293734.334861111,81158088.4732053,2.9940555953125,1.5967452222222223,3.0575940133680555,1.0746835034722222
2025-06-21,6461297.717743056,80688388.15381241,2.5845155027777778,1.5535112777777778,2.775039571736111,1.1268213993055556
2025-06-22,6314360.6076736115,74011321.81877393,2.8723306628819447,1.5836201979166666,2.9266757278472224,1.0288678090277776
2025-06-23,6088398.9999652775,72627703.81660558,3.015521159097222,1.6319338472222222,2.8731735156944445,1.0454412638888888
2025-06-24,6038165.000416667,79642796.13503328,2.6909207162847224,1.619947017361111,2.403449852951389,1.1082865138888889
2025-06-25,6308407.836215277,83591983.60385674,2.846520669166667,1.6497741909722223,2.4221314051041665,1.0483340763888889
2025-06-26,6079952.770416667,80045930.0284233,3.0985865318402777,1.6350780729166667,2.4815363528125,1.0396968194444445
2025-06-27,5952578.046145833,77420760.80227667,3.0471151135416665,1.6242509513888888,2.4933183014236113,1.09073165625
2025-06-28,6044284.470208334,79707654.44636081,2.9411012138194446,1.6283736215277778,2.3345748931249997,1.2840325902777776
2025-06-29,6077621.611423611,81352450.64753036,3.0296634332291665,1.7286919583333333,2.3485239997222225,1.174497138888889
2025-06-30,6088073.205902778,81501745.30330421,3.0637421235416666,1.7887198229166665,2.5489110294791666,1.0152935208333334
2025-07-01,5936871.463125001,77709627.82285926,2.5555627319444443,1.7313762708333333,2.270621914722222,1.1361954375
2025-07-02,6105658.390416667,80921687.62298268,2.430002755173611,1.6524140347222223,2.3182033576041667,1.12910815625
2025-07-03,6721862.463715278,92210857.37786935,2.7164728214583334,1.8214337569444443,2.242571282361111,1.1713794548611112
2025-07-04,6694127.566354167,89157044.16479921,2.9461267303472223,1.6552836215277777,2.4004818306944444,1.0495470277777779
2025-07-05,6543208.938055556,86112076.6676605,2.3372497314930554,1.4365780520833333,2.2434828875694444,1.1004631527777777
2025-07-06,6490835.604305555,86309211.5127341,2.3788390640972223,1.4492257708333334,2.261713798715278,1.1639991527777778
2025-07-07,6475059.989131944,87393264.14400531,2.561111503125,1.4793964097222223,2.2450173508333333,1.1004970798611111
2025-07-08,6526200.9934375,88215540.20441818,2.619958045173611,1.4411045555555555,2.2776813861458334,1.160085534722222
2025-07-09,7180930.753888888,100955771.81309801,2.4991645721527775,1.446448857638889,2.0066883128472224,1.1047713333333333
2025-07-10,7163562.054270834,103767403.44077016,2.850663901388889,1.5570819861111111,2.2796767522569445,1.137601559027778
2025-07-11,7473237.924756944,115734985.57883123,2.7897250303472223,1.49242696875,2.2132457504513887,1.0838143680555554
2025-07-12,7689110.306076389,116512685.13158697,3.1889664241319444,1.6548542569444444,2.4391603827083332,1.0301667777777779
2025-07-13,7418910.722951389,114614511.59786598,3.0768038818402776,1.8451645798611114,2.391755198472222,1.0869456319444444
2025-07-14,7245420.104930555,115903502.8905016,2.7560337017708334,2.1918260833333334,2.196272453888889,1.046063434027778
2025-07-15,7590168.912326389,118249831.0550644,2.8721289120833333,1.8031853090277776,2.300711576388889,1.107792111111111
2025-07-16,7423350.845381944,122184214.59424059,2.716985589409722,1.8931141215277778,2.202050892847222,1.0375173125
2025-07-17,7323392.4922222225,124489902.67603254,2.882305973055556,2.1493349270833333,2.2593406705208334,1.095515625
2025-07-18,7833762.884583334,143364138.12635034,3.176679116979167,2.311403465277778,2.4991266060069446,1.0387652395833333
2025-07-19,7709326.937118055,138970474.9233135,3.4389302528819443,2.439183416666667,2.739198466284722,1.146172017361111
2025-07-20,8068247.045555555,154258180.80818477,3.072812183576389,2.231047111111111,2.508829928611111,1.0845383576388887
2025-07-21,7773044.1145486105,152745483.63514042,3.2471640997101447,2.3795029311594202,2.640967417309091,1.0615396909722223
2025-07-22,7689600.031493057,148292482.45093477,3.6400876619767444,2.7399695416666665,2.8610369655555554,1.0862320381944446
2025-07-23,7757931.705034723,145520905.0025171,3.675441874027778,2.831527920138889,2.8792883281944444,1.0552252881944444
2025-07-24,7845986.330347221,142172286.22665972,3.260144048125,2.6716908055555555,2.7563195754513887,1.0830196666666667
2025-07-25,7850332.456979167,139870671.59963796,3.326787358576389,2.7808062881944444,2.8515957656944444,1.048484236111111
2025-07-26,8027202.924479167,147297881.02258027,3.291277083923611,3.2430781076388886,2.721474581875,1.195078829861111
2025-07-27,7950828.149791666,149759318.73667786,3.339805424409722,3.0172707118055557,2.7265313709375,1.064235361111111
2025-07-28,7875997.295833332,148098296.34621292,3.375554518611111,3.152377149305556,2.6436219386458335,0.9974639166666667
2025-07-29,7870975.828923611,141918971.99775314,3.0698311781597223,3.02556184375,2.5345247121875,1.0651348993055556
2025-07-30,7602671.584583334,133836974.79231302,2.9632951969097223,2.9249411770833333,2.492309327951389,1.01662825
2025-07-31,7478856.135381944,132344232.38054095,3.2112645840625,2.6363153055555557,2.7223129886111113,1.023048375
2025-08-01,7583430.673437499,125256406.5280255,2.6483262103472223,2.7206996909722223,2.4034620230555555,1.016938482638889
2025-08-02,7801043.740937499,124191112.95875692,2.633939769340278,2.6392863993055555,2.389438110763889,0.9836208472222222
2025-08-03,7885724.829166668,126789511.19485651,2.458104872951389,2.379288618055556,2.369877749479167,1.240445017361111
2025-08-04,7643970.9966319455,127914616.70154268,2.5026060896527778,2.1729513333333332,2.372008460138889,1.0606014305555556
2025-08-05,7309932.989895833,121399129.29223233,3.278622809201389,2.6264444270833334,2.699102499479167,1.0139966111111112
2025-08-06,7159853.769097222,117959827.77945682,2.8655744014583333,2.6607946006944445,2.5057685819444444,1.1021212291666667
2025-08-07,7387278.261354167,128617191.48269953,2.6604985822222225,2.755700579861111,2.2963571409722223,1.129235420138889
2025-08-08,8291790.0885763895,159653627.0405637,2.5778311050694445,2.5703029131944444,2.0308185987847223,1.0777295520833334
2025-08-09,9427636.9709375,198035549.92667615,2.353761368472222,2.5427487048611113,1.9011121181944444,1.1048306805555557
2025-08-10,9710355.1321875,212844917.243287,2.394640264513889,2.5588113055555555,1.8747240355555554,1.0386498402777777
2025-08-11,9567964.939305555,208336822.73414615,2.7521484220138888,2.626502388888889,2.078340557708333,1.001473326388889
2025-08-12,9598152.3209375,214353162.75028554,2.4778448444444443,2.5719400694444445,1.9949705534374997,1.0937374305555556
2025-08-13,9630367.5371875,229042619.83741266,2.3865067090625,2.1669108402777777,2.0957880614583333,1.04348590625
2025-08-14,8680073.11170139,200868313.59755743,2.7853807755208333,2.2223880138888887,2.2383278867708336,0.9916026701388889
2025-08-15,8299311.598055555,183736857.8437481,2.6386531406597222,2.4371372430555556,2.300101780451389,1.0852541840277778
2025-08-16,8485998.952847222,186782921.60763484,2.7157774870833333,2.4255846215277774,2.3872516958680556,1.079447701388889
2025-08-17,10136664.679756945,251137370.8480302,2.2493266638888887,2.278262298611111,1.830478986701389,1.1015466805555556
2025-08-18,11342088.621354166,285510247.3272267,2.109129875381944,2.4332102777777775,1.6143628620833335,1.0750768541666667
2025-08-19,10502045.5834375,255442104.11566585,2.204941838472222,2.227621972222222,1.8783552273263888,1.011513746527778
2025-08-20,10522571.849027777,264260243.02484894,1.9829416354513887,2.2536936840277777,1.802789378090278,1.0319329097222223
2025-08-21,10330147.411770834,264208863.95279726,2.2142476231597223,2.276462576388889,1.8060395212847224,1.0133014861111111
2025-08-22,9664188.1125,248059923.49529758,2.280966862638889,2.4116848159722224,2.050787936770833,1.0531538263888889
2025-08-23,10447539.08375,271900079.3759077,2.518127115520833,2.124829013888889,2.1681523397569444,1.1016334097222222
2025-08-24,10514267.20670139,271339320.07125956,2.563034138298611,2.0917738159722226,2.272571618715278,1.0121192430555555
2025-08-25,9551381.6775,236813396.80322325,2.5062195051041667,2.367228545138889,2.2668732755902776,1.0419918993055555
2025-08-26,9371554.570347223,222355811.6681894,2.5053242590277778,1.983264298611111,2.384742152986111,1.1585023402777779
2025-08-27,9350117.500277778,226565320.98870438,2.3092501909722225,1.902482298611111,2.137340894166667,0.9933337534722223
2025-08-28,9430374.391423611,230132254.16983443,2.3377737923958333,2.1942181458333336,2.179932830555556,1.0621522708333333
2025-08-29,9129806.342982456,216095025.65930757,2.8712780512631575,1.9649165614035087,2.63574710645614,1.0805007192982456
2025-08-30,9070790.41625,211308390.33458707,2.602562957048611,1.9006545069444445,2.5740871239930554,1.085828982638889
2025-08-31,8902350.412361111,211066389.47197935,2.4960567877777775,1.9604318888888888,2.4619345565625,1.0578093090277778
2025-09-01,8926503.444930555,204962583.04550847,2.5997994371875,1.9041209756944444,2.4118835438541666,1.0889001180555555
2025-09-02,9076158.646909721,209920860.23384213,2.6044185948958334,1.900995597222222,2.345925936006944,1.098026840277778
2025-09-03,9317993.20795139,219303522.861494,2.7360113908333332,2.1034003645833335,2.352341471041667,1.0719821805555556
2025-09-04,9225179.844722223,212440044.0859408,2.8796872035416667,2.1510005659722222,2.5293532934375,1.0367350972222222
2025-09-05,9788561.83361111,220353853.2918901,2.5666031261805555,1.8642805381944443,2.4948141932986108,1.196549357638889
2025-09-06,10191333.197256945,226270720.9267027,2.457266246423611,1.7659210902777778,2.413167016944444,1.2334780729166668
2025-09-07,10114913.353055555,225631831.18646228,2.4070327478125,1.8674612083333335,2.3327099780555556,1.2141583437499999
2025-09-08,9984036.270868056,227796528.6413786,2.5342186240625,2.0894248715277777,2.4029180117708333,1.1124769097222222
2025-09-09,9856553.039861111,229221270.17516643,2.7423743043402777,2.3318618819444445,2.48899783375,1.0196055208333332
2025-09-10,9194708.446840279,215293970.76394933,2.8919626543055554,2.8942008680555555,2.6110540051388886,0.9979276284722223
2025-09-11,8852208.11486111,210717878.64926374,2.9673136863541667,3.2077236388888886,2.539993005625,1.126305048611111
2025-09-12,8885390.793333333,219005866.85468042,2.984774405625,3.345307666666667,2.4499150532638887,1.1060830972222222
2025-09-13,8819743.803506944,220919363.9787029,3.1015513583680554,3.514269784722222,2.5104984502430554,1.1674552222222223
2025-09-14,8663588.6984375,211748559.6393761,3.2004955355555555,3.7518856423611116,2.5801253162152777,1.13390384375
2025-09-15,8862444.366319444,209432479.9229734,3.0275991402083333,3.4549963645833333,2.6233553356597223,1.106641253472222
2025-09-16,8816644.792152777,207240991.53834066,2.874328087361111,3.0754706979166664,2.585662951701389,1.1587408680555555
2025-09-17,9000095.473958334,209792686.6036674,3.042392713472222,3.2242682118055557,2.7288273062847224,1.1105917881944445
2025-09-18,9394569.3975,227847088.27224243,3.1514415878819446,3.4825590381944442,2.5924244846875,1.2262453506944444
2025-09-19,9449622.668368055,227345128.72883642,3.3427428144791667,3.4974045902777777,2.598273580347222,1.106289284722222
2025-09-20,9357985.799236111,218522210.91208643,3.2389310310416666,3.469218145833333,2.7826678065972223,1.1229339270833334
2025-09-21,9420023.628958333,218369182.43250886,3.0332835656944446,3.3673193125,2.6876710794097223,1.2172355902777778
2025-09-22,8768538.848888889,189241651.520071,3.142033909965278,2.92294296875,2.710956879756944,1.1497746805555555
2025-09-23,7984323.771701389,173211560.8187846,2.963768743611111,2.42100484375,2.694444604652778,1.1171365451388888
2025-09-24,7666361.475173611,166195829.13663176,2.950792967986111,2.6569541840277777,2.695010729201389,1.1401735034722222
2025-09-25,7918374.044340278,164920515.69151658,3.1108601815972223,2.851154729166667,2.712225186388889,1.1052980972222222
2025-09-26,8439089.070243055,173646356.1979007,2.921062629409722,2.9945012395833333,2.6244968101041666,1.1632689756944443
2025-09-27,8503314.65517361,178171931.49398467,3.141882900138889,3.021337902777778,2.7099162229166667,1.2090818368055556
2025-09-28,8584240.766736113,179407050.29518706,3.230112369965278,2.8938908298611112,2.704648863159722,1.2207047777777777
2025-09-29,8536703.659444444,182997004.46723592,3.521873675763889,2.846963809027778,2.9541827230208333,1.0598892152777777
2025-09-30,8330198.722569444,178221537.07526407,3.3937555295833333,2.9891073680555555,2.9082838809722222,1.2051190659722222
2025-10-01,8298799.4167708345,182353126.16654837,3.292091943263889,3.155685690972222,2.8435766561458333,1.2543115451388889
2025-10-02,8040904.488263888,181835174.68745655,3.6203268842708334,3.1683030868055555,2.989297440451389,1.0722334479166666
2025-10-03,7831962.8975347215,176220545.65829948,3.8059161696527775,3.4215404895833337,3.0737377924305553,1.205829954861111
2025-10-04,8146316.008611111,179645393.23485187,3.47949664,3.2549229236111112,2.8510240084722223,1.2394156388888888
2025-10-05,8242127.080034723,184545401.044145,3.3662492888194446,3.0975576770833335,2.8114563337847223,1.148387642361111
2025-10-06,8534035.376805555,192147169.87700975,3.400447933888889,2.6067069479166665,2.8475551560416665,1.2299241180555556
2025-10-07,8719045.16496528,197698895.18179682,3.949742695625,3.0220237118055557,3.10446451875,1.0583923159722222
2025-10-08,8430499.036354166,186432686.18300116,3.7276794543055556,2.886554354166667,3.2690185998958334,1.1981485868055557
2025-10-09,8042386.104895834,176215177.60503995,3.7302569082291672,2.9730966145833335,3.1586303776388887,1.04464996875
2025-10-10,7918206.733854166,169117745.2962358,3.6533218336805557,2.880320388888889,3.1045186494444446,1.031346392361111
2025-10-11,5179452.623784723,91371016.41411814,2.610322536770833,1.330544847222222,2.3530297443055557,1.0572341736111113
2025-10-12,4671671.0034375,83666223.70925146,2.508463970173611,1.3474381493055556,2.25880952125,1.0536329687500001
2025-10-13,4671922.531076389,91224374.38966799,2.620070736840278,1.4076543472222223,2.2554101343055555,1.0824475243055556
2025-10-14,4878443.429270834,92514725.08625755,2.786272899791667,1.7497950277777778,2.305608639895833,1.0729956979166666
2025-10-15,5036864.570138889,93481112.44773002,2.723687993923611,1.8371469340277775,2.306008780729167,1.0983089618055555
2025-10-16,5235157.636979166,93812730.09893112,2.784028292361111,1.9784135868055555,2.379580044861111,1.0252611493055557
2025-10-17,5984979.916805555,99781256.10360938,3.023690809444444,1.70341059375,2.512182121770833,1.072048954861111
2025-10-18,6042075.164652778,101381235.34155098,2.7542462913888888,1.7307834722222222,2.352872022013889,1.1093519409722221
2025-10-19,6008463.0772916665,102688479.1258755,2.6547463887152776,1.8156019166666668,2.257308034340278,1.0577136215277778
2025-10-20,6224145.5155902775,114806864.32892223,2.5334154324652776,1.9889818229166667,2.0364680410763887,1.0506723576388888
2025-10-21,5964034.966215278,108305828.93385322,2.79555888875,2.0642374409722226,2.2175251678472225,1.0820342951388888
2025-10-22,5570976.514131945,96992157.37734579,2.846599786111111,1.9271366527777778,2.450382741875,1.0537872465277778
2025-10-23,5635404.529756945,97963064.98745246,2.8165353276041665,1.6654631736111112,2.4715346069791666,1.1135571319444444
2025-10-24,5507194.121631945,97235361.65374139,2.6950054110416666,1.815257923611111,2.3367167581944446,1.065121576388889
2025-10-25,5511817.360625,99013282.82646105,2.7710253538194447,1.9213104479166665,2.3201327615625,1.0620148333333335
2025-10-26,5560864.107187499,100573012.67627376,2.919842160451389,2.124874277777778,2.442607407534722,1.1551117916666667
2025-10-27,5695424.487847222,105969219.3372336,2.7939156381944446,2.499539715277778,2.263676721736111,1.0434390312500001
2025-10-28,5834652.516666667,106585568.03351648,2.81966394125,2.4166426493055555,2.3287201522569445,1.1252997673611111
2025-10-29,5965217.154756945,107648082.24585243,2.9151315667013886,2.05030715625,2.416440673472222,1.044539232638889
2025-10-30,6054433.666840278,105752503.58270806,3.1604629608680557,2.098340861111111,2.570257210590278,0.9989222152777777
2025-10-31,5967934.587013889,102294636.53504474,2.945224039027778,1.8234798020833334,2.6097646060069444,1.066393576388889
2025-11-01,5980756.865833333,103084249.25038569,3.0010307557986113,2.10578234375,2.5624455369097223,1.1284559479166667
2025-11-02,6123266.013194445,105710902.31878737,2.845983365659722,2.2039583125,2.4302380124305554,1.0654546215277778
2025-11-03,6122995.889444444,98071901.10695246,2.802661080138889,2.0934082881944445,2.3670627485416667,1.012466548611111
2025-11-04,6362561.788020833,94620126.67274731,2.533952524097222,2.1357610138888887,2.144212189166667,1.0245559756944445
2025-11-05,6787814.516145834,101171104.07206061,2.5141012874305555,2.256373378472222,2.1188350113194443,1.1731548020833333
2025-11-06,6776776.372048612,100404931.55793852,2.520062087673611,2.090367451388889,2.0864761645486114,1.0684343298611112
2025-11-07,7182405.37,109076630.74423806,2.616894168263889,2.3434927534722223,2.191090551979167,1.0456193645833334
2025-11-08,7204316.534895834,112255361.73297411,2.684479616736111,2.3879923993055554,2.1361294693402777,1.097518090277778
2025-11-09,7066970.68013889,109828155.94208108,2.634777035763889,2.2568193958333334,2.1764019041319447,1.041111326388889
2025-11-10,6934536.162256945,112716935.23628579,2.5273794075694442,2.1759365416666667,2.0940610525000003,1.07085509375
2025-11-11,7089854.824756945,113355577.19815268,2.5768778377777775,2.1766971041666667,2.1017250178125,1.073070079861111
2025-11-12,7172672.433888889,111046205.72101241,2.5791024333333334,2.0188197743055554,2.1477427344097224,1.0141424618055557
2025-11-13,7097604.613576389,108220551.07874413,2.537601985590278,1.8418967395833334,2.111978567777778,1.0372002916666667
2025-11-14,7049788.6521875,100401787.42004284,2.7435178543402774,1.9231160381944445,2.292887054097222,1.0017239340277777
2025-11-15,6988503.3340625,98703389.41054326,2.6627324996875,2.0324062499999997,2.2927320719791666,1.1400624479166668
2025-11-16,7037916.364375,98413687.65764266,2.6641742496875,1.984224840277778,2.2693763134375,1.0698940173611111
2025-11-17,7005266.114548611,96358735.0339908,2.6610848402083334,2.0968686840277777,2.2838191023958334,1.0235230902777779
2025-11-18,7344469.811423611,99669411.71741766,2.6497951725,2.179649979166667,2.2970407153819448,1.06629859375
2025-11-19,7555819.569999999,100682999.38525453,2.8739078033680556,2.127351611111111,2.4115485175,1.0684576458333332
2025-11-20,7620820.491840278,102671614.65595008,2.8351561993055556,2.1931022395833333,2.3398532438194444,1.0065741041666667
2025-11-21,7239552.680833333,89419803.5578298,2.9440016694791664,2.404053940972222,2.467786146770833,1.0127915972222223
2025-11-22,7031068.404965278,84258254.80024084,2.870096935208333,2.1803065798611114,2.4146683592708333,1.081972857638889
2025-11-23,6823566.5875,85345237.53706315,2.7839756610416666,2.022932659722222,2.3720322064583335,1.0232038159722223
2025-11-24,6867767.6065625,87190092.37141111,2.998898111041667,2.0073203020833335,2.4680969999999998,1.051627465277778
2025-11-25,7015913.681805555,90536101.37609571,3.174156471111111,1.8967336875000003,2.5533680228819446,1.0499444999999998
2025-11-26,7051034.675625,92273313.03104538,3.0996469653819445,1.8339282083333335,2.485356870798611,1.1618665069444445
2025-11-27,7177396.174513889,96159774.60848214,3.063890594791667,1.7929517291666666,2.412741139375,1.094467815972222
2025-11-28,7273673.334201389,96500917.73061143,3.0048061095486114,1.7811286458333333,2.414759030659722,1.1386333993055555
2025-11-29,7338443.703993056,95952592.63862005,2.820787962361111,1.86926746875,2.3460972996527776,1.2430513055555557
2025-11-30,7379420.350590277,97020757.21026462,2.7898648230208334,1.9180733993055554,2.353016277604167,1.1900577118055555
2025-12-01,7365957.033541667,89073774.89078997,2.8791468527777777,1.8470989895833334,2.3856363981597224,0.9928575277777778
2025-12-02,7093861.278958333,89323243.38716635,2.6112161615277776,2.192367013888889,2.2126699135069448,1.0989077638888889
2025-12-03,7228294.531805556,103215352.37941985,2.549896468611111,2.2616048506944444,2.0173128989930555,1.0339626909722222
2025-12-04,7056717.952222222,101993904.76847643,2.5959610774305557,2.23413415625,2.1032370672569445,1.100156298611111
2025-12-05,7004680.839305555,97739644.36923555,2.7359346928125,2.619851965277778,2.1878887611458335,1.035503888888889
2025-12-06,6915954.488090278,95072307.40993136,2.978456410451389,2.5699337673611113,2.462233174791667,1.1452719895833332
2025-12-07,6848875.425069445,94771303.18014354,3.0311700313888887,2.5311467118055555,2.488627492638889,1.0769852430555555
2025-12-08,6752150.885416667,93699226.2309633,3.1755824705555558,2.3999291909722222,2.6628182520833334,1.0827902812499999
2025-12-09,6789142.864930555,95236991.33474725,2.9030465302083335,2.4260165590277776,2.4317493775,1.1014822708333334
2025-12-10,6721228.179201389,95642872.19385844,2.9536554405208335,2.0839099097222222,2.4388367046527777,1.088606013888889
2025-12-11,6767189.699236112,92548020.9892363,2.8153305136805553,2.161658934027778,2.3545122699305554,1.0618778993055555
2025-12-12,6825826.540972222,94795089.50587974,2.7355101897569445,2.1428610381944444,2.274459240659722,1.1172797916666668
2025-12-13,6758293.197777778,92892035.5230656,2.6647885245833334,2.1046857777777777,2.304407162673611,1.1599798263888887
2025-12-14,6663189.516875,90299271.10100403,2.5788975054513887,2.1777490902777776,2.2257820722569446,1.0538317256944445
2025-12-15,6869325.330208333,90953646.77405702,2.526997565208333,2.2920568055555552,2.1853586550347224,1.1393112361111113
2025-12-16,7461079.25048611,95845088.92200208,2.5175443170833334,2.3475456215277775,2.161319919756944,1.1449717465277778
2025-12-17,7572685.7475000005,95385253.81730025,2.4500654424305552,2.3158460416666666,2.063236122048611,1.1200003576388888
2025-12-18,7748465.202881943,94618722.29121548,2.301867611284722,2.282740829861111,1.9666203777430558,1.0882160937499998
2025-12-19,7586071.731979166,93833740.79062442,2.1318037642361114,2.339273607638889,1.8612987027777779,1.10039421875
2025-12-20,7388987.699201388,92964536.34089284,2.1932560380555555,2.401540986111111,1.8321031214236112,1.2345819409722223
2025-12-21,7376319.497465278,91819257.32868986,2.232992783333333,2.329082510416667,1.848884447986111,1.1159581215277778
2025-12-22,7506042.856909722,94626263.95493966,2.2619388500694444,2.049235440972222,1.8873096412847221,1.171388045138889
2025-12-23,7583867.5131944455,93899584.90004523,2.330308046041667,1.9338208402777777,1.9518289757986114,1.1808044305555556
2025-12-24,7495273.253090277,91638374.93288676,2.293191690625,1.9854861770833334,1.9283455253125001,1.1365496458333333
2025-12-25,7298857.175451389,89590852.8702211,2.2629179276041667,2.0894611805555554,1.9056853763194443,1.0314825902777778
2025-12-26,7395271.115243056,90935294.31088285,2.2409603819444444,1.9440805972222224,1.8969630748611113,1.1697528854166666
2025-12-27,7477155.542291666,91742350.03983647,2.2907253885416665,1.9448685555555558,1.9208993543055557,1.2765694583333334
2025-12-28,7601953.662291666,94663704.80218205,2.3001887378125,2.124467777777778,1.8579950373611114,1.1915724826388887
2025-12-29,7978147.462187501,100062107.13217854,2.267716060277778,2.0338999583333335,1.864378485763889,1.1329254479166666
2025-12-30,7718057.710972223,95783575.8438178,2.2893941706944445,2.0506698368055556,1.9320311651388888,1.067427298611111
2025-12-31,7646203.398611112,94530832.39015965,2.3781092086805558,2.0492570590277777,2.0071032469097223,1.2130702430555556
2026-01-01,7797364.906041667,96113405.97819638,2.437594204097222,1.9070288645833335,2.074943119375,1.1044577847222223
2026-01-02,8413932.97888889,109592471.75600645,2.2135772040277777,1.7388234999999999,1.7918821279513888,1.1624653159722222
2026-01-03,8650337.216076389,113904516.18227854,2.424252023333333,1.5682599097222223,1.9251067972916667,1.1685141979166667
2026-01-04,8810887.517534724,118042439.98549666,2.429259555138889,1.59331315625,1.958469868125,1.1610935104166666
2026-01-05,8662399.490486111,118339090.2140988,2.451867626076389,1.7281570625,2.021584833576389,1.0082937986111111
2026-01-06,8480835.365520833,117384484.13764247,2.571965711944445,1.7353406909722222,2.1263738391319444,1.0546098090277778
2026-01-07,8045201.915451389,109520372.36158246,2.6465339636805556,1.7752389479166668,2.1541008471180554,1.0701139166666667
2026-01-08,7859577.243506945,104347716.1996116,2.6945044176041666,2.061037489583333,2.1786271626388887,1.0934175833333333
2026-01-09,7967706.6354513895,105248722.18643801,2.6606295189236113,2.2569564166666667,2.1478183395138886,1.0961347152777778
2026-01-10,8074503.469097222,106204504.35272294,2.5511906176041665,2.358398125,2.1031840533680555,1.2805971840277777
2026-01-11,8063181.8403125005,106539895.68874167,2.582168456423611,2.3334792395833333,2.1590267808333334,1.1491655381944446
2026-01-12,7984545.045104166,105559321.86394438,2.7228087019444445,2.2710953229166666,2.2478405134375,1.0208516111111112
2026-01-13,7913302.577500001,106064693.93795882,2.5288966336458336,2.3829219756944444,2.1131010273263886,1.0906196006944446
2026-01-14,8416535.09329861,118716430.18121822,2.3622860329166664,2.366629482638889,1.8939972625,1.1217136180555556
2026-01-15,8470883.6409375,117615588.30268723,2.6124379864583336,2.529535795138889,2.0984580372569446,1.0748885034722222
2026-01-16,8281469.747847223,113495063.55517119,2.7492457982986114,2.49656890625,2.2889777193749996,1.26399084375
2026-01-17,8198412.9025,112611608.42934789,2.832536091076389,2.4986715798611114,2.325209560625,1.1924096770833335
2026-01-18,8241790.742430557,113257998.08072717,2.7021048055208334,2.5658790590277776,2.244880845138889,1.058853003472222
2026-01-19,8171347.241805555,104799542.00539856,2.813302748263889,1.8356151597222221,2.2231793031944442,1.1573511666666667
2026-01-20,8010150.661215277,100317139.78705801,2.5854117339583333,2.06346553125,2.026949332847222,1.0345127083333334
2026-01-21,7987896.763888889,98353106.32735966,2.601637500347222,2.125914121527778,2.0852172192013887,1.1295315868055555
2026-01-22,7968014.3646875005,98560824.28582725,2.607358857604167,2.0687794409722224,2.0193888894444445,1.1223689131944445
2026-01-23,7904885.926180555,96936626.08349466,2.636975900729167,2.0476329444444445,2.0647855535069444,1.0501317708333333
2026-01-24,7894417.126458334,96393234.9558241,2.541393352951389,2.015427427083333,2.0297679385069447,1.2791128854166667
2026-01-25,7989559.206666667,95206173.49327734,2.591012551736111,1.943357357638889,2.058514388715278,1.4482614895833335
2026-01-26,7765484.646840278,91998237.12598507,2.353989394270833,1.9447474583333333,1.9035996965625002,1.25466725
2026-01-27,7724202.815243055,92489095.4685837,2.4476057108333333,2.1031550138888893,1.9318089915625,1.2416201076388889
2026-01-28,7874731.160104167,93716931.29193711,2.5323209109027776,2.4511352986111112,1.9628856903125,1.0194371979166668
2026-01-29,7922977.962048612,90288725.82452402,2.5748189511805553,2.4730489930555555,2.0060352726388886,1.0400932118055557
2026-01-30,8330404.1674305545,90137011.99425177,2.5317457709375,2.5536411909722223,2.023535760381945,1.1050153958333333
2026-01-31,8251850.369444445,84950741.8825999,2.558229925625,2.2954966840277775,2.009165363541667,1.0647824722222223
2026-02-01,8260790.935312499,80717000.79181774,2.619288723888889,2.247563614583333,1.9230526459027777,1.1021207569444444
2026-02-02,9136487.897430556,87813678.99905987,2.747451166215278,2.323405565972222,2.0333047708680554,1.0670864791666665
2026-02-03,9171352.97888889,88258521.43713884,2.7745011119791667,2.3231542743055558,2.0293771658680555,1.0780864930555554
2026-02-04,9408791.841319446,89087171.15017998,2.6873985910416667,2.7092276631944445,2.0020692614583333,1.1121791180555556
2026-02-05,9776981.078680554,85818966.6107858,2.594708960173611,2.567593923611111,1.9827373686458334,0.9963423923611112
2026-02-06,8902942.743368056,74687533.08550565,2.3299245363541665,2.020951621527778,1.8081894084027779,1.1243121701388887
2026-02-07,8295202.872152777,73308827.03085156,2.4400848861458333,2.037565760416667,1.7870984289583332,0.9938975520833334
2026-02-08,8036738.221701388,71360590.83695476,2.5204843878819445,2.110337315972222,1.8398824766666668,1.0061728194444446
2026-02-09,7935162.100937501,69526387.84816998,2.5693988091319446,2.1787415208333334,1.8947490496180555,1.0394094166666668
2026-02-10,8106295.7585069435,69763192.22204603,2.584464526597222,2.1648842743055554,1.9269635289583331,1.1583883958333334
2026-02-11,8455487.32392361,70575900.06130481,2.5566975954861113,2.0887080208333333,1.938014595451389,1.1603937743055555
2026-02-12,8629448.069305556,72479425.3854862,2.4823119578819446,1.93115096875,1.8875536350694446,1.1889485659722223
2026-02-13,8697407.85513889,74415207.84617299,2.49344171125,1.971418059027778,1.874186495138889,1.0652759479166667
2026-02-14,8621794.032013888,77308728.03807604,2.6313594729166665,2.021555888888889,1.9309633728125002,1.1492356701388888
2026-02-15,8687393.412222221,77681470.97191499,2.6629922752083335,1.9689429791666666,1.927789606979167,1.1420801388888888
2026-02-16,8735709.827326389,76846603.06760716,2.573946237986111,2.1947125381944446,1.8982646727430554,1.0606409305555555
2026-02-17,8633155.85451389,76385362.83077653,2.608833912326389,2.2025832604166666,1.904212913472222,1.1337511493055556
2026-02-18,8593179.449375,75279746.48782426,2.650687116006944,2.2502584270833332,1.9635528296875,1.1265111180555556
2026-02-19,8495622.962222222,72797107.63315779,2.5757490420486113,2.30212825,1.9782962788194445,1.096092670138889
2026-02-20,8440162.465868056,73576713.13375513,2.6482922134027778,2.1874322118055556,2.0037554178819446,1.2072717048611112
2026-02-21,8703485.019270834,77587822.38039814,2.9461138242708333,2.1528263923611113,2.097389971284722,1.2073803368055556
2026-02-22,8633931.244583333,75611469.68325073,3.0260822635416664,2.150171875,2.192056355138889,1.1199910208333332
2026-02-23,8554460.983194444,71482350.75906108,2.532946795138889,1.840908982638889,1.9756529397222222,1.0329847777777779
2026-02-24,8456757.545312501,69317680.74769326,2.2783289720833335,2.0971797395833334,1.7704348795833333,1.1257728541666667
2026-02-25,8668074.747118056,77099719.90107799,2.2935823593402778,2.0287326111111113,1.7301861250694444,1.2072856875
2026-02-26,9036110.689062499,82869029.78503942,2.8344858330555556,2.072988625,2.058413438784722,1.1828070555555557
2026-02-27,8877553.709722223,79199985.86962526,3.1230792977777777,2.1892378125,2.319690750138889,1.0965841354166668
2026-02-28,8638217.094340278,73746145.97326474,2.9508697588541666,1.9760651284722224,2.2918336653819447,1.1434582152777777
2026-03-01,8524622.697326388,75650562.12793018,2.842280187951389,1.7065984930555556,2.1712263932986113,1.0745916666666666
2026-03-02,8513859.998645835,75261954.66757683,2.9242003747569445,1.80943925,2.2937254156597224,1.1086830625
2026-03-03,8437154.894583333,74087581.35203463,3.0702131416319443,1.8810232743055555,2.366632357465278,1.15807421875
2026-03-04,8598548.128125,78548274.54491241,2.8745639901041664,1.6854264201388889,2.2310831947569443,1.1582013854166666
2026-03-05,8683797.361527778,80539485.34030491,2.837753893611111,1.6786913715277778,2.2064079919097224,1.1020276979166668
2026-03-06,8654784.079305556,78039545.66438752,3.080968654236111,1.7978795,2.408947383125,1.0777436493055557
2026-03-07,8640687.943298612,75704505.95456493,2.802108338784722,1.7295495104166667,2.2125010768749998,1.4093667777777776
2026-03-08,8570955.9478125,73792601.29355055,2.548844683611111,1.72642453125,2.019857639826389,1.1914180798611111
2026-03-09,8476315.710590279,74683441.52380389,2.367814657361111,1.6852295034722222,1.8742286477430556,1.2049588402777778
2026-03-10,8570735.913923612,77307362.03237243,2.487791894340278,1.687229361111111,1.981515293090278,1.0972434965277778
2026-03-11,8654670.497638889,77816325.24466029,2.4855196850347223,1.715645284722222,2.0158977470833332,1.1625233819444445
2026-03-12,8551138.481631944,76773980.9369908,2.486651902430556,1.7795683506944444,1.9525108838194443,1.1481175381944444
2026-03-13,9030261.781388888,83470517.41153036,2.485082525659722,1.8542046006944446,1.9633945732291669,1.2189191979166667
2026-03-14,8664643.276284723,78228181.5485745,2.511967628576389,1.8090447430555558,1.9747144737152778,1.2359920763888887
2026-03-15,8626652.785902778,79563332.40666914,2.5018561760416667,1.7535928923611113,1.973066560486111,1.0387009722222222
2026-03-16,9441745.814722221,91899059.41256164,2.516778494652778,1.7412113958333333,2.047362905520833,1.1147010208333332
2026-03-17,9068684.553194445,89085247.52368963,2.636412318923611,1.7609007291666667,2.135610351701389,1.0706998020833334
2026-03-18,8705576.630451389,82977621.8565524,2.6203111271875,1.8109631666666668,2.1335196809027774,1.0207096840277776
2026-03-19,8680833.346597223,78837176.92667742,2.450140540243056,1.8150246562499999,1.922886338298611,1.1745928784722224
2026-03-20,8659193.808715276,78567117.88509436,2.3490311192708333,1.7453315208333333,1.8042256823611114,1.2877328993055555
2026-03-21,8537189.028715277,77699496.5747729,2.3703466948958334,1.7213458368055554,1.8332691777083332,1.3703187291666667
2026-03-22,8681920.416493054,76390889.52876279,2.2210246797569444,1.806607104166667,1.7188822708333333,1.3320256770833334
2026-03-23,8791163.468888888,78352438.35197572,2.0345313259722224,1.8966575243055555,1.5660543952430555,1.1593353541666667
2026-03-24,8760369.591388889,80050861.59293503,2.169166478715278,1.9570662604166666,1.6608679584375001,1.1638906979166666
2026-03-25,8652591.675625,80789049.58980276,2.3348752101041668,1.9860302291666667,1.8442356456250002,1.2065740555555555
2026-03-26,8395000.8709375,75889527.75777408,2.6492976466319447,2.2788449791666667,2.039140905520833,1.021330548611111
2026-03-27,8518461.496770835,74129245.94541526,2.4062979105555558,2.1335318506944443,1.8342671479513888,1.21753140625
2026-03-28,8908717.54986111,76268569.60927618,2.1955299064583333,1.80925996875,1.6914404935416667,1.1034369270833333
2026-03-29,9117874.131354166,77201514.57848425,2.064498060659722,1.5312674895833334,1.5829068765277778,1.4674494826388889
2026-03-30,9007230.65361111,78371575.34111656,1.9907168297222222,1.5465211597222224,1.5297187188194445,1.2806832118055556
2026-03-31,8966130.43486111,78117294.79812318,2.102167087326389,1.6351052569444444,1.6286358212499998,1.1544518750000001
2026-04-01,9203049.21392361,82434047.75866833,2.1505351339930554,1.6129935972222222,1.6481886195138888,1.1432915173611111
2026-04-02,9021025.636319444,77441668.42061855,2.4113382801388887,1.822112982638889,1.8404953888888889,1.0703298611111112
2026-04-03,8905323.381597223,77294738.16842549,2.2348942841319444,1.8672369583333333,1.7309802209375,1.4422635277777778
2026-04-04,9013832.525416667,78102629.94806187,2.2152361304513892,1.8196443472222223,1.7309164524999998,1.2798291666666666
2026-04-05,8982893.419479167,77250680.48868567,2.172528994479167,1.706067090277778,1.721844887326389,1.3947995208333335
2026-04-06,9420910.036319444,84613762.54411136,1.89871219625,1.5813963506944444,1.5387428336805555,1.2416565520833334
2026-04-07,9180987.597222222,80446201.35419002,2.6816909833333336,1.6195031111111111,2.1058203814583334,1.0705404479166667
2026-04-08,9409855.732118055,85900132.97708462,2.532989344861111,1.7562279756944443,1.9272372862500002,1.1188433472222221
2026-04-09,9178994.663229167,81170941.25114726,2.7456732153125,1.7854041770833335,2.1108800001736108,1.0765486909722222
2026-04-10,8900039.621215276,80232374.26457568,2.5296834664930556,1.690680861111111,1.9630693948263886,1.1850463923611112
2026-04-11,8925410.247430556,80882470.52286452,2.7546038108680557,1.714819236111111,2.131202418854167,1.1955783298611111
2026-04-12,8920086.020034723,78411039.69831243,2.7605220908680557,1.7105252743055557,2.0931068908333335,1.3266293715277777
2026-04-13,9107324.580381945,80545843.42938675,2.4082744080902776,1.6521252187500002,1.8659582435416668,1.2788895416666666
2026-04-14,9211993.66875,84247347.70034258,2.355114570486111,1.5486348020833334,1.785834482986111,1.2058965729166666
2026-04-15,9047270.580798611,82695355.0928765,2.6193842053819445,1.5187476666666668,2.0512898823958334,1.189847482638889
2026-04-16,9245575.212951388,86498585.41833653,2.635880404131944,1.5302685694444444,2.0761870301388887,1.1800272534722223
2026-04-17,9395324.761076389,89956993.40128951,2.646344496423611,1.6404770451388888,2.1317023431944446,1.2427836840277777
2026-04-18,9237759.467256945,87253871.90862234,2.630063634826389,1.8352822534722222,2.104418807118056,1.0869224375
2026-04-19,8979158.859131943,82516262.50695719,2.764966957777778,2.145023347222222,2.2103123152777777,1.1818173854166667
2026-04-20,8951974.112847222,82617970.3791414,2.7058406330555558,2.11673171875,2.1149221135069443,1.1771168784722221
2026-04-21,8830410.435138889,82596062.62431233,2.6850873538194446,2.035769597222222,2.078424304965278,1.0786656527777778
2026-04-22,9113932.939270834,86254244.93011126,2.4108480825694443,1.9947793541666665,1.9126230931250001,1.1917725833333332
2026-04-23,9080127.728784721,84007807.09637204,2.293941127673611,2.036670760416667,1.832133323402778,1.2234382743055556
2026-04-24,9151590.577534722,85445862.36508542,2.2295331852083335,2.050895565972222,1.7445723260069446,1.3957601840277778
2026-04-25,9101557.319201387,85330006.14137696,2.448827960243056,2.114996746527778,1.8572625557291669,1.3379256354166666
2026-04-26,9202144.533368057,86708077.80913669,2.508899716076389,2.1702677777777777,1.8955441249999998,1.5011958055555554
2026-04-27,9126094.303506944,85173689.81531474,2.5403021257638887,2.4052582569444443,1.9091399875347221,1.1987138090277778
2026-04-28,9204600.148472223,85085677.00200969,2.2727265892013886,2.3872912881944446,1.669928455763889,1.4380158541666668
2026-04-29,9315545.288958333,85822537.31926894,2.280714913125,2.421512798611111,1.6543426924652778,1.1952890243055556
2026-04-30,9470625.346944444,86317133.18879476,2.1953992804861113,2.518765090277778,1.6060123259374999,1.4049500000000001
2026-05-01,9475894.548541667,86799528.39550185,2.0560271280208333,2.6520165277777776,1.5410930241666667,1.3050168958333335
2026-05-02,9628782.575729167,87800950.62147748,1.9755039392708333,2.6366813194444445,1.4649802508680556,1.3295972916666665
2026-05-03,9649486.946666665,88139735.12344316,1.9690869268749998,2.4628723576388887,1.4476649090277778,1.3132415520833334
2026-05-04,9538648.11486111,89334465.74704629,1.878624230659722,2.1438862708333333,1.4406852232291667,1.2432424965277777
2026-05-05,9582954.15138889,92339865.39753191,2.0964088949305557,1.9581066944444443,1.6712432139583333,1.29506525
2026-05-06,9799471.337256946,97686782.67110702,2.248542948645833,2.0204423402777776,1.839670256909722,1.265716454861111
2026-05-07,9836488.324027779,97774071.12025099,2.329740345972222,2.2128335277777778,1.8763151504166666,1.2283231527777778
2026-05-08,10022351.3346875,100502240.48813969,2.315890311388889,2.246376913194444,1.9056743013194444,1.0957922916666667
2026-05-09,10167709.426805556,106117478.28595966,2.497102246736111,2.055203190972222,2.065618174340278,1.11300915625
2026-05-10,10101004.041909723,106328764.13887204,2.5414499215277777,2.2349551944444443,2.1401716282986114,1.14307784375
2026-05-11,10080782.6846875,106618449.03568165,2.5140650321527778,2.28485215625,2.079080552361111,1.0886869097222223
2026-05-12,10022554.957013888,103748215.77009125,2.425247513923611,2.392208690972222,1.9683892224305555,1.0602426111111112
2026-05-13,9995750.851736112,103517778.98068345,2.399205888263889,2.5406161631944446,1.995788482152778,1.1218593541666668
2026-05-14,10019350.0478125,104003514.65959676,2.2636103730902777,2.4760410381944444,1.9424432917361112,1.095635673611111
2026-05-15,10006252.970729167,102331416.03619564,2.4389027911458334,2.729233347222222,2.046654374618056,1.2044686180555555
2026-05-16,9775025.54777778,95895782.98022455,2.6196716058333336,2.5856676875,2.1227995838541664,1.2394557395833334
2026-05-17,9533831.7653125,92779956.17193791,2.380975624826389,2.4281538888888887,1.951087124513889,1.230929607638889
2026-05-18,9142519.295902777,86709878.27017017,2.326364773125,2.536953875,1.8363708685416666,1.2509171041666667
2026-05-19,9304578.685416667,89225591.64622028,2.3186221821180557,2.530313,1.8414836201041664,1.1942114895833333
2026-05-20,9104571.643472223,87156388.41101427,2.4084766425694446,2.459565267361111,1.9328919248611112,1.1967290347222221
2026-05-21,9275482.193472221,89853105.26432304,2.4649301080208335,2.8248827083333334,1.9270571169097224,1.1758698159722223
2026-05-22,9363314.603541667,91299076.55554329,2.5269108446527775,2.9221986319444446,1.9703063456249998,1.211168125
2026-05-23,9286588.142430555,86764427.28522605,2.4861578889930556,2.8152496180555553,1.8872001974652777,1.1472849027777778
2026-05-24,8803175.373993056,83678851.4758364,2.3136070994444444,2.9993053159722223,1.7485832566319446,1.1561487777777777
2026-05-25,8747127.470486112,83280424.54810649,2.199197648402778,2.8115391875,1.7030673217708334,1.318775888888889
2026-05-26,9099131.166319445,86121734.22116968,2.24399649875,2.619521100694444,1.7228526928124999,1.3837048506944445
2026-05-27,9220896.58,86235950.86471896,2.401815748298611,2.456698767361111,1.8414939155208334,1.0330660069444444
2026-05-28,9401147.54829861,84166691.71642883,2.481039361631945,2.104549142361111,1.8177354863541666,1.0617299583333333
2026-05-29,9211188.797291666,82820964.49190277,2.4981648747569443,1.8694732326388888,1.810947321076389,1.0400660138888889
2026-05-30,8999230.526979167,82650125.30963583,2.456411039236111,1.9309554687500001,1.8119502158333336,1.3211009409722223
2026-05-31,8968825.91548611,82226315.29823112,2.574881600486111,1.8163281215277776,1.9066127677083335,1.1680087465277778
2026-06-01,8842623.750104167,79858556.77475868,2.5871421523611113,1.8679498229166667,1.8815779166666668,1.089725173611111
2026-06-02,9124318.715972222,79828009.48511384,2.6357695817013886,1.9933958923611113,1.8686264875694445,1.0786895104166667
2026-06-03,9078108.110381944,76329358.46831627,2.5733383950694444,1.8773018576388887,1.869817832638889,1.1138051249999998
2026-06-04,8801492.566493057,70965506.36173423,2.5677444739930557,1.6721558715277778,1.8449135246527777,1.2319920590277778
2026-06-05,8470398.285243057,64070096.54736694,2.4656685136111114,1.473867826388889,1.7753392992708334,1.0246073402777778
2026-06-06,8394742.343784723,61561610.94729577,2.357500892743056,1.2800526527777778,1.7465433111458333,1.1261095208333334
2026-06-07,8401525.580416666,64469757.97604738,2.364653336736111,1.1703876631944443,1.7762479733333334,1.138735204861111
2026-06-08,8272783.768680556,65728337.296259455,2.4866678609374997,1.0986320069444444,1.8371655926736112,1.0619986840277778
2026-06-09,8132118.399965278,63978277.84545791,2.5590444546527777,1.329800875,1.8789945213194446,1.1615039097222222
2026-06-10,8146795.445069443,62714127.227427855,2.5164722864236113,1.3664656944444444,1.8740226063194443,0.981829295138889
2026-06-11,8166663.474791666,63670608.98176122,2.4914823381944444,1.474529892361111,1.8663998705555553,1.2448451840277779
2026-06-12,8175973.6094791675,64331034.7306391,2.6110436285763887,1.5081938645833333,1.9553326660416666,1.1277110833333335
2026-06-13,8145710.8160763895,64795423.4242641,2.604360561527778,1.5047605555555554,1.975821196111111,1.25393253125
2026-06-14,8156102.08829861,64582364.54391028,2.5232925570486113,1.3652709166666666,1.8995722837847222,1.2956850208333333
2026-06-15,8271558.934409723,68713129.63599397,2.435620991527778,1.3330343541666665,1.8854727702777778,1.12703396875
2026-06-16,8308826.251041668,68720681.18142895,2.5604121470833334,1.4186114027777779,2.0354003537152776,1.1393629479166667
2026-06-17,8329050.617847223,68437526.16079856,2.575946887673611,1.599655732638889,2.0481129671180556,1.0556255069444445
2026-06-18,8177639.494270833,65291468.12926933,2.352927355208333,1.7050622777777777,1.8487456343750002,1.1343569375
2026-06-19,7986487.984097223,63025275.45680899,2.3520329962152777,1.6392448715277779,1.8258457823611112,1.1200839548611112
2026-06-20,7836479.517152778,62124715.015565,2.3161327977777777,1.7087931180555556,1.811000532847222,1.2557265590277777
2026-06-21,7724703.861597221,61278025.06419061,2.368692263923611,1.8293113576388889,1.8651987082986112,1.1346428854166666
2026-06-22,7840132.020590277,62363497.40599065,2.240044711840278,1.8562206562499999,1.7484674020138888,1.1230265173611111
2026-06-23,7938228.9262500005,60857286.506201915,2.328788522013889,1.8767300416666666,1.7422832842361111,1.1779301493055554
2026-06-24,8235505.777430556,61747062.026282854,2.238842580902778,1.7706494375000001,1.639391786909722,1.1097988854166667
2026-06-25,8240277.322847222,60570650.86942478,2.239093990277778,1.868227298611111,1.6204629756944444,1.1045933472222222
2026-06-26,8212818.984062499,59515110.80878613,2.2207601615277777,2.0292199340277777,1.6108593547916668,1.1937113541666666
2026-06-27,8325734.01,61185819.23949,2.20036477,2.155222,1.61985544,0.793983
