date,oi,oi_value,toptrader_acc_ls,toptrader_pos_ls,global_acc_ls,taker_ls
2021-12-01,664867.0245833334,140672628.97317398,3.969403252564222,0.8806285140118056,4.761925418534542,1.0075383061270833
2021-12-02,674654.3700277777,138252949.73049024,5.190220612289246,0.8776047028149305,5.844503764675419,1.0104751067888889
2021-12-03,686525.8014861111,136831809.0717634,5.245040869758498,0.8679539243847222,6.075957416975792,1.001243656238889
2021-12-04,571617.2149298246,93273013.58468959,5.161023849860603,0.8151550309035087,5.8351700548546,0.970727345862807
2021-12-05,482463.1654409722,75872133.58817312,4.467015029218604,0.8844695372218749,4.919353263591444,1.0459872488586806
2021-12-06,493111.75246180553,74616515.13719156,4.363681205664075,0.8845562342114583,4.686074283261546,1.004943807520486
2021-12-07,524389.3563923611,84444724.56826214,3.657030635610484,0.8686205355079861,4.080614542031272,1.0776676913048613
2021-12-08,525114.9289826389,85545942.06263648,3.7882080812729395,0.8710660851708334,4.1749756432977065,1.064290557532639
2021-12-09,535249.6448055556,84692922.59084567,4.397514365659149,0.8481330261114584,4.823897863634446,1.0393781750333333
2021-12-10,553768.9567465278,84735075.53270495,4.429078687237971,0.8479379581666666,4.945657189271419,1.0486681159677085
2021-12-11,546846.4127361111,84450123.24237125,3.773761682093907,0.8662273033552084,4.206430023997421,1.0851205446666665
2021-12-12,532727.1068854167,83797890.61485137,3.3638801535865848,0.886604054109375,3.5758831134188807,1.0847750838951389
2021-12-13,539038.6238159722,81787882.28350477,4.2665459282063,0.8921726154173611,4.514268095754854,1.0186637783659722
2021-12-14,539915.4722638889,79624744.78658743,4.32706635891459,0.8851120450649306,4.761286733975873,1.0659757654885416
2021-12-15,541018.3183867596,80949610.81582253,4.05032535569699,0.8922404435714285,4.433894131411014,1.080864095514634
2021-12-16,518262.9784548611,79426548.72367145,3.6376958923108904,0.9058624128232639,3.811458384606946,1.1173588226180555
2021-12-17,533152.3116284723,78394057.96299352,4.399834457336968,0.8747052410979167,4.7183633063335035,1.0216624546746529
2021-12-18,528092.9056527778,77986677.89123413,3.868449541596134,0.8942172686652778,4.263633205437854,1.1042226202368055
2021-12-19,532804.590732639,81754400.83582345,2.8609350212844897,0.9243102849104167,3.0749859193241735,1.091533234690625
2021-12-20,498199.479125,75126304.82207298,3.895877120747926,0.9014337143427082,4.140773003689026,1.0526751124041667
2021-12-21,496060.84793402784,76106624.91960296,3.437874486498657,0.9542508155600695,3.718303645030422,1.1231930185493055
2021-12-22,512313.23246875004,80048055.73134257,3.210870171647216,0.9448068105805556,3.5050641752585983,1.0770840230854166
2021-12-23,507854.4503229166,80266374.89982101,2.9939842048520413,0.9288841104666665,3.2886822071653863,1.0544959527697917
2021-12-24,512585.49117073166,83812780.39961384,2.905729762282207,0.9361071484219512,3.189349368149573,1.0514498913442507
2021-12-25,520814.8068055556,84248434.79040934,3.054492987161831,0.9466495530812501,3.5623217305913446,1.112810639340625
2021-12-26,608947.7240138889,94730183.6390423,4.747111098605149,0.9070495264298611,5.63898482128826,0.9898356365784723
2021-12-27,633685.5738993055,99842820.71518323,4.6844661746384695,0.9165995099913194,5.60335551850771,0.9884387952725694
2021-12-28,599421.7324930555,89873568.84635927,5.474408282174564,0.8849145972805555,6.199897349778254,0.9989738306763889
2021-12-29,585083.735902439,86714354.58699045,5.21834902668762,0.8768954998655053,6.019057534346065,1.0862076596965158
2021-12-30,583141.875548611,85890339.92965665,5.44954294969843,0.8797301479742857,6.230637861686964,1.0353974403691428
2021-12-31,572267.8895156794,85007907.28458914,,,,
2022-01-01,546519.8694027779,81236219.47328608,,,,
2022-01-02,548004.3452638888,82347024.71848638,,,,
2022-01-03,554181.46534375,82816830.69342063,,,,
2022-01-04,563942.4278402778,83759853.80505285,,,,
2022-01-05,556018.6937881944,81375770.04498915,,,,
2022-01-06,553889.5150902778,75077439.96634473,,,,
2022-01-07,542542.5440416667,71920889.41690163,,,,
2022-01-08,546003.4246770834,71813605.27113135,,,,
2022-01-09,539050.8013402778,70283175.65472804,,,,
2022-01-10,538857.8916909723,68996437.36731763,,,,
2022-01-11,525686.6265173611,67959329.5715536,,,,
2022-01-12,523651.8402916667,70777381.1401188,,,,
2022-01-13,531690.7270972222,73600005.62849979,,,,
2022-01-14,573599.34578125,80976945.56304246,,,,
2022-01-15,607985.5945659722,89892606.85473531,,,,
2022-01-16,584937.3416875,85516909.53324321,,,,
2022-01-17,630914.4338020834,94131786.40254286,,,,
2022-01-18,652279.0369722223,93735454.5292235,,,,
2022-01-19,629872.8393472222,86378367.98424962,,,4.6918065104480915,
2022-01-20,630010.7656805556,87257844.29648061,,,4.1575094805869295,
2022-01-21,586174.4837256945,72118215.92250168,,,5.878547477675511,
2022-01-22,520644.0346840278,56624263.06350695,,,3.930075639227203,
2022-01-23,512902.4333229166,55677812.907786466,,,3.600307816096576,
2022-01-24,511850.8547534722,54117425.049129955,,,3.238192475388244,
2022-01-25,515330.7334201389,55486182.69795925,,,3.2029137516906108,
2022-01-26,516566.4405138889,56499917.31908382,,,3.240972929148676,
2022-01-27,496819.79561111116,52905946.39543589,,,3.3591869487151285,
2022-01-28,487768.06440624996,52342199.14772007,,,3.6523236173401563,
2022-01-29,483696.33156250004,53083918.38030422,,,3.273670567626242,
2022-01-30,485382.8692361111,53378870.97102186,3.2802274006597223,0.9548102630555556,3.3471190046875,1.0479947376041665
2022-01-31,601323.4587986111,64274659.04446922,,,3.8622128939492177,
2022-02-01,625430.8885833333,69787343.95783524,,,3.1827782524468144,
2022-02-02,637697.9335520833,71895709.94962329,,,3.3896825949381966,
2022-02-03,614875.6412013889,66443899.20691848,,,4.002282180255498,
2022-02-04,624680.8029375,71053763.55415826,,,2.930708166095328,
2022-02-05,627034.7798611111,76313797.66053614,,,2.1921068107269597,
2022-02-06,633154.407420139,78333259.82063216,,,2.149166807853215,
2022-02-07,629926.2288923612,82358899.76676273,,,1.9867107007323714,
2022-02-08,637345.941125,86464021.10188667,,,1.8823592978874342,
2022-02-09,635490.5450520833,87493717.37235416,,,1.8143813836579217,
2022-02-10,639798.9778090278,88584418.53895004,,,1.7981817131098399,
2022-02-11,592567.8628645833,77954354.65064608,,,2.3956212234625163,
2022-02-12,537970.7178472222,67108247.85827614,,,2.784203201496278,
2022-02-13,543306.0842604167,68552018.91698924,,,2.493057829969226,
2022-02-14,540356.6984236111,67028119.29458746,,,2.612104380250721,
2022-02-15,540058.0485868056,69801279.52816087,,,2.3108893842027767,
2022-02-16,534342.3980555555,68818283.58407676,,,2.415841499342564,
2022-02-17,534066.5974930556,65843331.391490735,,,3.034556866199234,
2022-02-18,562503.11921875,65951897.89782357,,,3.336447997779173,
2022-02-19,548091.4763506944,63322610.152598485,,,3.2251435598302125,
2022-02-20,549571.3906423611,61037773.13238672,,,3.440424762788847,
2022-02-21,550323.6321666667,60946350.250927895,,,3.5530866923232427,
2022-02-22,552308.4068506944,57551332.98003098,,,3.342834518963572,
2022-02-23,553403.3081041666,59942655.41814074,,,2.879519598427493,
2022-02-24,611507.6164548611,60203390.350485116,,,3.1542580078945996,
2022-02-25,599311.2467916667,63007293.59804579,,,2.7746203488699757,
2022-02-26,551102.2707986111,60640289.23579979,,,2.4875410138579057,
2022-02-27,545379.5897986111,57963131.09980675,,,2.752982508127739,
2022-02-28,532136.4022673611,56262457.281840004,,,2.9609869285795667,
2022-03-01,535706.7558402778,60262726.26086055,,,2.5008256502826436,
2022-03-02,558288.2768125,62286424.91545841,,,2.669085938202909,
2022-03-03,619984.6780798611,68674569.58228737,,,2.729506958865093,
2022-03-04,639210.0919826389,67606074.14972879,,,3.3232679604895115,
2022-03-05,659956.0966736111,67879666.2700709,,,3.6153873981293723,
2022-03-06,658700.2139895833,68097907.58937764,,,3.417341325313794,
2022-03-07,429347.43422916665,43026904.17432507,,,3.6956840659186483,
2022-03-08,603900.4104722221,60550005.60996743,,,3.19657932838659,
2022-03-09,630771.044375,67080252.36840338,,,2.702606375773471,
2022-03-10,615695.9105104166,63111954.55420426,,,3.305475369589079,
2022-03-11,633410.5190381944,65308140.67892023,,,3.0684418252449275,
2022-03-12,654328.38615625,69360544.58577645,,,2.5211848684263405,
2022-03-13,654956.6678541667,68989901.72918315,,,2.762555931639818,
2022-03-14,632576.7391666666,65484703.7791799,,,3.070721948307402,
2022-03-15,642645.6738194445,67658036.90995885,,,2.6092522271353658,
2022-03-16,626902.5155798611,67738209.53092451,,,2.3351539163031,
2022-03-17,620748.8270625001,68362720.00474906,,,2.0218794000502123,
2022-03-18,619733.6341562499,68251503.43887682,,,2.104683943894261,
2022-03-19,636390.8204999999,71838450.56803836,,,2.0044251559248774,
2022-03-20,636907.1781041666,73049899.45703714,,,1.8055759913456153,
2022-03-21,636144.0297465278,73212595.29528676,,,1.7823218099258433,
2022-03-22,657684.8108645832,79451816.03177923,,,1.5838998351953408,
2022-03-23,644738.7498125001,77842053.98314083,,,1.7555416762129281,
2022-03-24,639252.8909895833,78798549.26024678,,,1.7141737322023827,
2022-03-25,621962.9175833333,77904479.176883,,,1.6595825456912747,
2022-03-26,609361.6093784722,75545947.56867343,,,1.8107781308576802,
2022-03-27,607679.9859444444,76348914.10413082,,,1.75348849839627,
2022-03-28,609605.4109583334,79786144.57938081,,,1.5940554877887694,
2022-03-29,595726.6134895834,77212475.16078886,,,1.7643448224262053,
2022-03-30,577238.8171701389,75328790.83922896,,,1.8405285692747908,
2022-03-31,559306.4476388888,71537829.87695013,,,2.4524558762009443,
2022-04-01,524368.1247430556,64715937.343798295,,,2.613722287415728,
2022-04-02,518413.06025694445,65478300.08027538,,,2.458106919471019,
2022-04-03,512187.7607951389,64756455.97914246,,,2.306687689017341,
2022-04-04,520145.49309027777,65033149.95381304,,,2.3360165866681593,
2022-04-05,513169.78334374994,64191976.6028953,,,2.3191227716664673,
2022-04-06,534305.5385381945,62881071.265608735,,,2.7099807618037803,
2022-04-07,555620.8410069444,62920708.98166108,,,3.5277567133842545,
2022-04-08,564546.761232639,63983611.37173268,,,3.7289467758482866,
2022-04-09,565521.200267361,62989896.59009647,,,3.967835149344041,
2022-04-10,551686.9932152778,62083755.06405702,,,3.8576189474084757,
2022-04-11,561283.6615520833,59586399.732842065,,,4.265945737464401,
2022-04-12,567139.8704236111,58868048.78101475,,,4.651947270134246,
2022-04-13,576048.9024618056,61882704.38078226,,,3.87568081694409,
2022-04-14,566983.8715347223,61787491.36313905,,,3.4697453520907415,
2022-04-15,570424.6553680556,62931403.31542235,,,3.2832120115393533,
2022-04-16,572735.4465625001,64042121.32454565,,,2.950162740565376,
2022-04-17,591869.1810277778,66883081.28505039,,,2.6625570182973153,
2022-04-18,573516.8105347222,61966769.592958,,,3.856022233046485,
2022-04-19,558764.7536805556,62682910.57033271,,,3.0733595918180914,
2022-04-20,560159.8772152779,62988230.90505416,,,3.014302401916337,
2022-04-21,565074.3830381944,62842206.0484113,,,3.147490287108921,
2022-04-22,589571.5102013889,63136213.76254197,,,4.226420432107954,
2022-04-23,592588.4074548611,62945290.49180496,,,4.312749044652749,
2022-04-24,604848.3710729167,63487851.321552396,,,4.597194727555,
2022-04-25,633965.1402881944,64712556.99851482,,,4.596990467936852,
2022-04-26,598179.9894409722,61303736.90913284,,,4.359989305732208,
2022-04-27,604610.4356041667,60444890.80265253,,,5.110653496584574,
2022-04-28,574490.2832013889,58449566.572486274,,,4.332486859481657,
2022-04-29,555809.7277604167,56331009.44379067,,,3.8521723408534587,
2022-04-30,555042.7149513889,55621644.406345576,,,3.710165712043244,
2022-05-01,572011.1582951389,55606161.00861275,2.7308259587020647,0.9373682087,3.4445228281308746,
2022-05-02,572390.5047847222,57241132.89636348,,,2.800462080868113,
2022-05-03,566661.0426805555,56761227.407404885,,,2.711122017443249,
2022-05-04,550785.1821875,56391452.92937401,,,2.656608220998888,
2022-05-05,547281.0950625,56006523.56024608,,,2.870326714267611,
2022-05-06,525042.1432604167,50552767.16237065,,,3.8953625913244085,
2022-05-07,522748.3069444445,50161034.29627344,,,3.7060043601220993,
2022-05-08,512824.02902777784,48126583.33559403,,,3.8131684831317094,
2022-05-09,514387.2885173611,44817193.565288424,,,3.5137378979915264,1.0272895011013274
2022-05-10,465269.2517361111,37452563.10200915,,,3.1012807372668707,1.0504849109240741
2022-05-11,443874.7666423611,33488350.458171897,,,3.0315096974848714,1.0210533643080952
2022-05-12,434664.723625,27348535.69491265,,,2.6260379907488427,1.0440506505736111
2022-05-13,410413.95596180554,28432764.49183162,,,2.2981529805439536,1.0720819096684027
2022-05-14,392048.00700694445,26383607.00447869,,,2.132578040626023,1.0702618897052085
2022-05-15,405662.37978125,27783988.742810722,,,2.1630667702720383,1.1384077644781252
2022-05-16,442928.39927777776,29869409.738013268,,,2.161791322260028,1.0723217608100695
2022-05-17,466544.6979097222,33116837.207522385,,,1.6495704923010894,1.2039084997965277
2022-05-18,487154.1171979166,34176022.1024345,,,1.7023910238483397,1.104026345604514
2022-05-19,541475.0561840278,37346650.06920894,,,1.7530515813990977,1.0940850215565971
2022-05-20,554434.887125,38651582.47591638,,,1.8019906876736829,1.0519783062881944
2022-05-21,505461.3867395834,35125126.81825277,,,1.8276497209304727,1.082201854046528
2022-05-22,506571.23790624994,35924369.1527153,,,1.692626822140205,1.2297799454156249
2022-05-23,520157.06920486107,37282045.06644623,,,1.5995428909219476,1.0855181431052083
2022-05-24,526943.374673611,36601859.484212674,,,1.8871482943337041,1.1165658487190973
2022-05-25,507877.18592013884,35192007.38493271,,,1.907250890811104,1.0661673738409723
2022-05-26,534900.7694236111,34842595.88265571,,,2.4239648899059163,1.1116167220767361
2022-05-27,535296.9356354167,33439854.8775603,2.667736129631365,0.9818013582604167,2.613678027319624,1.0805849428559027
2022-05-28,532693.9313402778,33434550.89622514,2.448424964737868,0.9944280871944444,2.4375321545682507,1.107258916219929
2022-05-29,544507.0135520833,34338140.934816234,2.511888881093335,0.9757124306104168,2.4728145354505964,1.1542400911090278
2022-05-30,507482.75338541664,33715923.22537481,2.352233593701436,0.9928160650993055,2.3339752123204587,1.1062929266069446
2022-05-31,488978.2581284722,33522364.35568812,2.061262038770438,0.9594551333434028,2.073198192027513,1.134462570695486
2022-06-01,483184.9794270833,32256961.12279835,2.2449602228137464,1.0102145471059027,2.2050000386501916,1.0738251990555556
2022-06-02,503923.9819270833,31927688.972473986,2.457523432053832,0.9604750676802083,2.5801061725118415,1.0759199234302084
2022-06-03,527345.7269652778,33203958.33166482,2.606999143380455,0.9454125786496527,2.7089366194223303,1.0831167412840277
2022-06-04,566080.6911736111,35540576.85602855,2.53376367607824,0.9082991678836806,2.612112488522772,1.219264593823611
2022-06-05,559245.4390659722,35189577.95896904,2.5557554844567196,0.9115312932024305,2.601919210644567,1.1724174465319444
2022-06-06,533504.5878194445,34696629.028183885,2.3524386769743266,0.9131611768194444,2.3680589698747117,1.1194912119579863
2022-06-07,573730.3905520834,35678997.18141475,2.646039964884156,0.8682226596447917,2.740724513333573,1.13942754758125
2022-06-08,598776.4782152778,37387466.77202064,2.456210451051559,0.8926728030947917,2.429343691010855,1.0962533651989583
2022-06-09,644317.6512395834,39411112.742228106,2.6020758155530794,0.8583477131041666,2.717147807157364,1.0936033816895834
2022-06-10,706401.2014652777,41311572.832995,2.7138053101912556,0.8334363566364583,2.804421180764759,1.1699019102927084
2022-06-11,665994.5353819444,36720096.0518655,2.674046197550945,0.8196567481256944,2.751013977960215,1.0682537389166666
2022-06-12,655786.5598819444,32915286.003266912,2.422110353390878,0.8276037995052083,2.4310995780977325,1.090458123336111
2022-06-13,712579.4384444444,31231690.438202314,2.255980394518231,0.8189474942920139,2.154937341741183,1.0598986802659722
2022-06-14,647481.2965138889,28719906.69235085,2.041851478482533,0.7792025326038194,1.9679791171055163,1.0909558534340278
2022-06-15,629303.2825277778,28449817.963375635,1.9732364496365282,0.766334039878125,1.862366195617497,1.0807869058534723
2022-06-16,573851.3795486111,26953735.686922345,2.0431449680759552,0.8422623605291667,1.87411209678283,1.0635527274496528
2022-06-17,621877.754392361,28949626.3577611,1.873715175910779,0.860205570021875,1.9212788617370853,1.1084442873822917
2022-06-18,587637.7858958333,26810523.878078386,1.8233505454688042,0.8729405512364584,1.7686573356947481,1.1208234027489583
2022-06-19,643797.1660277777,32297582.053602066,1.3941256207460546,0.9499475453204861,1.3127328283296422,1.1058060600434028
2022-06-20,666363.0265625,34977257.65802017,1.3519465688924026,1.0325572783204862,1.2272554609056843,1.1261584026989582
2022-06-21,569390.3383923611,30398962.660154045,1.5233678865007338,0.9698179770715277,1.537982192150751,1.0291885547524307
2022-06-22,524193.75909722224,27187203.231309205,1.5517761607351854,0.9864974714927084,1.5231638463688355,1.1046376347052085
2022-06-23,578162.9349340278,31684557.955189407,1.4132669767959685,1.0315370026461805,1.3039103487651245,1.1164684374996527
2022-06-24,569069.834295139,31758239.681431487,1.5829529082012175,1.0641554336217616,1.4939607438234497,1.0986608336333332
2022-06-25,569237.2257291666,32419455.97941378,,,1.4128991208155701,1.1061242928451387
2022-06-26,584660.8230173611,34299595.02172829,,,1.3588054836697225,1.1025138445541667
2022-06-27,543264.9959340277,30948736.2017352,1.4620127420915638,1.08253011765,1.4856340378826423,1.0918516579718751
2022-06-28,527262.2902465278,28928269.068786908,,,1.4423421819558713,1.1320866102100693
2022-06-29,524018.4732847222,27656174.175993,,,1.563081462530104,1.147658313714236
2022-06-30,531622.36028125,27498583.56381894,,,1.4556067322099926,1.100451149245139
2022-07-01,503436.7216458333,26133412.27265407,,,1.737058398117255,1.0986751855166665
2022-07-02,536826.2429166667,27173406.52799985,,,1.7336744249742955,1.15622567156875
2022-07-03,547992.8535833333,27483256.185203366,,,1.7615825092851307,1.1085261324402778
2022-07-04,513844.08218749997,26108907.37137024,,,1.7707034382899298,1.2333990088458333
2022-07-05,551977.2906388888,27741094.513603523,,,1.9572685908751888,1.0722306017458334
2022-07-06,583832.8601423611,29174416.29998194,,,1.8373210987065913,1.0815479784465278
2022-07-07,601766.3498506944,30496954.062004123,,,1.8223479969577383,1.2174646643211806
2022-07-08,567903.8316770834,29672757.481655646,,,1.7764551242281068,1.06190011968125
2022-07-09,585088.3101631944,30686963.824130066,,,1.7992477922276413,1.149611429236111
2022-07-10,635213.4035694444,33897932.74900505,,,1.4695713940013315,1.1196640624232639
2022-07-11,578054.0848993056,29335925.844207797,,,2.0179175448576476,1.1385561068524306
2022-07-12,609684.8333784722,29472667.171372335,,,2.1104627763473833,1.064096397923264
2022-07-13,606136.8383923611,29207397.413263246,,,2.069016316705264,1.1495052271371526
2022-07-14,555888.5907777777,27521697.007626913,,,1.8458941903965114,1.1757318332645834
2022-07-15,525052.4911875001,27017797.782240123,,,1.5345113478600476,1.1036459416756945
2022-07-16,546867.042125,28745627.1060311,,,1.3374540271413484,1.2486420184899307
2022-07-17,593361.7154722222,32929819.560119808,,,1.2366352236635947,1.107361139271875
2022-07-18,604557.2942152778,34776518.066645816,,,1.2907698104298735,1.1217617266569446
2022-07-19,563673.1199340278,32399681.274125814,,,1.5662369045646072,1.0342221845236113
2022-07-20,594334.6874305555,34839824.92416379,,,1.5698469973106375,1.0574669476229166
2022-07-21,563996.3996145832,32047730.534394637,,,1.5304233742282751,1.1190291933524306
2022-07-22,523409.4154305555,30192604.798918374,,,1.5978242402110188,1.105541668670139
2022-07-23,501013.8838020833,28031872.982366346,,,1.720596184118875,1.078039334928472
2022-07-24,536135.8125347222,31140106.201508682,,,1.383440818685974,1.1223316267357637
2022-07-25,534956.0860243056,30112115.911441088,,,1.648253770981376,1.1617769418215278
2022-07-26,533407.5042291667,28278937.09326884,,,1.913380346946029,1.140200019553125
2022-07-27,530062.1803298611,29045579.767572433,,,1.7814353928563316,1.0898348850125
2022-07-28,545824.8148993056,33188696.365494534,,,1.44487775896966,1.0797347981194445
2022-07-29,514285.19729166664,31931328.598080084,,,1.560209450362648,1.0461719198836805
2022-07-30,493429.0972881944,30559152.11871487,,,1.7094987877798413,1.0687514285718749
2022-07-31,479596.12588888896,29398202.760542117,,,1.8030721568152757,1.065703979563889
2022-08-01,485244.6630034722,28830967.94876059,,,1.837918089044745,1.0917223503138889
2022-08-02,498175.2339618056,28915750.76849945,,,2.0472261297274965,1.0348705561604166
2022-08-03,492529.10164236114,28865530.989843104,,,1.9993622035404914,1.075318121067361
2022-08-04,484858.95188888884,28584943.880283535,,,1.987902688969269,1.0851883617791667
2022-08-05,488025.80577083334,29915071.60439699,,,1.6363917066760434,1.1209771396489583
2022-08-06,482766.3426875,29680120.565944955,,,1.735327184903368,1.1022004553739582
2022-08-07,489047.88669444446,29851424.356898326,,,1.927846629028529,1.1522557333833334
2022-08-08,528955.5196493056,33107848.97813969,,,1.757946333754606,1.1385521289982639
2022-08-09,517087.7403298611,31350438.71836118,,,2.279199153969778,1.1066372368593749
2022-08-10,482922.44303472224,28989294.75792601,,,2.3254268133213882,1.0869124677263888
2022-08-11,521098.4354791667,32439888.131938405,,,1.775319064467023,1.1174283670784722
2022-08-12,524946.5661805556,32421034.542840905,,,1.9532413279741745,1.119788261334722
2022-08-13,573486.1083645833,36649220.2452018,,,1.6351880048421579,1.1218594309006944
2022-08-14,564163.7032743056,36287671.08854747,,,1.737863790479171,1.0686871693222222
2022-08-15,517686.9383125,32091570.173664026,,,2.4702169552821207,1.0195924588187502
2022-08-16,507479.21834374993,30909843.623550918,,,2.8258980529019584,1.0528292800486112
2022-08-17,539183.96184375,33281846.41332739,,,2.3022388139365955,1.0322612090371528
2022-08-18,550982.0545694444,33531651.155659597,,,2.3513525904661017,1.0358571933135416
2022-08-19,582737.6290694444,32664117.65098422,,,2.4320013370178923,1.062311842809375
2022-08-20,585178.0766979166,31959406.654836595,,,2.418885913864168,1.1116198860260418
2022-08-21,556685.8306597222,30496730.46052736,,,2.336668815510474,1.1949105183315973
2022-08-22,573898.5501076388,31701723.290172115,,,2.0598631345016525,1.0936972439909722
2022-08-23,541008.0422291667,30524196.264811482,,,1.9345890889729505,1.0332021991395832
2022-08-24,515814.58788194443,29155345.49175827,,,1.9951393905693786,1.0731291234447917
2022-08-25,523012.9633368056,29656304.10087586,,,2.117450343049652,1.0731485101260416
2022-08-26,528876.7753680556,29240134.267362613,,,2.176805495034242,1.0648607472225695
2022-08-27,532756.5136215278,28045762.949935753,,,2.172303355331333,1.1349464381635417
2022-08-28,609333.3877604167,32858693.8810887,,,1.783355192365841,1.144244294490625
2022-08-29,653067.9965243055,35813902.44209675,,,1.5187277455438024,1.109642883142014
2022-08-30,600419.4099409722,32681607.20627152,,,1.8915948805168874,1.0106770101333333
2022-08-31,556195.6608611111,30155681.44638063,,,1.8823073586851256,1.0288082378055554
2022-09-01,621673.5981666666,34607654.41549529,,,1.573016926736582,1.0905604819204862
2022-09-02,827688.6782152778,48944841.738308325,,,0.9812684782637007,1.159672988639236
2022-09-03,1053832.9460868055,63999136.46640183,0.8412087574476879,1.062397124575,0.765254408242249,1.0939100945263889
2022-09-04,1003103.8456909723,59821159.454556994,,,1.1769968991536062,1.0510766212815972
2022-09-05,984431.6186319445,59199578.69288052,,,1.2963780363336996,1.1313791897958334
2022-09-06,892445.5827361111,52404510.56320071,,,1.5728936514480185,1.016724533748264
2022-09-07,784078.6622743056,43073860.997576,,,2.1996448352761555,1.053339985438889
2022-09-08,761355.2485590278,43559618.63487564,,,1.5889860948197005,1.1396137262538195
2022-09-09,809669.9560555556,48911823.278178245,,,1.1505555982900697,1.162773069175347
2022-09-10,875458.8553923611,54774222.73129903,,,1.0182409485884258,1.1290429195961806
2022-09-11,876825.3470416667,55157428.89658563,,,1.118377408277195,1.0958037583493057
2022-09-12,827761.8477708333,50877772.39317978,,,1.4150878523165202,1.095823366013889
2022-09-13,874924.4899131944,54035855.11132839,,,1.3785489801679263,1.060644901407639
2022-09-14,822010.5972118056,49039038.98669371,,,1.7234172597217978,1.0724616699319443
2022-09-15,760041.13034375,44537504.34247766,,,1.9932222243237032,1.0114601540920138
2022-09-16,739600.2094131944,41179154.6963673,,,2.5543447803622987,1.0612288287854166
2022-09-17,742947.5613888889,42330110.26314935,,,2.3480587150987318,1.1110469629663193
2022-09-18,710871.6370868055,40065217.91759539,,,2.397493926130004,1.092087869392361
2022-09-19,761212.9100486111,39375318.83853734,,,2.742729819965278,1.095926037361111
2022-09-20,772636.0766041667,40215455.42646245,,,2.5741085266666666,1.1494664006597222
2022-09-21,754722.4964375,39635178.6110023,,,2.2490061935416668,1.0771742366319446
2022-09-22,742189.3770520833,39046592.967859715,,,2.294029659215374,1.1040893361204862
2022-09-23,724552.4802916667,38669244.667518616,,,2.1376815682281496,1.0407651314048612
2022-09-24,695465.1388611111,38151571.77685007,,,1.6025791018881157,1.1130534916496526
2022-09-25,635131.6508472222,34134707.76266662,,,1.9809625017280723,1.1538465124145834
2022-09-26,684931.6375069445,36257861.29666188,,,2.366726971419827,1.0541940733625
2022-09-27,723347.1560625001,39062571.31559404,,,1.999201041954849,1.1342686473711805
2022-09-28,731974.8864166667,38550468.39890007,,,2.4539133651226592,1.0627838871704862
2022-09-29,724664.67771875,38692512.18073891,,,2.052786931046319,1.0875139226940973
2022-09-30,717522.1795208333,38593227.92681549,,,1.859748508444805,1.0671127846003472
2022-10-01,722739.2722569444,38474134.01716868,,,2.1458577095719953,1.2590553108975695
2022-10-02,728668.9264201388,38424096.952326395,,,2.5442651042927076,1.10475062446875
2022-10-03,734484.1790104167,38939907.973975845,,,2.3700496448623856,1.1002381028635417
2022-10-04,812886.4810381945,44431875.48130794,,,1.4609915807498037,1.1768251114600696
2022-10-05,805201.3815486111,43826290.5335086,,,1.5087635635412697,1.1060111893576388
2022-10-06,786024.1956423611,42692617.05357513,,,1.6759331867972882,1.0862840499506943
2022-10-07,799818.2233472222,42466544.671452545,,,2.535386701879408,1.0819085327010418
2022-10-08,818054.3888090277,43457811.11257999,,,2.7714983500040953,1.2424569487250001
2022-10-09,821752.9719513889,43854803.16108954,,,2.442314955615021,1.213204769111111
2022-10-10,802095.3891666667,42894473.5815028,,,2.3068468886473887,1.1175605387274306
2022-10-11,864648.3387222221,44877253.84725008,,,2.8570798419132504,1.0497480731430555
2022-10-12,870934.8041319444,45499242.87480008,,,2.425853425578147,1.206650066507986
2022-10-13,874810.9043055555,44586744.93678925,,,2.5315569341287762,1.0208353832027777
2022-10-14,845278.6285972223,43681277.42061837,,,2.163191166004074,1.0541294896993056
2022-10-15,848374.3492395834,43422985.35352848,,,2.2128844691780207,1.3985795346881944
2022-10-16,874137.3741666666,44491387.60692411,,,2.4615929686291986,1.26908137133125
2022-10-17,859756.9720277778,44301232.635132164,,,2.235476523519582,1.1485058573524305
2022-10-18,820697.6777743056,42391695.43909567,,,2.1397425855503016,1.0367234729059027
2022-10-19,824639.8116388889,42391013.69896415,,,2.120069377251683,1.212725130448611
2022-10-20,841378.7830104167,43187469.69004272,,,2.115542208616483,1.1296673073666668
2022-10-21,867019.4294861112,44253945.53787469,,,2.298443400502023,1.2904820767107639
2022-10-22,894486.6341840278,46442717.216759436,,,1.7508874129900251,1.3721120910680555
2022-10-23,932170.1146458334,48890768.1458504,,,1.5442802555885065,1.2581497359159721
2022-10-24,911669.1800902778,48294085.493135236,,,1.4021259668835686,1.1081706714253472
2022-10-25,903352.9545625,48482526.85376833,,,1.4449664993844693,1.1951664882093749
2022-10-26,926874.7985486111,52301497.56588866,,,0.9630186048332923,1.1158519353420138
2022-10-27,914996.4150104166,51047560.9492012,,,1.1320311913846879,1.047002249195486
2022-10-28,846242.1982743056,46215030.68951169,,,1.5423561926648293,1.1996687327059028
2022-10-29,839534.8287152777,46849680.54641786,,,1.5351710321982737,1.117368187770139
2022-10-30,829716.3023819444,46476312.75874133,,,1.4375749219219807,1.0747171799274304
2022-10-31,804924.6567256944,44281185.92470023,,,1.6811223246682074,1.07889440455
2022-11-01,813480.3950902778,44863918.122975394,,,1.6753736939758066,1.220868800632986
2022-11-02,992612.0443680555,58133508.73893351,,,1.102677223042481,1.1254004353826388
2022-11-03,1076336.4355381944,66815746.94270252,,,0.8103037123283714,1.058493503929861
2022-11-04,1050462.0299409723,69141988.11656724,,,0.8215450131100691,1.1128373725357639
2022-11-05,1095378.7177222222,75848744.7714603,,,0.8054145193003346,1.0534730781034722
2022-11-06,1124230.7783715278,77908812.43616666,,,0.8017848838749442,1.1016922908090276
2022-11-07,1211528.7077986111,84674259.73161645,,,0.7667265601939853,1.069688418207639
2022-11-08,933273.0471944445,59578884.44971971,,,1.326005354449128,0.9948887597371527
2022-11-09,747058.2262569445,41604719.35136366,,,1.955177888994267,0.9918625427635417
2022-11-10,760050.1353715278,42405650.31731332,,,1.641829439238607,1.0494900560416667
2022-11-11,750780.3424687501,46077887.14338855,,,1.335221564713041,1.0379632245118056
2022-11-12,757341.217875,45452605.308606505,,,1.4400799545055232,1.160075196440625
2022-11-13,734287.9166631945,42769675.2606002,,,1.571407791049241,1.092465123526389
2022-11-14,730888.0531493056,41327865.932240106,,,1.9184114900675,1.0593118264465278
2022-11-15,769288.8840555556,44752135.98412314,,,1.7099764583060866,1.0848344753118055
2022-11-16,791005.9347916667,45955462.45877852,,,1.7915769986336056,1.0665130147475694
2022-11-17,857442.7475034721,50989194.41816518,,,1.2729866488173525,1.0385413546697917
2022-11-18,1134105.6403090276,71014946.90511483,,,0.6712604254713831,1.1242428282576389
2022-11-19,1245882.3682708333,78504767.56028987,,,0.676778602688235,1.1677889722604167
2022-11-20,1219305.3953611113,76306124.4803425,,,0.7896634837399563,1.1388670514317074
2022-11-21,1193308.30946875,72860583.3909913,,,0.9664483384591238,1.0582406239996527
2022-11-22,1566350.9933854165,103596696.58392245,,,0.708098993800177,1.1283070156125001
2022-11-23,2147642.4314166666,167241445.5154846,,,0.44298107307023743,1.0899175313916667
2022-11-24,2051031.1597291667,159282716.28791693,,,0.5273675828669804,1.0611454670211806
2022-11-25,1968165.181027778,149157411.21222594,,,0.6020015726258676,1.0257560041809028
2022-11-26,1937238.4671354166,148710026.53538495,,,0.749373113238646,1.0441520317510418
2022-11-27,1884890.7068437499,144750038.0275073,,,0.7958364656190917,1.0464509852017363
2022-11-28,1859754.1110138888,135089427.4786452,,,0.9651137167663126,1.0158155676885416
2022-11-29,1942673.8297673613,148041318.44576186,,,0.8050156931987731,1.0174704469493057
2022-11-30,1883542.2994791667,147188190.91334462,,,0.822977509041922,1.0428982921569443
2022-12-01,1816214.0462604167,140546599.02381557,,,0.8123476541431969,1.0300066996458335
2022-12-02,1798600.448763889,137847635.53780568,,,0.8792318597975964,1.0299070423253474
2022-12-03,1782473.9893402779,136603441.82672605,,,0.9304684758201758,1.1096490067774305
2022-12-04,1790929.1276944445,137053500.20125353,,,0.9171938888158496,1.0899462935684028
2022-12-05,2129138.1364444443,173146387.07460487,,,0.6117088199371842,1.1233507555347222
2022-12-06,1997055.9139756944,159142768.6737821,,,0.7628436567365395,1.0729384399288195
2022-12-07,1863489.939152778,144608561.7308584,,,0.9705213485979143,0.9969806341878472
2022-12-08,1855092.6459201388,141226055.50353515,,,0.9341020199678761,1.0992178450927084
2022-12-09,1899134.2082986112,146839214.46170047,,,0.8238511389204263,1.0973140054423611
2022-12-10,1850992.940315972,141496468.43254048,,,0.9437531699194898,1.1698156604916667
2022-12-11,1908927.3783159724,147568512.1250129,,,0.8774168166115894,1.1222689813145834
2022-12-12,1828064.0556909721,137099204.3853791,,,1.0574164589006971,1.076904797915625
2022-12-13,1783742.1352256944,137145652.79921633,,,0.8699764335898935,1.079622859232639
2022-12-14,1787688.71153125,138674094.06040412,0.930494861875841,1.2752747489475247,0.9031490708208997,1.1170025678263888
2022-12-15,1841863.140121528,136345982.91266015,1.1866150836299512,1.2729626896097224,1.3524760596713086,1.0129975382486112
2022-12-16,1770151.1729583333,123978096.94553147,1.6969138682443234,1.272148401434375,1.84124306024785,1.0539762542638889
2022-12-17,1624198.8718159723,105033290.10228394,1.7865652801767093,1.268727035217361,1.846877729441612,1.1601933720791666
2022-12-18,1621344.080736111,104273863.31421235,1.8735863163114577,1.1722173426847222,1.9720763605698646,1.1553480886236112
2022-12-19,1576312.5210624998,99515403.03832874,2.157232121462447,1.2104116062701389,2.2373749093052973,1.1036605750628472
2022-12-20,1631170.5536319443,105991909.89717342,1.736944535876441,1.1392376236225694,1.789203314287955,1.0662296006583334
2022-12-21,1596178.1707916667,104480421.4977351,1.6493594968359582,1.1303377799802083,1.6584704323470492,1.0802952434302082
2022-12-22,1563764.1231875,102544400.33405823,1.6183654398319733,1.101050698986111,1.6239580808070941,1.0603908102774304
2022-12-23,1505930.2393472223,99121698.4287357,1.6349144862415348,1.0919833236565972,1.6060343146830405,1.1936056060725695
2022-12-24,1521259.8305555554,99778281.7861913,1.571224231640051,1.0785191028680556,1.5785560371007479,1.2277068139604166
2022-12-25,1564177.3039479167,103610460.8509885,1.4834151528928545,1.0693419127600694,1.471294647491137,1.3080909345979166
2022-12-26,1960531.5026770835,136667858.23823005,0.8534850839781956,1.0600260649822917,0.8222456315309187,1.1306370381930555
2022-12-27,1927690.2849756943,134403103.0402386,0.8326791068861844,1.0529087218711806,0.8006213352684687,1.0728564266565972
2022-12-28,1582435.876795139,106901863.96247675,1.1875116501507375,1.0562837046475695,1.2228347497595655,1.089962257363889
2022-12-29,1520893.2538090278,101086583.08299893,1.407577022648709,1.0582653959645834,1.5627214530299978,1.1560844735107638
2022-12-30,1598674.8624722222,107326261.18359102,1.2988227963535328,1.0575759481454863,1.4328261679692076,1.1028248868920139
2022-12-31,1784879.3084756946,123276804.2503233,1.0108043605526202,1.0500960160756945,1.057622057681077,1.169498340301736
2023-01-01,1984801.5252395836,139181820.69914365,0.8156736858024787,1.0489524133881944,0.8167496798877409,1.1261008351538195
2023-01-02,1970413.019045139,145045626.7464393,0.6998673459574133,1.050908830245486,0.7373522098102856,1.1446224690149307
2023-01-03,1960335.5396770835,147648103.1871247,0.6561555260800251,1.0318901497760418,0.690567366431996,1.0773920460104167
2023-01-04,1925797.1807534723,146481079.43533775,0.6234326349558953,1.0442647447215279,0.6607211259234803,1.104618224420486
2023-01-05,1883159.7961493055,141084838.38282412,0.6533412972217785,1.0825116430420139,0.7015734190012652,1.1172570242961806
2023-01-06,1815704.317486111,135363012.14343363,0.7124141493619625,1.0865781380263888,0.7743984861746285,1.0534888477083333
2023-01-07,1850368.3972256945,140715452.9053706,0.7104029288913192,1.0771922069784723,0.7302933525573909,1.1230610246215278
2023-01-08,1844600.08740625,140184720.88978398,0.7099922525169602,1.0877002314697917,0.7351772098864322,1.1669635818357638
2023-01-09,1720555.1637430554,140986004.9207387,0.5969882951928674,1.1606401839586806,0.6405913285233551,1.069531276132639
2023-01-10,1704174.6886111111,138270830.053305,0.5992554394834055,1.1876897665395834,0.6419648419035975,1.0467580557440972
2023-01-11,1762834.0706909723,144192976.65290582,0.5970025887193943,1.2050939688267361,0.6374224752762682,1.0612088369673611
2023-01-12,1714798.1147465277,144699610.74494827,0.5882468476263905,1.2509516723222223,0.6131168407704419,1.0467693811631944
2023-01-13,1688206.6901354166,143296300.2471622,0.6465203304472689,1.2886504522114584,0.6762682073586885,1.0655527146055557
2023-01-14,1433543.884607639,126693113.22842799,0.8345433758234174,1.2982910418809028,0.9134651901327633,1.0322513745708333
2023-01-15,1374245.2267118054,120084941.7976891,0.8824261828221426,1.329589912825,0.9301658458903184,1.0538383925416666
2023-01-16,1324443.6709236111,114991184.98454326,0.9075538986401772,1.3485280950270833,0.9954401191503786,1.0294129831552083
2023-01-17,1311839.2649791667,113593574.87342548,0.9189368324978003,1.3405982766902778,0.9929479157967989,1.0492942090395834
2023-01-18,1301852.4193541666,112092815.93007152,0.9102929149755603,1.3537237108038194,0.9746968737268331,1.0225428445940972
2023-01-19,1327567.4467743055,110693884.05121319,0.8866543543496108,1.3461487061024304,1.001141025021943,1.0891532422899306
2023-01-20,1328262.612704861,113458681.2753383,0.8630226362799996,1.4089717841159723,0.8984541046801537,1.1917303672857638
2023-01-21,1332801.1187256945,119706010.67051037,0.9004795746274361,1.447695186301736,0.852385399747731,1.0246294304243055
2023-01-22,1335751.2386875,118318554.35237502,0.9794921164546406,1.4389839707159722,0.9949504605110057,1.0495742384868056
2023-01-23,1354820.4184097222,121264370.76786529,0.9795022512117827,1.4239115499444446,1.0182192787434383,1.1397534605893993
2023-01-24,1352919.6673055557,121579696.15803224,1.0309269653708457,1.4197760514444444,1.0802163431763745,1.0070378652440972
2023-01-25,1321464.1170868056,116097451.35630196,1.0377285472028481,1.406154254223264,1.1054744128314793,1.0669830872718749
2023-01-26,1315532.73034375,116536001.38276854,1.134441269031534,1.4633989455371528,1.198715061095404,1.0323844146274306
2023-01-27,1334095.1718298611,116969223.37997302,1.1940998629392037,1.47079266135,1.3318833208950345,1.1081028195371527
2023-01-28,1323617.1750729168,117090399.72053851,1.1281248113816307,1.473648803920486,1.2135922707313411,1.0434328160479167
2023-01-29,1625324.5366388888,154957481.94536835,0.788053180083417,1.387766228034375,0.7473305595656333,1.0622412580010416
2023-01-30,1418050.3741979166,131897021.52704597,1.0888717362303377,1.4218138024614584,1.1200443511057157,1.0506391571177085
2023-01-31,1352561.3639583334,127369181.80765851,0.9462677962916209,1.3724801812270835,0.9892289375243067,1.052445520817014
2023-02-01,1416881.8288854165,136641820.3272673,0.8120674303301441,1.3298504550857144,0.7800539783621538,1.049802328851389
2023-02-02,1423469.8512118056,142776276.85405734,0.8989889722121648,1.3762062333649305,0.8057883314207105,1.011281571479861
2023-02-03,1343886.9879652776,133232269.81276992,1.0220121803730562,1.3867644608510417,0.9988178833516628,1.0693479188097221
2023-02-04,1306047.961607639,129721556.02031943,1.0932242135061283,1.3804365639822918,1.0772294365093265,1.099854963040625
2023-02-05,1294491.0871631943,126153517.87968707,1.2415147278562555,1.3729371705614584,1.306739026994082,1.0737359188447917
2023-02-06,1296120.4574166667,125186990.71970099,1.274731454027805,1.3892083060017362,1.417178294186572,1.078176892882639
2023-02-07,1331168.6121510204,131962778.07722093,1.00292680196268,1.4299778642244898,1.0517249902952357,1.0468078809134693
2023-02-08,1344352.0600104167,134806958.67150036,0.980592819196462,1.4251332112125,0.9223868688232653,1.0692905933701389
2023-02-09,1251464.4629027778,120056359.28154418,1.288893609110035,1.410140000403125,1.3467370851118763,1.0266124885204861
2023-02-10,1122022.6179652778,103796546.69186483,1.388813882257503,1.3345779047659723,1.575951685598205,1.0464066140100696
2023-02-11,1282233.9168993055,120244266.0848625,1.2608667982001804,1.3325117789736112,1.3494063501573481,1.0423994500788194
2023-02-12,1281051.0957083334,119746872.50803804,1.315904478549247,1.3419079594163195,1.383058835594644,1.0915034909239583
2023-02-13,1265218.8916770832,115500765.17569947,1.3039098261138067,1.3409735909076388,1.4412848139613514,1.120698398351736
2023-02-14,1263142.174329861,116983623.78586042,1.204978981599378,1.3890469947090276,1.2768574112416786,1.1494165809295138
2023-02-15,1270581.5154097222,123835745.66914456,0.9391341800458972,1.3995903316163194,0.944614268869976,1.1029388476607638
2023-02-16,1295259.66840625,131939858.76989168,1.000369737104418,1.4314425016222223,0.9416074215285941,1.068690197554861
2023-02-17,1294420.7078749998,129342600.92284876,1.104694389315452,1.490106178784375,1.1792817171118026,1.031115321865625
2023-02-18,1244842.2116979165,124745547.8415858,1.2047465263996664,1.5332774256680555,1.2570566824076126,1.071977759144097
2023-02-19,1225874.1211180557,121620700.18437403,1.3141338126111848,1.5322294999503472,1.4032346352181522,1.0709178260128471
2023-02-20,1287865.5309236113,124807233.13730523,1.5629849758144756,1.5126954533833332,1.8011045483631756,1.054393236260764
2023-02-21,1392492.3678229167,131485926.59178035,1.9850316749320218,1.4625135747940972,2.414995328702335,0.9976974385663193
2023-02-22,1343701.93621875,126349493.10410619,1.8849902972836103,1.4536820717833332,2.2653887531324837,1.0275287938541666
2023-02-23,1249136.9055763888,118533549.13110521,1.8128812312276337,1.4558617995541665,2.1331377417605104,1.0548986241805556
2023-02-24,1264190.0235347222,117660988.54774134,1.9432115107930548,1.4652432112868055,2.320630572701463,1.0164261669506944
2023-02-25,1296104.9718576388,119000748.31615919,1.9336677750686553,1.4496404034864583,2.397138136709263,1.1094532650357638
2023-02-26,1305301.9237430554,122728152.12507646,1.711630270447486,1.4699709737145834,2.061176240668186,1.0703868250878472
2023-02-27,1300295.4963263888,122668520.52710427,1.759288721014123,1.5199266128840279,2.0198045767140465,1.0578782953121528
2023-02-28,1296055.3457256944,122307024.07547076,1.736383890043573,1.529714162875,1.952463977414754,1.0590944842725696
2023-03-01,1329006.9183819445,128825400.32688437,1.3063587947345288,1.5463086939739583,1.4286686150543748,1.087675818165625
2023-03-02,1348377.140486111,129445472.37509555,1.4908732770252155,1.5917118239920138,1.6145583801531902,1.0597408786548612
2023-03-03,1324480.1943611111,118677547.03701882,2.1228153013555286,1.5121951512777778,2.3644139252657985,0.9581917559461804
2023-03-04,1279733.5629305555,114814175.20861128,1.9089947255083919,1.437590892220486,2.1500614713061017,1.1123187550357638
2023-03-05,1268882.9417708335,114880051.74939582,1.748212063246336,1.435191968932639,1.964284228130462,1.0631303935555556
2023-03-06,1310090.1041180557,115603669.62376773,2.0161594798904345,1.4650596442409722,2.3141890434555115,1.0312145476451389
2023-03-07,1380066.7876076389,119645735.72316998,2.1366624353326396,1.4787409552934028,2.4864312780146753,1.0405444923722222
2023-03-08,1411134.4481458333,119282281.27728371,2.2184167287439123,1.503681292698264,2.492153316144505,0.977310068886111
2023-03-09,1412862.3791180556,116014837.6733665,2.2064441159551267,1.5076306009024305,2.448185640395458,1.014135056659375
2023-03-10,1391645.987423611,100479931.21665964,2.4908360439872395,1.366708071125,2.5837419507059893,1.0047856354083333
2023-03-11,1432716.037732639,98861236.28264505,2.691559508923771,1.2241126749381945,2.872544356148821,1.0247575651958334
2023-03-12,1439063.0726180554,100089114.81655166,2.472238439400046,1.232826091932986,2.6088953975212985,0.9735686421173612
2023-03-13,1135310.1474097222,89259862.40166022,1.8786159884722222,1.466326040347222,1.9573449364930555,1.032587571527778
2023-03-14,1040152.2653368055,86227604.12246579,1.7155756756157072,1.5288009111069445,1.7515034414396897,1.0221611559972221
2023-03-15,1069063.1437152778,86223602.53013998,2.0162999384229514,1.4962240931114583,2.0699883783637594,0.9860527635288194
2023-03-16,1128127.1310069445,88317600.78958479,2.1075926531630054,1.252958907015625,2.2634584983324144,1.0033855507628473
2023-03-17,1072872.6348888888,87971636.82523169,1.838620635644362,1.2567385000006945,2.0064544848778874,1.034980910663889
2023-03-18,1018952.4596388888,87275583.79947299,1.823925853983481,1.3267557146385416,1.904493675038922,1.0170312192506943
2023-03-19,1021058.6875868054,85826433.38179547,1.8497558105831864,1.3122861825902778,1.9328449393775478,1.028681177760764
2023-03-20,1042920.9878506945,85072013.85981213,2.174175746059185,1.33560110493125,2.282959266199855,0.9725423440076388
2023-03-21,1073189.379763889,86143943.27345695,2.1621027446702175,1.2380373795739583,2.339048567280773,1.0533421354225694
2023-03-22,1053035.7428229167,86298617.19889392,2.0246119389942776,1.3068407143690972,2.1036712522338723,1.010668583926389
2023-03-23,1391798.2081319443,125799822.34001674,0.937365908021897,1.3995320026184028,0.8827690113586207,1.0862970346895835
2023-03-24,1460287.404375,134918616.19951844,0.8998170397065935,1.5209554680288193,0.7970614444833191,1.0759842417027778
2023-03-25,1472806.2004861112,135887318.1840874,0.9269468813407775,1.5629455476607639,0.8492073568708914,1.0643383380440972
2023-03-26,1489968.2559097223,138863116.90574116,0.8983687578082404,1.58710433120625,0.8618340229419054,1.0582474604840277
2023-03-27,1402688.9630138888,127621885.45743659,1.2424160451372679,1.6113075349666666,1.2287469414036158,1.0180825717114583
2023-03-28,1413499.968611111,123259125.93958916,1.9815649741797356,1.4452566403635416,2.0063579538391987,0.9975978020826388
2023-03-29,1381411.422972222,125965631.71220796,1.5380446042502713,1.4603004201034722,1.6177820587233835,1.0752284412677084
2023-03-30,1363136.9089305557,122173548.03576544,1.8009515730506946,1.4581176422253472,1.8642653111277119,0.9914977784267361
2023-03-31,1342967.8274791667,119779919.60121846,1.7589018111815466,1.4218918992559029,1.9282867542887543,1.043041813721875
2023-04-01,1317290.2998784722,121999329.40232947,1.278492110318971,1.5121144183059028,1.2996151128480355,1.0983022920100693
2023-04-02,1298513.9544444445,120519582.77000816,1.2962946596560008,1.5684225775548613,1.3036359773480537,1.0412173093208332
2023-04-03,1251933.0777986113,115359539.77753906,1.4772638022352005,1.6497458336302084,1.5267648114865222,1.0490701962100695
2023-04-04,1193624.1509722222,110639281.11914068,1.3708958640913318,1.7189852932638887,1.4461787066724063,1.0705394320097221
2023-04-05,1217985.2752569444,113665141.98892725,1.4489843129810982,1.6749858042697916,1.5199990934507577,1.043344293411111
2023-04-06,1228948.2592361113,112183677.4254888,2.0555028808285254,1.5695884130857638,2.1369251743480517,1.1084482948784722
2023-04-07,1231704.3403541667,111300669.21186595,2.1557695136578228,1.5342609662649305,2.2645593311479195,1.1113142763614583
2023-04-08,1214369.8017777777,109732341.95515156,2.1259933953051555,1.5534130345711805,2.2691635363234544,1.1262046685857638
2023-04-09,1231408.6541875,110980889.12874988,2.153084025629723,1.5572267285083334,2.3266705581702256,1.180158162557639
2023-04-10,1188538.355954861,104814515.16490456,1.8112277502827017,1.6238554647586807,1.9043864747258006,1.1404279000694446
2023-04-11,1264223.7944340277,120083171.49017082,1.13617092169278,1.64133289186875,1.1571490518651262,1.0945008544965278
2023-04-12,1233959.5835,113557044.36338907,1.932951012321408,1.597035124426389,2.009730033810624,0.9991826896361111
2023-04-13,1247965.2123958333,116538951.57937694,1.6867808357349139,1.5337374118847222,1.8295202738694387,1.1036403062288196
2023-04-14,1229356.815076389,118766511.94451779,1.3848489776021102,1.5385473265239584,1.4810385229565322,1.0999138328600695
2023-04-15,1212351.9816666667,116546761.58519803,1.506808889915089,1.5770025268350694,1.606909025365209,1.07410195173125
2023-04-16,1281064.0023263888,126100149.3094449,1.3165611653754519,1.533595161729861,1.4002257886865082,1.0569548049020834
2023-04-17,1310873.3952152778,129633964.08901875,1.4422087190784492,1.5379508689628472,1.4680294278313513,1.0722525331121529
2023-04-18,1403152.702892361,142266150.12800527,1.1559460438521976,1.4949409022767361,1.1561471315484457,1.0843680723184028
2023-04-19,1361539.0238055557,131366884.59353182,2.144287542571365,1.5419563700680556,2.14179039346195,1.0472688366881944
2023-04-20,1409366.9393055555,127079093.30450709,2.9816570181898205,1.5213482972993055,3.1446242044791903,0.9972828786093749
2023-04-21,1371920.6888194445,121753449.49011615,2.861208798791317,1.4984319755135416,3.004256672220988,1.0148674979524306
2023-04-22,1327782.6934756944,114309363.72245291,2.9959232370895816,1.4598750507256946,3.1460976787284984,1.1444883791819445
2023-04-23,1313291.80578125,113326347.69673598,3.0172642498187745,1.473005117493403,3.150866174506111,1.0353693754052082
2023-04-24,1315940.3906145832,115277832.84728403,2.630649214804344,1.482584248382986,2.765565632919857,1.0715589794850695
2023-04-25,1357872.1347638888,120952542.45219752,2.0565636303007984,1.456095979321875,2.0887072994542875,1.0594308170027777
2023-04-26,1298517.842826389,117786322.792347,1.687536388190749,1.4475966854090276,1.8396234465946872,1.0564392239631946
2023-04-27,1222156.1438715279,108792835.80329439,1.8190570851323982,1.4388630930680555,2.1465694464065734,1.0540409045170138
2023-04-28,1208846.7178472222,107909409.86542445,1.6436344408492733,1.4925695334149305,1.9350146347964166,1.076800319934375
2023-04-29,1212570.7264305556,109285618.08297682,1.514408957475252,1.5186237439201389,1.777791829420759,1.1121282982052083
2023-04-30,1228559.1510277777,110726656.04318097,1.6831086171597818,1.507356283113889,1.8901693261438883,1.1437700338822916
2023-05-01,1304503.062138889,113704428.48849075,2.9041974122785446,1.43701626644375,3.132122321921263,1.0727491242975695
2023-05-02,1320907.3014756944,115860391.0360931,2.145866269874294,1.4411637015086807,2.5087922255202426,1.091653122679861
2023-05-03,1341491.0298090277,117234145.57650578,2.1985771123284485,1.4258474549732638,2.5470314434850367,1.062025409870139
2023-05-04,1231219.8567361112,108542498.14489253,1.6527363039703422,1.500179793042014,2.0166131592876493,1.085906282472222
2023-05-05,1274565.3298125,112443978.9092394,1.736706072849276,1.4641398129128471,2.1051034983692425,1.1189670237979168
2023-05-06,1358519.148361111,115893375.22556058,2.8942657032126413,1.3909603441989582,3.1127215797136434,1.0211543610892362
2023-05-07,1413303.3202395833,118262047.21352516,3.093811872872091,1.2958384108416667,3.3141287367956993,1.0260825652756944
2023-05-08,1421942.4299131944,114412122.20905322,3.462165680725301,1.293980191357986,3.640303823918994,1.0267221284753472
2023-05-09,1384840.4029444444,109063654.9695308,3.288895285827012,1.2777307296819445,3.4758222599878668,1.0345882287045138
2023-05-10,1316390.5751527778,105545331.85440005,2.187545154277168,1.2745686117586805,2.48165472833619,1.0098112902541667
2023-05-11,1263295.1310625,101412027.25929713,2.077060716441435,1.268336503439236,2.2685583521812887,1.0353335303309028
2023-05-12,1334676.0717534723,105713740.76659863,2.266659231537706,1.322694079032639,2.4422900345218497,1.0319759707475695
2023-05-13,1280175.505732639,102910476.9771871,1.9294699065262857,1.3338280500586805,2.1401658562774513,1.1318334075090277
2023-05-14,1336475.01853125,109054188.41824147,1.7050074031140339,1.3185225623409722,1.910547778542204,1.1123348176819445
2023-05-15,1576368.8329618056,136881368.42801693,1.1512697105604193,1.2156566800659723,1.295577953320918,1.0388960552260416
2023-05-16,1704119.4697916666,151260565.53118086,0.9692522758605152,1.198840493303125,1.0548351551437696,1.0573847230788196
2023-05-17,1855229.3903472223,171977553.45314297,0.8316892265459459,1.1830128605604167,0.9089026404934448,1.0632235010083333
2023-05-18,1793485.123107639,165537683.98017585,0.958976418066692,1.2210883323361112,1.0439195646945278,1.0248717734604167
2023-05-19,1693522.8041909721,155399921.35701686,1.0321504733004931,1.258908713034722,1.1669552770602143,1.0863222296819446
2023-05-20,1686774.6717569446,154336510.17525998,1.0654513009262674,1.242731274303125,1.2432615568871312,1.0901773927409721
2023-05-21,1715788.4456388887,158214849.50975943,0.9922466603458377,1.2417392250770833,1.1388557235689065,1.0817617951027776
2023-05-22,1673555.948809028,152421801.5211072,1.1881242254990998,1.2607261705263888,1.3862205953974762,1.0554162307010417
2023-05-23,1617362.4176493054,148034590.00179404,1.1076151315184986,1.2696505068548611,1.360752184119695,1.1533405454763888
2023-05-24,1658176.8589375,144249022.56475863,2.6350848772516104,1.3483494047729168,2.8022071550359007,1.0227023053586806
2023-05-25,1702308.6175069446,144184983.67084965,3.228536495488248,1.4204115868524305,3.3833196601487554,1.1151414891944444
2023-05-26,1724552.341972222,150263471.89770567,1.7319617428572094,1.4387861595493054,2.0413306639054865,1.0630687914486112
2023-05-27,1728404.0482187502,151924207.10281348,1.495181635473059,1.4743749400329862,1.7699068635675324,1.2201267338684028
2023-05-28,1750062.513607639,157037054.21371627,1.1815405680488638,1.476299749576736,1.4407913556592638,1.150951765351736
2023-05-29,1701842.8950833334,155145686.72301942,1.0849969503964259,1.4864794426965278,1.280140765060624,1.1558164498944443
2023-05-30,1791553.1403055554,164439265.52574384,1.0753657271548809,1.4580679439635416,1.2723588745431342,1.0988347834354166
2023-05-31,1712193.9135555555,153820143.03267992,1.394133211539837,1.4494018901822916,1.6339197479017964,1.046286648395139
2023-06-01,1935953.779638889,180173616.04374915,0.9694337722715652,1.3302376578184028,1.1302390243820555,1.0798660435409722
2023-06-02,1973264.264076389,186798730.6890526,0.9219352747817483,1.3318002116381944,1.0447830223801156,1.0647533412076389
2023-06-03,2034843.54490625,194803456.6795143,0.9250621655298299,1.330507949217361,1.0519296852930917,1.1658856674746527
2023-06-04,1996756.610951389,190844788.2630891,0.9675497565092517,1.334974794329514,1.1169885731199667,1.1345030414930557
2023-06-05,1771170.6286250001,161440766.0548619,1.8777498852181356,1.4233709189986112,2.0502691302287643,1.03516225254375
2023-06-06,1657451.1326458333,146409877.86481193,2.847342840200086,1.4695528464739585,3.140401560309371,1.0501051133048611
2023-06-07,1591716.7615208335,142473121.90045077,1.726753850782196,1.5149066060302083,1.9933616611401996,1.0260776673940972
2023-06-08,1603064.9484479167,141603408.77817267,2.019814823685291,1.5288773102184028,2.347212405146074,1.052780754610764
2023-06-09,1587845.788107639,140574152.81277314,1.9350808374150732,1.4891187629913194,2.27675022500466,1.0602145021145835
2023-06-10,1332962.293923611,105453054.13085133,2.7785281238001263,1.147244284073611,3.0930292681056755,0.9376897124347222
2023-06-11,1215219.8409375,94381227.41130525,2.8140960735548552,1.0840380656041666,3.2903083745782995,1.0325657528770833
2023-06-12,1210294.9986041666,92977747.2611556,2.8107951721677873,1.0749213033736111,3.27250295457172,1.0002531360663194
2023-06-13,1143916.706972222,89001016.78167725,2.68077003537713,1.0776063492826389,3.1196333004012673,1.0014947511729166
2023-06-14,1161973.4885590277,89234635.89133516,2.924469434378852,1.0856572668322917,3.3689257485362294,1.0626243115270835
2023-06-15,1178989.43603125,86656231.95096993,2.983016577082479,1.062246695896875,3.4874185979680887,1.0292674654569445
2023-06-16,1141527.2742916667,86068088.37701435,2.4090399888202407,1.0454385893875,2.8055051710342487,1.0912759255225695
2023-06-17,1126199.2970659724,86631975.7839851,2.22335232332492,1.0423691803836805,2.514482192980743,1.1090811334934028
2023-06-18,1116942.953638889,86388100.01155588,2.111017232291256,1.0499174411420138,2.358855718868576,1.166568369212153
2023-06-19,1127219.3235763889,86974345.62627067,2.0274486346435197,1.0551710406920138,2.293467194778255,1.079787179439236
2023-06-20,1151677.02778125,89588192.8171653,1.958648090596221,1.069625541678125,2.198025253768579,1.1034751594340277
2023-06-21,1214641.9856840277,101943941.76346155,1.5599832762139694,1.1141324151065972,1.7362892109755395,1.07341275635
2023-06-22,1166188.1296562501,100828941.32310896,1.548909270027904,1.1270472342163194,1.687426483934367,1.0800210210788195
2023-06-23,1196167.4191979165,105233507.94464843,1.444819218176204,1.1674712693868057,1.5719838949109375,1.1111874526270833
2023-06-24,1260868.7567881944,113901338.90855771,1.4149458378152562,1.2401778538118056,1.497714024715496,1.061571539028125
2023-06-25,1231419.8836666667,109136223.45919473,1.6160900791898667,1.2356572554420138,1.7508953951062458,1.0653901434440973
2023-06-26,1214859.2427361112,106359738.55540448,1.7598373393526583,1.2412843372239584,1.939916197011114,1.0749222888302084
2023-06-27,1223652.3078020834,107847087.3594429,1.7177630440387976,1.2455732165180555,1.919841128219166,1.1186766273760418
2023-06-28,1224331.6133854166,104646465.61484113,2.070182971132132,1.2225787612079861,2.268957616101165,1.0147213374836805
2023-06-29,1210275.3959270834,101972562.62786978,2.1921531677902424,1.1625695835833332,2.4458810424070005,1.1128568418989584
2023-06-30,1589395.576315972,158436096.24027258,1.2545874333780356,1.2575017642708335,1.3640702614286966,1.0587597601118057
2023-07-01,1832151.7648159722,195186196.0216154,1.348607200877402,1.3875574840128473,1.3276734724729087,1.0247936603954861
2023-07-02,2106974.354326389,232765685.2950927,1.0900547108503664,1.399580749540625,1.096600525933497,1.025891214575
2023-07-03,2193432.1992152776,241163495.31038475,1.316509464209992,1.453545639928472,1.2882215066207119,1.0068887767774306
2023-07-04,2143336.9218437504,229410938.6256188,1.6981519837813164,1.4641528873670138,1.773115440676927,0.9961075393031249
2023-07-05,2147125.302329861,221891143.9845846,1.904563670661303,1.5376612277881945,1.9998153990972414,1.042644338326389
2023-07-06,2026461.9028784723,204764286.51683694,2.2765568748557503,1.538995832529861,2.523579175499064,0.9958411325375001
2023-07-07,1891625.2298888888,183390315.09993854,2.6663667073777013,1.474053133087847,3.075585361009854,1.046355467689236
2023-07-08,1850734.8315833332,180522319.34428295,2.6175980093957474,1.4787107829260417,2.8866649786651086,1.0392384079465278
2023-07-09,1853205.3151319446,179393400.96138716,2.806288328870566,1.4816878577663195,3.1278667760507797,1.1217504762493056
2023-07-10,1892253.0841944446,179070286.7853765,2.908076990659722,1.4473947920833334,3.3091664229166664,1.0183979035763888
2023-07-11,1795915.6216527778,174095406.51899803,2.3328864094097224,1.4279489256944444,2.5820851674305554,1.0458108014930554
2023-07-12,1783568.3914166666,172006526.6051343,2.492231456770833,1.4332235439583334,2.811755978611111,1.0207542745486111
2023-07-13,1789708.3180972221,178481536.14181858,1.975107765763889,1.4103366336458334,2.1890266188888887,1.0439984596180556
2023-07-14,1654833.6852256944,164535904.78456303,2.279829533159722,1.4663622815972222,2.372878950798611,0.9905011753819445
2023-07-15,1659153.6365625,157173224.221992,3.2748515745486113,1.366682019826389,3.7705482757986113,1.051870657951389
2023-07-16,1688520.3665034722,159677064.05723056,3.293016301076389,1.3638801809375,3.8427636194097223,1.0199683552777778
2023-07-17,1868821.073517361,172063269.9130057,3.6505297073263887,1.2848878306944445,4.33190147,1.0259668061805556
2023-07-18,1887660.0663611111,172450918.3239757,3.740153444236111,1.331937589826389,4.2541221640625,1.0267353069791667
2023-07-19,1866486.8760868055,173168084.7079279,3.527644577638889,1.3361434387847222,3.9860281496180554,1.0340456935069444
2023-07-20,1837811.5794652777,170519978.84497294,3.437021049652778,1.3331583880902778,4.010422364652778,1.0475061103124998
2023-07-21,1845941.2583958332,171367232.77159515,3.3790363664930556,1.3384949364236112,3.9543411834027773,1.0380393831597223
2023-07-22,1807669.02378125,169704995.77373105,2.8965760910763887,1.3399517932291667,3.260169810972222,1.0781250627777779
2023-07-23,1812320.3178993056,167677495.38862577,3.195768897361111,1.3430510405555556,3.8289954256250005,1.1594433221875
2023-07-24,1816389.2758611112,164132485.0208365,3.8814992337500005,1.3359952255555556,4.434122162118055,1.0458736641319444
2023-07-25,1834620.1024930556,163646467.9921317,3.942758459791667,1.2964171155902777,4.632503051631945,1.0538297661805556
2023-07-26,1809013.2782743056,161970434.24796104,3.714386655625,1.2871182984375,4.350005324895833,1.035201645
2023-07-27,1785025.4520694443,162116618.32243356,3.391440196076389,1.2970988130555556,3.9217020417361113,1.073745645798611
2023-07-28,1866103.4981180553,170197122.86508676,3.343279970277778,1.3179738137847223,3.761842136805556,1.0777396323263888
2023-07-29,1861132.7616666667,170144026.88430408,3.2722913596875,1.3201929768402776,3.765229425763889,1.1409881725347222
2023-07-30,1992282.5794062498,188063583.26340097,2.1869989050347223,1.2924974123958333,2.4532204135069446,1.0611424879166667
2023-07-31,1928245.6158402776,179502063.5409545,2.6504442628819445,1.2952870094791666,3.1567882794791666,1.066410512326389
2023-08-01,2029743.029170139,186123498.01132253,3.242328484652778,1.2618529380208332,3.9512998184027777,1.0499509361458332
2023-08-02,2167233.7601423613,195300790.6460718,3.136489631354167,1.235391980625,3.658708728854167,1.0311961903819444
2023-08-03,2453128.139263889,211733096.1949237,3.769967937569444,1.147388634861111,4.435466922222222,1.0335327833333334
2023-08-04,2381276.1857916666,197263075.2059255,3.7265865255208337,1.1317064953125,4.293347265868055,1.0371057813541666
2023-08-05,2301270.6820555557,189812103.7778672,3.7656743470833334,1.1720275210416666,4.345521899027777,1.1650729134375
2023-08-06,2184299.5639583333,181246608.26906744,3.992207441388889,1.1989093079166666,4.4925792604513894,1.1281227322222223
2023-08-07,2125893.0345590278,175207114.90174752,3.973644845451389,1.220009903125,4.562501332395834,1.1640627934375
2023-08-08,2017103.2124791667,167836625.92719576,3.7321850412847226,1.2434569528125001,4.284145575833333,1.0988882933680555
2023-08-09,1829415.8278923612,153408588.9562288,3.6116047506968645,1.200222527804878,4.092296207317073,1.1459476602083332
2023-08-10,1853397.4958194445,154925696.72640246,3.8720699591666667,1.1700544078819446,4.296571741736112,1.1523558258333333
2023-08-11,1896560.9204930556,157642994.25919282,3.9504053720833334,1.1505569489583332,4.481561150798611,1.2041129711458334
2023-08-12,1942549.8195138888,162398658.21879572,3.9385225334027774,1.1345859987847222,4.316199244548611,1.3497777710069443
2023-08-13,1954294.0669618053,162305446.607282,4.048664878368055,1.1294613527083335,4.627400341770834,1.3959058590277778
2023-08-14,1939315.3515625,159403637.96127635,4.275309970243056,1.130649690451389,5.0585756984375,1.2480396880208333
2023-08-15,1981342.6610972222,161021053.28841016,4.402531423125001,1.1407435470486111,5.194423873611111,1.1466271738194445
2023-08-16,1943246.2417083334,151235416.74360594,4.626593054513889,1.1162018024652778,5.191395356458333,1.1037453163888888
2023-08-17,1836121.0840659724,135642974.25645947,4.427794129062501,1.0556643221527777,4.924298132951389,1.0628180465972221
2023-08-18,1496661.4140659722,96864622.7701295,3.392698286284722,0.7750032429513889,3.582609976736111,0.9426274376041667
2023-08-19,1262918.5693125,80812546.21490152,3.5476989384375,0.9644317062847221,3.8521887897222222,1.0539103819097222
2023-08-20,1223448.8669722222,78983621.91523252,3.7090158826736115,1.0249943250347222,4.061933138263889,1.112707433576389
2023-08-21,1257160.717642361,83031501.38985795,3.3275085819791665,0.9975996155208333,3.5542808459722224,1.0597623178819444
2023-08-22,1205549.6245729167,79260436.809742,3.212833735173611,1.0214044686458332,3.2232963392013887,1.0886871779166667
2023-08-23,1116824.1381875,72785124.90219028,3.286856148402778,1.0482758478472223,3.456354096111111,1.118988693923611
2023-08-24,1092276.5456215278,71141291.85222219,3.226438368298611,1.0585837489930556,3.487809001875,1.1892948802777779
2023-08-25,1103161.7948680555,71315559.08323018,3.338830317465278,1.0615767164583334,3.563183597534722,1.1322319372916665
2023-08-26,1149439.40334375,74933111.09537965,3.3554461421180557,1.0843602691319445,3.385472221284722,2.0926049083623695
2023-08-27,1166113.5437708334,76038118.5740294,3.2561238197569446,1.0825698455208332,3.364954794861111,1.3846468127430556
2023-08-28,1140079.1532222223,73984541.5012897,3.153876963819444,1.088381842951389,3.3073330972916666,1.2556234132291666
2023-08-29,1182162.7783854166,78845950.68105261,2.863737022777778,1.1322668334375001,2.913485851215278,1.175050296076389
2023-08-30,1260877.5610937502,85233511.62083036,2.816399970729167,1.2337164917361112,2.783239712326389,1.160491887777778
2023-08-31,1194128.6109375,79371205.51760168,3.243264247152778,1.2070940282291667,3.2499632337847224,1.1529732873263887
2023-09-01,1131356.9865763888,71809375.24087673,3.470123049826389,1.1471283051041667,3.7858518824652783,1.1348088529861111
2023-09-02,1084259.963611111,69181794.55759872,3.307031549513889,1.1005356405902778,3.56176678,1.2196969878125001
2023-09-03,1075125.5214999998,68999113.52401917,3.320495259826389,1.1099258547569444,3.4352093453125,1.2712781447222221
2023-09-04,1058614.9133159723,67679590.08548272,3.5356895223958333,1.1006373258333335,3.7043874929861107,1.182998210625
2023-09-05,1095694.06978125,69120565.67074446,3.49764336375,1.1082414047569444,3.7351530498263887,1.2852894186111112
2023-09-06,1115975.4288645834,70173549.59151374,3.4464539378125,1.1100600463541666,3.7511323353819446,1.1817849798263889
2023-09-07,1106871.7058993056,69774688.56442636,3.4263287346180555,1.1094208627430555,3.6257128960069442,1.2360618529861112
2023-09-08,1099314.1749895834,69163395.6169892,3.5571091790624996,1.0992612703819444,3.7149895050347226,1.3487873340625
2023-09-09,1119001.5754930554,70312642.54110877,3.483210906215278,1.0825673860069445,3.664305223958333,1.5393170171875
2023-09-10,1110657.4850243055,68293218.10407329,3.4964086591666668,1.0989663457291667,3.733162940625,1.1906129438541668
2023-09-11,1123653.9227118054,67430460.30082847,3.429808661388889,1.1217113297916665,3.620625165104167,1.1784190319791668
2023-09-12,1117886.5339333334,67106510.43955327,3.3608527363157896,1.1147960018947367,3.60563624322807,1.1956444427017545
2023-09-13,1133254.8234097222,69102410.09276353,2.976643323645833,1.1373980490277777,3.1861252760416665,1.2522562034722222
2023-09-14,1139537.3290729166,71341198.54443082,2.7322805384375,1.1573166006944444,2.7561795865625003,1.1525688287847222
2023-09-15,1110405.3172256944,70833561.92444763,2.6436997386458336,1.1556797270486112,2.648643596597222,1.1678111096875
2023-09-16,1126950.28759375,73531585.89526516,2.4979572563888888,1.192088710763889,2.4426084946180553,1.2486562108680554
2023-09-17,1109653.9948229166,70953474.63811044,2.545682318611111,1.189863580173611,2.608737928993056,1.2774830182986112
2023-09-18,1138549.5911875002,74686653.71545267,2.286031385173611,1.1776622309375,2.2950223072222222,1.1059115547222222
2023-09-19,1172061.4822326389,78738864.90024683,2.1450686803472223,1.1421798553125,2.110541079166667,1.1443884279166667
2023-09-20,1193607.765482639,78247340.71808448,2.7171003356944445,1.1913738584722222,2.7831630268055556,1.1852543846527779
2023-09-21,1210096.6420625,77836902.75674349,3.1721520932638887,1.2133966871527777,3.3646611957638886,1.0796138831597224
2023-09-22,1201050.6472118057,77661115.69604728,2.8956110175694447,1.166205601736111,3.111879409097222,1.1506076282986113
2023-09-23,1184977.8678715278,76804634.95674714,2.7157501003472224,1.1595545130555556,2.9218937847916666,1.3440779054861112
2023-09-24,1179270.3443506944,76156679.5419384,2.7421934444097222,1.1670394217708333,2.977732944270833,1.6219964625
2023-09-25,1141268.5287777777,73344015.01637706,2.740332879479167,1.174286084201389,2.971761120798611,1.3818319932986112
2023-09-26,1135605.3412777777,72866458.08118224,2.707323543645833,1.207230354548611,2.915482551840278,1.2229008985069445
2023-09-27,1142939.4017430556,73042565.98447041,2.964346415659722,1.2341550883680557,3.2319264809027777,1.2576862854166668
2023-09-28,1136952.4331770833,73011889.02796242,2.753407775104167,1.2582379909027777,2.906885603541667,1.2054724253125
2023-09-29,1182143.5816284723,77620672.30690254,2.4559746828125,1.3144722001388889,2.3404713728125,1.1547818888194445
2023-09-30,1171103.172125,77116783.7491503,2.4654561380208335,1.3088353565625,2.4388883595486113,1.244557038611111
2023-10-01,1171455.6384375,78040878.24747539,2.5109627567361112,1.3297846969791667,2.402404548923611,1.2301257671527777
2023-10-02,1190849.08153125,79963908.62334143,2.5836926554861113,1.356577804375,2.4980159266666666,1.1068179931597222
2023-10-03,1170273.6908472222,77140929.03304341,3.4064563849305554,1.2663710942013888,3.2715551089236112,1.1721190950347222
2023-10-04,1160380.4243159723,74568998.03689373,3.685033256875,1.285450351111111,3.7546596371875003,1.1735988034722222
2023-10-05,1187996.0626354166,76770274.79418887,3.583215764027778,1.2489142267708333,3.410818723402778,1.124744517465278
2023-10-06,1198365.8543402778,78231091.49224688,3.084747585173611,1.204107020138889,2.974460176423611,1.2063034769097223
2023-10-07,1205197.0876979167,79047398.1847409,2.7918314119444445,1.1792879953125002,2.673707473125,1.2922469514236112
2023-10-08,1207004.3794340277,78934518.06108865,2.6826378300694445,1.2001043952430555,2.5504483311458332,1.1700175425
2023-10-09,1201968.2042430555,76627341.92027612,3.233092582847222,1.2270616092708333,3.2416428094444445,1.2200725394444445
2023-10-10,1215658.3327395832,76849867.85080796,3.337327238888889,1.2443597965972222,3.5041109790625002,1.1033689575347223
2023-10-11,1219627.4161180556,75880138.44930092,3.6426720534375,1.2582344119444444,3.7320311335069443,1.2659587212847223
2023-10-12,1212017.2137777777,74011673.4824558,3.6721926028819443,1.247416785,3.8417148494791666,1.2113489484375
2023-10-13,1186999.8140902778,72865832.5285638,3.469243695208333,1.2443061883333335,3.6790866068750003,1.2380302665277778
2023-10-14,1165972.7408645833,71853278.22937569,3.5282506806597222,1.2506315975,3.7103791672222224,1.539262623298611
2023-10-15,1174551.6114652778,72344192.79791589,3.3314805873611113,1.2634569792361112,3.530510739965278,1.9529402351736111
2023-10-16,1166450.2503715279,73504483.55060245,2.701733949965278,1.2295023997569445,2.886108417951389,1.2426939005208333
2023-10-17,1183657.2604652778,74076614.04614021,2.7489359516666667,1.2675418178472222,2.9665195330902776,1.3149575680208332
2023-10-18,1196414.9356319446,73772972.5080889,3.015634812118056,1.2763153921527777,3.2189075694444447,1.200247807013889
2023-10-19,1197441.7077048612,72974127.42178263,3.375411209409722,1.2576611836458333,3.6159128825347224,1.2886625057986112
2023-10-20,1166746.0308993056,73596856.95148629,2.7840233139930555,1.2634947359375,2.8078484400694443,1.1768765252430555
2023-10-21,1190710.7353020834,76526104.42472409,2.5827118269097222,1.2728154519791668,2.472248294097222,1.2435290321875
2023-10-22,1186237.9014652777,76582403.44285959,2.470299843923611,1.322463935347222,2.430084311701389,1.2613485207291666
2023-10-23,1176826.7253854168,78254058.95138595,2.105577114826389,1.322251549375,2.191374900104167,1.065721750451389
2023-10-24,1148383.643326389,79821359.94126564,2.184284278958333,1.3772483147916668,2.3446001515625,1.0334442828125001
2023-10-25,1129135.8777291668,77988497.8855379,2.2540859916666665,1.401753760625,2.4108028452777774,1.115433763923611
2023-10-26,1125454.0998645832,77651985.08769168,2.3384934559375,1.3859375984722222,2.4946367491319443,1.0519650289930556
2023-10-27,1088123.0898645832,73505755.31735127,2.5196739439236113,1.4319062969791667,2.6106839108680555,1.0597088159375
2023-10-28,1079055.1708159721,73296692.71920972,2.236248551909722,1.4635095849305555,2.3974956671875,1.1978331151041666
2023-10-29,1096818.6017083332,74794859.42975195,2.303982167048611,1.467619600798611,2.4775661244791665,1.2669825432638888
2023-10-30,1086897.9390277779,74851589.94281715,2.3166225092708332,1.5093763490277778,2.517367152673611,1.0999785713194443
2023-10-31,1086590.5044375,75089152.07298686,2.3100138324652777,1.559007410173611,2.5561807464236113,1.1275372248958333
2023-11-01,1096477.2892569443,74886675.8078517,2.3104730874305557,1.6381570510069445,2.6409812329861113,1.0275641366666666
2023-11-02,1095861.6007673612,76395052.84695649,2.2682107994097223,1.792397164375,2.401347575138889,1.0200712175347222
2023-11-03,1120013.473763889,77209975.70460242,2.3646862067013887,1.8721029873958333,2.5386369455208335,1.0932205086805555
2023-11-04,1145342.05596875,79526901.83847839,2.3830342399999997,1.8138838449305557,2.602922379826389,1.1787712931597223
2023-11-05,1134884.2214861112,80776920.3786368,2.2457084969097223,1.7760270953472221,2.330559755972222,1.0676760947222224
2023-11-06,1144974.8501284723,83367134.339811,2.2382457694444446,1.7602561890625,2.341012004861111,1.0966674622916668
2023-11-07,1178642.2531354167,86241845.24279678,2.371086511875,1.9851046997569444,2.418000276111111,1.0430279162499998
2023-11-08,1195335.482128472,87739122.79159655,2.350140176111111,1.9166956646874997,2.414139188645833,1.0855968540277778
2023-11-09,1188401.7200694445,87432439.60117394,2.2840508766319445,2.032150153784722,2.4970614685763888,1.021441327013889
2023-11-10,1090148.2627291668,79719278.90729605,2.4008547333333334,2.3762368327430554,2.7430878776041667,1.0434717122222221
2023-11-11,1096161.88584375,81005029.90992263,2.4392841717421603,2.382067042857143,2.601022834076655,1.0232192241666667
2023-11-12,1145098.0909548611,85785438.36035906,2.4891714346180556,2.386195945625,2.650267180451389,1.1092888236458334
2023-11-13,1149946.928,84479170.2712782,2.7702245116319446,2.4549947641666665,3.1920196948958335,0.9933115889583333
2023-11-14,1161918.2468263889,82843985.23989747,2.6670001159722223,2.371947758958333,3.26373229875,0.9745812871875
2023-11-15,1158347.2295972223,83511708.18518664,2.368721235034722,2.323669256875,2.8137115614583332,1.0596939304166666
2023-11-16,1129121.224548611,82087663.20339906,2.423548612673611,2.531299890034722,2.7633000032986113,1.2811171856643355
2023-11-17,1103917.2232534722,77525691.2488785,2.995220414236111,2.506778170902778,3.6071650287847223,1.0709339819097223
2023-11-18,1082870.5328229167,75176466.32658131,2.901515797916667,2.4882314832291668,3.384655732673611,1.0291121745486111
2023-11-19,1072777.0212534722,74736105.43213741,2.8711285040972223,2.5202767889236113,3.293128643298611,1.1480969449999998
2023-11-20,1056250.1623541666,74207242.52086544,2.823091869787234,2.6166604065248227,3.0678073585106382,1.0248226317708333
2023-11-21,1073330.4561458332,74422286.28530271,2.7561471377430555,2.475304049027778,3.262420657673611,1.0246490746180554
2023-11-22,1065633.4239201387,72249692.04921374,2.658781237256944,2.31090344,3.2790032542361107,1.0211713414930557
2023-11-23,1080436.8769826388,74924234.23049042,2.3575821676923074,2.3067673798251747,2.789898728076923,1.128292532361111
2023-11-24,1054693.2977951388,74005467.2477309,2.3664201003125003,2.305218958541667,2.7834911363194443,1.1851312068055555
2023-11-25,1096731.247423611,78313052.31314282,2.2781993113541663,2.3418494651736115,2.5992112226041666,1.2848565147916666
2023-11-26,1075048.726638889,76031758.66668384,2.691578212727273,2.549058753916084,2.9902913154895105,1.1572559636805557
2023-11-27,1065868.0209618055,73740573.20328832,2.874044875763889,2.417931074826389,3.331589877847222,1.1343517432986112
2023-11-28,1107415.4431041668,76535234.31949392,2.7507308889583335,2.403340832604167,3.205636984097222,1.0897119086458333
2023-11-29,1126933.7547083334,78684979.43197,2.5280293960416667,2.5327648666319447,2.9192101728819444,1.1644993107291668
2023-11-30,1151561.1285590278,80141317.71781608,2.6404332343055557,2.5711848985416665,3.0295955611458334,1.2041997953819445
2023-12-01,1162374.649,82448007.98216304,2.3321627904166666,2.4762448660069447,2.5994380465277778,1.1366589617708334
2023-12-02,1151765.1728402777,82807126.14276019,2.3115855495138886,2.410013895833333,2.392151891284722,1.3668873083333333
2023-12-03,1139817.072451389,82029533.1587237,2.4159339292708335,2.4909926227777777,2.602276163263889,1.2351241848611112
2023-12-04,1177589.0504583335,86318716.78334086,2.350988514270833,2.576093142395833,2.6032032192013888,1.1162805423611113
2023-12-05,1195487.4548298612,86765135.91168955,2.611899821388889,2.8384801643402775,2.888374524409722,1.1067446326388888
2023-12-06,1208906.0352777778,88976830.29801805,2.4763049766319445,2.964075305034722,2.6526544128125003,1.0648073895833334
2023-12-07,1238251.8621354168,90965536.284787,2.4496857080555556,2.803371039861111,2.670902860902778,1.0865885836805556
2023-12-08,1269935.5111180556,96297614.39497833,2.3495261234027778,2.8395875546180553,2.50627043125,1.0395649441319443
2023-12-09,1190929.7470277778,92663362.01127927,2.5898781182291666,2.9269377477430556,2.769235603715278,1.0740538638194446
2023-12-10,1187051.6448298611,92300714.97755265,2.534439720451389,2.9002980550694444,2.7497082819444447,1.1250264013194444
2023-12-11,1152101.63775,84618085.15312134,3.009892932013889,2.7060684448263888,3.299667450451389,1.0254473941319444
2023-12-12,1149929.9615277778,83488732.02740736,2.8927881086805556,2.5549376813541667,3.4898056384375002,1.072438067638889
2023-12-13,1141917.3923125,82300877.25948434,2.7974236778125,2.627295113298611,3.36126944,1.0304797109027777
2023-12-14,1178220.3693055557,86003487.72019613,2.6511566660416666,2.7750189964583334,3.0911969671527775,1.119135793611111
2023-12-15,1244149.9836006945,89529058.63128936,3.0402448525000003,2.7602581043055556,3.560001978784722,1.0571107571527778
2023-12-16,1236662.5533090278,89148705.24868092,2.9439056732291666,2.817398623576389,3.544000170104167,1.1006875275
2023-12-17,1231788.2688506944,89445268.04852666,2.7523782861805555,2.8211788503819446,3.2798543486111114,1.0533362659722223
2023-12-18,1195271.9096076388,83807492.4301529,3.093790837013889,2.7254983094444447,3.7853076719791665,1.0897542397916666
2023-12-19,1200505.0775868057,85224824.3528938,2.864216750902778,2.812316953888889,3.478408815798611,1.0789423103125
2023-12-20,1235319.2522430557,87705511.52475625,3.0163393856597223,2.8142202762847224,3.5867772989236113,1.118328335486111
2023-12-21,1327832.894607639,93231064.72513355,3.363757904826389,2.7406671027430556,4.202484479930556,1.064798893125
2023-12-22,1384498.271263889,99451105.0307317,3.0803649279861114,2.8467703938194444,3.7169516241319442,0.9994745594097222
2023-12-23,1363171.8545000001,98565467.5136225,3.289620894375,3.0839014102430555,3.8148470000347223,1.0771833641319446
2023-12-24,1367546.4606215276,98868714.93076476,3.4618753032291667,3.1175778978125,4.074364025902778,1.0100043886805556
2023-12-25,1335720.6019027778,96183883.35847074,3.8278268328472222,3.095033592986111,4.513441028645833,1.0532496561458333
2023-12-26,1337792.4863090278,97248363.1136644,3.728421490277778,3.1520026691666665,4.310883613055555,1.0502817006597223
2023-12-27,1348312.7768020832,100747779.49483836,3.2588085157291666,3.2632647761805553,3.7010455855555557,1.0251838587500002
2023-12-28,1311608.4369444444,99960463.62149212,3.458659231875,3.114914201111111,3.7662061467013888,1.016368315138889
2023-12-29,1262815.0152083333,95758861.96483919,3.5691993551388888,3.147418382708333,3.838976543958333,1.0006372203819445
2023-12-30,1244021.525295139,91260564.07970661,4.213131096701389,3.2127882853819445,4.755662697951389,1.0661436103125002
2023-12-31,1257081.3038090277,92480345.91026065,4.028269970347222,3.019545629027778,4.614988148645833,1.0233607411111112
2024-01-01,1220943.900246528,89719603.25174983,4.052718610138889,3.1100448895138886,4.624336469305556,1.0745139219444444
2024-01-02,1284390.6045555556,95463792.16895275,3.6070884221180557,3.0087700936805555,4.005896506076389,1.034714530451389
2024-01-03,1224777.9850208333,85210670.30510944,3.955809320486111,2.3677639047222225,4.531592166736111,1.0067652082291667
2024-01-04,1033856.0102569445,67916604.86710833,3.286113219201389,1.7772031638541668,3.954073792986111,1.0681079919444445
2024-01-05,991209.4848298611,64927223.78283315,3.3376053778125,1.719898905173611,3.856052271388889,1.0488761888541667
2024-01-06,963111.8021562501,62794456.449187435,3.2178841440972223,1.703474785902778,3.6511006553472223,1.0380452959722222
2024-01-07,956660.8304756944,62557660.71522626,3.0851436206597223,1.722146976875,3.2692114536805557,1.0311094243402779
2024-01-08,952592.7739895832,61915121.535568476,2.783857554756944,1.6215091454166666,3.341195613645833,1.0868347067708333
2024-01-09,905144.3272881944,59938272.951246314,2.782041304791667,1.7171407894444444,3.1533980109722224,1.0127858737847222
2024-01-10,895480.8280833333,60342392.997957826,2.7545629732291665,1.6811807103472223,3.094076345659722,0.9885221501388889
2024-01-11,901395.9561770833,64480027.273597665,2.9343767997569445,1.7431761248958333,3.1464343424305556,1.0201728783680555
2024-01-12,914698.6733923611,67353169.09964204,3.059216327673611,1.6936790116666667,3.094715288402778,1.0398571506944443
2024-01-13,917361.0206215278,66023520.54047084,3.4632578322569447,1.6824093840277776,3.5149752871875,1.0591225895833334
2024-01-14,907921.8568298611,64890227.841794424,3.5910467594444446,1.7397184663194443,3.797900347534722,1.1271131239930556
2024-01-15,915577.4893055555,64562761.70554093,3.4847390318055553,1.7551459452430556,3.9631453592708334,1.155808871388889
2024-01-16,965497.5724305556,67280024.2048044,3.3748836615625,1.7142229774305555,3.969350611354167,1.0975634376736112
2024-01-17,982387.3866944443,68110050.7713302,3.293568322152778,1.6258505390625,3.916519012604167,1.0932686398611111
2024-01-18,986979.9092361112,68165447.11729483,3.284385888298611,1.6577939546875,3.931615430590278,1.1177680172916666
2024-01-19,969939.0335972222,67187657.4858009,2.877026796354167,1.7132622489930556,3.3363301294791667,1.1282638316319444
2024-01-20,970188.0562326389,69222846.52830169,2.7482620689930553,1.8816106523611111,2.9940499193402776,1.0884908353819445
2024-01-21,949860.7806631944,67679506.61268827,3.034625642743056,1.975178795,3.2785433850000003,1.1875787445833332
2024-01-22,979807.9695069444,68416475.38301797,3.177396019722222,1.8354442763541665,3.3629360233333334,1.0549939129166668
2024-01-23,978571.438170139,64562608.01510162,3.4166797721180555,1.8143447650347224,3.652490522361111,1.0677432913541667
2024-01-24,951163.1090277777,62297250.3832784,3.1362442147569443,1.7913932729513888,3.3268545899652775,1.1163125126388889
2024-01-25,935196.1609513888,61272190.22636718,2.8732585133680555,1.839256473472222,3.023214121423611,1.1006006482291668
2024-01-26,926619.4422256944,61500247.83144018,2.5129871190624997,1.910459972048611,2.766571709270833,1.274174067673611
2024-01-27,910952.0267048612,61303849.875333086,2.460144678888889,1.9847067190972223,2.6932202580902778,1.1921996075694445
2024-01-28,900422.9963402778,61161815.98474273,2.4524173370833333,2.0113237959722223,2.6313803703819447,1.1371096119097224
2024-01-29,898908.0438958333,61030426.28921819,2.6474478603125,1.9933392499999998,2.903813306527778,1.3015510935416668
2024-01-30,957858.6536493055,65309176.852267146,2.6907790577777777,1.9919567069444446,2.8835028066319444,1.1980856622222222
2024-01-31,987734.3415486111,67027035.69845389,2.6211071345138888,2.0336696112152777,2.901196265208333,1.1448460362847221
2024-02-01,996131.4120520833,66529227.79882538,2.6785775838541666,1.9647402970833332,3.031781283159722,1.1285637447222223
2024-02-02,984038.4924687499,66779315.28830496,2.4862814743055552,2.099134297951389,2.7064821308333333,1.29885997375
2024-02-03,995003.153267361,67977837.39069241,2.5365072266666666,2.157469414513889,2.7028515599652776,1.2876955940625001
2024-02-04,985551.4368090278,66819777.455645785,2.9751649236805555,2.185783623854167,3.135069842395833,1.2849024505208333
2024-02-05,990195.813107639,66882703.8255274,2.9530587571527778,2.2065992949652777,3.2323267133333333,1.2974121898958333
2024-02-06,1017507.1605555556,69227472.72076872,2.9635522214930554,2.282650404548611,3.1115361070138885,1.4210778284027779
2024-02-07,1052642.9892222222,71752298.67594928,3.0081027488541667,2.3055561084722225,3.173801019236111,1.3801792816666667
2024-02-08,1086751.0589965277,74830750.78791705,2.6326253006597224,2.4888152335416667,2.8119216815277777,1.2235983781944446
2024-02-09,1122743.772579861,79550843.38550143,2.343752696666667,2.436363828576389,2.4382867443402776,1.1383229841319444
2024-02-10,1115623.124465278,78766173.84480222,2.629454772951389,2.456659560659722,2.764231904826389,1.333951589513889
2024-02-11,1129551.9917534722,81243957.17789759,2.353549101770833,2.2836592649305554,2.490803706423611,1.1920450283680557
2024-02-12,1132856.5521909723,81162710.63773689,2.5077170575347223,2.3301448797916664,2.6067444950347225,1.1694532735069445
2024-02-13,1213194.8211666667,85921924.26527584,2.8461181639236113,2.258861789652778,3.0562061113541663,1.117032369027778
2024-02-14,1360721.6076458332,94657623.08890267,3.019792682847222,1.8805929004513888,3.655660192986111,1.1701354560069444
2024-02-15,1312623.2105590277,91938406.87461522,2.912767015138889,2.0836432410069445,3.4358985550694445,1.1083884681944445
2024-02-16,1290051.81498773,90719682.41998965,3.0967117038650307,2.257862069386503,3.5195719934355827,1.076709735153374
2024-02-17,1233880.6105555554,86341946.85049182,3.308687507916667,2.4712939996875,3.7448563947916664,1.171580321875
2024-02-18,1236831.49090625,87142325.0563668,3.075781533090278,2.476497818611111,3.4241712284375,1.222884632673611
2024-02-19,1216666.69975,86528351.17170581,3.1606497246180556,2.5520390389930556,3.4374779198263887,1.1061559883680556
2024-02-20,1229211.3287708333,86291799.30598576,3.5156349461805556,2.449267421111111,3.933604967534722,1.1000574359375
2024-02-21,1257008.2971180556,86208950.4169624,3.4524317976041665,2.2320054281944444,4.018311048125,1.0700478319097222
2024-02-22,1241509.2441562498,85689681.37132728,3.3037648043055556,2.2460043462847223,3.7450155298611114,1.142263635763889
2024-02-23,1223605.50871875,83885751.84762388,3.3791562249305556,2.307278573402778,3.9934238449305557,1.0637589872569444
2024-02-24,1229252.4574618055,85950169.148884,3.1015757821180556,2.4090528822916664,3.442400314965278,1.1485286181249998
2024-02-25,1217660.3397118056,85446888.58949395,3.3460981567708337,2.6308022516319443,3.4693242175694445,1.3121006068055554
2024-02-26,1225977.133548611,86554844.66729306,3.3778032283680557,2.593288610277778,3.5890361981944445,1.159167253923611
2024-02-27,1325593.2649826389,98922559.58437906,3.0007275167013887,2.679563076701389,3.1396231310416667,1.039581113298611
2024-02-28,1246568.8102152778,93034813.77159986,3.4375157863194445,2.831663065173611,3.5810459006944444,1.043115996597222
2024-02-29,1241979.848829861,100864772.31557608,3.2772078427430555,3.0248791722222226,3.4617152858680553,1.0218298962152776
2024-03-01,1238430.1681875,104205639.438064,3.259648686805556,2.9104730599652777,3.331302890486111,1.026660766909722
2024-03-02,1194688.875638889,108116681.8233061,3.2926007635069445,3.1185098253125,3.272906573715278,1.0374682113541667
2024-03-03,1144100.5844479166,104525114.88300252,4.077143674999999,2.9249051214236115,3.7429285039930553,1.003680177152778
2024-03-04,1088156.4475156793,98042629.39950383,4.406055055749129,2.715946843205575,4.194359552229965,1.0169183414634146
2024-03-05,1102491.6020902777,96518013.91094016,4.2855976340625,2.2978667916666664,4.312398351041667,0.9898100069444445
2024-03-06,961375.7731319445,80669890.46108349,3.330378951041667,2.5377948125,3.6318665974652777,0.9934966736111112
2024-03-07,950882.7216527779,82175537.30864006,3.566635484409722,2.664234715277778,3.814283176458334,1.0203843229166667
2024-03-08,956585.1543124999,84028777.452064,3.7913607772916667,2.8207383506944446,3.8071379538541663,1.0529175729166667
2024-03-09,962562.2345312501,85568839.69001149,3.7209072715277776,2.7795370694444443,3.806916694270834,1.0621433298611112
2024-03-10,946427.4115798612,83826519.07856083,3.8097468015277776,2.5842294756944444,3.9035997268055556,1.0249238749999998
2024-03-11,1063545.2314479167,102681607.99015297,3.2354293468402777,2.5469557395833333,3.2424446056250003,1.0678224965277776
2024-03-12,1245732.2352777778,122645375.92549592,4.308487117986111,3.13709959375,3.8947418258333335,1.0803742604166666
2024-03-13,1095859.5690625,106564967.01579931,4.979721427569444,3.27872890625,4.909831543611111,1.062807826388889
2024-03-14,1070761.0725347223,102051281.77733299,5.246905020208334,3.013124434027778,5.257118623368055,0.9782483506944444
2024-03-15,1030494.7514965278,91920200.25570594,4.406250808749999,2.9162262881944443,4.748410564444445,0.9985811979166667
2024-03-16,1009220.6567291667,88867610.88278358,3.8425702580902783,2.821995121527778,4.433957775694444,1.0100876388888889
2024-03-17,997623.4078368056,85312504.29957464,3.502684355520833,2.7139310937500003,4.155776045347222,1.0031637812499998
2024-03-18,991239.9054687499,83573539.61995637,3.3573530458680554,2.7010135625,4.020079436145833,1.0288893819444445
2024-03-19,1016726.7687187499,82280475.47252673,3.0512764924305555,2.4454155868055554,3.634982246770834,0.9848804097222222
2024-03-20,1015797.1562847222,82645326.08224688,2.759466884652778,2.388738715277778,3.2645160351388887,1.0536825138888888
2024-03-21,1030579.6032604168,88109514.58938737,2.6341895550347223,2.3506547604166665,2.8636887765625,1.0400210104166667
2024-03-22,1038371.573170139,87077666.75400442,3.1812116996527777,2.389113375,3.4185432537500002,1.0789323229166667
2024-03-23,1050099.0933472223,89862342.0667563,3.165596366597222,2.30244325,3.3843839562152778,1.03033090625
2024-03-24,1051589.349142361,92748703.47507066,3.0235990062152776,2.3636345104166665,3.142749162222222,1.077259767361111
2024-03-25,1029755.5007777778,92871684.46341512,3.4084272955902777,2.480041857638889,3.4972334235763887,1.0663095659722222
2024-03-26,1090455.4787256946,100196338.99359119,3.3145290549305555,2.331098434027778,3.4072940602083333,1.0943992569444445
2024-03-27,1304086.9494166665,124597671.3675614,3.5985307712499996,2.4226398506944444,3.1106367584375,1.0696640381944444
2024-03-28,1261747.2667951388,119998433.96083982,3.777980460520833,2.5436692430555556,3.61356484,1.0174581527777777
2024-03-29,1547499.2365104167,157241893.99421176,2.9817809148958334,2.36713690625,2.651143221979167,1.0992288055555557
2024-03-30,1915487.8232083332,198582060.44581836,3.1638046122569445,2.7587189166666666,2.3552635752083333,1.0830741701388888
2024-03-31,1836751.6296666665,189826265.00674376,3.110347526875,2.8957736145833333,2.8750712807291667,1.0661132118055556
2024-04-01,1799980.1478506944,187472335.0471388,3.648912340763889,3.217901767361111,3.265957020625,1.0298561319444444
2024-04-02,1745684.4179375,178594540.10247043,3.309436489409722,3.3111708680555556,3.1265758404513893,1.0235198680555557
2024-04-03,1745170.8903090276,176078653.65239087,3.419832222326389,3.0650340243055556,3.1657940939583336,1.0202365416666668
2024-04-04,1567216.5029166667,156525656.44152468,3.2199212114583333,2.803397315972222,3.3743318675347225,1.0352109201388888
2024-04-05,1508491.4193125002,148264817.96161523,3.018444121076389,2.742668298611111,3.359795782465278,1.0223385694444445
2024-04-06,1519686.225423611,152025486.48547003,2.3355465169444445,2.7565364201388887,2.6165504026388886,1.074139673611111
2024-04-07,1565341.8783680557,160975133.6195381,2.5068363194097225,2.7214693854166665,2.4814896341666666,1.0523405520833333
2024-04-08,1509856.5208923612,155574346.74364677,2.8136842463541667,2.9164796944444444,2.6935141034375,1.0886622083333333
2024-04-09,1405628.6655,140374405.095636,3.590257361006944,2.9407075069444444,3.418270593229167,1.0604376770833333
2024-04-10,1349545.1585243056,130411511.13750345,3.1638517973958336,2.7562926493055553,3.416207683055555,1.0477861354166667
2024-04-11,1324791.3204305554,128863953.1716126,2.588015974652778,2.5795720520833334,2.9094054862847223,1.0625745104166666
2024-04-12,1296807.85075,122571746.95255525,2.8618421385069444,2.5498802291666665,2.9315739745833334,1.0024047152777777
2024-04-13,1212523.7803229166,101156224.9686903,2.0318066162847224,2.111649861111111,2.4634132902430554,0.9878892083333333
2024-04-14,1002010.4541249999,78061024.98426728,1.6790469624652777,1.7447924131944446,1.9611988461805556,1.0045449791666667
2024-04-15,974538.3211631945,77458799.97673985,1.6005961408680556,1.6877409965277779,1.9235822703125,1.051511034722222
2024-04-16,944851.5998680557,74048622.7660951,2.0679992065625,1.671138704861111,2.3190990388888886,1.0069210729166667
2024-04-17,925325.4688020833,73036774.40764835,2.055791446527778,1.685861263888889,2.283682129097222,1.0370990590277778
2024-04-18,916911.5172222223,73937076.64557633,2.2445794698263892,1.7382135763888888,2.314492285277778,1.0326685555555555
2024-04-19,877678.5042951389,70674041.80502777,1.9216667713541666,1.7706720451388889,2.0646834830208336,1.0485131944444444
2024-04-20,867114.4860486111,72060005.76808424,1.8998297467708332,1.892673295138889,1.9751490713541666,1.0846912395833332
2024-04-21,843579.2976388889,71353315.07196693,2.1569789177083334,1.9590136180555555,2.207854193263889,1.0368724166666667
2024-04-22,828520.0336736111,70545857.62629195,2.1199881811805557,1.9754358958333331,2.2492446447569443,1.0486760520833334
2024-04-23,819938.4022951389,69540745.75136876,2.3416882199305555,1.9378261006944446,2.4416505503125,1.0486435902777778
2024-04-24,836577.4908437501,71649423.29771382,2.3551252089583334,1.9209604062499999,2.391789743125,1.016196204861111
2024-04-25,853879.561732639,71418642.57367845,2.5141733689583337,2.035046815972222,2.4971086124305555,1.0640782256944443
2024-04-26,888262.2210277778,76678550.45823711,2.1203209737152777,2.038028197916667,2.098053031388889,1.0319657673611111
2024-04-27,909006.984107639,77688245.88766566,2.4142049671874997,1.9737966527777777,2.4273987903819445,1.0897304201388889
2024-04-28,893675.553857639,75647667.39414892,1.8914868491319443,1.9754431875,2.2945907300694444,1.105189454861111
2024-04-29,888534.8735729166,74086349.47118017,2.2384470239930554,2.0187784166666667,2.4751649103819444,1.0711981597222222
2024-04-30,869573.8444166667,70185723.27288908,2.5364916294097224,2.0628845451388886,2.757628263263889,1.0210556944444444
2024-05-01,861897.5827395833,67453231.35950452,2.528597310972222,2.1136025034722223,2.689145333576389,1.1023253402777777
2024-05-02,877359.9854756944,70127675.8419599,2.118541431909722,2.066040625,2.2896767636458333,1.1095331805555555
2024-05-03,887981.037138889,71823462.94366553,2.343816090277778,2.0070037465277775,2.382907889201389,1.187532454861111
2024-05-04,892428.6339618056,73221604.38775763,2.5934403166319444,1.9577767326388889,2.5239187740625,1.1200615243055556
2024-05-05,880078.2778680555,71424330.06684673,2.8056218366666665,1.8752461909722224,2.6712777788194444,1.1349081215277779
2024-05-06,883178.7852361111,72088262.16989079,2.652271340277778,1.9140377743055557,2.6271771880902777,1.0531839583333333
2024-05-07,882972.3857361111,71806103.15319204,2.610099721701389,1.8760158298611112,2.627422537916667,1.0075830034722222
2024-05-08,870319.0428576389,70352392.27356428,2.7003752325347223,1.8454763541666668,2.7185139905208335,1.0983248576388889
2024-05-09,866499.53853125,71031033.31845444,2.6048254993055555,1.8532822395833333,2.5808375261458334,1.1849409687499999
2024-05-10,875643.3169479166,71842783.35411052,2.2347024090625,1.8709500243055557,2.361860988958333,1.0623447534722221
2024-05-11,895661.6392638889,72484381.71940944,1.9251907949305556,1.8045030729166665,2.263422487013889,1.2607879270833333
2024-05-12,886082.9548958333,72274091.04076566,2.0530918199305557,1.8744478506944446,2.2652860952083334,1.36932509375
2024-05-13,872073.3281562501,70734866.54313391,2.4685042649652775,1.9482079826388887,2.583242623854167,1.1308225416666666
2024-05-14,885904.5256354166,70773453.2699813,2.4080671866666665,1.9139100520833334,2.690746670173611,1.0596573020833333
2024-05-15,862722.1801284723,68947628.47728473,2.3099926290625,1.85100634375,2.6237142722916666,1.209596576388889
2024-05-16,877223.9534340277,72175778.48450214,2.298897028715278,1.9509292569444443,2.1913520903125003,1.2246578506944443
2024-05-17,889479.94371875,73866518.25675783,2.484885867569444,1.956927503472222,2.2729128431250003,1.6554041041666665
2024-05-18,883443.6660381944,74229767.29783897,2.613124653888889,2.0801438437499997,2.225240961215278,1.1945175277777778
2024-05-19,892587.1605208333,74320930.20340799,2.8028849405208334,2.1078066597222223,2.440308696041667,1.2873711145833333
2024-05-20,906492.1779895833,76291238.70784885,2.811064487604167,2.09260471875,2.5362731384374997,1.1425391458333332
2024-05-21,901533.8097708332,79637041.05844618,2.4823562676041666,2.6433663229166666,2.264913398159722,1.0271760208333331
2024-05-22,917930.8710659723,79670440.78312689,3.062038743715278,2.4881681770833333,2.6123147951736114,1.1914359027777777
2024-05-23,935334.5346493055,80150900.00318941,2.716092009965278,2.3354815208333335,2.5609604909375,1.0874723784722222
2024-05-24,966220.0600069445,82373718.03044076,2.224702626145833,2.375775760416667,2.3309742849305555,1.2288526770833335
2024-05-25,985897.4300451388,83943068.42247072,2.215892545763889,2.511517982638889,2.4191802435416667,1.2912039166666667
2024-05-26,976195.0107777776,82479346.69056636,2.348650052152778,2.5179181111111113,2.5122410966319446,1.2042448090277778
2024-05-27,995551.5966840279,84647828.75285621,1.9618206935416669,2.3230483368055554,2.214926760902778,1.1830514027777776
2024-05-28,1030147.3663576388,86105943.8740564,1.823034966909722,2.3286984965277777,2.104837241215278,1.1041694270833333
2024-05-29,1023060.4826284721,85654200.99513504,2.1680824313888887,2.1634594131944445,2.433031136701389,1.0850303541666666
2024-05-30,1015514.5300243056,85269996.51797809,2.2967195990277776,2.1891434201388886,2.4657188228124998,1.2304966180555554
2024-05-31,1002521.5634895834,83998946.95108174,2.4663675327083334,2.2390597743055554,2.6087297865972223,1.199482298611111
2024-06-01,992086.8377708333,82746152.42342152,2.427867328402778,2.2568154652777777,2.6214032760069443,1.3890267951388888
2024-06-02,1003925.6303506945,83350119.9750767,2.3233537808680556,2.172356611111111,2.5835050720833332,1.1636677777777777
2024-06-03,1000609.9662638889,83540876.15996283,1.715460736111111,2.1516154270833336,2.004811513645833,1.2000925520833334
2024-06-04,1027622.8177673612,84870782.92176932,2.009334073402778,2.1013401631944446,2.3153474272569445,1.1709123229166667
2024-06-05,1023617.2688194445,86339660.54427958,2.6446155684027777,2.1692402569444442,2.5153629205555554,1.3351364444444445
2024-06-06,1036050.0998541667,88198041.06812467,2.9313958409375,2.2876960138888887,2.5714105508680554,1.2481720798611111
2024-06-07,1018120.5642847222,84528648.25966017,2.8057098258680555,2.303632638888889,2.8491181405555555,1.251461763888889
2024-06-08,964866.9182499999,77088319.24605577,1.7356110071527777,2.047420076388889,2.091167915208333,1.137552048611111
2024-06-09,970913.2188958334,77814941.20377973,1.6299673668402779,2.002411951388889,1.993256685763889,2.1920050104166666
2024-06-10,969080.8376979168,77270297.80297452,1.6105854247222222,2.002263065972222,2.0015611753125,1.4326728923611112
2024-06-11,959465.4846631945,74726232.36965981,2.2549007022222223,2.00923334375,2.5779653462152776,1.1204975347222221
2024-06-12,955902.4867465278,74463338.41914791,2.140476535798611,1.9452709687499998,2.542226174027778,1.1111901458333333
2024-06-13,909964.9092118056,71554115.19741192,2.427094594513889,1.8825361145833333,2.5666850605555553,1.084929423611111
2024-06-14,907528.5286354166,71521976.7814186,2.598872438229167,1.8247874687499999,2.6931682130555554,1.0546889305555556
2024-06-15,897359.179375,70549036.04716107,2.7932062389930556,1.8119032152777779,2.9450248949305555,1.3071112638888889
2024-06-16,894812.2389270833,70910391.25397418,2.616858944583333,1.8585832847222221,2.688235476111111,1.334449246527778
2024-06-17,882017.3183020833,68449645.44573508,3.0899518518055555,1.8656402916666666,3.1248825039583337,1.1929308333333333
2024-06-18,852059.0859513889,61946223.08049626,3.289992926701389,1.9492596736111112,3.2489275493055554,0.9533667430555555
2024-06-19,842128.4169861111,62281683.70189574,2.696614082777778,1.9595876354166666,2.8064300040972223,1.256541920138889
2024-06-20,820195.5248784722,60995927.18914183,2.6044539109375,2.0197285555555555,2.6797956317708334,1.1119020347222222
2024-06-21,855941.5505972222,62965186.258302055,2.708003991076389,2.1044283285714283,2.7129745980555553,1.1455761875000001
2024-06-22,865249.9835347221,64214067.45054991,2.608833915173611,2.1737193055555557,2.583701466736111,1.4258338680555556
2024-06-23,868297.1314722222,64631900.26442501,2.6189066949305557,2.1818695555555556,2.553311412847222,1.2673439305555556
2024-06-24,908175.8783159723,63874428.42384798,2.988039450486111,2.092479795138889,3.078952762152778,1.122631079861111
2024-06-25,890985.8468993056,63072248.94831981,2.632494019513889,2.029384670138889,2.855508007395833,1.1918688194444444
2024-06-26,861596.8957986111,61409361.85749039,2.544610056111111,2.054511243055556,2.697912893125,1.2767250763888889
2024-06-27,848017.030625,60813000.022205986,2.5035857476388887,2.0070369756944446,2.5651266172569445,1.2617913680555555
2024-06-28,863194.8091944444,63385646.75274066,2.4994049127430555,1.961417065972222,2.4192848998263887,1.08204384375
2024-06-29,878658.7296770833,65462824.540876836,2.4646774187152776,1.8874719270833333,2.346194111770833,1.1099038229166667
2024-06-30,912728.1356805556,68415922.25584812,2.5540104710069444,1.7180328611111113,2.3571155465625,1.3345703819444443
2024-07-01,904771.614,67826356.59489821,3.0116237645833333,1.8243043854166667,2.7477916800694446,1.1977364409722222
2024-07-02,914642.4199444444,68659756.81071787,2.8890743038888886,1.8108641458333332,2.644851628229167,1.4282416805555556
2024-07-03,898835.5162777777,66844870.593740106,2.862589547152778,1.8241268333333334,2.5928763844791667,1.1299743368055557
2024-07-04,902192.5534895833,62322205.23438345,3.0035083655902777,1.785757284722222,3.0886844631250003,1.1475551631944443
2024-07-05,839896.9894409722,50775203.59914617,2.2389678903472223,1.6167462361111111,2.3973656121527775,1.0592724548611112
2024-07-06,792854.4427013888,50220565.28438659,1.9195152602777779,1.6570560416666666,2.168006472777778,1.1306858819444445
2024-07-07,735683.060875,47073514.72850876,1.9836065010416668,1.762501652777778,2.100705352638889,1.138711715277778
2024-07-08,713522.7325069444,45530925.60433456,1.9181716212847222,1.6174182743055556,2.074055799201389,1.126833340277778
2024-07-09,708828.7500520833,46394563.25806401,2.1581463036458333,1.6543824270833332,2.1950076673263887,1.1269329479166668
2024-07-10,691875.0053194445,45676214.039327115,2.4710945715625,1.6380393715277777,2.399638176597222,1.17885359375
2024-07-11,697485.4655798612,47291806.483258344,2.5242539913194446,1.6365847118055554,2.3816264200694444,1.2724748888888888
2024-07-12,704675.9751875,48346373.30808492,2.5811476217708336,1.5935059375,2.3231849323958333,1.2394303993055555
2024-07-13,729430.8327395833,50943579.89111352,2.0269774079166667,1.5305169027777776,1.9647422411458335,1.3032766770833333
2024-07-14,717741.3571597221,50119742.55807061,1.9979936054861112,1.5842559756944443,1.973350805,1.217596954861111
2024-07-15,709358.1133229167,50130716.83714629,1.793853524826389,1.5566379895833333,1.8509557542361113,1.1752617951388888
2024-07-16,710926.3230104167,51562702.691294,1.7744559484027778,1.5035556388888889,1.7719699663194444,1.145994451388889
2024-07-17,712994.3179409723,51861227.17408849,1.8431385677083334,1.5167596979166666,1.8556112136458331,1.182423736111111
2024-07-18,723353.1114479167,51935768.23869407,2.093806599548611,1.4684853993055555,2.040433258923611,1.1397262152777778
2024-07-19,721739.0823993055,51764213.78638604,2.138689501875,1.4845896423611111,2.0615030202430558,1.2142671458333334
2024-07-20,723672.070625,52929760.04050729,1.583810803576389,1.4856251041666666,1.6276997235416666,1.2684543784722222
2024-07-21,721479.1817256944,52795389.521275096,1.6701074913194445,1.4789798541666666,1.6981825921527778,1.2462432291666667
2024-07-22,723094.5486388889,52707658.701150715,2.0872866323611112,1.5030956493055556,2.0600009896527776,1.0851538333333333
2024-07-23,732169.78103125,52648126.627163194,2.16900703125,1.5257108958333334,2.158657989826389,1.0371478645833332
2024-07-24,700786.9918055555,50918449.11962464,2.0187525094444445,1.5833057152777779,1.8922064819791666,1.1686436770833335
2024-07-25,702615.7449652778,48404034.71359478,2.4133604298263887,1.5441873819444443,2.377670648263889,1.1175320243055555
2024-07-26,683228.3289201389,48411119.73810149,1.8640796850694445,1.5380713159722221,1.9578082958333336,1.3486251354166667
2024-07-27,692973.26790625,49548716.76336081,1.744010122951389,1.6139015069444445,1.8349296301388887,1.3398322986111113
2024-07-28,692948.3890902777,49314176.67415434,1.7946215783333332,1.6872554756944445,1.8843359745833332,1.2461063680555555
2024-07-29,736851.5510277778,54662101.83898856,1.8880260291319446,1.6142376493055555,1.7580388332291668,1.2299427083333334
2024-07-30,768859.9305451389,56212260.491004266,2.402097567673611,1.5766436736111111,2.110231485486111,1.1678325729166668
2024-07-31,793003.5384861111,56748736.28753165,2.9461168620833336,1.5763139791666667,2.721321901944444,1.1863662604166665
2024-08-01,788027.6378055555,54743402.18436577,2.7241987127430556,1.6411005833333334,2.687702164340278,1.091093892361111
2024-08-02,766866.4875520833,51608216.65647856,2.5736951225,1.7246537465277778,2.5492903996527776,1.0252734895833333
2024-08-03,778277.0513125,50516483.084926516,2.3513261689236113,1.6573425659722223,2.3903919069791666,1.1059469687499999
2024-08-04,764494.0628506945,48922058.0847884,2.360010063645833,1.688164798611111,2.307097321423611,1.0588222118055555
2024-08-05,738518.4261041667,40732528.14921395,2.411929858541667,1.4333034201388888,2.294678050486111,0.9989388888888888
2024-08-06,707575.6549826389,41096659.41538459,2.137051899201389,1.4175113715277776,2.169419075138889,1.0480825416666668
2024-08-07,715900.2581076389,41273999.23912701,2.105205532152778,1.360651732638889,2.1029219640625,1.0811081354166667
2024-08-08,729229.5618715278,42844075.52081663,2.258616820763889,1.3446081041666667,2.219031105,1.1607349652777779
2024-08-09,724507.1439652778,43710105.32604255,2.636743392673611,1.4521713854166667,2.392286345,1.0254919652777776
2024-08-10,704643.6085277778,42871576.43061256,2.6584534493055556,1.5562793611111112,2.427481808576389,1.134111809027778
2024-08-11,701640.4960833334,42796933.671592444,2.598521226631944,1.6320475486111112,2.3446684608333332,1.1306695902777777
2024-08-12,698457.6632430556,42491652.96865151,2.4405205893950175,1.7374028612099643,2.2370019659430604,1.103106684027778
2024-08-13,729694.93453125,45466937.872922815,2.6152267562847222,1.7526424131944445,2.292816124965278,1.1027704791666666
2024-08-14,752816.1041909722,48024326.25167947,2.6560485183680553,1.7383299618055554,2.1721316925347223,1.0173952083333333
2024-08-15,814237.3323611111,52816633.95437781,2.1658183955555557,1.6965939652777777,1.7544358167708334,1.1231267569444445
2024-08-16,894788.8328819445,58899950.7414423,1.7724499050347222,1.5741916041666668,1.5032228390625,1.1199847222222223
2024-08-17,940785.3730000001,62982596.17211611,1.3043408515625,1.5390825555555556,1.1292544714930555,1.1641024131944446
2024-08-18,929074.5152222222,62365326.928370155,1.0603106101041666,1.514462875,0.9914849411805555,1.2125636840277778
2024-08-19,904304.7050034723,60155486.76097723,1.620349847361111,1.4756488854166667,1.4517188017361111,1.2080596180555556
2024-08-20,908722.8756180556,59688240.50542845,2.0058253168055553,1.4517143784722224,1.8224637608333332,1.2667432777777778
2024-08-21,893412.6261631944,56738261.87142892,2.5328451290972223,1.4403142256944443,2.3418281047222225,1.1937045
2024-08-22,853190.3457465278,54147099.26028846,2.4939003929166663,1.4279619340277778,2.2683355084375,1.0502060590277777
2024-08-23,834667.5690590278,53889491.48733702,2.392029000138889,1.5173413020833335,2.1969526402430555,1.1167629097222223
2024-08-24,815432.481,54381484.42937541,2.2605607987500003,1.5574251875,2.05865621125,1.2383540868055556
2024-08-25,802763.7991631945,52491965.75059584,2.638553044201389,1.6542920833333334,2.2980795541319443,1.19712421875
2024-08-26,803428.71759375,51502887.335365154,2.6280387736111113,1.559695045138889,2.3550643059722223,1.1375703402777777
2024-08-27,809116.8125763889,50876554.797878824,2.068227900694444,1.5169760972222222,2.051911007951389,1.1271738090277779
2024-08-28,768584.5389305556,46877631.624663144,1.9976037245486111,1.4931620520833333,2.0454920163541668,1.0439794895833332
2024-08-29,756899.3007291666,47231489.852531366,1.9079762056944445,1.5037772395833333,1.9279715284027779,1.0638443333333332
2024-08-30,779575.4099236111,49222106.27925099,1.721674987152778,1.4629873645833333,1.7142002755555557,1.1008136770833332
2024-08-31,850658.2440902778,55625005.65122638,1.5864761738194444,1.3942914270833333,1.4488570026041667,1.1491667743055556
2024-09-01,862854.0676006945,55483785.28362055,1.7961109569097222,1.4085267916666666,1.6599910225,1.17089559375
2024-09-02,872973.3098125,55946313.79249546,1.9415534016666665,1.3239139722222222,1.7681271159722223,1.1894798784722223
2024-09-03,905751.4215555555,59275336.19723724,1.6580387215972223,1.2763064479166666,1.543190602673611,1.0748282569444445
2024-09-04,953682.3703715277,62208612.900374666,1.5861587516666669,1.2424313402777778,1.5301695727083333,1.2271298229166667
2024-09-05,984078.425642361,64754908.011089854,1.692300464027778,1.2925227118055556,1.580712431388889,1.2436215347222221
2024-09-06,978206.5661527778,63350102.04579829,2.0812445749305555,1.2651488680555554,1.8579070169444445,0.9974675798611111
2024-09-07,976171.8791736112,61558771.680591956,2.553723918611111,1.2511577951388888,2.256449732048611,1.2949101527777778
2024-09-08,994974.9912291666,61097526.88933248,2.2599957826736112,1.2071316180555556,2.235885422673611,1.279242451388889
2024-09-09,1023559.1366145834,62087812.55538283,2.2202626828819443,1.191693017361111,2.3993751786458333,1.090753746527778
2024-09-10,993501.9824444444,60619023.08810249,2.151252244236111,1.33402825,2.282220106076389,1.0279214930555556
2024-09-11,906963.0778298611,55753109.43271505,2.23152918375,1.4157794513888888,2.2938257114930556,1.1298973784722222
2024-09-12,840442.2063541667,52334518.58309732,2.117403766770833,1.3896217847222223,2.148524187673611,1.1163018159722222
2024-09-13,822138.4876111111,52292363.43768922,1.8623830384722224,1.3796034756944444,1.874673225972222,1.1777017326388888
2024-09-14,803008.2680798611,52777014.4105254,1.8300217578472224,1.3525909826388889,1.7373462687499999,1.1432220833333333
2024-09-15,796278.3399513889,51577055.89599621,2.107266079236111,1.3758090902777778,1.9313154130208332,1.3692382395833333
2024-09-16,754025.2595277778,47357874.889381774,2.2510417902777777,1.4061064166666666,2.128670194513889,1.1563271840277778
2024-09-17,748757.3718645833,47189628.90267851,2.302966942986111,1.3678040277777777,2.2263916457291666,1.3040702395833332
2024-09-18,743594.9708958333,47355584.57692917,2.316986867222222,1.3516345902777778,2.1698462223958335,1.052357951388889
2024-09-19,731612.5655416666,47766811.41539229,1.8840056491319446,1.3800455069444444,1.8562667909722224,1.1551198298611112
2024-09-20,731592.6716145833,47893824.141224496,2.0156872309375,1.4387043333333334,1.9589474277430554,1.2137163090277778
2024-09-21,731060.5117500001,48194079.77388361,2.1403651030208333,1.4758911145833333,2.0668502382291667,1.3332156493055556
2024-09-22,756655.6345451389,50901353.25300368,2.0631965125347222,1.5220079618055555,1.8294310496527777,1.1468146805555555
2024-09-23,806441.2063229167,54555403.28819748,2.106621484201389,1.4169469270833333,1.9040185413541666,1.2996617430555555
2024-09-24,792350.2499930556,52690531.45820803,2.295572975798611,1.4867376145833333,2.1496132200694444,1.2942127256944445
2024-09-25,800534.5681041667,53453052.83404586,2.417201813125,1.48816140625,2.192166254618056,1.3423408472222222
2024-09-26,787820.9545243055,53136780.96541901,2.1662420798263886,1.5381865243055557,2.0088031464583334,1.2498029930555556
2024-09-27,814620.9754097223,56812277.44286693,2.044148764548611,1.5260314583333332,1.896650072013889,1.1500975208333335
2024-09-28,835018.9951493056,58556484.319472,2.0526910976041663,1.6178353958333334,1.8548487406249998,1.2359704097222222
2024-09-29,817071.7664756945,56707620.39823305,1.9928297759722224,1.5701492256944443,1.9077493201388889,1.3608829895833334
2024-09-30,830359.1539270834,56097846.80504209,2.1471974655902777,1.5746893159722222,2.0973319373958335,1.121013611111111
2024-10-01,810646.9202951388,53780775.84084598,2.2160178141319444,1.5307799930555557,2.193823199791667,1.0495976666666667
2024-10-02,777217.3161111111,49471508.29943746,2.2233328765625,1.570534670138889,2.287628063576389,0.9797451805555555
2024-10-03,741122.6965104167,46809371.9230346,2.3088932552430554,1.5604559826388888,2.3773555108680555,1.1606008854166667
2024-10-04,732979.4732604166,47212116.899221435,2.3313781120833337,1.5430808645833334,2.333735616666667,1.287405388888889
2024-10-05,727125.2645555555,47652239.54331171,2.2017108598958335,1.52909565625,2.149915507986111,1.3418922569444445
2024-10-06,766043.4791840278,51340500.832894094,2.0362103510069445,1.5079073368055556,1.9183591770833333,1.1751484930555556
2024-10-07,787826.4035868056,52402060.19698309,2.4580138478125,1.5191168645833333,2.2004251409375,1.3036601180555556
2024-10-08,788996.3060173611,51618290.44326642,2.3847032261805556,1.5142465034722223,2.3100724271527775,1.0819719374999999
2024-10-09,784485.5850798611,51209444.964876704,2.3983302808680556,1.5122336354166666,2.2656669148958333,1.196426329861111
2024-10-10,784178.2248680555,50532337.890551165,2.408410140590278,1.4680237118055555,2.3265788701041665,1.3432721180555556
2024-10-11,777606.6319548611,50646086.55700461,2.3867141925694444,1.4335924722222222,2.3131405225,1.4156540069444443
2024-10-12,774044.7899652778,51114676.94959771,2.4600754448958333,1.382151298611111,2.2698548847916666,1.3783069930555554
2024-10-13,779243.40484375,50848152.412953176,2.5764630435416667,1.370092017361111,2.396689119826389,1.3944132916666667
2024-10-14,790955.13253125,52147452.40752055,2.578236894826389,1.3802630520833334,2.4333732538194446,1.0815445902777778
2024-10-15,831703.7294513888,56436076.75081587,2.684519112222222,1.4814314444444445,2.355208182673611,1.0085934618055556
2024-10-16,937080.0874097223,66433613.03608419,1.8184987346527777,1.5456241875,1.6959625382986112,1.1911163506944444
2024-10-17,1008117.0600381945,72177247.51901372,1.783431873576389,1.5360720104166665,1.6437390403819443,1.1089572048611112
2024-10-18,1067008.0700381945,77675714.02216123,1.4899247476388888,1.5633488958333333,1.3749955457291667,1.116562875
2024-10-19,1047167.010486111,78204427.0927276,1.3711846502430556,1.6295494826388888,1.2271290959722223,1.226342045138889
2024-10-20,1031427.6501805554,76963730.95472129,1.3047771851736112,1.6253624097222223,1.1750262921527779,1.2824119236111111
2024-10-21,954739.0043680556,69220606.1121363,1.8301850800000001,1.6412282291666667,1.5862691963194444,1.1611410798611113
2024-10-22,889591.3862118055,62565474.42049544,2.3271052923958333,1.608497638888889,2.0820410315625,1.1929998958333334
2024-10-23,868626.2536076389,60073507.0557074,2.501757041875,1.5735596319444445,2.3431432446875,1.0815716493055556
2024-10-24,844818.5524791667,59452199.256522216,2.1861897148958334,1.5854615069444444,2.1709728075347225,1.1318250729166666
2024-10-25,861122.6731979167,61365765.968915835,2.042429098298611,1.6039458923611112,1.9855019196180557,1.0969286493055557
2024-10-26,871810.3563506944,59993434.60992779,2.0857323185069445,1.5452208055555556,2.105818337951389,1.1556534618055556
2024-10-27,859292.1615277778,59939949.24611829,1.9942846457638888,1.5537124583333333,1.9570080646874999,1.2010580520833334
2024-10-28,863681.7064125874,61092258.99299108,1.9772009966783217,1.6536446468531467,1.724436011083916,1.1088460524475525
2024-10-29,878904.4325104166,63831301.68203688,1.8733621514583332,1.812590496527778,1.6263692341319445,1.0356817013888888
2024-10-30,900773.6234513889,65296914.57176091,1.8608523699652777,1.7697883645833334,1.6226422888541667,1.2261742291666666
2024-10-31,878026.94346875,61993362.35100436,2.1681589820833334,1.7299122708333334,1.936333671388889,1.2510581875
2024-11-01,839134.8231423611,58346809.417218566,2.389907615555556,1.7733118020833334,2.2103638503819445,0.9896581284722222
2024-11-02,824033.9848854167,57704875.456195764,2.2112826818402778,2.0873638298611112,1.9942304790625,1.1627826944444444
2024-11-03,831469.0613784721,55943210.44224903,2.5443539840277776,2.0124115034722223,2.384064924513889,1.0980055902777779
2024-11-04,855363.5086736111,56921404.0353484,2.4763680838194446,1.838438260416667,2.320833206527778,1.1414874270833333
2024-11-05,874626.9200069444,57998703.26156088,2.407821173263889,1.8124338090277778,2.326923239826389,1.1573799861111111
2024-11-06,887861.8097986111,61706275.648971185,2.254236515034722,1.7313651319444443,2.1850734191319443,1.0650449756944445
2024-11-07,863637.8492187499,61499565.42292893,2.2854399729166666,1.8732159270833333,2.0646405115277777,1.113535607638889
2024-11-08,887814.5008020834,63700390.190829344,2.202478453263889,1.9257219375,1.972561709236111,1.1593026076388888
2024-11-09,898627.7894444445,65542394.84451631,2.2212321696180557,1.9634448298611114,1.9672386716319445,1.2223161770833333
2024-11-10,953149.4347847222,72915606.21841215,2.2357127430902777,2.0448974236111113,2.0858529377083332,1.0801497638888888
2024-11-11,993912.5775520833,76949946.34576036,2.4690024662152776,2.2595774930555557,2.187773192222222,1.039006027777778
2024-11-12,1134736.0710937502,88264883.16046005,2.827076355763889,2.879086291666667,2.4503481249652777,1.0252122187500001
2024-11-13,1133219.4643020832,84753379.06640953,2.953310040451389,2.8749012291666665,2.4577788447916666,0.9685066284722222
2024-11-14,1180391.734232639,95038507.68278891,2.339631733854167,2.8540827847222223,2.1140792759722222,1.0171720868055556
2024-11-15,1187633.2777916668,98314347.56492788,2.2569556368055554,2.8341566909722222,2.060601856284722,1.0755535416666666
2024-11-16,1179697.1127430557,105859667.65917774,2.142065139618056,2.9694114305555552,1.9843948734027776,1.150465201388889
2024-11-17,1320244.6700034724,118090326.38117108,2.9396022871180554,2.5972838506944442,2.663686382638889,1.0621567881944445
2024-11-18,1258941.0610034722,113816546.18214558,3.0735100098611112,2.6717802847222223,2.877109057916667,1.042739642361111
2024-11-19,1260036.5087465278,110919298.20492512,3.4286405687152777,2.9897648125000003,3.270984838993056,1.016543347222222
2024-11-20,1173297.362701389,100020714.86364357,3.3936942548611113,3.238127982638889,3.309901935034722,0.9868977152777778
2024-11-21,1158172.8523645834,102095181.56829709,2.7976683094791666,3.351296392361111,2.7604992462152778,1.0889549236111111
2024-11-22,1163433.725454861,105085772.63598171,2.964628986701389,3.37145540625,2.7173828903819444,1.0297415104166667
2024-11-23,1372497.8958958334,138367447.41548598,2.9298875000694444,3.5098396979166666,2.539226863923611,1.0403011284722221
2024-11-24,1373322.7109895833,134693494.0841986,3.4437825829861115,3.85243628125,2.9356144800347224,1.0115847916666665
2024-11-25,1372357.931465278,131766113.27669106,3.686395065486111,3.8236583194444447,3.216008896284722,1.0464597048611113
2024-11-26,1358208.8414895833,125034475.03333288,3.3689474900694445,3.588267100694444,3.0493437228819444,1.031784048611111
2024-11-27,1374150.057486111,131315515.88643683,2.9386829428819445,3.502738694444444,2.6580498776041668,1.0851120381944446
2024-11-28,1351978.669534722,129673757.93203671,3.4029134488194446,4.0374282881944445,2.900619657361111,1.0071354305555555
2024-11-29,1342008.3957916666,132525436.39071319,3.1049352242708332,4.001704444444445,2.643139915729167,1.142513659722222
2024-11-30,1407536.0634375,143765759.9708687,3.082923151423611,4.027561413194444,2.5033231421180555,1.1426232118055557
2024-12-01,1483537.4256145833,156526567.37955034,3.1319816571527777,4.033111892361111,2.548912203645833,1.1399162013888888
2024-12-02,1730502.91946875,215281051.657945,3.0655522478819446,3.8866906770833336,2.487682164236111,1.03109615625
2024-12-03,1724970.9881909722,225224040.65803674,3.863525360902778,4.649429642361111,3.007839275138889,1.0617614444444445
2024-12-04,1713576.8899409722,221729566.1043796,4.239123358819445,5.187917177083333,3.4639011322916664,1.0085268993055554
2024-12-05,1675125.4193125002,226135863.80281416,3.742911807430555,5.923621569444444,3.089108452916667,0.9982033055555556
2024-12-06,1699260.799125,229799358.16811523,4.216697200034722,5.746401545138889,3.6376967235069446,1.0940041805555554
2024-12-07,1698668.5852638888,230763237.83798328,4.385989532118056,5.4644921180555555,3.7508955342013888,1.0612427534722224
2024-12-08,1621086.1135486113,216156940.3324705,4.407311123368056,6.063696447916667,3.969005375208333,1.0452043576388887
2024-12-09,1568436.0205104167,194875707.81381217,4.416777788020834,6.1517858784722215,3.8591828482638886,1.0034801319444444
2024-12-10,1256036.4168541667,138166699.41097975,4.203252455972223,5.533660409722222,3.6054638963888888,0.984409267361111
2024-12-11,1207434.9198923612,136576136.80880582,3.922170505034722,5.098485420138889,3.3977565790625,1.0713621284722223
2024-12-12,1147960.8848541668,138762996.50732958,3.8302516521180556,4.758127520833333,3.1978977739930556,1.0508958020833332
2024-12-13,1112019.608125,134075127.64974901,3.9967674343402777,5.3075861458333335,3.175673432326389,1.0282389097222222
2024-12-14,1127005.558079861,135955553.45924294,4.079361453680556,5.309823864583333,3.1411924860416667,1.0536211840277778
2024-12-15,1132525.3164791667,133924458.96750623,3.94935788875,5.231384256944445,3.1616433871180556,1.0938733541666668
2024-12-16,1205648.13840625,144481245.50569952,4.136702869166666,5.138871517361111,3.2842355222916666,1.0990619270833333
2024-12-17,1315630.7475347223,158348179.71390763,4.067941631840278,5.342265746527778,3.268713714895833,1.124838795138889
2024-12-18,1519500.3045694446,180214114.9823906,3.8751785844097224,4.055909444444445,3.014248658263889,1.078440559027778
2024-12-19,1461846.2583680556,155198208.2975992,3.6678556983333337,3.2300655833333334,3.217236983923611,1.0066550625
2024-12-20,1270938.2307013888,124321222.6933918,3.334724883576389,3.2806123055555556,2.8631574413194443,1.015649815972222
2024-12-21,1231580.400857639,125409989.8215757,3.067294518125,3.3929467013888885,2.4748333384375,1.0417261458333333
2024-12-22,1240181.1519548611,124776312.91040547,3.0723692958680555,3.388705621527778,2.431750338472222,1.036935079861111
2024-12-23,1262161.1389097222,129358576.56162702,3.057464579965278,3.4735579479166665,2.4346264278819443,1.0594200694444444
2024-12-24,1287396.5507569443,138345339.78520957,3.2192794537847225,3.4685108194444445,2.5031781436805556,1.1041940104166668
2024-12-25,1260819.7587916667,136892441.91572553,3.367627024375,3.8087359340277778,2.496183703680556,1.094209767361111
2024-12-26,1251855.7164930557,131035088.2708668,3.551161872465278,3.6831727881944443,2.635924614756944,1.1126764687500001
2024-12-27,1240572.2192083334,127704972.66672322,3.3863631506597223,3.908052232638889,2.721454617638889,1.1122992777777778
2024-12-28,1249568.4569479167,125116758.44453157,3.4981838268055556,4.2441722465277785,2.8858747293402778,1.2136017916666666
2024-12-29,1271547.7488298612,126879116.51297954,3.4762491112152776,3.759076097222222,2.858220674409722,1.2121940381944443
2024-12-30,1235929.0913194446,124287026.1497162,3.0844099046180555,3.779711802083333,2.592314461423611,1.0809657916666666
2024-12-31,1219976.4094027777,123695070.45082267,2.9377748685069442,3.9775597048611115,2.444422563472222,1.1022407395833334
2025-01-01,1239186.0979027776,129566402.3789956,2.9646304887152777,3.499572513888889,2.3209053480208333,1.1447688576388888
2025-01-02,1212501.3871909722,128671610.25770164,3.3022061409722223,3.4554341979166665,2.5250768412499998,1.1151039861111112
2025-01-03,1203939.6867048612,130420530.68143784,3.512131082326389,3.538674729166667,2.564270678715278,1.1310232777777778
2025-01-04,1219887.1119097222,135913388.5806462,3.675082015729167,3.650543229166667,2.5648665993749997,1.19300353125
2025-01-05,1226229.224298611,137529802.01026055,3.6803090462847226,3.564104104166667,2.6492895464236113,1.0749908090277778
2025-01-06,1253854.1257847222,143284237.5345229,3.2870391368055554,3.464247,2.424061682708333,1.1887521909722223
2025-01-07,1240628.1030416666,136109329.8743504,3.443963442673611,3.3967497881944446,2.6683996295486114,1.1228688229166666
2025-01-08,1180087.6961423613,120697413.73828414,3.343619503263889,3.2728231250000004,2.875564805798611,1.0594005902777779
2025-01-09,1183517.3018993055,121341825.82349832,3.009152661909722,3.1785952743055557,2.6605287236458333,1.0593214409722223
2025-01-10,1207219.0229756944,126097490.48501484,2.9178921133680555,3.013009513888889,2.5850084907986113,1.1564189652777777
2025-01-11,1142702.0890277778,118205329.78134415,3.1976940857291667,3.198800013888889,2.745106042986111,1.0511693645833333
2025-01-12,1062920.93759375,109991241.70767717,3.325871341111111,3.320290447916667,2.768063843125,1.130193732638889
2025-01-13,1068682.0595833333,104539756.83975649,3.3388990928819444,3.6076403576388887,2.8493663252430554,1.0520767708333334
2025-01-14,1013394.3100520833,101244599.8893938,3.213158104826389,3.905729434027778,2.797372190104167,1.1607271250000002
2025-01-15,1006721.8675659723,104763860.49913315,3.375714001076389,4.782579232638889,2.719200191944444,1.2088835277777779
2025-01-16,1325838.5989027778,161506155.72353327,2.7279296714583334,3.7194793611111105,1.9754937352083333,1.0957958402777779
2025-01-17,1604320.368857639,216938485.54154718,1.9130101806944444,3.3306228819444446,1.4990608522569444,1.0873268125
2025-01-18,1550379.2339583333,198093375.62582263,3.235082944027778,4.908463652777778,2.3331649458680555,1.0897997118055556
2025-01-19,1382057.70775,167517378.8365886,4.155342253333334,5.879102385416667,3.0340131152083334,1.020120923611111
2025-01-20,1283531.092107639,152653687.3558843,3.806541118333333,5.837303364583333,2.9333257471875003,1.0732571597222222
2025-01-21,1245688.423763889,147876796.78718913,3.8909098028472227,6.1342927395833335,2.9519169123611113,1.1077325416666666
2025-01-22,1256864.4694722223,146879351.0377479,4.021429899513889,5.617168611111111,3.1128612810069445,1.1113492465277777
2025-01-23,1229728.8216840278,140245511.73042363,3.787814169503546,5.276765194444445,2.9942710170833333,1.0810154340277778
2025-01-24,1183082.2257708334,139328311.62180254,3.601645127430556,5.187428180555555,2.8492665358333333,1.092302559027778
2025-01-25,1320325.6681041666,163948404.10996553,2.671574672708333,3.0603956284722225,2.179253143055556,1.1688848125
2025-01-26,1338111.600826389,164069180.10012627,3.1345689528472223,3.0123398402777775,2.5238465173958335,1.1921510694444446
2025-01-27,1231235.769579861,137697111.57322523,3.988841899027778,3.6353234583333336,3.2931561873958333,1.0817437395833334
2025-01-28,1195903.795736111,136299843.63872245,3.4018101065972224,3.801056625,2.786037100972222,1.1558072847222223
2025-01-29,1182269.4039131945,133927053.0501098,3.279383487395833,4.011044927083334,2.775018119201389,1.0454260173611112
2025-01-30,1373231.8788645833,175187912.7705658,1.6168606601388888,2.887241996527778,1.4060245096875001,1.1511218472222222
2025-01-31,1453317.385625,187371385.82740033,1.7002770257638888,2.872138194444444,1.377217507777778,1.1145748923611112
2025-02-01,1389323.9540069446,173073895.41757596,2.5043462421180553,3.420611722222222,2.0263083409722222,1.054907986111111
2025-02-02,1351629.4129270832,154683910.8686658,3.7657485940277775,3.605515229166667,3.0531310014583335,0.9993500902777777
2025-02-03,1044333.3662465276,103587151.09714752,3.527038054166667,2.8695966875,2.950565827832168,0.9906659479166667
2025-02-04,1018147.3945625001,104540230.44965947,3.2220968723611114,2.916975579861111,2.666895868125,1.0669376875
2025-02-05,1037902.9090590278,107826099.94511943,2.672764619513889,2.477051,2.286925837916667,1.0883992395833333
2025-02-06,1107313.469875,115570823.12694,2.3799122441666665,2.0625176944444443,2.1323293612847225,1.0507774895833333
2025-02-07,1151146.2625034722,119898014.98775119,2.2796592764583337,2.079199142361111,2.1040459555555557,1.0312434340277778
2025-02-08,1185756.6602673612,122749226.13068244,1.970094638090278,2.2454943229166666,1.8614559470833332,1.04487421875
2025-02-09,1201758.3100104167,127928887.39431763,1.8727326673263889,2.8638047395833333,1.7170830084722222,1.0686618715277776
2025-02-10,1348715.210236111,156838763.9530226,1.5328530503819444,2.8884991006944443,1.3855548414236112,1.0999643854166665
2025-02-11,1596890.8049166666,199213020.2629264,1.3742858214930556,3.438013173611111,1.1901848130902777,1.0824043437500002
2025-02-12,1563850.5537708334,185222651.00263408,2.1224492388541667,4.145846611111111,1.8416514794097223,1.0849531770833334
2025-02-13,1508170.3720555557,186042075.99741817,2.046800435277778,3.7852981840277775,1.7413617463541666,1.0993741111111113
2025-02-14,1586001.100625,202333773.3669584,1.7404226700694445,3.958956149305555,1.4796779399652777,1.0482461006944446
2025-02-15,1680608.2059305557,219648734.27851927,1.437434401909722,4.086069079861111,1.2041729433680555,1.0758302187500002
2025-02-16,1769499.1526944444,231393690.42111593,1.463946182013889,3.677538541666667,1.24666268625,1.093143579861111
2025-02-17,1687853.4080416665,209525154.18747783,1.9536354832291667,4.214896753472222,1.8287547434722222,1.027547173611111
2025-02-18,1695656.178875,211850963.6968775,1.9352301128472225,4.0743128368055554,1.8147194519791665,1.1193503194444443
2025-02-19,2029834.74259375,273439910.01769096,1.1392657171180556,3.28217625,0.9730517269791668,1.1067678541666668
2025-02-20,1999863.0533125,259669791.15343273,1.5578503410069446,3.955314163194444,1.4173709743402778,1.1752958993055556
2025-02-21,1825364.7657881945,242337671.06778267,1.629028751423611,4.473514940972223,1.4665198880902777,1.096896659722222
2025-02-22,1774637.151253472,226973337.763227,1.9351281221180558,4.033601548611111,1.7896177148611112,1.04413425
2025-02-23,1816766.1081666667,231536184.38173664,1.981784876284722,3.7757545833333332,1.8217881193749998,1.0177823715277778
2025-02-24,1821822.6746145831,224520320.95116073,2.4484926606597224,3.4827777395833333,2.178273632638889,1.0402028958333334
2025-02-25,1578531.3182708332,178204858.32712725,2.8923430023263887,3.894706701388889,2.588913353541667,1.0388961319444445
2025-02-26,1645219.500142361,201533302.87749714,2.2193887908680554,3.3527812291666668,1.9512449059027779,1.1059684756944443
2025-02-27,1778202.4176527776,225795044.53026652,1.9839944630208335,4.03648790625,1.6978537747222222,1.104456982638889
2025-02-28,1703729.3280381944,209261108.5382121,2.4177066399652776,4.037339600694445,2.011780944965278,1.0253258333333333
2025-03-01,1752048.846798611,220792650.78707516,2.112139550034722,4.14495354861111,1.7241056905902779,1.1329036145833333
2025-03-02,1636684.9349166667,202238596.00076956,2.293658537881944,3.803270215277778,1.9838355463194444,1.0694643923611111
2025-03-03,1540793.891361111,180910159.6409071,2.5894031711458334,3.2222796701388887,2.3845656665277777,1.03049303125
2025-03-04,1470250.581486111,151544237.00641125,3.0280127551041667,2.8383326979166665,2.9322762367708335,1.0039326805555555
2025-03-05,1433719.2425555557,148423904.79055005,2.4556846700347226,2.5310274756944446,2.522763392638889,1.08137725
2025-03-06,1371738.5078090278,145317413.49735725,2.441232854340278,2.330883989583333,2.4766588230555557,1.1288226875
2025-03-07,1337615.1520451389,137967880.91691318,2.906059461597222,2.3995676909722223,2.8756570822569447,1.0480786041666665
2025-03-08,1327784.5790381944,138814469.1694463,2.7305518634375,2.7407987118055552,2.6685639174305553,1.0975436215277776
2025-03-09,1362783.2975069443,134971270.6035393,2.5987062160763887,2.7662609201388886,2.644749058576389,1.0940310173611112
2025-03-10,1383532.9760520833,129248797.20929784,2.6154902180902777,2.8257165833333335,2.669919383090278,1.083225732638889
2025-03-11,1379601.526829861,123004047.59400585,2.5509876168402776,2.8130187916666665,2.529878705486111,1.0020031909722222
2025-03-12,1331236.570451389,120126634.36343509,2.275222438576389,2.694849423611111,2.2271650041319444,1.0610462256944446
2025-03-13,1346565.4017604168,119821344.33073868,2.2278298417361113,2.783568229166667,2.1596501661805556,1.1576902569444445
2025-03-14,1362335.4228402777,123036514.28880197,2.5662417471875,2.8860965,2.406326500763889,1.1188607361111111
2025-03-15,1372846.9070381944,127098601.86319907,2.4727081175694448,2.9266344375,2.2903965330208336,1.1699004652777778
2025-03-16,1408037.0073541668,127887485.58320448,2.1682854423958333,2.8713228055555557,2.1144185474652777,1.1071869305555557
2025-03-17,1460470.1100625,135699941.48559737,2.4565233536805557,2.9524581770833334,2.2531197296527776,1.0740528263888889
2025-03-18,1438508.7190520833,128245892.43702592,2.233995723125,3.0434337152777777,2.2556350040972224,1.0668831284722222
2025-03-19,1390136.4078993057,126735728.80055067,2.0879721199652774,3.196374138888889,2.1417662589930555,1.1123552118055555
2025-03-20,1370808.2826979167,126794781.02087328,2.198481505416667,3.4185312916666666,1.9941257278124997,1.0406389895833332
2025-03-21,1362193.970392361,126373005.41416447,2.1297754552083337,3.7970539965277776,1.935663931076389,1.1106295937500001
2025-03-22,1334629.2509444444,121763099.65727513,2.178908647847222,3.608194607638889,2.135945982673611,1.2585343993055556
2025-03-23,1328746.8031354165,121869639.72115557,2.0717268055555556,3.579797746527778,2.043777382777778,1.2605271770833335
2025-03-24,1361657.4059305554,127166857.14291331,2.3730752295833337,3.856618815972222,2.187432515625,1.1611623229166665
2025-03-25,1375498.5539652777,128201111.3189648,2.2990031547916665,3.8050047118055557,2.1794676344444444,1.071237638888889
2025-03-26,1372885.2433645832,129095982.149898,2.5193118726388892,3.729366392361111,2.2924861591319448,1.1024827430555557
2025-03-27,1339746.5653958332,125161265.32787138,2.2604203658333333,3.7587037152777776,2.1851397144791664,1.1093123055555556
2025-03-28,1361606.4857361112,120696769.52441041,2.250190445347222,3.3422377500000002,2.231865298298611,1.0825784930555555
2025-03-29,1379479.2624479167,118844955.3249484,2.3116269981597224,2.9305268333333334,2.3552438547916665,1.1042187395833334
2025-03-30,1402117.1639305556,120710586.51666445,2.1905246297569447,2.617534034722222,2.297553720173611,1.31181959375
2025-03-31,1428589.568125,119469836.60892433,2.482506756840278,2.4792431006944446,2.5611055244444447,1.100156079861111
2025-04-01,1410013.716954861,119060731.08123219,2.663801133680556,2.5393600069444444,2.7020461158333333,1.121945347222222
2025-04-02,1455191.833517361,121628732.2937774,2.502632149548611,2.5031101875,2.5323451971527775,1.0920983645833333
2025-04-03,1461335.6979583334,120776719.48545116,2.139631143611111,2.520464638888889,2.1957590797916664,1.1271361111111111
2025-04-04,1440950.0617708333,120665940.05209583,2.0808265383680555,2.6506997256944445,2.0504738465972223,1.1175452847222223
2025-04-05,1412327.959847222,117593326.59977111,2.363330719965278,2.8329962430555558,2.241953840347222,1.1883276388888888
2025-04-06,1422673.8323888888,111861101.82396771,2.2817781804166666,2.6764620624999997,2.3264603907986108,1.1562638854166667
2025-04-07,1424180.54025,98198230.25213845,2.5618556996180555,1.8559193402777778,2.4420717955555555,1.0389810069444445
2025-04-08,1351482.0365173612,96048993.25636998,2.2912156851041665,1.8714528159722223,2.1338251964930555,1.0286334166666666
2025-04-09,1384820.5866770833,99961043.95279235,2.466585088125,1.9613916770833333,2.277611672465278,1.0763033784722222
2025-04-10,1479374.0014791666,109011231.09782599,2.5803057883333333,2.6798472430555558,2.2334183044791667,1.0690916944444444
2025-04-11,1437379.045017361,109156578.028631,2.094483425520833,2.6650126006944443,1.9136950544791667,1.0514714618055556
2025-04-12,1431117.0758819443,110342804.08556554,2.2119945156944443,2.4080493437499997,1.9348104260069445,1.1317856597222222
2025-04-13,1422871.3493854168,111466775.19251291,2.165120561284722,2.422067642361111,1.8506426555902777,1.0830278090277778
2025-04-14,1406170.5605659722,109465183.78073908,2.2300175636458333,2.484464736111111,1.992200264826389,1.0950606631944444
2025-04-15,1396692.3094131944,107427655.52731788,2.564189305795053,2.400026918727915,2.212649820035336,1.1059510694444445
2025-04-16,1427394.155628472,107311027.72701791,2.503542646666667,2.3795607291666667,2.1830164621180557,1.1321061875
2025-04-17,1434611.3418472223,107663223.23206124,2.865203548576389,2.331107326388889,2.4045691910069444,1.1068871527777777
2025-04-18,1439017.3265381944,108963291.16819793,2.615679543402778,2.3528717500000003,2.2621453927430557,1.1433323125
2025-04-19,1462783.4281006944,111234058.63183124,2.3874725135763892,2.327654652777778,2.1800897067708336,1.1521456805555554
2025-04-20,1470224.4355069445,112618798.19740845,2.5487896150347225,2.276602482638889,2.263721358159722,1.1016133750000001
2025-04-21,1498299.6006145834,118657462.97533602,2.825057473159722,2.2364968333333333,2.2577579330902777,1.150277701388889
2025-04-22,1536368.454107639,123944879.47843316,2.198530546284722,2.4322328333333334,1.948678274027778,1.0749169895833335
2025-04-23,1492408.7087708332,125225222.05908759,2.8159409588194446,2.497097763888889,2.2887094881944443,1.1413551874999999
2025-04-24,1516320.497638889,125419353.27593476,3.169731717013889,2.4209548680555555,2.5454969615625003,1.07023415625
2025-04-25,1531716.605392361,130809786.5322364,3.0314413102430553,2.4005601979166666,2.382176052534722,1.0362277916666667
2025-04-26,1547384.760517361,134519600.90122455,3.0466121269097224,2.419830534722222,2.322771429861111,1.1063168611111112
2025-04-27,1537222.6288020834,132441061.46832037,3.13386787125,2.443832375,2.354870220625,1.1484961875000002
2025-04-28,1541368.5375590278,132200490.7471948,2.8769647128124998,2.4821081944444447,2.322320927013889,1.197262826388889
2025-04-29,1547497.727173611,133075449.00064105,2.580865261354167,2.462249895833333,2.2488468322569446,1.1840173784722223
2025-04-30,1524166.254996528,128712545.32789657,2.351067184861111,2.4885094895833335,2.226597920034722,1.054244232638889
2025-05-01,1521364.3018923611,131977835.38963734,2.679613606041667,2.517022381944445,2.2420400696875,1.1573896006944446
2025-05-02,1551608.5503402778,137445720.44449818,2.7194868076041665,2.3142893472222226,2.0382564141666664,1.1826713472222223
2025-05-03,1517328.5517847221,131905975.05372371,2.9537974304166665,2.3879395381944444,2.258753517951389,1.2733506805555554
2025-05-04,1507131.77775,129831467.82532059,2.5481212220138887,2.3273331805555557,2.194566090972222,1.1309331284722222
2025-05-05,1543974.3018576389,133439468.40135829,2.748198061215278,2.342802920138889,2.4240353415972224,1.1499324236111113
2025-05-06,1576877.1639791667,130789964.1334832,2.8570079773263886,2.225014597222222,2.672714862847222,1.1291136423611112
2025-05-07,1979785.3108958332,179234483.45885432,1.979911769895833,2.268440392361111,1.5642338049652778,1.1906426145833333
2025-05-08,1977506.5408784722,182635170.1796521,2.208138739930556,2.3963919375000002,1.8887827723958333,1.1465228819444446
2025-05-09,1964875.6826631944,192261783.36036435,2.399287889618056,2.6480380555555554,2.055903317777778,1.09330571875
2025-05-10,2011103.1965,207594366.4441453,2.3054889335069446,3.170441513888889,1.9810723378472221,1.1191730972222222
2025-05-11,1885133.2476666665,191386514.1805132,2.804366246701389,3.5132739340277777,2.2623051379166665,1.0206476631944446
2025-05-12,1831724.0929062502,186255254.80845672,2.7841348095833336,3.444836302083333,2.2552895671527775,1.0522265833333333
2025-05-13,1938159.9060034724,198339699.78048623,2.6362538702083333,3.504096638888889,2.1195882764236114,1.043734486111111
2025-05-14,1839540.3118333335,187490581.65514138,2.7695826818055553,3.7989724861111114,2.272995409895833,1.0472518263888888
2025-05-15,1766478.1442013888,174327368.48426756,2.540017775625,3.896809138888889,2.1242727140625,1.033441361111111
2025-05-16,1778296.9996631944,178511517.02312478,2.5119158546875,3.619921482638889,2.04389234125,1.1213192708333333
2025-05-17,1834702.8149791667,180529981.3829142,2.5887000468055557,3.6780749062499996,2.1796429041666667,1.0342253402777777
2025-05-18,1804452.7612465278,177502613.18358773,2.308412483819444,3.6417873298611116,2.096544931111111,0.9992108923611112
2025-05-19,1728385.79078125,167903183.84809026,2.5997599607638886,3.6254313055555554,2.2111633821180554,1.0322205659722221
2025-05-20,1616782.09740625,153723179.41687554,2.5662498483680554,3.014477576388889,2.2971402619444445,1.0454838368055557
2025-05-21,1496162.9603506944,142810287.91666552,2.3116017068750003,2.8805685520833335,2.1027553884375,1.057910951388889
2025-05-22,1502251.6157395833,148584616.254918,2.4988917368402777,3.1999158472222224,2.062225084236111,1.1513464166666667
2025-05-23,1537886.1966736112,153064228.89643246,2.9676838267013887,3.3167712291666667,2.2829399687152776,1.0351305868055556
2025-05-24,1525186.017142361,147285772.24019754,2.7141637767708335,2.957671052083333,2.2823319605208336,1.1135132083333332
2025-05-25,1504444.342486111,142621877.71568212,2.510814053888889,2.7405512222222224,2.2424837176388888,1.0866679756944444
2025-05-26,1493494.380576389,143509736.95770097,2.489165212951389,2.7722859618055558,2.200415665138889,1.1349300659722221
2025-05-27,1502120.3702777778,143480984.61713946,2.6076194100694448,2.819138833333333,2.26899603625,1.1165733055555556
2025-05-28,1500457.3389236112,143210722.28677055,3.0081393576736115,2.8688770624999997,2.4903737921180555,1.0381619652777778
2025-05-29,1557014.4489722224,149438062.35590512,2.8878643004513886,3.1321738958333336,2.3585070330208335,1.1127273125
2025-05-30,1554261.4651145833,139557514.64956835,3.0572593928472225,2.909050701388889,2.4845847250347224,0.9874248749999999
2025-05-31,1506944.4906562502,129457041.73232776,2.4517273337847225,2.6806414166666666,2.196107957916667,1.1247238506944444
2025-06-01,1500225.7963159722,130850505.01299956,2.4251592843750003,2.8106457118055554,2.1181766326736113,1.1002815243055555
2025-06-02,1554798.982263889,137344790.8542924,2.4837149514930554,2.999203427083333,2.1843860978472223,1.1604545416666667
2025-06-03,1564699.3931909723,140204741.61441898,2.5020637751041668,3.1707409409722223,2.1566028050000003,1.1311424791666667
2025-06-04,1560723.5516249998,140052838.4683559,2.4422260908680555,3.2138516631944447,1.9604546390972222,1.0691360208333334
2025-06-05,1524018.3118229166,132583403.40508607,2.6837027026041667,3.287411326388889,2.2672737264930554,1.1013722847222223
2025-06-06,1526338.4301875,130180280.87372595,2.5917813343750002,3.3444508020833332,2.3775188223263886,1.1116561284722222
2025-06-07,1528383.5800937498,134668373.02620968,2.5837079352083334,3.4400047708333332,2.1710220533680555,1.2481789444444444
2025-06-08,1551404.7943576388,136159493.4793907,3.1402664861458334,3.5403476319444445,2.391454044270833,1.2907670173611112
2025-06-09,1550118.17709375,136828858.46432188,3.200235313576389,3.5545431493055557,2.5354171621875,1.289999513888889
2025-06-10,1624460.6223541666,147943643.60656348,2.609247306701389,3.8674295,2.0140010393055556,1.2235860069444444
2025-06-11,1737083.7413854166,159820264.41403913,2.658762115868056,4.016413614583333,1.9534683487847222,1.2373744791666668
2025-06-12,1729032.4395590278,154062109.1574477,2.6999937769444444,3.8569415972222223,2.110613029618056,1.0515309131944446
2025-06-13,1678056.5372916667,140756563.40299168,2.5243781701736108,3.3081981944444445,2.4194918422916665,0.9912474583333333
2025-06-14,1638644.142798611,140426159.8885803,2.4021876000694444,3.5288617430555558,2.1934129569791665,1.1857827465277777
2025-06-15,1635295.1170034723,140146433.5703562,2.4619029552777776,3.6082357569444445,2.1825398017708335,1.2238107638888889
2025-06-16,1626085.1833506944,142282575.79998058,2.907137737986111,3.6689192951388887,2.431043410590278,1.19718246875
2025-06-17,1642672.4790833334,140189157.5089897,2.6705232475,3.8893216666666666,2.2742063266319446,1.0893744097222222
2025-06-18,1639984.27184375,138941863.06355724,2.609034736597222,3.6183063437499996,2.5032445983333336,1.0862386041666667
2025-06-19,1654483.3115659722,140708634.12540114,2.4791659518402778,3.467483982638889,2.1490669533680555,1.2046635069444445
2025-06-20,1678240.5598229165,141490925.12070382,2.471034042847222,3.457504565972222,2.1185624165625,1.1565511736111111
2025-06-21,1649189.0254027778,136229974.34964424,2.452094032916667,3.4617348090277775,2.3073388757291666,1.1620091736111111
2025-06-22,1624282.2567013889,129745426.28450823,2.3764874819444444,2.955194090277778,2.2154957372569446,1.1189134756944443
2025-06-23,1586612.4054409722,129292274.9683939,2.5312087993055554,2.936467736111111,2.1631845128472222,1.1051752083333333
2025-06-24,1617224.3567534722,136776006.6142964,2.8333980034722224,3.4673269895833334,2.1677692143750003,1.1842864513888889
2025-06-25,1625641.965423611,137662690.50190523,2.8671349904166665,3.562344649305556,2.111292073263889,1.0329166493055555
2025-06-26,1640257.4816597223,139184377.93322432,2.8454979598958334,3.5772755625000006,1.9756963130555556,1.1099692777777779
2025-06-27,1634767.6670416666,138094471.06212723,2.9774994642708332,3.681506732638889,2.0385084280902777,1.1532095624999998
2025-06-28,1625325.3613020834,139285953.4549403,2.908763583715278,3.7172973368055557,2.011161355659722,1.2693129340277778
2025-06-29,1654715.0734583335,143379755.67551425,2.9216446410416665,3.6763688402777777,2.0496150646180555,1.6491345312499999
2025-06-30,1618904.3384791666,139928217.46851265,3.0477432991666666,3.8983176180555557,2.2261244094444446,1.1134631423611112
2025-07-01,1596962.5668784722,135867346.02204457,2.335110869548611,3.9369847881944446,1.9795937005902777,1.0857514479166666
2025-07-02,1588545.1594930557,135563367.93157727,2.091596573055556,4.166393184027778,1.8247901769444443,1.2810211076388889
2025-07-03,1753137.4057534721,157198423.77635187,2.573006078298611,3.791537909722222,1.939850332361111,1.2872680555555556
2025-07-04,1751246.4428402777,153309151.7890786,3.0640006619791667,3.953682232638889,2.229501779618056,1.1409143645833335
2025-07-05,1728027.9107118056,149622915.72882885,2.5751133543055555,4.041583565972222,2.134030236180555,1.131716059027778
2025-07-06,1690234.0784027777,147572036.5348766,2.3482545713194445,4.172198197916667,2.052674735659722,1.28590628125
2025-07-07,1677603.745923611,145624762.82606614,2.6941627883333332,4.021929038194445,2.3505967426041665,1.2028506284722222
2025-07-08,1671095.368829861,144683458.75373158,2.654810315451389,3.9104659722222217,2.3862660448611113,1.2746714097222223
2025-07-09,1693390.323454861,149989897.10387844,2.905553557222222,4.048265163194444,2.2137683068402776,1.3378429409722221
2025-07-10,1758751.6965659722,161122414.9472152,2.993981466111111,4.0898317847222225,2.2411362035069446,1.1877583125
2025-07-11,1826963.5185,174877928.59528676,2.930674605659722,4.117652947916667,2.279969835034722,1.2371900590277778
2025-07-12,1771396.080545139,164889620.9833459,3.3928641868055553,3.8710220937499997,2.538025995763889,1.086282503472222
2025-07-13,1705621.3756423611,161479307.0617321,3.1364975783680555,3.899566399305556,2.3647386035069444,1.0923299652777778
2025-07-14,1680738.514701389,161486215.1044661,3.0433801083333334,4.130963208333333,2.2506095922569447,1.1182810208333334
2025-07-15,1629540.897513889,152758928.38853717,3.111008383194444,4.1040971215277775,2.3465492308333333,1.0215244965277777
2025-07-16,1643991.7893645833,159821065.25403282,3.111456009027778,4.250592732638889,2.241942800104167,1.1846531319444444
2025-07-17,1722468.0705798613,171559119.87425944,3.104637778888889,4.350447697916667,2.3125194143402776,1.1093829791666667
2025-07-18,1831240.2965520835,193305067.81572387,3.0363711777430553,5.065408399305555,2.325109879201389,1.0741803784722221
2025-07-19,2058059.7664618057,214375243.331802,3.2498045553124997,5.547648413194445,2.5783027633333333,1.1053397152777777
2025-07-20,2482785.739236111,288556707.065573,2.446377740034722,4.790051875,1.852875537777778,1.0620838958333332
2025-07-21,2298437.970559028,270425741.6172333,2.5266329758545454,5.1831060690909085,1.9431769799272727,1.114498142361111
2025-07-22,2344098.2677013893,272084262.3522062,2.9422347700772202,6.144756118055556,2.2560655577777777,1.1067972430555555
2025-07-23,2351809.072354167,272706131.1576263,2.7866295364930553,6.119629329861111,2.1461076587499996,1.0446041527777779
2025-07-24,2312994.7485833336,260698211.3731361,2.878035478541667,6.381358159722222,2.343322261909722,1.0405244756944443
2025-07-25,2322622.6879479163,260496788.3947027,2.8766836221527776,6.952737819444445,2.377612220034722,1.0260430347222222
2025-07-26,2369106.4724097224,269529361.23179847,2.9547898225347224,6.822801329861111,2.4106622361805554,1.1569866770833332
2025-07-27,2355556.707204861,268716415.09588546,3.038677513888889,7.265554420138888,2.483846532534722,1.0872831979166666
2025-07-28,2364071.2951666666,266046095.1102259,2.9196682979513886,6.908341673611111,2.3553328373611113,1.0923667777777777
2025-07-29,2355828.299090278,256730771.10402006,2.8607315661458332,5.558074229166667,2.5511451241666667,1.1252799444444443
2025-07-30,2304835.5335,250856704.8834275,2.708047037534722,5.015411020833334,2.3664030490972223,1.058524170138889
2025-07-31,2255452.1349236113,247402886.27936566,2.933003000416667,4.9549755625,2.402470779444444,0.98360209375
2025-08-01,2141587.6792048607,226094158.1528139,2.6761584549305555,4.6976787743055555,2.396281718020833,0.9864109166666667
2025-08-02,2150266.7460729163,230124560.52659652,2.2192640810069446,4.491987111111111,2.0145562734375,1.078971232638889
2025-08-03,2120139.1645486113,230327673.54452008,2.480482619409722,4.080318281249999,2.1343994985763888,1.1428603993055555
2025-08-04,2192576.2111319443,252993329.9802202,2.534513613784722,4.151604538194444,2.0304852088541665,1.0829599409722224
2025-08-05,2570068.926982639,314540261.8598753,2.083594085173611,3.9069129930555553,1.5417729634375,1.1294746666666666
2025-08-06,2621440.39803125,309197827.4387738,2.308305077048611,4.163362635416666,1.7580076965625,1.0898487152777778
2025-08-07,2582323.5962013886,310990876.9902591,2.1100471944444443,4.409556715277778,1.7872465030555555,1.1157513506944445
2025-08-08,2596919.949590278,318065530.8174412,2.227712473368056,4.605105142361111,1.7733321538541666,1.059199486111111
2025-08-09,2564804.8729895833,316143949.8784507,2.7531302072569446,4.72491153125,2.084333730451389,1.132720951388889
2025-08-10,2489517.9426354165,304769471.2392733,2.433956164548611,4.944296118055556,1.968932979097222,1.101188361111111
2025-08-11,2633446.3780208332,327034730.8697038,2.277176099027778,4.664337854166667,1.801599333923611,1.0540559340277778
2025-08-12,2639590.5450972226,324172581.3221101,2.123491076111111,4.786888045138889,1.8426451901041665,1.0597292465277777
2025-08-13,2864648.0471319444,375213819.6557492,2.5718337979166663,5.337238430555555,1.8692802942013889,1.1459787430555555
2025-08-14,2746045.1417083335,347407215.68580925,2.901361480763889,5.8098495590277786,2.174222870798611,1.0201620555555555
2025-08-15,2624723.1022986113,315431433.705728,2.542715005347222,5.642440631944444,2.2420916752083335,1.0399687847222223
2025-08-16,2597022.8254479165,309678000.6672868,2.2999896974305556,5.564462701388889,2.1164370624999997,1.055410923611111
2025-08-17,2550384.2970694443,309537453.1349471,2.184197858298611,5.763189642361111,2.0307402132638885,1.0578984548611112
2025-08-18,2517433.396034722,295498161.956733,2.2967371104513887,5.972001982638889,2.0734366028819444,1.1161977638888887
2025-08-19,2541636.000722222,292725439.79790753,2.4993132880208333,5.2297498125,2.2660362621180554,1.0177465555555556
2025-08-20,2518930.620690972,289260115.22699386,2.4250895214930552,4.838640173611111,2.2713712519444447,1.0886542222222222
2025-08-21,2428163.1334618055,279879268.80319095,2.2287070289583335,5.18733528125,2.0902505407986114,1.1251708472222222
2025-08-22,2385409.7366388887,281600241.18024856,2.2464532492708336,5.173058416666667,2.0766940239930554,1.0871279409722223
2025-08-23,2394105.975600695,290527285.3329127,2.6696576135763888,5.53942821875,2.0587129658680556,1.158449548611111
2025-08-24,2371833.9869965278,285101497.80495036,2.6007127624305557,5.860198427083334,2.059241825486111,1.0823759722222224
2025-08-25,2376331.7054895833,267728247.3564194,2.361665986805556,5.214694354166666,2.1364477816666665,0.9763831076388888
2025-08-26,2313271.0854722224,257824645.983469,2.083654990520833,4.5805542500000005,2.0627994327430557,1.1232550520833333
2025-08-27,2282782.2075381945,258769745.13536447,2.1063517680208332,4.990104243055556,1.926388270277778,1.0762851840277776
2025-08-28,2282148.3779930556,258017904.26382855,2.3363572110069444,5.319921555555556,2.106632812048611,1.0626669826388888
2025-08-29,2259843.6009789477,250261139.2434763,2.3581106991578946,5.681644245614035,2.11282308522807,1.0529463473684209
2025-08-30,2234333.4592083334,246180534.71607336,2.1853641678124998,5.581018614583333,2.0902798075347224,1.2265912916666666
2025-08-31,2199755.178760417,243736665.38342968,2.1954660315972223,5.973140416666666,2.0873252356597223,1.1745732256944443
2025-09-01,2190977.566197917,238558058.74711072,2.1974565178819443,6.286398197916666,2.0817352028819447,1.1708436493055556
2025-09-02,2207687.086440972,243662009.01831457,2.4238147794444442,5.855833104166667,2.1819983485416667,1.15314778125
2025-09-03,2215494.636875,248264966.7257924,2.6830173048611115,5.496037909722222,2.219127049479167,1.3304561597222222
2025-09-04,2193104.059402778,243590248.9232891,2.7472214850347223,6.164291690972222,2.2667820669791663,1.0705297673611112
2025-09-05,2173157.131815972,244399449.46368563,2.8464510831944443,6.643930190972222,2.2840724707291664,1.3022015833333334
2025-09-06,2192708.5078437496,245120422.92943424,2.7593967325347224,6.818220180555556,2.2083621443402777,1.4104170347222222
2025-09-07,2230597.257083333,254025241.05261993,2.6283295069791666,6.504556482638889,2.048221204861111,1.1979246145833333
2025-09-08,2099874.5763090276,237771757.0035156,3.0271736352083334,6.839160295138889,2.499759080590278,1.0187689270833333
2025-09-09,2043383.206770833,230237669.25179058,3.0188714923611113,6.786347902777778,2.598392036631944,1.1234632534722222
2025-09-10,2017658.840826389,230035503.19235212,2.802802716736111,7.240704163194445,2.347158430763889,1.1700676840277777
2025-09-11,1992216.8349305557,230913996.51487267,3.1178018657291666,6.421432447916667,2.3874080759722225,1.1163741284722222
2025-09-12,1911535.6868090278,222328150.37785164,3.121444507881945,6.520927934027778,2.393723388159722,1.214174361111111
2025-09-13,1971967.75,234932879.89462242,3.0034957624652776,5.702613190972222,2.2728690083680556,1.1885508298611112
2025-09-14,2091729.6046909722,242970127.02626386,3.2328695382291666,5.604382003472222,2.5611427422916666,1.1573908368055554
2025-09-15,2079503.0275902776,237233443.61066696,2.897203955451389,5.499953399305555,2.3743042662847222,1.0619723402777776
2025-09-16,2067421.7327222223,236365502.76742682,2.678251309097222,5.446846871527778,2.1819483897916667,1.0875547777777779
2025-09-17,2025615.1114583334,232477193.38708472,2.7439388177430555,6.2698810625000005,2.255728420659722,1.0522284444444443
2025-09-18,1982284.7680937499,231895069.8012018,3.021497792291667,6.5194959062499995,2.2921721138194444,1.1413910868055557
2025-09-19,1923591.2862222223,223396193.0370855,3.162804608020833,5.987021708333334,2.3272900973958333,0.9988897187500001
2025-09-20,1885109.5013854168,215140804.29916567,2.7386988925694444,6.034105802083333,2.391584622361111,1.0648121354166666
2025-09-21,1856544.9245729167,213095261.8542455,2.6204363545833336,6.3265204965277775,2.2812055395833335,1.0751140798611112
2025-09-22,1797388.3709756946,192563865.8546855,2.7516973553125,5.4501652881944445,2.384809713784722,1.0992168784722223
2025-09-23,1779467.1513472223,188822874.56514433,2.638327115763889,4.799319385416667,2.357050713576389,1.138647777777778
2025-09-24,1736552.6436631945,185085493.79138708,2.7067824402083334,5.019490347222222,2.390879175798611,1.1174627222222222
2025-09-25,1698161.6412222222,176234387.62968832,2.7560657690972223,5.143004177083333,2.3734289175,1.0180133506944444
2025-09-26,1660726.329701389,171470451.12848473,2.7732374098611112,5.252825152777778,2.3923856229166667,1.026135017361111
2025-09-27,1668770.4809097222,173856554.99793974,2.7575550682638887,5.262543763888889,2.317872547986111,1.422482454861111
2025-09-28,1648368.7315243057,172104293.31598803,2.9357619389583336,5.019737538194445,2.4271215231597223,1.1359787951388889
2025-09-29,1615001.8071145834,171657011.9615495,3.111595750590278,5.265466777777778,2.475149094965278,1.1235191006944445
2025-09-30,1617549.9168854167,171192100.57640332,3.1283305649305557,4.931190059027778,2.4794204689236112,1.1889625104166666
2025-10-01,1687482.8111458335,184931109.88424915,2.9449215142361114,4.452826989583333,2.3042088777430556,1.1979497465277777
2025-10-02,1936363.689347222,230735840.8405081,2.7500330484375,4.335606329861111,2.1409430703125003,1.1548571770833334
2025-10-03,1913577.0650555554,227654022.1346687,3.1196192182291664,4.4755470625000005,2.2487651872916667,1.0579569097222223
2025-10-04,1920556.4088472223,228383127.7801131,2.958383514479167,4.5360674375,2.131251262638889,1.1756146180555556
2025-10-05,1925102.6400868057,231864418.3490949,2.8706668559722224,4.611493760416667,2.114326387291667,1.0931995902777778
2025-10-06,1924698.21046875,230631505.58825314,2.9604715630555556,4.3603502743055556,2.232516245451389,1.0472992395833334
2025-10-07,1924131.8854513888,226026010.7056197,3.1590359488194446,4.6813906944444446,2.372973708576389,1.1574464270833333
2025-10-08,1929805.3420416666,226199513.47625124,3.24924414375,4.576040319444444,2.4587799879166665,1.1936303229166667
2025-10-09,1948109.1376631942,230708239.60802522,3.3344477056944446,4.767111534722222,2.4225727672569444,1.0909018715277776
2025-10-10,2440872.5380208334,306184581.25517577,2.6612495028125003,3.2108285902777776,2.011675734791667,1.0180784618055556
2025-10-11,1814436.73290625,176070500.4305798,3.137053975798611,3.2401516875,2.5371998565972222,0.9181910868055555
2025-10-12,1554146.1207881945,149564423.08902168,2.754511654201389,3.621942746527778,2.334632120555556,0.9777091354166667
2025-10-13,1435615.9159791665,141122710.58162042,2.8451379161458332,3.7961469097222227,2.456016032395833,1.0461271631944444
2025-10-14,1279718.442486111,122768136.36321813,2.8383509849305555,4.080060666666666,2.430264109826389,1.0353195902777776
2025-10-15,1198924.8295243056,115611470.72784472,2.8571624356597223,3.9504985625,2.368149397326389,1.0721389895833333
2025-10-16,1163392.3068090277,109104516.55388632,2.8854532527777774,3.555248486111111,2.5142721586111114,1.095431111111111
2025-10-17,1065597.9479756944,95540163.57764685,2.914587502673611,2.529663284722222,2.4852558365277777,1.079727017361111
2025-10-18,994093.4800625001,90497239.22447854,2.85419727875,2.242430361111111,2.3853575275694445,1.1225874930555557
2025-10-19,960430.2186770833,89201521.84889504,2.7603113618055555,2.4663574479166663,2.3281291688888888,1.0527939097222223
2025-10-20,941750.2432291667,89009737.10469918,2.7831271625694445,2.5476236076388887,2.3594852342708332,1.0902315347222222
2025-10-21,964683.8213993056,90587499.44520764,2.7551143033680554,2.464637479166667,2.2511081154166668,1.1073629201388888
2025-10-22,982537.0391145833,91022259.44353636,2.722479592986111,2.53709778125,2.250549881770833,1.0541547291666666
2025-10-23,958541.8193472222,89420874.35366823,2.8535955936458333,2.9218526631944446,2.2865961922916664,1.0806890243055554
2025-10-24,964932.1977430555,92304581.51164585,2.785712863020833,2.9258934895833333,2.155125241875,1.1226817847222224
2025-10-25,967309.635076389,93198992.30933553,2.814759241527778,2.969983795138889,2.1169024946875,1.105957125
2025-10-26,969005.0686076389,95165233.96548337,2.7194649430555553,2.960710784722222,2.0627276347569445,1.1342159722222223
2025-10-27,1003889.1204409722,100622198.09662357,2.6968476203125,3.0928257083333333,2.023571807638889,1.0776780902777778
2025-10-28,1065336.9641944445,106518912.70539853,2.8343191818055558,2.4462705798611113,2.3111749184374997,1.0742368055555556
2025-10-29,969209.8487187499,95105072.91832846,3.0179900165625,2.4288242777777778,2.4718864135069447,1.1889510104166667
2025-10-30,980678.55246875,93502613.55097947,3.3608556953472224,2.7796540277777777,2.5497787855208336,1.0370949479166667
2025-10-31,983697.3203680555,93117395.27303399,3.084090357013889,2.3435007291666667,2.3840110581944445,1.1421384027777777
2025-11-01,1025566.4151458333,100686810.19525486,3.006316926111111,2.6200173020833333,2.2653496505902777,1.1491652048611112
2025-11-02,1068012.4857881945,106251315.44056101,3.0928459970486113,2.8332527013888886,2.1955608272916667,1.0544119791666668
2025-11-03,961982.3850625,88564151.53001279,3.6470770569444446,3.0611222291666667,2.7504675990277776,0.9548563784722222
2025-11-04,853810.9571041666,73910299.41724624,3.0686633385069446,2.91771534375,2.551477446840278,1.0305527986111112
2025-11-05,826762.4768020833,71977056.3355029,2.7768173646875,3.534435090277778,2.2624461274652776,1.10247265625
2025-11-06,769024.1590729166,67209503.25395934,2.775569242986111,3.1455300868055556,2.3005378830555556,1.05310109375
2025-11-07,828852.0050486111,77782234.43124731,2.700170079236111,3.30769290625,2.2190810543055557,1.0812455625000001
2025-11-08,979095.1259409724,98337371.88526684,2.3278043019791665,3.3939077569444445,1.620735280798611,1.123209934027778
2025-11-09,1008092.4214479165,105747451.78945418,2.6520168483680555,2.830329927083333,2.1948519752083335,1.0237787569444443
2025-11-10,1022523.0270381945,110045493.15338534,2.8174296781597223,3.184536736111111,2.3239787335069444,0.9982100069444445
2025-11-11,997971.2593055556,101975616.92686161,3.224222798888889,3.6524637222222225,2.5900387197916666,1.10779759375
2025-11-12,1012380.88946875,100881469.46493064,3.2612006746527777,3.4909048125,2.746960867361111,1.1526952499999998
2025-11-13,1000428.5803125,98603666.56253864,3.1353260646875,2.956903690972222,2.6008302206250002,1.0707178854166668
2025-11-14,1070117.5369027779,103551688.31458235,3.2464416602777777,3.283767184027778,2.6750522963541665,1.0656590277777778
2025-11-15,1176034.7761666668,121366362.01812458,2.9001811346875,3.262939385416667,2.3375868547916667,1.109521232638889
2025-11-16,1147055.227017361,114420049.94054006,3.3783768373611114,3.6620284895833333,2.6775332520833333,1.0448278229166668
2025-11-17,1070190.4473854166,101853163.34480403,3.3429037485763886,3.5484371354166666,2.746060493125,1.0229145312499999
2025-11-18,1023197.5769236111,96865785.66109926,3.0976989027430557,3.8628548402777776,2.5480747005555555,1.0868351111111112
2025-11-19,1025247.0677812501,95288877.52731572,3.344474375486111,4.061653090277778,2.600932404097222,1.0917507222222222
2025-11-20,1048599.2181493056,95325309.02315687,3.152902644027778,3.4957273993055558,2.4588241251736114,1.0700300833333332
2025-11-21,960552.7991111111,81045638.83462876,2.779932387465278,3.3906593993055556,2.3106057916319447,1.0032904201388888
2025-11-22,906231.6070833333,74552650.99050711,2.513439459340278,3.680495836805556,2.1484715393055556,1.1275230833333334
2025-11-23,907618.9460347223,75677492.73669706,2.5307254234027776,3.1832211770833334,2.2225656406944445,1.1575364236111112
2025-11-24,915754.35078125,77221569.25127466,2.5167006318055556,3.1112580347222223,2.1786666461458335,1.0589530729166665
2025-11-25,948880.3384236111,80552444.6863732,2.5707423897916666,3.0043054479166664,2.1563408686805556,1.1234816909722223
2025-11-26,948764.5286041666,80849140.91821113,2.561025098819444,3.111750013888889,2.1030974721875,1.2206281215277779
2025-11-27,913445.8561805557,79227893.7735658,2.4590620748958334,3.2901385312499998,1.9637934052083332,1.1621504131944445
2025-11-28,901754.2143125,76687577.76685803,2.508412541701389,3.3699363645833333,2.0814700900694443,1.1068360381944444
2025-11-29,926334.5576111111,78000953.04230298,2.481035440763889,3.085121076388889,2.1085484804513888,1.1615074930555556
2025-11-30,938810.7097916667,78867506.27230576,2.420469111666667,3.1446313888888886,2.0887148380555556,1.0578385104166665
2025-12-01,963479.5935173612,74368046.3845384,2.4916243783333334,2.3609271875,2.0815237215624998,1.0937873784722223
2025-12-02,942117.2778472222,75059208.9216935,2.511527192673611,2.3251917604166668,2.1204719211458336,1.2046804479166666
2025-12-03,888160.7317569444,75478459.53596462,2.446092527951389,2.2041181979166664,1.9361903337500002,1.199768076388889
2025-12-04,844051.0203645834,71479970.05392772,2.55374514375,2.785143107638889,1.8680856258680558,1.1019926493055554
2025-12-05,856531.4581701389,70320148.95819676,2.619909250347222,3.3657274756944444,1.9787914367708335,1.189830076388889
2025-12-06,833654.13528125,67476623.49705297,2.6584482763194446,3.2123590381944442,2.1235708139930556,1.33002871875
2025-12-07,812285.7261388889,66579121.450030856,2.663556652048611,3.152105267361111,2.112107573125,1.0550362291666666
2025-12-08,821326.0085972223,68403619.74152103,2.5535409585069444,2.843880840277778,1.9767902336458336,1.1982212812500002
2025-12-09,817734.8728472223,69064212.9157601,2.2972105673611107,2.907281215277778,1.8136099497569442,1.0794585868055555
2025-12-10,814885.8271666667,69004514.9355722,2.2279814832291667,2.970868972222222,1.8073177679166668,1.1301265416666668
2025-12-11,841386.8579409723,68558301.79701556,2.6139735127777777,3.275596378472222,2.0628402733333333,1.067294267361111
2025-12-12,801001.9843541667,66301643.92026673,2.5498363825,3.4684387777777776,2.043858399513889,1.0794860798611112
2025-12-13,802541.8598819445,65585945.66915311,2.769645058229167,3.2417032361111113,2.239730496840278,1.2983108611111112
2025-12-14,818320.3410104166,65566065.64790327,2.6454092546180554,3.0163353680555556,2.1678704692013886,1.1310886527777777
2025-12-15,838189.9794236111,66438668.23123602,2.685799934826389,2.7484382430555554,2.1953275604513887,1.1058816840277776
2025-12-16,841023.0802187499,65752104.58744682,2.677678587013889,2.7621654375,2.250770481388889,1.2189050138888888
2025-12-17,837709.0240729167,65333791.13653886,2.8329582522222223,2.9600405729166663,2.3141987080555553,1.1111188229166666
2025-12-18,853523.8399444445,64540219.566576906,2.803967256111111,2.844780795138889,2.334865904965278,1.1262407291666667
2025-12-19,888976.3891145834,67659430.1065447,2.573663918611111,2.807268246527778,2.1541064569791666,1.1614652986111111
2025-12-20,897803.5359201389,69291742.7001041,2.5928041760069447,2.970602076388889,2.114685148090278,1.3561783020833333
2025-12-21,907890.5610902779,69739811.51196894,2.793660266597222,2.9012643055555554,2.2956982572569444,1.1255110798611112
2025-12-22,888324.6383159723,69056595.34374169,2.815394615451389,2.87993996875,2.2730406372569445,1.223285888888889
2025-12-23,895152.8395,68774115.89485854,3.0022459798958336,2.8069747430555556,2.3866349251041665,1.0733214236111113
2025-12-24,909345.1009097223,69154082.19506186,2.9398561662847222,2.7871792534722224,2.346413284826389,1.1725922395833335
2025-12-25,905653.7285208334,69281082.75643784,2.6032978630555554,2.8809380694444444,2.087737851388889,1.326223173611111
2025-12-26,874343.3193715278,67280102.21805593,2.846290408576389,2.9305450381944445,2.262683634236111,1.2362562361111111
2025-12-27,882688.3041284722,68883211.06896766,2.815744248298611,2.8905696284722224,2.1842355618402776,1.2922141840277779
2025-12-28,952396.62565625,75413870.10563219,3.1188366678125004,2.824692454861111,2.308082675277778,1.2876999097222221
2025-12-29,941966.9035694444,73938682.21558698,3.5315011413888886,2.9146924131944445,2.719845010625,1.1755779895833334
2025-12-30,932716.8207187499,72879188.6352191,3.7247245709027776,2.8829924236111113,2.921306132291667,1.1841869791666666
2025-12-31,938657.4945902777,72890827.8037917,3.788809796840278,3.0942763125,2.9612792674305557,1.1750165381944444
2026-01-01,950377.2209305556,74150783.0285907,3.4069719627430555,3.028438340277778,2.7034339225,1.2432468784722221
2026-01-02,944650.9213020833,75848514.45130526,2.8933162520486113,2.8221484444444447,2.1723695608680553,1.222415545138889
2026-01-03,939503.2232881944,76986429.29385091,3.059495693541667,2.49008353125,2.2080831517708335,1.1927773333333334
2026-01-04,912756.8066180556,75155449.85544166,3.0618915475347226,2.56879153125,2.222482999097222,1.185751875
2026-01-05,906673.0303020834,74962766.63893129,2.894895883715278,2.7019884930555556,2.096066148506944,1.2822901736111112
2026-01-06,950092.7111284722,79212615.22464108,2.9127990394444443,2.753363701388889,2.1820190403819444,1.2058065833333333
2026-01-07,971286.3975208333,80063730.66064921,2.8064261522569445,2.8787200625,2.169159747673611,1.0948640069444444
2026-01-08,989617.9571319444,80354249.08015183,2.663534336284722,2.904878881944444,2.0423649808680557,1.1435460277777778
2026-01-09,975428.0453368055,79331972.72558153,2.6835562581944448,2.829645079861111,2.043484646215278,1.2182325520833333
2026-01-10,971922.4122708334,79083683.70924579,2.703802277048611,2.8326495659722224,2.047624519548611,1.4786843020833333
2026-01-11,989061.9004930556,79915302.55512753,2.722606562951389,2.9680545729166665,2.1141003840625,1.304315326388889
2026-01-12,1147949.2908819444,89094577.19769423,2.7932082318402776,2.931984392361111,2.1523821269791665,1.1286070138888888
2026-01-13,1422049.2477430557,109013610.48224202,2.6983472725347224,2.741682451388889,2.2666093859027776,1.12467075
2026-01-14,1683267.6896041667,132091501.39636391,2.6713297155902778,2.7776838194444444,2.1003595809722224,1.0868326006944444
2026-01-15,1860558.7000243056,138084161.91515929,3.262834855590278,2.9397363229166666,2.590688669097222,1.0237516736111112
2026-01-16,1893631.4742743054,137793294.50567514,3.5118978161805554,2.82185434375,2.8489964638194447,1.1752839340277776
2026-01-17,1855632.5465555554,138656155.38722488,2.923777259340278,3.240112954861111,2.365024616388889,1.0422200659722223
2026-01-18,1806062.3240694446,135341356.44936422,3.0024026268402775,3.665072246527778,2.4246601577083333,1.1239371354166667
2026-01-19,1738812.18728125,122438315.15466987,3.8829517481944444,3.45688396875,3.0137292620833334,1.137941451388889
2026-01-20,1740562.43765625,120339240.37075666,3.7005697232638886,3.1106018680555554,2.8779494752777777,1.075533701388889
2026-01-21,1753043.5044965278,119939503.32603839,3.9634361363194444,3.0431248923611114,3.1033077513194445,1.094039861111111
2026-01-22,1755167.5177881946,120139229.64836341,4.1552102690625,3.204919347222222,3.1788000814930557,1.2338550833333333
2026-01-23,1734350.948923611,118631287.48505218,4.215988985486111,3.3402249999999998,3.2419173793750002,1.1113321805555556
2026-01-24,1695339.5026493056,115825770.31152137,4.271209446354167,3.5556736805555555,3.3059724786111113,1.508801798611111
2026-01-25,1691254.3588784721,115359944.17516392,3.9041229220486113,3.404202715277778,3.086785501736111,1.1384711805555556
2026-01-26,1726498.3506006943,118260433.82116684,3.579378968854167,3.2289807430555557,2.8340174591319442,1.2596844861111112
2026-01-27,1729104.8445833335,120198617.25851716,3.805748456423611,3.399868076388889,2.88497207125,1.0908947256944446
2026-01-28,1639625.7821006945,113961992.36472504,4.148067791006945,3.64197915625,3.134912536770833,1.1697479722222222
2026-01-29,1616125.1482916668,108463499.52408513,4.172776630034722,3.7099251006944445,3.2032508103125,1.1075127881944444
2026-01-30,1607366.5423958332,104034916.58081898,3.9352140715625,3.8064552395833338,3.0050200833680556,1.0899754305555556
2026-01-31,1558476.5666180556,96728665.81851487,3.6662016717013888,3.5393521805555554,2.7781924639583333,1.0773546631944444
2026-02-01,1455384.0335069443,86015193.30256191,3.1728582166666666,3.19216015625,2.3956228506944446,1.1613993958333333
2026-02-02,1445607.362232639,85683161.70840035,3.011759972847222,3.095200902777778,2.247749585972222,1.1674069027777778
2026-02-03,1406113.673652778,83902539.25077458,3.2289209303125,3.278686746527778,2.3839540552430556,1.036845173611111
2026-02-04,1407645.559517361,83805891.59152755,3.3878487276388887,3.3347625868055553,2.5227619727430555,1.1382507222222222
2026-02-05,1432041.574076389,79860425.87592524,3.3688887524652777,3.0279127430555555,2.539395524826389,1.0928971493055555
2026-02-06,1292392.0654722222,67990687.06954509,2.754288589965278,2.517405291666667,2.1195580647569443,1.0949973819444443
2026-02-07,1206053.9353090278,65779040.966473594,2.743265216111111,3.0691740694444447,2.015830945972222,1.092370548611111
2026-02-08,1191615.0343125002,65484532.32827241,2.7882211513194446,3.157869517361111,2.0842478460069445,1.053274920138889
2026-02-09,1180149.1651944444,63905046.03805014,2.8435519834375,3.3902754131944444,2.145151274375,1.0417922743055557
2026-02-10,1178402.0263125,63064383.48383723,2.7601312584375,3.519273527777778,2.075772529930555,1.1029023472222221
2026-02-11,1198918.3834305555,62741842.39570975,2.8533051689930553,3.626322722222222,2.1592625167708333,1.13707690625
2026-02-12,1201978.5738854166,63437058.71033055,2.7467565119444446,3.602684642361111,2.082724324479167,1.1821729166666666
2026-02-13,1239643.3337604168,66725569.53137665,2.7014670811805552,3.578304739583333,2.0288960043402775,1.1888233819444443
2026-02-14,1275898.8524930556,70993768.87431628,2.9203803784375,3.647901368055555,2.1264451963541666,1.181327107638889
2026-02-15,1249664.018909722,69259443.21764445,2.889919375972222,3.378876871527778,2.1048191005555554,1.0638215277777778
2026-02-16,1256638.5004583332,68308892.5114462,2.905030157569444,3.492572527777778,2.0741614540624997,1.1919723368055555
2026-02-17,1263908.012111111,69152515.72475976,2.9553738738194446,3.545782111111111,2.109003188402778,1.1008355902777778
2026-02-18,1248007.132357639,67265669.34131767,2.868918839201389,3.5347058506944444,2.080770646388889,1.2708200798611111
2026-02-19,1256422.7791319443,66253552.271866165,2.749244500138889,3.23928925,2.069562973159722,1.1039830555555554
2026-02-20,1238964.996579861,66869116.31510675,2.615008024513889,3.1142270555555553,2.0054468605555558,1.170211402777778
2026-02-21,1231043.4021215278,67906866.94110121,3.019678309583333,2.8958500833333334,2.2836361406944445,1.1433075625
2026-02-22,1228225.5318159722,66306246.54501583,3.2020229178125,2.8767426145833337,2.4463391617361108,1.19653246875
2026-02-23,1260012.2313020835,65453654.8279922,2.8396273026388887,2.924455503472222,2.2088874044791664,1.0257109097222221
2026-02-24,1285142.2525104166,65638903.39876078,2.5678812815625003,2.8418479895833335,1.9640156700694444,1.0932491111111111
2026-02-25,1319415.7945972222,72322944.78373724,2.304442758854167,2.2991033541666663,1.7567335121875,1.07272734375
2026-02-26,1307525.0230034722,73144106.78967452,3.112029733611111,2.2630657847222224,2.2006936238541663,1.3189964236111111
2026-02-27,1295281.4810555554,71288157.68154024,3.6852461368749996,2.2533566944444443,2.7251978811111113,1.1979886527777779
2026-02-28,1270948.70046875,67816560.4479208,3.934741021041667,2.183284725694444,2.9412881002777778,1.1852550902777779
2026-03-01,1256997.567951389,67935543.39844014,3.5879269983680553,2.0979777152777777,2.7256746519444444,1.0155426527777778
2026-03-02,1279874.5211388888,69168592.65937643,3.5080026625,2.112395739583333,2.587155511319444,1.1857598263888889
2026-03-03,1284643.9183055556,69581175.5298947,3.418071808125,2.1285897395833335,2.5886821468749996,1.1362673090277777
2026-03-04,1285261.6365034722,71803839.39095156,2.947010117361111,2.0948783888888887,2.343464518958333,1.1117138784722222
2026-03-05,1293550.68471875,72566314.26080461,2.7879092830555554,2.2143797326388888,2.199699986076389,1.077857642361111
2026-03-06,1269563.1377395834,69388998.9609535,3.4360266444791665,2.6019953194444443,2.5588574595833333,1.276312746527778
2026-03-07,1241894.3434340276,66789454.11041359,3.299205061180556,2.6596066041666666,2.5523893408333334,1.2305328506944444
2026-03-08,1241832.522892361,65890325.606554426,3.034493258611111,2.531778732638889,2.353315101840278,1.0590967881944444
2026-03-09,1222829.5978472224,65551022.524490155,2.8486353496875,2.742095923611111,2.1726828361458335,1.2878453090277777
2026-03-10,1209001.8859166666,65407144.51218176,2.8603350658680555,3.01627190625,2.1822890158333332,1.0250231909722223
2026-03-11,1198086.6460208334,65062947.239612564,2.736356018090278,2.8458211701388887,2.08463433375,1.2431592118055557
2026-03-12,1200548.1437708335,65217758.298309766,2.9010607319791664,2.92337125,2.187228568402778,1.1664077152777779
2026-03-13,1208330.3205902777,67025842.261677556,2.602628489583333,2.991587142361111,1.9609574773958331,1.2767336145833332
2026-03-14,1209976.6403159723,66338086.86716858,2.8330379068402776,2.9644005555555553,2.248236748888889,1.1430562847222223
2026-03-15,1185238.410173611,65483724.01493314,2.9480799013194443,2.9364577152777778,2.2765712809027776,1.2262205555555556
2026-03-16,1237682.0710972222,71305076.1310387,2.7612583080555555,3.3420909618055554,2.0480014555902777,1.1743752118055555
2026-03-17,1243974.4391840277,72258119.04953621,2.7320071071527776,3.8748648229166665,1.9888436384722223,1.2774868750000001
2026-03-18,1202150.4835763888,68432768.7465806,2.947684489895833,3.8568465104166663,2.2268473251041665,1.0403469930555556
2026-03-19,1155939.9394062501,64077246.92492972,3.2513969730208334,3.677984993055555,2.4958928058333334,1.1418826909722222
2026-03-20,1151566.1367465279,64146828.35280527,3.1274399566666666,3.725914722222222,2.4014301471180555,1.2465555902777778
2026-03-21,1148388.80921875,64320161.315190144,3.0050421499305555,3.8558394131944445,2.3771852602430554,1.0810779097222223
2026-03-22,1145688.0854618056,62057000.04660693,2.734079399652778,3.9585790312499998,2.0835580744444444,1.2050627916666667
2026-03-23,1126120.3046805556,61575080.674259834,2.4597881965625,3.8736027951388885,1.8730936653472223,1.2303359131944445
2026-03-24,1110311.8196805557,61799451.6178229,2.635316510034722,3.812866513888889,1.9459855215277777,1.2197873159722221
2026-03-25,1119343.0449027778,63099619.454051904,2.8977702756944446,3.880929340277778,2.1966674872222223,1.2001328159722222
2026-03-26,1119940.6821458333,61708059.19897754,3.062954435868056,4.0010162326388885,2.228827124548611,1.1739341597222221
2026-03-27,1126613.7592430555,61107172.01625249,2.904663650486111,3.7295162361111114,2.1766126133680554,1.1857224722222222
2026-03-28,1115056.1128923611,60159240.98076721,2.7232093001041666,3.7656303368055557,2.1028229160416667,1.3409138472222222
2026-03-29,1117297.8782881945,60044674.31079189,2.6851634320486113,3.733946565972222,2.0577243004166665,1.3779567743055556
2026-03-30,1127489.9770625,60586742.47094466,2.392719607013889,3.613612770833333,1.889134411875,1.1866607708333334
2026-03-31,1133816.878545139,60918642.991163835,2.1709043756944446,3.5696968784722225,1.7072839574305556,1.0469604861111113
2026-04-01,1154296.6431284724,62478779.0678222,2.3664710293402775,3.7906878472222223,1.8058749071180555,1.3840315625
2026-04-02,1173839.908059028,61265152.69112146,2.5002479991666666,3.675889319444445,1.8588091118749999,1.0477630381944445
2026-04-03,1153670.0202048612,60993411.92411482,2.3159619182291666,3.4048347256944442,1.768162424861111,1.4201894340277779
2026-04-04,1139023.0398506944,60748846.14757681,2.3646282433680557,3.6512885173611114,1.7974961074652778,1.3502101493055556
2026-04-05,1155672.13996875,61458951.78766598,2.228184283368056,3.7544563437500003,1.7609810765972223,1.3415190590277777
2026-04-06,1166368.0756145834,63119721.72559721,2.0038571761805555,3.9294433125,1.6682791596527777,1.3383404513888888
2026-04-07,1165111.8435972224,62388773.85789491,2.319536910208333,4.258394788194445,1.8905084871180557,1.3300960868055556
2026-04-08,1187480.8123958332,65072256.17911708,2.2606872108333333,4.260519565972222,1.7967485090625002,1.2204682534722222
2026-04-09,1172402.072451389,63517782.98208332,2.6964606595486114,4.283982638888889,2.103675562465278,1.3037817534722222
2026-04-10,1167440.9061388888,63932856.57619977,2.6883674638194446,4.234357194444445,2.0858679363541666,1.3459845868055555
2026-04-11,1155744.84490625,63306929.82765028,2.973862779027778,4.322038,2.291983495034722,1.6288605069444444
2026-04-12,1139704.2460312499,61374471.91521724,2.895251089861111,4.0264424722222225,2.2254615381250002,1.2728634097222222
2026-04-13,1128518.564295139,60209929.23538836,2.682521185659722,3.8347957708333333,2.0472068988541667,1.20611871875
2026-04-14,1109291.8588229166,60406841.19232547,2.244845914201389,4.057552579861111,1.6702291656944446,1.2764508784722224
2026-04-15,1098273.0265659722,59993067.825603455,2.4813990033333333,4.372148972222223,1.8187256902430553,1.2692292847222222
2026-04-16,1107777.4551493055,61545374.95543134,2.7292874711111113,4.262566909722222,2.0844945665972223,1.2415900416666665
2026-04-17,1152164.0305555556,64855779.925400086,3.2453669588541665,4.216753059027777,2.4465386197222223,1.3911241944444446
2026-04-18,1184587.808652778,66309415.300139986,3.167718564826389,4.124242510416667,2.4914282473263887,1.4385181493055557
2026-04-19,1199406.0335208334,66094294.0697186,2.840308386388889,4.2653076076388885,2.2959841480555556,1.2581595798611112
2026-04-20,1201193.4761736111,65919519.34120437,2.7392786080555553,4.607608572916667,2.1359108438194445,1.2337281145833332
2026-04-21,1202061.3990520833,66314434.43966705,2.921392094861111,4.598946614583333,2.2423317058680556,1.396686298611111
2026-04-22,1228594.858375,68823192.89505164,3.071582090659722,4.258632631944445,2.335573994340278,1.2802441076388889
2026-04-23,1219814.228767361,67630624.12400128,3.7399873775347223,4.480129083333334,2.784875361076389,1.4882089618055554
2026-04-24,1229139.2283159723,69110226.16458103,2.836437216701389,4.525017881944445,2.2968056540277777,1.434580579861111
2026-04-25,1250814.5572013888,70437854.55583131,2.637582966319444,4.418061927083333,2.208938434826389,1.5714839166666665
2026-04-26,1260942.2851979167,70706531.63917297,3.1913943361458332,4.0132557604166665,2.4936538772569445,1.520311673611111
2026-04-27,1263523.6796493055,70277428.1563552,3.2526874300347224,3.899204503472222,2.456609852951389,1.5069670208333334
2026-04-28,1248661.1770208334,68961512.6406013,2.8506295379166664,3.820499319444444,2.1148576133680557,1.6929926145833334
2026-04-29,1236355.8752048612,68919481.04108632,2.306837266284722,3.983120368055556,1.8174651055208335,1.1598413194444446
2026-04-30,1203829.7636284723,66749997.855411105,2.6310262202430557,4.361307836805556,2.025197695,1.3941653194444443
2026-05-01,1209832.6688472223,67026953.51836344,2.9208984272222223,4.072003135416667,2.100846411840278,1.6541733715277778
2026-05-02,1220505.2291180557,67540228.49463217,2.7062483952430556,3.804019541666667,1.9828771811805557,1.98662521875
2026-05-03,1247845.1766319445,68850104.65024894,2.4572398217013887,3.6681470520833335,1.7895987215277778,1.5366007222222222
2026-05-04,1255198.3238958335,69615825.3884533,2.3897078309375,3.6732234791666665,1.7580978123958333,1.2326918368055555
2026-05-05,1274984.2538333333,70796214.25165921,2.4040522402083333,3.7802107152777773,1.7584574382291667,1.227463673611111
2026-05-06,1271966.6477569444,72471686.18513298,2.498086695138889,3.6807693437499998,1.8348551369097221,1.3218686875
2026-05-07,1275366.7182673612,72207362.8413817,2.7854526971180555,3.790695048611111,2.0668118854513886,1.2206799375
2026-05-08,1291703.6467569442,73763800.7308436,2.1153776387847225,3.603894972222222,1.7847993622222222,1.2026066076388888
2026-05-09,1325608.0304097224,77279586.56029308,1.9445861591319447,3.4051829444444444,1.7184053679166666,1.318141298611111
2026-05-10,1335933.9404166667,78356147.16880028,2.4281611762499997,3.257591173611111,2.113990769756944,1.407009767361111
2026-05-11,1334788.8523645834,78527731.38865499,2.5560912002430554,3.1919840069444443,2.193446793125,1.2681871840277779
2026-05-12,1334216.3089895835,77247431.5610457,2.621427730972222,3.0398759027777777,2.3151276334375,1.4666808159722222
2026-05-13,1302443.8577569444,75144301.12746847,2.9750639375,3.1551312395833335,2.4919875491319443,1.1684369340277778
2026-05-14,1272482.8726805556,73318303.82659237,3.048916456423611,3.261786975694444,2.3833914495486113,1.308509392361111
2026-05-15,1254896.0108472223,72367307.9610207,2.7578524618055558,3.395335565972222,2.2200145069444446,1.2703198055555556
2026-05-16,1256778.2497708334,70841724.6300884,3.6437809796527776,3.0849070729166663,2.7911542852083335,1.2895414270833332
2026-05-17,1245238.9713090276,69789913.06660825,3.1658956787499997,3.151359232638889,2.4333711294097222,1.4752926736111112
2026-05-18,1116511.9819409724,60191803.50741807,3.241490113576389,2.8949916944444443,2.401847712395833,1.2221575659722221
2026-05-19,1099878.2246875,59582860.616029315,3.031416235277778,2.8510993124999997,2.2099031703819443,1.4040988541666666
2026-05-20,1086517.3708888888,58707824.95883633,2.9529623327430556,3.124860114583333,2.1489521990625002,1.293728097222222
2026-05-21,1091290.0794479167,59033971.78247493,2.8294721952083335,3.0100883680555555,2.0575605996527777,1.2042065694444444
2026-05-22,1079439.3093402777,58270410.635705516,2.795568147847222,2.96668153125,2.027805237638889,1.2392555034722221
2026-05-23,1066406.7352743056,56248743.94452365,2.7976912046527778,2.8522599930555557,2.128442548298611,1.2514868125
2026-05-24,1057021.725923611,56160626.54153523,2.6583019251736113,2.909150927083333,2.019988226458333,1.1532319895833334
2026-05-25,1070392.797982639,56521267.183431715,2.6137359416666666,2.8833320868055554,1.9952945183680555,1.1964267291666666
2026-05-26,1087214.767434028,56872228.80678116,2.5887688385416663,2.7875735208333334,1.9746117490625,1.261594295138889
2026-05-27,1105081.0254722224,57708755.02015132,2.5144215083680557,2.6619385833333333,1.9944654848263887,1.297537
2026-05-28,1054846.000107639,54096422.09050333,2.8291893814930558,2.735582559027778,2.1564822550347222,1.229124295138889
2026-05-29,1015994.2139895833,52591628.97001165,3.0719259231597222,2.8227941666666667,2.301197558125,1.2011061458333332
2026-05-30,1021334.9033263889,53540415.7034386,3.368097195173611,2.892766420138889,2.4913282547916666,1.648601003472222
2026-05-31,1049817.4253819445,54791191.90415064,3.4949054021180554,2.7938251354166663,2.6000287203125,1.6805968159722222
2026-06-01,1085414.2734270832,55490375.30508227,3.329940470486111,2.686000902777778,2.4320259203819443,1.1958470138888888
2026-06-02,1106432.2803576388,54246427.99597811,3.2046554328125,2.70695959375,2.334553742048611,1.1525661319444445
2026-06-03,1085818.6537986111,51845209.61182153,2.9972670858333337,2.5015618125,2.2131908369097224,1.1344736111111111
2026-06-04,1074780.3315625,49584846.14844071,3.001912006770833,2.3945260381944444,2.1581216235069447,1.0663541145833333
2026-06-05,1048216.6622430556,46149663.94611513,2.786134095798611,2.2489348923611114,2.014018915763889,1.0126702291666667
2026-06-06,1040276.5624861111,44046863.02005475,2.645418973854167,2.2518658854166667,1.932389140486111,1.136488357638889
2026-06-07,1103084.0526944445,46277943.57226768,2.6258561521527777,2.438625590277778,1.9678335843402779,1.0916467916666666
2026-06-08,1111983.5447916666,47739385.10761605,2.5740265489583334,2.325645267361111,1.8908829012847224,1.1233332534722222
2026-06-09,1058525.1960798611,45197697.32739375,2.5906262493402776,2.312951170138889,1.8984101197569443,1.077739638888889
2026-06-10,1036460.9071944444,43824842.77824554,2.5899406891319448,2.1778842881944445,1.9575814501736108,1.113606326388889
2026-06-11,1049087.5827604167,44538753.77035084,2.6373395503472223,2.116146930555556,2.000752285104167,1.173324638888889
2026-06-12,1041543.2720138888,44607148.90283425,2.6518122678819447,2.2010143020833333,2.0057998933333336,1.1773299375000001
2026-06-13,1036789.2246354166,45256479.538707934,2.5830976572569444,2.13733396875,1.9423726682638889,1.2217932916666667
2026-06-14,1043456.2328819444,46157627.51961241,2.698737457152778,2.0692063229166666,2.062346818923611,1.2484179895833334
2026-06-15,1057561.5789201388,48176180.713397786,2.688797636215278,1.9365539826388887,2.0131993438541667,1.1278167256944445
2026-06-16,1068885.4601666667,48662334.77222955,2.7371754495833334,2.0472003368055556,2.0876251448263887,1.1027294166666666
2026-06-17,1049073.408142361,47571661.568457626,2.7653739110416664,2.089268326388889,2.1125074554861114,1.1344037812499999
2026-06-18,1040137.0957847224,45816261.15148136,2.874898895486111,2.45165453125,2.2136538295833335,1.293008951388889
2026-06-19,1038039.6234791665,45436824.54775775,2.9043320761458333,2.4852957916666667,2.226673795625,1.3497664027777778
2026-06-20,1055373.9866909722,46578129.468766764,2.998235038090278,2.2829467881944443,2.3283754980555553,1.2695800381944444
2026-06-21,1048863.451454861,47085127.578900754,3.0005871595833336,2.26552215625,2.361011606180556,1.3272097604166668
2026-06-22,1026995.7268923612,46141598.40128777,3.1736606012152775,2.5472087534722223,2.5818206435416666,1.2984746111111112
2026-06-23,1054250.3171354167,45508895.623003826,3.155076377986111,2.600910333333333,2.5329023719791666,1.2352342847222222
2026-06-24,1074039.3132847222,44517987.893005624,2.534855349270833,2.5083989270833333,1.9249491188888888,1.211681763888889
2026-06-25,1052674.6078020833,43294152.473849155,2.5586872722569445,2.2624293506944446,1.9014421790277778,1.1665220798611111
2026-06-26,1040080.0886458332,42993788.79327073,2.686953694236111,2.2748025798611113,2.008540370625,1.1475220069444445
2026-06-27,1023755.483,42874879.62804,2.70843291,2.296699,2.04028886,0.973147
