date,oi,oi_value,toptrader_acc_ls,toptrader_pos_ls,global_acc_ls,taker_ls
2022-06-01,1446871.0250000001,1770707.8416243226,1.2969904447996516,0.9982914244647059,1.3150120378587067,0.974155024069748
2022-06-02,8066507.920138889,11057378.356089268,1.286408070714282,1.066612667313889,1.3446807742786244,0.9883888397225695
2022-06-03,16504865.086805556,23582635.80870632,1.2709508616542269,1.1960789376086807,1.1768774631901429,1.0057539555840278
2022-06-04,18455046.343402777,25617948.247831333,1.823147290429504,1.180021187114236,1.8481535325522904,0.9844036229017361
2022-06-05,20013562.80798611,25928869.21427279,2.3411464568236036,1.179340742945139,2.3915942383458653,0.9507477176559027
2022-06-06,22938417.021180555,29522055.95526139,1.780676066360383,1.3345958281399306,2.0125595053945147,1.0193844690055556
2022-06-07,26506842.185069446,31571923.651062414,2.6770298606678633,1.4635361098930555,2.7231288052203553,0.9400945898451388
2022-06-08,17351798.815624997,16951435.687231682,3.7106513451840275,1.2968747720524307,3.6503987729748775,0.9227374616809028
2022-06-09,19969179.747569446,16624471.721096482,1.7895605943746193,1.1554117266274304,1.759565480807718,1.0472699180416667
2022-06-10,22213109.490625,19840673.851295743,1.7570363563420133,1.2134398750989583,1.6962790886103698,1.0064586407909721
2022-06-11,22849030.788194444,19164763.84137999,2.0345533567598992,1.3193284356319444,1.9172122280262114,0.9908846566302084
2022-06-12,20019162.922569443,13829560.089141209,1.9799667323737278,1.3270474154947918,1.8840984782269048,1.0191046680038194
2022-06-13,19107581.223958332,10537665.443634728,2.0564277140474316,1.3561927036118056,1.9125648308343335,1.0173669207184028
2022-06-14,18315190.327430557,10255537.891359454,2.1665387573587567,1.2665751917100694,2.1963547191276644,1.0337900083239584
2022-06-15,17592764.457291666,9482066.671007477,2.147027484464955,1.2419336235024305,2.056158412598523,1.023851381659375
2022-06-16,17838361.227083333,9609889.657438986,2.3688163995992095,1.2703963959225695,2.1941138461462577,1.0458842911927084
2022-06-17,18729051.67847222,9504345.96811584,2.239835079655853,1.1863643511930555,2.520147490199799,1.0550099065406249
2022-06-18,20150779.491666667,9406823.904987372,2.320639727055597,1.2359148421319446,2.3226271928963462,1.048954439184375
2022-06-19,19725173.128124997,9337530.176495615,1.7715214364644214,1.2867391728472224,1.7865622772166836,1.088835351520486
2022-06-20,19548799.564236112,9795580.48078869,2.010402957146531,1.208351177245486,2.1189012285475237,1.109717015421875
2022-06-21,19371995.311805557,10213158.074693732,1.968692484345865,1.1317810259743055,2.1999954573371245,1.0516455727006944
2022-06-22,18610656.016666666,9128672.091909464,2.215350967558832,1.2028190298163195,2.397702291243406,1.1103785207552084
2022-06-23,18343595.561458334,9080183.30010496,2.1531247596766536,1.202306581086111,2.467489096835192,1.0849957487583335
2022-06-24,19533957.547569443,11119340.036362,1.8081667347596484,1.1931011011632124,1.6775684089583371,1.0264288362503473
2022-06-25,19888392.867361113,11771538.4534275,,,1.6329734762546038,0.9980927336475696
2022-06-26,20476094.230555553,12212022.310099376,,,2.5722358636261227,1.0450379275128472
2022-06-27,20007356.96423611,11037791.647241095,2.068787438391031,1.1005199604833333,2.8175407345080337,1.0571489856631944
2022-06-28,20626607.312847223,11091048.960737078,,,2.845405188060004,1.0271732430958334
2022-06-29,22625854.977083333,12889099.43486936,,,2.0626840332118155,1.0255699236944444
2022-06-30,21118984.523958333,11548806.404065995,,,1.7551658234378775,1.0490107357979168
2022-07-01,19286758.246875003,10366886.313983763,,,2.4353994543050455,1.0563049482940974
2022-07-02,19588386.072569445,10299531.37934766,,,2.8645961441515215,1.0447309564777778
2022-07-03,19751042.94826389,10300252.15967442,,,3.1990166611659925,1.0028870960975693
2022-07-04,19924901.95798611,10651393.724940948,,,2.705209686803939,1.0757356081180556
2022-07-05,20159779.26111111,10856414.412979953,,,2.560407447228904,0.9920490245732638
2022-07-06,20688821.09513889,11072167.367880091,,,1.6427432140420195,1.0801911365680554
2022-07-07,22488474.53611111,12823591.603741266,,,1.71460769507103,1.0680921883701389
2022-07-08,21045656.513888888,12205187.730939945,,,2.09910517875368,1.0281148994774307
2022-07-09,22998861.54548611,13124706.280439714,,,2.6095881082114865,1.0538144003399306
2022-07-10,22050687.572916668,11986708.895504827,,,2.8098481174745498,1.1182082897249999
2022-07-11,22438587.641666666,11662596.443515215,,,3.099545929271749,1.264716250729514
2022-07-12,21591967.764583334,10157656.25800278,,,3.160266941253062,1.125906157417014
2022-07-13,20240462.872569446,9186365.95452838,,,2.9244377184058052,1.1654226281725695
2022-07-14,19196124.467013888,8992673.08534221,,,2.5319934099638006,1.1184406404315972
2022-07-15,18810147.561458334,9219564.828318559,,,2.2251986033435847,1.048769597707986
2022-07-16,18398909.567708332,9101686.853325315,,,2.1850305423739225,1.1453324501892361
2022-07-17,24242342.282986112,13784597.399102394,,,1.1483535500938558,1.1123180520625
2022-07-18,34457216.97604167,24792960.11738714,,,0.6184940371658546,1.092034556490625
2022-07-19,27139026.055555556,20120337.479774687,,,0.8853072849734827,1.0593079251340276
2022-07-20,22750001.345833335,16978996.51652855,,,1.141451842145434,1.022515302311111
2022-07-21,21923891.35486111,15447997.635888036,,,1.226163085299665,1.026131304887847
2022-07-22,25876050.571875,21113263.59605187,,,0.8309796843248657,1.102277182023264
2022-07-23,30726181.631944444,27151716.04233857,,,0.6761960425244643,1.073678407160764
2022-07-24,35308489.077430554,32897041.943139892,,,0.5527979595971426,1.1016981385288194
2022-07-25,29892763.225694444,25845608.267504975,,,0.842738210694441,1.0635567923659723
2022-07-26,27788181.77986111,21629470.369597394,,,1.1090248889235708,1.0801696262437501
2022-07-27,28907582.62986111,25736939.852049604,,,1.0391640183772235,1.0512707263118055
2022-07-28,41451207.21388889,50952554.28674761,,,0.3995102482495263,1.0888894989427085
2022-07-29,40667879.635069445,64986503.12883046,,,0.4089232790899799,1.0413357385020834
2022-07-30,34402314.005208336,60448797.86470619,,,0.48757078039046864,1.0367066621211807
2022-07-31,31352525.247222226,53133948.34628859,,,0.5443135948419524,1.0393736650572916
2022-08-01,29431469.33923611,46589790.684961356,,,0.6460897881450481,1.0244033798874999
2022-08-02,26764490.586458333,40106018.012822665,,,0.8745759444572472,1.0130860467694445
2022-08-03,30285228.581944447,54302808.39915344,,,0.6611466584742867,1.0230686405336806
2022-08-04,34183000.577083334,68144301.33769244,,,0.5099178563006058,1.0507653670791666
2022-08-05,27363970.688194443,52490020.59967058,,,0.7640359119489089,1.0274033056041665
2022-08-06,27657946.748263888,53941011.0764353,,,0.896571628713019,1.02325202024375
2022-08-07,27748762.56875,53958768.427860886,,,0.990448278529647,1.0069394665284723
2022-08-08,26018744.658680554,50465284.65901026,,,1.0415921119967773,1.0293041068673612
2022-08-09,26256823.704166666,46543278.73633584,,,1.4686067899213888,0.964781927946875
2022-08-10,26806472.123263888,45425527.04048416,,,1.7313305986705763,1.0406255083604166
2022-08-11,29575903.274305556,47807717.05838833,,,2.246039670539119,0.9944278571072918
2022-08-12,30986677.643402774,49214202.084521145,,,2.523057820126957,1.009944959182639
2022-08-13,29761827.03125,47836468.391488224,,,2.665512125370473,0.9966949056684028
2022-08-14,31204642.70069444,46821704.78618055,,,2.9225482170817294,0.9978293336840278
2022-08-15,30243906.201388888,44508098.96229616,,,2.9148003177344197,0.998926296370139
2022-08-16,29652697.625347223,44103857.83142145,,,3.021260123559043,0.9875839182440972
2022-08-17,29653474.100694444,41728989.75982631,,,3.3415216244173043,0.9771236289791667
2022-08-18,29997728.08298611,39628697.88233915,,,2.4292902173572424,0.992018310213889
2022-08-19,35578052.39444444,42756600.809409045,,,2.008199680880068,1.0403737859020834
2022-08-20,35768606.59861111,42205614.11099788,,,2.4304985022826164,1.02991937130625
2022-08-21,35626106.815972224,41629604.52847922,,,2.5329114602712313,1.0230761680996527
2022-08-22,36128557.19722222,41043373.512159504,,,2.8563813536346543,1.0264893802930555
2022-08-23,34522763.91944444,42536658.5910437,,,2.143938056786402,1.0379652824628471
2022-08-24,29641622.356944446,37660137.78852241,,,2.1882835973548147,1.0024324441920138
2022-08-25,29315463.559722222,35807318.81463993,,,3.123126721161453,1.0258770393395833
2022-08-26,28506677.797569443,32055591.63754562,,,3.336880961144761,1.017835717976736
2022-08-27,27726723.82951389,28367145.068925068,,,3.0036881980573553,1.0422740387659721
2022-08-28,28191244.151041668,29640346.37322538,,,2.9017591594472782,1.002436095513889
2022-08-29,29091404.31840278,32746814.29677522,,,1.9138684886273063,1.0432841593416666
2022-08-30,27413235.140277777,31019599.581077296,,,2.1211333133429537,1.0141452586822917
2022-08-31,25698083.04826389,29646628.915965207,,,2.280046244488669,1.0333579250128473
2022-09-01,24924624.874305557,28004576.487960618,,,2.8140915288282704,1.0071768990569445
2022-09-02,25999922.728819445,31263823.731685117,,,1.716628747390267,1.0666411728347223
2022-09-03,26271337.03125,31381672.0473305,1.8925950747747262,0.9773908359949999,1.995437742412838,1.0535751161402778
2022-09-04,26534957.819444444,30943384.629318967,,,2.608745977652349,0.9968544883461805
2022-09-05,28009468.922569443,32284430.309869204,,,2.7621987691543715,0.9944756350701388
2022-09-06,25718845.483333334,30672606.684212975,,,2.304995698414144,1.0240680236534723
2022-09-07,24983391.39513889,27984664.20110677,,,3.0279201724399707,0.9851525599197917
2022-09-08,22098695.33715278,25742860.293214224,,,2.103220878359823,1.019616486295139
2022-09-09,22429531.986458335,29095556.293738533,,,1.6104555439841033,1.0335545151184027
2022-09-10,22276393.38159722,30819591.143269103,,,1.361488951662418,1.0560565722388888
2022-09-11,21024611.099305555,29113143.30932748,,,1.598603377122452,1.037425032928125
2022-09-12,20961557.518055554,28139850.67971146,,,1.959251263342259,0.9861620375072917
2022-09-13,22336317.58715278,27514815.041739386,,,2.637024254008424,1.0032323467909723
2022-09-14,21134641.335069444,25226461.456447855,,,2.5769327181269412,1.0026464187743054
2022-09-15,20501309.926041666,24104685.00563617,,,2.51721865141539,0.9817590781652777
2022-09-16,23596775.56875,25909220.867559705,,,3.0675017032264256,0.9692304991739582
2022-09-17,23429380.576388888,25990431.712306004,,,3.202545903954535,1.0719381255534721
2022-09-18,22621161.178125,24456641.790780753,,,3.110625855376122,0.9928099675819444
2022-09-19,21432409.390972223,19993592.963833835,,,3.297283875763889,1.0191319256944444
2022-09-20,22355526.984375,20555069.399701588,,,3.1033883536805558,1.0163403680902778
2022-09-21,21603918.955208335,19730659.584474966,,,3.163367775277778,1.0540646579166666
2022-09-22,20249547.039583333,18812225.591098268,,,3.148922893702115,1.0232578673888888
2022-09-23,19627101.070486113,18433579.495150756,,,3.3653193997895237,1.006382385090972
2022-09-24,19820594.535069447,18581689.01488632,,,3.2381678932851243,1.055905168075
2022-09-25,20050623.029513888,18548047.79909942,,,3.6680865848886675,1.0447405725319445
2022-09-26,20553007.061805557,18650062.560832813,,,3.925752439458001,1.012673833542361
2022-09-27,19303950.211111113,18200558.072253216,,,2.9094254799128407,1.0781527525121528
2022-09-28,22457910.851736113,20053054.875989906,,,4.572232765410083,1.0053043232784722
2022-09-29,20533334.507986113,18540532.966109607,,,3.7724614117011837,1.0856523056385416
2022-09-30,20407311.469444443,18409472.715099808,,,3.7138166521921008,1.01131270941875
2022-10-01,21516339.305208333,19454453.093980055,,,3.6005709875168344,1.0784438682684028
2022-10-02,23770746.671180557,20860794.07397562,,,4.605234894365719,1.0943697134739585
2022-10-03,24697968.923611112,21174512.55537222,,,4.2044257457067715,1.0101765359090278
2022-10-04,23761429.54201389,20712367.38724545,,,3.678410901194569,1.022419861237153
2022-10-05,24917945.954166666,21347421.8258226,,,4.078956413038492,1.0060040839083333
2022-10-06,23519367.278125003,20253284.2138211,,,3.9323088749111417,1.055655485651389
2022-10-07,24874883.90173611,21021460.03667358,,,4.4087090708319066,1.0261728967878474
2022-10-08,25536730.490625,21596122.439599324,,,4.603240755549553,1.1366202080329861
2022-10-09,25548543.173611112,21499776.896759324,,,4.833666479886291,1.0658394972076388
2022-10-10,26150607.738194447,21592422.796651047,,,5.455828658427238,1.0165440562506944
2022-10-11,25096288.703819443,18887206.615046453,,,4.446863786304878,1.0375060234131945
2022-10-12,25074279.07951389,18783858.599935394,,,4.526274355595971,1.0703062100253473
2022-10-13,24745795.138541665,17660068.011018433,,,4.018921589935847,0.9849844441857639
2022-10-14,24312795.763194446,17841551.32149013,,,3.2601150543416693,1.06195886249375
2022-10-15,25783246.452777777,18052202.356271077,,,3.5334675577942565,1.13143569701875
2022-10-16,26096916.023611113,18204463.313433446,,,4.020170412717964,0.9541817386711805
2022-10-17,25828832.433680553,18569627.409595214,,,3.6730037737306236,1.0888087764124998
2022-10-18,25411336.540625,18916448.22725355,,,2.702284210555612,1.0752508393034723
2022-10-19,23315497.183333334,16676162.921100762,,,3.6744948762841267,1.1304197146270833
2022-10-20,23060266.488541666,15900466.031422555,,,4.340628052716652,1.0810145253649306
2022-10-21,24496086.585763887,16497730.120814217,,,4.2033355834740345,1.0017757538805556
2022-10-22,31986021.317708332,23298306.43023941,,,1.2772490406912362,1.1479130033736111
2022-10-23,34574394.71701389,26496620.694596812,,,1.0705824819597654,1.1239014955038196
2022-10-24,37949629.37291667,31603638.83340581,,,0.8640873122821449,1.0534197317847223
2022-10-25,43591180.01840278,39064242.4946903,,,0.6920683715596332,1.0829987140979167
2022-10-26,53577518.493750006,55588638.40257502,,,0.49021418185353727,1.0654727842819445
2022-10-27,56692816.91354167,62709445.31062378,,,0.4095490800419668,1.054418250585764
2022-10-28,55947914.75972222,62259537.13020846,,,0.3980642290046332,1.14807721276875
2022-10-29,49198933.036458336,55145607.43415312,,,0.5847337465212085,1.0762424785243057
2022-10-30,42357752.520833336,44869980.22553131,,,0.8268189919444445,1.0386620618402778
2022-10-31,40717996.032638885,42507957.08822983,,,0.8265312745094865,1.0746596945760416
2022-11-01,39398432.077083334,40303534.61243964,,,1.038676289763927,1.0356722292899305
2022-11-02,38025335.39444444,37864015.33034997,,,1.145021210189163,1.0462405712777778
2022-11-03,38236726.45972222,41389950.891611114,,,0.9806147322237765,1.0291846187572917
2022-11-04,41622389.16215278,51757211.38712348,,,0.7382159974331302,1.0377902160493055
2022-11-05,42287631.71423611,56013447.774222225,,,0.5690144362437777,1.0563103450270832
2022-11-06,39471021.864930555,51533738.420811765,,,0.621398625336187,1.0567357092531249
2022-11-07,39500033.03541667,50410936.502367705,,,0.7074912458632686,1.0551580895208332
2022-11-08,35192566.01527777,40024585.81475517,,,1.1431710553190575,1.0193973295770833
2022-11-09,29291512.297222223,25795899.64048303,,,1.67965948926647,0.9990426678354167
2022-11-10,28296559.922222223,26822510.461465105,,,1.4213551048705577,1.0221702507822916
2022-11-11,28774815.930208333,28477032.33767645,,,1.2524590970516052,1.0247066253871528
2022-11-12,27951784.910416666,26478942.414936494,,,1.401700081028463,1.054014807136111
2022-11-13,27429129.993055556,24996857.93423304,,,1.6104221791845317,1.0372735578381944
2022-11-14,28202747.963194445,25814736.575719215,,,1.5593751535518718,1.033228279217361
2022-11-15,27513802.101736113,25527650.10767843,,,2.0802492370885908,1.056061611498611
2022-11-16,27975107.469791666,25540980.413211778,,,2.161646379796401,1.0541773797506944
2022-11-17,28186732.403819446,25100731.29654036,,,2.127140173685972,1.091432031176736
2022-11-18,28805023.93888889,26069727.885737833,,,2.0987657016955814,1.0466782719145833
2022-11-19,28753734.735416666,26020899.389171217,,,1.9178432364867934,1.0627615439798612
2022-11-20,29613418.566319447,26785556.53183539,,,1.6193379290915257,1.1438750507943465
2022-11-21,28431494.592013888,23609188.226060353,,,1.9493048137858304,1.0757542757402776
2022-11-22,28256069.773958333,23775120.323875863,,,1.8523352271443616,1.106372697790278
2022-11-23,29986612.520833332,27075794.868357435,,,1.4978964791134382,1.0641813179798612
2022-11-24,33085070.95555556,31016915.156750884,,,1.2028109752174432,1.067771649540625
2022-11-25,32937558.872222226,30325749.729483783,,,1.2919583072486054,1.1119635691559029
2022-11-26,31214212.849999998,28856525.32335095,,,1.7776920201955082,1.0778535018472222
2022-11-27,30057331.295138888,27378544.099006202,,,2.1324999698056746,1.08601563165
2022-11-28,29660507.782291666,25578066.128937304,,,2.205638783242128,1.0428176405114584
2022-11-29,29806778.158333335,26502597.93076801,,,1.9096899686551656,1.0463153547295139
2022-11-30,32843952.131944444,31533974.88172417,,,1.136114890844184,1.0920449459868056
2022-12-01,38713411.135416664,40764515.94788652,,,0.6603796268018959,1.0920303112694443
2022-12-02,38593484.00451389,41587557.170230776,,,0.6267819222429591,1.165095153801736
2022-12-03,37669181.45347223,40263836.33227768,,,0.8038062239193537,1.0617519180784722
2022-12-04,35490461.515625,37027314.051812686,,,1.0118055567295121,1.1273987554489584
2022-12-05,34068628.04479167,36042786.54599311,,,0.9464981740323883,1.0469553086135415
2022-12-06,31821751.609027777,32924628.987559915,,,1.1090218381140682,1.0204034602947916
2022-12-07,33832275.37256944,35010381.73952404,,,0.997246912233553,1.0595493633295139
2022-12-08,32237939.298958335,33223565.791488305,,,1.0681941124703933,1.1651209957934028
2022-12-09,36948644.11145833,40250471.500140384,,,0.6433305955644201,1.145697219342014
2022-12-10,34689081.70520833,36906390.35558553,,,0.9040807606644167,1.1540173103534723
2022-12-11,32480195.145138886,33897524.71526876,,,1.2591864383996916,1.0951480368211806
2022-12-12,31327030.263888888,31910795.17138111,,,1.480482053367517,1.074061688425
2022-12-13,32982617.318402782,35546171.343163714,,,1.033335828216435,1.129454809651736
2022-12-14,41158404.85555556,47927151.47000879,0.4489695234551095,0.9833162903069307,0.46609233044071857,1.0981108408458333
2022-12-15,39047485.07569444,43265861.01827931,0.7385645942345812,0.9633655350628472,0.6810881109499659,1.0828781056538195
2022-12-16,33645773.91319445,34905973.00754308,1.3110217562299098,0.9578076945531251,1.510911000824408,1.0612751194090277
2022-12-17,31121033.116666667,28781129.72442271,1.604900148385005,0.9622248203979166,1.8339916934548677,1.1229429954368055
2022-12-18,31200286.776041668,29236287.5087799,1.4815682143309419,0.9472303491274305,1.6887422905188993,1.1165523573361111
2022-12-19,30678191.293402776,28310448.51024075,1.4699368749760455,0.9623246510302084,1.6922828248029065,1.1464752209479168
2022-12-20,31764207.876736112,30192362.82603646,1.2032922058348952,0.9639583970493055,1.3643777757795124,1.114206395234375
2022-12-21,35275520.021180555,34013799.34665098,0.9713704183780375,0.9536871371590279,0.9522081365760562,1.143012956028125
2022-12-22,33378538.76076389,31177334.512710553,1.2455162921039795,0.9539089381444446,1.343455868726427,1.1079716884774304
2022-12-23,31768550.454861112,30320725.273910865,1.1936395097748833,0.9840784787072917,1.3049998504623306,1.1749019584107638
2022-12-24,32461727.213541668,30439018.32003659,1.263552568265303,0.9708896516572918,1.4048364511283358,1.1160227245722223
2022-12-25,32626669.715277776,30163069.953745645,1.3816258558560761,0.9599440343899306,1.6604864021143437,1.202735284696875
2022-12-26,32101352.598958332,29962454.888382778,1.3476235434367383,0.9650713949041667,1.583533460563971,1.1986608295184027
2022-12-27,31388765.94826389,29552308.552483298,1.3065635493888983,0.9663669941906251,1.5129151294992562,1.1138151496635418
2022-12-28,31351068.094791666,28505256.840714585,1.4234063584452918,0.9489757107128471,1.7664618063003867,1.091076527003125
2022-12-29,32062847.480902776,29080045.381241214,1.3468552579164532,0.9166814044194445,1.7045559393605638,1.2113521215708334
2022-12-30,31953586.263541665,29003111.367243614,1.3872474244497779,0.9139534647277778,1.6988579598601923,1.1156446954038195
2022-12-31,31700448.60451389,29048306.955445074,1.36948640196543,0.9268352556909721,1.6192749548619714,1.2871893524017362
2023-01-01,31498836.080902774,28910256.281470783,1.3702640562437134,0.9243494173399305,1.6282142443489676,1.2408108299697915
2023-01-02,32400383.713194445,30601270.926581986,1.258570426648253,0.9268273426253472,1.4140928757958244,1.21126094483125
2023-01-03,33490523.452777777,32227346.711482424,1.2185861539479075,0.9477005470583334,1.3276421618289025,1.2000910424208333
2023-01-04,33560989.77743056,34264535.64537457,1.0502582338514468,0.9398300550486111,1.202440146938197,1.1085158052520834
2023-01-05,33138969.562152777,33979219.01139487,0.8927912316433034,0.9551539950732639,0.9630044063267759,1.0934641864420138
2023-01-06,33273076.015277777,34514332.35960091,0.8845857181240406,0.9614985203031251,0.9458437410322829,1.1232706078045138
2023-01-07,34247156.400000006,37594927.346162036,0.787197575946793,0.9791357564388888,0.83905889381345,1.085587867003125
2023-01-08,32339734.703472223,36385567.0796195,0.8555189409269106,0.9664706287534722,0.9282573643434205,1.1340441380288193
2023-01-09,33504951.349305555,43202073.652555816,0.7659328298837047,0.9430855255885418,0.7924549334796698,1.0544323328475693
2023-01-10,31858537.925347224,40126447.518940836,0.7805126036883752,0.9914316908590278,0.8009904946293713,1.0703749824239583
2023-01-11,31810743.598958332,39881809.71955527,0.7656225675511152,1.0290995111340278,0.7897042585475382,1.0533753705902777
2023-01-12,32100152.684027776,42563092.16370727,0.7642624023225028,1.0520178255881945,0.8024273511318882,1.0283273389583334
2023-01-13,33965433.24826389,50201527.885542184,0.6134068449471773,1.076349243820486,0.6334383778332007,1.070173490775347
2023-01-14,29877020.896874998,49322841.66360024,0.6925002059838352,1.0989317827517362,0.7160640699838383,1.0514732122548611
2023-01-15,29431406.472569447,51517300.28068641,0.6682784602175388,1.118603134371528,0.651385303358199,1.0431483637045138
2023-01-16,28917764.781597223,52165005.83063647,0.700001775891684,1.0997010386111112,0.6762640689158471,1.013308473126389
2023-01-17,29591049.702430557,53664733.425647266,0.6671350712139126,1.0763882899496526,0.6559710831337907,1.0230784644829862
2023-01-18,28822870.367361113,49792228.96047876,0.7446862683568074,1.0591052122791667,0.7613013308225296,1.0116149552440972
2023-01-19,30383969.414930556,51723642.25909621,0.6841963400206329,1.077409760748611,0.6887372412117064,1.072805885738889
2023-01-20,31156350.136805553,57226872.07785482,0.6655698903336902,1.0584103750197917,0.6830355161272601,1.0848487245739582
2023-01-21,31258563.030555554,71732128.54078205,0.7341850529934141,1.0691384351340278,0.675658762866678,1.0199649014663195
2023-01-22,28850595.464583334,65502682.13834267,0.8509528860555969,1.0540410211756945,0.8862374224636822,1.0162261411496527
2023-01-23,27646429.454166666,60774365.33330447,1.0149541231447055,1.0329845817670138,1.140628707978925,1.192079163673519
2023-01-24,28184172.398958333,61657159.68086544,1.0718911880452293,1.0526680827979167,1.2418030006951752,0.9779441174190973
2023-01-25,29213420.762847222,63241947.85988895,1.0528552482511222,1.028883002284375,1.254401890512539,1.0411089796020834
2023-01-26,29132993.034374997,66943745.46943936,1.1979624346436994,1.024776994217361,1.2836559738602922,1.0137434686718751
2023-01-27,29185153.92638889,64609246.06330816,1.4253184453927796,1.0213713043305555,1.6513268992766388,1.0005532490663194
2023-01-28,28656126.256944444,63309832.40386883,1.5383572830247068,1.0002628681961805,1.8500614901553196,1.0726832108635418
2023-01-29,28364002.416666668,63556348.30812237,1.5293480687594037,1.0008176190760416,1.9401837869580554,0.9823938541565972
2023-01-30,26664265.846527778,58896665.68224503,1.3059396457828008,1.0532318829937501,1.401772361339614,1.0224265482208332
2023-01-31,25248155.632291667,54149239.34579784,1.2458481628263702,1.050456875255903,1.4216619496458403,1.0109436701184027
2023-02-01,27575932.85034722,63548370.96233417,0.9963924572752512,1.0812965753574912,1.0951500073846936,1.0106269179590277
2023-02-02,33930894.89722222,95841980.5564335,0.6456312966046158,1.1383496139850695,0.5508905496380982,1.040104421940625
2023-02-03,32754005.976041667,97104905.48344703,0.7270115845961688,1.08310739989375,0.6875838893446342,1.0473242697878473
2023-02-04,31266353.683680553,95260784.52070144,0.8559600408555409,1.0643209337284723,0.8165756594031548,1.0080756912381945
2023-02-05,30103533.136805553,88593291.91401218,0.990380441983922,1.0570307837472221,0.9988203662928452,1.0010369458895834
2023-02-06,29807418.7875,87133160.7008639,1.0441758811843256,1.0598331275954862,1.0778109211857045,1.0546281738725696
2023-02-07,28685245.927083332,85483752.75163226,1.032468154938532,1.0525014101031251,1.135276484764123,1.0580248860628472
2023-02-08,28383270.081597224,83121167.75416362,1.3451210875347812,1.0665519487628472,1.4074101839299895,1.0825611920527778
2023-02-09,25920947.38159722,67615594.06439482,1.638788504547029,1.0460723765809028,1.761074687557944,1.0070750713444445
2023-02-10,26218660.545138888,62947287.94357783,1.5511520929838853,1.061228718453125,1.7774435281309544,1.043083963171875
2023-02-11,25005638.92326389,60355765.65836259,1.6651790727030766,1.0403641095340277,1.9783614295248562,1.0764856220666668
2023-02-12,24473496.421527777,60309915.19931258,1.7448982107307092,1.0465976423850694,2.1362334674563006,1.0152120665253472
2023-02-13,25048007.170138888,54999019.60709283,1.9368987305455576,1.0495400782180555,2.2866855731078157,1.0347955845211805
2023-02-14,24685779.065624997,56030751.74169342,1.8304555578063786,1.0566426288086805,2.173292105161389,0.9878262550065973
2023-02-15,23500675.84513889,58931520.24788794,1.4060243343533554,1.0547960331006943,1.5479723139871198,1.0171684159854166
2023-02-16,23426784.01076389,66607896.496438704,1.163314864324029,1.0594587721152777,1.0991929229951354,0.9907401662194444
2023-02-17,21737199.336805556,59864100.33868197,1.228742142460847,1.0409394438913193,1.3122764077627282,1.0153097101506945
2023-02-18,20552647.023263887,57040389.50939594,1.3743282530282535,1.0404849229340278,1.4428772403429577,1.0093550973045138
2023-02-19,20561737.51111111,56079915.20952756,1.498294213325708,1.0216228001135417,1.6093758962352287,1.015960712168403
2023-02-20,20157446.110069443,52837607.142395034,1.6268231636529302,0.991978050771875,1.8399594320341928,1.0230642706756943
2023-02-21,19890225.438541666,50469510.636403196,1.814996325353006,0.9954567318013888,2.069191419926201,1.2202083934413195
2023-02-22,20466552.97361111,51468884.494732305,1.6433914621277217,1.0122064112635416,1.8402289540752155,1.0257933647256943
2023-02-23,25112460.74513889,71098896.1156352,1.1268816512272888,0.9623447154003473,1.1619008708572645,1.0163522775711806
2023-02-24,33616000.959374994,102940055.08929141,0.80344014463396,0.8792163643923611,0.7888516431816287,1.0316887551736111
2023-02-25,33674116.976736106,95934969.3532228,1.106811691648244,0.8579378916451389,1.1063825657510828,1.0471427492694445
2023-02-26,32831764.842708334,94478001.83577746,1.361595853109864,0.8115169644913194,1.584689661551047,1.053767647013889
2023-02-27,32943298.827777777,96938350.1472285,1.2433544309718871,0.8313051148534722,1.3110641100731948,1.0379408322583332
2023-02-28,32973126.86076389,91975809.8622554,1.6208884673789492,0.8306972095597223,1.7744709375883316,1.039849358603125
2023-03-01,34801530.39236111,96040122.10756394,1.7646148259019299,0.8053024370086805,2.1411883430161103,1.077019985729514
2023-03-02,34980250.302083336,94290751.3982622,1.8910988361086565,0.8404981270104167,2.1709809693773465,1.03031360736875
2023-03-03,31561042.360069446,80826100.77078275,1.7894838052862694,0.8515332990541666,2.009669394585177,1.0306916137614583
2023-03-04,30479483.324305553,74811504.34135005,1.778211027977406,0.8817291575836805,2.040292526396007,1.0581791852173612
2023-03-05,30718029.751736112,74525621.4829153,1.6914993499913176,0.8795568478020833,1.969563292827313,1.0642922698760418
2023-03-06,30550464.627083335,75562160.95996542,1.5234193078892817,0.9032339558444443,1.6890269821777981,1.078301505478125
2023-03-07,30004965.822916668,73801786.00545913,1.6555380762584158,0.9041604286378472,1.800382290381075,1.039144173698264
2023-03-08,30011246.195833333,68785138.11753015,1.898585701313112,0.9081117774670139,2.09095041587693,1.0446185075211805
2023-03-09,30944030.227430556,70236590.19388773,1.6443164689652614,0.9323040776940972,1.880026798044993,1.0512576908024307
2023-03-10,28697546.02013889,60241127.790307134,1.6067200783604842,0.9609211745881944,1.7743799744289395,1.0299650019447917
2023-03-11,28138775.986111112,54473515.792656034,1.799534417312418,0.9389448275847223,1.9350038842551949,1.0354397262871526
2023-03-12,28744864.914583333,55291640.43031945,1.6723215631432586,0.947072685998264,1.7832445155596857,0.9971982134350694
2023-03-13,28766796.774305556,70671149.0353903,0.8221216712847222,0.9784833242708333,0.7829529941319444,1.060341825347222
2023-03-14,28249904.296527777,75753257.82392335,0.8436305513789155,0.9555609142395833,0.8638234598672471,1.0162976462163196
2023-03-15,25513187.16701389,65998638.94860429,1.2170998264075934,0.9165778516253472,1.2484336014593385,1.0049132077437501
2023-03-16,26527069.205208335,64570388.41557833,1.4925586096378918,0.8600616164184028,1.5803609636663074,1.0283544541440972
2023-03-17,25204996.697569445,64898373.320604764,1.3315494082730739,0.84986962431875,1.460801857715495,1.0544452637583333
2023-03-18,19930887.289236113,55599518.273849115,1.2667516815296493,0.8375475268145833,1.2657737061917256,1.007079545661111
2023-03-19,17921226.69722222,48359844.742489755,1.247110965261646,0.8134633455864583,1.3269635029744777,1.025657935923264
2023-03-20,17432137.69236111,45241013.35007331,1.3734452541282858,0.832757729671875,1.4410481280622662,1.0375828954243056
2023-03-21,17950207.27465278,45808775.074779205,1.3527234509448014,0.81509206255625,1.461849590955261,1.0612407461993056
2023-03-22,17457219.39652778,45075260.062637955,1.3942112668455455,0.7926734863802083,1.44849830820166,1.0350797607375002
2023-03-23,18570581.225,46522014.852582544,1.4138646533185846,0.7862889280013889,1.5789774883789882,1.0532479484805557
2023-03-24,21477647.093402777,49980071.326512665,1.8047023013134351,0.8172881282534722,1.9616375231447891,1.059883276389236
2023-03-25,22814093.867013887,50930562.208028294,1.900827956293551,0.8157713388048611,2.0896482755697914,1.0785146115371527
2023-03-26,22192426.878124997,49725077.87159232,1.909616994946869,0.8215317275475695,2.223367434769725,1.07492629789375
2023-03-27,23777066.882638887,51012066.52084542,2.214498498236077,0.85043707635625,2.5057779477949365,1.0473667622274307
2023-03-28,24076316.91736111,50781742.00250533,2.0503107730398873,0.8499347769527777,2.3317322542852432,1.0417560736451388
2023-03-29,22368410.10034722,50031905.588251434,1.9118387356455138,0.8658363809763889,2.1210912881191613,1.010006158937153
2023-03-30,22846029.382638887,50985703.123539485,2.020193762360714,0.8820608018729167,2.2566331767712504,1.0169107145371528
2023-03-31,23439737.853125,53504659.89852054,2.048933454112797,0.8813690933732639,2.3518755384031254,1.0021374829666667
2023-04-01,22434015.372569446,50983908.64150599,2.18454348158749,0.8700074066197917,2.4597817799718555,1.0648961246506945
2023-04-02,21850360.738194447,49153674.32626962,2.1525508918262286,0.8720507760770834,2.3860704962502295,1.0630076375059028
2023-04-03,21285462.907986112,46321563.90815225,2.3179935806223586,0.8773644073878473,2.531653031367501,1.022905939044097
2023-04-04,20788901.261805553,45628921.419174485,2.261973773327988,0.8679039262375,2.462546848361039,1.0898346169996527
2023-04-05,21341124.02013889,49253897.453873746,2.1672173635572967,0.8833189116322917,2.3103622810833024,1.0362174172621528
2023-04-06,21197277.297222223,47352085.79900047,2.6476333019925,0.888606793765625,2.9073677541363945,1.0756293019545138
2023-04-07,20684873.70798611,46512828.82870513,2.4239138815614982,0.8770143814371527,2.5589439876314604,1.08746578410625
2023-04-08,20539583.441319447,46455247.86879903,2.2332199319371444,0.8632663503319444,2.4379803227063492,1.1298481144138888
2023-04-09,20933936.862499997,46953363.412283786,2.160924466355032,0.8543803234579861,2.3699298133623166,1.2666118132913193
2023-04-10,20381793.54548611,44518658.78412599,2.239261900362341,0.8787735022034722,2.375608091760878,1.0816843311878472
2023-04-11,20174997.017708335,47204111.17999363,2.0003500679241255,0.9115829497666668,2.0608610159128613,1.0966477123628473
2023-04-12,20958729.77013889,47035283.50457582,2.3301820805593363,0.8903452769506944,2.581135863435038,1.0058637919774305
2023-04-13,20838625.108680557,49118232.07986876,1.7980412297975823,0.8648028683194444,1.9492928819340212,1.0845243352503473
2023-04-14,19191934.353819445,49844238.77971511,1.4755334892899432,0.94334369225625,1.5598875268814465,1.044399264048611
2023-04-15,22228494.77534722,60159976.57333609,1.2750620817603515,1.0502425659003471,1.2782360604729495,1.0125042422843749
2023-04-16,23588972.349305555,63086223.30571633,1.4572790758217693,1.0625529442454862,1.5048692352373534,1.0669243333027778
2023-04-17,23208438.085069444,60991409.292707376,1.6195705196368242,1.1084555508861111,1.6408143147727865,1.0072868285861112
2023-04-18,23693604.443055555,63513127.713888116,1.6282989855137433,1.1261432763149306,1.7955742272102124,1.0829545010930555
2023-04-19,23376104.232638888,61477983.18261716,1.674381378104117,1.1569635468652777,1.7663700073225541,1.0328068991006945
2023-04-20,24898108.05590278,62694397.51660347,1.7492114327906245,1.1941058673611111,1.894955753896952,0.9972135054156249
2023-04-21,24584187.137152776,59037995.034144945,1.9113162677918456,1.14531517269375,2.1410482271627003,1.0311184797256945
2023-04-22,24790009.954861112,56365641.84940507,1.9225577843182344,1.1187690338145833,2.2045639379086124,1.0984112472684027
2023-04-23,24689912.40625,55352730.61879307,2.1168034887720193,1.1107759984027779,2.3463519833607687,1.0352925810454863
2023-04-24,24042406.409722224,53279208.672900274,1.8550436794118506,1.1138679537774305,2.113800090071207,1.027130492803125
2023-04-25,25276855.872916665,55150632.37402522,2.03440655934352,1.117631841567014,2.2991481802334346,1.0155259801368055
2023-04-26,23515952.63402778,52866929.1853883,2.0372979093021097,1.1324687353180556,2.2799762970840476,1.07069375095
2023-04-27,20540947.875347223,44938561.693986624,2.225616968760765,1.027905232379861,2.551619432584774,1.041387639415625
2023-04-28,21882516.569444444,47107492.85697904,2.2869877515232733,0.975483204240625,2.5477219725842053,1.078216302212847
2023-04-29,21547499.81875,46726413.90720221,2.000092514845916,0.9607032802177083,2.233186872220904,1.061803470326736
2023-04-30,20998500.670138888,45819156.09453661,1.9914035101203333,0.9679997627572917,2.2143802030679614,1.0747310342149305
2023-05-01,21277433.077083334,44933710.71653416,2.0752654979176857,0.9778402466381944,2.3494536248238527,1.092382006704861
2023-05-02,21424146.32361111,45345407.608174965,1.876364437888422,0.9727757265545139,2.0183723471935084,1.0688989382666667
2023-05-03,21334935.541319445,45516838.06735972,1.9612397361358913,0.9787873146447917,2.0649469643285703,1.0508724612149305
2023-05-04,23612945.75138889,49491842.0866548,2.3307831241181014,0.9881965073163195,2.518526264599156,1.0975213977125
2023-05-05,26868832.123958334,53902843.712759174,2.4700413962641843,0.9595032646013889,2.9049401253595115,1.0638280840840277
2023-05-06,27624074.721180554,52078780.53899744,2.6688536079361005,0.9665204060881946,3.0084297414632406,1.0579427275166666
2023-05-07,26066748.742361113,49640740.02749458,2.092438071834518,0.9876704687361111,2.3781225819153047,1.089282645315625
2023-05-08,22801094.896875,40528264.69410712,2.2010734327545625,1.0283150869517361,2.3229885625748476,1.0745558038395833
2023-05-09,22468709.099305555,38617153.948454864,2.0968716820656073,1.0176130959805556,2.279831282997442,1.092187015954514
2023-05-10,23717155.663888887,40601812.18739811,2.4154185267709907,0.99350702696875,2.6808965647231098,1.0324206721187499
2023-05-11,26899489.355555553,43168907.14942502,2.601787368942566,0.9586697213680555,2.7026261184883302,1.0643014712128473
2023-05-12,26551533.678125,41991082.25199195,2.136816283841499,0.9933648327750001,2.3475701350949,1.0884450262336807
2023-05-13,24104205.594097223,39611018.14900704,2.0300403341115767,1.0385717120593752,2.1363428853673447,1.0428048850663194
2023-05-14,24105186.866319444,39479974.62425592,2.1432992594325464,1.0417176074177084,2.3357222150564185,1.1390899778840278
2023-05-15,24277033.408680554,40355186.04900567,2.188434295451262,1.0306273921225695,2.3906008944965507,1.0493537897520833
2023-05-16,25787603.059722222,41961438.086121865,2.4252717579498198,0.9914955876961806,2.6742824966466356,1.0441259367899305
2023-05-17,26858618.409027778,46477401.231404684,1.9915694099083403,1.0197874182149307,2.141760489316182,1.0786159815482639
2023-05-18,26725146.112152778,47808303.29234567,2.0243275443293216,0.9908172862993054,2.111600047819997,1.0371797680625
2023-05-19,29001792.805208333,49046311.726147085,2.7998618504257227,0.9741044289090277,3.125397156076651,1.0299993590440972
2023-05-20,30577346.777777776,51048256.68327315,2.7759734197572987,0.9948665552281251,3.183309109685475,1.0675179667746528
2023-05-21,29876237.337500002,49509210.231619865,2.8112482910300347,1.0123169126503473,3.14549463597999,1.0813943353885418
2023-05-22,29230903.31701389,47245431.37010472,2.686136480878911,1.052444779479861,2.972507317052373,1.1006671196909723
2023-05-23,28771122.45763889,48057056.42124488,2.469477548977654,1.032158047713889,2.6902778962804335,1.0525356953569445
2023-05-24,27882768.519444447,44699455.45341905,3.0534297871682208,0.9837682522000001,3.384417189070619,1.0679779233222222
2023-05-25,26996114.674305554,43277484.058713906,2.800640629287719,0.9827895149361111,3.1954151080998314,1.0500154123923613
2023-05-26,26433211.596180554,42895896.61809919,2.687785810467205,0.9983358467170138,2.957438555106962,1.077455771090625
2023-05-27,28404887.14965278,45495812.75500698,2.871702134355721,1.0131414443788196,3.090811755473008,1.1035118898423613
2023-05-28,29923323.297569446,48428575.224739514,3.0673026714350153,1.027703679423264,3.2254912136660483,1.0995437581590277
2023-05-29,30447480.300347224,48741957.72155171,3.156912653992966,0.9748051636829861,3.4898201110463036,1.022596082724653
2023-05-30,38379760.24826389,57137902.948418945,2.8476394631001805,0.9445307499795139,3.1602929908276027,1.0238737205715278
2023-05-31,46027128.427430555,64910208.1222196,2.5078740394092325,0.9654817255586805,2.7178351872681303,1.0748595135413195
2023-06-01,47799109.838194445,66808148.03323604,2.692679347645209,1.0523769671645833,3.140897827538464,1.0748611383222224
2023-06-02,47817392.729166664,68329989.09148642,2.8155808655668144,1.095301027179861,3.3396149556389516,1.0771136577486111
2023-06-03,47473469.50729167,69789532.8284679,2.7943163372267734,1.148411579576736,3.1229930366269425,1.0703370883663195
2023-06-04,49239894.86597222,73854774.54521567,2.5226731943539837,1.1576021493260416,2.7126808071350577,1.079874696296875
2023-06-05,43258793.179861106,61431845.778269224,2.7272045494853305,1.2053065264597222,2.856648775919132,1.0525987483520833
2023-06-06,42650139.646874994,61442209.21451178,2.3304493289614903,1.2103792912413196,2.5453849491764053,1.1083540221336807
2023-06-07,40778791.26284722,58070902.09715663,2.679958912306362,1.3897804700656249,2.6917942982822534,1.031524826923611
2023-06-08,35896055.06944445,49532855.08140584,2.854856352458342,1.3460263096909724,3.2184872147451746,1.051816648329514
2023-06-09,34338400.659375,46848586.501645245,2.912663427691056,1.2975143905,3.3640028947999348,1.0595148376802084
2023-06-10,32982877.626736112,37061994.36969446,2.366537583242152,1.180431610376736,2.510548141494492,0.9993611914944444
2023-06-11,33119790.291666668,35986160.26086255,2.278692700930618,1.2100444808593749,2.5053272088587906,1.0290925226663195
2023-06-12,33508067.37013889,37355801.083602995,2.019613593215523,1.2464751948427084,2.173604508617313,1.004518308732986
2023-06-13,32050175.324305553,36598097.32742499,2.094805513022054,1.313752117103125,2.2666960661920728,1.0553356215524305
2023-06-14,31308966.084027782,35677856.485324584,2.1849582791607043,1.3441824365972221,2.3103257438421445,1.0485388409909724
2023-06-15,31485584.22673611,34186069.08891649,2.260546544186078,1.315884499829514,2.50749327884314,1.0148541921777778
2023-06-16,31556582.685416665,35282702.370321244,2.12776704759201,1.2953491097274306,2.264100701385365,1.046067887115972
2023-06-17,30919321.795833334,35324451.41932567,2.270665871804589,1.3128220295253472,2.399008711561658,1.1190937420059026
2023-06-18,32323390.904513888,36237923.28960995,2.336064618548116,1.2967612923864584,2.561772790277548,1.0261629295499999
2023-06-19,32152410.688541666,35669825.721641675,2.163445433318957,1.2722531538920139,2.4879277711019423,1.0279799177604165
2023-06-20,37390631.32326389,45302306.72540981,1.5662747082673583,1.2598164799118057,1.6316423522739998,1.0448302486086805
2023-06-21,40870553.44652778,56464237.116383635,1.111081795116181,1.2354523618684028,1.0647872571919825,1.0631905009947917
2023-06-22,39279433.88368055,55245034.62462214,1.308823164395203,1.2829226459680556,1.2419967409883175,1.0545303016260417
2023-06-23,36747043.652777776,51162086.61199498,1.3953879088682695,1.2804186241010416,1.3935877454015193,1.0634352013090278
2023-06-24,35292134.527777776,46972429.37169068,1.7968142603456232,1.2650125372909722,1.8387309661139453,1.0752068231340277
2023-06-25,33925683.13645833,45481336.06374899,1.7957292586985254,1.2607611128770833,1.880754165927178,1.0822276704600695
2023-06-26,33122049.549999997,43426504.494764,1.9820806447206334,1.34202456706875,2.0605486686347105,1.042826492345139
2023-06-27,33421738.137152776,44302997.4703862,1.9836020187206291,1.3219062962124999,2.2126511670101148,1.0701590679638888
2023-06-28,35586221.34583333,44324877.55714292,2.1596555205745283,1.3362267208684027,2.3102014383692673,1.0416421169309027
2023-06-29,34253659.89340278,41991302.96267286,2.119594676444003,1.3933643362802082,2.3205891259982256,1.1073734321086806
2023-06-30,31739057.461805556,40913567.35995443,2.1175716212173623,1.372556288017014,2.3759378314224797,1.0389505146121527
2023-07-01,31033092.538541667,41574031.14191297,2.073523078536581,1.3499674559663193,2.161190076276499,1.0685280382729168
2023-07-02,31091290.862847224,41290291.21692806,2.349604511865639,1.464775238029861,2.348903746995254,1.0442307978486112
2023-07-03,32674397.381944444,43961346.52897399,2.4942129956741077,1.4547671521631944,2.5844122207875717,1.0988707905333335
2023-07-04,34617251.05798611,45855319.511866115,2.604660569323694,1.440153715315625,2.748470255636711,1.0508476473402777
2023-07-05,34740365.762152776,43697686.9871305,2.563054830356632,1.369241419328125,2.846512135199739,1.0229872508506945
2023-07-06,33648175.056944445,41350631.24709864,2.5306095903397354,1.3241623069753472,2.8888223741498615,1.0113150729937501
2023-07-07,32375810.708333332,38978034.92495495,2.4006019359366495,1.3174904241409722,2.8086418649770115,1.0534768153569445
2023-07-08,33615052.01354167,40822072.46358335,2.468630577403298,1.3356738795489584,2.7839943392995496,1.1038572049274304
2023-07-09,33948189.478819445,41222059.19302495,2.559500198306844,1.3636145486159723,2.807386647068249,1.0507861585527778
2023-07-10,35109731.56423611,41810824.07229213,2.6415918789583333,1.4006325707291667,2.9947812015277777,1.0474600463541668
2023-07-11,35356972.01979167,42933481.592345424,2.5692455621180557,1.4495634344097224,2.7257362186805554,1.0900968505208333
2023-07-12,36635480.32326389,45051210.89759156,2.6253652955208335,1.4142314119444446,2.881075136527778,1.0616646261458333
2023-07-13,37452053.826736115,48083121.11872777,2.0868714869444442,1.4202414180208334,2.278901134027778,1.0444117113194444
2023-07-14,41994889.52916667,59601012.64749307,1.652395124340278,1.4991565941319445,1.6777499918402778,1.0362942086805556
2023-07-15,47861546.637152776,70551214.94205624,1.5361752174305556,1.465006281111111,1.6207843953125,0.9949171014236112
2023-07-16,46760554.623958334,68551374.93838377,1.715773301909722,1.5569083521875,1.8024090639930554,1.0277127884375001
2023-07-17,47302196.998958334,69817055.45973046,1.7264731587152777,1.585224179548611,1.7917489674305556,1.0140947159722222
2023-07-18,47228951.83472222,69961769.9092997,1.6202748016319444,1.6011210054861111,1.5501198038194444,1.0083885819791667
2023-07-19,47913978.286458336,72694635.0299855,1.4030654496180555,1.5199917441666666,1.42394583625,1.053442803472222
2023-07-20,52220303.594791666,81101631.78698006,1.2565447469444444,1.5365198355902778,1.2415308679166666,1.0251064112847221
2023-07-21,51764347.601388894,78937061.7951569,1.5382279389583333,1.6309364306249998,1.5440140626736112,1.0208936876388888
2023-07-22,54709890.80659722,84472635.21528621,1.4123506386458333,1.6580591586805555,1.4616605441666666,1.0624017110069444
2023-07-23,60297472.71458333,95178060.00465637,1.2279607343402779,1.61593451,1.2353969063541668,1.0993590989583335
2023-07-24,57187099.08923611,87986739.85705549,1.3555854806597223,1.6609255812847221,1.392906906215278,1.0673707854166665
2023-07-25,52612290.30069444,78025401.73512922,1.5141934532291665,1.6900573185416665,1.591393226701389,1.0494144763194444
2023-07-26,50865619.78402778,75087472.9915795,1.4510280370486113,1.7444388807638889,1.5486309396875,1.0562000201736113
2023-07-27,52449484.18958333,79821795.58104447,1.4193557197916666,1.7056448270486113,1.4506438470833334,1.061513427638889
2023-07-28,49583207.320138894,73416741.88291067,1.7211775905902778,1.7145167763888889,1.7893096457986113,1.1371497465972222
2023-07-29,48479021.83263889,72686340.93918085,1.5858139546180556,1.6756290698611112,1.67707852875,1.1183705222569444
2023-07-30,61307726.251041666,96421243.3350868,1.057586277951389,1.5195452987152778,0.9969198728472222,1.1221280827430555
2023-07-31,70015852.3611111,116459245.34468116,0.689937484548611,1.3647514940625,0.6479168015972223,1.0708339987847222
2023-08-01,54986234.25173611,87654518.2567266,1.2370155056597223,1.3887220459027778,1.232594522013889,1.0662057321875
2023-08-02,51824986.08263889,84789900.07475913,1.1440550748611111,1.3130381490277778,1.1346487144444444,1.0781922658680554
2023-08-03,60464880.30381945,101999505.9405314,0.7827216912847222,1.2258539027430555,0.8007649509375,1.108872439375
2023-08-04,71873055.515625,123290218.65428011,0.5978371223611112,1.1375373286805557,0.5779545984722222,1.0731675465625
2023-08-05,62783648.47951388,105578768.28286605,0.6978529052430555,1.1699691596527777,0.6824679522569445,1.1426831547916665
2023-08-06,61424289.64930555,104231134.4980076,0.6625521676388888,1.1787818414583333,0.6521408901736111,1.0922253595138889
2023-08-07,63789430.483680554,111205438.42740184,0.5941388272569444,1.2038558400347223,0.5753781859027778,1.0694922346875
2023-08-08,65904350.327083334,113277923.25077026,0.7666028655208333,1.2019510744097222,0.7796012295833333,1.0650344710416666
2023-08-09,58593055.222222224,96229182.56463939,1.0172005680836238,1.214184872020906,1.1037173272822298,1.0847859164930556
2023-08-10,55080806.425,86592337.65484983,1.4250050687847222,1.2012924088194443,1.6142992111458332,1.0038001534722223
2023-08-11,51141121.480902776,81276491.4700294,1.3216627887152779,1.2373154675,1.3526275305208335,1.116162745451389
2023-08-12,49270222.05,76909844.20991313,1.4051046911805556,1.2595514269791666,1.4249065996180557,1.210378589201389
2023-08-13,46711525.38368055,72387677.31051265,1.4879728663541667,1.2712817055555556,1.5951067659375,1.10577467125
2023-08-14,44891827.93993056,69671159.65805966,1.6113176353125,1.3097583861805555,1.7359870188194444,1.116825691875
2023-08-15,44303741.54097222,66897273.59856326,1.6870206243402779,1.3085374764930555,1.811518560798611,1.0817494286111111
2023-08-16,39783429.86770833,57655755.53296347,1.8165136634374999,1.33236778375,1.8400285918402777,1.048282761875
2023-08-17,36906323.181944445,52654878.36705193,1.7511986569097222,1.2999754820486111,1.7270988775347222,1.0313254313888889
2023-08-18,33389167.71458333,47052244.55369443,1.5340651232291667,1.3125977608680557,1.5394180674305555,1.0523350814930557
2023-08-19,34256489.635069445,50158745.479853295,1.5105064549305556,1.2682336666319445,1.5517288156944444,1.0881699047222222
2023-08-20,34327370.184027776,50370805.76962215,1.5368550776041667,1.2689335965625002,1.6806650187847223,1.1098521230208334
2023-08-21,38469779.49548611,58056318.75849369,1.2405442437847223,1.1806111527083332,1.3122597049305555,1.017470714861111
2023-08-22,46344511.354166664,71706985.93579482,0.9131883282986111,1.1285039764583333,0.9121338732291667,1.0536670275
2023-08-23,45322279.07395833,71280949.80069998,0.9526716778472222,1.1260614266319444,0.9308104364583334,1.0971884574305557
2023-08-24,44514445.954513885,69151937.67135264,1.039569452951389,1.1122693987152779,1.0514155192708334,1.151037722951389
2023-08-25,41313381.452430554,62012447.46026841,1.1560380817708333,1.1666771348958334,1.177426889548611,1.0722244535416667
2023-08-26,42240139.135069445,62565552.20366314,1.0891772662152777,1.1662008842708333,1.1477915300347223,1.1763630211458334
2023-08-27,42249818.81701389,61891106.82075919,1.090522171875,1.1585002833333333,1.1844177150347222,1.1706435697569446
2023-08-28,41360371.45902778,58908087.064876854,1.1381766052777778,1.2339320999999999,1.240341130451389,1.0959889331597223
2023-08-29,38915590.54201389,56590691.16601226,1.0557999819791666,1.2404050499305557,1.1436654728125,1.070237643125
2023-08-30,35082467.21180555,51970285.57318428,1.1262068568055554,1.2258815399652778,1.1043521253472222,1.1882463233333334
2023-08-31,33151097.549999997,48045851.804471314,1.2183636523611112,1.2082628704861111,1.2544839359375,1.1973096421180556
2023-09-01,32202180.612847224,43724057.66016221,1.3845917840625,1.1400178730902777,1.4664450305902779,1.1515350618402778
2023-09-02,30748695.474305555,40554831.07115125,1.3491852312152777,1.1165276937500002,1.4698588359027778,1.1130929243055556
2023-09-03,30223000.89479167,40192596.72204636,1.3537078388888888,1.098843422951389,1.4573445966666667,1.1542173658333335
2023-09-04,29235205.208680555,39135460.02963585,1.4092879111458334,1.133536785451389,1.553135772326389,1.187864755277778
2023-09-05,28503338.444444444,37901042.20096725,1.4712454080555557,1.168412742013889,1.568205669236111,1.149896998784722
2023-09-06,28383130.063194443,37759744.96494302,1.5684612747916669,1.2066248796875,1.633791712222222,1.1781891740277777
2023-09-07,29147236.794097222,38612558.13563269,1.5229210027430555,1.2496176181944445,1.6586934446875,1.2277090780902777
2023-09-08,30044660.77048611,39480171.62132631,1.5967663115277777,1.2536931283680555,1.7503588594791666,1.2765472202083332
2023-09-09,31280334.488194447,40397417.069018394,1.649958951111111,1.2223900894097222,1.8055351054861113,1.2991113315277778
2023-09-10,30467845.279513888,38538710.25254788,1.6048677316319444,1.25600268625,1.6446094983680557,1.0442090159722222
2023-09-11,30384366.722222224,38299124.57919967,1.6048683113194444,1.262084454375,1.6424040981249999,1.0969520205902779
2023-09-12,33069195.566666666,44047871.14443013,1.284960133122807,1.2066373417192984,1.2915344492982457,1.099822088
2023-09-13,32503100.645833332,43989813.414287396,1.2645882716319443,1.1316337735416666,1.23107069125,1.1221148427777778
2023-09-14,32500295.508333333,43995533.97305123,1.3530488911805554,1.063122583888889,1.3477322490625,1.1570646773958333
2023-09-15,30636723.447222218,42545551.32824752,1.2213217639583334,1.081391599861111,1.2817464392708333,1.1610290793055555
2023-09-16,30186334.793402776,42236042.8773906,1.2853607334722221,1.0990386280555555,1.3239000921180555,1.1689973077430555
2023-09-17,28136114.35451389,38568690.2424401,1.4037392475,1.1133911089583333,1.3721694194097223,1.1137087035416666
2023-09-18,28743945.665625,40082858.561320566,1.3678103588888888,1.1409334622916667,1.3160931666319444,1.069987816597222
2023-09-19,27833334.618055556,38579065.1912461,1.3643340799652777,1.140958230798611,1.446450813576389,1.1984633378125
2023-09-20,28798763.252777778,39740639.4103931,1.494897645659722,1.1392605474652777,1.618510718576389,1.0905481037152778
2023-09-21,30125098.15868056,39959669.18559697,1.5504239905902777,1.174812621284722,1.58585668125,1.1566178648611112
2023-09-22,31496156.115277782,40809244.49613043,1.60540419625,1.1306006178819445,1.7667612802777777,1.1146514440972224
2023-09-23,31829107.159374997,41146409.56351341,1.6392219449652776,1.139670342534722,1.8235217060069442,1.1569254613194444
2023-09-24,31520995.877083335,40528494.684717566,1.693970815138889,1.1482197583333333,1.8643479136805554,1.1159571358333333
2023-09-25,32827259.743750002,41197524.68040873,1.8598348036805556,1.1523113439930555,2.0534295375347225,1.0934402756597223
2023-09-26,33416556.38402778,42369167.39350222,1.8074733119444444,1.1573751086458333,1.9545853880555555,1.0812543901736111
2023-09-27,31417794.612152774,40302445.86151395,1.787751415451389,1.1895452605555557,1.8691958513194444,1.1520977541666668
2023-09-28,28037943.355555553,36471299.473484084,1.7130198555208334,1.1614373259375,1.7851488124652777,1.124736199826389
2023-09-29,26281975.482638888,34934662.700461656,1.5246833810069444,1.1649707392708333,1.5119064451388888,1.0893946489930555
2023-09-30,26975506.008680556,36005951.23590797,1.7010023090972224,1.1877935308680554,1.651051863298611,1.1262857906250001
2023-10-01,27536401.45902778,37831346.502432235,1.7204570448958334,1.1794732740625,1.7070655540972224,1.1246984184375
2023-10-02,28158265.898611113,40082523.00162859,1.6069428266319443,1.1839150875,1.6203864939583332,1.1012052328472222
2023-10-03,28162371.544097222,38151610.975550406,1.9904128294444443,1.1741807018402777,2.0477237421180554,1.0932832285416667
2023-10-04,26903776.109375,35135658.89700108,2.0665822400000002,1.1681472688541668,2.251802097326389,1.0915390301041665
2023-10-05,26875936.711111113,35374508.6838288,2.0091725990625,1.1864153589583333,2.102338807673611,1.0726097606597222
2023-10-06,27096396.061805557,35423640.93139071,2.110420696284722,1.2028033606250002,2.2049699178125,1.1261999646180554
2023-10-07,28482257.174305554,36850368.48634485,2.078511283958333,1.1794408484375,2.2435851052430555,1.1988548609722223
2023-10-08,31011661.896180555,39627622.84881913,2.1398373323958335,1.1807155346875,2.3319504450347224,1.0870167203125
2023-10-09,31592006.572569445,39334973.14119493,2.1926372954166666,1.1885691770138889,2.291867805208333,1.0886179254166666
2023-10-10,31471767.66423611,38847126.63493418,2.07731402625,1.162128248923611,2.1547946943055556,1.1100582647569446
2023-10-11,31432446.134375002,39030748.92958847,2.1532391936458333,1.126319742361111,2.1840140203819445,1.0479866550694446
2023-10-12,31976470.41111111,38552972.0471026,2.1879420310416666,1.0416886661805556,2.2292822314236114,1.0760853975694444
2023-10-13,32479773.848263886,38932608.313136935,2.0014389776736112,0.9908773147222222,2.0933028885069445,1.1050930173263889
2023-10-14,30630391.077083334,36992168.188517325,1.9255969484722222,1.002037581875,2.0107603199305557,1.3899936937152777
2023-10-15,31674143.840972226,38032712.09688514,1.9542844890625,0.9989232544791666,2.065258858159722,1.1648581508333333
2023-10-16,30313913.565277774,37115889.60503868,1.9474112176041665,1.0245530255555557,2.061369875798611,1.1502325744444444
2023-10-17,28014692.722569447,34003565.01028934,1.999159203298611,1.0649842802430554,2.1350464902083335,1.098883696736111
2023-10-18,27627696.971874997,33055286.238790706,2.0018068790625,1.0699546511458333,2.1846014470833333,1.1056754201041668
2023-10-19,27091562.996180553,31881405.106262207,2.072912745729167,1.0696863152430556,2.232589998402778,1.1259414568055555
2023-10-20,26046884.89513889,31679037.978219613,1.936458822222222,1.0711597194791667,2.114892376388889,1.1493313390625
2023-10-21,25628723.644444447,32121229.48204199,1.9540772539236113,1.0870466341666667,2.0256372482291667,1.1403472298263888
2023-10-22,25460153.321180556,32363250.917392652,2.0233057809375,1.108659859513889,2.058212778125,1.1520620999652778
2023-10-23,24355613.677083332,31949334.121728938,2.0437409810763887,1.1437969094791667,2.1783556045486114,1.0344944043055557
2023-10-24,21571154.54097222,29939125.86957636,1.9760638895486113,1.1996072871180554,2.0584820675694444,1.038764019826389
2023-10-25,20968620.38402778,28954913.52110559,2.2095981331944445,1.1481717605555555,2.192748859131944,1.0468581334027778
2023-10-26,22348132.826388888,31649880.983798187,1.9542048946875,1.1305939655208332,2.1408564946527777,1.0237418144097221
2023-10-27,21571626.210069444,29747103.427204926,2.2227157876388888,1.1597511909027778,2.239144067048611,1.0442719232291668
2023-10-28,21608285.796527777,29763377.412702844,2.069603267083333,1.1433832669444444,2.2357551054513887,1.1163171696180556
2023-10-29,21871453.922916666,30292138.224856973,2.1351605671875,1.171027973298611,2.2977473765624996,1.0920537073958334
2023-10-30,22907663.478819445,32439885.475166865,2.1007846223958335,1.2361256365625,2.1349200469444445,1.1260270979513889
2023-10-31,22856795.14722222,32084149.38251706,2.1942513952083336,1.273825686875,2.2995654193402775,1.0411284482986112
2023-11-01,22504273.435069446,31228305.385633603,2.2077894703125,1.2968969671180557,2.3726291665972226,1.0241603710069445
2023-11-02,24413929.13159722,34273664.17408336,2.4470903637847226,1.3322179205902778,2.6629377797916667,1.0531743032986112
2023-11-03,23700173.54826389,32516047.8863125,2.316994641527778,1.2845006540972221,2.6092369831249997,1.0382261819791667
2023-11-04,25729527.517361112,37264722.04308563,2.242597346736111,1.2875047642013888,2.3387816405555553,1.0300190259722222
2023-11-05,26598858.388888888,40573730.9696623,2.181035026423611,1.3098636506944445,2.3608701573958335,1.0281369368055555
2023-11-06,28498836.33784722,44161595.995141506,2.046322546076389,1.4087983888888889,2.2142687987152776,1.0109287428125
2023-11-07,30618577.80833333,46773129.60001344,2.132130205659722,1.5416451999652778,2.2299892327083333,1.029491499375
2023-11-08,29843943.41770833,45411528.49446323,2.3201447196875,1.5595951615972221,2.404041017986111,1.0643029536805555
2023-11-09,28169057.822916668,44457708.48766601,2.1270854986111107,1.6962269378472223,2.1682452933333334,1.0397863952430555
2023-11-10,26278068.522569444,45218997.70183054,2.1890647860069445,1.6819470498958333,2.1306997524652775,0.9816217180902778
2023-11-11,24544834.688194443,41713838.21105177,2.4514827441463414,1.7985242741463414,2.3760447359930312,1.0272466981944444
2023-11-12,24033953.749305557,41921830.105349936,2.194343509097222,1.6751887265972223,2.179207997986111,1.0562552003472223
2023-11-13,26059160.520833332,48350650.54460471,2.0101906216319443,1.5545089175694444,1.9612939866666668,1.0241431350347223
2023-11-14,25621744.161458332,45584234.8245915,2.1270286396875,1.5253952822222223,2.1889273968402776,0.9925476295486111
2023-11-15,28393349.132986113,52368047.063294694,2.0764752561458333,1.5941049687847224,2.0698253119791667,1.063950141388889
2023-11-16,27902649.119791668,51457276.599699326,2.1849864516666666,1.7295717474652779,2.1629285622569445,1.0647496243859649
2023-11-17,27037621.351041667,46956274.489528,2.0459744681250003,1.5757154009027776,2.2325627521875,1.0216974151041667
2023-11-18,26464391.30277778,45011026.56472215,1.8244926372569443,1.5078698752430555,2.051163403576389,1.0219481447222223
2023-11-19,26311871.45451389,45675856.991244264,1.9301435458680554,1.4616335918055556,2.144379342152778,1.0566754827777778
2023-11-20,25856960.789583333,45861907.70597997,1.9187630831914895,1.6117729615602836,2.085518535106383,1.0067650821875
2023-11-21,25739409.68298611,43515883.799202,1.9649839160763891,1.4840985216666667,2.1799129957986114,1.0186638844097222
2023-11-22,25059116.127083335,42372136.74343428,1.779809713923611,1.4532367135416666,1.9877391049305555,1.0200706430902777
2023-11-23,27388825.234027777,49239686.062208325,1.672938636048951,1.487669268846154,1.5542645639510488,1.1180982528472223
2023-11-24,28928362.13090278,52985781.14650871,1.6950669870486113,1.508511334375,1.5253449663541667,1.0416022733680554
2023-11-25,29704556.862499997,53221209.20107105,2.0232497088194443,1.5209683562152778,1.8726855829166666,1.0808471333680556
2023-11-26,30292598.98923611,54437176.59725121,2.023234105909091,1.5880909507342658,1.8830247594055944,1.072280067465278
2023-11-27,30059296.025000002,52133705.104505405,2.086447629722222,1.4873234287152777,2.059336130798611,1.0430597030555555
2023-11-28,29539618.74375,50814858.56951011,2.1178594759375,1.4234058552083333,2.220166613263889,1.0568495000694444
2023-11-29,30924632.396874998,52230490.800094455,2.2028126073611114,1.466210193888889,2.4683793678125,1.1153906258333333
2023-11-30,31392403.11423611,52461512.930261835,2.3553303172569446,1.4726588012847222,2.687920021388889,1.0744238276041667
2023-12-01,32714104.58888889,55035350.10965081,2.364749116875,1.4646107219097222,2.723678026111111,1.083169263263889
2023-12-02,34504776.092708334,58726657.415518105,2.3819291996875,1.4817864006944446,2.7739792953125,1.1120711759375002
2023-12-03,33498300.863888886,57902430.95063444,2.5515375382291667,1.6079839770833333,2.671794966423611,1.0855766914583334
2023-12-04,33442123.812152777,59319723.00151655,2.308899512361111,1.6412052115972222,2.4745246945833332,1.0296772274652777
2023-12-05,33126332.446875002,58546460.31788526,2.514928070416667,1.8098553284375,2.7277383744097223,0.9937317981249999
2023-12-06,32105211.795138888,56845148.13463622,2.834016505659722,1.8107619954861112,3.048457591111111,0.9872823627083334
2023-12-07,34890898.40451389,65607072.766123995,2.241674954479167,1.5420366265625,2.4774393724305557,0.9999778821527777
2023-12-08,39048370.66909722,83599680.60498516,1.6241813474305555,1.6066110489583334,1.3068019065972223,1.0278570328124998
2023-12-09,35297551.536458336,74222900.3172742,2.1983563360069445,1.7871228486805555,2.0668976584375,1.0608118397222224
2023-12-10,32951907.055555556,70956630.07252797,1.6854528302083334,1.7577287158333332,1.6783319175694444,1.0266250314236112
2023-12-11,32820680.499652777,73016179.95562963,1.9686722643055556,1.7610081640277777,1.7876775357291668,0.9985413440972223
2023-12-12,33648515.479166664,78155288.38739237,1.9296319092013887,1.7155599944444444,1.9452769781250001,1.0331964643055556
2023-12-13,33237491.201388888,73048105.10252036,2.312609268506945,1.8602872506597221,2.2837693765972222,0.9740974757986111
2023-12-14,33014114.46388889,74387923.68810038,2.210861755520833,1.9558138965624998,2.2346969791319444,0.9992794958333333
2023-12-15,33945837.95590278,73612972.52592584,2.1006557080555557,2.065186450833333,2.182915494409722,1.004227087986111
2023-12-16,33942787.00972222,74081308.20675173,1.978325407222222,1.9135715167708334,2.134027224270833,0.9976925542361111
2023-12-17,32907696.090277776,70029459.36890131,2.3430693636111113,1.9843915172222222,2.3772146988541665,0.9815780173263889
2023-12-18,34987575.44722222,73869807.31837383,2.0762254010416665,1.9332979762847222,2.1254856450347224,0.981153448125
2023-12-19,36706053.675347224,79972902.00844416,1.9143137154166665,2.0149456790625,1.9173281327083334,0.9923071113541666
2023-12-20,36360326.983680554,80023075.92240967,1.881489321423611,1.9663109614236112,2.0255020502430554,1.0351536929861112
2023-12-21,36191186.63888889,85370749.90516706,1.7343817027083333,2.155038418472222,1.7468067688194444,1.0469200773611111
2023-12-22,41079579.62673611,120972926.96868502,1.2138333016666667,2.1696035524305555,1.0484466716666665,1.0729100960069444
2023-12-23,45419170.56076389,148482921.9123746,1.2588528428819443,2.2967435308680555,0.9000093574652779,1.0330473591319445
2023-12-24,41592700.19444445,145692768.05349752,1.4086261003125,2.4350230757638887,1.1289402734722223,1.024417929548611
2023-12-25,39673239.20798611,138821003.30476987,1.6998030167361111,2.517921179652778,1.4658983421874998,0.9921288909027778
2023-12-26,38663817.128472224,127691856.2592109,2.217770084652778,2.5804003464930556,2.0832216921874998,1.0277644069444445
2023-12-27,40099072.13680556,148215782.19024315,1.7554607074305555,2.4496326989236112,1.542960358125,1.0050962656597222
2023-12-28,39786105.73854167,151083231.21067393,1.7956966805555556,2.3499182817708335,1.532175753576389,1.0434811827083332
2023-12-29,37215429.79097222,135497119.89468172,2.1904230413541668,2.304182394409722,2.2299669293055557,1.0070434824999999
2023-12-30,38131655.869444445,141561011.85466385,2.187134505034722,2.2499093438194446,2.1203867983333335,0.9950018780555556
2023-12-31,38386075.14756945,144686833.50972998,1.8675745066319445,2.234633696736111,1.871879136215278,1.0165979123958335
2024-01-01,37415295.94652778,140678638.5601097,1.9380965728472224,2.3154171128125,1.9985808718402778,1.0342605740625
2024-01-02,36758810.673263885,140989054.07747042,2.4557546120833336,2.424341097916667,2.4912378572569445,1.0388179146874998
2024-01-03,35485108.75173611,131404716.98532803,2.25654851875,2.4903190652430554,2.344167203715278,0.9779922304166667
2024-01-04,32655093.346527774,116775087.86368975,2.1378704349305555,2.3927231994791667,2.2999827297569446,1.0075423311458334
2024-01-05,31354814.20972222,109188925.50953004,2.5132458011458336,2.4846559178125,2.6919869402083334,1.0037239366666666
2024-01-06,31063815.968402777,101490971.92660233,2.399568598090278,2.5434379428125,2.652022265208333,1.0216641846180556
2024-01-07,30716534.828819446,102905527.28471962,2.113767213576389,2.447591613923611,2.4132625622916666,1.004561913159722
2024-01-08,27029989.102430556,86367270.28559801,2.175642339201389,2.3159005908333334,2.4339259100694446,0.9918762867013888
2024-01-09,28464021.029513888,94871861.00783803,2.0830987591666665,2.7423981722569444,2.0948136485069444,0.9871142118749999
2024-01-10,31996943.604861114,118231590.69158572,1.7701670888194443,2.501514036909722,1.5845188761458333,0.9881422398263889
2024-01-11,31451922.536458332,121387030.31559007,2.203448440625,2.7508851443402778,1.9049180679513888,1.0060297630555555
2024-01-12,32063609.16041667,126721050.20902236,2.1281405808333336,2.7411618511805553,1.8476860212847224,1.0188657987152778
2024-01-13,31622838.516666666,121102877.60279179,2.1988630914583336,2.6477373594791667,2.0533139081597223,1.0031168265277777
2024-01-14,31515778.878124997,117479911.5201011,2.2411495701041666,2.6127442778125003,2.244988945555556,1.0041154742708334
2024-01-15,32971307.48854167,116232121.90118939,2.4585541171527776,2.4363273486805554,2.971555834513889,1.0266019005902778
2024-01-16,33031509.33958333,116651681.50807673,2.476144503993056,2.606185377673611,3.0121619284027776,1.0196066180902779
2024-01-17,32591370.016666666,114498708.77643824,2.5213200078125,2.550598172395833,2.7162826648958336,1.0388352252430557
2024-01-18,32383180.937152777,107954598.18747428,2.8136627996180557,2.577789254513889,3.247954588576389,1.0081020019791667
2024-01-19,31634751.836458333,101235741.1855653,2.662263157604167,2.342026584618056,3.01128904,1.0810092184027777
2024-01-20,31408722.383333333,99548723.67359735,2.5145396672916664,2.298067852673611,2.808666707326389,1.0651736953125
2024-01-21,31458466.252083335,100666019.19239555,2.4945592928124998,2.2809030478125,2.816326018854167,1.0680359365624998
2024-01-22,31044249.529166665,94681504.79738146,2.6076469680902776,2.2761065619444443,2.6769316577083333,1.0131836923958335
2024-01-23,30346152.84618056,85048523.56457156,2.4147085452430557,2.2629255799305557,2.5436523591319444,1.0167157027083333
2024-01-24,28212896.236111112,79687866.50710623,2.2471204765625,2.1310606889583337,2.170999743923611,1.037920617951389
2024-01-25,28609884.34375,81368643.59995387,2.2553326485416667,2.1137320283680556,2.153163671458333,1.0256647975347224
2024-01-26,28533918.928819444,86967405.03601925,1.9410363428472222,2.0339350235069444,1.858123594722222,1.094418651388889
2024-01-27,27694778.493055556,84989879.74293007,2.156174626076389,2.092116333263889,2.0183502013541665,1.0479136347916667
2024-01-28,26893860.586111113,83397752.9197028,2.1880868830902775,2.2086702043402777,2.1072177213194445,1.0209178143055555
2024-01-29,26966758.591666665,82761031.86170381,2.1908356584027775,2.2595173581944445,2.1919217147569445,1.0567668213194445
2024-01-30,27126001.757291667,86264035.56296152,2.381540053923611,2.312110462777778,2.2212220741666666,1.040642015451389
2024-01-31,26640634.141666666,80294773.52664067,2.854085814652778,2.2248500880208333,2.976554155243056,1.0725079566666667
2024-02-01,26748003.636458334,78172142.11121362,2.2602915900347225,2.243890059236111,2.390528167847222,1.0589418988541666
2024-02-02,26380637.891319443,78756684.38278896,2.1047842069444447,2.3237413844097223,2.2442683843749998,1.0756452209375
2024-02-03,26449576.49548611,79361323.7339655,2.0492335222569444,2.3412708384027776,2.0484280681250002,1.0866595284722222
2024-02-04,26904464.456597224,80216043.51188698,2.1852922238194443,2.3439961102430558,2.199572553090278,1.0830604744097223
2024-02-05,27821168.31388889,84670470.16804294,2.1071706172569447,2.347454891979167,2.069172429930555,1.0568605589583333
2024-02-06,29671873.075694446,95789987.62548818,1.8448249970833333,2.282070260138889,1.5654171732638889,1.0748791405208333
2024-02-07,30413294.64826389,100798630.15925932,1.9226363322916664,2.2322733657291667,1.6109414864930556,1.1049990041319444
2024-02-08,29615129.400694445,99640984.85968272,1.920529307013889,2.085726517604167,1.7229597035069444,1.1607681393055556
2024-02-09,29311974.421875,99206380.04910931,1.8505863282986112,2.1358439021527778,1.7751444189583332,1.0671081947222223
2024-02-10,28263049.705902778,96132495.50320815,1.960439056909722,2.2054802515625003,1.8131048038541668,1.1009745996875
2024-02-11,28296912.987499997,100300413.31206208,1.747978233888889,2.20752401625,1.578079195,1.1110618284375
2024-02-12,29735342.626736112,109103409.54051949,1.6510679356944444,2.1214709756944448,1.4742894922569443,1.106788934861111
2024-02-13,30115969.446875002,112397980.5208564,1.9363414926388889,2.2007300293055554,1.8319760972916665,1.2265609138888889
2024-02-14,28867155.049305554,108763648.63182871,1.8067599147916669,2.1945839237152778,1.7475560749652779,1.0912478690625
2024-02-15,28321638.35034722,110010104.34448694,1.881524380138889,2.162458712326389,1.6929815377430557,1.0251265210069445
2024-02-16,27892290.793251533,106543619.41364297,2.0889745911042943,2.1646017274846625,1.993401255828221,1.08698797
2024-02-17,27542890.901041668,98708436.00395995,2.363636853090278,2.073523922361111,2.558196526909722,1.1040048228472221
2024-02-18,27545881.764930557,101411781.00243711,1.8403941997569444,2.1207205724305553,2.0380907416319447,1.09239308875
2024-02-19,27474334.157291666,106676108.54120886,1.856905329270833,2.3009315900694443,1.824943541423611,1.0618770185416666
2024-02-20,27838823.951041665,109117893.99889149,2.2834175864930555,2.4718061765277777,2.1575112028472225,1.0428216092708333
2024-02-21,27774399.427430555,104188713.0617802,2.723052632013889,2.298654217569444,2.794403896354167,1.028901850763889
2024-02-22,27566374.418750003,102350697.50789729,2.1854362866666666,2.2028273089583332,2.3940441660416667,1.0652430142361111
2024-02-23,27215073.07222222,98501757.19283351,2.380013623090278,2.176319662951389,2.6196008372222224,1.0210225205208332
2024-02-24,27273569.918750003,97942922.18556559,2.5315679988194444,2.26971346875,2.790006337326389,1.0258220221527778
2024-02-25,26927504.66076389,100445570.74589,2.1899635012500003,2.436956357013889,2.2370828804166667,1.0637969536805556
2024-02-26,27051111.126736112,102348055.32730357,2.244950502777778,2.652200166388889,2.2877966621875,1.0968919190625
2024-02-27,26766953.78576389,101305001.69888912,2.9805147677430557,2.726828496840278,2.99647807625,1.0530282554513888
2024-02-28,25972100.188541666,97789467.9889167,3.2205468872916665,2.8133294719097224,3.2920644535416668,1.0040068089930556
2024-02-29,26664485.428125,102953289.78972669,3.6964696926388885,2.8778388523958336,3.8912774017708336,1.031728618611111
2024-03-01,26426458.054166667,99593722.12896743,3.7272287177083334,2.537883277152778,4.016689352118055,1.0233333897222223
2024-03-02,27043944.737847224,104840613.11624944,3.183053885798611,2.7212532870833335,3.404003802361111,1.0456766205902777
2024-03-03,27676788.109722223,111839437.90583837,3.863044236076389,2.7697282405555557,3.8779302544097223,1.0632515607291666
2024-03-04,26871394.290940765,105329916.54661472,4.916904876585366,2.7812993031358886,5.153261201010452,1.0308530975609758
2024-03-05,28982329.971180554,124935376.47347972,3.5640157676736113,2.7412855381944445,3.4474173427430554,0.9815487569444444
2024-03-06,27100399.855902776,123636044.63765042,3.052035538402778,2.707594729166667,3.1116831559027776,1.0457334930555555
2024-03-07,25761720.096527778,118398321.86142163,3.4693348356597222,2.9705186180555554,3.415590100173611,1.067754236111111
2024-03-08,24924048.281944443,113939600.29251619,4.425294658055556,3.024291625,4.413826677569444,1.041526579861111
2024-03-09,24184321.298611112,110938332.83858362,4.670508971493056,3.063029444444444,4.632980680208333,1.036025954861111
2024-03-10,23383119.500347223,108135918.50979203,4.904132835069444,3.297747315972222,4.657964934374999,1.0882474548611112
2024-03-11,23187180.58298611,105756788.54722828,3.4831825516319443,3.2245518194444447,4.028605185486111,1.0487399131944446
2024-03-12,23924895.036458332,105489603.34083496,4.616024362430555,2.8562334583333335,5.196122324826389,1.0291079618055554
2024-03-13,25074594.234375,111395746.1415047,4.495436855069444,2.7864338680555556,4.986326324861111,1.075139875
2024-03-14,26039316.030555557,110891952.49869417,5.611469290104167,2.708481982638889,6.294357862951389,1.0381145381944445
2024-03-15,25747910.985416666,99156131.08787349,5.091879234756944,2.835475482638889,5.563905769965277,0.9892149444444445
2024-03-16,25878209.67326389,95883294.04883271,4.6157308632291665,2.9801202083333336,5.3363641304166665,0.9907129131944443
2024-03-17,25601594.256944444,91239783.11498044,5.114341099722222,3.0134211215277777,5.917984285069444,1.020033159722222
2024-03-18,26823573.874652777,91547145.21602315,4.969566968715278,2.979308173611111,5.6257793478125,1.0290507534722222
2024-03-19,26792966.50138889,86696498.37986065,4.403041094097222,2.632610548611111,4.956492096180556,1.0065138541666667
2024-03-20,27209617.783680554,93371756.13375531,3.3526885565624998,2.125380236111111,3.909173217743055,1.0290432118055555
2024-03-21,28706139.630555555,99330201.26489063,3.031989651423611,2.2031041875,3.569311938784722,1.05818278125
2024-03-22,29740196.642361112,103004496.23145807,3.7378200588194446,2.5968871805555556,4.131840329756944,1.02880796875
2024-03-23,30597800.71076389,105060600.58718747,4.2566661378125,2.7121610659722224,4.524849246284722,1.0354100381944444
2024-03-24,31077619.228125002,111412434.33763954,4.271686068888889,2.851283326388889,4.332745364409722,1.0900367152777777
2024-03-25,31834217.020833332,121405014.78275649,3.1753544094791666,2.764358913194444,3.3674392250694445,1.0344361319444444
2024-03-26,30787599.73680556,120528114.53724112,3.0613673565625,2.77984196875,3.369904486840278,1.0720216666666667
2024-03-27,30411815.757291667,116647712.61678912,3.786600962638889,2.986551045138889,4.237169028020833,1.1103506319444445
2024-03-28,29950535.009375002,110732498.85687397,4.9899853656249995,3.162782350694444,5.375118060347223,1.0336076875
2024-03-29,29943486.07152778,109465957.54352313,4.2657973740625,3.468205642361111,4.822566465868055,1.0973538854166667
2024-03-30,30347275.816319447,112059935.69769454,3.8270734096875003,3.3973507743055555,4.278016127916667,1.1461116493055554
2024-03-31,30507325.66770833,112475379.77904812,4.393374536770833,3.4932392118055557,4.889293758402777,1.1590669861111111
2024-04-01,30686762.041319445,108488491.77157521,4.561087189583334,3.5483195902777775,5.451927402916667,1.0933004895833334
2024-04-02,29115290.996180553,94515451.54186,5.007153403368055,3.4175988333333334,5.740879857743056,1.0438634583333333
2024-04-03,27512450.286458332,86140742.49834302,4.430853595763889,2.9761876597222225,5.402000820868055,1.1267388819444444
2024-04-04,27744972.179861113,86387852.24326736,4.332891624236111,2.9335062881944447,5.332754098611111,1.0529619513888888
2024-04-05,28617467.668402776,84800844.63255554,4.416100974444444,3.0471564791666665,5.424331609965278,1.040314767361111
2024-04-06,30895600.49097222,91458352.32388787,4.345046772048611,2.762613201388889,5.301352849270833,1.0900721111111111
2024-04-07,30278975.62013889,92704130.8227328,4.353639172083334,2.723926388888889,5.113148511319444,1.0652150451388889
2024-04-08,29557549.49375,95717377.6263059,5.197342198993056,2.637342472222222,5.498406676145834,1.0545042118055554
2024-04-09,28685783.821875,92213040.82143998,6.246490151284722,2.9650346631944444,6.2023000030208335,1.0714615069444444
2024-04-10,28602768.839930553,86425001.24352878,6.340272384930556,2.810095423611111,6.665750469444444,1.1010408576388888
2024-04-11,29638455.174305554,88799905.34016141,5.740557154826389,2.636355052083333,6.228048745763889,1.1170227256944445
2024-04-12,30011118.035069447,85281112.59443189,5.302366857743056,2.4194664270833335,5.747352686006945,1.0169806423611112
2024-04-13,25255577.827777777,58776445.00182073,3.173060469027778,1.9631076493055555,3.3542182995138887,0.9635884131944444
2024-04-14,21296056.483680557,47249720.222792216,2.2654737561805556,1.9326582743055556,2.443868244236111,1.0374573055555556
2024-04-15,19750503.088194445,45891077.497040056,2.108464165798611,1.9543908854166665,2.2497727871527777,1.052655923611111
2024-04-16,18157870.626736112,40073000.75277582,2.2278909394444444,1.9239281770833334,2.379254799479167,1.0301597152777777
2024-04-17,17441386.945138887,38315550.613017894,2.247665041736111,1.8932549444444444,2.530656818333333,1.0468268749999998
2024-04-18,17320054.509375,38139323.07785518,2.176219976111111,1.8318396666666668,2.4740588553472223,1.0384347812499999
2024-04-19,17294098.64201389,38453329.286715806,2.622274307604167,1.860661420138889,2.7217671543749997,1.0283091840277778
2024-04-20,16647897.148263888,38935014.2465074,3.22558502,1.8727386215277777,3.0661257183680557,1.1173912743055556
2024-04-21,16203285.580208335,39933486.91244239,3.7024768578125,1.9223030486111112,3.3442539101736113,1.0588803333333334
2024-04-22,16354824.144444445,41556203.12710333,4.020176717430555,1.8451895555555555,3.7416079279166663,1.04648015625
2024-04-23,16630364.905208332,41848873.31956346,4.568800149618055,1.803429236111111,4.283147990763889,1.0582246493055556
2024-04-24,16671977.776041666,41890053.23536784,4.769954280138888,1.8585116874999998,4.4711312924652775,1.073126295138889
2024-04-25,17115571.89201389,41332249.15129224,4.202602262708334,1.7726517743055554,4.004355565381944,1.0390980208333334
2024-04-26,17010128.826388888,40414239.962628216,3.598745719548611,1.8093798402777779,3.545938446284722,1.0631486909722223
2024-04-27,17939961.546527777,42915689.42702696,2.9467583508680555,1.76563778125,2.9462188587847224,1.1637595347222223
2024-04-28,21481838.668402776,57659910.63537601,2.2607664389930555,1.5921326145833334,1.9789069011805556,1.0182615590277777
2024-04-29,20477748.626736112,51530313.42671673,3.4718647251736114,1.669882451388889,3.165693641458333,1.0764707048611113
2024-04-30,18931253.802083332,45751513.505483665,3.9931446431250004,1.6685184270833333,3.8479827332986107,1.0122088645833331
2024-05-01,19597596.502083335,50027455.25985683,2.8179771371180555,1.4576261979166665,2.5819079456944447,1.0354268229166665
2024-05-02,19679757.19236111,54208372.692855984,2.279737140138889,1.437093295138889,1.906251854861111,1.0391317013888888
2024-05-03,18807049.758333333,54121698.42255566,2.3409241977083335,1.2706735034722223,1.8709623317708335,1.0485242083333333
2024-05-04,17872838.934722222,52143125.246711046,2.409410586597222,1.288571920138889,1.9045169072916666,1.01283125
2024-05-05,17118490.012847222,49343894.65678968,2.5931369858680555,1.3230845590277778,2.0666588256597223,1.0800570659722224
2024-05-06,16537912.508333333,47538789.452875495,2.702060378090278,1.3201492847222223,2.2113308722222222,1.0708903368055556
2024-05-07,15719573.174999999,42925724.79751641,2.846282455,1.3165419618055556,2.570272079409722,1.0688553819444444
2024-05-08,15623404.701041665,41042408.92227119,2.818646798055555,1.3242306979166667,2.754109580451389,1.107744204861111
2024-05-09,15764549.445486112,41053219.94511311,2.6657314674305557,1.3324170104166668,2.70719454375,1.0947161180555556
2024-05-10,15648916.434722222,40704434.44026447,2.3738007382291664,1.3631009236111111,2.4690861582291665,1.0729757604166668
2024-05-11,15552290.164583333,39606650.78886196,2.2758324238541667,1.4132008055555554,2.4880932778125002,1.1441882916666666
2024-05-12,15790933.251041668,40216355.106251255,2.092519766909722,1.4788519097222224,2.1562372384375,1.2302775416666667
2024-05-13,16111010.87951389,40172695.615826696,2.238504699409722,1.5257185659722223,2.4108005971875,1.119336326388889
2024-05-14,16345332.595138887,40174093.89676122,2.192764578298611,1.6364176597222224,2.391479915381945,1.0680751979166667
2024-05-15,17858265.568055555,43350754.12863368,2.336190053298611,1.7606114652777778,2.674395960763889,1.103547982638889
2024-05-16,17978300.768749997,43525119.66854096,2.9765890143055556,1.7557910659722222,3.2325072280208333,1.099584795138889
2024-05-17,17939258.349305555,44738006.4708042,2.8429145658333335,1.7178521145833332,2.9845690898263886,1.0905076180555555
2024-05-18,17047886.967013888,43845046.12253441,2.9574491102430556,1.7987603090277777,2.7574145185069443,1.1745639236111112
2024-05-19,16837297.497222222,42255112.47579301,3.2406611581944444,1.7880987743055554,3.0895426364583334,1.1410417708333334
2024-05-20,17075896.404513888,43974560.53571545,2.958444647847222,1.6347964513888888,2.8278758199652776,1.0552430034722222
2024-05-21,18302551.023263887,52519622.42830069,2.834608758090278,1.925414829861111,2.504412775868056,1.080644326388889
2024-05-22,21818406.430555556,59168030.04887143,3.8482986863194446,2.3138081631944445,3.6359164113194447,1.0818751111111111
2024-05-23,24382746.342013888,64974969.09308073,3.7064598333680556,2.413362100694444,3.7976818644444443,1.0233039618055555
2024-05-24,25416525.438194443,65028170.54988918,3.158604527604167,2.485971388888889,3.454966299513889,1.0503488993055554
2024-05-25,27323411.77222222,69905876.47163413,2.595888418854167,2.3556531319444445,3.061438963402778,1.0669139131944445
2024-05-26,28614430.35347222,73348193.13635372,2.6873534055208332,2.294797236111111,3.1480761401041666,1.037669076388889
2024-05-27,30184079.012500003,78110927.04943351,2.8135765414930556,2.28374084375,3.280806869409722,1.022955097222222
2024-05-28,29607459.377430554,75122476.30018863,2.9073384183680555,2.4648243506944443,3.3433455315625,1.0016638368055555
2024-05-29,29434679.585763887,74811681.59858201,2.8145817661805554,2.631351940972222,3.2370737210416665,1.006695826388889
2024-05-30,29969645.187152777,74611099.49618204,2.8638122443055556,2.6267837743055558,3.293668339375,1.0439455451388888
2024-05-31,30050623.867708333,74370663.3703393,3.168671303298611,2.6764824652777777,3.5890573061458335,1.0865824826388888
2024-06-01,30354574.9375,75083400.7220884,3.1553230433333335,2.72533865625,3.5400225713541666,1.0375030138888888
2024-06-02,30636063.965277776,75366294.28401309,3.1152321260763887,2.7834700381944444,3.594547443645834,1.0785166284722223
2024-06-03,31145404.04270833,75508325.88815922,2.654465141875,2.5856665277777777,3.1532228441666668,1.1066137118055555
2024-06-04,31126686.544791665,75616739.23297216,2.6706107559027776,2.7740453298611114,3.1576043174305557,1.0641432118055556
2024-06-05,30937164.69166667,77689076.04418689,2.8861193120833333,2.9771819340277776,3.010627324652778,1.086087902777778
2024-06-06,31354020.947222218,78319724.76918775,3.5058837046180553,2.9199138194444445,3.506598419375,1.0799952118055556
2024-06-07,30821411.428819444,75250970.22568417,3.5758071243055554,2.876303899305556,3.5394900679166668,1.042906888888889
2024-06-08,27970840.02986111,61650735.64346613,3.3191677463194447,2.490827267361111,3.6013095646874995,1.0567184409722221
2024-06-09,27319633.085763887,60466066.73873597,2.8006312944444445,2.2561462361111113,3.2381858850347225,1.0551410312499998
2024-06-10,26741003.127430554,59126006.90941495,2.7852161234722224,2.2898773298611115,3.148999313229167,1.1526507083333333
2024-06-11,26785873.502430554,56582554.06273596,3.1113620219444447,2.224227163194444,3.5520431790277778,1.1507819756944444
2024-06-12,27476352.872222222,58172916.975405805,2.7734773346180557,2.2290152118055553,3.2011621891319444,1.06541990625
2024-06-13,28084694.095486112,57872555.14325407,2.9765585399305556,2.4677192395833334,3.451552558576389,1.06906015625
2024-06-14,28203208.481944446,56331433.78445855,3.0474538118402776,2.6225318020833335,3.6225434298611114,1.11122040625
2024-06-15,28684392.336458333,58954714.7510058,2.842028903888889,2.5175246805555553,3.1786082572222223,1.097394420138889
2024-06-16,28586005.157291666,59364296.02211413,3.3283338761111114,2.515546288194445,3.5719741010763886,1.1013441458333333
2024-06-17,27572253.114583332,55246958.38596681,3.503422683368056,2.818454545138889,3.695509914756945,1.0412725347222223
2024-06-18,26267237.835069444,47326711.69585229,2.434200941840278,2.6850997118055555,2.7600532749305557,1.0409955833333333
2024-06-19,25522752.270833332,48745780.67828748,2.421506355,2.4545423541666667,2.7043292144097224,1.0544812743055556
2024-06-20,25776362.392361112,49143815.47276333,2.919600352847222,2.3873866458333333,3.1135286238194446,1.0868830208333333
2024-06-21,25233464.034722224,46396163.90393496,2.9288538016319445,2.4073364785714286,3.1609050025694447,1.0699470486111111
2024-06-22,26034839.346180554,46893453.345829464,2.695123645555556,2.3091184618055554,3.0489802128125003,1.1940387256944445
2024-06-23,26706322.799305554,47569167.57173833,2.3589676553125,2.1625422847222224,2.8233147807291665,1.086428048611111
2024-06-24,26597929.04027778,45502612.498190165,2.841533434548611,2.0066862326388892,3.034690099652778,1.11437215625
2024-06-25,25444318.567708332,45012929.51010589,2.7593835487847223,2.1165987465277776,2.797099209826389,1.1369745798611113
2024-06-26,25954321.839930553,45603221.46492098,3.0877401939583335,2.1248082916666666,3.1241367159375,1.1176020555555555
2024-06-27,25815872.97361111,45958470.39140856,3.2862435257291667,2.142121041666667,3.2526180148611115,1.083577875
2024-06-28,25948128.427083332,46418089.81874415,2.9059866214583336,2.178092895833333,3.0132013739930557,1.077835472222222
2024-06-29,25411213.94652778,44948225.813752085,2.8522874636805557,2.075089597222222,3.0955797366319446,1.1507529444444444
2024-06-30,25435641.538194444,44505233.12755695,2.8467200788888887,2.018214847222222,3.1685413300694445,1.1722662291666668
2024-07-01,24864117.406944443,44820144.329860285,3.3126036459722226,2.1502746631944443,3.231434530451389,1.146442111111111
2024-07-02,25087393.356944446,44214495.643285416,2.5879157030208333,2.110853611111111,2.866706493541667,1.174975909722222
2024-07-03,25780962.741319444,43541369.021207236,2.544958075486111,2.0138512881944446,2.937144639375,1.1085654652777779
2024-07-04,26297228.986805554,40717744.23162725,2.6907660240625,1.769241357638889,3.0814352344444442,1.114477420138889
2024-07-05,25029175.882638887,33211390.24972122,2.223290155347222,1.6653067361111111,2.4889954860416665,1.102731652777778
2024-07-06,24874468.12048611,34474678.728252605,2.2070720852430554,1.7078461909722222,2.4240413076041665,1.0731092534722224
2024-07-07,23676120.844097223,34053093.813099295,2.0723997752430554,1.822342513888889,2.178327948680556,1.0391176631944445
2024-07-08,23790510.468055557,34189414.42852789,1.9209619889236111,1.7089170590277778,2.0795312981944445,1.0857590381944444
2024-07-09,24155640.393749997,36975547.13069614,1.9403248656249998,1.587278982638889,2.0193101163194442,1.0582665034722223
2024-07-10,23211240.268402778,38012086.84904513,1.9597980668055557,1.647000736111111,1.9109244289930554,1.0305442604166666
2024-07-11,23914125.346527778,40104230.617661744,1.7454027552083333,1.58062896875,1.6792997393402778,1.09909084375
2024-07-12,24852425.190624997,42119066.32701773,1.6234652664930556,1.5094116666666666,1.5985190536805556,1.1760569097222222
2024-07-13,25100500.869444445,42448885.51194915,1.6832047234027778,1.4387427395833334,1.6927416967708333,1.1747962569444443
2024-07-14,25007691.096874997,43362670.64035269,1.6338271000694444,1.4564688645833332,1.637458165451389,1.0857981319444443
2024-07-15,24065808.516666666,43335674.95269627,1.678936660173611,1.4922069131944444,1.6301658507291665,1.107698388888889
2024-07-16,24198340.06909722,43314465.69119477,1.9026643830208334,1.5781653159722222,1.8517610166319445,1.1167334791666665
2024-07-17,23327846.453472223,42850767.006334834,2.1462423241666664,1.7393680763888888,1.9527402636805558,1.116478652777778
2024-07-18,22969653.934722222,41484928.07858045,2.1829434407986112,1.7498372048611113,2.009579903263889,1.1634492708333335
2024-07-19,23448135.065277778,43568839.700729966,1.6707999118055554,1.666404545138889,1.673908307847222,1.072927357638889
2024-07-20,23628620.670833334,45721881.99826346,1.6546945239583333,1.6942439618055554,1.6012302431944443,1.2091000486111112
2024-07-21,23495285.52534722,45027663.51994845,1.6343549959375,1.72705059375,1.611690585451389,1.160996152777778
2024-07-22,23557351.643402778,45454903.551110245,1.7064145378125,1.9928637604166666,1.6840221733680556,1.1342327083333332
2024-07-23,24546835.517708335,46417786.698038094,1.8349878319791668,1.7218787777777778,1.8376453109375,1.111505263888889
2024-07-24,23764288.08263889,43688902.17636648,2.2312612014930555,1.70900975,2.2110056431944445,1.0738443333333332
2024-07-25,22828617.711458333,38543977.85406897,2.027551760451389,1.7029778958333333,2.1649254440625,1.1165965590277778
2024-07-26,22533249.290625,38998175.14853631,1.9322794461805555,1.7662781527777778,2.0876681763541667,1.1820466805555556
2024-07-27,22399975.433680553,38978910.53759733,2.0846832549305554,1.839977684027778,2.1303535288888886,1.2100769444444444
2024-07-28,21793739.195486113,37459023.51009082,2.368146073784722,1.8118882569444443,2.351898281076389,1.291358611111111
2024-07-29,21843804.106944446,37550438.66877307,2.4848356352083334,1.892420673611111,2.4331620315625,1.0877141562500001
2024-07-30,22080357.638888888,36799421.06751478,2.7661232530208335,1.9362140104166667,2.767850376666667,1.1520064409722222
2024-07-31,22122376.36597222,35933561.38482792,2.9059808561458333,1.9216392812499998,2.8931979709375,1.1492039340277778
2024-08-01,22329375.454861112,34692898.98274938,3.029625984722222,1.8102784513888888,3.0766652806597223,1.125767875
2024-08-02,22308099.56111111,33882750.56659554,2.9277903039930555,1.7499263125,2.9317838822569446,1.0917631493055557
2024-08-03,22061865.983333334,32160182.16879183,2.6804504542708334,1.7058013541666666,2.8569277942361113,1.2225715555555556
2024-08-04,21789545.195833333,30350675.03155446,2.6211338222222222,1.6865925590277777,2.8222361112152776,1.0896694791666668
2024-08-05,19391732.402430553,22504241.980400726,2.348441623576389,1.4044736354166667,2.475410953159722,1.001400111111111
2024-08-06,19466348.34861111,24816793.63324363,2.0204735956944444,1.3451874652777778,2.187711374270833,1.0721573368055557
2024-08-07,19142975.979166668,24178845.170355678,2.165860209548611,1.3769965312499999,2.2603369293055557,1.0664154409722224
2024-08-08,19094667.606250003,24711425.23900123,2.2157988170833334,1.4594497638888888,2.2695690614583333,1.13339440625
2024-08-09,18659132.843402777,26167864.47918369,2.4334367569097224,1.477196326388889,2.235205002013889,1.166658965277778
2024-08-10,18838570.221527778,26672865.916317604,2.5368596417013887,1.4377340138888888,2.3668869759027777,1.1443617083333333
2024-08-11,18690066.76701389,26233232.074068215,2.7136876747569447,1.3849104618055557,2.522784624340278,1.2067035381944444
2024-08-12,18069286.301041666,24415038.722448573,2.814054781352313,1.411040647686833,2.7460970089679715,1.2053756041666666
2024-08-13,17965068.739583332,24255423.888978437,2.8188895421875,1.51377115625,2.7410119349652775,1.0789007361111111
2024-08-14,17603569.195486113,23797962.61520316,2.833344920034722,1.523959892361111,2.681802271111111,1.1261173541666667
2024-08-15,18287171.630555555,23705243.37522898,2.7376309627430557,1.4587012465277778,2.716301090451389,1.072385659722222
2024-08-16,18630330.744444445,23637384.37085038,2.1052404461805554,1.4091221840277777,2.3143318222222224,1.1378287361111112
2024-08-17,18717659.733333334,24284130.17065566,1.9060720738541665,1.4149202847222222,2.011401489548611,1.158903892361111
2024-08-18,20447480.726388887,27507642.7223824,1.8821855212152778,1.3450225833333334,1.8156342253472222,1.1833921111111112
2024-08-19,20318653.341666665,27515484.33989063,2.040178429236111,1.46442496875,1.9942884239930558,1.0750957291666667
2024-08-20,19767314.74409722,27062916.915244713,2.3290182871180556,1.5138520520833334,2.217868376805556,1.09681575
2024-08-21,19631882.74513889,27152567.983251836,2.4090833632291666,1.5670614062500001,2.33721157,1.0587779375
2024-08-22,19862320.441666666,28968902.62038017,2.5831348097222224,1.62244259375,2.0751317932291666,1.1870788229166667
2024-08-23,20129827.18263889,31373994.655032437,2.5721579352430557,1.6301937395833332,2.055706250659722,1.099446232638889
2024-08-24,19113988.683333334,30708451.38237353,2.699929303298611,1.6728340833333333,2.0556413822916664,1.206588736111111
2024-08-25,18791108.705208335,29300124.28091949,2.5814702309027777,1.7005335138888888,2.0798079653819443,1.1648673090277777
2024-08-26,19793908.72986111,30107521.814095087,2.3932986415625,1.6679456979166667,2.016252386493056,1.0179133298611112
2024-08-27,21566165.284027778,31618382.89004959,2.2104236804166666,1.6061404652777778,2.107829138159722,1.141849173611111
2024-08-28,21556317.208333332,30294053.23250564,1.967212218576389,1.5027686284722224,2.043294219722222,1.1037526145833334
2024-08-29,22156183.615625,31851324.045187876,1.9490122219097223,1.4522154097222222,1.9826833599652778,1.12371815625
2024-08-30,21868172.247916665,31258917.220302064,2.0287763977777775,1.5260299409722222,1.995135547951389,1.0726098194444444
2024-08-31,21833610.392361112,31603682.329778373,2.016754762534722,1.6937169027777776,1.8695738413194445,1.251846545138889
2024-09-01,21392384.219791666,29895680.99876192,2.113215136076389,1.6960032013888888,2.0956860041319443,1.1569751354166666
2024-09-02,21935542.43298611,30353544.807460222,2.0091940821875003,1.6791442604166666,2.0008124306597224,1.0867499270833332
2024-09-03,22429542.592708334,31243662.801059622,2.1922628879861112,1.733535451388889,2.097236704548611,1.103017423611111
2024-09-04,22844744.583333332,30504727.19268912,2.311442661875,1.7211201840277779,2.3221408813888886,1.1203886319444445
2024-09-05,22961337.701388888,30924297.648956172,2.2428702668055553,1.7390482951388888,2.1778512365972222,1.0653836979166666
2024-09-06,23376086.222569447,31515903.251744993,2.1371991715625,1.7004378611111113,1.9939483739236112,1.0073751909722222
2024-09-07,24482573.57222222,34166906.98205092,1.9657326760763891,1.6017997118055556,1.7570950789583333,1.0874635416666667
2024-09-08,24735585.723958332,35130930.86470625,2.2710291409722223,1.6871320694444443,1.913158526423611,1.1604093645833333
2024-09-09,24548571.566666666,36022771.40926334,2.252876099131944,1.719321576388889,1.9349047593402777,1.050902888888889
2024-09-10,25632020.313194443,40280273.59144514,1.887079298263889,1.7739562569444445,1.6064098561458333,1.1341260833333333
2024-09-11,26627450.959375,41643192.544143565,2.257943063784722,1.850325767361111,1.7600259925347224,1.1341097291666666
2024-09-12,25184895.014930557,38805779.99769218,2.4683715707986114,1.7775040277777778,2.0404256640972225,1.1553891979166666
2024-09-13,25091119.291319445,38383660.20198627,2.430147111666667,1.876938190972222,2.078120036388889,1.1149354791666668
2024-09-14,25517020.04027778,39634281.80311174,2.2084904876041667,1.9743333784722223,2.027133435625,1.1271769583333333
2024-09-15,25502861.330208335,39455097.14263013,2.180876239409722,1.9766252986111112,2.0419571211805554,1.0978032465277776
2024-09-16,24615440.960069444,35886037.26505669,2.322022379861111,1.9596407951388888,2.2920762492013886,1.181034079861111
2024-09-17,24053010.809027776,35004694.75193653,2.0296562856250002,1.9258115347222224,2.1210586471527777,1.1974968993055555
2024-09-18,23837905.199652776,34553404.66851175,2.3716503885069447,1.9121091180555554,2.358628789131944,1.1362694652777778
2024-09-19,23852109.080555554,37717961.68761137,2.3213272466319443,2.073810826388889,2.0751917353472225,1.0664979236111112
2024-09-20,23864517.366666667,39494799.86555312,2.3803588334374997,2.4020423472222223,1.9591141318055554,1.1357158125
2024-09-21,24220088.283333335,40798560.950472645,2.443712203958333,2.256964888888889,1.9898207836805557,1.2094564444444444
2024-09-22,24994599.172916666,42602451.68462859,2.5694518725,2.330894885416667,2.016605231215278,1.2097420277777777
2024-09-23,24748106.680208333,42235783.9292998,2.4212155057638887,2.0846482777777777,2.069158001180556,1.1355464722222222
2024-09-24,24776976.754166666,41728067.48900497,2.555985188715278,2.1384707881944447,2.1737089920833332,1.1609559826388889
2024-09-25,24956776.250694443,42982684.17823285,2.8438516334375,2.8291308541666664,2.2403117140625,1.146581704861111
2024-09-26,24854732.11423611,42982712.957182884,2.5421041412847223,2.3117048993055556,2.1542748942361114,1.1536467604166667
2024-09-27,25020445.445486113,45985554.6226489,2.3523542381944447,2.5300379236111112,2.0025561283333335,1.0977669652777777
2024-09-28,25420885.463194445,47800041.798434354,2.372677566736111,2.8481763090277776,1.9309510965624999,1.1482586319444446
2024-09-29,25556694.494791668,47863590.239906006,2.0903609146180555,2.3058565694444444,1.7740799564236112,1.1003739791666667
2024-09-30,25403996.02013889,46273522.17703894,2.1744517606944442,2.2416546875,1.8710752592708333,1.0963938402777778
2024-10-01,24894920.716666665,44071165.862591445,2.269037208576389,2.254326076388889,2.031993932465278,1.0045938020833334
2024-10-02,25403199.253472224,41987572.87880155,2.3432654671180555,2.3385477881944445,2.2129339236805556,1.0834800590277778
2024-10-03,25100038.01111111,38808014.392622985,2.2945590989930555,2.4249989895833335,2.263686866770833,1.0133982777777777
2024-10-04,24436887.13090278,38297431.60932359,2.0904455074305557,2.3366257881944446,2.063815976875,1.0772875381944444
2024-10-05,23978809.077083334,38557585.0272795,2.2662087123263888,2.3517661666666667,2.0446280271180557,1.1349391458333333
2024-10-06,23778655.360416666,38357155.26861055,2.220770497951389,2.358445013888889,2.0014525851736114,1.179983736111111
2024-10-07,23580601.760069445,39912896.25860417,2.342481633888889,2.522605173611111,2.092715285694444,1.2547210347222224
2024-10-08,23535174.05138889,38709513.154477626,2.441098635729167,2.429844399305556,2.2144410962500003,1.0780334027777778
2024-10-09,23606218.222222224,38020685.14949253,2.4954936598611113,2.458276670138889,2.2103618262499998,1.0731655486111111
2024-10-10,24258068.710416667,37097233.63410392,2.6684269804513887,2.4416532534722224,2.5159845360069446,1.1567928993055556
2024-10-11,24949632.819791667,40589487.07848665,2.2182767568402775,2.488713545138889,2.052973800069444,1.0803707708333332
2024-10-12,25038799.768749997,43026040.18824541,2.26767475,2.7552643576388887,1.7766071041666667,1.1651933611111112
2024-10-13,24437930.894097224,41237001.5526879,2.465631754513889,2.9285517256944447,1.9441248347916666,1.1409514270833334
2024-10-14,24091860.15625,42362854.29420764,2.280538620798611,2.935915746527778,1.8752644637500002,1.0807689652777777
2024-10-15,23318271.433333334,40766549.679351166,2.569635639826389,3.0627833715277775,2.0379872236805556,1.0685168541666665
2024-10-16,23096029.94340278,40104152.02508455,2.366474768263889,3.1851625520833333,1.9127331710069444,1.1155022743055556
2024-10-17,23099405.549999997,39385665.45113572,2.441062882222222,3.031179795138889,2.0617322843749997,1.1312396006944445
2024-10-18,22939191.225,38977006.297506474,2.211084461145833,3.065192322916667,1.9472830527430556,1.1433926875
2024-10-19,23162489.79201389,39466484.3415467,2.3388834247916663,3.230834701388889,2.0198807886458336,1.2081727083333333
2024-10-20,23121573.066319447,39972862.69298195,2.4385011061805555,3.290267486111111,2.091154254513889,1.1934878680555556
2024-10-21,22705202.548611112,40011875.223631345,2.7206122734722222,3.435770940972222,2.158883091875,1.1365906666666667
2024-10-22,22535597.197569445,38704659.92473926,2.746044178402778,3.3509024756944448,2.4062242791319446,1.0795777569444445
2024-10-23,22513730.951041665,38407856.40674295,2.429282520763889,3.1687709583333334,2.178486435,1.1033531597222224
2024-10-24,23060239.73923611,39351649.1497069,2.5186276367361113,3.009716375,2.2218358704513888,1.1484486284722222
2024-10-25,23847430.314930554,40322595.15794935,2.549587201388889,2.9303555138888893,2.175907605034722,1.1593769305555555
2024-10-26,21830976.335416667,34407931.778709486,2.625042973888889,2.5180400486111107,2.539710411388889,1.1298970034722222
2024-10-27,22064071.79548611,34865758.90761566,2.3571187592708336,2.5231387291666665,2.3711663668750003,1.160313045138889
2024-10-28,21047839.895804197,33290562.339894027,2.545111649615385,2.4227779335664335,2.519237990034965,1.045601104895105
2024-10-29,19005391.014583334,32024390.415593855,2.3129321689930555,2.8511697430555554,2.0791214682291663,1.0974694201388888
2024-10-30,18735878.25902778,32320101.86745023,2.466201097361111,2.931684045138889,2.0271859802083334,1.218378375
2024-10-31,18972012.408333335,31490067.51391485,2.8722757124652776,2.933818298611111,2.4980184972569446,1.1017318645833334
2024-11-01,19147141.13159722,30349886.31905763,2.875272635798611,2.9709635868055555,2.854819070138889,1.1614420208333334
2024-11-02,21795897.902430553,32224695.940104015,3.547300881076389,2.7481494131944446,3.673869077534722,1.2119987743055556
2024-11-03,21809611.01111111,31067289.1022126,3.3961977701041666,2.4047523125,3.5387963900347224,1.0228775
2024-11-04,22253276.534027778,30563558.552859828,3.577181830381944,2.4921988472222223,3.822207547916667,1.036161128472222
2024-11-05,22723377.682291668,31692139.685577545,3.3025701699652776,2.4384894652777778,3.4052702712152776,1.0355394999999998
2024-11-06,22499527.06388889,34392697.68997033,2.7682450084722223,2.777250315972222,2.6146320842361113,1.043623017361111
2024-11-07,22922459.47326389,36930589.586650915,2.83035093625,3.216760177083333,2.3507722268055553,1.063847954861111
2024-11-08,23852793.902430553,37586863.90915717,3.086519624826389,3.461140385416667,2.5242206271875,1.1140805868055557
2024-11-09,25682241.724305555,41374643.83296648,3.167273090659722,3.603338840277778,2.5536998211805555,1.1303266006944446
2024-11-10,28589205.273263887,47658113.79639116,3.6875310621875,3.863310916666667,2.964653955833333,1.0342830625
2024-11-11,30937332.624305554,52193978.68852206,3.701734029965278,3.722925743055556,3.071469561493055,1.0012085138888889
2024-11-12,30660019.097569447,52721629.544795975,3.968683150034722,3.9588959756944444,3.1786225525000003,0.9919430381944445
2024-11-13,30789499.327777777,49156124.92465935,3.5715906553472223,3.30779378125,3.1095450881944444,0.9791692604166666
2024-11-14,31130450.13263889,50298609.272818774,3.2629638766319444,3.0708423819444444,2.964055174826389,1.0259595416666665
2024-11-15,32089925.04444444,49360361.221346974,3.325377506284722,2.7238679479166668,3.2554858065625,1.0118680486111111
2024-11-16,31273499.41041667,52231417.01609283,3.314013383923611,3.1053162118055555,2.9854170775694446,1.0310707187500001
2024-11-17,30844828.577777777,53507094.07670515,3.803199107083333,3.2595242256944443,3.2544967922916666,1.0347467152777776
2024-11-18,28943823.767361112,50238207.58510402,3.7827103502777777,3.0651203368055553,3.3231053825,1.1275237395833333
2024-11-19,29192181.073958334,51276166.2619601,4.038897262604166,3.0489351875,3.6500234534722225,1.0367362986111113
2024-11-20,29623370.699305553,50937423.54036034,3.849168779548611,2.9260301875,3.5375759190972222,1.060838
2024-11-21,31778775.268402774,60009068.02923838,3.232275098541667,2.635026319444444,2.869998068576389,1.0694103020833332
2024-11-22,34797208.650694445,73501818.0916783,3.0858392478819443,2.485502798611111,2.5433207728819442,1.038385611111111
2024-11-23,33854327.03541667,75356734.93124121,3.582608279375,2.4617140520833334,2.8543632830902776,0.9810740555555556
2024-11-24,31718498.333333332,70006534.20877352,4.202233586215278,3.0132093090277774,3.2850542485763885,0.9861180520833334
2024-11-25,31045917.84236111,70204542.00157966,4.119032813506944,3.226749340277778,3.164432770347222,0.9980285277777777
2024-11-26,30274831.913541667,67297886.74465744,4.065337103368055,2.7267606319444444,3.2207934106944442,0.99432053125
2024-11-27,27519236.780555557,63178148.29686938,3.710271265798611,2.849859375,2.8169617762847223,1.0222331076388889
2024-11-28,29806650.63090278,70649156.76190263,4.037869239027778,2.5656406041666666,3.02107585125,1.052142940972222
2024-11-29,31551344.552430555,74421286.36020872,4.0592126284375,2.331311861111111,3.1823573558333336,1.0461961597222222
2024-11-30,31269400.884375002,76128429.18966918,3.959476325451389,2.5178903541666666,2.9420762021180558,0.9856009166666667
2024-12-01,30615917.96076389,74992286.77637744,4.1511927765625,2.97153709375,3.066465379965278,1.0345587604166666
2024-12-02,29057625.528819446,70468653.18852344,4.357019870208333,3.6137322083333334,3.286447365,0.9836561944444444
2024-12-03,29205371.479166668,73384238.34628513,4.948956536076389,4.929701329861111,3.598833539618055,1.0244927291666666
2024-12-04,30847374.429166667,80425569.58691376,5.177645163055555,5.019706541666667,3.7183030580555556,1.009541173611111
2024-12-05,32152185.243750002,81995568.8451715,5.692097012187499,4.406654534722223,4.2815684789583335,0.9713884236111111
2024-12-06,32190261.762152776,84405069.5812053,5.480630028090278,5.320375430555555,4.299828826076389,0.9517288819444444
2024-12-07,33207977.904513888,89683878.28967907,5.452576190833334,4.755738840277778,4.292565954722223,1.0904681666666667
2024-12-08,32559376.45555556,86544454.78420758,5.852881881111111,5.232309465277778,4.6712951071875,0.9934395069444444
2024-12-09,32933068.686458334,81779925.98993489,5.402562973298611,4.544611371527778,4.381407907118056,0.9753413194444445
2024-12-10,27517985.467708334,60788603.28251515,4.272656716354167,3.6803110034722217,3.486011960659722,0.9921867083333333
2024-12-11,27470534.429166667,62113672.95275137,4.148238625902778,3.622737194444445,3.490798478472222,1.087670513888889
2024-12-12,27790260.072569445,69364054.54247095,4.207729882500001,3.593138611111111,3.5285576846875,1.1086180763888889
2024-12-13,27855132.64722222,71538784.92077462,4.365741681319445,3.271175659722222,3.720645598854167,1.0707059236111112
2024-12-14,27600046.695833333,69941040.60466708,4.596104562465277,3.5666885798611108,3.8400294366666667,1.0927385347222223
2024-12-15,26596410.983333334,65757913.65626432,4.265996160902778,3.942571975694444,3.685094304513889,1.0783624270833334
2024-12-16,27923994.076388888,70837311.05378133,4.694005645868056,4.4205059166666665,3.8029687591666663,1.0788443645833334
2024-12-17,29952708.03611111,72742570.0233233,5.02567547375,5.509939510416667,4.298304238020833,1.0255118020833334
2024-12-18,28835334.56909722,66760309.065758705,4.440491935590277,5.42502784375,3.9048649223263885,1.0397673368055556
2024-12-19,27274751.31875,56742290.717036024,4.044732211319444,4.1719516458333334,3.6361275156250006,1.0258120625
2024-12-20,25773517.819791667,47499667.70809637,3.8155702065625,3.7383465625000003,3.441630132708333,1.0138397118055555
2024-12-21,26076620.92777778,48355652.86050515,3.8676233399305553,3.5258280798611112,3.3294187395833337,1.0492000277777778
2024-12-22,24878330.377430554,43944367.95571825,3.7590812090277783,3.248724857638889,3.348165072986111,1.0432313159722222
2024-12-23,24686691.943055555,44660055.523528375,3.741782705173611,3.26782715625,3.363708089965278,1.1194678020833333
2024-12-24,24418291.08923611,46915685.27423007,4.068227248263889,3.387729284722222,3.4234815809027777,1.115652746527778
2024-12-25,24096936.00590278,46387474.1118633,4.4635122359375,3.752444746527778,3.539369722777778,1.170579673611111
2024-12-26,24010441.014930557,43741650.59259087,4.825838344861111,3.4743698159722225,3.886809950694444,1.151164875
2024-12-27,24142368.428125,44432176.960552245,4.218647899791666,3.1093196493055557,3.563737289340278,1.1159942743055555
2024-12-28,23989470.983680557,44667306.30086912,4.210037995590278,3.089911576388889,3.4839760070138888,1.1523029305555557
2024-12-29,23974465.470833335,44388972.38019087,4.5173888685416665,3.096905159722222,3.6555654774652777,1.095229625
2024-12-30,24707789.955902778,45776182.55012559,4.145492271180555,3.0888696597222225,3.4619156203819443,1.1163744895833334
2024-12-31,24063680.94340278,43371721.07530986,4.013081065138889,3.1725917118055555,3.5477786306597223,1.1371560243055556
2025-01-01,24444221.46215278,43558270.138670415,3.8514872514583334,3.125038701388889,3.4683282771527777,1.0644921701388887
2025-01-02,25372066.262152776,47138950.987032905,4.085128722222223,3.563103055555556,3.4203572749999998,1.09336165625
2025-01-03,25950746.66527778,49973899.040923394,4.5382303371875,3.700154986111111,3.5946691738541667,1.0539574583333333
2025-01-04,26505223.809722222,54274735.422656156,4.440138407361111,4.057086083333334,3.4738769227083335,1.1054895555555555
2025-01-05,26586407.867708333,55076424.36024338,4.446109006527778,3.6136988124999996,3.5810255517708334,1.1359788993055555
2025-01-06,26232163.320486113,55195997.19065933,4.3908029709375,3.547614875,3.4227410921180557,1.2264481215277778
2025-01-07,24903759.99097222,50655017.796756655,4.463165614305556,3.693315840277778,3.6076070528124995,1.0730877673611112
2025-01-08,23904250.77673611,43629188.81113228,4.181685032951389,3.507079440972222,3.7422623069444447,1.0723844375
2025-01-09,23686049.913888887,42077122.63171724,4.0844656715625005,3.466492673611111,3.579742279652778,1.1079980868055557
2025-01-10,24119087.283680554,42973152.31202448,4.101421199479167,3.381127100694444,3.645411596111111,1.1401970347222223
2025-01-11,24231532.11875,43246691.528718024,4.291927208055555,3.5051306631944446,3.7381423687847226,1.0905274097222222
2025-01-12,23890690.112499997,42808453.53696113,4.429476971736111,3.4160587847222224,3.791703302604167,1.1456755381944443
2025-01-13,24039977.83402778,40617923.8214943,4.216723619652778,3.33422146875,3.613546446527778,1.0588890451388888
2025-01-14,23512994.929861113,41314099.08857498,3.819998445347222,3.3891516319444444,3.2231975152430556,1.1324403159722223
2025-01-15,23122100.803125,41962815.92361735,4.171543217673611,3.676160010416667,3.349405009201389,1.1153987187499999
2025-01-16,23672897.2125,44240582.2625791,4.6164571167708335,3.707251444444444,3.5189636001388886,1.1247521458333332
2025-01-17,25376012.481597222,48613344.4065179,4.299454778993056,3.237664090277778,3.4459338207291665,1.1612935694444444
2025-01-18,25934943.098958332,47976947.09271448,5.019676011805555,3.028714732638889,4.012994261875,1.111306857638889
2025-01-19,25429376.140277777,46553600.58788604,4.121096914479167,2.9205024340277776,3.486192471041667,1.0059699965277777
2025-01-20,24771532.030902777,43037314.002224095,3.7059902392361113,2.899997197916667,3.2635800339930556,1.0400574305555557
2025-01-21,24815673.482638888,42400113.56596983,3.7380569696527775,2.9884762569444443,3.2371697622569444,1.1120868090277778
2025-01-22,24901571.081944447,43333319.91516541,3.874169336423611,3.140265017361111,3.329825724861111,1.1040186354166666
2025-01-23,25199952.015625,42704270.085186295,3.7952776231672596,3.4235489444444442,3.3512189756944446,1.0872648749999998
2025-01-24,26925912.91215278,47344529.30174342,3.8548953581944443,3.363713222222222,3.2651530129166666,1.0873833194444444
2025-01-25,26606409.248958334,44443149.10155329,4.072926767534722,3.49490284375,3.5594201526041664,1.261154423611111
2025-01-26,28953315.07152778,47275141.14796165,4.0808745703125,3.01399015625,3.6576540176388885,1.2489983263888889
2025-01-27,30531909.628472224,43342159.94209748,4.223169618090278,2.4243019479166668,3.676553260069445,1.041318875
2025-01-28,29284887.44861111,41981414.676515244,4.1179201545833335,2.454674402777778,3.53683122125,1.1096333368055555
2025-01-29,28695489.356597222,41266825.33644811,3.7943340475694445,2.4660047256944444,3.367079493576389,1.1057225555555557
2025-01-30,27366707.988541666,40448016.527472824,3.8298022747222222,2.7918857638888888,3.377925341736111,1.0917353125
2025-01-31,30865183.329861112,44295936.9638654,4.5031860040625,2.956113486111111,3.9123960013194443,1.1331019583333335
2025-02-01,32719462.728472218,46041464.11648021,4.597214108159722,2.8782109826388886,3.9962935233680557,1.0975578680555556
2025-02-02,32235812.437152777,40751902.284619376,4.016303963784722,2.792827638888889,3.6717432303125,1.026424440972222
2025-02-03,26226277.503124997,28438560.39555284,2.7357082567708333,1.748575767361111,2.54840393479021,0.9986809444444444
2025-02-04,25051220.69722222,27747273.21639557,2.9779886725694444,1.7078825902777777,2.579844062951389,1.0396378958333332
2025-02-05,24450750.436458334,27124042.92136035,2.739186009513889,1.6104271631944445,2.4462356482638885,1.067666888888889
2025-02-06,23880322.220833335,25881861.186368164,2.8909826214930554,1.5463954166666667,2.560336626875,1.0852572222222223
2025-02-07,23746510.54097222,25068723.15203011,2.9442084367708334,1.474503732638889,2.6614054221875003,1.0978882361111113
2025-02-08,23578605.836111113,24196317.06067035,2.8019222179166667,1.397753861111111,2.5530601072569445,1.0872487638888888
2025-02-09,23428444.204861112,25063505.258531548,2.8838670137152778,1.4258766875,2.497077338402778,1.0768888333333333
2025-02-10,24393831.434375003,26624057.34461975,3.4563961264583334,1.5517266041666666,2.881410605034722,1.113918954861111
2025-02-11,23759596.782291666,26125572.038904782,3.3097665476041667,1.53164596875,2.8460295550347223,1.1182891875
2025-02-12,23387648.59375,25176012.515864443,3.2509200324305554,1.4951218124999999,2.8616301827083337,1.1748703402777778
2025-02-13,24677349.41736111,27607308.446696475,3.447661366388889,1.4483909131944444,2.849115472222222,1.0740735104166665
2025-02-14,25347892.520833332,29254175.129672214,3.0980610996180555,1.4564489513888887,2.6623321531597224,1.1451248854166667
2025-02-15,25165195.07326389,28710277.490107372,3.2425888879166664,1.3837829027777777,2.7651179676041666,1.1691500416666667
2025-02-16,24673134.113194447,27757404.3947189,2.971833292465278,1.4516759756944444,2.6315278531944446,1.1246454131944443
2025-02-17,25362420.29826389,29375905.457996245,2.9438768792708334,1.4585794375,2.5850965473263887,1.1442176319444444
2025-02-18,27441234.83298611,30450053.670085438,3.079487084097222,1.389522204861111,2.6852570294791667,1.0438119930555556
2025-02-19,27237635.538194444,30507560.196257252,2.446898070729167,1.3788410104166666,2.26405809875,1.023584111111111
2025-02-20,26604506.435763888,30585776.119866986,2.5757609559375,1.5733438368055555,2.2085329200694446,1.1562230243055556
2025-02-21,26329140.210416667,30301397.894494183,3.048993492048611,1.728182548611111,2.487177336423611,1.0581344444444445
2025-02-22,26763345.83888889,29783794.325265273,2.7613720547916665,1.6871408055555555,2.445552653125,1.0388271006944445
2025-02-23,26627866.105208334,30990446.996211383,2.6878039207986113,2.091420934027778,2.228169139618055,1.0404186493055556
2025-02-24,27989542.765972223,30694856.78454766,2.9550175489930557,2.0345053368055557,2.5520663794097223,1.0905423854166667
2025-02-25,29075437.672222223,29545185.132824022,2.8638407662152776,1.7086559131944443,2.6036294446875,1.034297263888889
2025-02-26,28200759.05659722,30862367.38306495,2.7018096967708334,2.105042756944444,2.3241718576041666,1.0762518472222222
2025-02-27,32816300.822569445,37698624.05396527,2.876936734826389,2.3276797430555556,2.331089369722222,1.1072635555555557
2025-02-28,32739034.68993056,34956352.42530623,3.097540873090278,2.3659323819444444,2.5982372244444445,1.1230907777777779
2025-03-01,31259963.638888888,32986571.69899124,2.743371068819444,2.516126173611111,2.3688445760416665,1.1009093645833332
2025-03-02,30505990.08888889,33180313.545176882,2.711282731701389,2.486732923611111,2.3914582648611113,1.0861770173611112
2025-03-03,30169823.984027777,32603857.500526898,3.259762248888889,2.9408127118055556,2.6032774807986114,1.131171798611111
2025-03-04,32337559.975694444,30634646.531590547,2.6708509753472223,1.9006423159722223,2.3735726325,1.1262973125
2025-03-05,32951309.343055554,31664601.042530663,2.3702115746875,1.8852991145833333,2.1356833372569444,1.1044144027777778
2025-03-06,31483106.706944447,31293311.984469354,2.605161668923611,2.2067518472222223,2.2684470381597226,1.0966959375
2025-03-07,30247210.101041667,29417808.639038358,2.8831630288194443,2.194110628472222,2.480949503159722,1.0984603020833332
2025-03-08,31638189.543750003,29704090.086447284,2.771142442986111,2.073945701388889,2.4590939935069445,1.185456111111111
2025-03-09,32448352.47118056,29190220.007582605,2.6579699965277777,1.9941910277777777,2.3822347630555556,0.99897559375
2025-03-10,33735913.01944444,29323452.113507688,2.3265278361458335,2.077326774305556,2.129330085486111,1.0775471979166666
2025-03-11,34781098.34618056,28863701.048599813,2.3474945264930556,2.15030303125,2.106180018680556,1.0182416493055557
2025-03-12,33614267.27708333,28423442.488859612,2.4140172432291664,2.327638357638889,2.1091573513888893,1.1028227569444444
2025-03-13,35255360.690625,30000363.283065636,2.59910473875,2.4831585972222223,2.1977878842361114,1.1235638229166667
2025-03-14,35903303.77291667,31100322.64305891,2.535522787951389,2.455627097222222,2.116692475,1.0259977847222224
2025-03-15,35306806.28784722,30837275.41757124,2.6008441244791665,2.5247225208333335,2.0602462555902776,1.2107163020833334
2025-03-16,35267512.536458336,30135180.728952367,2.663772200798611,2.6342226944444445,2.110643427604167,1.1051209027777777
2025-03-17,35518496.912499994,30993043.334547684,2.377405958159722,2.5299279097222223,1.931645657951389,1.1221867083333334
2025-03-18,35582905.38888889,30760693.23496008,2.6257368584375,2.500513170138889,2.0145029297569446,1.19828865625
2025-03-19,35598296.922916666,32077124.277209084,2.6457301209375,2.466468010416667,2.061462936180556,1.1030636284722222
2025-03-20,35696026.927083336,31863147.19971001,2.7719311736805556,2.4094343159722222,2.1433185694097223,1.1770407847222222
2025-03-21,34377798.22777778,29563878.407637246,2.6510606579513887,2.2740764861111114,2.235400493958333,1.0838612534722223
2025-03-22,34545185.91041667,29738469.17690443,2.3988196721875,2.1502495416666667,2.0785314608333336,1.2541303263888888
2025-03-23,33766920.974305555,28990138.164406516,2.594158907951389,2.197741465277778,2.1913046240277776,1.1796521006944445
2025-03-24,33382869.087847218,29805148.86628315,2.647607420729167,2.3971810625,2.132349332048611,1.102736048611111
2025-03-25,33000143.201388888,29739632.913995698,2.911785463159722,2.478096940972222,2.2633740686111112,1.1028795104166667
2025-03-26,31674110.439583335,28587149.325908866,3.005795069375,2.4366045868055557,2.348166494479167,1.121505388888889
2025-03-27,32299781.93506944,29333238.139666803,2.800071630659722,2.2797945034722225,2.2561109288541665,1.2095935972222223
2025-03-28,33692036.351388894,28651535.23586857,2.655332266284722,1.8856334722222223,2.2803620913194447,1.123364125
2025-03-29,34266786.28125,27086106.10263352,2.374238577326389,1.6947954618055556,2.1093278573958334,1.1184568958333334
2025-03-30,35143361.31840278,26697589.270349026,2.3925655624652777,1.6298423368055555,2.1920132784722224,1.056993559027778
2025-03-31,34291255.87916667,25419342.593759872,2.7041155668402777,1.763378576388889,2.3817949333680555,1.1752718333333334
2025-04-01,32601344.224999998,24604715.7307897,2.6025426581944444,1.865369673611111,2.233793158229167,1.1174430833333333
2025-04-02,32443041.635416668,23813098.24930142,2.641676240173611,1.9401947256944443,2.2576685594097223,1.0684696041666666
2025-04-03,33000532.526736114,22919595.433262706,2.633301611736111,1.9110393506944443,2.3481420355902776,1.0418998020833332
2025-04-04,31966429.724999998,22515488.264927734,2.5702598719097223,1.8017614791666665,2.2813478954861113,1.0982436145833332
2025-04-05,31617084.95451389,22154790.7545143,2.4544485861458334,1.7924602430555556,2.1879620622916667,1.2282091215277777
2025-04-06,32866408.131944444,21515898.100785464,2.632771377118056,1.7857238090277778,2.343035369861111,1.0878169340277777
2025-04-07,32167169.00902778,19394706.588521585,2.382387766875,1.6286318680555556,2.142857755972222,1.02677821875
2025-04-08,33754915.30381945,20400058.267306227,2.4502671455555554,1.53920303125,2.151393541909722,1.1020153680555556
2025-04-09,32533516.037499998,20076375.309066106,2.521940835625,1.527671670138889,2.2850172107986113,1.0624968506944446
2025-04-10,31385237.98923611,20309043.26751152,2.604089332361111,1.6310427881944445,2.209462060729167,1.0133542673611111
2025-04-11,30444981.30833333,19996465.946252707,2.6185892428125,1.6054361423611112,2.2885118079166666,1.1045471041666666
2025-04-12,30023654.322916668,20277483.515285145,2.602571403402778,1.5381149861111112,2.2125601323958333,1.1154040208333333
2025-04-13,30418861.94409722,20809823.386681754,2.6315351343402775,1.4798897569444445,2.2110391083680554,1.1550149097222222
2025-04-14,30215921.458680555,20270938.414163236,2.6396361059375,1.4554580833333333,2.2805643534027777,1.0923798923611112
2025-04-15,30115391.051388886,19651300.024233576,2.5788480401766787,1.4375363568904593,2.21914779,1.0077278194444446
2025-04-16,30893101.040625002,19651457.462537244,2.389149653958333,1.4315713298611112,2.096515211111111,1.086992409722222
2025-04-17,31801925.625,20479792.457668744,2.2521662491319443,1.3740680833333334,2.044693560972222,1.209538423611111
2025-04-18,32348487.486458335,21225917.82039164,2.4234668682638887,1.3547505034722223,2.111909775486111,1.2311255590277779
2025-04-19,32196835.637500003,21896449.769380227,2.4328573207291666,1.3481638298611112,2.0730658084027778,1.2160648159722223
2025-04-20,32438614.838541668,22993175.284906775,2.6065296629166665,1.4578891041666668,2.135534328229167,1.1501593611111112
2025-04-21,32634847.709027782,23487786.254786894,2.769967239375,1.517555263888889,2.2818206893402775,1.083841815972222
2025-04-22,33700922.86319444,23789484.043297894,2.7581215415625002,1.8942903472222221,2.3388013017708333,1.1533207743055556
2025-04-23,33121833.467708334,25139353.86514722,2.462987598923611,1.976633986111111,2.1358194183333334,1.120850329861111
2025-04-24,33761898.31006944,25989173.21672522,2.702065625520833,1.9081059166666665,2.250331324375,1.0956647083333335
2025-04-25,34549530.99270833,27695425.03187182,2.4778801928125,1.6790458819444445,2.1269473539930552,1.103546545138889
2025-04-26,34973199.063888885,29082090.561126057,2.2640510167708334,1.5809507534722222,1.9289480719791667,1.085607704861111
2025-04-27,34981048.27638889,28112007.274678897,2.490868621736111,1.6357909618055555,2.1369280451736112,1.1029211527777778
2025-04-28,34982477.82569444,27356542.47675999,2.4857336318055556,1.8435827256944444,2.1189009775347225,1.0723609965277778
2025-04-29,34412283.51076389,26877933.504381437,2.1188617184375,1.8933941180555556,1.8893938898958333,1.1022347083333335
2025-04-30,35269145.311458334,26224319.319483023,2.306928351840278,1.9637807743055555,2.0447113547916667,1.2941884861111113
2025-05-01,36854687.80798611,27051070.864205975,2.1589112702430553,1.9274040381944444,1.9241357546527778,1.2515736909722222
2025-05-02,37859595.39027777,27415682.20040804,2.0757996701388888,1.8366400694444447,1.9028283450694445,1.0763582048611111
2025-05-03,39274175.75694445,27236204.621559963,2.1551999726388886,1.7677944965277779,1.9978074815277778,1.225750736111111
2025-05-04,40175306.23819444,27109585.222437795,1.8794797149999998,1.7084510555555557,1.8218722622569443,1.1359597534722221
2025-05-05,39642831.98402777,26253092.856094375,1.9916222321180557,1.8602598923611113,1.9501192165277779,1.1614537743055555
2025-05-06,40680108.759375006,25232340.154364165,2.2588563898958336,1.9602799305555554,2.1541245529166666,1.1657680729166666
2025-05-07,46009052.17013889,27541735.48990588,2.4413293059375,1.9751731423611112,2.324686369652778,1.0807175173611112
2025-05-08,47464258.14236111,30344614.260531552,2.2886873321875,1.7722811215277778,2.2365223391666667,1.1446320104166667
2025-05-09,44605031.765625,32795470.810731094,2.3243828782291667,1.8867664409722222,2.1041025619791665,1.0714446319444444
2025-05-10,46243531.114583336,36678645.121493846,2.5845853628124997,2.0114499826388887,2.2886708163194442,1.0897092604166667
2025-05-11,47229999.83923611,41640935.7310411,3.107136705347222,2.7234746666666667,2.6243090568402776,1.0866831909722223
2025-05-12,49216527.675,42308488.21304521,3.345451894479167,2.875763625,2.8647806552430555,1.06421309375
2025-05-13,53053427.26180556,43767535.558435135,2.8369198940972224,2.5998196840277776,2.5020909269097222,1.081457829861111
2025-05-14,49384730.97847222,42018787.085911386,3.5945154207291665,3.354008888888889,2.9649206380208337,1.1004730104166667
2025-05-15,52721747.44618055,41353769.19478982,3.7179063579166662,2.9888354791666667,3.1597641009027777,1.0494351319444446
2025-05-16,55835500.34166667,41733440.16732908,3.090697881736111,2.406542579861111,2.7333962700694445,1.0823505277777778
2025-05-17,58336637.427083336,40809478.70778872,3.0602901639583333,2.189388375,2.6564539718402775,1.0810138368055555
2025-05-18,56640053.583333336,40285379.29678821,2.816877510347222,2.3555475416666667,2.6079893506597225,1.0723283993055555
2025-05-19,54055360.56284723,37824756.813546546,2.7775802400694447,2.5269780833333333,2.493996179895833,1.063325107638889
2025-05-20,56626761.196875006,40351448.773530126,2.9317001576736113,2.3224865208333334,2.586884964236111,1.100562465277778
2025-05-21,57022166.79375,41802524.1603662,3.211920630590278,2.4579366319444444,2.726743792013889,1.0700954861111112
2025-05-22,55592506.62951389,43612519.101442836,3.002005458611111,2.7111345625,2.4926233882291666,1.1226026840277779
2025-05-23,56918896.443749994,45374024.75575331,3.307496846840278,2.6763972847222224,2.7064981235069445,1.0367866493055555
2025-05-24,55507971.07118055,42094498.332810745,3.2032272709722225,2.86913659375,2.7234808906944448,1.0774151805555556
2025-05-25,55835139.088541664,40554590.256682515,2.6057523857638887,2.6002076805555556,2.3759215013194446,1.0551907673611112
2025-05-26,53503415.45902778,40744904.798642606,2.608711278125,2.6635171631944443,2.285762677152778,1.0718134791666667
2025-05-27,53021933.5,40802651.62113319,3.0446360240277777,2.8232125694444448,2.635125311145833,1.0733832152777778
2025-05-28,54570004.24027778,41649475.43119088,2.716691516076389,2.6996088368055555,2.4663031527430554,1.1048587222222224
2025-05-29,56950577.78402778,43845197.906989306,2.906273899826389,2.59752959375,2.5971076016319445,1.0683388368055555
2025-05-30,58128739.36423611,39693951.79336646,2.6227800210416667,2.031517125,2.5382878799305555,1.0603480208333333
2025-05-31,56194592.20555556,35628592.12400347,1.857235645173611,1.668881138888889,2.1253728785416666,1.0769656666666667
2025-06-01,53630401.58020833,34702290.442547664,1.8235706124305555,1.8254323958333332,2.064914284270833,1.2132293472222222
2025-06-02,52452796.26944444,33872491.647246994,1.9050952155902776,1.9208428159722222,2.090229556041667,1.1134276180555556
2025-06-03,50233898.04930556,33826042.32190565,2.1941188887847223,1.968888878472222,2.224761462048611,1.08342071875
2025-06-04,52187678.20694444,34005769.53123555,2.1102304824305556,2.1688633298611113,2.202066137534722,1.2091811423611112
2025-06-05,55092243.101388894,34479789.83599589,1.829818694236111,1.9462343194444445,2.0709637244444448,1.13040125
2025-06-06,56225551.20069444,33629778.28833962,1.7634763383333334,1.863600013888889,2.128043993229167,1.1239179131944443
2025-06-07,53753233.00208333,33526482.257409375,1.7371483361458333,1.9683066284722222,1.9800186108333335,1.2035809270833333
2025-06-08,53222280.39340278,32852924.845112655,2.1875438622569443,2.2124409097222224,2.248526926875,1.1665244479166668
2025-06-09,53476395.08090278,33042939.905803304,2.0704801474305556,2.150865934027778,2.2135541953124998,1.1425623576388888
2025-06-10,55249676.58541667,37611749.102914385,1.8809646228125,2.1658117673611113,1.8806460143055557,1.174266513888889
2025-06-11,58946875.822569445,42206849.92627372,2.2203271826041666,2.0236076180555553,2.051726704861111,1.0957143506944444
2025-06-12,55102583.453819446,37093548.11806832,2.382565529166667,2.0876625381944445,2.326403725243056,1.0984853368055556
2025-06-13,61941120.648611106,36046396.27556759,2.0674999122569444,1.7832333090277777,2.3186956758333332,0.9912747916666667
2025-06-14,62884699.96701389,37416690.055991076,1.7064496571527779,1.6648096597222224,1.9610835397569444,1.1848929375
2025-06-15,61259115.989583336,36235625.41973854,1.8819612509027779,1.7815445590277779,2.119045782534722,1.1192973506944446
2025-06-16,60221479.452083334,36326132.89798194,2.0844124075,1.893509451388889,2.221093344305556,1.0940495833333332
2025-06-17,61842485.25590278,35367508.38926074,1.9466994009374998,1.8807299270833333,2.1381710769444444,1.1192076944444445
2025-06-18,67027085.55833333,37269173.619002216,2.0305942948958333,1.9439710416666667,2.2079434559375,1.0335764618055556
2025-06-19,66568372.31493056,37581969.7449287,2.1010457190972223,1.9726410694444445,2.2105612620138886,1.1444894861111112
2025-06-20,66356394.30416666,37278615.04822668,2.2589017465972225,1.9543858402777776,2.399223299201389,1.1582717291666667
2025-06-21,67621345.19027777,36279274.3602928,1.7438809043749999,1.845460263888889,1.9807398794097222,1.2398473125
2025-06-22,65418431.831944436,32229915.112416193,1.9435956947916668,1.812215503472222,2.0393789004513887,1.0876613229166667
2025-06-23,62151986.80555555,31266098.482447498,1.9771021713541665,1.9375414479166666,2.0349855372916665,1.159344076388889
2025-06-24,57613164.95,31909535.048023887,1.9244205396875,1.8875851631944442,1.9358430386458332,1.155616625
2025-06-25,57471214.12743056,31571766.571241897,2.041615515173611,1.6012556041666666,1.901337532465278,1.0747617777777778
2025-06-26,55340576.56076389,29699356.603497703,2.2161812197916664,1.7960736215277775,2.026732399826389,1.1621681458333333
2025-06-27,57902018.38090278,30779562.09211135,2.1953551595833334,1.7472255798611112,2.0457259902430556,1.1339326805555556
2025-06-28,58389971.396180555,31560510.810940463,2.1892466740625003,1.7321600520833333,1.9850037909722222,1.2862951805555556
2025-06-29,58946654.03993055,33115908.823762834,2.298026969722222,1.5913594097222221,2.05875778,1.2451620416666667
2025-06-30,58325780.840625,33806194.59428556,2.2917622954166665,1.6430782847222223,2.1737280753819443,1.1262862916666667
2025-07-01,56929597.37048611,31062541.007766142,1.9519358384027778,1.6968066041666665,2.0716103307986113,1.2449329305555557
2025-07-02,60060609.50972222,32950663.616268594,1.6328122148958333,1.6400792881944444,1.852832283090278,1.1711878680555554
2025-07-03,57075725.671180554,32832137.040619332,1.7314080148958333,1.7273909444444444,1.7939242546527778,1.1789684062499999
2025-07-04,57222565.13854167,31347531.35944181,2.0853510055208333,1.7167103055555557,2.039236078784722,1.0584478993055555
2025-07-05,59821961.178124994,31673764.68541858,1.5725927640972222,1.5986686180555556,1.7331355625,1.172901951388889
2025-07-06,62156324.415625006,33321444.858012214,1.6122032175694445,1.542615996527778,1.7488322643402778,1.092964017361111
2025-07-07,61668755.726736106,33567650.53002915,1.6916429880902777,1.503896486111111,1.7771720714236112,1.1571941458333332
2025-07-08,62731867.81215278,33943438.352988906,1.7388196572569443,1.5500633680555556,1.8285506622916665,1.2300418576388887
2025-07-09,61560856.23854167,34303788.45437948,1.8353212200347224,1.716643309027778,1.8928535290277777,1.0940959409722222
2025-07-10,61869393.52569445,37246775.8072569,2.4237760985069445,1.6912882916666667,2.234986432465278,1.1186588993055555
2025-07-11,61408939.87534722,41769668.41177422,2.462226222638889,1.7396164201388888,2.1419709384375003,1.0674303645833332
2025-07-12,64975645.72361112,42165978.71031278,2.837116778923611,1.8331459166666666,2.389563357361111,1.174049
2025-07-13,61939613.88784722,40666128.60621168,2.5423437901736112,1.8584268298611113,2.241783892222222,1.107901013888889
2025-07-14,64604758.096875004,43429780.091284394,2.1687174140625003,2.1277107500000003,2.0073012680555555,1.0750213715277779
2025-07-15,66034274.51006945,43601510.584943175,2.4279750699652776,2.0380142708333335,2.0452790409722224,1.0740674791666667
2025-07-16,70059481.4625,49869037.82825414,2.378052787916667,2.1289132013888885,2.018857083645833,1.0768407430555555
2025-07-17,73159680.88541667,51850760.356719956,2.7854656002430556,2.192007704861111,2.423395793576389,1.0848836215277777
2025-07-18,76759409.33298612,58869331.37200394,2.5377252919791666,2.1406848506944445,2.224413513263889,1.0276991736111112
2025-07-19,73700196.63993055,55216754.74341266,2.9817544021180553,2.42794565625,2.485802705138889,1.084598673611111
2025-07-20,74610849.9079861,58160649.37080141,3.055192609131945,2.5315669305555555,2.6058520346180556,1.0401005034722222
2025-07-21,69673568.25659722,55224857.864308745,2.809322473672727,3.148442650909091,2.449856402363636,1.02556996875
2025-07-22,71404054.12743056,55470307.3649807,3.270833451744186,3.153382854166667,2.664652465416667,1.026621263888889
2025-07-23,73096909.97118056,54301530.145962924,3.339141080069444,3.148407267361111,2.7515815752777777,1.068611170138889
2025-07-24,73161394.15104167,50900620.93819399,2.628715378229167,2.6962333784722223,2.455369211597222,1.0820497916666667
2025-07-25,69001029.19999999,48053687.97598296,2.600321405173611,2.4614811840277775,2.4453330897916667,1.068005659722222
2025-07-26,70865481.77916667,51254770.37597789,2.901263790347222,2.5593381701388886,2.5059283709374998,1.2625921319444444
2025-07-27,71220211.93645833,51997681.37970905,2.950051715451389,2.6224486979166666,2.4906860935069446,1.2269521631944444
2025-07-28,80420960.24409722,63500165.94827174,2.671531059409722,1.7648204409722221,2.400428194513889,1.0092178854166667
2025-07-29,69634718.8611111,51813339.48237583,2.5695012315624997,1.6511978229166668,2.5217797078819446,1.1332622638888887
2025-07-30,65087379.51527778,45929311.62730823,2.2833364818055557,1.7494267291666667,2.3903823717708335,1.039687954861111
2025-07-31,66353999.41527777,46726428.47903136,2.258062844826389,1.8375243576388887,2.3536472641319444,1.1035910451388888
2025-08-01,67754442.11770834,44374634.85696182,2.009486530173611,1.7700923055555555,2.12799483625,1.0734371875
2025-08-02,67087491.295833334,42782284.09733156,2.072459924479167,1.7291753958333334,2.1180681904166665,1.0659792534722223
2025-08-03,66596829.10798611,43032897.48467661,1.847289372951389,1.7669916284722222,1.9542012498611112,1.174318579861111
2025-08-04,65179367.24444445,44338919.484081514,1.9287304952083335,1.9062064131944443,1.9707361475694445,1.0112998541666667
2025-08-05,63450518.043749996,43038925.052150875,2.8590432090277775,2.0608607291666665,2.5627476827777778,1.1664816388888888
2025-08-06,61365822.418402776,40582719.95644196,2.163537462534722,2.1063353611111113,2.040345977847222,1.162741888888889
2025-08-07,61866329.19895833,42579097.06741663,2.1853192884722223,2.1080740069444444,2.0430463903819445,1.1785458819444445
2025-08-08,66521476.17326389,49207478.88108318,2.3533134346874998,2.1805113159722223,2.046434176111111,1.075182579861111
2025-08-09,71370254.42673612,56417845.19709628,2.4802779764930554,2.1377004930555557,2.160402896319445,1.1424308645833332
2025-08-10,70592903.56180555,55121211.373767704,3.0647156307638888,2.163168326388889,2.4933066606944445,1.091045996527778
2025-08-11,65195850.132638894,50786364.75912342,2.6349668759375,2.205852114583333,2.2508131559027778,1.0106459131944445
2025-08-12,58641142.12951389,44983112.44873389,2.569141928854167,2.129541027777778,2.230726200416667,1.1369652465277778
2025-08-13,62162667.360416666,50956872.70011392,3.424885348159722,1.9660857743055555,2.78835338625,1.11242825
2025-08-14,68251396.2048611,54764823.30309309,4.110216245972222,2.3135794444444446,3.3132727885069446,1.0560485451388888
2025-08-15,66488809.15833333,49371655.005921096,2.8658664006597223,2.368337208333333,2.6793993690277778,1.1252382256944444
2025-08-16,66210582.94756945,48229290.33624286,2.1861564697569444,2.552169104166667,2.1229004319444447,1.2355500694444443
2025-08-17,64608752.62256944,49027556.29767278,2.0985810963541667,2.4166579131944443,2.135479153888889,1.1651810277777779
2025-08-18,63665301.418055564,46531321.95435575,2.267231310902778,2.4035004513888887,2.2306350626388887,1.0844623229166668
2025-08-19,66383437.815625004,46932604.04602888,2.2156424548958333,2.393045628472222,2.2195184783333333,1.0880254895833332
2025-08-20,69367209.12013888,49344223.99803704,2.2997785671180555,2.3952153993055556,2.372420823576389,1.0635483715277778
2025-08-21,67406426.2170139,48371074.24646055,2.430993091111111,2.701027253472222,2.4193948363194444,1.0499165277777778
2025-08-22,66496264.03993055,49225628.419783734,2.777005514826389,2.378632083333333,2.7274779793055557,1.123378638888889
2025-08-23,67341769.640625,53172241.25560878,2.925442206111111,2.1998141145833334,2.6072404556597224,1.1407334131944444
2025-08-24,66746097.36215278,52375145.194218926,3.404572521875,2.2360551493055554,2.999257961527778,1.0819528541666665
2025-08-25,66745477.485069446,48985556.266655736,3.380514045347222,2.496430704861111,3.097220975659722,1.0612615763888888
2025-08-26,71145518.43333334,49773776.59013376,2.1996326898958336,2.1617862083333335,2.3223395327083334,1.0338665590277778
2025-08-27,74683958.34375,52462249.45956738,2.0495381323263886,1.9744933784722223,2.046828764340278,1.0504733125
2025-08-28,72867002.49583334,52049556.89633461,2.059041549201389,1.9694446180555556,2.0501121464583334,1.1882048298611112
2025-08-29,71530179.1905263,50178198.17176784,2.386503497789474,2.0820087087719297,2.2832475630526314,1.0472562842105264
2025-08-30,72915453.84027778,51199655.24016505,2.086171539861111,2.1907071145833332,2.125774986041667,1.2089963645833333
2025-08-31,72752327.39444444,51395620.08341643,2.2712217039583336,2.1288279618055554,2.2625348468402775,1.2126749756944444
2025-09-01,69759249.83472222,47921439.7532555,2.1805117717013887,2.0294269375000002,2.1374475019444446,1.1577509444444445
2025-09-02,65328445.17326389,45326637.54551583,1.9740132586458334,2.030948652777778,1.9756957736458334,1.0688705763888888
2025-09-03,62170479.68055555,44552998.345893145,2.5731161677430556,2.0253809791666666,2.3746679768055556,1.2305197604166667
2025-09-04,62802503.96215277,43914723.28674782,2.8011992190972226,1.9820532986111112,2.5949039636111113,1.0119704618055556
2025-09-05,63187248.79965278,44774398.26191859,2.4049002428819444,1.9896558958333332,2.324962967083333,1.2716101840277778
2025-09-06,61850938.86770834,44218886.947262526,2.9043064138194445,1.9554029444444443,2.5770696773958335,1.1437260451388889
2025-09-07,60825663.733333334,43680367.59559214,2.8629625834375,1.9672655833333335,2.6058797677430556,1.2477784375
2025-09-08,60209274.86909722,44436292.24245166,2.6471930569444444,1.861637284722222,2.387908562152778,1.1695712916666665
2025-09-09,62048217.222222224,47403533.13640678,2.7884128040972223,1.6852331145833332,2.403564778958333,1.1464746770833334
2025-09-10,59389154.229166664,45805596.28128883,2.953736224861111,1.89820890625,2.624215991076389,1.0977098055555556
2025-09-11,58598634.06493056,45818243.31735655,2.8534177872569444,1.9770044375000002,2.5191018492361112,1.1018730034722222
2025-09-12,60070965.51145833,47269851.25691159,2.8498211421180555,1.9992004756944444,2.447549486701389,1.1244457395833334
2025-09-13,61591520.42222222,50335157.813457355,2.9498637318750003,2.1515982395833335,2.4378984003819446,1.2068043055555555
2025-09-14,62024017.40625,49392646.65674127,3.150629393298611,2.2830549479166664,2.5543953636805554,1.0909572569444446
2025-09-15,63164325.13159723,48012842.15619151,2.5620461527777776,2.2965885590277777,2.2452293894791664,1.0823974201388888
2025-09-16,65636643.96631944,49792978.9354003,2.2427106750694445,2.2236367569444444,2.030919319548611,1.0916111597222222
2025-09-17,66587894.89756945,51804649.21137298,2.6382249810069442,2.198845236111111,2.2424308680555556,1.2078434097222221
2025-09-18,67459865.36215277,55383412.296704836,2.8579645845486112,2.111016201388889,2.2122618871180553,1.14055378125
2025-09-19,65846927.78819445,53838114.85287103,3.1356500408680557,2.086134392361111,2.410229591736111,1.1251475520833332
2025-09-20,62121592.51736111,49946644.1728555,3.0990001870486115,2.1413823125,2.604450095972222,1.225592986111111
2025-09-21,61936781.66909722,49358733.932538465,3.069581643125,2.0812733020833334,2.6835259270138887,1.0781475277777777
2025-09-22,59076672.233333334,42217653.60020362,2.7199028352083334,1.9748659513888889,2.4510875621527775,1.0856362118055556
2025-09-23,58064362.72361111,40564316.90481175,2.2654113496180557,1.8800255590277777,2.1667321660763887,1.0997118368055556
2025-09-24,58775492.890625,40870937.63788287,2.2206474517708332,1.9381231770833334,2.1146587963194445,1.201848423611111
2025-09-25,62210324.553124994,41314665.56976082,2.238323408784722,2.0408936631944443,2.109541109618055,1.168053625
2025-09-26,63572392.47326389,41564271.911090806,2.332552407118056,2.1202235590277776,2.214290692395833,1.1739546944444443
2025-09-27,60334889.221875004,40395658.845670044,2.243220454930556,1.9711083993055556,2.135366127916667,1.2107839097222222
2025-09-28,59839012.78680555,39825252.30738993,2.419639803298611,2.00149734375,2.1751291794444447,1.20542484375
2025-09-29,59643378.10902777,40224829.19363393,2.383795593125,2.004931659722222,2.2067873851041666,1.1731292361111112
2025-09-30,61941623.45451389,41146901.69133308,2.211099233194444,1.8836768541666666,2.0912522100347224,1.1873096979166666
2025-10-01,60733301.14548612,41642741.72732655,2.2955075068055555,1.9715185486111109,2.1398708761805554,1.1748924444444446
2025-10-02,58904614.104166664,42688048.630327545,2.2365105252777777,1.8733284409722222,2.008512176388889,1.1748425381944445
2025-10-03,57001605.126041666,42129885.10010442,2.7460886410416667,1.9530014791666668,2.2815730731944446,1.1965513680555555
2025-10-04,54977524.11215278,40026405.555791184,2.8551248659375,2.07886465625,2.414217333680556,1.2322906388888888
2025-10-05,53718287.425347224,39353970.66861954,2.5863520598958334,2.047804857638889,2.239821360277778,1.2469286909722221
2025-10-06,54124596.677430555,40244375.57974043,2.4956596524305557,1.8076602534722221,2.1473500886111108,1.2175089583333334
2025-10-07,56486798.766319446,41388137.37877805,2.810293348402778,1.7228690625,2.3625175617708334,1.1706480590277777
2025-10-08,57543024.35104167,41430159.03989329,2.5648823427430556,1.5734344791666668,2.2543495805555556,1.2128055486111111
2025-10-09,55968854.99548611,39434831.4116839,2.645373902673611,1.629231920138889,2.184571987013889,1.0793769409722223
2025-10-10,53751273.07638889,36540211.98342879,2.6960330190625,1.6826192465277776,2.2557720943055557,1.0996037465277777
2025-10-11,40253757.744791664,19348330.824885815,1.7989677233333334,1.28454078125,1.676349708923611,1.056716965277778
2025-10-12,40725484.48611111,19108800.18648242,1.6867930682291667,1.3486144583333333,1.5846720125694445,1.146951045138889
2025-10-13,42565307.40138889,20766411.34395773,1.7284514454513888,1.7368778645833334,1.5678681665625,1.0266913368055555
2025-10-14,42514121.60243055,20233172.042548906,1.781534834340278,1.8245365069444444,1.5273607652777779,1.1339437118055555
2025-10-15,42662134.536805555,20124665.614761174,1.741875326111111,1.5876927048611111,1.5212927522916668,1.1331753472222221
2025-10-16,43378910.945486106,19470911.47926276,1.8432584923958335,1.3962001979166667,1.6437903503472222,1.1247002395833332
2025-10-17,45944187.0125,19269868.115946367,1.8791542018402778,1.3252657118055557,1.7147720778125,1.089712111111111
2025-10-18,45150523.05,19143944.460457727,1.8870448434027776,1.3187565138888888,1.7382062994791667,1.2101210694444444
2025-10-19,43207384.39513889,18732746.02828477,1.7145131631944444,1.268990236111111,1.5925322659375,1.1652462986111112
2025-10-20,42198491.95,18878108.242907997,1.6066553786805555,1.095294361111111,1.4974481617708333,1.1564590659722223
2025-10-21,42022431.139236115,18606019.010408822,1.5685203944097221,1.1332382916666668,1.4572237580902778,1.0952613055555556
2025-10-22,44355676.38333333,18999943.23856114,1.6813100789930555,1.1398753506944446,1.5568670558333333,1.1306166041666668
2025-10-23,43344827.124305554,18573458.49572621,1.755174443888889,1.25453659375,1.6054436996875,1.1942336944444445
2025-10-24,41511862.367361106,18277248.41533776,1.5737639342361112,1.1746446284722223,1.4456461153472222,1.1397973645833333
2025-10-25,43592971.18368056,19397882.30255238,1.7298760677777778,1.1211386215277779,1.52350948875,1.252836857638889
2025-10-26,44234568.36111111,20080686.848263744,1.6709278644444445,1.1004618680555556,1.4678413435069446,1.45008996875
2025-10-27,43908113.98472223,20307858.15134374,1.5334319613194445,1.135678232638889,1.3791768825000001,1.1530246666666666
2025-10-28,45767707.51319444,20608240.5956306,1.5753569340972222,1.1446791458333334,1.4614920640277778,1.1856330972222222
2025-10-29,48018321.782291666,21200052.1429895,1.58302737625,1.1742162743055555,1.4896839274652778,1.2044483368055556
2025-10-30,51315728.04270833,21387103.398430776,1.6981548340972223,1.1633265416666667,1.5620923284722223,1.0887759652777778
2025-10-31,56042408.30798611,22427546.757685237,1.4654695429166666,1.2468285520833333,1.373379668263889,1.128302767361111
2025-11-01,56722698.389583334,23103589.84851465,1.3807404310416667,1.2471422430555554,1.304151969548611,1.23368759375
2025-11-02,55332715.726388894,23073718.25704628,1.4997261962847221,1.2455798298611112,1.3608627825694444,1.117881513888889
2025-11-03,58749123.98680556,22106895.144753437,1.6973400702430554,1.3046649548611111,1.472153137361111,1.0366802743055556
2025-11-04,61700901.070138894,21698470.70792798,1.662338949826389,1.4592485729166667,1.4116449447569446,1.0352958333333335
2025-11-05,62170756.98020833,22236527.633984294,1.7592144799305556,1.7011164965277779,1.4756963266666667,1.0864910347222223
2025-11-06,59841698.01319444,21698247.167504933,1.9152503180208333,1.718660482638889,1.6692087906597222,1.1184946944444443
2025-11-07,57935929.15902778,22854443.28448827,1.9958136353472224,1.7902782013888892,1.806975248125,1.0713839375
2025-11-08,54925540.60729167,23268711.783387173,2.1490751567013886,1.8249945590277779,1.9034331061458332,1.1355010381944444
2025-11-09,55000222.907638885,23027761.029639628,2.1611979343055556,1.8289763125,1.9299911093055557,1.1795295243055555
2025-11-10,53304020.586111106,23216955.420954045,2.075036561111111,1.5200862499999999,1.9275267018750002,1.1782753125
2025-11-11,52674750.41736111,22471715.411779378,2.073297471666667,1.5202111840277779,1.9396405472916665,1.1309318020833332
2025-11-12,52520582.60763889,21630760.882200513,2.0796914510416666,1.7193583888888888,1.982001610173611,1.1153565138888888
2025-11-13,54610752.81458333,22098410.027537182,2.072042660798611,1.6221481319444444,1.9691074301041667,1.0657475104166667
2025-11-14,56993224.57361111,21911877.975585166,2.1867014275,1.846390215277778,1.9636017009375,1.02747021875
2025-11-15,55476573.642013885,21719420.875789706,2.184661633576389,1.8074205763888886,2.0088559394444445,1.182999826388889
2025-11-16,54497793.152777776,21048439.746314652,2.3069463056944444,1.6887496458333333,2.103754251805556,1.1170417534722223
2025-11-17,55324771.327083334,21026226.10105587,2.1534711443055556,1.792580951388889,1.9187922146180556,1.0962455520833334
2025-11-18,53358862.797916666,20109301.631468277,1.920028348125,1.7860082430555555,1.6823062140625,1.1363490486111112
2025-11-19,53853140.86805555,20138247.324793547,2.0296639807986114,1.8641134375000001,1.7582494325,1.1084481597222222
2025-11-20,53614589.57604167,20218125.29022237,2.0405369680555556,1.8887751840277778,1.740108562048611,1.1608628263888887
2025-11-21,58772494.70069444,19366045.47937927,1.8050116623263888,1.5197295833333333,1.5823486832986111,1.0385592673611113
2025-11-22,70961855.67777778,21296809.522923052,1.4358779834375,1.3768385243055556,1.3163861097222223,1.0791404479166666
2025-11-23,68653012.70104167,20940021.06119632,1.4713422752430556,1.5408945381944443,1.357470044513889,1.1159406944444443
2025-11-24,66289574.98229167,20604745.35390939,1.3448770144791666,1.4528120659722221,1.2499449385763888,1.1229886527777777
2025-11-25,64032552.246874996,20337439.133001473,1.2747399067361112,1.4666911041666666,1.1542755089236112,1.0666090937500001
2025-11-26,63309338.44409723,20239995.330132786,1.2166828737152777,1.4397724583333333,1.106186915486111,1.128802079861111
2025-11-27,62922461.23611111,20919619.47332888,1.1733838733680555,1.4589820104166666,1.0688776927430554,1.0505533854166667
2025-11-28,61237658.31458333,20321856.520043433,1.2074925821527778,1.5332998125000001,1.1029439449305556,1.1101872048611112
2025-11-29,59733408.853125006,19655167.80372738,1.2096038407986112,1.6289394722222221,1.1124235723611111,1.1561631631944445
2025-11-30,60345264.92743055,19620511.67113055,1.2380127265277778,1.5456412152777779,1.1450583376736112,1.1035103958333332
2025-12-01,64375572.99722222,18638686.99097486,1.272347169652778,1.431725670138889,1.1291440999652778,1.0770309652777776
2025-12-02,66684666.37916667,19931011.55903436,1.1244497193402778,1.5492850868055554,1.037622810138889,1.1198850729166667
2025-12-03,65113509.00590278,20922594.856249306,1.193287786701389,1.6019825277777777,1.0808882377430555,1.1779421875
2025-12-04,63468661.509375006,20620616.53605095,1.2792388180208334,1.5003931180555556,1.1367168473958333,1.1115381493055556
2025-12-05,62457732.938194446,19540420.494274065,1.3097103528472223,1.390281378472222,1.1693742223611112,1.0968102222222222
2025-12-06,62456906.204166666,19142316.72017816,1.2369283619791667,1.3049745,1.1285714889583334,1.2051148506944445
2025-12-07,62203049.41597222,19398116.276420068,1.336501401875,1.3225728680555555,1.2385396008680556,1.1961163020833334
2025-12-08,65885161.69618055,20993335.09514337,1.4422210231597221,1.3808685069444444,1.34384573875,1.1666983125000001
2025-12-09,64672501.276041664,21015932.78834571,1.7894654393402776,1.4273419930555555,1.6045656823958334,1.1494107500000001
2025-12-10,64258065.540625006,21347414.58410733,1.9626010472916668,1.4031029930555556,1.7459660713541667,1.101953940972222
2025-12-11,65722655.501041666,20285031.107454296,1.8545526389236113,1.3654555381944444,1.6454502445833332,1.094983517361111
2025-12-12,66344513.261805564,20611112.253042415,1.5399579415625,1.3234522916666667,1.3734603622222223,1.2411198958333332
2025-12-13,66646968.165625006,20840712.287824165,1.523147497048611,1.2490198194444444,1.3676586432638889,1.2116132187500002
2025-12-14,66608970.69861111,20420722.55735511,1.6754038754861111,1.2079023159722224,1.4951466048611113,1.2214447118055556
2025-12-15,70629935.64791666,21290724.588618953,1.4841015009375,1.2082085659722221,1.3374264919791665,1.1186685416666666
2025-12-16,69557615.16076389,20230416.76117715,1.3802224478819445,1.3092617743055555,1.2496237854166667,1.1443656736111112
2025-12-17,70742761.96666667,20218931.68494139,1.2661991882291668,1.27000328125,1.1628104859375,1.1426800833333333
2025-12-18,73456698.53715278,19889094.193825666,1.1498835111805557,1.1797393680555555,1.0520809858333333,1.1700295590277776
2025-12-19,75932409.63298611,20523032.937344376,1.031494672326389,1.195474954861111,0.9717105539930555,1.1388785416666667
2025-12-20,74815386.82916667,20907776.742406115,1.0190221145833334,1.281226079861111,0.9391303431597221,1.2978323472222222
2025-12-21,73243142.24027778,19966200.974295333,1.0398290455208334,1.358079361111111,0.9402955440972222,0.9938131979166668
2025-12-22,73388493.76979166,20145823.927604124,0.9828717444444445,1.3657481354166667,0.9070722089583333,1.2221640659722222
2025-12-23,75540571.96631944,20310283.813976884,1.0120831660416667,1.2939188125,0.9132320385763888,1.2360196145833333
2025-12-24,76491941.05555555,20231839.919276737,1.0111218324305555,1.2855646666666667,0.9154180852777779,1.18949040625
2025-12-25,80474091.25277777,21081673.00903482,1.0291285260763887,1.3528883090277777,0.9405341277430556,1.1247164791666666
2025-12-26,79446708.25486112,21027534.841980428,0.9941866204166667,1.3718203472222221,0.913249505173611,1.3887567534722223
2025-12-27,75883243.94652778,20665244.771332774,1.0596653872569446,1.4397867569444445,0.9638579584027779,1.3341865104166668
2025-12-28,73026667.03125,20105549.796838116,1.1257322278125,1.5069444513888888,1.000518940173611,1.1612853993055556
2025-12-29,73212439.01805556,20158233.7280461,1.1539469599652776,1.468381375,1.0195010223611112,1.2043022152777778
2025-12-30,73447752.76284723,19912046.206791636,1.1686966948263888,1.4059018090277777,1.037139973298611,1.33661190625
2025-12-31,72066757.52569444,19335329.92266647,1.1790915711805556,1.4996459409722223,1.049822420625,1.2514162430555555
2026-01-01,73172768.83888888,20282161.042389646,1.2074318130208335,1.5737543958333333,1.0661123002777777,1.1862292534722223
2026-01-02,74395303.59097223,22261316.483454544,1.6017715,1.5836707638888887,1.4042828796875,1.145185076388889
2026-01-03,74327369.12812501,22786677.542031065,1.7381970333333332,1.584762625,1.5310189642361112,1.2792794861111112
2026-01-04,72026952.1267361,22803553.298836306,1.7944579370833336,1.5187761944444444,1.6037129451736112,1.1021226666666668
2026-01-05,72102269.76319444,23100184.299697757,1.6921648280208332,1.50728384375,1.527201620763889,1.1531392291666667
2026-01-06,72660146.7795139,23841271.379259687,1.710230293125,1.4220364340277778,1.5241395544097223,1.2354665173611112
2026-01-07,73767043.43472223,23734318.725993913,1.5890936639583333,1.3799474375,1.3900415977777778,1.162749815972222
2026-01-08,74131685.05451389,23255978.953249767,1.6140909797569445,1.3624539583333333,1.408201738125,1.1485442743055556
2026-01-09,70697053.34375,22294688.33942487,1.67614119375,1.4227467638888889,1.4868476226736111,1.1592049583333333
2026-01-10,68887896.91805556,21953766.403407123,1.598098987638889,1.5603633645833335,1.4479393903472222,1.3196091805555554
2026-01-11,72057216.02430555,22986573.8932566,1.650160359409722,1.635647375,1.4977616747222222,1.2597703368055555
2026-01-12,74270584.30659722,23491082.829090666,1.5918692494444444,1.6865691319444442,1.4576506277430556,1.0944289791666666
2026-01-13,77798994.84062499,25997917.986031253,1.3545963840625,1.7414568020833334,1.2646903924652777,1.07495225
2026-01-14,85870215.62118056,30845464.867184035,1.7962542320833335,2.026058704861111,1.6011127814930555,1.2118416145833333
2026-01-15,84388808.04097222,29405823.802098848,2.0261193922916667,2.2912613194444442,1.7836875379861112,1.2667936458333333
2026-01-16,82344106.19062501,27778706.990678128,2.1540096791666667,2.4766892361111115,1.8802956280208332,1.1716886944444445
2026-01-17,82125640.70208333,28506673.235938642,1.8537774826388889,2.490613454861111,1.6696878747569446,1.2529599618055556
2026-01-18,81617588.4548611,27848787.169798914,1.8792152702430558,2.549895621527778,1.6748563874305555,1.3110149930555555
2026-01-19,79380328.00104167,24777412.268535074,1.7367478305902777,2.3323170208333335,1.4693181038194443,1.268267190972222
2026-01-20,81206398.66840278,25125593.134692393,1.6695875305555556,2.3841238576388886,1.424849460486111,1.08172403125
2026-01-21,81537514.66597222,25197679.894098155,1.6106007938888889,2.447616513888889,1.4002524031249999,1.1661908854166667
2026-01-22,79807020.32118055,24932150.58582575,1.5941560524305556,2.492314069444445,1.369194672986111,1.3189363715277778
2026-01-23,79456423.92881945,24570376.818177268,1.6522913359722222,2.448764982638889,1.3954017052083332,1.267834125
2026-01-24,79612086.25347222,24176392.77628215,1.5098346315277777,2.145912173611111,1.2660375578125,1.5090692118055555
2026-01-25,79059085.76944444,23416024.70355614,1.355441279375,2.0832460590277777,1.1292116106944445,1.315692559027778
2026-01-26,76990091.46354167,22691320.747616988,1.2816525437152777,1.9793561805555555,1.0885483740972222,1.3064462743055556
2026-01-27,79179603.82395834,23498256.292591278,1.3325787497222223,2.058485725694444,1.1354063958680554,1.4878910625000001
2026-01-28,80012951.71736111,23998072.17277477,1.3110093801736111,2.0665808854166667,1.1223278077777779,1.3184388125
2026-01-29,82905304.31215279,23288361.108524412,1.3179128563888889,1.8788683611111112,1.0994898875347223,1.1011379131944445
2026-01-30,83938636.16666667,22244062.50780436,1.2003263001388889,1.4852725173611112,1.0134260417708334,1.2174917881944445
2026-01-31,83814593.60590278,20683475.656134605,1.2416576766666667,1.4764721145833333,1.0254041798958333,1.1455710243055557
2026-02-01,84650979.14548612,19773337.161039263,1.2804737969791669,1.4645657048611112,1.0339532033680556,1.0816424861111111
2026-02-02,85590342.48993056,19657775.02064528,1.362271696111111,1.7093593090277777,1.1082046192013888,1.2061721180555556
2026-02-03,87184209.5451389,19502475.653411362,1.3973565452083332,1.6061998333333334,1.1261758160416668,1.1665150381944445
2026-02-04,92503403.32083334,20458622.715665713,1.3418804277777778,1.5351023611111112,1.1022928841666666,1.124185597222222
2026-02-05,93183008.03506944,19038463.656607427,1.3884069436458333,1.4761940590277778,1.137885414375,1.0599797083333333
2026-02-06,94487956.47638889,17413647.213507764,1.1579689108333333,1.4823350972222222,0.9637218555208334,1.09821809375
2026-02-07,96755139.86250001,18850869.56550623,1.1406447748263888,1.4628880555555555,0.9142482042013889,1.0541808333333333
2026-02-08,95584765.39201389,18451300.457982227,1.1367678939930554,1.423815097222222,0.9167578461458334,1.2198427916666668
2026-02-09,93900623.20347221,17680056.856131338,1.13228073875,1.466842017361111,0.9156351076041668,1.270701204861111
2026-02-10,95404291.66666667,17546006.82962081,1.126313564548611,1.4251701770833334,0.8985718869444445,1.2049678958333334
2026-02-11,94790286.15486111,16943559.966158763,1.1051774468402777,1.4719499131944445,0.8828469123958333,1.1584762222222222
2026-02-12,93612129.03402777,16942564.066661563,1.068521976111111,1.455523920138889,0.8703626011111111,1.123031111111111
2026-02-13,92107599.8576389,16970431.698168498,1.0587559163194444,1.3957681493055556,0.8668766658680556,1.30931346875
2026-02-14,91183875.88194445,17691895.74950984,1.0972270907638888,1.3995842743055555,0.8756522291666666,1.1585706354166667
2026-02-15,89629544.19305556,17213171.57842453,1.1099662784027777,1.3914974305555556,0.8730219396875,1.2826765381944445
2026-02-16,87400247.78090279,16459622.20636396,1.098081220590278,1.3642458402777777,0.8738152717013888,1.19517046875
2026-02-17,86195149.62534721,16184964.030806594,1.0972055057986112,1.3128964895833333,0.8675593475694444,1.4240378472222224
2026-02-18,89043446.16215278,16226557.584205545,1.0573586738194445,1.309337982638889,0.8467061096180556,1.2905184861111112
2026-02-19,144463244.22847223,20837109.865864143,1.1408861502777778,1.3432101215277779,0.9987079794444446,1.0621598958333331
2026-02-20,199671060.296875,25938355.183168266,1.2700179058680556,1.2770678506944444,1.1572394839930555,1.0829798333333334
2026-02-21,185631628.57256946,24159930.994731292,1.3174323909722223,1.3595404583333333,1.2012227053472222,1.150313670138889
2026-02-22,187419846.22118056,23230772.49219384,1.3649577475694443,1.3248562847222223,1.2234114807291665,1.276791125
2026-02-23,181074057.34756944,21788064.183342118,1.204992601111111,1.2108526388888887,1.0544018440972223,1.1440443819444444
2026-02-24,183347246.61944446,21540163.117709544,1.2269040646527778,1.2317388090277777,1.0751824275694444,1.1659737118055555
2026-02-25,182501897.825,22231806.551955666,1.2220124859722223,1.23695103125,1.0873938925,1.1506208194444445
2026-02-26,174536707.81180558,21277154.161383156,1.193757874861111,1.351086923611111,1.0089711432291668,1.1664364652777777
2026-02-27,165504122.36562502,20106251.72496436,1.2242736459375,1.3448809236111112,1.0248622770833333,1.1398498194444444
2026-02-28,160150282.9673611,18493207.47139053,1.2209183072916667,1.279558340277778,1.022065848125,1.2165070486111111
2026-03-01,156944564.48472223,19261325.970709708,1.1523265598958334,1.336699548611111,0.9433235844791668,1.1788027916666666
2026-03-02,152165626.66909721,18881374.084745925,1.1964366430555555,1.4007639548611113,0.994622995451389,1.1189060868055556
2026-03-03,149948158.50243056,18756246.63241205,1.2393848202430555,1.4545424999999998,1.0153778331944445,1.2053677951388888
2026-03-04,148692313.0611111,19112612.58981234,1.3078794970138887,1.5850794618055555,1.0751572913541667,1.2461780659722224
2026-03-05,145487222.54201388,18513207.198983546,1.2967860718402777,1.6616384236111112,1.044572501597222,1.2387383993055556
2026-03-06,142446287.68368056,17596893.000830144,1.2966325010069444,1.7142423020833333,1.0363087926388888,1.36924228125
2026-03-07,137813178.21875,16349279.91906143,1.33469874625,1.6604861076388888,1.0729603896875,1.3732720243055556
2026-03-08,141197608.72847223,16266005.772805383,1.318226576875,1.634037965277778,1.0633028588888889,1.3516261979166666
2026-03-09,138886433.60729167,16435807.944521673,1.313712542638889,1.4883826979166668,1.0961758671180555,1.3015203888888889
2026-03-10,137141164.47534722,16509810.112880979,1.3186111132986111,1.5478414097222222,1.092542777534722,1.3506540347222222
2026-03-11,139832352.28402779,16740192.997430794,1.2887093378124999,1.413463204861111,1.0423369599305556,1.3698982395833332
2026-03-12,140486133.8003472,16666743.802308884,1.3140590271527777,1.5409139583333333,1.058021916076389,1.2866332638888889
2026-03-13,141767890.4986111,17616889.26837043,1.2836083296527778,1.630147809027778,1.038752026597222,1.3185567395833333
2026-03-14,138418157.3951389,17041627.92468816,1.4250680095833335,1.7469476284722223,1.1753614749652777,1.928813861111111
2026-03-15,139589120.47256944,17650155.217382208,1.4442572920833332,1.5944034826388889,1.2017472094444444,1.3181644027777777
2026-03-16,139269526.74583334,18343787.250667684,1.40247515875,1.6080368854166667,1.1652410969444444,1.3004173715277778
2026-03-17,134597022.0125,18219141.8734533,1.3824938897916668,1.7391576805555555,1.1265069518402777,1.252495638888889
2026-03-18,129762990.96319444,17052554.723219447,1.3964806136111112,1.8551850104166665,1.1486431561458332,1.168750923611111
2026-03-19,126494293.25381944,15469802.085137729,1.3676871111805555,1.8389355937500003,1.116374856111111,1.3008307430555555
2026-03-20,128534769.40520832,15896119.736115966,1.3347116228472222,1.7181284722222223,1.086253818159722,1.429807204861111
2026-03-21,128380041.2857639,15733031.003534615,1.4638394257986111,1.712601704861111,1.1911007239930556,1.8810430243055558
2026-03-22,131812186.12847222,15357367.77915491,1.1883994803125,1.51381421875,0.9643012392013889,1.2638541840277777
2026-03-23,133572404.98090278,15355844.210797654,1.0668519589583334,1.5568296770833332,0.8780519451736111,1.2281525520833334
2026-03-24,139981283.04895833,15821348.582381666,1.0378276460069444,1.5045935555555556,0.8554468545833334,1.2287688506944443
2026-03-25,140861954.190625,16009851.382106036,1.042716596388889,1.6046975104166665,0.86447303875,1.2170727083333333
2026-03-26,147046805.26180556,16141972.338925652,1.0566783923611112,1.5201990868055555,0.8684262406944444,1.4600037291666665
2026-03-27,145919729.47916666,15513410.92844675,1.041623934236111,1.611731440972222,0.8639524831944444,1.5474678541666667
2026-03-28,142858611.8295139,14872965.95437129,1.042694539236111,1.697394548611111,0.8792069396875,1.6324225625
2026-03-29,143062573.26597223,14616805.19691224,1.0457920696874998,1.5091306666666666,0.8722354178472221,1.6921558368055556
2026-03-30,142364099.55972221,15193411.882825311,0.9983929177430555,1.4358496180555556,0.8505516403125,1.487700138888889
2026-03-31,139717380.95243058,15234815.646791577,1.1633607653819444,1.6193833993055557,1.0118038377083334,1.4030388263888889
2026-04-01,134661802.9048611,14956824.886923846,1.3058008492361113,1.5463274618055556,1.1580920552083334,1.4624041180555556
2026-04-02,128775059.55000001,13756692.35942665,1.323602249375,1.5485502604166668,1.150289927673611,1.3613086041666667
2026-04-03,125586162.77118056,13738787.834024783,1.3659598464930556,1.695921875,1.2018035680208332,1.5044016770833333
2026-04-04,125140995.10312499,13752542.271007262,1.6646813177430557,1.7639663055555554,1.4542208244097223,2.0876582881944445
2026-04-05,124756022.85555556,13434721.514105745,1.5663900513194444,1.791792736111111,1.3504930453472221,1.3753916041666665
2026-04-06,124487628.8236111,13982029.701388203,1.538481237673611,1.8020123819444445,1.314208832638889,1.4996126597222221
2026-04-07,123713033.21493056,13621979.395888655,1.627589912465278,1.8532707083333335,1.4061839858333334,1.5304823402777776
2026-04-08,127274545.72638887,14986566.65506704,1.6110228314930555,1.8121187986111111,1.3580385298958335,1.4753208263888888
2026-04-09,126651915.46631946,14372545.729885139,1.8013987448611113,1.8897125868055555,1.5271767863194445,1.3318484652777778
2026-04-10,126557109.53229168,14535910.917449998,1.7270653905902777,1.8787103749999998,1.4177166300000001,1.5047285208333332
2026-04-11,127968454.58541666,14475139.537092889,1.5798733006944445,1.9652279513888888,1.2795874514930556,1.3261512569444445
2026-04-12,129846974.9079861,14128105.538824134,1.2924702664930556,1.8464625138888888,1.0402386966666668,1.1542069340277779
2026-04-13,133892168.64652777,14520902.633432986,1.0818702932291666,1.8067511006944446,0.8906644244097222,1.2672736076388889
2026-04-14,132862638.28645833,15046152.484544966,1.2415595212847221,1.9592709270833335,1.006440996736111,1.6035338784722224
2026-04-15,134041704.49618056,15508317.46560001,1.4222281631597222,1.9606044583333333,1.1566941814236111,1.4003756284722222
2026-04-16,132969548.3142361,16638380.79481236,1.9423028803125,1.695883888888889,1.6506408057638888,1.199216815972222
2026-04-17,128544317.5625,17005545.63683818,2.163537594791667,1.6886957916666665,1.813290578923611,1.27169871875
2026-04-18,128471347.60555556,16663284.78782257,2.1365265169444445,1.7171832951388888,1.7499722765624999,1.2755517256944444
2026-04-19,130689119.30347222,16149735.223799117,2.2765339958333333,1.5885938645833333,1.8505541384375002,1.2739175104166667
2026-04-20,131006457.05312501,16120975.495068438,2.2193758588194448,1.4834057673611112,1.8338519436805554,1.6785976319444444
2026-04-21,128756319.59409721,15828327.021231214,2.139359160972222,1.4764150486111112,1.7654892030208333,1.3658258506944445
2026-04-22,128746050.96111113,16193329.549083518,1.9212359526041665,1.5579479270833334,1.5792343620833333,1.5123184166666668
2026-04-23,132194459.96597221,15820572.91795368,1.5469892473958333,1.6353366597222223,1.233168376840278,1.156130659722222
2026-04-24,132157759.14270833,16186242.55129685,1.4025984822916666,1.6506815798611112,1.1118795830902777,1.5384228263888888
2026-04-25,141020835.49340278,17916776.910439096,1.701354432986111,1.662740576388889,1.4094067409027777,1.4688893090277777
2026-04-26,140997348.9340278,17722382.832257833,2.0367808861111114,1.6131103368055557,1.7228343152430556,1.5237179374999998
2026-04-27,136157838.75590277,16730994.773896579,1.79153062375,1.6693320208333333,1.4363421875694444,1.2919224722222222
2026-04-28,137002562.38090277,16645163.31435643,1.4632526929513887,1.603474138888889,1.1499534770486113,1.4436382638888887
2026-04-29,137144848.59270832,16626443.662686398,1.3930263780902779,1.616116951388889,1.088929992361111,1.160447638888889
2026-04-30,134686614.2798611,16241525.52629688,1.304004842013889,1.5633515243055556,1.0213204188541667,1.3605440104166666
2026-05-01,134399088.44305554,16341278.12650914,1.3235553924652779,1.541186125,1.0641218427430554,1.5719365972222221
2026-05-02,137425932.24236113,16796552.20796506,1.2684721130555556,1.5887167395833335,0.9952322551041666,1.439129986111111
2026-05-03,135114545.01875,16568682.963516971,1.4030945655555556,1.6196169305555557,1.1046461921875,1.6263189479166666
2026-05-04,132378863.7454861,16435165.459018044,1.381164390625,1.6987116875000001,1.098156216875,1.26143278125
2026-05-05,135214146.74166667,17288156.834956482,1.4940121445833334,1.684256,1.1997791241319444,1.3410547569444444
2026-05-06,134702045.80694446,18228336.92521616,1.9671077450694443,1.6496435555555555,1.6265941055555555,1.2086006875
2026-05-07,142212065.87118056,20623540.953950096,2.342785099201389,1.7791258715277776,2.0620461915277777,1.0427729479166665
2026-05-08,146605982.65381944,22665103.206841048,2.4486814646180557,1.7525385277777776,2.1439037333680555,1.0600027395833334
2026-05-09,142184781.10451388,23648925.666312248,2.294117993888889,2.051415684027778,1.9465893905902776,1.1641162743055555
2026-05-10,138149543.06319442,22477498.35089408,2.194637109861111,2.1052591145833333,1.865470457326389,1.2553409756944445
2026-05-11,134668307.74097222,21383092.624630913,2.1546342787152777,2.2225096006944445,1.7375078392361112,1.2624159548611111
2026-05-12,137477259.47673613,21157589.13513775,1.996862804409722,2.2722905104166666,1.5636064798611111,1.308765923611111
2026-05-13,136554450.25104168,20583442.101341948,2.068853575972222,2.3681807291666668,1.611994483125,1.4584544895833333
2026-05-14,137774616.27395833,20080712.82508123,1.8127675559374998,2.371494079861111,1.4060622304166666,1.4580954618055555
2026-05-15,138399756.03333333,19361541.203959767,1.560395875486111,2.3645078819444443,1.1371522841319444,1.2716782361111112
2026-05-16,135285937.47152779,18161516.768126775,1.4974074495486112,2.2670104444444443,1.0986661990972222,1.4337978020833333
2026-05-17,134468399.75520834,17755291.807037994,1.4426872244097222,2.26712396875,1.0704590338888889,1.8231695312499998
2026-05-18,133631883.45937501,17005756.051374376,1.3282576521527778,2.2174247708333334,0.9751898882986111,1.4513953020833332
2026-05-19,135084866.175,17274766.77073272,1.3762462939930555,2.311065378472222,1.0282575689583333,1.5338794513888887
2026-05-20,139114948.403125,17736986.02740276,1.307204891388889,2.1743597083333333,0.9994618722222223,1.5195208854166666
2026-05-21,142268250.9392361,18541752.944355212,1.3053723384722222,2.173632375,0.9910721225694444,1.3290198854166666
2026-05-22,139189956.99895832,18459107.59244487,1.3707168935763887,2.10248428125,1.0426786177430556,1.4330475555555555
2026-05-23,134448673.02534723,16992522.81222753,1.3554576897916666,1.9258262222222224,1.035383538888889,1.48118775
2026-05-24,130698556.38506944,16648356.862323288,1.2545552955555557,1.8983674513888888,0.9531818614930556,1.6377908194444446
2026-05-25,127616306.12013888,16418252.592813045,1.2906898324305556,1.8590991909722223,0.9695230944097223,1.64313075
2026-05-26,127356997.85208334,16552287.504475607,1.3923951814583333,1.9082520729166665,1.055341466076389,1.454733986111111
2026-05-27,124984825.09270832,15911908.673756089,1.4970720289583332,1.9664675416666668,1.138347388923611,1.496302795138889
2026-05-28,120121923.55868056,14221827.963592993,1.3893716647916667,1.6892838506944445,1.0263043729166668,1.1576715000000002
2026-05-29,117496778.00486112,13912645.592482522,1.3810849068055555,1.518805920138889,0.9997810605555555,1.3369903784722221
2026-05-30,116254532.82777779,14069832.462146156,1.3991721385416667,1.5454197951388888,1.0346444588541666,1.6011298993055556
2026-05-31,117006547.28437501,13891947.6159953,1.405121765138889,1.5863389236111112,1.0306056193055555,1.423318795138889
2026-06-01,117068948.36597222,13913961.812631628,1.333498287013889,1.6464798784722223,0.9697101681944444,1.2712445520833333
2026-06-02,115542766.61979167,14006857.54034721,1.5511443955555555,1.522584173611111,1.1595543468055556,1.1786840729166665
2026-06-03,119397763.81770833,14788949.828785859,1.7020871738541665,1.3254993715277776,1.349485599965278,1.176279451388889
2026-06-04,119925725.31840277,13454104.107581638,1.7295882439930557,1.195795763888889,1.3103449116666668,0.9933743819444444
2026-06-05,126104778.37152778,12967892.88916182,1.5271853813194445,1.1290586284722222,1.1489880338541667,1.0298566041666666
2026-06-06,134118313.2388889,12767406.801996248,1.4411984281944443,1.0623659062500002,1.086780239548611,1.1567159513888887
2026-06-07,138258564.83333334,13162147.062606886,1.4196827933680556,1.0988875347222222,1.0769859049305555,1.148315982638889
2026-06-08,137215461.43784723,13331437.896945989,1.3589079530555557,1.152000076388889,1.0150101473958335,1.2496259930555556
2026-06-09,137123194.14270833,13039142.554224622,1.3267201680555556,1.1469506215277778,0.9918040602777778,1.174368357638889
2026-06-10,136298467.86944446,12861047.559632177,1.3523163394791666,1.0496285138888888,1.031813323888889,1.1480053854166665
2026-06-11,137383755.6263889,12884495.672719125,1.2979281020833333,1.070187611111111,1.0040880843055555,1.1216415729166667
2026-06-12,133910130.56145832,13172017.590298012,1.3490768393750001,1.1311623645833333,1.0187584292708332,1.2092419618055557
2026-06-13,129811132.85104166,13747275.931250483,1.6563966222222222,1.106440659722222,1.3515010214236112,1.1964968715277777
2026-06-14,125925222.15034723,13391311.606727924,2.1051989704166667,1.106576170138889,1.8523035201041667,1.4411742604166666
2026-06-15,120139589.89027779,13241546.522318356,2.094822238229167,1.0787993923611112,1.8296815761805556,1.2427029444444444
2026-06-16,117516193.78194445,12679492.4061353,1.8410638764930556,1.0336077118055556,1.5498328158680554,1.3046966909722224
2026-06-17,118380744.73229167,12833321.181951998,1.827682555486111,0.991791607638889,1.5183536039236112,1.2552690625
2026-06-18,118376865.28159721,12700444.878359161,1.8280475391666668,1.0112346319444443,1.5577575514930555,1.2000732430555556
2026-06-19,121493680.13854167,12484486.770862801,1.7435308610763889,0.9538856805555554,1.4488853777083335,1.3399690277777778
2026-06-20,120794757.52465278,12381517.173850846,1.5620310891319444,1.0004349791666667,1.2411982105902777,1.5502054895833333
2026-06-21,121420400.12881944,12449327.424654203,1.4800795972916667,0.9988844791666666,1.160356102361111,1.4954494479166667
2026-06-22,123985233.06840277,12640158.589524142,1.3615991287152778,1.1014606875000001,1.051247002326389,1.4673437326388887
2026-06-23,121121235.31597222,12012623.331885839,1.3823291605902779,1.1340328159722222,1.033241705763889,1.3014456145833335
2026-06-24,115423959.40034722,11650809.463004313,1.5054236586111112,1.19205809375,1.1688929443055556,1.2717610833333335
2026-06-25,112277556.609375,11792505.232291596,1.8995198765625,1.2285039479166668,1.6164210348611112,1.1466227604166666
2026-06-26,113492781.22986111,11933017.911855677,2.1879932094444445,1.2556492291666668,1.899520382152778,2.6301603368055555
2026-06-27,112011617.8,11834027.42057,2.0915493,1.340666,1.84672619,2.752265
