date,oi,oi_value,toptrader_acc_ls,toptrader_pos_ls,global_acc_ls,taker_ls
2021-12-01,78562.75347222222,18587937.45809059,3.470681713944929,0.9790150920854166,3.860762966844692,1.080481891164236
2021-12-02,80093.85912847222,18747417.98584477,3.321403493534948,0.9609529732145834,3.7772103047108265,1.0475579977684029
2021-12-03,77706.24345833334,18320420.485109914,2.9283165152023063,0.9725301274736111,3.2029861663019252,1.261687682328125
2021-12-04,63093.88762456141,12832739.874020537,3.2704579649833314,0.9221854463964911,3.480619099705024,1.1780006229905264
2021-12-05,54250.99672222222,10889282.51675735,2.779278543623779,0.9231934204145834,2.89518047493031,1.1222392568565973
2021-12-06,56123.648149305554,11004536.316391101,2.8283925438652724,0.9335113649062499,2.888464581963187,1.0865982889604167
2021-12-07,56712.48945833333,11523645.792549046,2.557987296952376,0.9102658858097222,2.766143041194704,1.1611678818944444
2021-12-08,53884.936802083335,11288624.879368745,2.231507315422754,0.9230626012600696,2.2915433581859066,1.0614202116447915
2021-12-09,55604.84378125,11068896.089079853,2.8044297785438945,0.9366208819447918,2.948061127079947,1.0616918032958333
2021-12-10,59894.74113888889,11483407.016866889,2.8912138990918415,0.8843975444135417,3.1648262967540965,1.12718273246875
2021-12-11,62076.72426736112,12116913.865255365,2.634234890354709,0.8749075319788194,2.9032956240393455,1.1544598229381944
2021-12-12,59148.457916666666,11619061.20317644,2.5220324898734843,0.8996913723729166,2.7484069189256846,1.3398757129052083
2021-12-13,59769.87173263889,11373372.856722482,2.9125871334588274,0.8824395956940972,2.955476520232285,1.1030853020309026
2021-12-14,57745.82091666667,10594396.019105947,3.393195222063397,0.8974446635875,3.538483634783557,1.17068791090625
2021-12-15,54390.38938675958,10125003.872324817,2.91713835843518,0.9021423889522647,3.0925761174661983,1.299891003144251
2021-12-16,55732.385159722224,10592663.532204956,2.366406772315855,0.9317699243836804,2.5051341289331326,1.146528139345486
2021-12-17,55634.69826388889,10232248.439154664,3.0183656766376443,0.9337611555642362,3.217383215311502,1.1867431280215277
2021-12-18,61702.366006944445,11217389.539727528,2.872948491545676,0.9402545040861112,3.010151393527204,1.242392207526389
2021-12-19,65450.813329861114,11899291.9824961,2.673264722713116,0.9550281308072918,2.8650449479242184,1.0670567566121527
2021-12-20,72201.97863541666,13316316.116104353,2.2224209712223275,0.92025958465,2.3884564191038464,1.1326550898111112
2021-12-21,73251.76248263888,14047088.957723802,1.666898915438941,0.946692257221875,1.7302313501257633,1.13814786041875
2021-12-22,66600.23690277777,12682054.26844395,2.3858016910541533,0.9655314780857639,2.6432252285161337,1.1113616585548611
2021-12-23,67046.62320486111,13524939.478454687,1.532638406221686,0.9809911023156249,1.6654442371596276,1.1610187114500001
2021-12-24,64290.49652961673,13261722.222749472,1.5860357672253134,1.0428088473052264,1.6666295910108806,1.1487295826317074
2021-12-25,64605.27367013889,13645534.33697052,1.4998436822976986,0.9759306550243055,1.6115449752982616,1.1922438493965277
2021-12-26,64618.71689930555,13564793.412353136,1.7272941095412337,0.9820960109010417,1.835963143505226,1.2015900819197918
2021-12-27,79415.720625,18110279.771390036,1.1871868801207313,0.9630389244996527,1.2191757909521317,1.112962017171875
2021-12-28,68197.11768055556,14635639.07097295,2.239143687663521,1.0261239406833333,2.369517258620801,1.21165281463125
2021-12-29,69011.09875261324,14487847.11280869,2.6290248035493287,0.9658535907898954,2.7604384113098974,1.3154499699094075
2021-12-30,79086.12780555554,17446624.226751,1.644391998515806,0.9855706089657142,1.689216548518264,1.0902426608234286
2021-12-31,83778.96317770035,19196241.280830696,,,,
2022-01-01,88227.15276736111,21521162.38164125,,,,
2022-01-02,92913.45936805556,22800095.35245315,,,,
2022-01-03,81846.68911458334,19066740.343972404,,,,
2022-01-04,78083.28626388888,17679355.065497704,,,,
2022-01-05,76188.84052777778,16714124.075965682,,,,
2022-01-06,80777.05197569444,16149161.8720713,,,,
2022-01-07,87316.68339583333,17391729.796088092,,,,
2022-01-08,89126.45819097222,17004174.95522563,,,,
2022-01-09,92597.5657986111,17569865.920120582,,,,
2022-01-10,94376.54779166666,17698559.902291805,,,,
2022-01-11,95373.21011111111,17765157.80528544,,,,
2022-01-12,97209.92976388888,19132663.830236282,,,,
2022-01-13,109462.84755555556,23536360.66688909,,,,
2022-01-14,117573.67759027777,26186776.969250415,,,,
2022-01-15,116461.07575,25881153.003461584,,,,
2022-01-16,109577.39477777778,23838389.9155301,,,,
2022-01-17,106666.83044791667,23744128.80744036,,,,
2022-01-18,104366.48995138888,21427455.321599253,,,,
2022-01-19,108990.34639930556,22371532.62215092,,,2.7935484397386774,
2022-01-20,104901.56141666666,21284893.261938535,,,3.7034768676954197,
2022-01-21,108849.85411458333,19866309.08255808,,,4.794581965725218,
2022-01-22,103062.84437847223,16016521.489348752,,,4.287661274234109,
2022-01-23,104568.56803819444,15969043.88245099,,,4.004057629132462,
2022-01-24,108876.44725,15852795.971482443,,,3.894086184355215,
2022-01-25,103705.35740625,14940615.1612693,,,3.56048754104593,
2022-01-26,102337.12946875,15167401.315041088,,,3.344451646067664,
2022-01-27,94158.31326388888,13566092.374458117,,,3.6555277775856405,
2022-01-28,96623.19890972221,13957308.990717135,,,3.5436489021105473,
2022-01-29,98798.80403819444,14993444.154688707,,,2.8774421864483655,
2022-01-30,94089.64742708333,14265807.679557446,3.068456600069444,0.9098261745138889,2.9922376519444445,1.2850179950347222
2022-01-31,88804.34231597223,12752634.103013743,,,3.923171225551746,
2022-02-01,91346.50875,13282229.824786369,,,3.650918642745294,
2022-02-02,89294.0621736111,13100305.7475399,,,3.3070783067319933,
2022-02-03,96219.58717708333,13847402.835631069,,,3.266790493993383,
2022-02-04,99968.02395486111,15613577.072792398,,,2.215126636395948,
2022-02-05,101764.13211111112,16928858.681276515,,,1.6235353625877882,
2022-02-06,97607.25860069445,16573256.14051807,,,1.546147876041795,
2022-02-07,93899.18575,16691759.236142341,,,1.3828881412298073,
2022-02-08,93526.2353263889,16933233.552580528,,,1.1658811350235516,
2022-02-09,89963.09323958334,16270441.790685704,,,1.356067343933999,
2022-02-10,91849.12284027778,16829537.880009517,,,1.2158478699674118,
2022-02-11,89493.07749305555,15852222.32659362,,,1.5120867672759053,
2022-02-12,91097.25062152778,15473792.779172113,,,1.9549693051397432,
2022-02-13,91849.97834722222,15871148.51143878,,,1.6341556200200964,
2022-02-14,88948.64410069444,15338012.572014144,,,1.6971461311824187,
2022-02-15,91142.28714930556,16272598.000726283,,,1.260590934069926,
2022-02-16,93401.52668750001,16888552.446170125,,,1.2229980520407095,
2022-02-17,91615.0786388889,15937875.710010847,,,1.6912219285369015,
2022-02-18,91818.37918402777,14941455.39666141,,,2.8178943937778618,
2022-02-19,91193.37892013889,14717181.630656721,,,3.0227671524833966,
2022-02-20,92772.33255902777,14346856.852731228,,,3.1755161045906477,
2022-02-21,89072.75821875,13920084.539055133,,,2.9744350523049445,
2022-02-22,97975.07565277777,14346158.411264492,,,3.1654402051584216,
2022-02-23,96074.53603472222,14608073.938892247,,,2.968010700529829,
2022-02-24,95293.92788541666,13350686.996111952,,,3.1679636772436885,
2022-02-25,93655.13613541666,13990491.087363096,,,2.6661456696407506,
2022-02-26,94848.43951041666,14752951.88658428,,,2.1414295556086755,
2022-02-27,92457.67759722221,14334685.823940001,,,1.9186987608647625,
2022-02-28,91113.30005208333,14311076.50713678,,,1.7759532614577749,
2022-03-01,89067.80213541667,15540667.142196188,,,1.1461684865050452,
2022-03-02,91571.95819097222,16240860.542444447,,,1.0203522551983157,
2022-03-03,91866.08042708333,16165792.486859925,,,0.9736435121929095,
2022-03-04,92313.69844097222,15606112.493038135,,,1.2506239660301879,
2022-03-05,90556.68294097221,14442226.466314582,,,1.9315265306610212,
2022-03-06,100217.80335416667,16689075.775033593,,,1.175198193523704,
2022-03-07,60041.866170138885,9488765.191617109,,,1.7952697073578099,
2022-03-08,90625.24484722222,15125286.070354627,,,1.3887140142471477,
2022-03-09,152437.97875694445,29764048.657683276,,,0.5973614306777283,
2022-03-10,126702.15630208334,22214345.427620396,,,1.8174725923546156,
2022-03-11,112258.51201388889,19257233.367135048,,,2.1631586699089405,
2022-03-12,119963.30253819443,21476066.359369073,,,1.599844392890953,
2022-03-13,137004.61716666666,25476180.09854414,,,0.9613440960511083,
2022-03-14,128579.51792361111,23255675.982591655,,,1.3832631495425067,
2022-03-15,120392.14935416666,22140118.08521466,,,1.141403759702083,
2022-03-16,102864.23995486111,19450572.415058997,,,0.9250493430258488,
2022-03-17,98844.07408333333,18610024.821332913,,,1.034928299092008,
2022-03-18,97744.13304861111,18617347.62498574,,,0.9992462461718336,
2022-03-19,97168.87970138888,19046613.790470567,,,0.9606831717755454,
2022-03-20,95347.94766666666,18938298.79049292,,,0.8968737352782062,
2022-03-21,91022.85811805556,17497218.27955341,,,1.1337666585817479,
2022-03-22,87164.69321875,17026187.075118218,,,1.0677535255507367,
2022-03-23,85795.62511805556,16630429.68518395,,,1.1365733878962163,
2022-03-24,88617.65505555556,17713412.456466362,,,0.9674721530067161,
2022-03-25,89129.01582638889,17963453.37462234,,,0.9001704695051731,
2022-03-26,90632.56142013888,18519714.45772605,,,0.8497541113208247,
2022-03-27,90698.71589930556,19012905.446743663,,,0.8649193687951175,
2022-03-28,91615.16249305556,19980714.95728488,,,0.8318508809158636,
2022-03-29,90555.32738194444,20050321.91763487,,,0.8524176858072717,
2022-03-30,86678.27299652778,19076897.10134608,,,1.1423961900846478,
2022-03-31,84934.53198611112,18477752.038223833,,,1.2433278300155568,
2022-04-01,82937.08666319444,17943051.44263772,,,1.1106714757818175,
2022-04-02,80877.32524305556,17711325.789487723,,,1.0960415213949402,
2022-04-03,78996.40576388889,16906979.320502553,,,1.162207359611129,
2022-04-04,79104.38080208334,17064902.554101333,,,1.0716728005411904,
2022-04-05,85869.3362361111,19239924.483688656,,,0.8997113036156436,
2022-04-06,85356.32245833334,18652382.678033125,,,0.8905263447403379,
2022-04-07,97508.98036111111,21513027.611302976,,,0.8364872677266092,
2022-04-08,102547.30572222223,22914634.509978425,,,0.7820429956548057,
2022-04-09,123567.01581249999,28463758.053180367,,,0.7148133383975195,
2022-04-10,142691.25506597222,33853524.5942088,,,0.6624596377855944,
2022-04-11,155116.60385069446,35313514.448620975,,,0.6667944814576283,
2022-04-12,186094.7719826389,44313530.29479626,,,0.5324366583179911,
2022-04-13,170814.6009375,39764749.19809411,,,0.6777273335679811,
2022-04-14,157034.46188541668,36548739.29170415,,,0.718353123061847,
2022-04-15,163285.69103472223,38296158.49564322,,,0.6344060833086591,
2022-04-16,159628.88039583332,37206423.70027182,,,0.6907752412364534,
2022-04-17,164052.74068402778,38945258.85768071,,,0.5774279218027226,
2022-04-18,180182.4639166667,44272131.0994775,,,0.5161200847059813,
2022-04-19,174902.34080555558,45053915.989531465,,,0.5343966635901044,
2022-04-20,170929.72095833335,44348591.05729696,,,0.638662380701165,
2022-04-21,202919.5107951389,56121932.585300356,,,0.42645671130202095,
2022-04-22,208376.35311458333,56928387.8042339,,,0.4609183836989385,
2022-04-23,192930.26924305558,52354822.380918965,,,0.5304824444123206,
2022-04-24,183679.01170833333,47429297.17839828,,,0.6904226719850299,
2022-04-25,171309.5122986111,42512815.56313526,,,0.8771079124866982,
2022-04-26,167284.83858333333,42091332.08180445,,,0.8406347554754006,
2022-04-27,159703.56040625,36397594.50313309,,,1.28100280174076,
2022-04-28,149473.10104166667,34469558.53497914,,,1.3093468595431768,
2022-04-29,138318.53115624998,31502109.94390097,,,1.344426700638886,
2022-04-30,140486.73527777777,31557672.935166936,,,1.2281222866422197,
2022-05-01,126866.08873263889,27512282.221556492,1.562049062049062,0.9627438096999998,1.3321912754825282,
2022-05-02,124057.76603472223,25929982.354732074,,,1.6338807596204619,
2022-05-03,119918.79959722223,24828955.68274963,,,1.627079088372521,
2022-05-04,116856.17311805557,24997366.223868273,,,1.427317631931304,
2022-05-05,107486.81415277778,23257397.99427605,,,1.4600735934591964,
2022-05-06,105599.99770138889,22014999.0989572,,,1.7073746899112028,
2022-05-07,116097.02248263889,24824071.274387017,,,1.2126759170090529,
2022-05-08,115519.13913541666,24282148.62247245,,,1.3906988783282355,
2022-05-09,118261.00502430554,23958642.786992203,,,1.3391506593909162,1.0620574693611353
2022-05-10,99442.97168055555,17489577.565330714,,,2.165580513165652,1.1034782793209876
2022-05-11,101264.82047569443,16001516.607585618,,,2.096445548431881,1.0327387987514287
2022-05-12,82618.18773611111,11172819.707252232,,,1.9161606993827627,1.074726899084375
2022-05-13,76147.95327777778,11185392.281534009,,,1.7681257198981222,1.0903552339333333
2022-05-14,76346.56117013888,11086255.798953392,,,1.7373083808843346,1.1261767944763887
2022-05-15,80617.78169097222,12946918.921896337,,,1.2151719920870978,1.1850977264177083
2022-05-16,85191.9134375,14268678.517735276,,,0.9286528448547546,1.1384812951954861
2022-05-17,86456.59761111111,14785943.361404061,,,0.9429534202255136,1.0852936527871528
2022-05-18,88800.48462847222,14829544.15355787,,,0.9910575276945374,1.231260908201736
2022-05-19,85807.46585763889,13754909.088445142,,,1.1002043243263453,1.149076197404514
2022-05-20,98801.59139930556,16993808.25908564,,,0.8609318731412302,1.1097188173416666
2022-05-21,100602.28660416667,17625432.089128584,,,0.8474520098407435,1.1118284151930555
2022-05-22,98335.24292708334,17580102.880599357,,,0.7528795969863525,1.1327364200902776
2022-05-23,113876.75219097223,21724526.6548094,,,0.4867356629099663,1.1390776184267362
2022-05-24,113396.16473263889,21562071.90269653,,,0.521734270067314,1.1450885327090277
2022-05-25,132327.79268402778,26364067.188424155,,,0.423676307639041,1.1969617140927082
2022-05-26,133536.72127777777,26047977.1348892,,,0.4153502221666397,1.1679145453465276
2022-05-27,122699.95210069444,22611766.198374916,0.4035716162432075,0.9118791161822917,0.4064934421730124,1.1129680300371527
2022-05-28,118038.71078819445,21087158.325970124,0.4536536830040052,0.9271103580572917,0.4874870191714382,1.1446011168846975
2022-05-29,115988.79274305556,20532001.75112391,0.46288752741892086,0.8966903680531251,0.5040829864282041,1.210835856078125
2022-05-30,115784.23519097222,22592608.469510555,0.42508341374055797,0.8644980026663194,0.4621282639097649,1.1547531183947917
2022-05-31,112838.24109375,22534830.060987312,0.5170173697535294,0.9787386737048611,0.5485110273087587,1.203089181784375
2022-06-01,111010.86840277778,21876665.550342858,0.5601675434393352,0.9016072885864583,0.5996951675348664,1.078321406978125
2022-06-02,126730.90384027778,25146362.67515639,0.5633857596761621,0.8424742496677083,0.6255220978798252,1.074701710679861
2022-06-03,125013.30824305554,24452300.744703423,0.6106317700332708,0.8425233540583333,0.6556172347528951,1.1338411027684028
2022-06-04,119734.1492673611,23071637.321496695,0.6194217944441728,0.8461626672559028,0.6726102518207959,1.1731874460788194
2022-06-05,117142.38796180557,22099743.22150191,0.6820188187646096,0.8331705483329861,0.7764643593176994,1.2964972096184026
2022-06-06,111190.32469097222,21279358.240170512,0.6867697221920621,0.8171082934590278,0.8119641751648776,1.1283851888600696
2022-06-07,114173.00876736111,21292996.930783346,0.6519525424987014,0.7987355956756944,0.7192110576761139,1.180196127986111
2022-06-08,115061.28225347222,21353665.703414008,0.703032335854293,0.7824587792913195,0.7780775648752531,1.2189788216239583
2022-06-09,116454.9345451389,21655219.75826653,0.6972211237185149,0.76488116475625,0.7887143296534349,1.2495826817211806
2022-06-10,117787.07170486111,21166485.79986553,0.7690391179184903,0.7341185153322917,0.8385452690683142,1.161920430545139
2022-06-11,120440.34663541667,20599357.926536087,0.8267258780869432,0.7188718925840277,0.8731969793989406,1.1818128390826388
2022-06-12,125409.90825694444,20142421.103971068,0.9138157491008762,0.7296293990694445,0.9330240668970351,1.2303289653163194
2022-06-13,120943.32449305557,17352146.354966354,1.0405478282460965,0.7212658205569444,0.9993476126872677,1.051653200878125
2022-06-14,125545.54319097224,15445458.572118381,1.4522728527791329,0.7747203646402778,1.4498976661314658,1.028595386265625
2022-06-15,130460.28206944445,14693570.971553916,1.4672178293585931,0.8473318187569444,1.3853744026650359,1.1219589779503472
2022-06-16,129570.89066666667,14258871.262527071,1.6206800719622925,0.901411839928125,1.610755939108486,1.055313388501736
2022-06-17,139622.12458680556,15750058.130080193,1.3172417705536588,0.8685751359496527,1.3568778364568532,1.1229654042777777
2022-06-18,133976.45596180556,14257519.97138319,1.5331970669125594,0.8734289475430556,1.4669610592190923,1.1604114991496528
2022-06-19,130012.93662847222,13983126.377194503,1.3453208894111444,0.8571592804440972,1.3088875191800622,1.1833304714982638
2022-06-20,120278.52721180554,13593318.78280761,1.2654706561982936,0.8895064396871528,1.1912637096425915,1.0144876000625
2022-06-21,100547.78572916666,12116500.039891737,1.1969607812217131,0.9357762948826388,1.1784733650985224,1.147193667075
2022-06-22,93512.61776041666,10723952.507578673,1.2760142421415617,0.9463870237027778,1.2237786454424038,1.1792151334802083
2022-06-23,94778.11053125,11134316.774859598,1.2349467700288665,0.9435838300354167,1.2173376547342476,1.1988030733416666
2022-06-24,94070.91427083332,11811408.87704207,1.0649942131759873,0.9728867687031089,0.9942515751256992,1.1432266674010416
2022-06-25,90154.95186805556,11269621.01918202,,,1.089560969185384,1.220099879957639
2022-06-26,90308.6400763889,11706657.891058048,,,1.0503594106781788,1.17052058844375
2022-06-27,87768.744375,10989475.190395992,1.0802115698581891,0.9407729021416666,1.2258933808813148,1.020046594623264
2022-06-28,91731.18450694444,10947950.974257085,,,1.386258446940284,1.2295368023381945
2022-06-29,93510.49658680556,11200757.036685774,,,1.3004101660975076,1.0302866525760417
2022-06-30,93718.49893402778,10554557.11766935,,,1.3249229550513948,1.2012295987947916
2022-07-01,93737.007125,10616195.11065144,,,1.1782103507428605,1.2145626376409722
2022-07-02,100944.59256597223,11791725.440495443,,,0.9687054277212592,1.1395927632753473
2022-07-03,93464.85585069444,10840196.940623373,,,1.0887059365468963,1.2960147657604166
2022-07-04,95712.57544791666,11420792.455028407,,,1.0485135251867719,1.3249198487559029
2022-07-05,93597.74326041667,11472540.597072009,,,1.0629499906716808,1.3263422460024306
2022-07-06,92488.17069097223,11495940.934022732,,,1.0005238985789786,1.189292348282986
2022-07-07,97157.05573263888,12499975.555615693,,,0.9028395365524565,1.2755395521663193
2022-07-08,95299.10221180556,12390663.67240279,,,0.8761755868627596,1.2687366534916666
2022-07-09,93481.31738194445,11849917.041313758,,,1.1612311997772269,1.2558767645524305
2022-07-10,90729.60046875,11274493.128681071,,,1.2766930514776629,1.2975241516687501
2022-07-11,141035.01847569447,18281740.456502605,,,0.5784601711024016,1.184760845790625
2022-07-12,118797.1350798611,14997584.124994857,,,0.7861338165785299,1.229752319215625
2022-07-13,105441.01505208334,12942947.56003177,,,0.9700043034656208,1.1984951135333333
2022-07-14,104227.2707048611,13290694.622065019,,,0.9380042136510244,1.197224382604514
2022-07-15,107224.579875,14518279.949163744,,,0.8745514085873441,1.2062979294107639
2022-07-16,110300.58299305555,15319588.171043035,,,0.8510035924377758,1.2246307168697916
2022-07-17,102467.21552430555,14161285.883028122,,,0.9390065376900468,1.1289674354256944
2022-07-18,99298.46039930555,14272557.70738887,,,0.9480250907531107,1.178354276063889
2022-07-19,96307.44429861111,13911041.13843228,,,1.1111000296995315,1.1866818394746528
2022-07-20,99754.30368750001,14767056.787939545,,,1.0381823531539998,1.0794582248097222
2022-07-21,118274.94007986112,17764556.93651988,,,0.8161957538046754,1.1507492753159723
2022-07-22,111979.94606944444,16886488.026974052,,,0.9280577384091848,1.2053501055899305
2022-07-23,114182.98175347222,16804798.12925662,,,0.827006343998592,1.1435453627697916
2022-07-24,117824.46636805557,17667753.692868154,,,0.8314286846194884,1.3153527132951388
2022-07-25,124752.01324305557,18332735.998415973,,,0.9219134178361517,1.2713171795649307
2022-07-26,131684.05335069445,18969581.591005623,,,0.8052940636844239,1.2702831607451388
2022-07-27,142028.4868611111,21881401.941999014,,,0.6220524331431674,1.1656574208864585
2022-07-28,127273.03280555556,20455831.601428386,,,0.717071915103868,1.1579490025177082
2022-07-29,121753.02200000001,19769467.92406185,,,0.7393116801038068,1.3402971848350693
2022-07-30,115278.85731597223,18483027.23742726,,,0.8515440284579981,1.1532126946239583
2022-07-31,113544.30975347222,17812960.100030184,,,0.9781642159727151,1.2685358917947918
2022-08-01,110916.75402430556,17313549.448187027,,,0.9856743492200657,1.1081820800034723
2022-08-02,115252.23817013888,18171858.935291685,,,0.9443963334844236,1.096218023198264
2022-08-03,112635.80513888889,17908581.098841216,,,1.0804775023189928,1.2286453595100695
2022-08-04,111590.57976041667,17727869.237481497,,,1.1730041150963284,1.123314990570139
2022-08-05,112694.23166319444,17994328.05955065,,,1.218855647911563,1.1901054867371528
2022-08-06,114824.07201736112,18579098.9599707,,,1.1110711406467173,1.3169173687902778
2022-08-07,132315.99574305554,21885890.710349854,,,0.9404151958529625,1.2084344256798611
2022-08-08,117507.95362847223,19506367.704108797,,,1.200893672146494,1.166626442507986
2022-08-09,113280.18488541667,18372029.20651096,,,1.336035053972613,1.174978589970486
2022-08-10,129555.5592638889,21111429.585466135,,,1.1917748777758053,1.1647128069045138
2022-08-11,145166.4927361111,23833408.39228147,,,1.268489646446536,1.1738297207475694
2022-08-12,167578.3427361111,27223771.5973798,,,1.3167444071814058,1.2158258666895834
2022-08-13,183001.34545833332,30365635.897593513,,,0.9938184895797187,1.2174854577052083
2022-08-14,183045.49554166666,30428054.04211794,,,0.9676244045956476,1.1685645416194446
2022-08-15,174995.08675,28903999.29565741,,,1.0964415844520938,1.0887839130809027
2022-08-16,179542.6946388889,30327382.27671018,,,0.9057136093196214,1.1595805397711805
2022-08-17,157910.33094791666,26134461.27484302,,,1.2146437413109372,1.1287973415680554
2022-08-18,159167.97720833332,26451399.28888399,,,1.107587828607904,1.1726432678760417
2022-08-19,132865.02874652777,20196669.571788874,,,1.3165040110707962,1.1389954585979167
2022-08-20,123547.79554861112,18018486.624990746,,,1.374430206412255,1.2412019343621528
2022-08-21,133492.03219444444,20429167.260055084,,,1.0446248091829715,1.1326434301559027
2022-08-22,129723.44556944445,19792152.315825082,,,1.0148504246720842,1.111505580021875
2022-08-23,125574.63677083334,19335630.854663983,,,1.18286482227719,1.1761193613579861
2022-08-24,122923.00968402777,18765276.0316524,,,1.2981134427145156,1.169911751213889
2022-08-25,119058.92494097223,18233884.926638104,,,1.3029122505348785,1.1799071237236112
2022-08-26,116376.89310069445,17522888.75673871,,,1.303365997237782,1.2150596431357639
2022-08-27,114694.00610069445,16502671.772892429,,,1.3700294322143274,1.2544004182621529
2022-08-28,118707.61339583334,17332382.52494736,,,1.2849442890911376,1.2151790735489583
2022-08-29,125749.935875,18672962.639371976,,,1.0898666037557063,1.1995236327878471
2022-08-30,124445.58639583334,18723937.301608846,,,1.0354746239857695,1.2373676047923612
2022-08-31,123748.31061458334,18640452.002503134,,,1.1190295602091869,1.2659885382555556
2022-09-01,130055.60635416668,19768156.735565238,,,0.970336286963332,1.2398716998736112
2022-09-02,124233.23120833334,18918694.233056255,,,1.1089958381792815,1.2239834738993054
2022-09-03,128353.31474652777,19700947.01441298,0.9980411568999028,1.04836453941,1.1140646337828355,1.5631579165465277
2022-09-04,140126.26884375,21698468.23872508,,,0.9169453691584073,1.4982413542152777
2022-09-05,153655.94143402777,24041127.721266225,,,0.6680806594817805,1.3134521391232639
2022-09-06,136070.11343402776,20953280.80117613,,,0.8640626481928473,1.161673005379514
2022-09-07,120410.24346180556,17561512.63414741,,,1.3645025051747521,1.291590451404861
2022-09-08,119774.51816666668,17981292.3024673,,,1.1506185467184968,1.4132443704368056
2022-09-09,120358.94523611112,18697049.431504324,,,1.0186367648772547,1.354262363967361
2022-09-10,118594.9048888889,18843169.97893597,,,0.9915083696812442,1.3672272669180556
2022-09-11,117126.90246180556,18368774.10398239,,,1.053234222205098,1.3208880039895832
2022-09-12,124147.37791666668,19956372.764218103,,,0.8681407573741303,1.372325587538889
2022-09-13,127297.38217361111,19987982.35710464,,,0.951335902801389,1.1995275425527778
2022-09-14,119890.96447569445,17755741.033938777,,,1.4717021707896392,1.1445277332333332
2022-09-15,118099.40320833333,17413275.071476307,,,1.4347959367540188,1.1414728002454861
2022-09-16,119016.07237499999,17468019.864191506,,,1.5150105384478858,1.2419152776225695
2022-09-17,122601.99235416666,18424738.859427687,,,1.2850340758891912,1.2737041246145833
2022-09-18,120819.20536805555,17670801.67304222,,,1.53161249256254,1.2101091697454862
2022-09-19,114252.95566666668,15878615.280218057,,,1.5668236749652777,1.2205456879166665
2022-09-20,115532.96372222222,16340479.739400476,,,1.4770422126316336,1.2542646030552083
2022-09-21,115217.32884027778,16236955.686760716,,,1.3797402080902779,1.1643301698263888
2022-09-22,109099.5952048611,15184181.409182766,,,1.3864908908069398,1.1849392085548611
2022-09-23,108303.32582986112,15316176.99214487,,,1.5528632251630266,1.1220360893079862
2022-09-24,110674.84311805555,15715613.734570347,,,1.6637661825258336,1.3804944914145834
2022-09-25,109295.60413194443,15562778.892344432,,,1.5297024906040055,1.2790610352854168
2022-09-26,110568.1196111111,15822945.562692262,,,1.4413504247967384,1.2305573036982638
2022-09-27,110623.98080555555,16466520.782465981,,,0.9641789565523712,1.341496232582639
2022-09-28,108331.62158333333,15613567.10440006,,,1.2217511828972052,1.1052228975069445
2022-09-29,109882.15642708333,16229580.578167217,,,0.9499816721831292,1.2066051367097221
2022-09-30,110337.84003472222,16384677.67764307,,,0.9784065341625163,1.389980492184375
2022-10-01,109121.5203611111,16086364.960704634,,,1.1199254573550865,1.3177200078645834
2022-10-02,116544.70049652777,16345206.844860472,,,2.233890045262834,1.1392218829458334
2022-10-03,116270.22531597222,16209432.681309845,,,2.2461761836281893,1.129907838571875
2022-10-04,105134.62964930556,15247772.24652003,,,1.2930415460362399,1.2890074779038194
2022-10-05,105346.17028125,15374286.415090421,,,0.9820382050982484,1.4746479628475695
2022-10-06,107375.61902777778,15710283.759345196,,,1.0914144655202156,1.253394414874653
2022-10-07,115468.22889930556,16920128.173916247,,,1.1354984635216896,1.2946795723125
2022-10-08,109335.08541666667,16071640.1751514,,,1.187269562147449,1.3217038671982637
2022-10-09,110736.14004513889,16317054.016697112,,,1.1049011858129614,1.5689925664684028
2022-10-10,109048.37324305555,15861542.873681985,,,1.3638405154834843,1.066806690135764
2022-10-11,111391.15421527778,15917361.405861408,,,1.6858121720259338,1.2055687851163195
2022-10-12,109594.68933680555,15852519.312408699,,,1.3178840096286344,1.2836017970843752
2022-10-13,105736.13895138889,14917705.194653444,,,1.5149960501193032,1.2302736464118054
2022-10-14,99299.30536111111,14169710.690847922,,,1.3181170555999495,1.2461313584270832
2022-10-15,102641.54013541667,14400685.269749528,,,1.4340381161381108,1.4716968889947917
2022-10-16,102077.09567361111,14450731.13815344,,,1.308841516474511,1.5742042324871528
2022-10-17,106450.74900694445,15302550.640101472,,,1.115693264162923,1.3723935062444446
2022-10-18,108386.52561458334,15726297.076212099,,,1.0457456729994061,1.17067553208125
2022-10-19,122924.73500347223,18048233.025077276,,,0.8229997996109054,1.4235279211541667
2022-10-20,122538.80981250001,17640258.49664457,,,1.0799590691191778,1.1647519214652777
2022-10-21,119702.06265625001,16807396.00315121,,,1.5532654557827223,1.1667052322333333
2022-10-22,118672.70527083334,16769522.825185487,,,1.5560530030452304,1.360777581274653
2022-10-23,116409.29648263888,16681811.769757569,,,1.2919568921013591,1.370375251062847
2022-10-24,112663.99187152777,16095900.43260143,,,1.2466440969051178,1.4791096026166666
2022-10-25,114361.57121527779,16486531.634903414,,,1.1336243838995008,1.296064358759375
2022-10-26,105526.00124305555,15387922.806907978,,,1.07743740637499,1.114812097721875
2022-10-27,106231.41615277779,15650217.38162799,,,0.9611318193295931,1.2152383737822916
2022-10-28,102899.58845486112,14995938.484300395,,,1.0280397295238541,1.1733946726378472
2022-10-29,102925.94192708333,15202977.036544655,,,1.0460201655555557,1.2592078795833332
2022-10-30,102925.21625,15286494.96914532,,,0.9701049912499999,1.3527836314583332
2022-10-31,101677.70807638888,15073973.153238343,,,0.9382833688431281,1.1754800581677083
2022-11-01,106407.4784375,15918678.563880388,,,0.8565587153564457,1.300727051625347
2022-11-02,109645.87117708333,16340235.921294086,,,0.8689998756721364,1.212557911296875
2022-11-03,102084.35675347222,15206189.583765255,,,1.016964690660718,1.0623848184184028
2022-11-04,103170.7057986111,15728386.691779133,,,0.9539686821420119,1.2568061886114583
2022-11-05,105426.68544444445,16801041.99821551,,,0.7725818031894814,1.3634939976645832
2022-11-06,103300.70430902779,16318350.501167115,,,0.8216550424239569,1.2752859743395832
2022-11-07,109364.16337847222,17078099.738012765,,,0.8350089678373513,1.2311386289777777
2022-11-08,101884.32201388889,14877801.080124257,,,1.335969783937041,1.0529227094878473
2022-11-09,93003.73017708334,12188971.52706505,,,1.4686520104867755,1.062575087557639
2022-11-10,85188.83775694444,10936144.154784989,,,1.3792093158149432,1.180260840242014
2022-11-11,84532.05479861112,10875998.511554062,,,1.6042218823021877,1.2031448479440972
2022-11-12,83729.74491319444,10619880.594241593,,,1.561304885719873,1.2848022247211806
2022-11-13,82270.38444097222,10579213.872696765,,,1.3542157376440171,1.3127813132177082
2022-11-14,81422.59511805556,10363288.349240903,,,1.617625278747061,1.2431278370197916
2022-11-15,74500.66835416667,9682686.223653538,,,1.487671853794282,1.338742117851389
2022-11-16,72860.95085763889,9462685.748450797,,,1.5555608829573824,1.38323381040625
2022-11-17,75058.5042673611,9895657.90620677,,,1.2242253579656583,1.3830523672350694
2022-11-18,78074.35177430556,10404531.284132332,,,1.2479298658403672,1.4694867735600694
2022-11-19,84915.46235416667,11304543.4446417,,,1.1207914599523974,1.4448096900545138
2022-11-20,88155.69542013889,11709167.489906516,,,1.083860186751716,1.7562733581592984
2022-11-21,89601.54950694444,11657528.207770275,,,1.1692320799705198,1.2574749484541667
2022-11-22,90035.34924652778,11590259.399431491,,,1.1932968141136557,1.3440142086052083
2022-11-23,86762.45631944445,11693139.147261137,,,0.8914630875747724,1.260308777394097
2022-11-24,84860.88401388889,11467317.285287963,,,0.9479743863372172,1.3512336165163195
2022-11-25,86799.69850694445,11791667.502125371,,,0.8675905061891314,1.2920743209940972
2022-11-26,88253.7130798611,12144595.618870571,,,0.7923226813120416,1.5953610217260417
2022-11-27,89581.09674305556,12341356.975782245,,,0.7630501412579592,1.263519387532639
2022-11-28,85752.53491666667,11560873.682342123,,,0.9092148218905278,1.1933161792104168
2022-11-29,89078.44296180556,12248518.346763559,,,0.7300030474590753,1.3992030274836804
2022-11-30,88317.53290277778,12368140.02843864,,,0.6911479202016434,1.3370800010597224
2022-12-01,91921.63805208333,13129472.061533773,,,0.6751304438425629,1.3045994177416667
2022-12-02,98901.01009027778,14275264.77683272,,,0.6310044941129728,1.458061127026736
2022-12-03,105281.71488541666,15416571.591052005,,,0.5828694252287403,1.2979236147677085
2022-12-04,104470.64891666667,15083603.170802364,,,0.647561474057222,1.2333547283916666
2022-12-05,101906.09599999999,14694013.761866251,,,0.7184280904209432,1.3390107683395833
2022-12-06,105098.2514375,15140188.033401188,,,0.6879917482372623,1.3082290232524307
2022-12-07,103013.0610798611,14717066.474749433,,,0.7076052344262197,1.3775398553222222
2022-12-08,123412.25139236111,17981080.49253292,,,0.5240838003569867,1.346230510264236
2022-12-09,129010.78448958333,19016749.467382208,,,0.4403063847536941,1.4456533501715279
2022-12-10,142762.74134027777,21346587.13680815,,,0.3980531007684131,1.5741311521475696
2022-12-11,150215.39536458335,22556816.071741737,,,0.37340035294104695,1.4190668526354167
2022-12-12,164868.2416111111,24759536.837164007,,,0.317060119198201,1.3973351235701388
2022-12-13,150000.13938194443,22568148.112029318,,,0.35559924026309775,1.4104600074052085
2022-12-14,132145.15978125,19759797.84197025,0.597122484127246,0.8040562399762375,0.5067309924527016,1.1598520974256943
2022-12-15,122703.93303819446,18164398.447098337,0.5900181820467103,0.8006180061916667,0.6264987387137803,1.340364676348264
2022-12-16,124865.82015624999,18292025.60343694,0.6042059606025022,0.8087843315899306,0.6211449044039096,1.3263380683458332
2022-12-17,123116.70719097221,17469443.68270567,0.7681016252929571,0.8099434779690973,0.7341758985696172,1.4197616492378473
2022-12-18,126833.72472222222,18252743.471651636,0.6665944645744968,0.8336414859409722,0.62800148834521,1.2962594656114583
2022-12-19,134435.07885416667,19453207.7187261,0.6123622672859059,0.8569482278305556,0.5564446252596801,1.4205304887878474
2022-12-20,146942.71427083333,21449997.443217702,0.5793509968259859,0.8560478890538195,0.5328587109799235,1.2869326161270833
2022-12-21,164726.38125694444,24296486.477296613,0.5018330799933041,0.8410170632204861,0.4547045308114643,1.2421794164885416
2022-12-22,170861.97682986112,25016577.73872098,0.5115156791794641,0.8183609616607639,0.46176853218837915,1.240233461948611
2022-12-23,149519.69325694445,21395505.156009607,0.7080656945166859,0.7911188733861111,0.6947796243788553,1.05978926753125
2022-12-24,140011.96838194446,19955382.312283102,0.7322214797378579,0.7797516800461806,0.7016957028440182,1.5932973986767363
2022-12-25,148727.48369444444,21416312.184632406,0.6364205030964863,0.7935659124420139,0.6176158548385426,1.4833369917940973
2022-12-26,154280.38671527777,22492707.097733766,0.5399766691314156,0.8134484645482639,0.5112278951820526,1.4751205143819446
2022-12-27,159321.66988194443,23196409.77512939,0.545782315109502,0.822726531857986,0.49549493627867996,1.508535611251736
2022-12-28,160780.88399305556,23309432.311293118,0.5441926101774001,0.8189198795746528,0.4992817986116031,1.4808023307961806
2022-12-29,172310.1277361111,25163317.061626267,0.4997673569085577,0.8412065681677083,0.445468537663139,1.3975783650975695
2022-12-30,168003.13670138887,24429395.222055234,0.5040957404629656,0.8265205915260416,0.4590175454107631,1.393732657549653
2022-12-31,167126.99340972223,24473887.673742812,0.5005441996351638,0.8116177203697917,0.4626741294735431,1.9472057159902778
2023-01-01,168849.14797569445,24868496.08462897,0.47302713381240874,0.8111479921416667,0.43913828880379213,1.5269651425777777
2023-01-02,169668.31860069445,25234258.248195935,0.4511662077730754,0.816129971875,0.4140816430139573,1.5906212036982639
2023-01-03,159863.00171875,23701279.82064738,0.4538596579569529,0.8070824233232639,0.4299379489486638,1.3420605927600695
2023-01-04,158274.06204861111,23827824.088378884,0.43383753413223547,0.8127608014986111,0.4137678947667772,1.5045041114416666
2023-01-05,164802.72594444442,25089550.88815645,0.4094819900871254,0.8193636332555555,0.3834563145501335,1.4881095725510418
2023-01-06,174754.94002430554,27106194.153382115,0.4139809362805955,0.8054926271885416,0.3990944393895576,1.296900939140625
2023-01-07,165424.43583333335,25601367.063389674,0.4774125371217839,0.784608834428125,0.4632222782915213,1.4083852248979167
2023-01-08,173745.43778819442,27142955.272007335,0.47376630835086964,0.7968631322666666,0.4616552688259914,1.3874690297489582
2023-01-09,153706.7493611111,24362249.05580463,0.5206734283229574,0.7871304067628473,0.5335412602163183,1.2028131979486112
2023-01-10,151183.81038888887,24107345.339437436,0.5269238672597358,0.7989810295767361,0.525484365314487,1.3099503236878474
2023-01-11,154146.39146875,24968230.49888651,0.484863164106226,0.80869681873125,0.4737407658672399,1.3958587543881944
2023-01-12,138513.96255555554,23273566.775761176,0.5228953201106665,0.7966151175930556,0.5242199883318878,1.2472985533881944
2023-01-13,126075.42661458334,20933749.66337942,0.5880368819755986,0.7860652604513888,0.6521026358270815,1.2589583095600694
2023-01-14,104718.83630902779,18677992.746436104,0.5911883968121255,0.7465258385885416,0.6439414688373067,1.2188207214881943
2023-01-15,103953.39026041667,18183150.81028369,0.6545022601621933,0.7412757044420138,0.7457386665582769,1.2260229363746526
2023-01-16,107919.30456597223,18407800.053910285,0.7800382281493526,0.76383614310625,0.9571887975252689,1.1727668455534723
2023-01-17,106213.26828125,18134974.390434094,0.6835425393716117,0.7892414727291667,0.8614959072984667,1.252047121979514
2023-01-18,99745.99089583333,17002353.597834136,0.6845775602963444,0.8156478044892361,0.7927320955537778,1.1340438838302083
2023-01-19,103162.61524652777,16580406.016355233,0.8265635851765123,0.8395512707079861,0.9854585612169279,1.2961775097993056
2023-01-20,101489.59776388889,17018215.93436561,0.7196149654832861,0.8319472081430556,0.790536597828603,1.2096377942663195
2023-01-21,96177.91453819444,16832359.16866547,0.7231667659648794,0.7965336147871528,0.772193308383474,1.3187668566159723
2023-01-22,96774.41494444445,17098020.10067989,0.6989158297236384,0.8000318330052083,0.7730884796357158,1.2371129987555554
2023-01-23,99361.06548611111,17654839.383150097,0.8087471867832723,0.8145419788270833,0.9283682606461192,1.2361026975821678
2023-01-24,98013.70874652777,17320375.919552475,0.8908690817160648,0.8117456100989584,1.0193816951626609,1.3059077805246528
2023-01-25,92997.45351041667,15832902.723281642,0.9975238829634449,0.78671871093125,1.1340493309899224,1.3565301663642362
2023-01-26,92254.02422569443,16073759.349723667,0.9561107584146291,0.8063693771288194,1.0995761654803697,1.3691385711708335
2023-01-27,93012.06002083333,16163204.597398732,0.9439541806627426,0.8279470892059028,1.076390579217043,1.2118082950725695
2023-01-28,99680.73564583334,18102736.991404682,0.7433810800911054,0.8564679992763888,0.7562644460187478,1.2633906639243055
2023-01-29,99970.02164930555,18416115.932018355,0.7674050852058488,0.8477584767017361,0.7354832484417257,1.2729147178357638
2023-01-30,97009.22345833333,17677066.06504999,0.7963186530907529,0.8363707954465278,0.7710582398679918,1.2187865923815973
2023-01-31,92127.2078888889,16182810.997950587,0.9752619902006576,0.8026517078170139,1.0860226473311136,1.3045770363225693
2023-02-01,91958.84185069444,16192524.27143389,0.9996259710134611,0.8146255629482639,1.085436642732521,1.3547169833725694
2023-02-02,97967.05877777777,17435963.449481502,1.1637403179089953,0.8266896034583333,1.3118564017533116,1.1755083660809027
2023-02-03,106564.25355902777,18428231.857908096,1.4750173732533882,0.8490648155868056,1.657252580381025,1.3837986379503473
2023-02-04,110972.36410069445,19162423.763151225,1.514697828300191,0.8672300445114582,1.8260339113679096,1.3153680566083332
2023-02-05,108856.50521180555,18539349.78476459,1.4768634801788971,0.8655563329190972,1.7851420312746247,1.307577498598264
2023-02-06,109516.26020833333,18188250.074167885,1.5749074520602544,0.8776304142756944,1.8924136815238322,1.3680989475458334
2023-02-07,104777.55327083333,17454592.871757463,1.5605991756665891,0.9046529565680557,1.9012140354153126,1.401916840507639
2023-02-08,103371.77506597222,17212249.522221256,1.7045273771204796,0.945457731661111,2.081786318902959,1.2956053944597223
2023-02-09,105424.66978819444,17026038.692936018,1.6752121557588495,0.975502632040625,2.0024278012258194,1.2104621735708332
2023-02-10,104253.46927777777,16130292.68472803,1.682749453141477,0.9585147128975695,1.91840669511005,1.1875535694458332
2023-02-11,99440.66229513889,15755243.247401476,1.5151645857822649,0.9801908306197917,1.6680090661463776,1.3457404036527778
2023-02-12,96383.54425694444,15531050.341271736,1.4794745470182065,0.9948701995680556,1.58226118661283,1.4514731601788193
2023-02-13,93973.57560069446,14867511.097952701,1.5829644815464943,1.0006044367652778,1.6851163754410574,1.2845994337888889
2023-02-14,95426.20780902778,14940426.475683464,1.6614576846314906,1.035923297240625,1.883527480382445,1.3112090345861112
2023-02-15,95550.64839930556,15320575.898158444,1.4886977861890414,1.0864000164145835,1.7148160746865229,1.1408915475701389
2023-02-16,98488.05609375,16126616.760973342,1.4183867661420686,1.0939365960822915,1.6049338989069692,1.139531690031597
2023-02-17,98151.32617013888,15564125.60781808,1.641026074122695,1.0284840945076388,2.0208778371884613,1.1006483230180555
2023-02-18,97225.21255555555,15653821.823354134,1.5553232806705708,1.029087261845486,1.790211709518338,1.2552589600753472
2023-02-19,95131.03775347222,15460698.557352321,1.4983791342869488,1.03078934891875,1.6845430272176658,1.295347335826736
2023-02-20,94408.11697916668,15608426.556848552,1.4523174497456257,1.0443600979024306,1.6389810944113583,1.2303748251128472
2023-02-21,98787.29169791666,15895304.989201613,1.8888480508478804,1.051374258385764,2.3750743075784837,1.2416029339149826
2023-02-22,96344.4545451389,15160593.918380508,2.1203570889824523,1.0388113711513889,2.5147382310581765,1.1356768924666667
2023-02-23,99690.31428472222,15434660.521173762,2.206681720482713,1.0304194872368055,2.7470651144025293,1.2726580606753473
2023-02-24,107363.68937847222,16309421.953538103,2.330305694759947,1.021897710407986,2.9518755772201137,1.1424506535208332
2023-02-25,107955.48330902778,16130018.372948213,2.3238790274631858,0.9833116378795138,2.8142685356224635,1.3266581169899305
2023-02-26,107840.86369791668,16166463.738106618,2.559684584820209,0.982589489623611,2.997882534781337,1.3057138420878471
2023-02-27,107633.30437847221,16164848.563453592,2.348305835258625,0.9848091385006944,2.7773342148408093,1.229065565253125
2023-02-28,108685.80990625,16333705.944042495,2.1978173153604095,0.9741391371052084,2.5524100213629994,1.214354364576736
2023-03-01,103196.45013194444,15679556.064612309,2.160092618862761,0.9512887891555556,2.5491044875395126,1.1176650135694444
2023-03-02,103797.31206597222,15728037.3593699,2.030842357520998,0.9602300579736112,2.363490568998906,1.2344963676444445
2023-03-03,101026.58166666667,14701445.938015666,2.311555672623647,0.9637305468975694,2.5748174372339974,1.1298174902986111
2023-03-04,100460.80623611111,14670040.374650149,2.169263443969529,0.9525714064868056,2.4308478451796645,1.2860149298180557
2023-03-05,99600.35704166668,14780275.76170785,1.833848164467855,0.9555013434222221,1.9553859273977767,1.2793797090927084
2023-03-06,100563.21174652777,15169686.685170226,1.6871173378393858,0.9542620172392362,1.6308322960917403,1.166366150921875
2023-03-07,98596.58096180556,14885896.537112484,1.7706860549826562,0.9451452476940972,1.8308929333047221,1.1548035381072916
2023-03-08,98045.8154375,14579637.786302112,2.0545487334099866,0.9164356890277777,2.1734212739919108,1.1879198754239584
2023-03-09,98411.16481944444,14419141.847136278,1.9998858726864996,0.9296321883763888,2.1756793582281384,1.2810575093378471
2023-03-10,102164.76179513888,13900260.11353574,2.0762743590081825,0.9340751196475695,2.216639758789729,1.141920633303125
2023-03-11,108472.52610069445,14918602.704255164,1.5750964317036376,0.9502650001388889,1.6153764462739675,1.2243521503541668
2023-03-12,112963.89752083334,16179517.613844685,1.056498540030547,0.9546426583680555,0.9871340073687408,1.1920086846131945
2023-03-13,98720.31846180555,14817376.53799808,1.1118500321875,0.9744815990625,0.9971860619791667,1.0911206503472224
2023-03-14,96388.81216319445,14672452.916440755,1.2291253147154941,1.0001165650493056,1.2456808936673884,1.1437143473756946
2023-03-15,97041.71462152778,14364526.068560898,1.413650392328121,1.0122588243034722,1.4982820084758293,1.1039641847329862
2023-03-16,89985.97985416667,13252856.47230597,1.5311498467741111,1.0315069550350693,1.6010406924587075,1.2363355408777776
2023-03-17,82385.27591319445,12449864.518743645,1.5121823631512628,1.0036387348114584,1.5622273917347576,1.18441535975
2023-03-18,82306.63645833333,12539846.33150532,1.556335162386218,1.03538482535,1.6130605316034028,1.0924111844777777
2023-03-19,86648.96126041666,13363115.510390084,1.3649756115008147,1.0301600128815973,1.4871398003220948,1.261414510823264
2023-03-20,87558.98953125,13394619.511390282,1.3213017979785047,1.013508667145139,1.4865154332364403,1.13103751395625
2023-03-21,89284.16542708332,13676175.541427948,1.2609062005194187,0.9770866135069445,1.4662545626242551,1.181721735123264
2023-03-22,85605.75630208333,12966832.071590612,1.4061389392062642,1.0088259640645834,1.6341514342627996,1.1745810093291666
2023-03-23,83787.06224652778,12834426.964042425,1.321247713787893,1.020526772954514,1.455205940561779,1.1751709993072916
2023-03-24,88422.06123958333,14102738.373932766,1.111615024165534,1.0369388518940972,1.132429804464914,1.228480965198611
2023-03-25,96372.86788541666,15611225.27965599,0.9466766440485491,1.0304773872618056,0.8852280553383052,1.3358114564340278
2023-03-26,92942.11064583334,15155537.428835431,1.0090206321809072,1.0152867714180556,0.9490695792071752,1.2590391333982638
2023-03-27,88957.7584201389,14148085.504679525,1.1996855610308665,0.9917333696812499,1.2123307040357925,1.1940852027333333
2023-03-28,86478.26085069444,13250462.285798082,1.4274940161093885,0.95879667964375,1.5482886667345817,1.155023765454514
2023-03-29,78220.99459722222,12281842.35536556,1.2987169719993643,0.9435741870625,1.4166282289727636,1.1780634964017362
2023-03-30,76770.98779513889,12183805.542238552,1.3224360399443045,0.9227008663427083,1.4688717421723756,1.2147283658572916
2023-03-31,74282.31758680556,11625749.276782863,1.693893088178961,0.9452385943697917,1.9992776662974872,1.253380657778125
2023-04-01,73091.66730208333,11415634.087086668,1.7532409631804242,0.9441609975951388,2.012264057109194,1.3116614037427083
2023-04-02,73542.1746423611,11672714.067592746,1.4730429798275677,0.9472380847819445,1.5553901112759712,1.212074473642014
2023-04-03,78647.85410069444,12508902.26281368,1.392382691154769,0.9483760112503473,1.3969717179610472,1.0865728712517362
2023-04-04,79531.42650347222,12553529.624859352,1.6298652844228705,0.9322161410802082,1.7901483140028398,1.140817858712153
2023-04-05,81488.28706944444,12881909.67797858,1.6894037111357385,0.9548409827062501,1.9090448442480843,1.0506233119784723
2023-04-06,84839.79215625,13349461.851451298,1.6529671491303919,1.04745059209375,1.8685263219320443,1.2207635797395833
2023-04-07,88266.43928125,13823826.20713464,1.573370928140677,1.1013745778579862,1.687947888168375,1.2910001864065972
2023-04-08,87308.49241319444,13799409.654161029,1.489255333473702,1.1065483647374998,1.5481445919080725,1.292241075060764
2023-04-09,86941.63179166667,13795358.783276444,1.439689936688145,1.1198475686413194,1.4992078116758993,1.3673217470097223
2023-04-10,97798.14247222223,14989810.35387539,1.572761078347334,1.08712040400625,1.6893577111749694,1.2263268599753472
2023-04-11,95733.41130555555,15366472.06860989,1.4723405826282892,1.1066235158996527,1.513531631863072,1.163178949282639
2023-04-12,92728.00380555556,14926711.615415815,1.3620237627947096,1.073260307570486,1.3632163598237443,1.2610828933479168
2023-04-13,91601.00302083333,14887984.179659158,1.3704929376417874,1.1045200124854166,1.3643756334638935,1.2850324832166669
2023-04-14,95795.62359375,15551323.944777561,1.5326065076795874,1.084716436842014,1.6129673107665305,1.1635799653809027
2023-04-15,97396.06480555556,15830530.061121378,1.4692190329698405,1.049463269979861,1.5550768966766542,1.6623062420534722
2023-04-16,96090.06493402779,15660896.901285388,1.5296358814494746,1.095189517145139,1.5535068836269077,1.3243083617649305
2023-04-17,93828.4732048611,15175054.757876366,1.57692784489737,1.1032780781996527,1.613855040679693,1.1924448597430555
2023-04-18,90633.20804513889,14627971.185981805,1.5377289275349175,1.0922107525427083,1.634940730636374,1.3255922367600694
2023-04-19,86734.43803472222,13741836.15649568,1.6283346585568639,1.1355257510875,1.7224538882890381,1.2986670538166667
2023-04-20,84838.05942013889,13072775.570536427,1.7011807222672901,1.151654410674653,1.855979444673665,1.3156398701295138
2023-04-21,86855.50316319444,13299336.485999264,1.75288293405161,1.079086201637847,1.8851044807345056,1.2576709378454862
2023-04-22,88085.45689236111,13545011.841374459,1.5686237876560525,1.0495006458267362,1.659517501429219,1.5297587334659724
2023-04-23,95965.50592013888,15135732.24136909,1.310447449128555,1.0591405940538194,1.328507259024055,1.2908004475059027
2023-04-24,96366.51049305555,15180440.981761876,1.230723656499305,1.0427671650131944,1.2520090653019136,1.3936821962315973
2023-04-25,97217.76353819444,15256269.343535148,1.316647734369486,1.0339638510975695,1.3099151647589695,1.402059052815625
2023-04-26,94818.23553819445,15166679.575128982,1.352902032339268,1.0069247217100694,1.2686712342539186,1.1809783759184027
2023-04-27,82653.49367361111,12950836.953053143,1.5933455273562545,0.9868207332142362,1.6162631509033856,1.2634027204298612
2023-04-28,86343.06149652778,13293503.857697086,1.6018863458756707,0.9716297300819444,1.7459208810239533,1.3422652277677083
2023-04-29,83330.58341319446,12875469.803158415,1.5933963884992453,0.9601228551520834,1.7034778982349534,1.1944766638125
2023-04-30,82907.48508680555,12828528.090283327,1.5657752494308814,0.9611393218607639,1.6460424387673518,1.5130410493177082
2023-05-01,87409.00381597222,13364059.964097345,1.7707476057715332,0.9392885001350694,2.0090418344533836,1.1932044038989582
2023-05-02,85756.18896180556,13163596.56674511,1.7177416142962876,0.9114953117361111,1.9546497846538524,1.2075800644409722
2023-05-03,88052.87675347221,13442834.02443211,1.6495583896542734,0.9268549690649306,1.9146770885875073,1.335384877888889
2023-05-04,83152.21096180555,12956678.97137436,1.4769354958874634,0.9368495403076389,1.5752075551705353,1.2009668538659721
2023-05-05,88771.81158680556,13893361.985426245,1.5502498568839913,0.962527831771875,1.6272076619292766,1.187366042627778
2023-05-06,95978.62619444444,15040966.959562669,1.3280712703114437,0.9990862470013889,1.3710600348310997,1.311136043776389
2023-05-07,98005.40974305556,15424663.671965966,1.232803678875652,0.9947634468388888,1.286402558542902,1.3913351818788195
2023-05-08,91259.17064583334,14016347.672836881,1.5234722910080838,0.9635228247871529,1.6238489334568793,1.34638269911875
2023-05-09,87594.6208888889,13467587.885883274,1.355701341578156,0.9776869410354165,1.4339113090018476,1.3024997352069443
2023-05-10,87751.37841666667,13561390.608709017,1.3458758074187724,0.9681409315229167,1.4374932245023366,1.1209576275975695
2023-05-11,86691.10587152778,13306553.507862518,1.3317638275025558,0.9456180774069445,1.4110923001862847,1.24819235125625
2023-05-12,89531.34284375,13599629.282085888,1.3900021744322588,0.9459928042489584,1.4809303920170107,1.2845190063847223
2023-05-13,86359.45362152778,13209553.175015382,1.316879757955479,0.9570277084402777,1.4259803650020253,1.210969749992014
2023-05-14,84421.11080555555,12934546.593154134,1.3377522588321253,0.9552108418083333,1.4384587409634524,1.3655590695618054
2023-05-15,85043.07527777778,13064944.286683751,1.3836675511039978,0.9526381863649305,1.4926077959175519,1.1783519450107638
2023-05-16,88722.75215972222,13456430.073700322,1.464028708975978,0.9264623988489584,1.6206010446036876,1.3631557552177085
2023-05-17,89271.62671180555,13528456.635059245,1.491208589590524,0.9148362615319444,1.6893173094131226,1.2984549497090279
2023-05-18,91738.92435416667,13844566.719682246,1.489133211399335,0.9019975463725695,1.689702866510196,1.1667356713895833
2023-05-19,90025.64530902778,13608185.444788862,1.4665726368148557,0.868916229234375,1.6327002169245068,1.3556433002055557
2023-05-20,91754.54171180556,13803111.11981871,1.4923931289787054,0.8555167193336806,1.7095574462803702,1.3458542366600694
2023-05-21,93531.20186458333,14046302.900932906,1.4937731598217583,0.8643643381381945,1.6920553312271698,1.7420138958215279
2023-05-22,91355.82178472221,13808039.20079086,1.3935229677651741,0.8492431444805555,1.5675289257639458,1.2759114316840279
2023-05-23,92580.5005451389,14056959.734372592,1.4896459434211626,0.8312622207826389,1.595999951633467,1.4330708499312501
2023-05-24,91888.80786458333,13787074.60780532,1.6046238994558049,0.8199996590965278,1.7497712402336338,1.4825422609788195
2023-05-25,89323.60852083334,13464615.90883149,1.4890127191562217,0.8659530153274306,1.6104641446926202,1.3442345716913193
2023-05-26,89451.91227430555,13512305.77537871,1.573127731806287,0.8535202633496528,1.6936815527007874,1.5832952841555556
2023-05-27,88874.12721875,13412682.354984872,1.5371867133436632,0.8792912948621527,1.623986552487769,1.7685217144836805
2023-05-28,90170.661375,13836346.167550333,1.31976445831226,0.870964295785764,1.369914506923403,1.5642264026805557
2023-05-29,91287.79428472223,14130764.880516298,1.2645382592082504,0.9307098023809027,1.2530610561755184,1.3287938971496527
2023-05-30,87512.71946180557,13426704.207257828,1.452423184160976,0.9545734233017361,1.5437984752935208,1.525463913960764
2023-05-31,89570.02714236111,13393130.179803252,1.7346314568231749,0.9830126029559028,1.8129810166807911,1.3506612904746527
2023-06-01,93189.89011805555,13721852.816919431,1.5835422279599183,1.0597985664059029,1.636004911657356,1.5287659885020832
2023-06-02,96785.42316666667,14121540.892553953,1.7780412588431815,1.1052105429725694,1.9136632753719145,1.2168560318177084
2023-06-03,96226.11275694444,14133523.784950525,1.591231791555333,1.1121136957513889,1.7714224773817167,1.5733649250197916
2023-06-04,96235.31384027778,14343291.366164587,1.4287365122305882,1.1210940419802082,1.5170862155953948,1.4740255832104168
2023-06-05,93094.43795486112,13473864.315673525,1.6777234203288416,1.0545440055038193,1.7551815593750932,1.2536717211965278
2023-06-06,83201.26102083334,11899774.612718273,1.5374086555887072,0.9932499541322917,1.6609344482079815,1.412967027995486
2023-06-07,89041.74495833334,12959655.942092324,1.376085736735257,0.943922781128125,1.4171674454378482,1.4639430272038194
2023-06-08,94707.92335416666,13640243.737686183,1.5385814961533724,0.9350171438232638,1.6302817469174509,1.4299012738163195
2023-06-09,97220.60543055556,13826616.176064465,1.6319584756316234,0.9546417490225695,1.7777144950427368,1.3660210413520835
2023-06-10,93810.76932291668,12858086.701044273,1.2896863370511824,0.9293393407239583,1.3079226749754491,1.1543603044593749
2023-06-11,86043.83280555556,11798533.66136856,1.1958556173790544,0.9235596197184027,1.1768007090529282,1.289422812248611
2023-06-12,78674.73628472222,10914998.621300513,1.0989199038452846,0.9007992290791668,1.101367751759861,1.274846028401736
2023-06-13,77210.62234722223,10736702.336928539,1.1819177156643317,0.8805532568100695,1.1660155399846168,1.244556649232986
2023-06-14,77506.5968263889,10482665.046791907,1.387746415484679,0.8573491180524306,1.4265574231123412,1.2987084680826388
2023-06-15,80356.70207291667,10720429.34045394,1.3153868445754455,0.8377613613624999,1.4299498016018135,1.3443097488451388
2023-06-16,75213.04644097222,10175898.501163691,1.259680393085789,0.8425761562427083,1.2969557949123025,1.3527433215329863
2023-06-17,75395.00143402777,10246995.708457517,1.3501872619692596,0.8563557793152777,1.4073857550699675,1.4136411794972221
2023-06-18,77615.85632986111,10739384.172380546,1.071393521013946,0.8733896604968749,1.0903743422182668,1.309313544595486
2023-06-19,73340.94172222223,10100641.413284084,1.2328850781955092,0.9010720151479167,1.255461979453114,1.3821111876364585
2023-06-20,72512.34347569445,10155762.770453708,1.1393282250688825,0.8803927635131944,1.1824558039534954,1.3133269859003471
2023-06-21,72122.28087847221,10368525.091546185,1.2261969108715096,0.8540971137065972,1.2716333057346274,1.0853512547899304
2023-06-22,76072.35847222221,11262372.489037145,1.121557414686374,0.8273011462454861,1.1707922320588606,1.2491595134142361
2023-06-23,90892.72598263889,13793269.350493433,0.9443768234241396,0.8535566156562501,0.9344228862020552,1.3136781697027777
2023-06-24,91156.42193055555,14218069.581409464,0.9183536590401405,0.855800050078125,0.8884855802577424,1.1833126539059027
2023-06-25,92966.91809374999,14965960.304737478,0.8846689205414969,0.8670726107329861,0.8562793857632763,1.2930937692364584
2023-06-26,100773.40942361111,16433023.013302641,0.7787604731466887,0.8908469516874999,0.6949261096103527,1.207996315834028
2023-06-27,100623.70072222222,16841725.41667836,0.7409322462139305,0.8529485355388888,0.6957885861626991,1.2147573990840277
2023-06-28,101849.94805555555,16961172.102043167,0.7469935337083182,0.8950231075076389,0.7212007180221061,1.249385729063889
2023-06-29,97291.73172222223,15987111.064596951,0.8383412528109416,0.9200510836187501,0.8382129317418155,1.1695609048652778
2023-06-30,92948.18819097223,15527393.471524218,0.9243681655514882,0.8882765677256944,0.9089000412403822,1.091740218403125
2023-07-01,92891.70438888889,15605676.094841149,0.9838559218932943,0.8917142715972223,0.9309751052167758,1.2613457367156249
2023-07-02,91243.83507638889,15046815.671482496,1.0301113078186335,0.8738179828045138,0.9903465827997615,1.136425707157986
2023-07-03,88477.07783680555,14969467.122426262,0.9675153883922964,0.8281134139673612,0.9407056006046801,1.3205030106350693
2023-07-04,87639.07464583333,14785644.653339643,0.9881652981236737,0.7895820304611111,1.0054711540938976,1.2184382469625001
2023-07-05,87043.27177430555,14416747.004163437,0.954749615135309,0.7767780634454861,1.0015573624678098,1.366988349915625
2023-07-06,91644.01936458334,15328155.143884275,0.795091843900327,0.7994177388204862,0.8476979799952904,1.1988419521201388
2023-07-07,91071.0038888889,15096953.960847335,0.9146760054919996,0.8223654999177084,0.9329392783958608,1.208165453332986
2023-07-08,92022.4222361111,15351098.289772524,0.8919774302547173,0.8317316380767361,0.9174172917307103,1.2401435894409722
2023-07-09,95086.15165277777,15890253.680905968,0.8680184549707423,0.8513065882829861,0.8710120789839834,1.193213193967014
2023-07-10,92279.07600347222,15240130.473643579,0.9782534040972222,0.8223035565972222,1.0398629980208334,1.2205176459722222
2023-07-11,94211.24235416666,15451438.313293062,0.9702188350347222,0.8174260050000001,1.099804578611111,1.3207188113888888
2023-07-12,91162.60758333333,14952848.12709962,0.9260998458680556,0.8061976901736112,1.0698746890972222,1.199529722986111
2023-07-13,83629.75464930556,13685448.080067864,1.0180135652777778,0.7822341303819444,1.1648111419791667,1.3581835604166668
2023-07-14,74811.96909027778,12216751.751241568,1.1647917641319445,0.7838546509722222,1.3082703809027778,1.0428496282291666
2023-07-15,77626.18807291666,12594286.058329696,1.05700539,0.7999780465972222,1.0798494451736111,1.2937241828125
2023-07-16,75603.04226041667,12456366.862924442,0.9418428002083333,0.8306242312847222,0.98079293125,1.2215826037847224
2023-07-17,71558.2651111111,11813922.224358628,1.035779308923611,0.819887818125,1.1929917590625,1.1345905654861113
2023-07-18,74161.72291319445,12347185.072078966,0.9794803216319443,0.8112958596180556,1.1199731815625,1.135659606111111
2023-07-19,73414.31675,12345930.235593744,0.9972163459375,0.8017923890277777,1.1028054307638888,1.2605427566666667
2023-07-20,70210.73419791667,11646985.07267332,1.171703120138889,0.8167195903125,1.3587415421180555,1.167737383888889
2023-07-21,71653.9980798611,11679102.416861702,1.2568859109375,0.8835284821875,1.4801407232986112,1.1873792652430555
2023-07-22,71273.39315625,11575360.353395473,1.2389364391666666,0.8750212448263889,1.4780374587152778,1.4122040838194445
2023-07-23,68568.79620486111,11279965.897953868,1.0101186062847223,0.8714608722222222,1.1201662562152779,1.269098673923611
2023-07-24,67285.256625,10916240.409929229,1.0392694119791668,0.853836392986111,1.1297921668055555,1.359156648298611
2023-07-25,69789.50994791667,11281008.318122964,0.9397863358680555,0.8586721362499999,0.9848085036111112,1.3259491302083335
2023-07-26,73089.9496875,11872020.399079455,0.8835427019097222,0.8629478950694445,0.9247656101041666,1.2852655710069445
2023-07-27,71771.98793055555,11693849.20217939,0.9698229509722223,0.8521716517013889,1.0799957164930556,1.324755371701389
2023-07-28,70060.12136111112,11426817.541880425,0.9842077810416667,0.8790422159375,1.07935884625,1.3052311099305554
2023-07-29,74425.64746875,12134272.858921839,0.9192713994791668,0.8968497292361111,0.9945964054861111,1.4786583338888888
2023-07-30,74442.20297916667,12057055.726148384,1.0114781694097221,0.9145272362847222,1.0740808183333332,1.738649298611111
2023-07-31,74421.88807638889,11968412.357299352,0.9787520991666666,0.8974305187152777,1.0453916752083332,1.5534149520833334
2023-08-01,74360.84172916667,11927147.30455719,0.9915841058680557,0.9377474104166666,1.105266516875,1.1935817736458334
2023-08-02,66158.02997222223,10577417.19453407,1.0084371871875,0.9451129722916666,1.1315398485763888,1.2324903434375
2023-08-03,70058.46073958333,11257259.941078043,1.0493760480555556,0.9193860830902777,1.1668463970486112,1.6157595728819443
2023-08-04,69023.54903819444,10984789.768857256,1.0552646325694444,0.9358735155208334,1.2089121852083333,1.4619107102777777
2023-08-05,65906.95898263888,10495168.541512324,0.9656774051388888,0.9500531347222222,1.1175922748611111,1.519584527013889
2023-08-06,67558.52548958332,10814712.919409953,1.0554394568402778,0.9456178715625,1.1765431613888888,2.2435924839236114
2023-08-07,70137.82052430556,11154063.398894213,1.1862590675,0.9465829399652778,1.29913185125,1.9089757049652778
2023-08-08,69714.683,11068132.836036049,1.1364672715625,0.9310146269097223,1.2399417029166666,1.415178319201389
2023-08-09,69340.93329861111,10967976.983646486,1.233557487456446,0.9489383614982578,1.2952138287456445,1.1906147472222224
2023-08-10,74378.81380902778,11579709.576246383,1.2764503154166666,0.9429601675,1.2882925625347221,1.606846227048611
2023-08-11,72615.57761805555,11392327.467469309,1.154519509548611,0.9125732534722223,1.1383936869097222,4.977346458784723
2023-08-12,73641.25692708333,11582242.069407824,1.2075655548611113,0.9248975176041666,1.1371973771875001,1.7416211214930555
2023-08-13,74150.39787152778,11754060.260298137,1.1331460064583334,0.9309803421875,1.060860832465278,2.380311825
2023-08-14,75112.64112152778,11939197.21106547,1.1716639688541666,0.9481428715972222,1.0915548450694446,2.2197936824305557
2023-08-15,77966.72645486111,12276321.818272643,1.1443944136805557,0.9571093965972223,1.0963988130208333,2.0973297694444444
2023-08-16,77636.51633333333,12034103.333837552,1.1264555883333331,0.9792042677777777,1.1353168198958334,1.3784087832638887
2023-08-17,80963.05139930555,12240180.262852823,1.1528827072916665,0.9713523959027778,1.1273767073958334,1.2818489940972222
2023-08-18,79079.96904166666,11341668.899602296,1.1095942587499998,0.966208841388889,1.1085359620833333,1.1759186944791666
2023-08-19,81442.02325694443,11744249.25178504,1.1316221934722224,1.0333652167708332,1.1166903240625001,1.4977953046874999
2023-08-20,80347.87114583334,11746289.804606307,1.0740820835069445,1.0124614309375,1.041673625,1.475593906840278
2023-08-21,78913.64677083334,11657325.139943259,0.9603360763541667,0.9990652062500001,0.9573019305208335,1.4111472752430556
2023-08-22,79770.38236111111,11778963.88774004,0.9765669936805556,0.9998016009374999,0.9495673467013889,1.34629576625
2023-08-23,90229.20199305555,13014490.430954885,1.1875719727777776,0.9619463415277778,1.2606955773958335,1.5509247064930554
2023-08-24,144730.78702083335,20076187.00822709,1.527621294097222,0.8581112656597223,1.7896148581944447,1.4644032886805556
2023-08-25,162017.52191319445,22505334.302047733,1.5617237053125,0.8164813436805556,1.9073098405555555,1.2092958810763887
2023-08-26,172240.50557291665,24564170.945107795,1.2555467125000002,0.8208952330902778,1.4087334664583333,1.242884701076389
2023-08-27,175483.39578819447,25342482.959516533,1.054594935486111,0.8194560742361111,1.0570599979166666,1.3608574546875
2023-08-28,172430.58022569443,24976948.410515696,1.122654562048611,0.821195275625,1.1170836999652778,1.1773575174652777
2023-08-29,170124.79965625,24686926.80276954,1.1459200478125,0.782256244513889,1.1305465030555555,1.1992699426388889
2023-08-30,172151.63282291667,24839592.620123133,1.2867186087152778,0.7561414565625,1.2285475035069444,1.3266720422916667
2023-08-31,170387.8625451389,24420231.570710108,1.2625600771875,0.7539865353819445,1.2539005386805555,1.2891821794444445
2023-09-01,164830.1729722222,23437798.500293046,1.229668296388889,0.7652203991319444,1.2717157906944445,1.2820583114930555
2023-09-02,157766.66291666668,22146551.691284135,1.4584521262152779,0.7802726916666667,1.527712510451389,1.3635270381597222
2023-09-03,152520.99742361112,21395939.53174488,1.4737866028125,0.7725921319444444,1.5255068198958335,1.7104499615972222
2023-09-04,148987.74505555554,21149301.22046087,1.4262337793055557,0.7460308958333334,1.4534219040277778,1.3518942006944445
2023-09-05,147716.10972222223,20647638.694716707,1.6394483518055556,0.7714740164236111,1.7003924973263889,1.3653481552777778
2023-09-06,144779.90743055556,20181098.92405689,1.5876874693055556,0.7974224896180555,1.6769530454513888,1.2636333767708332
2023-09-07,119624.82785069443,17024356.010827247,1.17283500875,0.8806588084027778,1.139599779548611,1.1626222811805556
2023-09-08,105758.93239236111,15123762.092983862,1.197770629375,0.9242748431597223,1.1545994107986113,1.4965098143055555
2023-09-09,100648.60947222222,14408667.404369175,1.2588270389930556,0.9615644809375,1.2704576073958334,1.9035262881250001
2023-09-10,98656.75242013889,14079693.516441552,1.3067820183333334,0.9814994565625,1.366157604548611,1.5505933841319444
2023-09-11,95998.11202777777,13533668.71146018,1.3472781741319446,0.973453850798611,1.4539524157986112,1.4800809673263888
2023-09-12,91045.84571929825,12856391.422155207,1.335077739754386,0.9880462239298246,1.4148237322456139,1.418613662842105
2023-09-13,88401.72345486112,12649489.365702815,1.2810955744444443,1.0273819895486112,1.2758626835416667,1.6728488961805554
2023-09-14,88422.64304513889,12803361.178817125,1.3314477293402778,1.0803274871180557,1.3024304688194444,1.6260258669444445
2023-09-15,87475.70263194444,12902936.516699081,1.3177774355208334,1.0615919398611111,1.3195502046527778,1.4780657149652778
2023-09-16,90847.87225694445,13220663.316939928,1.5193116100347224,1.0733022498263889,1.6098143840972223,1.6398047052777778
2023-09-17,87041.5555,12576515.260188239,1.561064524513889,1.0972912144097222,1.7322510601388887,1.8583937931944443
2023-09-18,81817.69008333333,11973384.16163341,1.3219369385763888,1.0781941045833332,1.4129551778819445,1.4964580165625
2023-09-19,81056.29660763888,11931935.438006504,1.3247235668402777,0.9905258873611111,1.3034681826041665,1.4620064580555556
2023-09-20,79268.19939930557,11672644.830267984,1.3858471712847222,0.9928574746875,1.3827937097222223,1.4070565030902777
2023-09-21,81866.01929166667,12021955.247732494,1.296043413125,0.9882637303819445,1.2668863192708333,1.3455796477430555
2023-09-22,83992.76677083335,12235009.194312535,1.4381693953472223,0.9996894365625,1.4317743841319444,1.7168326090625
2023-09-23,88150.18168750001,12660086.501662368,1.596613116875,1.032351220625,1.7054516587152777,2.2883947652083334
2023-09-24,90014.40940277778,12871174.593074659,1.3761542912152778,1.0748426527430555,1.3886347968750001,1.8056123055555555
2023-09-25,85322.01173958334,12299428.599415993,1.2886078846875,1.0872092090277778,1.2433327280555555,1.3091692411805556
2023-09-26,81987.22290972222,11821025.223566374,1.3640341747569444,1.1106240242708332,1.3460230806597222,1.7650409898958332
2023-09-27,77998.40456597222,11331493.479157237,1.4173471403819444,1.1960254412847222,1.3833197713541667,1.6636530633333333
2023-09-28,80249.01613194445,11752494.390863564,1.3866622018402779,1.0937081194791667,1.1608320497222222,1.5569329316666667
2023-09-29,79492.12951736111,11569555.672868408,1.5479675103125001,1.0954906164583333,1.5105649511805557,1.5788852255555554
2023-09-30,77214.50998611111,11291878.26908284,1.4495702105208332,1.1181035652777778,1.4045393140972222,1.852946092222222
2023-10-01,78323.55187152777,11529087.060182592,1.4308900647916667,1.1161641101041666,1.277242813125,1.7965056369791665
2023-10-02,76491.69603819444,11333259.272436688,1.439977174409722,1.1107957943055555,1.2560975748263887,1.507164015486111
2023-10-03,76944.89385416667,11268766.668016737,1.5135179576388889,1.1051881646875001,1.3952579062847221,1.4530549399305555
2023-10-04,79139.29492361112,11749505.861223612,1.2860931910069444,1.088216794513889,1.1380144381597224,1.5342711845833332
2023-10-05,82082.90781597223,12309128.930313505,1.1881556611458333,1.0766800786805557,1.2478518086458332,1.4756802687847221
2023-10-06,80677.79981944445,12113474.99758925,1.217025767986111,1.0524762992708334,1.2520709354166666,1.569670758263889
2023-10-07,80269.26694097223,12245170.846475245,1.1182823239930555,0.9998048740625001,1.0801856537152779,1.518763135486111
2023-10-08,81991.68097222222,12701548.967468802,1.0174885179513888,0.9393904637500001,0.8686329755902777,1.3997373813194445
2023-10-09,82018.75175694445,12644656.681304771,1.0393983910763889,0.9208569280902777,0.9936196725694444,1.7399740580902778
2023-10-10,81060.34626736112,12403723.506163895,0.977034037013889,0.9016636821180555,1.0770417578125,1.5928919429166666
2023-10-11,80628.43128125,12262186.673812553,1.0229900683680555,0.9106196955902779,1.1500934781944445,1.5858549632291665
2023-10-12,81657.70396875001,12465981.5369256,1.012038329861111,0.9104270520486111,1.067967274861111,1.5714568402777778
2023-10-13,81687.36607986112,12442155.47163344,1.0150615943402779,0.9051799350347223,1.0545072880555555,1.6561815015277779
2023-10-14,83101.48957986111,12733265.555020358,1.0360338829166666,0.9166848594444443,1.0655025651041667,1.8140211362499998
2023-10-15,81091.59008680556,12372621.050492443,1.0896897866666668,0.9227207864236111,1.1614687133680555,1.6867007293402778
2023-10-16,81419.94815625,12354940.985703176,1.1177943813541669,0.9162528103819445,1.2456251604166666,1.5707783127083335
2023-10-17,78259.4290625,11823310.156272769,1.1176743755555556,0.9051770138194445,1.263890050138889,1.712111005138889
2023-10-18,78636.06968055555,11864232.366425665,1.1697055901041666,0.9138051684722223,1.3195601130555557,1.4981050515277776
2023-10-19,70676.26827777777,10642729.104215194,1.1461303418055555,0.9002126489930556,1.2453781017708332,1.541744548263889
2023-10-20,70093.92254513889,10828354.065371705,1.023569009826389,0.8533355378472223,1.0147563298958333,1.4587059738194443
2023-10-21,66852.34709722223,10428668.619211378,1.032828571284722,0.8203476672916667,0.9653070965972224,1.507643260138889
2023-10-22,68482.13816666667,10818461.698692784,1.0467688395138888,0.8135954132986112,1.0266582517708334,1.7730877822916666
2023-10-23,68644.33252430556,10888680.337761424,1.1001067462499998,0.7986034031944445,1.1487261539930556,1.4962032299999999
2023-10-24,73926.04003125,11785258.887891915,1.1190089172222222,0.8129123431944445,1.1316289513888889,1.294415163125
2023-10-25,73234.08319444445,11564067.42752672,1.142600306111111,0.8199166629166666,1.1035638598263888,1.1784868547916667
2023-10-26,70390.58265972223,11267808.734465886,1.1546433152430557,0.8451989525694444,1.0882993964236112,1.2198220638888888
2023-10-27,67857.63848958333,10836980.804732194,1.1839654619097222,0.8178304556944445,1.0855745734375,1.5356861444444445
2023-10-28,68880.94040625001,11129533.208938649,1.1872529148263888,0.8683006670138889,1.0276450689583332,1.5994841388194443
2023-10-29,68594.25748958334,11212168.947271744,1.1630375174305554,0.8992890123611113,1.0816577117013888,1.554320584409722
2023-10-30,64706.484749999996,11037263.427554185,1.064733929236111,0.86695190125,1.1103083552777777,1.1860943415277778
2023-10-31,63322.90955902779,10857450.532211963,1.1471625347222223,0.8162542874305555,1.189783914548611,1.280120031597222
2023-11-01,64705.44379861111,11064146.259985927,1.1847282527083332,0.8366780281944445,1.2185467996527777,1.42686176875
2023-11-02,67000.17178819445,11429564.000301426,1.2019194696875,0.834271373125,1.276585029861111,1.2101218078472222
2023-11-03,66524.49203819444,11383817.744046217,1.062866258090278,0.8306361332986111,1.2120444587847221,1.3135110576388889
2023-11-04,63463.59132986111,10727948.547225999,1.2580405965625,0.8774599088194445,1.5795126293750001,1.3000896410416667
2023-11-05,59302.091,10020592.651261594,1.3318120132638889,0.8294227970833333,1.435210605173611,1.2050173910069446
2023-11-06,63654.49152430556,10589029.160284117,1.508132989861111,0.8189038964583334,1.8092560160763886,1.2652663651041667
2023-11-07,68322.38015972223,11302308.460226662,1.4473450140277777,0.8178915401388889,1.7422498069791665,1.1557941169097221
2023-11-08,66490.96665625,11039942.616318256,1.511814083125,0.8125458627430555,1.5665779017013888,1.2135633648958333
2023-11-09,66067.40716319444,11065964.796979278,1.4449304671874998,0.86061482375,1.4408103163541666,1.1614757353819445
2023-11-10,61095.78830555556,10462233.578393508,1.2822718448958335,0.8238977192013889,1.3292554096180556,1.1610973114236112
2023-11-11,65159.15957291666,11105770.86582031,1.657741379651568,0.9484438213240418,1.7927599858188155,1.1820054678125
2023-11-12,69151.16416666667,11696098.355308674,1.6630761664583333,0.9433056913541668,2.0092321574305556,1.1861369796527779
2023-11-13,68659.38844097222,11564886.017241567,1.8222370178819445,0.9910758374652777,2.1870027112500003,1.227660175
2023-11-14,70589.07177777778,11559807.65662321,1.842452426076389,0.9743286549305554,2.269374825590278,1.1650283706944444
2023-11-15,71856.51075,11801854.533704862,1.6374964264583332,0.9588153219444444,1.6489707355208332,1.2039299692708334
2023-11-16,78965.28634375,12705007.683867088,1.9415490444791668,1.05559488875,2.1818429829861112,1.164232319471831
2023-11-17,76440.68190277778,12456746.236660175,1.3956649545833333,0.9394916039583333,1.426631032361111,1.0351194970833335
2023-11-18,73477.04287152778,11813465.129737169,1.6433325600000002,0.9483599274999999,1.884188445173611,1.3327827187152779
2023-11-19,71927.29345486111,11605272.506774437,1.765991199340278,0.9496676776388888,1.9639627159375002,1.579742161388889
2023-11-20,69967.32009375,11462496.563451437,1.7247121237588652,1.004333979397163,1.696059555602837,1.4349653093402779
2023-11-21,72887.97257986112,11933683.136662077,1.6187934327777778,0.9690535455208332,1.7269167151041667,1.1546958092708333
2023-11-22,73860.47098611112,11987791.585559333,1.6584013216666667,0.9584219421180555,1.7465758109027778,1.2794668814930554
2023-11-23,74821.99517013889,12411964.480204465,1.5687727792631578,1.0578709085964912,1.4590700675789472,1.3113631605902778
2023-11-24,74853.28130208334,12615754.17311447,1.503300337326389,1.0744624823958333,1.3972888708333333,1.3891982636458333
2023-11-25,74226.7954201389,12708289.490484385,1.3989002165972222,1.1017471347569443,1.2272519702777778,1.561962037951389
2023-11-26,76120.47938888888,13031586.139398769,1.439167965,1.1406509023776223,1.360803677972028,1.4146715890277777
2023-11-27,75927.6484201389,12706351.304511301,1.6321821089930557,1.0665341658333334,1.7915403900694444,1.3738510834027777
2023-11-28,76434.63233680556,12685033.274027046,1.6418937567708332,1.018611731076389,1.8210596662847225,1.4695251935416667
2023-11-29,76101.44103472221,12675967.605816104,1.5687511163541668,1.0244307094791667,1.5516872728125,1.4988376760763888
2023-11-30,77751.51170486111,13098879.628033102,1.496364700451389,0.9946036584027778,1.5287495590625,1.4789254022569445
2023-12-01,77138.78011458334,13168972.825013468,1.3661585336458333,0.9844032623958334,1.376545583888889,1.464877621076389
2023-12-02,78100.20301041666,13445573.262313537,1.3744568835763888,1.0163959311458333,1.2856083889930554,1.4111639629166666
2023-12-03,76269.79588194445,13153918.197742896,1.4248271272916666,1.0353553868402778,1.3371703496527778,1.321010914375
2023-12-04,76255.18756944445,13017029.20238285,1.440000577048611,1.0432040834375,1.4850348279861112,1.3931064652430556
2023-12-05,72778.20513541666,12384745.34766775,1.5368304200347223,1.005479932951389,1.4685931069444444,1.1169883902083333
2023-12-06,71067.61895486111,12237864.511437526,1.5429691180902778,1.0047390401736112,1.3463716028472221,1.2005997510069444
2023-12-07,72768.31225694444,12683518.278357042,1.4802768799305557,1.0449981708680556,1.4106375393055555,1.3716784597222222
2023-12-08,76379.57790277778,13273195.708599223,1.8393911003472223,1.170310287638889,1.8644216155208335,1.244929069861111
2023-12-09,76625.92710069445,13469167.402859552,1.8413827061458332,1.2392569462152778,1.8104481512500001,1.0965536189236111
2023-12-10,76474.73598958334,13526042.183124628,1.7809318924652777,1.1662399772569445,1.750234448611111,1.3580647699305555
2023-12-11,66233.65633680555,11304759.006805249,1.7036987839583333,1.0909034270833333,1.7720298761458333,1.2395839748958333
2023-12-12,65914.32132291667,11283968.169335144,1.687350340625,1.0969843184722223,1.8403562531597224,1.483344738784722
2023-12-13,65145.39084375001,11001475.393801684,1.8063781844097224,1.0988949081944446,2.0149404727083335,1.3407121851388888
2023-12-14,68040.92828125,11445952.385112435,1.8930447325000002,1.0381605723611111,1.9826587067708334,1.2628565618055554
2023-12-15,62815.00120138889,10661138.676700203,1.7099569174305556,1.0009557486111111,1.8134880724999998,1.205642340138889
2023-12-16,61810.00433333333,10538131.509149838,1.7256630977430556,1.0187744716666667,1.8434579087847223,1.4646632502430554
2023-12-19,64777.36446527779,11143226.412886374,1.5176548407638888,0.9920219570833333,1.732853560173611,1.2778385658680556
2023-12-20,64303.58272222223,11160279.773989672,1.5836570683333333,0.9912689560416665,1.6967257376041667,1.3399679720138888
2023-12-21,67092.63229166667,11700936.200232573,1.7341103690625,0.9954390205555556,1.8093467370486112,1.3382026496180555
2023-12-22,63465.06044097223,11025348.310042324,1.9035097726388888,0.9985951019791668,2.0468534046180555,1.3307230755902777
2023-12-23,64373.482656249995,11369110.490631573,1.8399395593055554,1.013047752326389,1.7751903046527777,1.357361980625
2023-12-24,68770.2274513889,12115941.907532785,1.9746629079513889,1.0184089702777779,2.0115167428819443,1.3738622643402776
2023-12-25,66795.4931736111,11578853.841507722,2.2244004140625,0.9783629235069444,2.5357707047916667,1.2517507300000001
2023-12-26,63760.418305555555,11142857.465996781,2.1606708326736115,0.9859119331597223,2.3452447365277775,1.1735703922569445
2023-12-27,65573.21666319444,11452469.006599566,2.2272751038194443,1.0177320680208333,2.3137651307291667,1.178128146111111
2023-12-28,67819.73186805556,11965351.36879803,3.267713275590278,1.0390937185069444,3.230843937013889,1.1149985282638888
2023-12-29,79454.603625,13488605.480266772,3.8496225261458332,1.0202237078472223,3.9652988870833332,1.2432431385069445
2023-12-30,84027.12812499999,13870932.43153021,3.2435634595138887,0.9232727359027777,3.580522684270833,1.2704978581597224
2023-12-31,79097.90855555556,13135739.982517153,2.9274646083680556,0.9313583978472223,3.2489226318402777,1.2915569585763889
2024-01-01,73149.7890798611,12136273.100718224,2.9415673671527776,0.9133123031249999,3.2634352788541667,1.2484915422222223
2024-01-02,68039.92623611112,11598434.473074647,2.786900199027778,0.8879759685416667,2.7641274201736112,1.2488796593055556
2024-01-03,69486.11104513888,11256808.90390702,2.888368779861111,0.7925649308680556,2.9006991986458335,1.3876215670833334
2024-01-04,75294.8894375,11883458.759584652,2.575009332638889,0.813099978125,2.5324793571875,1.1915535773958332
2024-01-05,74924.19440972221,11926892.54355835,2.4774813643402775,0.8238111322222221,2.2638887602430557,1.0807012549305555
2024-01-06,74408.02058680556,11457610.306483245,2.592290323854167,0.8279452950347221,2.4135515445138886,1.1264232548958333
2024-01-07,74610.96244791667,11292824.729482107,2.6640413634374998,0.8069656627083334,2.5462203562152776,1.2964582786111112
2024-01-08,79755.98180208333,11954940.670499561,2.23758548875,0.7565268042361111,2.1815669245833336,1.1522536108680557
2024-01-09,77357.92150347221,11334252.165501853,2.417978296458333,0.8010063190972222,2.3657098221527777,1.2665188940625
2024-01-10,75565.81025347223,11169332.640566714,2.3143946881944446,0.7712558120833334,2.2280426522916668,1.0779903964583335
2024-01-11,75040.7726076389,11396884.318744618,2.3172296194444444,0.7628908692361112,2.2222273969791666,1.238501427326389
2024-01-12,71192.76999652777,11053674.583587445,2.155695270972222,0.7254340218055556,2.145351824895833,1.1713361868402776
2024-01-13,68800.68412152777,10544991.605571084,2.3305197093055554,0.7658119790972222,2.385470879375,1.2895603099652777
2024-01-14,68275.70869444445,10733651.763692282,2.024814909826389,0.7740054969444444,1.9759959301736112,1.285245224513889
2024-01-15,66424.01848263889,10329146.025590975,2.153832292673611,0.7513528902083333,2.1543750020486114,1.2459329689583332
2024-01-16,70130.63354166667,11017179.847492985,2.173437913888889,0.7515715422569444,2.0981960134027777,1.3387344240625
2024-01-17,69863.37839930555,11033520.36339583,2.260002171111111,0.7558904673263889,2.119197750763889,1.184262730173611
2024-01-18,70016.31509722222,11004654.769233469,2.403397086284722,0.7704594853472222,2.4583408790972223,1.4745776484722222
2024-01-19,70023.66500347223,10754019.168374185,2.3640759176736115,0.7393513646875001,2.4276970505555555,1.2589420917708332
2024-01-20,71192.97570138889,11201902.69119965,2.1441862046527778,0.8718807776736112,2.1105623305555556,1.2840972452430557
2024-01-21,71218.75990972221,11291965.43928661,2.3180803968055557,0.8818574070138889,2.281688757395833,1.321256756875
2024-01-22,71227.44044791667,11066474.2783328,2.5213183499305556,0.8256788431250001,2.6267286636458334,1.2384617310069443
2024-01-23,71295.72719444445,10732146.81791016,2.5282021347222225,0.7771642419097222,2.5140657574652776,1.2297344722569443
2024-01-24,68659.27553472221,10450825.231526218,2.1376518760069443,0.7570727630902777,2.243607295486111,1.3723787194097221
2024-01-25,65621.93317013889,10197203.313769946,1.9642240135069444,0.7285778622569444,2.0065515158333334,1.3363795411805555
2024-01-26,68596.48062152778,10873345.150266854,1.8591413331597222,0.7398440876388889,1.7267540203472223,1.3671190986805555
2024-01-27,69459.60580555555,11100785.91213026,1.8634415573958334,0.8191984527430556,1.7506195973611112,1.7445422707986111
2024-01-28,70588.94805902778,11332802.03000127,1.947245866284722,0.8175240846180556,1.7402967164583334,1.4477725210416665
2024-01-29,79886.53667708334,13171746.299012301,1.5399541077430556,0.7519338454861111,1.3784621116666667,1.3306285417361112
2024-01-30,93705.47689930555,15470584.179349346,1.6409127621875,0.9671197362152779,1.6559766293402778,1.4405394447569444
2024-01-31,89497.83494444445,14582935.267625747,1.6789348564583333,0.9655119316666667,1.6268216878472221,1.2667434628125
2024-02-01,90475.90978819445,15113325.510354115,1.3861967292708333,0.9482732876736111,1.3071882622569444,1.2203309073958333
2024-02-02,87888.94135416666,14761985.151745347,1.543526321736111,0.9992788446527777,1.3995802846180556,1.1985210950694443
2024-02-03,92783.19041319445,15531551.505349878,1.5900746688541667,1.0148107761111111,1.5190213173611111,1.3751379228125
2024-02-04,94352.08760416666,15683016.01495859,1.5990716994097223,1.004206966736111,1.5646613006944445,1.3035634524652777
2024-02-05,92179.57878124999,15277738.618886484,1.7611980337847222,1.0055764588541667,1.7032742243055554,1.3470920594097222
2024-02-06,198348.20128125,24522453.05980588,1.6123064122569444,0.9969928735416667,1.4969513044791667,1.1539025353819445
2024-02-07,330694.0292361111,41252869.67298579,0.7450578917708334,1.0084778892708333,0.8579380005555556,1.0707891222222221
2024-02-08,284296.1318784722,35388454.946404316,0.7194506591319444,0.9898896266319444,0.7041145225347223,1.1056541034722223
2024-02-09,246308.3117638889,30470228.698603187,0.7671728059027778,0.9809261951041667,0.7701055614930555,1.1617032339930555
2024-02-10,232861.74204513888,27809444.046914205,0.9368984763194445,0.9287959197222223,0.9524646633333335,1.2118098538888888
2024-02-11,222620.6527361111,26769382.249760285,0.8895697287152777,0.929469959201389,0.9359009281944444,1.0287782987847223
2024-02-12,197177.20283680558,23990389.434730064,0.8217032852083332,0.9341098120486111,0.8977095635069444,1.1003314225
2024-02-13,161082.037625,20181034.284584537,0.83403000875,0.9490823790972223,0.8503711670138889,1.086305632361111
2024-02-14,154874.9529201389,19909594.059117425,0.8372379070833333,0.9073356142708333,0.8147447765625,1.251881870347222
2024-02-15,145719.2424826389,18475801.490329202,1.0068668993055556,0.923753153576389,0.9745161584375001,1.1679443161805556
2024-02-16,136251.5952208589,17267221.801037043,1.0810713294478527,0.9457287084049079,1.1104753917177914,1.0778976231288344
2024-02-17,130275.36119097222,15651652.426218808,1.2454297572222222,0.9338799610416666,1.3455616309027778,1.2732205607986111
2024-02-18,126010.84405902779,15237888.062166598,1.1816737325347222,0.9324369242013889,1.3185770117013889,1.3506586734375
2024-02-19,133427.2082013889,15760843.744856782,1.2028008396875,0.9648269366319444,1.3102825590972222,1.2193108021180556
2024-02-20,126804.07644444445,15159455.048525937,1.0101607952777778,1.0825362919791666,1.2371952241666666,1.163499387361111
2024-02-21,101976.62659375,12378581.645136843,1.1432148694791666,1.1497573585416667,1.4800173148263889,1.236988144236111
2024-02-22,84569.41112847223,10436717.217832047,1.2815142896875,1.1740706337152778,1.5301729978819445,1.3433693148611112
2024-02-23,83844.6977986111,10322423.048945107,1.2612417608333333,1.1643926063541667,1.4691861294791666,1.37241642
2024-02-24,82300.42298611111,10223567.710563298,1.2848831670833334,1.1681546994444443,1.4505329178819446,1.537617339513889
2024-02-25,79313.90771180556,9907718.834767286,1.455736007534722,1.167435581736111,1.5966022670833333,1.5393641831597222
2024-02-26,78707.29254166667,10278122.18140304,1.396987722048611,1.1605998139236111,1.4901211689930556,1.251128249236111
2024-02-27,74195.05215277777,10124125.064906197,1.383213938298611,1.1970487692708334,1.5062820891666666,1.2022659596527778
2024-02-28,72231.51481944445,9992312.21693799,1.427822759548611,1.2420849223263888,1.5683646856944444,1.2430461855555555
2024-02-29,65882.76880208333,9086879.32009822,1.6174543453819445,1.3314487432291666,1.762575849375,1.1072819530902778
2024-03-01,65720.11498263889,9251610.118148632,1.5379793622222222,1.1816506946527778,1.6372188708333333,1.2338731355208334
2024-03-02,64196.6303576389,9198353.626670327,1.7070056794444444,1.2463873105555556,1.795177707361111,1.1993356615277777
2024-03-03,65635.61465972223,9747314.151825907,1.7232957526736112,1.269378040486111,1.7450692959375,1.2888844849652776
2024-03-04,59011.68581881533,8714222.13322395,1.880036110348432,1.2059618571428572,1.9075071145296165,1.1196757456445994
2024-03-05,59165.51290277777,8702590.927138101,2.106004608402778,1.1324151006944445,2.0737852350000003,1.104911704861111
2024-03-06,55767.71054861111,8086734.353847659,2.1173972360416666,1.1108146666666667,2.1137030860763892,1.1528467083333334
2024-03-07,53574.6235625,7727946.313336102,2.5475949668402778,1.1658114270833333,2.50015923125,1.3081348541666666
2024-03-08,52035.64492361111,7672666.971162988,2.4252609230902777,1.1721231562499999,2.2494820881944446,1.2185785868055554
2024-03-09,56167.71689930555,8213731.442238442,2.8855510777430555,1.303646875,2.7195802344791664,1.3266386354166668
2024-03-10,57794.86269444445,8407473.72469945,3.1516473482986114,1.3352217465277778,3.096042775,1.14496925
2024-03-11,56316.07514583334,8152455.819360513,2.934861680173611,1.2621838020833334,2.8465660286805554,1.304914107638889
2024-03-12,54367.76374652778,7885384.753698645,2.335768566388889,1.2515959513888888,2.3979049823958336,1.1044671180555554
2024-03-13,55053.08679513889,8055809.138821632,2.531210018576389,1.286236875,2.4172357613541666,1.240466111111111
2024-03-14,50146.180736111106,7391103.364628091,2.6972264789930556,1.201511611111111,2.550345755868056,1.1843782256944444
2024-03-15,48556.504215277775,6930217.30949175,2.5069524221180557,1.0850976180555554,2.442967493298611,0.9722844548611111
2024-03-16,50349.48279166667,7209152.139199155,2.3131581686111113,1.0868804409722221,2.211849203194445,1.1338552395833335
2024-03-17,46873.71015972222,6654052.39041932,2.2113341510416666,0.9903797048611112,2.1323726768055553,1.1464518645833333
2024-03-18,50146.252298611114,6992530.275207147,2.347720992534722,1.0935306145833334,2.424785657222222,1.2308653715277778
2024-03-19,49138.73387152778,6651261.684899026,2.4406522808333335,1.0507544340277777,2.452124820451389,1.1017482534722223
2024-03-20,49311.23442361111,6773440.197096066,2.323808331875,1.04497990625,2.1262159987500002,1.056300111111111
2024-03-21,55651.270399305555,7859485.097346299,2.1437434998611113,1.1557017118055555,2.058948391770833,1.2869209479166668
2024-03-22,53824.37222222222,7373385.175397945,2.600641265694444,1.22643553125,2.533442685763889,1.094947951388889
2024-03-23,46993.12611805556,6437238.842527028,2.28530897,1.2147095451388887,2.2529688564930557,1.2520328125
2024-03-24,48236.716965277774,6834629.6301209815,1.8835617213194444,1.2001242013888889,1.813025821423611,1.3206535798611112
2024-03-25,49254.266197916666,6985125.282986924,2.4921436894791666,1.1769990138888888,2.2689309544444445,1.3701024097222223
2024-03-26,52651.17167013889,7351693.593365432,2.8518437406597226,1.084690670138889,3.0607794322916666,1.4001596354166665
2024-03-27,51347.161166666665,7052519.718496608,2.6452640899305555,1.0557273819444444,3.031748406284722,1.2876548125
2024-03-28,50760.191809027776,6962620.464099552,2.861541017361111,1.0539078472222223,3.076909928541667,1.3559892604166666
2024-03-29,54666.58272569444,7349917.220771732,3.101281528645833,1.068670125,3.5855562768402773,1.3205979097222222
2024-03-30,58324.93225694444,7660398.8246286195,3.0958695456597223,1.0499479027777778,3.602037696805555,1.3454260451388889
2024-03-31,61241.40305555555,7890940.90091276,3.2168052106944445,1.0528880069444444,3.665627181215278,1.50123234375
2024-04-01,59703.17729513889,7437065.911374484,3.2212873249652776,1.0739666180555556,3.603350707152778,1.2656182777777778
2024-04-02,62016.577326388884,7481912.892868915,2.989138676423611,1.1024412465277778,3.348189692395833,1.2873964097222224
2024-04-03,55675.19675347222,6913260.1973266415,2.6839093552083333,1.1206088333333333,2.9015569328125,1.2992647326388889
2024-04-04,52949.19350347223,6874134.884362016,2.076392166388889,1.0547785555555556,2.2690932324305555,1.199428454861111
2024-04-05,50224.20296527778,6483365.910979145,2.1982963480208335,1.0733725069444444,2.3299766680902776,1.5086826805555555
2024-04-06,52408.26936111111,6847655.162135752,2.151570291388889,1.0695639930555556,2.2363363300694443,1.7676972222222223
2024-04-07,48631.169434027775,6422259.396523525,2.350088704965278,1.0748228020833333,2.417073760902778,1.421838392361111
2024-04-08,46110.49463194444,6150288.881356556,2.260294969548611,1.1153650868055556,2.349884294861111,1.53456171875
2024-04-09,44386.33484722223,5999210.479523361,2.1705619053125,1.1195169722222222,2.108762670763889,1.48794353125
2024-04-10,43780.18310069445,5845698.278533507,2.186074154097222,0.9806457361111112,2.1857674906944444,1.289567420138889
2024-04-11,43334.8391875,5787017.184653912,2.227529076319444,0.959988513888889,2.2117226634375,1.5941510972222224
2024-04-12,43376.32799305555,5678575.516798164,2.138431705451389,0.9936870555555556,2.125913660034722,1.453918815972222
2024-04-13,41636.766437499995,5124542.029857042,1.8053136048611111,0.9782476631944443,1.796533599375,1.2110608055555554
2024-04-14,35736.371677083334,4251121.173304584,1.7586222855555556,1.023863795138889,1.7529101805555554,1.2139742743055555
2024-04-15,36323.77716666667,4432844.631376554,1.7857751676041669,0.9618093888888889,1.7913766812152778,1.3925876180555554
2024-04-16,36331.80774305556,4360733.657258812,1.8426535962847221,0.9002828923611111,1.8586551728472225,1.1858237395833333
2024-04-17,35647.127100694444,4324650.820164769,1.532364377951389,0.9011461180555556,1.54783479875,1.0970848125
2024-04-18,37041.51884027777,4308803.390166088,1.6533285994444444,0.9704691388888889,1.7522173056944446,1.2015780451388889
2024-04-19,39851.54411805556,4683311.976783679,1.6033239114930555,0.9496238923611112,1.7100953520833333,1.16736859375
2024-04-20,42382.97267708333,5014253.219375376,1.3371649637847223,0.9593479097222222,1.4945724939583334,1.251481673611111
2024-04-21,41011.16973958333,4926994.647635146,1.3839422110763888,0.9999487881944444,1.5507732266319445,1.3300062465277778
2024-04-22,37493.581569444446,4535816.681242358,1.2874235926388888,0.9454311319444445,1.449550295625,1.1187686527777778
2024-04-23,35302.07807986111,4311836.8799754195,1.312393097638889,1.0125227743055556,1.4118557751736112,1.33019446875
2024-04-24,36117.86162152778,4365230.074498276,1.5199942537500002,1.0153599340277777,1.6117829814930555,1.2047220763888888
2024-04-25,36092.942565972226,4301369.915866968,1.5224940471875,0.9571687708333333,1.5571158925694446,1.2907766944444445
2024-04-26,36187.28029166666,4369910.501670061,1.5667841367361113,0.9799668506944444,1.5122040736805555,1.143327170138889
2024-04-27,35661.144375,4289394.458866806,1.6032904322569446,0.9662356805555555,1.5870769402083333,1.169974638888889
2024-04-28,42662.999927083336,5320706.950433054,1.4206654819097222,0.9960149930555556,1.4605150510069445,1.2398868159722223
2024-04-29,36130.02903819444,4523233.048552041,1.3468086459375,0.9957020416666666,1.3586840864930556,1.2012552395833334
2024-04-30,36271.56982291667,4461773.6288630515,1.6189240221180556,0.9804138090277777,1.5525588716319445,1.2892007430555554
2024-05-01,35184.65745833333,4223001.891724714,1.6457530851388888,0.9554740902777777,1.6583947896527778,1.2262190381944444
2024-05-02,37645.191732638894,4651132.949853523,1.5925632156944445,1.0031307604166666,1.6054123801041666,1.1985694756944445
2024-05-03,38703.74828125,4786692.268696435,1.6916021236458334,1.0212358020833332,1.7497355902777778,1.3109003715277778
2024-05-04,38260.24805902778,4772437.000610851,1.851824141909722,1.0092249131944444,1.7415341214236113,1.2935399027777779
2024-05-05,34830.16082291667,4428998.088858914,1.7122221059027778,0.8843240659722222,1.5884108909722223,1.4595073611111111
2024-05-06,33854.7011875,4465469.287899468,1.8651259367013888,0.8536451006944444,1.5831213412847223,1.1816026215277777
2024-05-07,32949.578166666666,4291821.653184067,2.094732609340278,0.8429030798611111,1.87026837125,1.2494780208333334
2024-05-08,33483.82142013889,4319300.751455232,2.068239653298611,0.8502131944444444,2.014027907638889,1.2075040729166666
2024-05-09,39186.40113194445,5183655.631504501,1.851529031388889,0.852589875,1.7969436231597224,1.2970854652777777
2024-05-10,38086.29426736111,5058970.268285501,1.9224285472222222,0.7714587465277778,1.7794507449652777,1.4762208368055554
2024-05-11,36092.47735069445,4757808.956678975,1.9745683171527777,0.74016128125,1.9902207194097221,1.3228917881944444
2024-05-12,39211.15819444445,5240643.524382365,1.7408140553125,0.7757180729166666,1.2464367623611112,1.4595923159722224
2024-05-13,37412.475694444445,5023494.360327733,1.7159893042361112,0.7819204826388888,1.1830754781944444,1.4082195381944445
2024-05-14,35716.32610416666,4790637.783575819,1.8495894637847223,0.7411261388888889,1.3998990230555557,1.5586433333333334
2024-05-15,36020.97332291667,4803651.585134768,1.8344423669444443,0.7375576875000001,1.812918957986111,1.4274746840277777
2024-05-16,38814.928336805555,5177061.595635224,1.8063633606597225,0.7385410034722222,2.124747878645833,1.2630222118055556
2024-05-17,35103.88463541667,4716453.267611043,1.6069155958680554,0.7267579513888889,1.3279457341666667,1.235955579861111
2024-05-18,35715.00047222222,4845254.251992211,1.4176793553819445,0.8454911180555555,1.183779630798611,1.4327494722222223
2024-05-19,34019.66144097222,4603560.733284925,1.514695179652778,0.8741949687499999,1.1881017894791668,1.6031179270833333
2024-05-20,33167.14647222222,4483639.479701157,1.49045500125,0.8804748090277777,1.2530457668055555,1.491308826388889
2024-05-21,36322.45079861111,5005366.379926488,1.4649837147916667,0.8684374270833334,1.4995862403125,1.6393895972222223
2024-05-22,37370.13960069444,5144532.874484177,1.582792479236111,0.8424017291666667,1.494704541111111,1.537672326388889
2024-05-23,35897.468499999995,4999832.347124102,1.5450419229513888,0.8493083819444445,1.1240849464930556,1.1972390173611112
2024-05-24,36078.932527777775,5096022.101202179,1.514756073888889,0.8399123333333334,1.5143252189236112,1.6678627083333335
2024-05-25,35477.84392013889,5014990.921515024,1.7822784579166668,0.8515508541666666,1.8533212311458334,1.8162498466898953
2024-05-26,36649.31572569444,5209164.96088293,1.6985255333680556,0.8628829930555555,1.5506830641666667,1.6396255000000002
2024-05-27,35693.69210763889,5086047.198458664,1.6804528196180555,0.8680601319444444,1.6601067178125,1.4878619340277777
2024-05-28,35350.38023611111,5044528.788089549,1.6429010090277778,0.8167015034722223,1.665462083125,1.4201405034722223
2024-05-29,37607.27998958333,5323057.099664362,1.647405028090278,0.7544508194444445,1.7539252995486112,1.5624216840277778
2024-05-30,39657.497104166665,5719908.855669866,1.2199508972569444,0.7403965486111111,1.0869677895833334,1.3541026770833333
2024-05-31,40132.35605902778,5872809.690961827,1.2261424596875,0.7755149305555555,1.0493850472222224,1.4710021666666666
2024-06-01,40457.03554861111,6030574.228022542,1.1847433337500002,0.782623,0.9818108247916667,1.8857822465277776
2024-06-02,41929.92643402777,6353772.531192992,1.1311877565625,0.7961066909722222,0.9007584778472223,1.829738284722222
2024-06-03,42222.16052777778,6520437.513604545,1.2322033100694445,0.7857857152777777,1.0309451878819444,1.71500140625
2024-06-04,42231.647541666665,6644716.266380899,1.0960441726041668,0.7913680243055556,0.9368950519791667,1.554685986111111
2024-06-05,43096.77364583334,7003810.954933162,1.0754698834375,0.7863049340277778,0.8899906159722222,1.62710375
2024-06-06,43597.625819444445,7143880.773004444,1.1881021089583335,0.7983776805555556,0.9266365545486112,2.09075846875
2024-06-07,46147.87567013889,7649181.62744339,1.2276441002777778,0.8114812222222222,1.0848945385416666,1.4875363750000001
2024-06-08,44345.394392361115,7266385.676650975,1.1847993059375002,0.8146431805555555,1.0935888338888888,1.4901404097222222
2024-06-09,46736.22423611111,7978820.771506624,0.9134994279861112,0.8482305104166667,0.8254089615625,1.2430247604166667
2024-06-10,51750.64083333334,9213558.747375406,0.6906537507638889,0.8188973993055556,0.6224311440625,1.34864934375
2024-06-11,52484.64871180555,9200613.405473834,0.6774974811458333,0.8541164513888888,0.5662279635069445,1.2614243159722223
2024-06-12,54601.79416319445,9727634.353387607,0.6266991252961672,0.8838330940766551,0.5168095997909408,1.34753690625
2024-06-13,57130.545343750004,10045528.79189425,0.6735278532986111,0.8943221458333332,0.5860989442013889,1.322388940972222
2024-06-14,52999.60934027778,9085430.300952347,0.8542845775694444,0.8731535798611111,0.7736860526736111,1.3114232708333333
2024-06-15,50192.34326736111,8637579.547776602,0.7241311917361111,0.8611625520833334,0.6992788313194445,1.4459176006944443
2024-06-16,51686.97445833333,9054694.563692903,0.7373425917361112,0.8548865694444445,0.6991930090972223,1.5372476979166665
2024-06-17,53787.40813541666,9404101.524121398,0.7314941086805555,0.8457126423611111,0.687664575625,1.4139858090277777
2024-06-18,53992.72765277777,9235995.233942283,0.7573831451736112,0.8353813125,0.7777062274652777,1.205284611111111
2024-06-19,48573.50133680555,8235109.2045987435,0.8097914155902778,0.8286742881944444,0.8691147239930556,1.4728597291666667
2024-06-20,44940.18592013889,7612170.869487696,0.7756667068402777,0.832839795138889,0.8476315744444444,1.4829090347222222
2024-06-21,45487.07399305556,7535964.353647388,0.8054499010763889,0.8093370320284697,0.8995391166666666,1.5521330590277778
2024-06-22,47296.62614930556,7743583.724595444,0.7838328973611112,0.8208904305555556,0.8660058563194445,1.2573024270833333
2024-06-23,45179.300920138885,7462392.059694316,0.8044001407291667,0.821925892361111,0.8512351420833333,1.5015510277777777
2024-06-24,45811.532354166666,7413146.988524714,0.8562223450694444,0.797501704861111,0.9271702626388889,1.3338681527777778
2024-06-25,45070.995548611114,7318803.8242804725,0.8288992854861111,0.8119158020833334,0.9309581728472222,1.409566815972222
2024-06-26,44930.14056597222,7409247.843796591,0.806870589375,0.8483122361111111,0.8141623690972222,1.4805076840277778
2024-06-27,46944.88379166667,7777509.153444906,0.8101126460416667,0.8508117534722222,0.8016047345138889,1.4158541840277779
2024-06-28,50908.15474305555,8516890.909708558,0.8124365710763889,0.8720123958333333,0.8161423494791666,1.650956388888889
2024-06-29,53949.1705,9003303.913726596,0.8100561239236111,0.8801992013888889,0.7845115720486111,1.6880781145833332
2024-06-30,52388.90546180555,8789495.729910007,0.8131623607638888,0.8658595694444444,0.7926575892708334,1.5172322743055555
2024-07-01,52526.75131597222,8949447.325522736,0.7987160818055555,0.8517425347222223,0.8276914282291666,1.5229996458333332
2024-07-02,51932.61089583333,8782702.000838006,0.8168298385069445,0.8695980902777778,0.8491495260763888,1.6142454305555556
2024-07-03,53901.19410763889,9017442.575278364,0.8580480293055556,0.8451129131944444,0.8690112038541666,1.634874263888889
2024-07-04,57252.74658680555,9150459.354065293,0.8923931422222222,0.8253786354166667,0.9211186992361111,1.3151037326388888
2024-07-05,48041.26217361112,7094157.0707768705,1.0142675196180555,0.7232392743055556,1.1101598270486113,1.3313027638888888
2024-07-06,42913.347527777776,6711777.875375038,1.0417382610069443,0.7097513923611111,1.0924155802430555,1.4908611770833333
2024-07-07,43895.31130208333,6804266.4210827565,1.0715888020138888,0.7506401111111111,1.0941253570833334,1.4434103298611112
2024-07-08,40722.92703472222,6166670.569952028,1.0723399277777779,0.7118449965277778,1.1348072926388888,1.3333303958333333
2024-07-09,43945.47464583334,6787986.295477271,1.055327934236111,0.7649567465277778,1.072123413611111,1.4136214930555555
2024-07-10,43316.13497569444,6721604.99792214,1.0567597641319444,0.7880193715277778,1.0173151005555556,1.5943994409722224
2024-07-11,39220.145,6198881.62515029,1.0059503781944443,0.7548712430555555,1.0108129913888888,1.430567048611111
2024-07-12,37339.53805555556,5931697.764944946,0.9683272695138889,0.7172999513888889,0.9239582342708333,1.6326420381944444
2024-07-13,41315.53984375,6594037.53729586,0.9397156117013888,0.7434037291666667,0.9098966789930556,1.3424939062499999
2024-07-14,38137.22917013889,5988745.176014912,1.0322662893749999,0.69191371875,1.043529612326389,1.4885047986111113
2024-07-15,36644.01095486111,5832925.267011084,1.1023349665625,0.6912940243055555,1.0675687035069443,1.5412406527777778
2024-07-16,34844.40468402778,5587772.553779697,1.052425462638889,0.6901169618055555,1.0675808437152776,1.2883974930555555
2024-07-17,34553.12650694445,5577801.427993474,1.1164102837152778,0.665937357638889,1.0802181878125,1.562899545138889
2024-07-18,32748.172496527775,5263145.342286962,1.081441633611111,0.6450275763888889,1.0850213181250001,1.4451870555555555
2024-07-19,31763.238402777777,5086834.831756479,1.0052687121875001,0.6266645416666666,1.0892187781597222,1.7246450868055556
2024-07-20,30710.970309027776,5001341.676653784,1.0171827663194444,0.6407921527777778,1.0413413811458332,1.925885923611111
2024-07-21,29580.979993055556,4837491.545875351,0.9844891297569445,0.6462457673611112,1.0007295271527776,10.374019711805555
2024-07-22,28956.44999652778,4715415.832503425,1.0300566114583334,0.6341065381944444,1.071130044201389,1.895401079861111
2024-07-23,29607.699999999997,4740521.794800283,0.9965213907291667,0.64448196875,1.068234881388889,2.0315146215277777
2024-07-24,28082.47278819444,4531136.120082368,0.9645511203125001,0.6340535173611112,1.0265709751041667,2.3012448125000002
2024-07-25,28078.703416666667,4390415.884259665,0.9855144387847221,0.6493556423611111,1.0467148452777777,1.7229934375
2024-07-26,30801.560899305558,5092683.44566634,0.9587167583333334,0.7186620625,0.9842071192708334,1.4390800347222221
2024-07-27,29159.157656249998,4759090.327274452,1.0437287686458334,0.6788305798611112,1.1085871322569443,1.737851125
2024-07-28,28506.225618055556,4635651.590105871,1.0380655275694446,0.6606163333333334,1.1168452353125,2.42407965625
2024-07-29,28816.148038194442,4722814.91435042,1.08553075125,0.6362598090277778,1.2753749110416668,1.9177648993055554
2024-07-30,30640.329211805554,4900041.982290485,1.1880070466666668,0.6611423993055555,1.4242682353472222,1.5165150347222223
2024-07-31,30826.20996875,4902756.855557415,1.1697000222569445,0.6760235520833333,1.4118388520833334,1.7444006701388888
2024-08-01,31278.672708333335,4868868.187640542,1.1631231294444444,0.6775545347222223,1.3998984017361111,1.447791798611111
2024-08-02,31624.843069444443,5049608.108245486,0.9466080332291666,0.6982540173611111,1.0086433025694446,1.2659833055555554
2024-08-03,32587.836805555555,5097944.169001595,0.8048710602083333,0.6956431180555556,0.8525079952083333,1.35677
2024-08-04,36254.8543125,5466504.272794409,1.0147493038541666,0.7419226215277778,0.9936345571875,1.31028271875
2024-08-05,33742.413079861115,4892017.319606046,1.0406977356944445,0.6968342152777778,1.0447364882291668,1.1871016145833333
2024-08-06,31212.297875000004,4652142.509591679,1.0372110799652778,0.6658825868055556,1.077209290138889,1.626179795138889
2024-08-07,29275.52695138889,4366040.3452318255,1.0433036215625,0.6805346527777778,1.080530760347222,1.254782027777778
2024-08-08,28386.997065972224,4319866.801260188,0.9885011447569444,0.6818883784722222,1.0317186727430556,1.3153331180555556
2024-08-09,30074.209340277775,4683368.168785386,1.0500595162152777,0.7358648611111112,1.0230740040625,1.3659288784722223
2024-08-10,32638.79442361111,4917332.519826827,1.1056449810069444,0.7339349236111111,1.1788914635069443,1.4500178055555555
2024-08-11,31264.971892361107,4692756.330743805,1.0788736408680557,0.7224603680555556,1.162948146875,1.622433329861111
2024-08-12,30412.32172222222,4544945.311321963,1.103054580851064,0.688171219858156,1.2028785530851065,1.1177079930555556
2024-08-13,35632.77749305555,5330715.974437612,1.099172102013889,0.73659859375,1.2257692964583333,1.3468795694444444
2024-08-14,30423.800399305557,4559304.23625408,1.0798195700694444,0.6508650555555556,1.1665141868402777,1.3726017222222222
2024-08-15,28749.793635416667,4325376.415193133,1.0899707515277777,0.6117925520833334,1.1776746352430556,1.3038101145833334
2024-08-16,29750.56007986111,4447099.106007567,1.1096402946875,0.6399196666666667,1.2056701856597223,1.2286960243055556
2024-08-17,34424.80308333333,5142231.006086956,1.0288116495138888,0.741245236111111,1.1180725720138889,1.6012817256944443
2024-08-18,33232.46716666667,5006829.498608613,1.0461780877083333,0.7436300902777778,1.0958358414583333,1.3634677256944443
2024-08-19,29413.925256944443,4502828.732668496,1.0223064376041666,0.7280414097222222,1.0358077967708335,1.5248487118055556
2024-08-20,28261.945270833334,4464393.764208518,1.0327691353125,0.7094946805555555,0.97747145125,1.3903096979166667
2024-08-21,27400.164951388888,4366971.95546195,1.0732714148263889,0.6614879062500001,0.9624889841319444,1.426640111111111
2024-08-22,28518.18137847222,4673594.972278344,0.9990909729166666,0.656299625,0.9017910901388889,1.2708861284722222
2024-08-23,31295.644871527777,5271574.793343641,0.9732460711458333,0.7069727708333333,0.8585518674652778,1.305623795138889
2024-08-24,30979.657284722223,5348222.62342934,0.9959106346180556,0.7164708263888888,0.8347824682638889,1.4287561909722222
2024-08-25,30542.563413194446,5160373.952695463,1.0085079050694443,0.70253059375,0.9392136837499999,1.6251026805555555
2024-08-26,34241.995729166665,5664682.274456535,1.0601512611111112,0.7053038506944445,1.0191520597222223,1.3345108645833335
2024-08-27,33787.687458333334,5481727.4489652505,1.091649569375,0.6972813472222222,0.976378669826389,1.214977263888889
2024-08-28,32067.89533680556,5046875.316715966,1.1039885396527778,0.7055295555555555,1.0115922702777778,1.2963002847222223
2024-08-29,31712.97222916667,5078080.674161505,1.0958826051388888,0.70402340625,1.0988857066666666,1.5094422604166668
2024-08-30,27874.588427083334,4580284.482636817,0.9904247057638889,0.6370131111111111,1.1012414469097223,1.3705094722222222
2024-08-31,32222.68629166667,5434984.290655023,0.9086880479861112,0.7068931458333334,0.9348825622916667,1.2858946388888888
2024-09-01,32069.463666666667,5360101.367777155,0.956454125,0.6999981458333333,0.9334012734722221,1.3789141354166667
2024-09-02,34276.588045138895,5779725.530879866,0.7770594826041667,0.7217613472222222,0.7578446553125,1.3093496284722221
2024-09-03,36240.046368055555,6262313.18316046,0.6844146263194444,0.6982123576388889,0.6331184438541667,1.3274757430555555
2024-09-04,38305.54120486111,6642242.505635103,0.7006704247222222,0.6894414375,0.6521832598263889,1.3350745972222222
2024-09-05,38387.45654166667,6637838.6619441975,0.7228992281250001,0.6797496944444444,0.6692931239236111,1.238955534722222
2024-09-06,35341.608774305554,6024181.318199583,0.7853801967708334,0.6041202430555556,0.7405765939236111,1.3865215520833334
2024-09-07,35112.46386805556,5848555.135735762,0.8844758158680555,0.5987056944444444,0.8759512357638889,1.5056971250000002
2024-09-08,39079.06170486111,6711398.644638711,0.7823248719444444,0.6561998784722223,0.7727811186111111,1.4616228645833333
2024-09-09,37389.836111111115,6425213.1451761555,0.8490143021180556,0.6303360208333334,0.8225124909722222,1.6460099340277778
2024-09-10,34280.81314583334,5805784.653884085,0.8985467059375001,0.5952750902777777,0.8963670381944444,1.602846888888889
2024-09-11,33521.224954861114,5660324.619473632,0.8438052318402778,0.5999058229166666,0.8726078928819444,1.7414124548611112
2024-09-12,34170.16462152778,5856404.791513617,0.8219046117013888,0.6442263784722222,0.8105771621875,1.6575621041666666
2024-09-13,35398.926649305555,6041538.08761727,0.8408241154513889,0.6401257430555556,0.8751848212847223,1.6485627430555556
2024-09-14,37001.64991666667,6276320.233548023,0.8800240899652778,0.67128475,0.9497212539236111,1.5314395868055555
2024-09-15,34848.714791666665,5936943.067029438,0.8930465958333333,0.6411671354166667,0.9499744564583332,1.4606979409722223
2024-09-16,33599.32830208333,5716948.5844124565,0.8263289438194444,0.6222814409722222,0.9248906556944445,1.5897298333333334
2024-09-17,31926.56127777778,5463069.082974853,0.8304419600347221,0.5926556527777778,0.9123151963194444,1.5827748819444443
2024-09-18,33848.39144097222,5826763.430969458,0.8322575706597222,0.61410309375,0.8910187576736112,1.6048071180555556
2024-09-19,31868.49953125,5524702.077979446,0.8789252054166666,0.6650208645833333,0.9626570126041667,1.489850045138889
2024-09-20,34076.662267361105,6032538.938128361,0.9225113952083333,0.7640990347222222,0.9713544597569445,1.383980375
2024-09-21,33578.81773263888,5936516.615421603,0.977918297013889,0.7663182569444444,1.0051943127430556,1.5974311875
2024-09-22,32604.372850694443,5749398.875773283,0.9645683857291666,0.7725951944444445,0.9939584081250001,1.5278819583333334
2024-09-23,34266.316836805556,5967373.531594749,0.9702316074305555,0.7394519861111112,1.0211152243402777,1.4080329895833334
2024-09-24,37933.94276041667,6394513.195673269,1.156476169513889,0.6711234444444444,1.2701375503472223,1.4546443993055556
2024-09-25,36014.11909375,6039479.465688745,1.1733130692708333,0.6546918020833333,1.3251920875694445,1.5292349895833333
2024-09-26,34281.585600694445,5657142.9465081785,1.2312976135069444,0.639021875,1.4521722881249999,1.5096908055555556
2024-09-27,35061.76046875,5715588.194141304,1.3379165318402777,0.6509265590277777,1.6385920477430556,1.5977753854166667
2024-09-28,36908.062809027775,5911411.516799531,1.4058646703819444,0.7309189409722222,1.7991944009374998,1.5940857222222222
2024-09-29,38966.572420138895,6061702.0237652585,1.5470096382291667,0.7549912534722222,1.9532969851388888,1.6881893368055556
2024-09-30,39067.38220833333,6000292.62238937,1.6437655789583332,0.7766239548611111,2.1226835588194444,1.23402665625
2024-10-01,37051.894791666666,5553470.557021971,1.8083305562499998,0.8611079236111111,2.2792099633680554,1.3491078576388889
2024-10-02,35359.128732638885,5019362.892955316,1.7946396934722222,0.7804491631944445,2.1380276839930556,1.316288642361111
2024-10-03,36625.599454861105,5115319.866026875,1.6517539891319446,0.7543016180555555,1.9003723182291665,1.4663234270833334
2024-10-04,33995.61375347222,4975656.120595546,1.3794498070138888,0.6961870902777778,1.5073437335069444,1.5282964618055557
2024-10-05,32221.967079861108,4895333.64082683,1.2604320402777778,0.7041870277777778,1.4111762,2.0182353784722222
2024-10-06,34411.95446180555,5186791.007533044,1.28598457375,0.7323498090277778,1.4202543724652776,1.7572455833333334
2024-10-07,39076.82659027778,5726933.835000198,1.503608764201389,0.7697433715277778,1.6918467916666666,1.4104794756944445
2024-10-08,35463.79667708333,5226384.951615202,1.4944577891319444,0.7316097083333334,1.6872950906944444,1.4462786701388888
2024-10-09,32552.270899305553,4922949.042849945,1.2405793772569444,0.70763015625,1.3948727111458334,1.4325479027777779
2024-10-10,32618.572461805557,4929447.335749127,1.2755702219791667,0.6990554444444445,1.4322872846874999,1.40980075
2024-10-11,32925.50921180556,5007593.91515585,1.3280313643402777,0.6838789236111111,1.5613904989583334,1.49494840625
2024-10-12,32223.76375347222,4915757.421799087,1.422182941909722,0.6713978263888889,1.6441007202083333,1.6285451076388888
2024-10-13,32521.235538194447,4918291.304512043,1.4496947660069446,0.6856507638888889,1.636031461423611,1.6477221875
2024-10-14,30099.205697916666,4626896.672575194,1.4139203736458332,0.6672016006944445,1.4504591631944443,1.4717561423611112
2024-10-15,29362.736239583333,4567824.755102133,1.4525430345138888,0.6369475034722222,1.5170022329166666,1.5188937083333334
2024-10-16,28770.371555555557,4473947.493281925,1.3695658302430556,0.6087704479166667,1.4476569205902778,1.830750826388889
2024-10-17,28569.51806597222,4480828.245559604,1.2042518546180556,0.593507704861111,1.3097254643402776,1.5755887534722222
2024-10-18,27949.453680555554,4448385.432803625,1.0846394961458334,0.6107461006944445,1.2134082017013887,1.6593006944444444
2024-10-19,26946.885541666667,4334310.984782616,1.0922407874652778,0.5894713263888889,1.2098218924305555,1.7331171840277777
2024-10-20,28036.420899305554,4502369.3560180515,1.126573939548611,0.6125490312499999,1.250872565034722,2.2863002430555555
2024-10-21,29082.781038194444,4608187.0795053365,1.2691939127430556,0.620926170138889,1.5030750122569445,1.6447566805555556
2024-10-22,29020.989701388888,4550678.189196714,1.3127943330555556,0.6223652083333333,1.589746899652778,1.7668263263888888
2024-10-23,27103.662118055556,4244869.19308824,1.3177232609722223,0.5774042986111111,1.5814826768055557,1.9466189791666666
2024-10-24,27947.85594791667,4380356.031699756,1.2320315409722222,0.5984789618055556,1.5309284028472223,1.9417468680555556
2024-10-25,27945.339854166665,4411897.974123393,1.1890987597222222,0.6318005,1.4070536912152778,1.7513088333333333
2024-10-26,28744.017333333333,4560698.28061995,1.0535331062152777,0.6389761875,1.1915439738194444,1.6557369479166666
2024-10-27,29405.47188541667,4760974.989466632,0.8622797412152778,0.6532415347222222,0.884820204375,1.6448909375
2024-10-28,28636.310734265735,4650262.465573472,0.8711387890209791,0.6335125734265734,0.8880577430769231,1.6798363251748252
2024-10-29,27567.26408333333,4527892.934907305,0.8400119911458334,0.6718339131944444,0.9022192129861111,1.620446173611111
2024-10-30,25127.194420138887,4103254.058126918,0.8909291656597222,0.7226135069444444,0.963097417361111,1.6398529166666667
2024-10-31,22804.328871527778,3632923.652337333,1.0082302244791665,0.8239032916666666,1.120940829201389,1.8648485729166664
2024-11-01,22020.682937499998,3412671.932772546,1.09781257625,0.8397539756944444,1.273167602638889,1.6273350590277778
2024-11-02,21889.32281597222,3420102.743181664,1.0200597916319445,0.86222253125,1.1699510574999998,1.79834346875
2024-11-03,22377.07998263889,3498458.1327351676,0.9573971370833334,0.8539530104166667,1.1008187040277777,1.5099311493055554
2024-11-04,24909.867847222224,3954418.3095944175,0.8162135148263889,0.8311820555555556,0.8814725972222222,1.473440829861111
2024-11-05,25358.246395833336,4051370.592176957,0.8343681740972222,0.87260653125,0.9160616867708333,1.2418936770833333
2024-11-06,23801.629190972224,3832110.9222395066,0.936484397673611,0.8683233715277778,1.0382224446180555,1.4559648784722221
2024-11-07,24710.610486111113,4047587.1698542577,0.9490346228125001,0.8906247430555556,1.011672560486111,1.5419572430555555
2024-11-08,25746.192229166667,4237153.418616396,0.9684057893402778,0.8896047048611112,1.0254804349652777,1.5045149131944444
2024-11-09,26212.25451388889,4278072.114395607,1.045437473888889,0.9034114826388888,1.08933746,1.6650576597222222
2024-11-10,26118.865336805557,4283810.332757534,1.1779959350694444,0.9309867465277778,1.2435750999652777,1.2817504131944444
2024-11-11,28101.058631944445,4473592.008367797,1.3197106690625,0.9468416840277778,1.380962375173611,1.2699212708333334
2024-11-12,31346.53639930555,4885113.793196309,1.431826901111111,0.9831153159722221,1.534076033125,1.3267850208333334
2024-11-13,42058.83120486111,6272785.819492164,1.4236508867708333,0.9718727986111111,1.5671140233333334,1.2545393194444445
2024-11-14,46598.214243055554,6848614.554808066,1.6329605228472222,1.0238733402777778,1.9272259006944443,1.3110146527777777
2024-11-15,45890.76426736111,6698542.297093677,1.6133716536805556,1.0480466562500002,1.8656439252083332,1.2464383194444446
2024-11-16,47530.4395625,7036763.999749115,1.5654396954861112,1.0562418090277776,1.8534112319444445,1.3391970972222222
2024-11-17,46581.62642361111,7031736.513935804,1.6400777452430555,1.1338186215277777,1.8455111639930557,1.3819158125
2024-11-18,42279.2334375,6619870.061574843,1.4617130158680556,1.1623715208333332,1.6371180809722223,1.207918732638889
2024-11-19,38711.998013888886,6155313.832684872,1.3792138046180555,1.178056767361111,1.5476891518055556,1.3571463263888888
2024-11-20,37780.42943402778,6060028.955114584,1.4038466649652779,1.1861677291666668,1.4289827299652778,1.3650243854166666
2024-11-21,38595.529565972225,6217244.772679841,1.3198926905902777,1.1534610104166667,1.4450736064583334,1.3119661076388889
2024-11-22,39580.697090277776,6325986.7702713795,1.4446317714583334,1.18018328125,1.6030717202430556,1.2927158090277777
2024-11-23,39628.39449652778,6443369.348200995,1.491306334375,1.1664597916666668,1.5982119328472222,1.5144344444444444
2024-11-24,41132.83659027777,6692740.558529901,1.6808983322222222,1.1995960138888888,1.8554737433680555,1.21650859375
2024-11-25,39201.32382986111,6353251.090195583,1.8042450905902778,1.313907857638889,1.8929952724305557,1.3140888194444444
2024-11-26,41946.634913194444,6535752.292253158,1.9423435236458333,1.2527321666666666,2.103638760868056,1.360244611111111
2024-11-27,54086.23941666666,8434184.296661297,1.7661048289583334,1.1854116284722223,1.9271602070138887,1.2774943958333334
2024-11-28,44372.11110069444,7014206.052214484,1.7954381197222224,1.4265283993055555,1.826719933402778,1.509656326388889
2024-11-29,43725.38817361111,6908124.210338187,1.9456124424652776,1.5181608576388887,1.9580389188194447,1.539037236111111
2024-11-30,44535.79606944444,7138855.958428071,2.115371180138889,1.5724747326388888,2.0057610823958334,1.6903612986111112
2024-12-01,44455.79151736111,7265499.661445848,1.9337153194097223,1.5946646319444444,1.8684804191319442,1.5621495347222223
2024-12-02,57194.27140972222,9550234.677808821,2.117080613923611,1.268359204861111,2.1167057354166667,1.328116579861111
2024-12-03,82534.05886805555,14608846.586090408,2.7017575884722222,1.5701355208333334,2.6196714552777776,1.2203192847222222
2024-12-04,103164.02557291667,20453184.13960666,3.2402984407291666,2.172462319444444,3.0542059789583336,1.047171111111111
2024-12-05,114567.07513888889,22738743.12520924,2.9653917458680557,2.196048798611111,2.9165718536458334,1.1907733159722222
2024-12-06,121857.30969791666,24339095.918385334,2.806307008819444,2.1471278263888887,2.873487770659722,1.2617648923611111
2024-12-07,128362.93396180555,25740863.7639515,3.203114737673611,2.314848371527778,3.128954441701389,1.4050955590277778
2024-12-08,133528.55873611112,27138706.605594825,3.2757996147222226,2.3569269479166666,3.2771198816666667,1.2179202534722222
2024-12-09,127262.82778125,25353700.166622233,3.0114330575694446,2.6383573368055555,2.981141637986111,1.09586159375
2024-12-10,82096.96976388889,14366345.55376963,2.3984817155555556,2.5431000590277777,2.2929536745833334,1.23160565625
2024-12-11,70100.45702430555,13191351.758110393,1.843004446458333,2.1703175312500003,1.6500974864583333,1.2787390277777777
2024-12-12,71646.79512847222,14436298.928624788,2.086900443923611,2.4498070729166668,1.8963148484027776,1.2530127291666666
2024-12-13,86769.45201041667,17913669.906593066,1.9196131266319445,1.6427498055555556,1.8806133953125002,1.1954181701388888
2024-12-14,85982.67091319445,18141677.933882244,1.8597646657291667,1.5462053680555554,1.8105388514930556,1.2336490729166667
2024-12-15,77546.11251388889,16609274.780159334,1.742561965138889,1.456777326388889,1.6863501453472223,1.3006759479166667
2024-12-16,83168.86856597223,18070346.424606416,1.787281976388889,2.0260848368055555,1.7719146406944446,1.1777396319444444
2024-12-17,85479.80266666667,18677570.73896922,1.589665916423611,1.5195459652777776,1.5562312969097223,1.2375891701388888
2024-12-18,86906.10948263889,18938388.920610268,1.531595305173611,1.9216917430555556,1.4632314020833332,1.19696403125
2024-12-19,82811.1196111111,17176034.629279517,1.6632915171527778,2.0248064930555554,1.6093200859027776,1.2175600277777778
2024-12-20,59104.11215625,11194128.816182539,1.9265306890625,1.6244001493055555,1.9096924717361112,1.1538815208333333
2024-12-21,42378.31127430555,8041798.830842041,1.9870139018402777,2.0639264131944444,1.91602488,1.2834305451388888
2024-12-22,38136.982871527776,7237883.021966658,1.8432993245138887,1.7140547881944446,1.8370316577777777,1.21548759375
2024-12-23,35272.75239236111,6711588.1533608325,1.783657122708333,1.6917943958333332,1.755821680763889,1.1937565937499999
2024-12-24,39438.42889236111,7451549.652493958,1.8759534876041666,1.4743328819444443,1.85407371125,1.3677067534722223
2024-12-25,39178.49775347222,7633136.910055162,1.7149659973958333,1.5830260555555555,1.6175103017708332,1.2992635104166665
2024-12-26,34720.20860416666,6625209.805727184,1.8138972625000003,1.7193080729166668,1.6510855972569445,1.3666377326388888
2024-12-27,33170.952135416665,6359203.881924134,1.8612337778819443,1.592956173611111,1.7358677488541667,1.5342826041666668
2024-12-28,36450.137340277775,7210672.77147439,1.7076705745486112,1.5168268645833334,1.5717533318055557,1.4468844201388888
2024-12-29,37407.92305902778,7282665.69359235,1.9436167936111113,1.4219671319444445,1.830678400347222,1.5859429166666665
2024-12-30,35581.30373263889,6843114.190480284,1.9352711065277777,1.3900458125,1.8461192459722224,1.2065556215277777
2024-12-31,35559.49706944444,6820594.346710094,1.8670422655902779,1.3639918159722222,1.7089123451736112,1.3655949097222222
2025-01-01,34689.94655208333,6759848.27090865,1.8421942592708334,1.3821485104166666,1.6527082379166667,1.553232517361111
2025-01-02,34671.94942361111,6756445.280824372,1.9639510378125,1.443369857638889,1.8667396072916667,1.7502056215277777
2025-01-03,35013.981781250004,7043778.623298574,1.7754836850347222,1.4516618055555555,1.7818652105902777,1.341422486111111
2025-01-04,49461.31611458333,9676100.957456939,2.617267323888889,2.1794854652777778,2.7232981386805557,1.3138228194444443
2025-01-05,49871.14314236111,9707868.386918629,2.3772227901041667,2.1371518472222224,2.428763792291667,1.6075734652777778
2025-01-06,39394.85561458333,7980435.738221232,1.780767147048611,1.3931173888888888,1.8005469647916668,1.6298686041666666
2025-01-07,40666.44556944444,8152638.071441689,1.8389017745486111,1.2515136388888888,1.7806850005208332,1.3409790659722223
2025-01-08,41420.87515625,8027021.6859064065,1.865804660451389,1.516171298611111,1.875168912465278,1.2193275555555556
2025-01-09,40969.28854166667,7970515.288701142,1.9085114546875,1.2122628194444445,1.9052999021875,1.4076186562500002
2025-01-10,38645.42389236111,7556053.240562088,1.8622332105902777,1.1347412256944445,1.8403811790277775,1.3734311215277777
2025-01-11,38836.66484027778,7653386.444904042,1.9148371388194445,1.1117399236111112,1.7922145223263888,1.5688307395833334
2025-01-12,38165.43198263889,7648234.869888108,1.7268928792708333,1.1038747777777778,1.5499097003125,1.4608182222222221
2025-01-13,35102.30992708333,6967377.304935154,1.6599784278819445,1.095072284722222,1.5779806913194445,1.2833405104166666
2025-01-14,37367.35847222222,7693483.448191684,1.3879810745486112,1.0140943576388888,1.3344556850347222,1.4898729340277779
2025-01-15,40589.41280208333,8416550.747907784,1.4303770775347222,1.036113701388889,1.4092134382986112,1.4075301319444444
2025-01-16,47072.14051041667,10090715.903536366,1.4389081507291666,0.9139640590277778,1.449936382638889,1.3400176701388888
2025-01-17,53247.15892361111,11981135.209762251,1.2710279902083332,1.0962620729166668,1.298992776875,1.3711350208333333
2025-01-18,53198.766111111116,11638629.761533257,1.6223402511111111,1.0607483229166668,1.6558533094791668,1.4399459062500002
2025-01-19,42293.59400694444,9042637.869328488,1.6485312970833332,1.093700986111111,1.7160229377777778,1.2785183819444446
2025-01-20,36185.78534722222,7524892.405195011,1.726347705347222,0.9746879965277778,1.910680544861111,1.2242839722222223
2025-01-21,36129.26523263889,7572292.8945274465,1.7894694416666665,0.9225627743055556,1.9214480212499998,1.4548280416666666
2025-01-22,41937.03976388889,9153078.461220529,1.655924703611111,0.9382519479166667,1.7238848811111112,1.252107201388889
2025-01-23,50972.48067013889,11218535.52848775,1.3050017571985817,0.9860135381944445,1.3457736360416666,1.2378240555555555
2025-01-24,38608.458715277775,8409720.298399288,1.5514295853472222,0.8976905624999999,1.6227152765972221,1.2936605243055554
2025-01-25,33480.808184027774,7363900.399522602,1.4725605654861111,0.8388584340277778,1.5751954925347222,1.4509493923611112
2025-01-26,36008.618795138886,8010369.690649774,1.3733169069097224,0.8234624895833333,1.5451253534722222,1.4665840868055555
2025-01-27,34678.29261111111,7476926.551333543,1.4659316831944444,0.7405613541666667,1.6523750682986111,1.209299402777778
2025-01-28,33910.26069791667,7433917.624823397,1.3227069375,0.8188481631944444,1.3741904461111112,1.3462402083333334
2025-01-29,33323.018909722225,7378138.144106738,1.2871677340277778,0.8188602152777777,1.3931208361111111,1.4424362569444444
2025-01-30,36654.489631944445,8426959.87556488,1.2767722721875,0.8147389201388889,1.39362217375,1.3491035625
2025-01-31,40354.34886805555,9491223.187234217,1.2182426553472223,0.9068396458333334,1.3230802848958332,1.1570644513888888
2025-02-01,47325.53396875,11242314.444894811,1.1003108035416667,0.9669533680555555,1.2184755656597224,1.2558906319444445
2025-02-02,40395.23315277778,9227093.23920514,1.2335532451388889,0.9002674236111111,1.3763771282291666,1.2528484444444445
2025-02-03,36866.98947222222,7833398.565139709,1.3242446064583335,0.9311699618055554,1.511055049125874,1.1628167638888889
2025-02-04,37366.960239583335,8472548.766012214,1.1547745628125,0.9638472048611111,1.352229441111111,1.2028393993055557
2025-02-05,30181.616427083332,6731599.043047854,1.1706816983333335,0.8895612291666666,1.4089904990277777,1.5643950069444446
2025-02-06,32159.49321875,7319968.904261463,1.1357926321527776,0.8321569479166667,1.2531140699999999,1.3509259166666667
2025-02-07,34225.86027777778,7452772.4916305505,1.2530702909375,0.8906832569444444,1.4850106775,1.5187893472222223
2025-02-08,28897.537270833334,6097959.493013259,1.3174468761458333,0.9288848055555555,1.5695464741666667,1.4086468090277777
2025-02-09,24786.044600694444,5396340.015773941,1.1622533814236111,0.8565172986111111,1.3716264333333335,1.4803573680555555
2025-02-10,25966.211229166667,5771529.795852922,1.1498948984722221,0.7797925798611112,1.1514748642708335,1.4511734756944443
2025-02-11,30012.29142708333,6672794.311979803,1.2200639081597222,0.8390624409722222,1.2865201013194445,1.2810614652777776
2025-02-12,30317.37264930556,6780166.344533854,1.1454516662152778,0.8218891944444445,1.2493649954166668,1.3787939826388889
2025-02-13,31522.704038194446,7102382.152901614,1.183077928090278,0.7953261840277778,1.2903511694791667,1.38670634375
2025-02-14,33381.32213194444,7603309.515608551,1.1233325281250002,0.7995282847222223,1.240481376701389,1.1912678229166667
2025-02-15,38999.29580555556,9115199.578612132,0.9926745375,0.8503168784722221,1.0227246383333333,1.2707439895833332
2025-02-16,39614.01831597222,9163169.99918028,1.0774646393402778,0.8378622048611111,1.1217517198958333,1.39185228125
2025-02-17,36925.358649305555,8632889.589043116,1.0313180871180556,0.7963312986111111,1.0545810615972222,1.5290291388888888
2025-02-18,36453.83196527778,8538053.737198826,0.9874214275347222,0.7327451354166666,0.9783280778125,1.419797517361111
2025-02-19,35492.83630902778,8444143.717365248,0.9288061637152778,0.727697111111111,0.860776355138889,1.4816045381944445
2025-02-20,34677.1960625,8074866.554949032,1.1802296399652779,0.7800675625,1.1041706889236111,1.4929743333333334
2025-02-21,29875.124604166667,6968150.4451043075,1.1995989594444445,0.7025059513888888,1.1780604035763889,1.3357120243055556
2025-02-22,29585.72745833333,6900627.851435462,1.1701294752430556,0.6789836319444444,1.1493310459375001,1.4594693333333333
2025-02-23,32874.84004861111,7707821.36271435,1.20192762,0.7449938958333333,1.0969793091319444,1.6743414861111112
2025-02-24,30654.9755,7166742.376471424,1.1499831176041666,0.6802159826388889,1.0615919625347223,1.5150146944444445
2025-02-25,33343.340854166665,7368844.776966204,1.168103465972222,0.7176040590277778,1.1740946344444445,1.304046388888889
2025-02-26,36414.89468402778,7934912.567063633,1.1605391900694444,0.8124282118055555,1.2096235114583334,1.4260595972222223
2025-02-27,37462.239329861106,7976178.36149291,1.2291897268402776,0.7920277395833334,1.3040589386805557,1.4402967465277776
2025-02-28,35353.57032638889,7473971.0173537545,1.0959194936805554,0.8018282847222222,1.164819998263889,1.37723815625
2025-03-01,36498.68636111111,8060568.992759786,0.930947907361111,0.7984096319444444,1.0016485377430557,1.3772114965277777
2025-03-02,36754.67393055555,8297585.3179878695,1.0130440916319445,0.7499422048611111,1.0320823855208332,1.4814245208333334
2025-03-03,32210.41448611111,7347481.864082176,1.0905688386805557,0.7624760381944444,1.0851098974652778,1.2744177708333333
2025-03-04,32298.908145833335,6980164.377091899,1.1407950620486111,0.7892032847222222,1.2351192067708334,1.3524087708333332
2025-03-05,27686.372194444444,6255056.806016071,1.0642615939930555,0.7777118958333333,1.150898273298611,1.2101606840277777
2025-03-06,29447.027958333332,6726154.9337742105,1.061983321701389,0.695452625,1.1684096211458332,1.6742355729166667
2025-03-07,31953.46757638889,7141752.674274036,1.240861008888889,0.7123441805555556,1.3635321944097223,1.269767326388889
2025-03-08,33533.72501041667,7346684.823792763,1.149880287638889,0.6662354930555555,1.2915700196527777,1.5346524027777777
2025-03-09,31703.874145833335,6910863.032669624,1.1021309739583334,0.6193782777777778,1.218978052951389,1.5514795104166668
2025-03-10,30157.96012847222,6220979.076357923,1.2261145632291666,0.7236139513888888,1.451444675173611,1.2686082847222222
2025-03-11,28771.17363888889,5898694.395904642,1.0995627893402777,0.6765217152777778,1.2963937796180556,1.2878380868055557
2025-03-12,29091.310850694445,6053085.830054364,1.1061210849305556,0.684409420138889,1.3252803543055556,1.615108517361111
2025-03-13,28886.128996527776,5998674.240535867,1.0732110530555556,0.7323025555555556,1.2631333856944444,1.4113435902777778
2025-03-14,30724.374076388885,6393923.370613342,1.1136192860416667,0.7832497430555556,1.3086628864583334,1.41624146875
2025-03-15,32345.14602083333,6807260.211742076,1.10794790875,0.7827199652777778,1.262250763888889,1.5314427326388889
2025-03-16,33123.339517361106,7003167.984013475,1.0414287605555554,0.7897320104166666,1.188437985,1.5943523784722222
2025-03-17,32798.57742361111,6924267.546805002,1.0456860584722223,0.79480890625,1.2088683326041667,2.1174455520833333
2025-03-18,32771.66033680555,6853076.84799796,1.024409352673611,0.8047487083333333,1.1943134227777776,1.8528473055555554
2025-03-19,30964.06617361111,6431996.721494529,1.1181696952777778,0.7355875243055556,1.3585940148263889,1.7120490729166666
2025-03-20,29432.2680625,6166354.447094921,1.0943360310763888,0.7282747604166667,1.2237443243055557,1.794103982638889
2025-03-21,28864.04591666667,6076276.233825024,0.9845190422222222,0.7353682743055556,1.0775270902430556,1.8775703923611111
2025-03-22,27052.08470486111,5805751.780302349,1.0118621544444446,0.7149881770833333,1.233066041111111,1.9299555347222221
2025-03-23,25618.470333333335,5529293.409769561,1.1153800228819444,0.6989232291666666,1.369559449826389,1.8279866805555554
2025-03-24,24927.65623263889,5455732.94970471,1.154448775486111,0.7050643055555555,1.3142772686458333,1.7117894409722223
2025-03-25,24644.715628472222,5451567.910508048,1.1647436490972223,0.6941714305555555,1.2461676696875,1.7800912187500002
2025-03-26,23814.538732638888,5338141.30027329,1.0735478172916666,0.67604809375,1.143495999513889,1.6856751666666667
2025-03-27,24917.970184027778,5563944.887223767,1.087200686284722,0.7123104027777778,1.1766309958333334,2.615285604166667
2025-03-28,25562.7461875,5629068.689783627,1.1444774665625,0.7009876319444444,1.265642598576389,1.6491413402777777
2025-03-29,25376.46648263889,5486722.1820796495,1.1595711054166666,0.6755319444444444,1.3578997981944445,2.0930561701388886
2025-03-30,24372.943850694443,5283212.303841234,1.1023862659027777,0.6851778888888889,1.2931104607291666,1.9165769583333332
2025-03-31,24297.06040625,5243549.286089411,1.1231858288541667,0.7063151319444444,1.351436163263889,1.5877545972222222
2025-04-01,24253.96984375,5268833.377346659,1.0751674566666667,0.7246565972222222,1.2419713954861111,1.6477770416666668
2025-04-02,24611.2250625,5349223.600706095,1.1090753768750001,0.6988286597222222,1.3284232009374999,1.6435331076388888
2025-04-03,25071.35070486111,5338086.522664829,1.3013904958680556,0.6856884756944445,1.663724176423611,1.5296589444444446
2025-04-04,25788.719371527775,5561275.192636292,1.2301648410069443,0.684153267361111,1.4869075820833333,1.72471215625
2025-04-05,27816.40525,6005498.65341856,1.2864423748958334,0.6990714479166666,1.5482932894097223,1.5208525
2025-04-06,30890.561486111113,6481175.134334518,1.2696291765277778,0.7291841284722222,1.665497521701389,1.5401935104166666
2025-04-07,31189.449430555556,6165123.5175801115,1.1926709700347222,0.6807040798611111,1.523935306423611,1.5071035104166668
2025-04-08,27487.71207638889,5584647.256830106,1.1072750400347222,0.6149280659722223,1.3926961255208332,1.6414386909722223
2025-04-09,28271.21909375,5578858.493320674,1.0882715115625001,0.6359038263888889,1.4243237806597222,1.648889482638889
2025-04-10,25905.5609375,5232933.814549004,1.0162715331597223,0.6022003368055555,1.2714834870833334,1.9082329444444446
2025-04-11,27025.76778125,5478640.684980616,0.6841729488541666,0.6057258923611112,0.8290501412152778,1.5690408680555554
2025-04-12,27817.861444444443,5770919.140380237,0.5246067212500001,0.5905530034722222,0.6225979236111111,1.9025758611111112
2025-04-13,27659.329368055554,5723482.023177299,0.5740675150694444,0.5849973576388889,0.6602079434375,1.74119759375
2025-04-14,27347.34695833333,5733303.398137724,0.5369651496527778,0.5457333958333334,0.6282976117361111,1.366793326388889
2025-04-15,29107.782645833333,6219366.19528867,0.5401927679078015,0.5478090921985816,0.6025143272791519,1.5275170416666668
2025-04-16,31138.648624999998,6773263.242282251,0.5061169035416666,0.5793095868055556,0.5549096206944444,1.5465474618055555
2025-04-17,31659.187725694443,6877751.060911494,0.5174234244791667,0.5986042118055556,0.5472950709027777,1.6692572604166667
2025-04-18,29926.564892361108,6475886.335942874,0.5294794663194444,0.5978069166666667,0.558716344236111,1.767194263888889
2025-04-19,30510.310246527777,6508760.346998704,0.5401947624652778,0.6277016909722222,0.5910802959027778,1.718209045138889
2025-04-20,29557.675190972222,6358755.163258168,0.5597155228819445,0.60839628125,0.5810643908680555,1.523814513888889
2025-04-21,30229.47379861111,6500625.326537945,0.6109886183680556,0.6525729756944444,0.6635852178819444,1.7025957118055555
2025-04-22,30058.115131944443,6566025.929143701,0.5907113790972223,0.6813389861111111,0.6076814411111111,1.913166048611111
2025-04-23,29718.48951388889,6761038.742952661,0.8108219731597222,0.7161884583333333,0.7029400779861111,1.773078142361111
2025-04-24,29643.341444444442,6703373.049580823,0.9028070091666667,0.68848209375,0.7760990750694444,1.8125067743055554
2025-04-25,29406.82286458333,6723813.386482112,0.9090175465625,0.6573982013888888,0.7767651079166666,1.9660288923611111
2025-04-26,29055.412166666665,6639658.3414660245,0.9552228389236112,0.6410051006944444,0.8058663849305555,2.5215040763888887
2025-04-27,29678.882427083336,6809474.096228063,0.9121530964583333,0.6562229409722222,0.7791950814930556,1.6077036527777777
2025-04-28,47979.34308680556,12782983.458188524,1.2270913283680556,0.7978689756944444,1.2967469130902778,1.09489903125
2025-04-29,44157.66157638889,11959763.221980892,1.0598100014236111,0.7763259652777778,1.1575100820138888,1.1547095208333333
2025-04-30,40351.03450347223,11042184.735631611,1.0159159074305555,0.7813550833333333,1.1207807727430557,1.4602368229166667
2025-05-01,39485.7458125,10916768.515073402,1.0179352903819445,0.8549381631944445,1.1082570694791665,1.3473136666666667
2025-05-02,40217.975979166666,11277923.833205877,1.015654211111111,0.8697866909722223,1.0771262814583333,1.2982308229166666
2025-05-03,40937.35895833334,11285900.937803127,1.1200338753125,0.8550843263888889,1.1903949525694444,1.2532197569444443
2025-05-04,42647.959472222225,11661969.261710271,1.063487920138889,0.8586478715277778,1.113642151875,1.2499213020833333
2025-05-05,45856.888447916666,12562931.553486817,1.026610154340278,0.9454170659722223,1.1065554032291667,1.2734241180555557
2025-05-06,47458.90796875,13275981.7846859,0.9609671354861111,0.9940748402777777,1.007500409375,1.2503751875
2025-05-07,49402.619989583334,13998592.663242783,0.9705538244097222,1.0412472881944443,1.0066068484375001,1.2954140208333333
2025-05-08,46576.04872569445,13536403.91706255,0.9630928435416668,0.9451058958333333,1.008979999548611,1.4360790729166668
2025-05-09,43098.7851875,13072620.666533314,0.9652619588541668,0.9077730659722223,1.0113973203819446,1.5441946145833334
2025-05-10,40282.326003472226,12893209.851214997,0.9848608102777777,0.8949274444444444,1.0513945361805555,1.5110560277777778
2025-05-11,40507.02341666666,13331989.63578091,1.0154482108333331,0.9504630659722222,1.0605639222222223,1.6092200972222224
2025-05-12,39384.731336805555,13304322.68333219,1.0643334231597223,0.9185339027777777,1.1285322926041668,1.510312486111111
2025-05-13,37367.21873611111,12661083.249957439,1.094775524201389,0.8825901076388889,1.143503609652778,1.5699703645833334
2025-05-14,35086.36406944445,12023228.123096626,1.0843902427777778,0.8742233784722222,1.1333519214236112,1.6038771979166666
2025-05-15,35599.53901736111,12167611.983948657,1.030894892013889,0.8845091597222222,1.0424837277083334,1.2916962118055555
2025-05-16,36707.01421180556,12418819.103975086,1.0374084172569444,0.8627892638888889,1.0920385965972224,1.5032230625
2025-05-17,35598.64174305556,11944135.64680576,0.9741156372569445,0.8813768854166667,1.0019512269097222,1.4379437256944445
2025-05-18,37794.62957986111,12876803.15962729,0.9289389262847223,0.8570305520833333,0.9684922109375,1.5885259444444444
2025-05-19,40107.39194097222,13754489.47430063,0.8820068332291666,0.8054125590277779,0.9042611057986112,1.5779659965277777
2025-05-20,41688.4923125,14509221.166965263,0.8630862510416667,0.7917459722222222,0.8909436524305556,1.6473834479166667
2025-05-21,42997.93510763889,15870948.019269513,0.8236861506250001,0.8720106979166666,0.8439000880902777,1.3906348229166667
2025-05-22,45695.61095486111,18203330.34639941,0.8882708711805556,0.9092433680555556,0.8946309712847221,1.346076
2025-05-23,42623.25936805556,16741869.519708425,1.0064237647222223,0.9117271180555555,1.0180535211805557,1.4065348715277777
2025-05-24,44687.18529861111,17785262.339535255,0.8959084232986112,0.9254629513888888,0.9027042934375,1.3897816701388888
2025-05-25,47049.66199305555,19166323.040934082,0.7992896165625001,0.9665357847222222,0.81638893375,1.4651264444444445
2025-05-26,47887.26715277778,19618444.264402118,0.85174179375,0.8793514270833334,0.8768338468402778,1.5750572743055555
2025-05-27,47581.57529166667,18517550.86386038,1.0010600735069444,0.8695486875,1.059830917986111,1.532983576388889
2025-05-28,52583.65996875,18222730.865025032,1.0602627377430556,0.9999646944444444,1.14066893125,1.2099865659722222
2025-05-29,48000.61546180556,16459940.51022413,1.1971008662847222,1.037331253472222,1.2670724893402778,1.33886359375
2025-05-30,43595.37440277778,14536511.096453069,1.1573180670833334,0.9894822569444445,1.3088413836805557,1.4282513541666666
2025-05-31,40371.32426388889,13057488.338764433,1.1247158835416666,0.8335793993055556,1.3018574978125,1.3895926006944446
2025-06-01,38722.040125,12745305.070865877,1.0937926612847222,0.8128406006944444,1.2782411734374999,1.5967883125000002
2025-06-02,38498.98112152777,13576487.86432572,1.0526670383333334,0.8182856388888889,1.1686901824652778,1.3718282395833332
2025-06-03,39571.23282291667,13987781.64778755,1.1320723046527776,0.8117505833333333,1.264222556076389,1.5838004791666667
2025-06-04,38668.07652083333,12959904.31974172,1.1515098028472222,0.7802020868055556,1.3328579547222223,1.3103163506944444
2025-06-05,38211.08247916667,12307575.713319706,1.0347984487152777,0.8112710486111111,1.2029857138541666,1.2923593159722222
2025-06-06,37051.09767013889,11983085.743514325,1.044408277326389,0.752366125,1.2095603514583333,1.4435776284722222
2025-06-07,35651.7564375,11592416.116793407,1.0069420439930556,0.7494112743055555,1.1747991913541667,1.6580861736111112
2025-06-08,35306.74098611111,11633425.230922166,0.9919366419444445,0.7469925,1.1266133404861112,1.6193601805555558
2025-06-09,35678.61522569445,11762936.136029474,0.9667532309722221,0.7304696111111111,1.0904996504166666,1.7186983437499999
2025-06-10,36204.04230555556,12088242.5422902,0.884962813888889,0.7766764201388888,0.9828391469444444,1.5594080034722222
2025-06-11,36804.93351041667,12359940.294680959,0.9643595023958333,0.7464312013888889,1.1066352808333333,1.53711484375
2025-06-12,37000.98262847222,12008863.273244405,0.9514456905555555,0.72974725,1.0941818608680556,1.3735974930555555
2025-06-13,36894.49240972222,11496439.464524888,1.0217170286111112,0.7176304756944445,1.2197120965972221,1.3664117673611111
2025-06-14,37632.08132291667,11736641.088072233,0.9841166228819443,0.7088148055555555,1.1783983494097223,1.49646178125
2025-06-15,36310.102184027775,11449113.242381154,1.012632489201389,0.7254231319444444,1.2257620729166667,1.4338036423611111
2025-06-16,35410.46798263889,11339909.957455095,0.9857857919791666,0.754137111111111,1.2213535473263888,1.780516263888889
2025-06-17,32835.710354166666,10630759.167803593,1.0301847269097222,0.7481727152777777,1.1236637382986112,1.449265378472222
2025-06-18,34211.380163194444,10988734.879592085,1.0643819875694445,0.7507098576388889,1.1667998169791667,1.4713424618055555
2025-06-19,34448.878361111114,10875216.643396959,1.0851961893402777,0.7418495104166667,1.284394147951389,1.7977267534722223
2025-06-20,35446.54963194444,11032981.26473247,1.0190234464583332,0.7649100451388889,1.2195995199652776,1.582522236111111
2025-06-21,33123.37088888889,10380796.835174331,1.0238979032638889,0.7653132465277778,1.1701089610069444,1.5512567465277778
2025-06-22,33329.02596180556,10126196.583378127,1.0073384572222224,0.7422333298611111,1.173876785486111,1.675307236111111
2025-06-23,35377.869934027774,10704578.203758173,0.8814847022222222,0.6679593923611111,1.0375142832291668,1.476415888888889
2025-06-24,36373.143027777776,11410661.861872174,0.8812973251736111,0.6839653958333334,0.9743789018402779,1.4062191770833334
2025-06-25,37415.922704861114,11816935.634228703,1.0041632950694444,0.7123332395833333,1.0757768939583334,1.3283730590277778
2025-06-26,40240.48988541667,12624205.611516789,1.0461626122222223,0.766412875,1.110740885138889,1.5933101875
2025-06-27,42073.15775694445,13003199.763239259,1.036230958125,0.8212918784722222,1.1964657638541665,1.3061453680555557
2025-06-28,40077.42119097222,12387849.358103104,0.9421293069791665,0.8506307743055556,1.1100884443402779,1.3184930659722223
2025-06-29,38307.90790972222,12006179.922782741,0.9918898815277779,0.8373730104166667,1.1128838137152777,1.4538000243055555
2025-06-30,38120.25746180556,12048638.398603987,0.969849147951389,0.8430812986111111,1.0599066659027778,1.2727193472222222
2025-07-01,36403.50291319445,11560708.308711106,1.1010756026041666,0.7756340208333333,1.1528247527083333,1.5010965381944446
2025-07-02,39177.924875,12514391.494382547,1.1006534342708332,0.8167284201388889,1.1663767653819446,1.502610607638889
2025-07-03,41470.015725694444,13387932.649202539,1.0887109574305556,0.8324726944444445,1.1031477922916666,1.357771295138889
2025-07-04,38805.602687499995,12334742.16716023,1.118838207673611,0.8153483055555556,1.2226028256597223,1.3314788229166665
2025-07-05,38484.16180902778,12073607.19372411,1.1194700766666665,0.8374240416666666,1.292544724513889,1.5690091701388889
2025-07-06,37600.074555555555,11891720.54780646,1.083796353923611,0.8573639965277777,1.2346305390624999,1.53253334375
2025-07-07,37933.857520833335,12101311.65032715,1.0818289122916667,0.8550526597222222,1.1741966983333334,1.5735318159722222
2025-07-08,38115.290194444446,11998448.756108005,1.0872706780902779,0.8577267465277778,1.2217043384375001,1.6838206736111112
2025-07-09,38215.025559027774,12233996.730563695,0.9792122988194445,0.8962828749999999,0.9833762303819444,1.4795834409722222
2025-07-10,38289.99622569445,12473783.71130278,1.074400532986111,0.8785247083333334,1.038968507951389,1.4586456701388888
2025-07-11,39498.238201388885,12954620.261331081,1.1310312042361113,0.8659859583333334,1.1168460050694444,1.4598578784722223
2025-07-12,39383.69175694444,13042754.909609582,1.0797325013888888,0.8366337847222222,1.0403957329166666,1.4572474652777778
2025-07-13,39419.203194444446,13260143.157633657,1.1179727808333333,0.8304501493055556,1.0811187828125002,1.5416965416666666
2025-07-14,39450.808618055555,13642550.157332897,1.1813490644444444,0.8214876770833333,1.1407408474305556,1.3840397743055555
2025-07-15,39116.45129513889,13183569.495696478,1.2643671628472222,0.8387802361111111,1.264027741284722,1.2740068680555554
2025-07-16,40481.38605208333,13473907.537477745,1.2206430747222223,0.8431399479166667,1.2813261760763888,1.3680640659722223
2025-07-17,39733.05651041667,13408803.817513691,1.1411882117708334,0.8298282152777777,1.164396831875,1.4391100555555556
2025-07-18,42909.55682291667,14213444.3401686,1.2448354758333333,0.8182616423611111,1.3729864095138888,1.2138120625
2025-07-19,42306.9230625,13706314.7156538,1.1148957063541667,0.7980094791666666,1.3430732158680554,1.4850493993055556
2025-07-20,41236.83500694445,13467444.927116416,1.0761085336805556,0.8575434305555556,1.2590130382291667,1.2697143680555554
2025-07-21,40449.653579861115,13099227.682601621,1.1446289336101083,0.8834661516245488,1.3591538379636363,1.6079681840277777
2025-07-22,39490.03428125,12704941.828434909,1.1321385142471043,0.88689346875,1.2941870267013889,1.1789202847222222
2025-07-23,37366.94169097222,11996821.614268225,1.154677680625,0.8640186770833334,1.3250603043055555,1.1844732152777777
2025-07-24,35559.650812500004,11365526.53728565,0.9994061324305554,0.7261666701388889,1.1368256264930556,1.2930887361111112
2025-07-25,35043.51809027778,11428326.738429673,1.020975090798611,0.7297946458333333,1.1312649590277777,1.2362682534722222
2025-07-26,36543.69785763889,11834471.710041337,1.0947790900694445,0.7881791423611112,1.1976756641666666,1.3050398680555555
2025-07-27,36758.650319444445,11908909.356179215,1.1137364252777777,0.7820431458333333,1.207360215763889,1.1882218819444443
2025-07-28,37203.713045138895,12052470.588097239,1.1238921911458333,0.7698865555555555,1.2159873271180555,1.384452517361111
2025-07-29,35351.24539236111,11257433.376200873,1.1637487005902778,0.7310450104166667,1.3611233368055555,1.319361204861111
2025-07-30,36576.033874999994,11377605.965380523,1.1552099377777778,0.7547985451388889,1.4182566294444445,1.1609166076388888
2025-07-31,37374.86954166667,11581273.945190748,1.0717612590277779,0.7712980555555555,1.3076132183680556,1.3487064548611112
2025-08-01,37028.88214930556,11251570.920889582,1.0589145072222221,0.78679159375,1.2973584529513889,1.2247526493055556
2025-08-02,37207.32311111111,10974621.454821415,1.0164493438541666,0.7790704166666667,1.2253172452430556,1.1413511041666666
2025-08-03,36969.43290277778,11028010.059512787,0.9734815985069445,0.7832712430555556,1.1540985814930556,1.4179661180555554
2025-08-04,36644.37671527778,11307400.791881518,1.0382767299652778,0.7762538958333334,1.1826164158333334,1.4458024166666668
2025-08-05,38493.457281250005,11432375.081571508,1.1844040609375002,0.7969572881944444,1.3873179131597224,1.2623419097222222
2025-08-06,38552.04277777778,11112437.12577424,1.0847876984027778,0.8250512430555555,1.2911411048263888,1.2506960729166667
2025-08-07,43090.629024305556,11797021.747618653,1.1643372504166667,0.9387795034722222,1.3992519681944444,1.151827392361111
2025-08-08,48592.65121527778,12955612.360562973,1.3216289101041667,1.0371097152777777,1.6175210310416666,1.146891482638889
2025-08-09,46208.17037847222,12716275.702562563,1.2909627714583332,1.025486565972222,1.539586901736111,1.4167537951388889
2025-08-10,45643.58694444444,12407495.35773267,1.3588266373263889,0.9975592256944444,1.6096873448263889,1.1881035381944445
2025-08-11,47137.824270833335,12766475.245169584,1.2920847697916666,0.9995183159722222,1.5178748722916666,1.1481083055555557
2025-08-12,49951.19887152778,12803098.348444663,1.2740515002777777,0.9524506354166667,1.5448361651041667,1.0437701319444443
2025-08-13,54342.23542708333,13789411.004363768,1.351133147986111,0.8519242083333334,1.6291085769444444,1.08051515625
2025-08-14,54598.36266319445,13668247.963305691,1.3353390407291665,0.7811016840277778,1.5678875314930556,1.1152378541666668
2025-08-15,55543.64743055556,13267294.066575633,1.2789747763194446,0.8083611388888889,1.5583527863541666,1.3408164999999999
2025-08-16,57221.93298611111,13855146.407586994,1.1924840939236112,0.8402463090277777,1.4320057223958333,1.3469911944444446
2025-08-17,56507.069131944445,14843715.500797795,1.0684747101041667,0.8024943541666666,1.2324248653819445,1.2120292430555555
2025-08-18,53789.45667013889,14571355.393694546,1.0289220837847222,0.8711129930555556,1.1038080154861112,1.1791955347222223
2025-08-19,50494.970395833334,13720787.406018289,1.1928095301736112,0.901722,1.2774581591319445,1.10058259375
2025-08-20,49504.70079861111,12895485.480818005,1.410590393923611,0.87170084375,1.6141461506249999,1.1864811458333333
2025-08-21,44269.32157986111,11749302.083393142,1.1704628230208334,0.9110936006944443,1.2469618166666665,1.1578315069444445
2025-08-22,45854.96874305556,12096956.89770603,1.212579194340278,0.9517355659722223,1.3465219432638889,1.2618912881944444
2025-08-23,44524.92138541667,11883320.669695996,1.2206560943402778,0.9763459722222222,1.3251157825694444,1.322676923611111
2025-08-24,44249.203954861114,12064248.737117637,1.0755458260416666,1.0321026493055556,1.1323372672569443,1.2024521875
2025-08-25,42955.51663888889,11723206.06349831,1.2313640503819443,0.9476637013888889,1.4032622147569445,1.1445113993055556
2025-08-26,41532.51607638889,11156780.382779114,1.3025584016666665,0.8832719131944445,1.5539380449305555,1.1626071770833333
2025-08-27,42375.30032986111,11561570.520855408,1.2145370834027778,0.8723697083333334,1.3978302757291667,1.1362434583333334
2025-08-28,43345.286954861105,11747534.478314465,1.2474050166666666,0.8840308923611111,1.4978201334027779,1.3486143611111112
2025-08-29,44868.41592280702,11768719.19449028,1.277227267859649,0.8643623052631578,1.5740476305964912,1.3072453614035089
2025-08-30,42843.66406944444,11172528.868968839,1.170556478125,0.8795313923611111,1.4358820876041667,1.2791170902777778
2025-08-31,43562.57564236111,11400679.500853695,1.0015137919444443,0.8355440833333333,1.2021268644097223,1.1664824305555554
2025-09-01,42520.20003472222,11197806.34397345,1.0498788096527778,0.8494255451388889,1.2298246255208332,1.1821419583333332
2025-09-02,43859.35504513889,11575268.52160292,1.1667522601388889,0.8215657812499999,1.383405800138889,1.2285390625000001
2025-09-03,44866.937229166666,12077486.949637143,1.1547876307986111,0.8012167118055555,1.259309356388889,1.604364125
2025-09-04,45467.77320833333,12213996.784357468,1.2476303378819444,0.8099487847222222,1.3917849324652778,1.3103988020833333
2025-09-05,46283.526857638884,12417953.880795531,1.2935606256944443,0.7964876388888888,1.4496875785416665,1.3024458715277778
2025-09-06,47169.3086875,12670546.71111368,1.2053373221875001,0.8545372013888889,1.2966157753819445,1.4324281493055555
2025-09-07,47860.26990972222,12966592.242436197,1.2014537927083333,0.8389810451388889,1.2372158317708335,1.4048022881944444
2025-09-08,48620.80124652778,13162349.556020647,1.2872740623958334,0.8717280868055556,1.3748311995138889,1.5461767569444445
2025-09-09,47797.705125,12900168.448505662,1.2044826692708335,0.8737849270833333,1.3467624794097222,1.3139110694444445
2025-09-10,49170.57327083333,13202096.797978537,1.1825498441666666,0.9029495000000001,1.3754804792708333,1.4845636770833333
2025-09-11,48760.34601388889,13225978.041794516,1.217077284548611,0.9464923229166666,1.2971873357291668,1.4163554131944445
2025-09-12,49546.32061805556,13710783.934505124,1.1703063767708333,0.9239253958333333,1.1379045770486111,1.1501866631944444
2025-09-13,47164.30639583334,13487889.87192486,1.2477395887847222,0.9026398819444444,1.1455883755208331,1.2551490381944446
2025-09-14,45436.9670625,13274118.074583523,1.2710331209722223,0.8874283298611112,1.1766822496180556,1.4258012500000001
2025-09-15,45445.28202777778,13763505.04241471,1.1769970753125,0.9175152986111113,1.0939957794444444,1.0627362604166666
2025-09-16,46215.86724652778,14580441.516273085,1.1108880053472223,1.02725415625,1.0615525461805555,1.1668854027777777
2025-09-17,47688.93423611111,14534827.833987946,1.3937063901388889,1.00446521875,1.3928410303125,1.2944659375
2025-09-18,46629.222972222226,13896498.939094646,1.3402843839583332,1.0149828368055556,1.4137399328819444,1.1791572187500001
2025-09-19,43382.27555208333,12891787.180777289,1.3720278316319443,1.0599289131944445,1.4333170553819443,1.1172518298611112
2025-09-20,43323.61226736111,12830706.274031678,1.3905121161805556,1.0892750416666666,1.517920633298611,1.4535356597222222
2025-09-21,43566.50837847222,12906025.650819752,1.3155014026041667,1.082479513888889,1.4222429597916666,1.3787659201388889
2025-09-22,44036.38532291666,12832777.34135053,1.4022850814583334,1.1039972812499999,1.5465592640624999,1.2001199652777776
2025-09-23,44633.31072916667,13017286.770285254,1.3784112514583333,1.1971851805555556,1.5701403185416667,1.2470181944444443
2025-09-24,46302.12976388889,13662206.643614244,1.3194692134375,1.14903340625,1.5065606058680556,1.1504198541666666
2025-09-25,45766.313500000004,13430318.227712462,1.3215652130555555,1.197141111111111,1.4980937277777777,1.2252493125
2025-09-26,43819.51884027778,12723836.018096082,1.3738299230902777,1.1685979375,1.6196635915972222,1.4023734340277778
2025-09-27,44630.851368055555,12852536.565077187,1.3944005210416668,1.1116309687500001,1.63429902,1.3693947118055556
2025-09-28,44064.58771875,12634332.81057545,1.221251681388889,1.1305612777777778,1.4644924486458333,1.4348449965277779
2025-09-29,43568.6408125,12570678.124388881,1.1930943796180555,1.1215216979166667,1.3647185939583333,1.3315886493055555
2025-09-30,41486.22470486111,12198938.81666835,1.2854559371180556,1.0519341354166665,1.4105601970486112,1.2712259513888888
2025-10-01,42722.241385416666,12954220.103214523,1.3938592092708335,0.9860429513888889,1.5056597717013889,1.2338381597222223
2025-10-02,49734.479579861116,16287026.510636147,1.3123578903819444,0.9381185104166667,1.4009485380555555,1.1458577777777779
2025-10-03,49686.52674652778,16393094.227583574,1.60985130625,0.8559065,1.667098405763889,1.1892149375
2025-10-04,49167.188489583335,15986212.76097699,1.630949150625,0.8202080486111112,1.6398927362152778,1.3464328229166667
2025-10-05,46987.65977777778,15415262.02476522,1.4984392973958334,0.8249736840277778,1.4732720527083334,1.2991768854166665
2025-10-06,50890.59792013888,16207351.74749646,1.5498254159375,0.8252040972222222,1.4884721169097221,1.3736886562500001
2025-10-07,49189.067017361114,15675086.213061187,1.3376558417708333,0.8695184027777778,1.2609206632986112,1.0562097604166665
2025-10-08,47695.83545486111,15616877.222951816,1.2891723119097223,0.8183111006944445,1.1983997945486111,1.2061885833333335
2025-10-09,50364.55217361111,16927440.73733201,1.2942851428819444,0.8457789756944445,1.134902843090278,1.1779398368055556
2025-10-10,55067.89869097222,18272461.11900055,1.4496404570486112,0.9509226874999999,1.3814757465277776,1.1748094895833332
2025-10-11,39364.684253472224,11772557.945795685,1.3447484596180557,0.6520685381944444,1.5148113350347223,1.19323828125
2025-10-12,36734.90798263889,11214987.244491525,1.5047676786458333,0.7134467708333333,1.7326170334722222,1.2049443854166666
2025-10-13,38522.47906597223,11984760.986894503,1.6116191708333334,0.7125931006944444,1.7309701348263888,1.2688118402777777
2025-10-14,37768.37884027778,11590943.312432775,1.6323904129166666,0.7376948263888888,1.685347491111111,1.2669735520833332
2025-10-15,37642.069850694446,12054000.015418248,1.5577632016319445,0.7155496874999999,1.6155289602430556,1.2309254027777776
2025-10-16,40208.60182638888,12644155.958858265,1.748776034826389,0.7454708229166667,1.8449755421874998,1.2813794027777776
2025-10-17,38757.046972222226,11320107.229226805,1.6314784310416668,0.7900023680555556,1.6804469912500002,1.1070379340277778
2025-10-18,33975.37105902778,10257738.42464864,1.2376614409027777,0.7911826701388889,1.264385121423611,1.1160794583333333
2025-10-19,35195.571114583334,11053482.72252375,1.335963749201389,0.7577707361111111,1.3847805865625,1.1154404375
2025-10-20,36636.849875,11566436.107975157,1.5667565759027777,0.8972471145833334,1.5974897341319445,1.4339306944444443
2025-10-21,38289.49697222222,11867062.600309076,1.5772780711111112,0.9328980138888888,1.5902331944444446,1.2239268819444444
2025-10-22,38383.31275694444,11844220.656742757,1.4090795452083333,0.8424469027777778,1.3951735928125002,1.2153397326388888
2025-10-23,39380.549722222226,12733508.430870987,1.2920733982986112,0.7529878229166667,1.2399052182291668,1.17927953125
2025-10-24,40522.01689583334,13234620.667310497,1.3138141483680554,0.7815494340277778,1.2454975697569446,1.2401795034722223
2025-10-25,41072.67058680556,13583405.15954119,1.2555111222569444,0.9025915486111111,1.1741324889583333,1.1283349375
2025-10-26,41584.108913194446,14228200.726439154,1.209652064548611,0.87979540625,1.1446749446180555,1.5086913680555556
2025-10-27,44344.46257986111,15267036.034330824,1.3894244678472223,0.9457991111111111,1.2687851263194443,1.179940079861111
2025-10-28,42576.21520486111,14509571.972502196,1.3429712995486112,0.875624125,1.2600267472569444,1.250200767361111
2025-10-29,41826.23408333333,14197184.738107182,1.2930502076041668,0.8022176527777778,1.188379931840278,1.1926003611111111
2025-10-30,42472.850256944446,13884917.266861279,1.461921923923611,0.8407655520833334,1.3329885912152777,1.4199279166666665
2025-10-31,43907.95634722222,14320055.043907743,1.4225823518055556,0.8832028611111111,1.3369587046527778,1.3749088229166668
2025-11-01,49446.77736111111,16979265.744832028,1.4379307659722222,0.9151251631944444,1.3615506113194444,1.4214786840277778
2025-11-02,51381.78725347223,17989019.157018512,1.606612239236111,0.8581672743055555,1.5655294903472223,1.500170076388889
2025-11-03,50052.07301736111,17213558.393325526,1.6804154596874998,0.9365230381944445,1.6585481422222221,1.2081834062499999
2025-11-04,50715.520399305555,17378052.77105345,1.5540107011458333,0.9821570798611111,1.5858548561458334,1.24220221875
2025-11-05,55161.84983680556,19475042.276516337,1.6066194705555557,0.8650222291666667,1.6207289883680556,1.221852625
2025-11-06,53675.702163194444,18846648.468496755,1.5881190832986112,0.9235777881944445,1.6389367665277779,1.1371052222222222
2025-11-07,49631.24208333334,18144444.00895741,1.597973412638889,0.8914717152777778,1.6997010808333333,1.23197509375
2025-11-08,45374.17948958333,16522599.059192829,1.7049581838194445,0.9105890069444444,1.7895743726736113,1.146059482638889
2025-11-09,64911.588465277775,27783987.682077125,1.2417846643055557,0.9164123124999999,1.292904164097222,1.1202273125
2025-11-10,62582.93544097223,25473375.983125422,1.5623781908680554,0.9148034583333333,1.5767775376388888,1.0464625555555556
2025-11-11,52583.48436458333,19925257.07587615,1.692631312673611,1.0239201631944443,1.6840780319097222,1.0148836631944445
2025-11-12,46184.86603472222,17634218.989653595,1.5142742410069445,1.2129539756944443,1.5256116600694445,1.0387546423611111
2025-11-13,45134.92789583333,17486789.728429094,1.6823391741666667,1.2229723750000001,1.7361776649652778,1.1177418541666666
2025-11-14,45751.90649652778,17900411.432117894,1.586839768090278,1.1738032430555556,1.6329415201388888,1.182690263888889
2025-11-15,50817.9528125,21362391.138147384,1.3641730190277779,1.1083945173611112,1.4656562062847223,1.13540621875
2025-11-16,57353.390677083335,23762218.312551014,1.575402384375,1.163890326388889,1.6602081577777779,1.1257911319444445
2025-11-17,53421.622597222224,21654560.54545369,1.6267355877430556,1.2111905520833333,1.7228775430208332,1.0917922152777777
2025-11-18,52242.34771527778,21262599.589422397,1.480974867951389,1.144149378472222,1.608162979861111,1.1248980625
2025-11-19,49918.93832291666,18745591.66327679,1.3847794034027778,1.0991181215277779,1.383776702013889,1.1612824548611111
2025-11-20,47866.19135763889,17241613.59264423,1.2205317212152778,1.0730880659722224,1.1532256268402776,1.1501799166666666
2025-11-21,48898.51360416666,16413850.164651977,1.1019951261111112,0.9668763888888888,0.9939889285416668,1.001550701388889
2025-11-22,42198.02222916667,14871287.07900211,1.0269449563194444,0.96668521875,0.9605321990972223,1.1721904652777777
2025-11-23,41933.60188541667,16377710.79247797,1.211344063715278,0.9196169722222223,1.2282578844097223,1.196169107638889
2025-11-24,40654.549798611115,15664867.537027031,1.2736169104166666,0.8948113124999999,1.2963618303125,1.1736086215277777
2025-11-25,39072.29165972222,15090421.997521529,1.1455692733333334,0.8826594444444444,1.178303888298611,1.1192836319444444
2025-11-26,41198.88543402778,16339062.833860202,1.1208595694791665,0.8857811875,1.1298475495138889,1.3133092465277778
2025-11-27,43443.71454861111,17277166.15670078,0.8686406773611111,0.9331113298611111,0.933396759861111,1.210510625
2025-11-28,45105.82502430556,18438797.894164905,0.9467755669097221,0.9287923506944443,1.0256423616319443,1.2851228541666666
2025-11-29,45965.62797916666,18936153.69291783,0.9632857872222222,0.9131595381944444,1.0437135441319443,1.1509188194444446
2025-11-30,47105.11046875,19585028.842894297,0.9499438592013889,0.9380722499999999,1.0114502914930557,1.2788730625
2025-12-01,49551.04496180555,20345251.37818496,1.0214716480902777,0.9280545347222221,1.0729902072222222,1.1713081597222221
2025-12-02,46161.90036458333,18329535.92946388,0.97873569375,0.9188347222222222,1.0319197063194445,1.173442545138889
2025-12-03,44196.599756944444,17929280.524036832,0.848121669861111,0.8709879375,0.8884659954166667,1.2400365034722223
2025-12-04,44634.31730902778,18066430.865656156,0.8497158555902778,0.8770133854166667,0.8644482485069445,1.1733268576388889
2025-12-05,44114.09067013889,17669278.26611636,0.7167556638194444,0.8763386805555555,0.7415267412847223,1.1471880902777778
2025-12-06,44185.923559027775,17387949.25338982,0.7610391034722223,0.8301350277777778,0.7528506415625,1.2494131597222222
2025-12-07,44418.31713888889,16862499.47785416,0.6962206427777777,0.8524780590277777,0.6818888165277778,1.2825398020833334
2025-12-08,44851.469375,16740310.66674111,0.6149365109722222,0.9102450277777778,0.5945413727083334,1.1973720138888888
2025-12-09,44156.6075625,16542839.033327388,0.6308736158333333,0.8821668923611111,0.5980986442013889,1.25690365625
2025-12-10,44679.21078819445,17774698.925684407,0.6799700620138889,0.7639881875,0.6519898750347222,1.1033162326388888
2025-12-11,48009.78567708333,19470367.12477015,0.9318485078125001,0.7302638611111111,0.9275821816319445,1.141213375
2025-12-12,53354.38909722222,21760177.158126738,1.0621004844791666,0.7544259479166667,1.061630630763889,1.2586059201388888
2025-12-13,54541.220368055554,22467494.774574883,0.9672684821875001,0.7615684965277778,0.9787758360416667,1.1581758854166668
2025-12-14,55525.7795,22911454.69783909,1.087162493298611,0.8024223611111112,1.0766660061458333,1.0968766631944444
2025-12-15,56625.58134375,23107063.8242778,1.102612534375,0.8226794375,1.0808841799652777,1.2094443020833332
2025-12-16,58595.83670486111,24552000.695738286,1.1186794366319444,0.8001437743055555,1.1142833705555555,1.0815981840277777
2025-12-17,59198.53279513889,25327470.239659045,1.0609749138194444,0.8162995034722222,1.0464239775694444,1.2008479236111111
2025-12-18,59175.85988888888,25271101.781524047,1.0965819409027777,0.8198929236111111,1.13013020625,1.285580607638889
2025-12-19,59829.798670138895,25798354.878711354,1.0930701256597224,0.7825960625,1.1634329234027776,1.2443830173611112
2025-12-20,64792.24786111111,29464437.20867815,1.0185528481944446,0.78192078125,1.085820296284722,1.1059075347222223
2025-12-21,64718.434347222224,30229225.11501636,1.004929949513889,0.8265931770833332,1.1287233305902777,1.1320906631944443
2025-12-22,64905.68657291666,30420473.156855993,1.0398201139236112,0.8204765520833334,1.183297942673611,1.1763975486111111
2025-12-23,66464.14134027778,29676774.609362133,1.1115438755555556,0.8139856423611112,1.2140599332291666,1.1612379791666667
2025-12-24,69273.90914930556,29957937.223133996,1.0907349317013888,0.8062645763888888,1.1720757681597223,1.3004382569444444
2025-12-25,66651.16325347223,29368897.548156023,1.0605554906597223,0.7945053506944445,1.1116126226041667,1.351185125
2025-12-26,63357.98317013889,28033690.401129093,1.0423506375347222,0.7925707430555556,1.1070628621875,1.2361150798611111
2025-12-27,61402.669583333336,27761203.640588164,1.0316213333333333,0.7851218888888889,1.1184904099305557,1.3298444270833334
2025-12-28,63867.42836458333,28876657.793126456,1.0757743048958333,0.8772841493055555,1.1544460836111112,1.2720474201388887
2025-12-29,63826.945555555554,28610215.80941501,1.0519651744444445,0.9294348125,1.1046581150347223,1.1889095833333334
2025-12-30,65632.03523611111,28538257.452647083,0.9266151382291667,0.8779656666666666,0.9361904662152778,1.3085090659722223
2025-12-31,64600.28236458333,28387482.226560906,0.8883633648611111,0.8869667326388888,0.9210548291319444,1.2631917881944446
2026-01-01,64571.561329861106,27438411.827198617,0.8825453805555555,0.8222651909722223,0.8799079535069444,1.3449927604166667
2026-01-02,64221.46535763888,26934100.24573158,0.7806201828472221,0.90849309375,0.7754165321527778,1.1650840625
2026-01-03,60563.68371180555,26038986.732768673,0.7064463446527778,0.946251,0.7188049878819445,1.1165791875000002
2026-01-04,60106.722125,25954314.964001887,0.7314888963194445,0.9555159583333334,0.7159776539930556,1.35133171875
2026-01-05,61663.18830555556,26403134.456027325,0.7175267701736111,0.9873787881944445,0.7027350840625001,1.2667666701388889
2026-01-06,60324.11457986112,26844322.499464992,0.6985705588541666,0.8518116041666667,0.7029971639583333,1.1998378229166666
2026-01-07,59816.02324305555,26574798.96921657,0.7790723400347223,0.81897075,0.7983219625694444,1.1749389583333334
2026-01-08,62230.51995833333,28115465.740441468,0.7359396435069444,0.8254135902777777,0.7627016038888889,1.2110763125000001
2026-01-09,67189.14902777778,30708128.849875346,0.9857732805902777,0.8246068020833334,1.0341698950347222,1.225155986111111
2026-01-10,64780.57732291667,29830786.332818396,1.0096913057638888,0.8128825590277777,1.0338012999305555,1.2133836319444444
2026-01-11,76909.69066319444,38526827.79781157,0.9065796361458334,0.8391593819444444,0.9531915381597221,1.1438934305555555
2026-01-12,106346.31060763888,62160889.32825789,0.6120787456597223,0.8580783368055556,0.6140868870486111,1.0944990104166665
2026-01-13,125653.77189930555,82922212.98154423,0.503893039375,0.8358039895833334,0.5167271684722222,1.0864662812499999
2026-01-14,133217.45995486111,95499116.53878176,0.4591836193055555,0.7953832395833333,0.47138248784722225,1.1541010069444446
2026-01-15,125346.26039583335,88699043.1285689,0.494896961875,0.8543000659722222,0.5402835311458333,1.0774872916666667
2026-01-16,125469.51983333332,85400473.49293685,0.5041787925,0.8930927534722222,0.5508261932291667,1.1082548715277778
2026-01-17,130450.18333333332,80975530.19268584,0.6466967139930556,0.9817633333333333,0.7115400558680556,1.1816218402777778
2026-01-18,134269.98228472224,78897602.92516273,0.7147666802083333,1.0000874166666667,0.798195832951389,1.1116594791666667
2026-01-19,124269.66909375001,77271631.90915601,0.6995068544097223,0.9319281944444445,0.8622500631944444,1.053314375
2026-01-20,121712.60072222223,68445464.50896014,0.8588115738194444,1.0370423402777778,0.9570806473958334,1.1234525555555555
2026-01-21,112319.58070833333,56971810.38329327,1.0019065606944446,0.8928266319444444,1.0527774544791668,1.079160767361111
2026-01-22,107432.91171875,55232868.21522255,0.9844755141319445,0.9900386284722222,1.0054147839583334,1.1664180868055556
2026-01-23,104209.40052083334,54086827.44081993,0.9768521321527778,0.9933058958333333,1.0288707835763888,1.2006653784722223
2026-01-24,104851.44861458334,53918181.62457648,0.9999731009375,1.0052680868055555,1.0579745358680557,1.2330512534722222
2026-01-25,110469.05320833334,52919575.44532434,1.0775575878819443,1.0553678159722222,1.109986895,1.1874815763888888
2026-01-26,113162.43375694443,52287328.841465175,0.9675155284722222,1.0380476423611111,1.0233846873611112,1.1903256354166667
2026-01-27,110488.96232986111,52012702.4614136,0.9631580886111111,1.0503017222222222,0.993443564375,1.0541434305555555
2026-01-28,103191.91281597222,48870152.49435752,1.0044914212847222,1.1992644270833333,0.9822142678472221,1.0980012152777778
2026-01-29,96850.76888541666,44941810.09934964,1.0579547872569444,1.1365224965277778,1.0208343674652778,1.182462753472222
2026-01-30,93884.59696875,42117928.12102644,1.0998077560069444,0.9146233020833334,1.0668312828819444,1.1158372395833334
2026-01-31,89017.96360069445,41855416.924286634,1.0807331491319445,0.8702677118055555,1.1123660717013888,1.1731210833333334
2026-02-01,85717.79580555556,37170614.34038715,1.1404694277777778,0.8918173125000001,1.125179863576389,1.10583375
2026-02-02,88338.62103472222,35327457.533576675,0.8533834179861111,0.828481142361111,0.8451698723611112,1.0984976458333333
2026-02-03,93123.34494444444,35204594.04905133,0.8107428978472222,0.79310403125,0.8070351378819445,1.1276821006944444
2026-02-04,91541.01304166667,35216346.23186963,0.7558120736111111,0.7384006701388889,0.7347092307291666,1.1628215
2026-02-05,95730.53707986111,32931565.91744874,0.8323211905902778,0.6954451840277778,0.7754129568402778,1.2465027638888888
2026-02-06,92333.54602777777,28633491.655394655,0.7220568407291666,0.610353798611111,0.7242365555902778,1.085506378472222
2026-02-07,84476.70386111112,27680452.64119819,0.6959828462500001,0.5677517986111111,0.6519325022569444,1.1115856736111112
2026-02-08,83882.56273611111,27257753.80693157,0.7147320954513889,0.5726881701388888,0.6685842565277778,1.163726027777778
2026-02-09,82970.44010416667,27191404.957937784,0.6929090814236111,0.5593093090277779,0.6398645532986111,1.1239334270833334
2026-02-10,81227.29026388889,27051518.55614212,0.7070798963194445,0.5956081111111111,0.6756042081597222,1.1358458368055555
2026-02-11,79403.79058680555,27326760.704004876,0.8123738816319445,0.6115943958333333,0.8036412295833333,1.0722300347222222
2026-02-12,75498.5293298611,25587739.3967565,0.9778289388888888,0.6677690659722222,0.9976346605208334,1.1799532222222222
2026-02-13,74971.08630555555,25714411.823635917,0.8573628212847222,0.6731486458333333,0.8268384656597223,1.1159759270833334
2026-02-14,77032.33968749999,27416480.84994187,0.8435699613541667,0.6685143124999999,0.7968714725347222,1.1926829236111112
2026-02-15,78301.71085416667,26915687.35068028,0.7847939996527777,0.6898884131944444,0.7123636089583333,1.1586791319444445
2026-02-16,78023.0388576389,25416513.15499702,0.7491427194791667,0.6637296041666666,0.6781722104513889,1.2091725312500001
2026-02-17,76592.51043055556,25528388.7509744,0.7041591674305556,0.6421388958333334,0.6381235628819444,1.1361504027777778
2026-02-18,74562.49131944444,25027675.150731232,0.7043730842361111,0.6328833576388889,0.6441151126388889,1.1357642604166667
2026-02-19,72259.11580208334,23822504.385521933,0.7212647089583333,0.6381194583333333,0.6637355439583333,1.1301266041666667
2026-02-20,70783.73410069445,23608259.480556943,0.8204025993402778,0.6478642881944444,0.7537002276041667,1.1200556041666667
2026-02-21,70150.0771388889,23108226.27187684,0.7944858553472223,0.6761443402777778,0.7136905723263889,1.2943771319444446
2026-02-22,71260.481,23009143.91569609,0.7638768076041667,0.6732070868055556,0.674606429826389,1.3743343819444445
2026-02-23,69300.94309722222,21790599.961673275,0.7979236112152778,0.6464414444444445,0.6968867328472222,1.1088553576388889
2026-02-24,69727.31940972221,22205640.14069952,0.7357599521527778,0.6152120277777777,0.6623845655555556,1.119443125
2026-02-25,68479.16170833334,23080484.859364312,0.908788900486111,0.6750554652777778,0.8586081811458333,1.2501116458333332
2026-02-26,68228.67320833333,23447477.090554543,0.8874051790624999,0.6570562638888888,0.8318344194444445,1.1737081284722222
2026-02-27,70171.97229166667,24081733.491049603,1.0147257634722222,0.6463199131944444,0.9787568872569445,1.173219451388889
2026-02-28,70742.21816666666,23716386.230853308,1.134575216736111,0.6360414861111111,1.1085661904166666,1.18684684375
2026-03-01,71721.43129513889,24625781.79655016,1.138896085625,0.6418413611111111,1.0901026554513888,1.2267235416666666
2026-03-02,73910.76754166668,25582175.52490466,1.1757704715972224,0.6648815694444444,1.1407662713888889,1.2255515833333335
2026-03-03,73595.0888125,25097405.823563367,1.2219264230902778,0.7080798020833333,1.1724414185069445,1.2999839131944446
2026-03-04,74813.5767048611,26156722.95857346,1.1495578601736112,0.6786538229166666,1.1087243102430557,1.1910646736111112
2026-03-05,73404.17093402777,26814298.740535155,1.149961323888889,0.660417361111111,1.1572673400347222,1.1792389930555556
2026-03-06,72799.46557638889,25838763.444745205,1.2296103778125,0.64105234375,1.2860303219444444,1.2649929166666667
2026-03-07,74799.48760416667,26153982.020485893,1.1627336017361112,0.6876782395833333,1.1860139761805555,1.246904923611111
2026-03-08,72600.30728125,24761177.426553544,1.1257654563888888,0.6772558958333333,1.1029800686805555,1.1734863576388888
2026-03-09,70068.45709722223,24103445.2374855,0.9354084736805556,0.6348400451388889,0.9018896421527778,1.2177533229166668
2026-03-10,68380.54960069444,23655228.902168076,0.8774623330902778,0.6491665347222222,0.8317534863194445,1.25538471875
2026-03-11,69213.40389930556,24441828.446968004,0.8733193591319445,0.6497236180555556,0.8332654304513889,1.349331579861111
2026-03-12,68504.0672986111,24181988.194325186,0.9739155804166667,0.661569,0.9476745888541667,1.2577937638888887
2026-03-13,70570.97727083333,25237409.785755977,0.9529461176041667,0.6924386423611111,0.9083129041319444,1.2768506493055556
2026-03-14,70781.13686458333,25484658.575270887,1.0188002977430555,0.6628495208333334,1.0011979403472222,1.5609811840277779
2026-03-15,70627.79231597221,25138010.191014953,1.0182476347916667,0.6998306944444445,0.9739061233680556,1.4222841458333333
2026-03-16,70923.75971180556,25962467.650969632,0.9602470155208334,0.7309410833333333,0.8855532208333333,1.3343589965277778
2026-03-17,71628.01839583334,26656703.682376966,1.127067026111111,0.7348309479166667,1.0525748590972224,1.1412915833333335
2026-03-18,70414.35729166666,25331991.338197567,1.0808439484374999,0.74561346875,1.0082515861458332,1.207395017361111
2026-03-19,68302.01685416666,23454016.4788142,0.7329000793055556,0.7089331736111111,0.6572234549652778,1.1950294722222223
2026-03-20,65925.53471527778,22630537.853582967,0.6849617552777778,0.7070014652777777,0.6173061340972222,1.3642319201388888
2026-03-21,64239.06536458333,22400105.88479214,0.7303644331597222,0.7397021875,0.6678720481944445,1.5712171805555557
2026-03-22,63728.73780902778,22268152.120528337,0.7576129844444445,0.6646616493055555,0.7130063774305556,1.3546690972222222
2026-03-23,64847.164079861104,23153512.967545584,1.0080820764930556,0.6882536840277778,0.9866595691666666,1.1987999791666666
2026-03-24,67252.38647569444,23236431.074070226,0.9395385022916667,0.7535300902777777,0.8624186303819444,1.2581698125
2026-03-25,65553.97000347223,22360186.05924686,0.7646435450694444,0.7821029826388889,0.6975378254166666,1.4219290972222223
2026-03-26,64328.02041319445,21436592.53756112,0.7459671204861111,0.8176425451388889,0.6661690352430556,1.3690610659722222
2026-03-27,61892.46414930556,20241718.32090167,0.7299226129861112,0.8078148020833333,0.6431775305555556,1.511125642361111
2026-03-28,61237.26600694444,20130244.103381533,0.7705279969444444,0.8121183611111111,0.6772326010763889,1.38135728125
2026-03-29,62504.51002083333,20492041.645118885,0.8083096442361111,0.8031783680555555,0.7269611906597222,1.3615067256944444
2026-03-30,61601.49475347222,20388272.783544578,0.8113736704513889,0.7719164756944444,0.7376374505902779,1.3187683784722222
2026-03-31,63086.60398958334,20681436.038025167,0.7944686338541667,0.7807741006944444,0.7139600692708333,1.308730263888889
2026-04-01,61887.687788194446,20768338.56263213,0.7870036555208333,0.7517463263888888,0.7006992855902777,1.1513441041666668
2026-04-02,62445.51293055555,20602900.225649323,0.9552185785416667,0.685875267361111,0.8531942739583332,1.2995575520833333
2026-04-03,64079.410843749996,20690804.645037487,0.9044656045486111,0.7072702673611111,0.7982004412152778,1.2429349895833335
2026-04-04,64784.98946527777,20624002.11724787,0.7612244756597222,0.7041182326388888,0.6832625435763888,1.2822796944444446
2026-04-05,63872.936121527775,20968907.95447976,0.7263377936805555,0.6442823333333334,0.6561184897222222,1.1575335347222222
2026-04-06,65269.260861111106,21483288.753578838,0.8609767555555555,0.6136390486111112,0.7786121803819444,1.2511060625000001
2026-04-07,65475.069559027776,21585271.804730915,0.8388315721527778,0.6139920972222223,0.7558387987847222,1.3039885520833332
2026-04-08,68909.40755208333,23176654.978492547,0.9684002697222223,0.6411194722222222,0.8420225156944444,1.2607600833333334
2026-04-09,70302.95645486111,23503696.58868836,0.8177773309375,0.6866344479166666,0.7406841042361111,1.241748454861111
2026-04-10,68072.23118402778,23511749.206011996,1.125150226111111,0.7177588020833334,1.0359902655208333,1.2639473090277777
2026-04-11,68629.8890625,23266751.71684204,1.3985084263541667,0.7321829166666667,1.2852900649652779,1.3861575381944444
2026-04-12,66244.45394444445,22483732.099272013,1.2623546569444446,0.7194732013888889,1.1220458721180555,1.4091730729166665
2026-04-13,65719.56093055556,22680764.871214427,1.337201525138889,0.7298349270833334,1.2580575031249999,1.5298992465277776
2026-04-14,68828.1375763889,24004133.863507785,1.3860689310069445,0.824166513888889,1.310741537638889,1.519954638888889
2026-04-15,69518.55692708334,23903801.559341468,1.3343738109722223,0.8415483125000001,1.1833805967708333,1.46546959375
2026-04-16,66836.80511805556,23002575.195212603,1.0950673003125,0.8085114861111111,0.9428901101041666,1.3239765
2026-04-17,66006.27655902778,22962076.43125929,0.9980035667361111,0.8321699513888888,0.853252018263889,1.3729126840277777
2026-04-18,65653.50365277778,22806355.768253874,1.0085466114930555,0.8632640833333334,0.8741780514930555,1.5085591354166668
2026-04-19,67683.05989930555,23716000.959611848,1.155170231076389,0.8497585104166666,1.0637952418055556,1.2765998229166666
2026-04-20,69665.95715972222,24551677.280145768,1.2847501276388889,0.83886846875,1.2351984882291667,1.1852999513888889
2026-04-21,73340.96878819444,27027951.760937944,1.3641346219791666,0.7699941701388888,1.3793542512847223,1.2196500902777778
2026-04-22,73373.61532291667,27903826.891413134,1.2304717743055555,0.7456212013888889,1.3414070319791667,1.182518642361111
2026-04-23,72233.07033333334,26917919.64404468,1.1087471161458333,0.7202003715277778,1.3041664321875,1.2564777118055557
2026-04-24,71537.94214930556,26852876.87817282,1.179353873298611,0.7337256736111111,1.375505060347222,1.2694540729166668
2026-04-25,70450.16035416667,26174647.81899251,1.3826395184375,0.7099532430555555,1.4677608038541665,1.5235543263888889
2026-04-26,70034.89954513888,27057820.90937643,1.3286363130208334,0.6752602048611112,1.427390155173611,1.3918714444444444
2026-04-27,71010.45180208333,27490478.49927719,1.2102811740972221,0.7178082916666667,1.3597610473263888,1.3897121597222222
2026-04-28,71885.24636805555,27288117.31158133,1.0819764028124998,0.7493637361111111,1.2734823142361111,1.3803655937500001
2026-04-29,71116.6108923611,26968876.36089885,1.2269862696180556,0.7362185694444444,1.3268450435069445,1.4931044166666667
2026-04-30,69327.33010763889,26214239.591532677,1.2170710213194444,0.7091786215277778,1.2797755586805557,1.402368361111111
2026-05-01,70535.25194791667,26856143.538226176,1.1909260430208333,0.7318760034722223,1.2473319792013888,1.390468857638889
2026-05-02,69362.00555902778,26687893.6081169,1.1037701311111112,0.7397683229166667,1.1309434285763889,1.5701173923611111
2026-05-03,68438.59526388888,26790647.610605508,1.2040866284722223,0.7630934861111112,1.2474777853819445,1.3409748298611113
2026-05-04,68843.539125,27306401.461272012,1.3570031006249998,0.76131059375,1.4201267949652778,1.2433546909722224
2026-05-05,71202.43865277777,29090346.563322153,1.3725202177777778,0.7628658402777778,1.4606667108333333,1.2486786493055557
2026-05-06,74949.45506944443,31235617.38715748,1.5132822626388889,0.8578362222222222,1.591192961909722,1.1932867430555556
2026-05-07,74915.65118055555,30720681.961244907,1.4033140163541666,0.9041392118055556,1.4154394489583333,1.1176143298611112
2026-05-08,73349.3155138889,29183051.440370873,1.214311313125,0.8584082777777778,1.1320104853472222,1.2886804131944443
2026-05-09,72136.59759375,29565479.65258036,1.0952835903819444,0.8273713923611111,1.005373177777778,1.1969275833333333
2026-05-10,71952.4316076389,29369181.220771685,1.1439966384375,0.8313719201388889,1.0579249077430555,1.2854883923611111
2026-05-11,69908.62889236111,28734424.08853381,1.057937022638889,0.8187055451388888,0.9720988361805555,1.2705356597222222
2026-05-12,72438.15709722223,29586088.201647807,1.0548506857638889,0.7815504861111111,0.9964229380902778,1.1763813090277777
2026-05-13,73470.75361111111,29873227.031181566,1.0202092896875,0.7831669618055556,0.960028917986111,1.2565681180555555
2026-05-14,79313.52973958333,31598219.37041896,0.935249233923611,0.66766278125,0.8603595514236111,1.326494732638889
2026-05-15,79686.20405208334,31010976.132767096,0.9454400994097222,0.6305625555555555,0.8624921981944444,1.251063704861111
2026-05-16,76561.9612013889,29263919.34304449,0.8428754123263889,0.6037635763888889,0.7842972045486111,1.332066597222222
2026-05-17,75743.09874305555,29630006.198289044,0.9004084298263889,0.5863077743055556,0.8700024129166667,1.3015176145833331
2026-05-18,77347.96503819445,29773989.361289237,1.0739971229861112,0.5748771562499999,1.0323781006944444,1.2593312083333332
2026-05-19,78684.51361111112,30722957.895397067,1.0881791334375002,0.5740567881944444,1.0153363009722223,1.3201702118055556
2026-05-20,81057.931125,32247502.65758054,1.4963199627430557,0.5869245798611111,1.5127726682291667,1.3212469861111111
2026-05-21,85187.69572569444,34130541.002638556,1.6476312077083335,0.5730792395833333,1.628544132534722,1.0062002673611112
2026-05-22,83586.330625,32121584.337123666,1.2532737559027778,0.5964500868055556,1.1154243114583333,1.1878701770833333
2026-05-23,81691.7114861111,30950605.61740823,0.9577228172222222,0.581217482638889,0.8428990754166666,1.3235946770833333
2026-05-24,79750.2075451389,31037991.48479305,0.9037870026736111,0.5851102569444444,0.7922069133333333,1.4255526250000001
2026-05-25,83532.3668888889,32654258.964317374,1.1886028901736112,0.5971673680555556,1.1004111065972222,1.3048100868055554
2026-05-26,82052.00369444444,31435499.85068764,1.0830866908680554,0.6051345729166667,0.9317959997222223,1.2129434895833333
2026-05-27,80268.63147569443,31417803.90294093,0.9503846730902777,0.5706269548611111,0.8171405502083333,1.3254527708333332
2026-05-28,82633.21041666667,30609976.348221652,1.255716561076389,0.5494518368055555,1.1631170759722222,1.1652334444444445
2026-05-29,79792.99450347222,29186833.08193706,0.90894777125,0.56415925,0.7783669723263889,1.2498016631944444
2026-05-30,82047.35731944445,31985914.07557215,1.1717506546527778,0.5173366666666667,1.1266116224652778,1.2201122152777777
2026-05-31,86718.44094791666,31756918.919824667,1.2751881610069444,0.5883651493055555,1.1595126871180554,1.2696972291666666
2026-06-01,84624.1908125,30428649.571343515,1.2148380379861112,0.5914921909722222,1.0555652759722223,1.2252572708333334
2026-06-02,87284.11475000001,29760541.667534605,1.1794307629861112,0.5959914652777778,0.9990884109722222,1.2476167256944446
2026-06-03,87355.11286111112,30137972.188433666,1.0770716414930555,0.5713685277777778,0.9007938428125001,1.165745125
2026-06-04,84709.58740972221,30140808.65335485,1.0414162905555555,0.5494053819444444,0.9102486194097222,1.1505041006944445
2026-06-05,88783.51036111111,29024081.09895548,1.2416413233333334,0.4972820590277778,1.0721642975694445,1.1036687291666667
2026-06-06,86903.56946180556,26206867.036048073,1.1233061126736112,0.48957019444444444,0.9590569419791666,1.1403812083333333
2026-06-07,86025.36730555556,26052128.706380382,1.0994808486805556,0.5192731875000001,0.9382317494097223,1.1407458506944446
2026-06-08,86211.82386111112,26914363.792719446,1.0750121703472222,0.5156832118055555,0.9039923716666666,1.1335043958333335
2026-06-09,86037.59043402778,27244573.94670749,1.1036403598263889,0.5254304375000001,0.9263326485069445,1.2099390763888889
2026-06-10,83248.55322222222,26467379.98208417,1.0461118896180557,0.5289930833333334,0.8889297182638889,1.322712920138889
2026-06-11,81268.9246423611,28708801.28792087,1.155511263576389,0.52115775,1.1098034293749999,1.20888721875
2026-06-12,87150.27933680556,32434868.600921664,1.8248158147569444,0.6208927465277778,1.7822741525,1.0354186631944444
2026-06-13,85404.3962951389,29329712.260858905,2.0337875565625,0.6176163854166666,1.8939636702083336,1.0584831006944446
2026-06-14,84547.25109027777,28741020.0621108,1.8375737144097224,0.5919092951388889,1.6478667379513887,1.2287399374999999
2026-06-15,86022.82779166667,29746025.99560062,1.6308232206944444,0.5820152118055556,1.3971951970138887,1.111851857638889
2026-06-16,84637.32883680555,29285466.050532024,1.6337973365625,0.5746513784722223,1.3984458554166668,1.0656297986111112
2026-06-17,84538.92561805557,28938494.609246224,1.4651796094444445,0.5547269409722222,1.2548323259027778,1.055738638888889
2026-06-18,85862.96909027778,28248029.520034537,1.2771603112152778,0.5485856909722222,1.0638893284375,1.1621087395833334
2026-06-19,88169.20085416667,28136985.524553522,1.1375447448611111,0.5573802534722222,0.9512574453472222,1.1789795173611113
2026-06-20,92347.45996180555,29118796.601903442,1.0944453301388888,0.5638049895833332,0.9155881992708333,1.1887647291666665
2026-06-21,91227.10048263888,29112346.226941552,1.1179741189236112,0.5510425486111111,0.8975260910069444,1.3167798194444444
2026-06-22,87953.05947916667,28683859.58753185,1.1072435592708334,0.5292510625,0.8882639826041667,1.1929452638888889
2026-06-23,87725.2230173611,28146195.184092708,1.2700826172569444,0.5052575972222222,1.0137105984722221,1.2416039722222223
2026-06-24,90964.47473958334,29104732.903961398,1.3623694830902777,0.5063615694444444,1.0804377961111111,1.0798205243055556
2026-06-25,90386.21447569445,28094291.20696034,1.2497128311805554,0.4927796145833333,1.0110886402430554,1.15621575
2026-06-26,89531.04619444445,28039868.500379935,1.1118908045138889,0.47622640972222224,0.9036768747222221,1.1529565833333333
2026-06-27,89809.498,28824358.3831,1.1294896,0.463013,0.905,0.87024
